timestamp,tx,ty,tz,rx,ry,rz,Distance,Angle X,Angle Y,Angle Z
16:18:02:053,err,err,err,err,err,err,err,err,err,err
16:18:02:267,-92.66669532390183,-53.12556888324042,373.1206108172151,-0.2608287862359535,-0.05699575311017077,0.08579301769474015,388.1087897845557,-15,-3,5
16:18:02:418,-93.42781631597728,-53.5119862997212,375.656149966527,-0.2814807118135835,-0.09716733282614291,0.08796628770162657,390.78105448829956,-16,-5,6
16:18:02:584,-93.05737351440273,-53.35401403782516,375.27321654877943,-0.2851502800803554,-0.057948717547162215,0.08254216266322709,390.3028473355205,-16,-3,5
16:18:02:737,-93.24161932318741,-53.43471456974328,375.58268275257757,-0.257712704268163,-0.07837049369045046,0.08396309414988977,390.65537226407554,-15,-4,5
16:18:02:900,err,err,err,err,err,err,err,err,err,err
16:18:03:008,-93.10697705213268,-53.32381193539152,375.0732985400225,-0.2858149975297781,-0.07542298002958124,0.088752171676749,390.1183376525643,-17,-4,6
16:18:03:134,err,err,err,err,err,err,err,err,err,err
16:18:03:253,-93.9378463298571,-53.79316653597118,378.40381005736646,-0.25325539710178185,-0.09435148046768381,0.0884021034818495,393.5828593892143,-15,-5,6
16:18:03:379,err,err,err,err,err,err,err,err,err,err
16:18:03:503,-93.33237495582358,-53.472038735034126,376.10400923911413,-0.2532575172391612,-0.07412618349315318,0.09020379846613463,391.1833545884987,-15,-4,6
16:18:03:623,-92.51550903112562,-52.97274382515013,372.82838010244006,-0.3000207054322474,-0.06706969275002773,0.08451110524466501,387.770849870723,-17,-3,5
16:18:03:750,err,err,err,err,err,err,err,err,err,err
16:18:03:867,err,err,err,err,err,err,err,err,err,err
16:18:03:994,err,err,err,err,err,err,err,err,err,err
16:18:04:119,-93.27084447326948,-53.359029959306305,375.55467227050644,-0.2457207337807101,-0.08137191252825719,0.08630247343708942,390.625073915081,-14,-4,5
16:18:04:244,err,err,err,err,err,err,err,err,err,err
16:18:04:366,-93.45589974081905,-53.57899411069711,376.6174085402203,-0.26287857112680146,-0.07048498771203811,0.09376887500416858,391.72105664851784,-15,-3,6
16:18:04:485,-92.78962619485804,-53.106747019125606,373.77001265022795,-0.28210172916853127,-0.055216904864927224,0.08615290195422247,388.7599049090408,-16,-2,5
16:18:04:612,-92.96762087901425,-53.24610284281762,374.5002424908321,-0.26417664815811404,-0.06794582997424273,0.09148226741841704,389.5235007358915,-15,-3,6
16:18:04:733,-87.4883956216699,-47.75437602221969,346.8480428144973,0.934980086583653,-0.21979783804846298,0.06942974860879268,360.8853898427765,54,-13,-2
16:18:04:881,-87.64767478368593,-47.854374255321815,347.57680025837476,0.9318008157936312,-0.19496447493854893,0.07645767623181715,361.63764752609114,54,-12,-1
16:18:05:021,-93.60202552194065,-53.52754205175951,377.0227748133946,-0.26314171910038253,-0.07061333154694802,0.08315519335289649,392.1386357755438,-15,-3,5
16:18:05:160,err,err,err,err,err,err,err,err,err,err
16:18:05:268,-87.19362143841349,-47.65570912377912,345.9195096510938,0.9438648214576706,-0.20424720839751162,0.07293594505419855,359.90846251357965,54,-12,-2
16:18:05:385,err,err,err,err,err,err,err,err,err,err
16:18:05:506,err,err,err,err,err,err,err,err,err,err
16:18:05:638,-92.96890652338911,-53.193004163176376,374.6112040050427,-0.23667591759142134,-0.0538903367288321,0.0903665404802674,389.62323780566027,-14,-2,5
16:18:05:755,-93.09806383941545,-53.20327541636308,374.7002566926515,-0.2521062765966652,-0.06556554967002538,0.08422487743405878,389.7410940242461,-15,-3,5
16:18:05:879,-93.19914992896081,-53.46784234381926,375.557212184496,-0.25805615441141205,-0.06329877154455855,0.08755426841454338,390.6252825102018,-15,-3,5
16:18:06:002,-92.79309761070067,-53.18706519656652,374.0716209620237,-0.2665229054220379,-0.058127207601300156,0.0888380112989227,389.061692379973,-15,-3,5
16:18:06:125,-93.33459205213076,-53.41857659291811,376.22203915263765,-0.24022272264613986,-0.04770011303730737,0.08977913719962152,391.2900626682461,-14,-2,5
16:18:06:250,-93.16543217693686,-53.281518724394886,375.2733640979066,-0.2756711128917517,-0.07554615903459519,0.08082965758227643,390.31886425287394,-16,-4,5
16:18:06:370,-92.81952352932646,-53.158511245025444,373.85784397280537,-0.2550777817908953,-0.03042569581754026,0.08836287032059863,388.85855881797585,-15,-1,5
16:18:06:495,-92.62415171228095,-53.067985993830035,372.98230054100856,-0.27382811634845183,-0.0743067470315172,0.08917941858709229,387.957782670646,-16,-4,6
16:18:06:616,err,err,err,err,err,err,err,err,err,err
16:18:06:739,-93.19434551357679,-53.39255285231128,375.53596138417197,-0.25807155553335,-0.06483936982373782,0.08739238610420626,390.5934062788632,-15,-3,5
16:18:06:864,-93.06816907801331,-53.263689292656466,374.86826539242935,-0.24941434570812493,-0.06670560662773413,0.08423365925469417,389.90373310719554,-14,-3,5
16:18:07:026,err,err,err,err,err,err,err,err,err,err
16:18:07:150,err,err,err,err,err,err,err,err,err,err
16:18:07:270,err,err,err,err,err,err,err,err,err,err
16:18:07:396,-93.19434551357679,-53.39255285231128,375.53596138417197,-0.25807155553335,-0.06483936982373782,0.08739238610420626,390.5934062788632,-15,-3,5
16:18:07:754,err,err,err,err,err,err,err,err,err,err
16:18:07:863,-93.35205749037397,-53.439503693331936,375.8952381132491,-0.2823728307215338,-0.07105409418284843,0.08462974851135029,390.9828861074254,-16,-3,5
16:18:08:059,-93.2215983994372,-53.45848644717549,375.5022005068925,-0.2713704727018797,-0.07442159235424452,0.08141608655787959,390.5764698069858,-16,-4,5
16:18:08:226,err,err,err,err,err,err,err,err,err,err
16:18:08:356,err,err,err,err,err,err,err,err,err,err
16:18:08:474,err,err,err,err,err,err,err,err,err,err
16:18:08:591,-92.31629061235773,-52.80417072048083,371.8545162546404,-0.26971715032755983,-0.07669396459674668,0.08019490012981222,386.7639580116994,-16,-4,5
16:18:08:709,err,err,err,err,err,err,err,err,err,err
16:18:08:829,-92.87988540289177,-53.27091083163634,374.4341430529482,-0.2898705358367654,-0.07645350490593057,0.0827755077689726,389.4424097823478,-17,-4,5
16:18:08:955,-93.2456665194972,-53.35948322908015,375.30917061087274,-0.26066040903401416,-0.07479409925830431,0.0841341473221664,390.3830968673733,-15,-4,5
16:18:09:119,-93.33643804141137,-53.40052530659651,376.11783457205314,-0.2669046529075162,-0.07291536680274399,0.08743652327357608,391.1878477821736,-15,-3,6
16:18:09:240,err,err,err,err,err,err,err,err,err,err
16:18:09:379,err,err,err,err,err,err,err,err,err,err
16:18:09:483,err,err,err,err,err,err,err,err,err,err
16:18:09:612,-87.87359817364877,-47.991094926864,348.3268698221519,0.9313606779951944,-0.19495801649913783,0.07099118144588003,362.43140411443585,54,-11,-1
16:18:09:778,err,err,err,err,err,err,err,err,err,err
16:18:09:895,err,err,err,err,err,err,err,err,err,err
16:18:10:021,-93.51709551901408,-53.62868664010198,376.71798121087113,-0.2623122080854696,-0.0974357569088018,0.086556353339043,391.8391513780226,-15,-5,6
16:18:10:144,-93.2456665194972,-53.35948322908015,375.30917061087274,-0.26066040903401416,-0.07479409925830431,0.0841341473221664,390.3830968673733,-15,-4,5
16:18:10:268,-93.00846774532378,-53.32224886040093,374.77624539330543,-0.263310075948577,-0.05362271075900533,0.08469884395744653,389.8090191452303,-15,-2,5
16:18:10:391,err,err,err,err,err,err,err,err,err,err
16:18:10:553,-93.78338469339293,-53.70437905441885,377.76829979607965,-0.2580534704140884,-0.08210360419274944,0.08582371355981583,392.92285744785875,-15,-4,5
16:18:10:674,-87.2535110433558,-47.61568543387652,345.895952777664,0.9501267092648703,-0.20759284349021653,0.07190373146002085,359.89503863862706,55,-12,-2
16:18:10:799,-93.37301155543486,-53.51049370262902,376.12417065912945,-0.2531208218411576,-0.08796111173727654,0.08672124998263941,391.2176938448061,-15,-4,6
16:18:10:921,err,err,err,err,err,err,err,err,err,err
16:18:11:067,-87.64767478368593,-47.854374255321815,347.57680025837476,0.9318008157936312,-0.19496447493854893,0.07645767623181715,361.63764752609114,54,-12,-1
16:18:11:210,err,err,err,err,err,err,err,err,err,err
16:18:11:330,err,err,err,err,err,err,err,err,err,err
16:18:11:458,err,err,err,err,err,err,err,err,err,err
16:18:11:579,err,err,err,err,err,err,err,err,err,err
16:18:11:701,err,err,err,err,err,err,err,err,err,err
16:18:11:823,-87.69408207422775,-47.887268728536526,347.8065753402709,0.9314415495581299,-0.21966694506619955,0.07438150909073457,361.8740891346713,54,-13,-2
16:18:11:966,-93.19914992896081,-53.46784234381926,375.557212184496,-0.25805615441141205,-0.06329877154455855,0.08755426841454338,390.6252825102018,-15,-3,5
16:18:12:115,-93.24233949950799,-53.43391036179928,375.58453146533554,-0.27130199464015575,-0.07489075970500407,0.08141336175964481,390.6572115396437,-16,-4,5
16:18:12:241,-87.7374460127745,-47.89719077314563,347.7138470573396,0.9512856780080448,-0.21621049734371975,0.07799173432473445,361.7967934520959,55,-13,-2
16:18:12:359,err,err,err,err,err,err,err,err,err,err
16:18:12:562,-92.89987700417016,-53.24863728223341,374.51403857052566,-0.26380239374171227,-0.07904655238356041,0.08825158751305598,389.5209488669512,-15,-4,6
16:18:12:684,err,err,err,err,err,err,err,err,err,err
16:18:12:813,-92.9814006903387,-53.25314322269131,374.55723000401616,-0.27633317788958284,-0.05370552039157857,0.09267132193862825,389.5825415566196,-16,-2,6
16:18:12:933,err,err,err,err,err,err,err,err,err,err
16:18:13:057,-93.36079435125386,-53.52335769517977,376.2201712201706,-0.2665145416828188,-0.07441821747867634,0.08732414022926518,391.3088357982704,-15,-4,6
16:18:13:183,-93.2161388635247,-53.368557356161986,375.62257282948985,-0.2579590340979106,-0.06533826941467685,0.08739302862303251,390.6786002303521,-15,-3,5
16:18:13:299,-93.66194232405955,-53.57813580341187,377.1192575454461,-0.2488035975479774,-0.07183515355803517,0.08588683592442922,392.2526105556377,-14,-3,5
16:18:13:428,-93.02091327667534,-53.21674064246416,374.5362094854356,-0.2527505906124952,-0.05341219246107423,0.08742495667154904,389.56679017487124,-15,-2,5
16:18:13:546,-93.24370630438688,-53.360715590009335,375.5558522960825,-0.2466759936936138,-0.05071672122573088,0.08330041184541309,390.619959714674,-14,-2,5
16:18:13:668,-87.11706027006367,-47.561425701175615,345.24322233843236,0.9453829578933325,-0.2110581538550841,0.07532704006235395,359.2274404544433,55,-12,-2
16:18:13:795,-92.82365119334325,-53.12713127950315,373.9068288521843,-0.2690728770296086,-0.05709854695724084,0.08883613913356893,388.9023514471848,-16,-3,5
16:18:13:916,-93.04800492067369,-53.23667964098169,374.9311692264127,-0.24976148107278204,-0.06768955960259485,0.08429621092529264,389.95571150631855,-14,-3,5
16:18:14:043,err,err,err,err,err,err,err,err,err,err
16:18:14:162,err,err,err,err,err,err,err,err,err,err
16:18:14:329,-92.80091565806366,-53.05585230826912,373.6359063355336,-0.2452951784804286,-0.0415575542889505,0.08757787461898432,388.6267153893406,-14,-2,5
16:18:14:447,err,err,err,err,err,err,err,err,err,err
16:18:14:571,-93.38190404120715,-53.4989172436425,376.30402348759304,-0.2664299749927624,-0.07490134228885847,0.08732347787552854,391.391149927479,-15,-4,6
16:18:14:705,-92.94720179938719,-53.16100001607747,374.4148363205993,-0.2776353970462596,-0.06456879247491785,0.08893619200401923,389.4248886525187,-16,-3,6
16:18:14:820,-93.3598351575592,-53.487585707117866,376.21560026993814,-0.25293635149112625,-0.07661946086159449,0.09003177733012252,391.29932089372807,-15,-4,6
16:18:14:987,err,err,err,err,err,err,err,err,err,err
16:18:15:103,err,err,err,err,err,err,err,err,err,err
16:18:15:270,-93.03987133256089,-53.304707444991735,374.9003836495311,-0.24978004176136168,-0.05395613754429479,0.08760517479289934,389.9334650346662,-14,-2,5
16:18:15:393,-87.20043455459661,-47.6575129698385,345.9369689494621,0.9428745142828266,-0.19205774109618992,0.07917774149199762,359.92713264620926,54,-11,-1
16:18:15:515,-92.94625623144302,-53.2702284634952,374.41538215741565,-0.26427039951728076,-0.06745306996858838,0.09148243522660537,389.4401137326221,-15,-3,6
16:18:15:640,-93.03016723296508,-53.29828206877305,374.86247610866593,-0.26321848837745826,-0.05411024277082021,0.08469606199278411,389.89382513858317,-15,-2,5
16:18:15:794,err,err,err,err,err,err,err,err,err,err
16:18:15:925,err,err,err,err,err,err,err,err,err,err
16:18:16:049,-93.05046086560884,-53.28687944820653,374.54541279875207,-0.2757190925362578,-0.06391199309205162,0.08938735237998818,389.5922817988281,-16,-3,6
16:18:16:171,err,err,err,err,err,err,err,err,err,err
16:18:16:295,-93.38190404120715,-53.4989172436425,376.30402348759304,-0.2664299749927624,-0.07490134228885847,0.08732347787552854,391.391149927479,-15,-4,6
16:18:16:461,-92.7680315155276,-53.208705287416265,373.9706666088747,-0.2685158225774307,-0.06649635027751974,0.08580557526064757,388.9616092540691,-16,-3,5
16:18:16:581,err,err,err,err,err,err,err,err,err,err
16:18:16:706,-87.43551369680723,-47.68440402297267,346.5922710912189,0.9355705461990107,-0.19539937856062536,0.07162221776898062,360.61748962386673,54,-11,-1
16:18:16:827,-87.63209197822287,-47.879885386293346,347.5206631415808,0.9335207857164457,-0.20100770547388924,0.07326415955366194,361.58329369517116,54,-12,-1
16:18:16:953,-93.34633842013241,-53.47503892764792,375.87413921832615,-0.2558837903526689,-0.074450942627296,0.09001828079675188,390.9660947165073,-15,-4,6
16:18:17:077,-93.91637523780854,-53.81760925283339,378.31853352361406,-0.2533868318914825,-0.09384399433829453,0.08839637214902224,393.4990894664909,-15,-5,6
16:18:17:196,-92.57856465887791,-53.0253301136746,372.93943522219627,-0.28694801978259343,-0.06851290643674268,0.08705261083118998,387.8998564214905,-17,-3,5
16:18:17:319,err,err,err,err,err,err,err,err,err,err
16:18:17:443,err,err,err,err,err,err,err,err,err,err
16:18:17:563,-93.65801748745494,-53.57574078164722,377.10358074696376,-0.249210060743304,-0.08424026910109611,0.08265171567522187,392.2362742686664,-14,-4,5
16:18:17:690,-93.84847490930892,-53.678534389852466,377.5965598821549,-0.27063022612439636,-0.055148847778903776,0.09016378263624679,392.7697586778844,-16,-2,6
16:18:17:813,err,err,err,err,err,err,err,err,err,err
16:18:18:054,err,err,err,err,err,err,err,err,err,err
16:18:18:180,-93.38190404120715,-53.4989172436425,376.30402348759304,-0.2664299749927624,-0.07490134228885847,0.08732347787552854,391.391149927479,-15,-4,6
16:18:18:305,-93.21814343233665,-53.458715573150386,375.4882904461302,-0.24421859532186146,-0.07642044002456276,0.08704275753871844,390.56230334974737,-14,-4,5
16:18:18:426,-93.40309238314148,-53.44987002234709,375.9558409149876,-0.25584032370618476,-0.086745489751907,0.08671832390362492,391.0547539542704,-15,-4,6
16:18:18:552,-93.33797858346661,-53.5115938399119,376.12872898268967,-0.2530691828254229,-0.07610787384593651,0.09002784874931398,391.2138669416883,-15,-4,6
16:18:18:673,err,err,err,err,err,err,err,err,err,err
16:18:18:793,-92.61993150779735,-53.011707869857155,373.0739551588569,-0.26133254832889014,-0.04701578610345606,0.0888291327485582,388.0372004095238,-15,-2,5
16:18:18:926,-87.67193154534253,-47.883008121972665,347.54554239794237,0.9334565508986367,-0.20052722751228289,0.07317443789663224,361.6172757051025,54,-12,-1
16:18:19:041,-93.73971533134487,-53.71730218726523,377.5943521789551,-0.24440799224658064,-0.08346848961579846,0.0885608791198784,392.746963810192,-14,-4,6
16:18:19:166,-93.13695692926689,-53.45403957289483,375.45181035008176,-0.24606278482626842,-0.07874125127080088,0.08643146009632992,390.5072201481792,-14,-4,5
16:18:19:290,err,err,err,err,err,err,err,err,err,err
16:18:19:411,err,err,err,err,err,err,err,err,err,err
16:18:19:534,err,err,err,err,err,err,err,err,err,err
16:18:19:659,-92.54371568676913,-53.082360657857876,373.05387837187936,-0.2471572542535144,-0.05748728534182377,0.08856722420522753,388.0093716579864,-14,-3,5
16:18:19:780,-93.19434551357679,-53.39255285231128,375.53596138417197,-0.25807155553335,-0.06483936982373782,0.08739238610420626,390.5934062788632,-15,-3,5
16:18:19:901,-86.69182987907807,-47.3449711229768,343.6824837024662,0.9486805590748979,-0.19904221615381068,0.08206539717340805,357.5956784726494,55,-12,-1
16:18:20:025,-87.49021128028366,-47.79737864576066,346.6858308523048,0.9361374919795838,-0.20179810214804172,0.06835742503406261,360.7356258938501,54,-12,-2
16:18:20:151,-92.95638415786176,-53.310965908756316,374.457501028046,-0.2773041606039731,-0.06615274571586258,0.08880466104424814,389.4885987009089,-16,-3,6
16:18:20:272,err,err,err,err,err,err,err,err,err,err
16:18:20:394,-93.51709551901408,-53.62868664010198,376.71798121087113,-0.2623122080854696,-0.0974357569088018,0.086556353339043,391.8391513780226,-15,-5,6
16:18:20:517,err,err,err,err,err,err,err,err,err,err
16:18:20:640,-93.38190404120715,-53.4989172436425,376.30402348759304,-0.2664299749927624,-0.07490134228885847,0.08732347787552854,391.391149927479,-15,-4,6
16:18:20:763,-93.20023889144028,-53.32216146238259,375.55736013947535,-0.27143955186927005,-0.06375421092914405,0.08464623354969167,390.6057708065429,-16,-3,5
16:18:20:890,err,err,err,err,err,err,err,err,err,err
16:18:21:014,-93.30522472785073,-53.457657262709574,375.99494650174637,-0.2395173091969595,-0.07564114883638995,0.09294960609765614,391.07005239008413,-14,-4,6
16:18:21:137,-93.44152967538342,-53.48756917496038,376.2209604390775,-0.2677199468335471,-0.058428775434589686,0.08042606226023691,391.323971407354,-15,-3,5
16:18:21:259,-87.63602999212019,-47.84493505846492,347.5330836224692,0.9392225053861201,-0.19799149934507593,0.07552744836274469,361.59155932580984,54,-12,-1
16:18:21:379,-93.4163954608551,-53.45967876018061,376.2635826005095,-0.24108042080178377,-0.06169768943048146,0.08603783930905955,391.3551376760129,-14,-3,5
16:18:21:499,-93.3598351575592,-53.487585707117866,376.21560026993814,-0.25293635149112625,-0.07661946086159449,0.09003177733012252,391.29932089372807,-15,-4,6
16:18:21:624,-92.87345116752007,-53.191060350603756,374.10701664586963,-0.26774036049023275,-0.07186106730411215,0.08508013494456894,389.1154414009553,-16,-3,5
16:18:21:743,-92.97502964182661,-53.30434070628182,374.6412572307539,-0.25021295911676067,-0.054623019786224816,0.08740448489282333,389.66880872667986,-14,-2,5
16:18:21:869,-92.95638415786176,-53.310965908756316,374.457501028046,-0.2773041606039731,-0.06615274571586258,0.08880466104424814,389.4885987009089,-16,-3,6
16:18:22:090,-92.92674635421143,-53.12460031407448,374.14284473357134,-0.26946040514076736,-0.05683400232202329,0.07826349901489939,389.15353218471415,-16,-3,5
16:18:22:210,-87.88405947635471,-47.93507781296019,348.40237914290475,0.930131096627152,-0.20719669104586175,0.0752674442523286,362.4990998435918,54,-12,-1
16:18:22:376,-92.83544048677518,-53.076410477888984,373.81060037757425,-0.2809512144572297,-0.04281814911575974,0.0898660208767327,388.8057218126213,-16,-2,5
16:18:22:504,-87.5011823038694,-47.75545059728406,346.8869710520951,0.9406457669656432,-0.2044180642677794,0.07796761646040562,360.92604595958665,54,-12,-1
16:18:22:616,err,err,err,err,err,err,err,err,err,err
16:18:22:737,err,err,err,err,err,err,err,err,err,err
16:18:22:862,-93.23678149829868,-53.395648945746046,375.5611006431734,-0.2579031107307568,-0.0764369405872419,0.08413589574091372,390.6281263130071,-15,-4,5
16:18:22:979,err,err,err,err,err,err,err,err,err,err
16:18:23:103,err,err,err,err,err,err,err,err,err,err
16:18:23:223,err,err,err,err,err,err,err,err,err,err
16:18:23:344,-93.15741179569875,-53.444279429901144,375.38994000402244,-0.25826304741916456,-0.06451278679277539,0.08736307235597342,390.45127920456133,-15,-3,5
16:18:23:471,-93.00875160128336,-53.26527257957355,374.6328564365877,-0.26714735452417354,-0.06602319904985056,0.08091994157920947,389.66343715986807,-15,-3,5
16:18:23:590,err,err,err,err,err,err,err,err,err,err
16:18:23:714,-92.51263520030118,-53.00213108719297,372.52131233699646,-0.2908082682485828,-0.06357969117560541,0.0838253006579095,387.47895648249863,-17,-3,5
16:18:23:878,-93.41490595302425,-53.418484295492775,376.00331300559463,-0.28074771827086964,-0.058427857782967885,0.0884385231215284,391.098926756164,-16,-3,5
16:18:24:002,-92.73766868290771,-53.16561066031889,373.4054592195861,-0.25908745944565675,-0.06058110704374132,0.08519845857959227,388.405064751498,-15,-3,5
16:18:24:121,err,err,err,err,err,err,err,err,err,err
16:18:24:249,-92.45014966647278,-52.9152855408806,372.3770868680436,-0.25366677086083506,-0.03626995698287252,0.0889536543448218,387.31350666037537,-15,-1,5
16:18:24:374,-93.00533915502913,-53.24417361423551,374.4750843460899,-0.2528495726396634,-0.05355009946756744,0.08739511971439885,389.50805374371396,-15,-2,5
16:18:24:493,-93.02319161510985,-53.31032464855157,374.69188139032093,-0.2624373052912149,-0.04026337358876191,0.08842023437611041,389.7297921281022,-15,-2,5
16:18:24:619,-92.97934521503855,-53.37917753763157,374.6604871362727,-0.2501597904711143,-0.05307295968522669,0.08757149713610499,389.69857050340903,-14,-2,5
16:18:24:739,-87.78194326111768,-47.90433910748473,347.75022101753797,0.944711630493535,-0.20675932943053518,0.0820133458204699,361.843490318355,54,-12,-1
16:18:24:862,-92.91800059040268,-53.2389077828945,374.4459979055719,-0.26446148215069387,-0.05654853422025404,0.09470385396520682,389.458523443939,-15,-2,6
16:18:24:987,-93.5165615646238,-53.61296356464564,376.8607331276038,-0.2617653705245858,-0.08624722240268473,0.08991619282898704,391.97411817941384,-15,-4,6
16:18:25:108,-92.94673140186688,-53.27005095181052,374.41997011032385,-0.27634866097431854,-0.04191159870665631,0.09578307602544087,389.4446138080678,-16,-2,6
16:18:25:237,err,err,err,err,err,err,err,err,err,err
16:18:25:353,err,err,err,err,err,err,err,err,err,err
16:18:25:478,-92.79448850757134,-53.217877660842916,373.7933969594737,-0.28197730238057156,-0.055105127462719915,0.08617919349555188,388.7987438387744,-16,-2,5
16:18:25:604,err,err,err,err,err,err,err,err,err,err
16:18:25:724,err,err,err,err,err,err,err,err,err,err
16:18:25:874,-87.64292567974286,-47.88151650997788,347.55679930473207,0.9384395284159096,-0.1918585158144066,0.0786467495174736,361.6208660848403,54,-11,-1
16:18:26:012,-92.9018560725362,-53.16831156297049,374.1862507160654,-0.2547411600561923,-0.05581357914924776,0.08153574958180351,389.1952908773762,-15,-3,5
16:18:26:133,-93.01307229592047,-53.25337060600682,374.79175806196326,-0.24996873144124926,-0.05499336377119888,0.08743698106067836,389.8156166830724,-14,-2,5
16:18:26:301,err,err,err,err,err,err,err,err,err,err
16:18:26:419,err,err,err,err,err,err,err,err,err,err
16:18:26:547,-93.36079435125386,-53.52335769517977,376.2201712201706,-0.2665145416828188,-0.07441821747867634,0.08732414022926518,391.3088357982704,-15,-4,6
16:18:26:669,-87.88061881964819,-47.92794574664365,348.35274697889565,0.9304431628033465,-0.1950950785387482,0.07106953806393158,362.4496206031398,54,-11,-1
16:18:26:790,err,err,err,err,err,err,err,err,err,err
16:18:26:914,err,err,err,err,err,err,err,err,err,err
16:18:27:032,err,err,err,err,err,err,err,err,err,err
16:18:27:161,-92.99173084432161,-53.149312520571584,374.55729338630215,-0.23592732373306677,-0.04027215470572291,0.09409053364306856,389.5708888709532,-14,-2,6
16:18:27:286,-92.85872297468264,-53.21892000438937,374.0492807449248,-0.26779365089184876,-0.07204388362162609,0.0850549144486587,389.0602270917936,-16,-3,5
16:18:27:405,-92.96762087901425,-53.24610284281762,374.5002424908321,-0.26417664815811404,-0.06794582997424273,0.09148226741841704,389.5235007358915,-15,-3,6
16:18:27:528,-92.82064347612165,-53.1801739089736,374.00417138919425,-0.2421481927387263,-0.043347758446231524,0.08762435021490286,389.0024716744455,-14,-2,5
16:18:27:650,-93.41127483643643,-53.49454442292896,376.27611856902655,-0.266634018295499,-0.08635313874084152,0.08401803783863104,391.3707321133724,-15,-4,5
16:18:27:781,-93.25825231949653,-53.37146431553784,375.6463773636303,-0.2577868537541614,-0.07693137153008926,0.08413792479126436,390.71193436506456,-15,-4,5
16:18:27:907,-93.94874743440859,-53.944784259223496,378.45228684468003,-0.26461272808477365,-0.0812593850240962,0.08897185936939066,393.652816973582,-15,-4,6
16:18:28:022,-93.3664262442505,-53.467896234720804,376.0947722313624,-0.2802028296571304,-0.08371443601143862,0.08130349497305853,391.18203330054706,-16,-4,5
16:18:28:186,-92.94625623144302,-53.2702284634952,374.41538215741565,-0.26427039951728076,-0.06745306996858838,0.09148243522660537,389.4401137326221,-15,-3,6
16:18:28:305,err,err,err,err,err,err,err,err,err,err
16:18:28:429,-93.23918471116166,-53.36127414666273,375.57098706815776,-0.25682836648580115,-0.051670933903941944,0.09117256161727474,390.63350787087853,-15,-2,6
16:18:28:552,err,err,err,err,err,err,err,err,err,err
16:18:28:676,-93.3299446105556,-53.39553770416059,376.05840776661,-0.23981215382458895,-0.03374513218216426,0.09347692581652228,391.1284802461766,-14,-1,6
16:18:28:803,-93.10464671858068,-53.263720590706626,374.87236372305296,-0.25095137010290725,-0.06928026495694818,0.08368030843835683,389.91638623564603,-15,-3,5
16:18:28:920,-92.63862627507108,-53.05727475615702,373.15123676962764,-0.27413152331027973,-0.04626047731069934,0.08614303170687725,388.1221907922624,-16,-2,5
16:18:29:048,err,err,err,err,err,err,err,err,err,err
16:18:29:165,-93.39724452587953,-53.47155573034325,376.3654206556885,-0.2644690964120607,-0.06522353961780034,0.09050257675713227,391.4501020852894,-15,-3,6
16:18:29:295,-93.19434551357679,-53.39255285231128,375.53596138417197,-0.25807155553335,-0.06483936982373782,0.08739238610420626,390.5934062788632,-15,-3,5
16:18:29:416,err,err,err,err,err,err,err,err,err,err
16:18:29:537,-92.88774936412197,-53.17949828774573,374.020227791898,-0.25441800326524017,-0.08531867053293637,0.08448899089773151,389.0338337697269,-15,-4,5
16:18:29:663,err,err,err,err,err,err,err,err,err,err
16:18:29:782,-93.01743078926785,-53.328258074456215,374.81116200204457,-0.24991697077496697,-0.05344532445574601,0.08760367980705196,389.8455498030149,-14,-2,5
16:18:29:904,-93.20023889144028,-53.32216146238259,375.55736013947535,-0.27143955186927005,-0.06375421092914405,0.08464623354969167,390.6057708065429,-16,-3,5
16:18:30:030,err,err,err,err,err,err,err,err,err,err
16:18:30:151,-93.32497281117092,-53.57583249922906,376.0786409056012,-0.2666516646084321,-0.07413446273504168,0.08729830722000663,391.1714004417953,-15,-4,6
16:18:30:277,-93.03016723296508,-53.29828206877305,374.86247610866593,-0.26321848837745826,-0.05411024277082021,0.08469606199278411,389.89382513858317,-15,-2,5
16:18:30:397,-93.29514330393835,-53.508082408052125,376.1019425806758,-0.25355304750575325,-0.07657695121462625,0.09008871524073864,391.1774148133392,-15,-4,6
16:18:30:522,err,err,err,err,err,err,err,err,err,err
16:18:30:646,-93.49543901239305,-53.637441776626474,376.7768248697359,-0.2618673569107532,-0.08575364257155176,0.08991378809217745,391.8917555083045,-15,-4,6
16:18:30:764,-93.5165615646238,-53.61296356464564,376.8607331276038,-0.2617653705245858,-0.08624722240268473,0.08991619282898704,391.97411817941384,-15,-4,6
16:18:30:890,-93.2923893232743,-53.37010528990347,375.6406751747354,-0.25933545423180243,-0.07947473971111489,0.08358371809670995,390.714416025352,-15,-4,5
16:18:31:039,err,err,err,err,err,err,err,err,err,err
16:18:31:135,-92.66890212747346,-53.11123193325379,373.2724950989459,-0.2596978517931715,-0.06204086217275247,0.0851015871544937,388.2533760012548,-15,-3,5
16:18:31:259,err,err,err,err,err,err,err,err,err,err
16:18:31:381,-93.19434551357679,-53.39255285231128,375.53596138417197,-0.25807155553335,-0.06483936982373782,0.08739238610420626,390.5934062788632,-15,-3,5
16:18:31:508,-87.64855647541933,-47.79124415976926,347.5797355926437,0.9254971379186292,-0.19789641935993918,0.07416130804652131,361.63233409806645,53,-12,-1
16:18:31:626,err,err,err,err,err,err,err,err,err,err
16:18:31:798,err,err,err,err,err,err,err,err,err,err
16:18:31:917,err,err,err,err,err,err,err,err,err,err
16:18:32:039,err,err,err,err,err,err,err,err,err,err
16:18:32:170,-93.01555294924184,-53.31129231592807,374.9469736333337,-0.2509662892661534,-0.06782407149843186,0.08381415763501693,389.9733580844253,-15,-3,5
16:18:32:283,-93.17608941322698,-53.36622710192599,375.6059172885879,-0.25954151053121627,-0.07913745290968811,0.08354505351104645,390.6527139744936,-15,-4,5
16:18:32:407,err,err,err,err,err,err,err,err,err,err
16:18:32:533,err,err,err,err,err,err,err,err,err,err
16:18:32:653,err,err,err,err,err,err,err,err,err,err
16:18:32:779,err,err,err,err,err,err,err,err,err,err
16:18:32:897,err,err,err,err,err,err,err,err,err,err
16:18:33:031,-93.84869474334614,-53.719642087325035,377.88515315076756,-0.26896496487151883,-0.06974575828741775,0.08626072839820378,393.052879931949,-16,-3,5
16:18:33:149,err,err,err,err,err,err,err,err,err,err
16:18:33:267,err,err,err,err,err,err,err,err,err,err
16:18:33:401,-87.19490231837788,-47.62681897819638,345.92589959443984,0.9373178869799247,-0.20741810477147077,0.07076990774472462,359.9110902521841,54,-12,-2
16:18:33:513,-93.60183373207798,-53.6742378252625,377.0263223769306,-0.24940470907335285,-0.07015251460601055,0.08611204910139664,392.162051770953,-14,-3,5
16:18:33:643,err,err,err,err,err,err,err,err,err,err
16:18:33:757,-93.18479687026412,-53.16384097696478,375.5719342281947,0.4901650884080411,-0.4303012259543186,0.15886169577526799,390.5945188236566,28,-26,3
16:18:33:881,-93.03385015705251,-53.29855271065063,374.6218287096014,-0.26337266254784397,-0.09469882942655175,0.08434713097923591,389.663377214001,-15,-5,6
16:18:34:008,-93.21517463199784,-53.39826520474742,375.3335900482962,-0.2738857291221014,-0.062110292715520474,0.0846834891724261,390.4045943980332,-16,-3,5
16:18:34:130,err,err,err,err,err,err,err,err,err,err
16:18:34:254,-93.55950142985353,-53.650357132767255,376.8568517193305,-0.24968708697820852,-0.07148469785480382,0.08590611160123476,391.9857495063841,-14,-3,5
16:18:34:374,-87.49788408061832,-47.75216211507811,346.8808692420046,0.9471323871316629,-0.21343210516537955,0.07385973674543976,360.91894678907994,55,-12,-2
16:18:34:538,-87.88285361631847,-47.927666148034724,348.36883272177147,0.936914949827575,-0.20431340990841945,0.06692890544235736,362.4655856134129,54,-12,-2
16:18:34:669,-93.19434551357679,-53.39255285231128,375.53596138417197,-0.25807155553335,-0.06483936982373782,0.08739238610420626,390.5934062788632,-15,-3,5
16:18:34:785,-93.34259552758135,-53.58688912721078,376.14914645732887,-0.2530619836475803,-0.07445308956983084,0.0901952404495102,391.2449043843698,-15,-4,6
16:18:34:907,err,err,err,err,err,err,err,err,err,err
16:18:35:027,err,err,err,err,err,err,err,err,err,err
16:18:35:152,err,err,err,err,err,err,err,err,err,err
16:18:35:293,-93.60202552194065,-53.52754205175951,377.0227748133946,-0.26314171910038253,-0.07061333154694802,0.08315519335289649,392.1386357755438,-15,-3,5
16:18:35:399,-87.30083405006445,-47.624761747526925,345.9461978277638,0.9435449163731738,-0.1987104835953108,0.07622562051406144,359.95600474062365,54,-12,-1
16:18:35:532,-93.08931798693857,-53.25531998504532,374.80896592382805,-0.24833280775358255,-0.052794323828260735,0.08801369637642585,389.85062673653897,-14,-2,5
16:18:35:644,-92.61740420700232,-53.08135138294452,373.06695713325126,-0.2741898861282254,-0.04579042191849126,0.08614914092006472,388.03938966469116,-16,-2,5
16:18:35:768,err,err,err,err,err,err,err,err,err,err
16:18:35:891,-92.81850641561297,-53.17817532177,373.99718704525725,-0.2555757515943603,-0.0438512692684888,0.08469697423394601,388.99497346565187,-15,-2,5
16:18:36:015,-87.51071734706396,-47.7934082091644,346.92115308920694,0.9398248063213462,-0.19830821962284337,0.08107641809778487,360.9662338496366,54,-12,-1
16:18:36:141,-92.87015987897342,-53.24069520328171,373.95126750951204,-0.26797552425420507,-0.08296958481012562,0.08178363637398493,388.97170680352247,-16,-4,5
16:18:36:261,-93.34607411515177,-53.551417718830116,376.1624613493057,-0.2665685461310317,-0.07461914239730588,0.08729733819605516,391.25367885909515,-15,-4,6
16:18:36:384,err,err,err,err,err,err,err,err,err,err
16:18:36:507,-93.04445994876362,-53.30855136182047,374.9650493891434,-0.2879025157059723,-0.08850061783412269,0.08487454702816066,389.9972582453058,-17,-4,6
16:18:36:629,-93.2161388635247,-53.368557356161986,375.62257282948985,-0.2579590340979106,-0.06533826941467685,0.08739302862303251,390.6786002303521,-15,-3,5
16:18:36:754,-92.79537011352528,-53.16140234001093,373.65008435188497,-0.2821002176603754,-0.0658473709167768,0.08291761511523851,388.6534458221533,-16,-3,5
16:18:36:878,-92.64184409105697,-52.988004721436205,373.161021786261,-0.2612324883601147,-0.04750941098689904,0.08882702290398535,388.1229033457276,-15,-2,5
16:18:37:000,-93.02715791936558,-53.31435744962447,374.7392558983828,-0.27627714401272707,-0.08107015425493899,0.0850125702838446,389.77683709026957,-16,-4,5
16:18:37:125,-93.90310795282616,-53.767389659080095,377.9597586789636,-0.25402829721359776,-0.06965033350753602,0.08968966141378187,393.14412758505233,-15,-3,6
16:18:37:292,-93.19434551357679,-53.39255285231128,375.53596138417197,-0.25807155553335,-0.06483936982373782,0.08739238610420626,390.5934062788632,-15,-3,5
16:18:37:412,-92.82365119334325,-53.12713127950315,373.9068288521843,-0.2690728770296086,-0.05709854695724084,0.08883613913356893,388.9023514471848,-16,-3,5
16:18:37:531,err,err,err,err,err,err,err,err,err,err
16:18:37:655,err,err,err,err,err,err,err,err,err,err
16:18:37:780,-92.82740418299794,-53.217925421432994,373.77975558530835,-0.25574086000834517,-0.06774462744887243,0.0884662402086129,388.7934930511669,-15,-3,6
16:18:37:905,-93.41976571495125,-53.5000253774093,376.3119986153532,-0.2649090969988,-0.06136399330975541,0.09115682725385597,391.4080040616204,-15,-3,6
16:18:38:037,-92.77023069699929,-53.079206016865484,374.21407841095106,0.5018218485637559,-0.4521933874044777,0.1530471754354051,389.17848642481863,29,-27,2
16:18:38:147,-92.80234717020639,-53.151242636400475,373.82221701876693,-0.2691490411683044,-0.05661778782924457,0.08883923134492669,388.8192127080645,-16,-3,5
16:18:38:269,err,err,err,err,err,err,err,err,err,err
16:18:38:400,-92.28626086078135,-52.94707544190232,371.59985547209754,-0.2706059094003618,-0.0524629109388084,0.08671009378935425,386.5314984944933,-16,-2,5
16:18:38:518,err,err,err,err,err,err,err,err,err,err
16:18:38:645,-93.47310901440524,-53.58714082179377,376.6849763353554,-0.2754765480472503,-0.08361702932504486,0.08718930491623264,391.79123926785405,-16,-4,6
16:18:38:805,-92.78798359020426,-53.08977429073725,373.90288994725347,-0.28122457952207264,-0.06592514741987908,0.0828782787568562,388.88495103807423,-16,-3,5
16:18:38:924,err,err,err,err,err,err,err,err,err,err
16:18:39:062,-93.01811178897985,-53.254111871784495,374.81302824172013,-0.27633580508569905,-0.05277247466255034,0.0819758491145991,389.8373708250252,-16,-2,5
16:18:39:176,-93.75305101144245,-53.698351945973094,377.2005872835392,-0.23438406509538293,-0.08882486868544,0.08499586746265538,392.3689980397465,-14,-4,5
16:18:39:296,-87.63729385438702,-47.81440712705624,347.5464846320321,0.9391046064891888,-0.21028184329421903,0.06922361453071328,361.60070766401356,54,-12,-2
16:18:39:434,-93.22097199895299,-53.38417721811724,375.46548604704736,-0.24681988878991978,-0.0501997663446698,0.08329952744370393,390.5308582048676,-14,-2,5
16:18:39:540,err,err,err,err,err,err,err,err,err,err
16:18:39:672,err,err,err,err,err,err,err,err,err,err
16:18:39:787,-93.26944304461466,-53.35774055156293,375.5499522243099,-0.2587791302517644,-0.05418743694914159,0.09057192561860289,390.6200252141484,-15,-2,6
16:18:39:955,-92.78962619485804,-53.106747019125606,373.77001265022795,-0.28210172916853127,-0.055216904864927224,0.08615290195422247,388.7599049090408,-16,-2,5
16:18:40:075,-92.80234717020639,-53.151242636400475,373.82221701876693,-0.2691490411683044,-0.05661778782924457,0.08883923134492669,388.8192127080645,-16,-3,5
16:18:40:196,-93.21286612163586,-53.45426398096049,375.46937262413246,-0.2701361956671433,-0.049895842476993975,0.08845061657061518,390.54224678914807,-16,-2,5
16:18:40:321,err,err,err,err,err,err,err,err,err,err
16:18:40:441,-92.62415171228095,-53.067985993830035,372.98230054100856,-0.27382811634845183,-0.0743067470315172,0.08917941858709229,387.957782670646,-16,-4,6
16:18:40:568,-93.13311031818702,-53.39147513492788,375.0356100720789,-0.27305964558909535,-0.08822010384491356,0.08811711713566138,390.09759634834927,-16,-4,6
16:18:40:687,-93.26752120719703,-53.33575793060971,375.39625770924675,-0.26021251353299796,-0.06332277408667641,0.08732323167186765,390.46880014704726,-15,-3,5
16:18:40:811,-93.38190404120715,-53.4989172436425,376.30402348759304,-0.2664299749927624,-0.07490134228885847,0.08732347787552854,391.391149927479,-15,-4,6
16:18:40:935,-92.3522122836859,-52.79301204342452,372.412976650769,0.49334257967763134,-0.4634606090565944,0.1545537257877101,387.30796326979174,28,-28,2
16:18:41:058,err,err,err,err,err,err,err,err,err,err
16:18:41:184,-93.5165615646238,-53.61296356464564,376.8607331276038,-0.2617653705245858,-0.08624722240268473,0.08991619282898704,391.97411817941384,-15,-4,6
16:18:41:302,err,err,err,err,err,err,err,err,err,err
16:18:41:452,err,err,err,err,err,err,err,err,err,err
16:18:41:553,err,err,err,err,err,err,err,err,err,err
16:18:41:671,-92.51435919517309,-53.01087199716692,372.82561033590736,-0.2745908304116106,-0.07046393167938231,0.08974706855665589,387.77312301078234,-16,-3,6
16:18:41:798,-93.55950142985353,-53.650357132767255,376.8568517193305,-0.24968708697820852,-0.07148469785480382,0.08590611160123476,391.9857495063841,-14,-3,5
16:18:41:918,err,err,err,err,err,err,err,err,err,err
16:18:42:040,-92.3381981119494,-52.82439172405962,372.47211223481565,0.5213821916207055,-0.4336662428913111,0.16256874762797638,387.36576201859094,30,-26,3
16:18:42:166,-87.43156621284204,-47.71191564585136,346.57544898554454,0.9421653832640208,-0.19230258556360527,0.07379302055963533,360.60400372785546,54,-11,-1
16:18:42:287,-92.89737926795826,-53.14661374497166,374.05701574573123,-0.28048072093072757,-0.069644207646018,0.08231342461661359,389.0670079253885,-16,-3,5
16:18:42:412,-93.22977245491782,-53.42362523223546,375.24870842172754,-0.259627579305767,-0.04821219767791703,0.09132207069652412,390.3299468105474,-15,-2,6
16:18:42:534,-93.34573260220344,-53.414200221425595,375.4583245626865,-0.26966132057571973,-0.06788057479168697,0.09463259117211177,390.5578779947426,-16,-3,6
16:18:42:658,-87.12595872340746,-47.601207737595495,345.2721208890961,0.9386888669573327,-0.2019023665009876,0.0792907403941885,359.2626408698867,54,-12,-1
16:18:42:779,err,err,err,err,err,err,err,err,err,err
16:18:42:903,-92.92109862829614,-53.22835819400276,373.8689411411335,-0.2705155554666118,-0.08006269152266347,0.08197461668703662,388.90303911940697,-16,-4,5
16:18:43:025,err,err,err,err,err,err,err,err,err,err
16:18:43:147,-87.95038379127072,-48.104225872000114,348.70091194662933,0.941297824444808,-0.21304729336767028,0.08383899201792924,362.82449276225435,54,-13,-1
16:18:43:272,-93.20792139629401,-53.43156018834337,375.3048130605198,-0.2607812282257823,-0.06174218255572527,0.08754883346465817,390.37975221772194,-15,-3,5
16:18:43:394,err,err,err,err,err,err,err,err,err,err
16:18:43:519,-93.33797858346661,-53.5115938399119,376.12872898268967,-0.2530691828254229,-0.07610787384593651,0.09002784874931398,391.2138669416883,-15,-4,6
16:18:43:644,-92.64361196746653,-53.0776499355051,373.0600681570759,-0.2866398216682853,-0.07251917108657749,0.086568718304968,388.03851640580297,-17,-3,5
16:18:43:762,-87.75007410695648,-47.85249775904809,347.75891620471737,0.918741798772228,-0.2136194235011414,0.076230338416733,361.8372574064695,53,-12,-2
16:18:43:890,-93.03987133256089,-53.304707444991735,374.9003836495311,-0.24978004176136168,-0.05395613754429479,0.08760517479289934,389.9334650346662,-14,-2,5
16:18:44:008,err,err,err,err,err,err,err,err,err,err
16:18:44:131,-92.42700933574785,-52.937323298823706,372.2867047211843,-0.2667053525640105,-0.03626555069614664,0.08609702443717467,387.2240988948814,-15,-1,5
16:18:44:258,-93.19434551357679,-53.39255285231128,375.53596138417197,-0.25807155553335,-0.06483936982373782,0.08739238610420626,390.5934062788632,-15,-3,5
16:18:44:377,-93.20023889144028,-53.32216146238259,375.55736013947535,-0.27143955186927005,-0.06375421092914405,0.08464623354969167,390.6057708065429,-16,-3,5
16:18:44:506,err,err,err,err,err,err,err,err,err,err
16:18:44:624,err,err,err,err,err,err,err,err,err,err
16:18:44:750,err,err,err,err,err,err,err,err,err,err
16:18:44:870,-87.78818768830476,-48.0890844329527,348.5567191608666,0.9358185388270852,-0.20952221886921812,0.0741378370479384,362.64460896500844,54,-12,-2
16:18:44:993,err,err,err,err,err,err,err,err,err,err
16:18:45:117,-93.55950142985353,-53.650357132767255,376.8568517193305,-0.24968708697820852,-0.07148469785480382,0.08590611160123476,391.9857495063841,-14,-3,5
16:18:45:239,-88.22582642329391,-48.242757416729745,350.1552894835415,0.9319021676578554,-0.20944411050614742,0.073606965251136,364.307407067912,54,-12,-2
16:18:45:363,err,err,err,err,err,err,err,err,err,err
16:18:45:485,-88.04221653712007,-48.14511505207044,349.4482934500523,0.9335005873439733,-0.21641042530303364,0.07616436559102908,363.5704798127869,54,-13,-2
16:18:45:610,err,err,err,err,err,err,err,err,err,err
16:18:45:732,-93.3598351575592,-53.487585707117866,376.21560026993814,-0.25293635149112625,-0.07661946086159449,0.09003177733012252,391.29932089372807,-15,-4,6
16:18:45:851,err,err,err,err,err,err,err,err,err,err
16:18:46:018,-93.21656131053388,-53.3467616234685,375.47811962720994,-0.271504484876176,-0.07455663553613925,0.08138968434021124,390.53683897560427,-16,-4,5
16:18:46:141,-93.15483837994289,-53.31671824774855,375.5185630489319,-0.2730964677893102,-0.07713440512172759,0.08081204271936104,390.55689413021213,-16,-4,5
16:18:46:279,-92.42767284070018,-52.938585057466724,372.2877458493336,-0.25378726804501106,-0.03576733954633236,0.08895519799312473,387.22543073022996,-15,-1,5
16:18:46:389,-92.82365119334325,-53.12713127950315,373.9068288521843,-0.2690728770296086,-0.05709854695724084,0.08883613913356893,388.9023514471848,-16,-3,5
16:18:46:511,-93.57131472652682,-53.56521535513467,376.7912593814926,-0.27548858285083,-0.0731229278846409,0.09046886129617761,391.9138634725543,-16,-3,6
16:18:46:634,err,err,err,err,err,err,err,err,err,err
16:18:46:755,-92.3304119702692,-52.8630658429961,371.77453116430615,-0.28310811031234073,-0.05314213257776863,0.08393300077047447,386.6984752069243,-16,-2,5
16:18:46:878,-93.07151458164259,-53.3720692018702,374.8858493568291,-0.27598397268185404,-0.06413421515576839,0.07874956423712821,389.9362571567323,-16,-3,5
16:18:47:006,-92.70074041782031,-53.191997523202176,373.8439269609183,-0.256950223310829,-0.08170798147942565,0.08464909627197462,388.8214212206947,-15,-4,5
16:18:47:125,-92.67713049660989,-53.02326462967492,373.1591577271057,-0.2607780285591773,-0.05834238273595084,0.0856598196401985,388.13435058582115,-15,-3,5
16:18:47:249,err,err,err,err,err,err,err,err,err,err
16:18:47:370,err,err,err,err,err,err,err,err,err,err
16:18:47:495,-93.87977378251925,-53.85307533481705,378.31546814923183,-0.26563249945177586,-0.08856439839517681,0.08624233123003265,393.4922605203906,-15,-4,6
16:18:47:620,-92.62415171228095,-53.067985993830035,372.98230054100856,-0.27382811634845183,-0.0743067470315172,0.08917941858709229,387.957782670646,-16,-4,6
16:18:47:742,-93.38190404120715,-53.4989172436425,376.30402348759304,-0.2664299749927624,-0.07490134228885847,0.08732347787552854,391.391149927479,-15,-4,6
16:18:47:905,err,err,err,err,err,err,err,err,err,err
16:18:48:029,-87.39241636988116,-47.725872728828094,346.6891613174472,0.9480589387021456,-0.2011249834787032,0.06946038451917447,360.70565277202115,55,-12,-2
16:18:48:151,-93.07166120928983,-53.2616781504071,374.59575567438293,-0.23849597276204967,-0.06512496422281625,0.08714797479074482,389.64229833132384,-14,-3,5
16:18:48:271,-93.21360763137592,-53.38360453343838,375.468313195899,-0.24425873104311135,-0.078158581293431,0.08686726830432084,390.53174018869754,-14,-4,5
16:18:48:396,err,err,err,err,err,err,err,err,err,err
16:18:48:521,-93.02367333242255,-53.329698221403106,374.83749988846085,-0.27633729500312015,-0.05142870064822181,0.08212448645073527,389.872558453753,-16,-2,5
16:18:48:642,err,err,err,err,err,err,err,err,err,err
16:18:48:807,err,err,err,err,err,err,err,err,err,err
16:18:48:929,-92.90540165491284,-53.18827449322794,374.09035162361914,-0.267836594891635,-0.08323534306711658,0.08180868828053797,389.1066658104313,-16,-4,5
16:18:49:052,-93.22177077055564,-53.4234918707446,375.5022621093899,-0.25798512860120437,-0.07663931290584425,0.08410669815893762,390.5717819793571,-15,-4,5
16:18:49:220,err,err,err,err,err,err,err,err,err,err
16:18:49:337,-93.40462348396522,-53.453929960222524,376.2500067312027,-0.27823128384606144,-0.05988661922278719,0.08842606462174432,391.3384901611439,-16,-3,5
16:18:49:460,-88.02560736520478,-48.046901371471,349.2076606242474,0.9279667593654563,-0.20054108904520493,0.0728347363360319,363.3221745532092,54,-12,-1
16:18:49:586,-93.3517440507746,-53.43580538466025,375.59148715527886,-0.2452457858234155,-0.0911362718390921,0.08311258144280126,390.6902848010718,-14,-5,5
16:18:49:715,-92.24861945597785,-52.9087749692868,371.58809337435986,-0.2837764367105073,-0.058567916598671096,0.0814504225168895,386.5059603652658,-16,-3,5
16:18:49:832,err,err,err,err,err,err,err,err,err,err
16:18:49:955,-93.49543901239305,-53.637441776626474,376.7768248697359,-0.2618673569107532,-0.08575364257155176,0.08991378809217745,391.8917555083045,-15,-4,6
16:18:50:077,-93.37045191031736,-53.48750606069632,375.9707820462152,-0.26917568564901295,-0.07283846273335966,0.08732897153218133,391.0664694741452,-16,-3,6
16:18:50:203,-92.91297797541235,-53.362438267754186,374.5386997225986,-0.25095789513169403,-0.04150978125361365,0.09073156351598913,389.56335670085065,-14,-2,5
16:18:50:322,err,err,err,err,err,err,err,err,err,err
16:18:50:448,-93.2161388635247,-53.368557356161986,375.62257282948985,-0.2579590340979106,-0.06533826941467685,0.08739302862303251,390.6786002303521,-15,-3,5
16:18:50:569,-93.15741179569875,-53.444279429901144,375.38994000402244,-0.25826304741916456,-0.06451278679277539,0.08736307235597342,390.45127920456133,-15,-3,5
16:18:50:731,-93.22406036455948,-53.369989023830115,375.6215697537076,-0.2477169855038721,-0.06474740192669759,0.07951818169065059,390.6797215411855,-14,-3,5
16:18:50:861,-92.78290087289967,-53.11981281345787,373.5998858231394,-0.26985576706489695,-0.05270177025129669,0.08943055476997079,388.5965206931091,-16,-2,5
16:18:50:980,err,err,err,err,err,err,err,err,err,err
16:18:51:101,-93.24200357923948,-53.4711759846508,375.58398450444435,-0.25789392389916344,-0.07483620010689962,0.08429964709270417,390.66170443093995,-15,-4,5
16:18:51:225,err,err,err,err,err,err,err,err,err,err
16:18:51:347,-93.3598351575592,-53.487585707117866,376.21560026993814,-0.25293635149112625,-0.07661946086159449,0.09003177733012252,391.29932089372807,-15,-4,6
16:18:51:474,-87.19333081396879,-47.620968871327015,345.91237577163287,0.9436545344127275,-0.19813204158554154,0.07607142160797924,359.8969370898472,54,-12,-1
16:18:51:593,err,err,err,err,err,err,err,err,err,err
16:18:51:746,-93.00846774532378,-53.32224886040093,374.77624539330543,-0.263310075948577,-0.05362271075900533,0.08469884395744653,389.8090191452303,-15,-2,5
16:18:51:882,-92.77229298672994,-53.18798188737195,373.5917699626949,-0.2823546104827695,-0.08338231962843863,0.08912806476625978,388.59550994205557,-16,-4,6
16:18:52:002,err,err,err,err,err,err,err,err,err,err
16:18:52:130,-93.8447046730285,-53.73930042860208,378.01560629719916,-0.255626993779291,-0.07238809927127583,0.08910004087337482,393.180034602423,-15,-3,6
16:18:52:248,err,err,err,err,err,err,err,err,err,err
16:18:52:373,-93.41315222581052,-53.53140132234527,376.2517193191507,-0.22562518393572056,-0.050743139605956146,0.09219056078081453,391.35276187464603,-13,-2,6
16:18:52:495,-92.20322717846854,-52.82852261885187,371.2919803132926,-0.2971414178781139,-0.08526998755773292,0.08164425191223537,386.1994595402501,-17,-4,5
16:18:52:618,-93.19434551357679,-53.39255285231128,375.53596138417197,-0.25807155553335,-0.06483936982373782,0.08739238610420626,390.5934062788632,-15,-3,5
16:18:52:743,-92.62722861572351,-53.19509419140017,373.1104414828808,-0.274022995919223,-0.04608747145847737,0.08614205410424278,388.0991150087973,-16,-2,5
16:18:52:866,-93.24252887338969,-53.45035738372034,375.4458188307732,-0.27198707940761835,-0.052303949850361305,0.08786697782374958,390.52614864137087,-16,-2,5
16:18:52:990,err,err,err,err,err,err,err,err,err,err
16:18:53:111,-93.38240162900134,-53.45758403601222,376.01665011777317,-0.26853085148822553,-0.08829183232199268,0.08341168280626718,391.10932920445566,-16,-4,5
16:18:53:234,err,err,err,err,err,err,err,err,err,err
16:18:53:360,-92.85505602963538,-53.25407334288523,374.03521778456974,-0.2544691583603966,-0.07192207376519047,0.08792582442971358,389.0506418206075,-15,-3,6
16:18:53:480,err,err,err,err,err,err,err,err,err,err
16:18:53:605,-93.05788575775496,-53.32931865335784,374.82948235438175,-0.2629556632574174,-0.06499867667145073,0.08148680326611021,389.8729628632749,-15,-3,5
16:18:53:727,err,err,err,err,err,err,err,err,err,err
16:18:53:852,-87.87128372885067,-47.98877015476586,348.35452365302245,0.9438167562196684,-0.2071440536775817,0.07664213753654764,362.45711293151265,54,-12,-1
16:18:53:971,err,err,err,err,err,err,err,err,err,err
16:18:54:095,-93.91637523780854,-53.81760925283339,378.31853352361406,-0.2533868318914825,-0.09384399433829453,0.08839637214902224,393.4990894664909,-15,-5,6
16:18:54:218,-93.20935813239838,-53.41154395750783,375.1658496849131,-0.2608371062814155,-0.07449631393642484,0.08410588394985388,390.24376002849976,-15,-4,5
16:18:54:340,-87.5011823038694,-47.75545059728406,346.8869710520951,0.9406457669656432,-0.2044180642677794,0.07796761646040562,360.92604595958665,54,-12,-1
16:18:54:469,-93.84476224257602,-53.73416206753091,377.7246076112028,-0.25637861002414153,-0.07936447151457038,0.0864223434881368,392.89957847839753,-15,-4,5
16:18:54:588,-93.19434551357679,-53.39255285231128,375.53596138417197,-0.25807155553335,-0.06483936982373782,0.08739238610420626,390.5934062788632,-15,-3,5
16:18:54:721,err,err,err,err,err,err,err,err,err,err
16:18:54:834,err,err,err,err,err,err,err,err,err,err
16:18:54:959,-92.70580011109786,-53.08996805005367,373.1350176857787,-0.2751718892134514,-0.05915931558144252,0.08245281733638775,388.1271074083346,-16,-3,5
16:18:55:090,err,err,err,err,err,err,err,err,err,err
16:18:55:204,-93.49543901239305,-53.637441776626474,376.7768248697359,-0.2618673569107532,-0.08575364257155176,0.08991378809217745,391.8917555083045,-15,-4,6
16:18:55:328,err,err,err,err,err,err,err,err,err,err
16:18:55:494,-93.01428951218173,-53.28687689859949,374.5440936830509,-0.27681894196562323,-0.06561450027979061,0.08875452362344215,389.5823756484891,-16,-3,6
16:18:55:613,-93.28830617328272,-53.40237876307375,375.5895401805634,-0.2311306386044629,-0.03918015629620863,0.08935769015407205,390.66868932547175,-13,-2,5
16:18:55:739,-93.12590851494566,-53.40700070157696,375.1517913070761,-0.2856903310243048,-0.07509964300950306,0.08879781086302838,390.20969885637163,-17,-4,6
16:18:55:860,-92.59768334240796,-53.07585268380368,373.2704818405862,-0.260277181629451,-0.05698506100677111,0.085852509046288,388.2296095250813,-15,-3,5
16:18:55:983,err,err,err,err,err,err,err,err,err,err
16:18:56:106,-93.36079435125386,-53.52335769517977,376.2201712201706,-0.2665145416828188,-0.07441821747867634,0.08732414022926518,391.3088357982704,-15,-4,6
16:18:56:228,-93.38081522183383,-53.51510274806521,376.1554981341156,-0.25258221318178553,-0.07563695649247602,0.08996755728824612,391.2503056230818,-15,-4,6
16:18:56:355,-93.19434551357679,-53.39255285231128,375.53596138417197,-0.25807155553335,-0.06483936982373782,0.08739238610420626,390.5934062788632,-15,-3,5
16:18:56:474,-92.61793001321527,-53.03049340186402,373.2062887315788,-0.2601115330902589,-0.06939338314796778,0.08248320472702857,388.16652114675804,-15,-3,5
16:18:56:600,-87.50299687261911,-47.72677885833994,346.89547791646805,0.9340668556693155,-0.20760470094759384,0.0757831731858714,360.9308693929867,54,-12,-1
16:18:56:720,-87.88071927484961,-47.99069488790797,348.3483219419164,0.9363614499342577,-0.1858149460845844,0.07638480799841997,362.4536949954273,54,-11,-1
16:18:56:843,-93.96153239298263,-53.910137678211896,378.2109194795751,-0.2655546917797844,-0.08866241180709707,0.08625349696697993,393.419079516623,-15,-4,6
16:18:57:110,-93.59701580270475,-53.59866443576575,377.0051142948399,-0.24944150872610696,-0.07180074836445974,0.08594201109690917,392.1301753256626,-14,-3,5
16:18:57:212,err,err,err,err,err,err,err,err,err,err
16:18:57:338,-92.82740418299794,-53.217925421432994,373.77975558530835,-0.25574086000834517,-0.06774462744887243,0.0884662402086129,388.7934930511669,-15,-3,6
16:18:57:501,err,err,err,err,err,err,err,err,err,err
16:18:57:621,-93.01466870598443,-53.38098057268682,374.69168034614296,-0.2630784061373515,-0.08148570161496901,0.08782788866111972,389.7372358423067,-15,-4,6
16:18:57:747,-93.15741179569875,-53.444279429901144,375.38994000402244,-0.25826304741916456,-0.06451278679277539,0.08736307235597342,390.45127920456133,-15,-3,5
16:18:57:871,-93.00463306054326,-53.28110896361587,374.50440292269,-0.2774084095173955,-0.07709769602185679,0.08556171780886736,389.5411225424083,-16,-4,5
16:18:57:988,err,err,err,err,err,err,err,err,err,err
16:18:58:116,-93.47950393595444,-53.50987387503195,376.3733801568466,-0.25436438024095764,-0.07242116163163932,0.08000846831882043,391.48262483656174,-15,-4,5
16:18:58:240,-93.24357616113952,-53.43633615521553,375.59060827852846,-0.2568054815477757,-0.05019680591240073,0.0913323190014843,390.6636808612319,-15,-2,6
16:18:58:362,err,err,err,err,err,err,err,err,err,err
16:18:58:486,-93.76192813077459,-53.72876894275424,377.683085782097,-0.25816429685447473,-0.08160662451518912,0.08582160962021923,392.83914400781305,-15,-4,5
16:18:58:604,-92.86194347566031,-53.16058107849082,374.4853421905855,0.48013422192251903,-0.4693276842100309,0.15836319095353818,389.4722832786429,27,-28,2
16:18:58:731,-93.3604731210531,-53.58960905715238,375.9347906344588,-0.282035543869869,-0.07261528167580268,0.08449884058352916,391.04346427176057,-16,-3,5
16:18:58:853,-92.72699495304636,-53.185540961045604,373.80607804357726,-0.26864047355435405,-0.06766599514855136,0.08562747627442331,388.7904079869542,-16,-3,5
16:18:58:973,err,err,err,err,err,err,err,err,err,err
16:18:59:099,err,err,err,err,err,err,err,err,err,err
16:18:59:221,-93.24824268323391,-53.43584782252693,375.57595470960194,-0.24659705234193396,-0.04917445031857331,0.08346930038355395,390.6506397691581,-14,-2,5
16:18:59:350,-93.00463306054326,-53.28110896361587,374.50440292269,-0.2774084095173955,-0.07709769602185679,0.08556171780886736,389.5411225424083,-16,-4,5
16:18:59:468,-92.7661016162972,-53.20303258624699,373.67897457659524,-0.26927495448277095,-0.056279663222957875,0.08881782564761939,388.67993043901066,-16,-3,5
16:18:59:593,err,err,err,err,err,err,err,err,err,err
16:18:59:718,-93.1845533771604,-53.422180078501256,375.4973691926693,-0.27151571884824577,-0.06184731036796098,0.08480271122880235,390.5580169232946,-16,-3,5
16:18:59:835,-93.93395535202669,-53.82876926560399,378.3890218590021,-0.23696783000651128,-0.08316881454812647,0.09467147365168482,393.572580640647,-14,-4,6
16:18:59:960,err,err,err,err,err,err,err,err,err,err
16:19:00:084,-93.56822208248064,-53.60042565594997,376.77905522676537,-0.263837204193884,-0.1005215940013873,0.08599078813201377,391.9062059622804,-15,-5,6
16:19:00:212,-93.00463306054326,-53.28110896361587,374.50440292269,-0.2774084095173955,-0.07709769602185679,0.08556171780886736,389.5411225424083,-16,-4,5
16:19:00:329,-93.15741179569875,-53.444279429901144,375.38994000402244,-0.25826304741916456,-0.06451278679277539,0.08736307235597342,390.45127920456133,-15,-3,5
16:19:00:490,err,err,err,err,err,err,err,err,err,err
16:19:00:624,-93.37814283800434,-53.586075836424186,376.14660974303155,-0.25312053850350785,-0.0862435045010424,0.08689064358745784,391.2508365545027,-15,-4,6
16:19:00:739,-87.36121093326572,-47.67413145137852,346.06043711544464,0.9432413677500859,-0.2051771713031055,0.07305224077647081,360.086975773774,54,-12,-2
16:19:00:860,-92.57534913205939,-53.072083845443856,372.73912477335654,-0.26429783458391587,-0.06105467234091862,0.07942166758228757,387.7129047213007,-15,-3,5
16:19:00:985,err,err,err,err,err,err,err,err,err,err
16:19:01:106,err,err,err,err,err,err,err,err,err,err
16:19:01:232,err,err,err,err,err,err,err,err,err,err
16:19:01:353,err,err,err,err,err,err,err,err,err,err
16:19:01:505,-93.71861086127635,-53.72506728002105,377.6549417328417,-0.258638574619978,-0.08205539078283705,0.08588605469788456,392.8012422221271,-15,-4,5
16:19:01:643,-92.92094284354748,-53.274562380076794,374.45368774313937,-0.277472339046699,-0.08790236456389479,0.08228680209617854,389.4714943101215,-16,-4,5
16:19:01:762,-92.72330649348919,-53.19940125817113,373.6513698676912,-0.2697445623540942,-0.05667095700716641,0.08888711618708524,388.6426817338976,-16,-3,5
16:19:01:889,err,err,err,err,err,err,err,err,err,err
16:19:02:010,-93.03002091047986,-53.26194513590955,374.8600459719509,-0.26333318537858197,-0.052782111376187796,0.08482512417832881,389.88648816849,-15,-2,5
16:19:02:132,-93.33797858346661,-53.5115938399119,376.12872898268967,-0.2530691828254229,-0.07610787384593651,0.09002784874931398,391.2138669416883,-15,-4,6
16:19:02:252,err,err,err,err,err,err,err,err,err,err
16:19:02:379,err,err,err,err,err,err,err,err,err,err
16:19:02:503,-93.45182763878915,-53.55178087873009,376.4096879041817,-0.25299324965477943,-0.05054770862093624,0.08643104959618866,391.5166541444143,-15,-2,5
16:19:02:624,-92.78914217858382,-53.176609415566325,373.51430734308883,-0.2829169088311047,-0.09447061232660207,0.08580793291440009,388.5235057048165,-16,-5,6
16:19:02:749,-93.63319414103945,-53.581881424944875,377.1500897244577,-0.2611161543329901,-0.06052936240395106,0.08637845168848249,392.2759019379816,-15,-3,5
16:19:02:869,err,err,err,err,err,err,err,err,err,err
16:19:02:993,-87.5397491250069,-47.73448355080866,346.7423056586522,0.9414595742114995,-0.19275279123027625,0.0739607882192032,360.79359075544807,54,-11,-1
16:19:03:119,-92.45362653531208,-52.988330678359695,372.3947256898243,-0.2665876717945757,-0.035413315828845264,0.08624526514565581,387.34128100321254,-15,-1,5
16:19:03:238,-93.37641300000057,-53.52926921818431,376.25039551652435,-0.2562308708620023,-0.07413799615663225,0.07941469180847918,391.3424297135701,-15,-4,5
16:19:03:364,-93.45257904489839,-53.480279057511474,376.4094483178204,-0.23937127847381487,-0.05175964984880897,0.08921731964421709,391.50682952042894,-14,-2,5
16:19:03:482,err,err,err,err,err,err,err,err,err,err
16:19:03:606,-92.80725799340712,-53.226266456637575,373.84398595636935,-0.2691508336665385,-0.055197522537216444,0.08899287320830626,388.8515763281845,-16,-2,5
16:19:03:732,err,err,err,err,err,err,err,err,err,err
16:19:03:853,-93.51709551901408,-53.62868664010198,376.71798121087113,-0.2623122080854696,-0.0974357569088018,0.086556353339043,391.8391513780226,-15,-5,6
16:19:04:020,-91.98069143524886,-52.632482421642685,371.0533804836312,0.5066200634494202,-0.45425848123621015,0.1561735971710729,385.890187710314,29,-27,2
16:19:04:141,-93.56822103385511,-53.583326487188295,376.8894322304574,-0.23566661275072764,-0.07326314224057787,0.08870766606877106,392.00998583182735,-14,-4,6
16:19:04:266,-93.36079435125386,-53.52335769517977,376.2201712201706,-0.2665145416828188,-0.07441821747867634,0.08732414022926518,391.3088357982704,-15,-4,6
16:19:04:387,err,err,err,err,err,err,err,err,err,err
16:19:04:509,-92.5660817266518,-53.058943218864464,373.142845885793,-0.24700616451559293,-0.05800389114929786,0.08857061580839459,388.09704247452925,-14,-3,5
16:19:04:634,-93.01307229592047,-53.25337060600682,374.79175806196326,-0.24996873144124926,-0.05499336377119888,0.08743698106067836,389.8156166830724,-14,-2,5
16:19:04:759,-93.34633842013241,-53.47503892764792,375.87413921832615,-0.2558837903526689,-0.074450942627296,0.09001828079675188,390.9660947165073,-15,-4,6
16:19:04:883,err,err,err,err,err,err,err,err,err,err
16:19:05:001,-93.1662310355413,-53.40804051902456,375.13782997254617,-0.2609701769082091,-0.06292626776284906,0.08736149994706885,390.2060441279204,-15,-3,5
16:19:05:124,-92.79985088260639,-53.11739328212076,374.0966474680411,-0.27957673873414124,-0.05713143084336539,0.08613114462975106,389.0778475315053,-16,-3,5
16:19:05:251,err,err,err,err,err,err,err,err,err,err
16:19:05:369,-93.61567666351567,-53.70964534083803,377.5308899973645,-0.24350405547569123,-0.06914973153649524,0.09248311854182545,392.6553117200997,-14,-3,6
16:19:05:498,-92.91874664163267,-53.25804280553576,374.58944809070596,-0.27701527844098967,-0.07721479745229826,0.08558884024882579,389.599239246983,-16,-4,5
16:19:05:622,-92.84288851563444,-53.3183958676849,373.9886312195068,-0.26789206794240467,-0.0700512800143542,0.0852124584103393,389.01176019147533,-16,-3,5
16:19:05:742,-93.15741179569875,-53.444279429901144,375.38994000402244,-0.25826304741916456,-0.06451278679277539,0.08736307235597342,390.45127920456133,-15,-3,5
16:19:05:906,err,err,err,err,err,err,err,err,err,err
16:19:06:028,-93.21814343233665,-53.458715573150386,375.4882904461302,-0.24421859532186146,-0.07642044002456276,0.08704275753871844,390.56230334974737,-14,-4,5
16:19:06:191,err,err,err,err,err,err,err,err,err,err
16:19:06:313,-87.75144689241178,-47.90419482408597,347.72433230106117,0.9377239560767778,-0.19231428783378082,0.07881548099919577,361.81119328687794,54,-11,-1
16:19:06:438,-92.56015892052241,-52.883720309228025,373.3522003902054,0.5052716511897591,-0.4358250408528512,0.15688718594182474,388.2730179002207,29,-26,2
16:19:06:559,-92.27242139570022,-52.88619298438002,371.68431062378903,-0.2845171831070753,-0.06553604148848877,0.08020041352943577,386.601055252683,-16,-3,5
16:19:06:712,-92.6023029631698,-53.07282159473896,373.005897347235,-0.27435074576156754,-0.044655048599942765,0.08625090818202179,387.975914667297,-16,-2,5
16:19:06:848,-92.9221304828954,-53.27550304188062,374.4615141161213,-0.27904052219595826,-0.07918580516437176,0.0849915229264071,389.4794309228458,-16,-4,5
16:19:06:972,-93.33797858346661,-53.5115938399119,376.12872898268967,-0.2530691828254229,-0.07610787384593651,0.09002784874931398,391.2138669416883,-15,-4,6
16:19:07:093,err,err,err,err,err,err,err,err,err,err
16:19:07:214,-92.78146544863634,-53.23033468087792,373.84908257406914,-0.24244144207742666,-0.04293196696845578,0.08758928958311607,388.85087810432924,-14,-2,5
16:19:07:339,err,err,err,err,err,err,err,err,err,err
16:19:07:460,-92.61585109086643,-53.12247395108356,373.3455172187674,-0.25862509191479055,-0.04707228472902924,0.08899462208450873,388.3124622508503,-15,-2,5
16:19:07:587,-93.43086926903683,-53.51977942529309,376.1791637766161,-0.24089025162042602,-0.07343213206951589,0.08275679569179545,391.28564678732346,-14,-4,5
16:19:07:705,err,err,err,err,err,err,err,err,err,err
16:19:07:829,err,err,err,err,err,err,err,err,err,err
16:19:07:955,-93.79609372309118,-53.74937209528893,377.821337995026,-0.24202359403050125,-0.07343483343075441,0.09184807606276953,392.98303480264946,-14,-4,6
16:19:08:078,-93.17916859803103,-53.34656901811237,375.47366788115437,-0.27150631418841786,-0.06327985411807442,0.08465003128517445,390.5236089646206,-16,-3,5
16:19:08:204,-93.1685546426463,-53.37599070385773,375.1789692476251,-0.2710145559666089,-0.06396339988805504,0.09526294711381962,390.2417647094279,-16,-3,6
16:19:08:322,-93.38190404120715,-53.4989172436425,376.30402348759304,-0.2664299749927624,-0.07490134228885847,0.08732347787552854,391.391149927479,-15,-4,6
16:19:08:447,-93.1877024885965,-53.35348464324194,375.5080857958653,-0.24445498782047873,-0.06668873700991765,0.09012457906937672,390.5596813762972,-14,-3,6
16:19:08:569,-93.03552464368256,-53.22981093836188,374.88102885681394,-0.24982948729591764,-0.055507136511710395,0.08743878105474671,389.9035873328205,-14,-3,5
16:19:08:775,err,err,err,err,err,err,err,err,err,err
16:19:08:897,-87.93724926235451,-47.994005736634044,348.3228865512802,0.9249265415390117,-0.2049010406349485,0.06559096493010691,362.44339929138386,53,-12,-2
16:19:09:021,err,err,err,err,err,err,err,err,err,err
16:19:09:141,-93.01307229592047,-53.25337060600682,374.79175806196326,-0.24996873144124926,-0.05499336377119888,0.08743698106067836,389.8156166830724,-14,-2,5
16:19:09:267,-87.05753442448604,-47.56057575537001,345.2615238336465,0.951536029535999,-0.20138500361676603,0.08067131291175111,359.23048660460944,55,-12,-1
16:19:09:393,-92.41749121657809,-52.936779652125445,372.5319679968692,-0.26422951961430863,-0.0364513123091502,0.08622154742126595,387.45756219529943,-15,-1,5
16:19:09:512,-92.78684614719486,-53.234584879077914,373.9047834699869,-0.26968697188654417,-0.08512098500555013,0.08120000313831219,388.9062958437787,-16,-4,5
16:19:09:639,err,err,err,err,err,err,err,err,err,err
16:19:09:761,-87.84774948205248,-48.01494538906016,348.5167071642622,0.9354610962551133,-0.19757701245798348,0.0803905951971728,362.61075169166725,54,-12,-1
16:19:09:879,-93.14737368010606,-53.400283073103715,375.09488447107543,-0.2710842535292812,-0.0634800200410593,0.09526514508460382,390.1591929099689,-16,-3,6
16:19:10:005,-92.82278378002587,-53.143089248813915,373.7593255253206,-0.2557602239941482,-0.06933800084840595,0.08830110788046805,388.7625117481409,-15,-3,6
16:19:10:127,err,err,err,err,err,err,err,err,err,err
16:19:10:257,err,err,err,err,err,err,err,err,err,err
16:19:10:372,-92.83435819598381,-53.113826560020485,374.0593492546626,-0.26859966373661787,-0.04330337243728736,0.08195481574721565,389.0497312662352,-15,-2,5
16:19:10:499,-92.44879309425502,-52.91363190031013,372.37324989834707,-0.2666255033798078,-0.036746711449475764,0.0860917153877811,387.30926793109757,-15,-1,5
16:19:10:620,-87.9538086331585,-48.108301196878315,348.6831629735041,0.9292097647978426,-0.2073228003530635,0.07512543916946239,362.8088053484026,54,-12,-1
16:19:10:742,err,err,err,err,err,err,err,err,err,err
16:19:10:864,-87.63801658511728,-47.85105544627571,347.5483214833723,0.932816827597182,-0.2073663317902484,0.07019741972676605,361.60749608409026,54,-12,-2
16:19:11:028,err,err,err,err,err,err,err,err,err,err
16:19:11:153,err,err,err,err,err,err,err,err,err,err
16:19:11:274,-92.97089893537408,-53.282954041307136,374.5144054289556,-0.27727766014789434,-0.06598302287676852,0.08882740296281658,389.54293872951126,-16,-3,6
16:19:11:398,err,err,err,err,err,err,err,err,err,err
16:19:11:523,-92.74705022581709,-53.23297964319575,373.8872934869414,-0.2685936082743933,-0.0660215481080767,0.08580775973871392,388.87976763811383,-16,-3,5
16:19:11:643,-93.23678149829868,-53.395648945746046,375.5611006431734,-0.2579031107307568,-0.0764369405872419,0.08413589574091372,390.6281263130071,-15,-4,5
16:19:11:769,-92.32466994752365,-53.016178848123744,372.3364942120216,-0.2638042197649385,-0.06065259822749892,0.08993680072468993,387.2583437741196,-15,-3,6
16:19:11:889,err,err,err,err,err,err,err,err,err,err
16:19:12:040,-92.13203645442331,-52.7507501493541,370.96394660723007,-0.27553629992884354,-0.04346684018680953,0.08389520601149737,385.856454481418,-16,-2,5
16:19:12:179,-93.49543901239305,-53.637441776626474,376.7768248697359,-0.2618673569107532,-0.08575364257155176,0.08991378809217745,391.8917555083045,-15,-4,6
16:19:12:298,err,err,err,err,err,err,err,err,err,err
16:19:12:422,err,err,err,err,err,err,err,err,err,err
16:19:12:549,-93.19434551357679,-53.39255285231128,375.53596138417197,-0.25807155553335,-0.06483936982373782,0.08739238610420626,390.5934062788632,-15,-3,5
16:19:12:672,-93.27315751123635,-53.39589674546876,375.56298873674484,-0.25641038697361457,-0.06265735362362798,0.08797213950885292,390.63865939029256,-15,-3,5
16:19:12:794,-93.39816921222142,-53.52419583472172,376.2262167214639,-0.2649961725927164,-0.06087495664283137,0.09115834413270324,391.3236814971646,-15,-3,6
16:19:12:914,-92.58714373375946,-53.13739373673574,372.9465719880537,-0.26147257693324755,-0.04521047864683765,0.08896320038330366,387.92409999321933,-15,-2,5
16:19:13:039,err,err,err,err,err,err,err,err,err,err
16:19:13:160,-93.2161388635247,-53.368557356161986,375.62257282948985,-0.2579590340979106,-0.06533826941467685,0.08739302862303251,390.6786002303521,-15,-3,5
16:19:13:297,-93.21462506004252,-53.487022194750665,375.1889167706089,-0.2608253625248656,-0.07292020254621569,0.0842685122977375,390.277530913386,-15,-3,5
16:19:13:426,-87.5011823038694,-47.75545059728406,346.8869710520951,0.9406457669656432,-0.2044180642677794,0.07796761646040562,360.92604595958665,54,-12,-1
16:19:13:545,-93.0577635066491,-53.28904257430631,374.54520979699055,-0.2637130276756212,-0.02946899503357965,0.09150889742217964,389.59412673860646,-15,-1,5
16:19:13:657,-87.5011823038694,-47.75545059728406,346.8869710520951,0.9406457669656432,-0.2044180642677794,0.07796761646040562,360.92604595958665,54,-12,-1
16:19:13:776,-91.99797209357904,-52.71575692172771,370.70931491276207,-0.2763979921003993,-0.03943945961094708,0.08444025234849557,385.5748618105841,-16,-2,5
16:19:13:899,-93.19434551357679,-53.39255285231128,375.53596138417197,-0.25807155553335,-0.06483936982373782,0.08739238610420626,390.5934062788632,-15,-3,5
16:19:14:023,-92.57640088020709,-53.04093623221428,373.04341693832623,-0.28805508054622503,-0.05732712011054016,0.07976332531203373,388.0014456639879,-17,-3,5
16:19:14:144,-94.1107556003307,-53.94741475949381,379.2257250667408,-0.23182093617795022,-0.06555285242558656,0.09429084809626803,394.43542998986953,-13,-3,6
16:19:14:267,-93.191772698342,-53.42834238523948,375.5262419399872,-0.2444119451417098,-0.06501798479506421,0.0902970340229837,390.58834167735165,-14,-3,6
16:19:14:392,-93.5165615646238,-53.61296356464564,376.8607331276038,-0.2617653705245858,-0.08624722240268473,0.08991619282898704,391.97411817941384,-15,-4,6
16:19:14:519,-93.19955271068618,-53.351882942228315,375.2694900651809,-0.2868028922857655,-0.06055223389793208,0.08200136003278244,390.3328966571151,-17,-3,5
16:19:14:641,err,err,err,err,err,err,err,err,err,err
16:19:14:801,-92.94625623144302,-53.2702284634952,374.41538215741565,-0.26427039951728076,-0.06745306996858838,0.09148243522660537,389.4401137326221,-15,-3,6
16:19:14:924,-93.16578571685201,-53.41239305350931,375.42115646757907,-0.26018039759058864,-0.07334263493948039,0.08432984970857256,390.47892655480837,-15,-4,5
16:19:15:047,-93.12415079420117,-53.38890660578713,375.2543402162785,-0.26037185803627355,-0.07462219598813392,0.08413864570365616,390.3053966586384,-15,-4,5
16:19:15:169,err,err,err,err,err,err,err,err,err,err
16:19:15:297,err,err,err,err,err,err,err,err,err,err
16:19:15:418,-93.2161388635247,-53.368557356161986,375.62257282948985,-0.2579590340979106,-0.06533826941467685,0.08739302862303251,390.6786002303521,-15,-3,5
16:19:15:541,-93.21286612163586,-53.45426398096049,375.46937262413246,-0.2701361956671433,-0.049895842476993975,0.08845061657061518,390.54224678914807,-16,-2,5
16:19:15:665,-93.03002091047986,-53.26194513590955,374.8600459719509,-0.26333318537858197,-0.052782111376187796,0.08482512417832881,389.88648816849,-15,-2,5
16:19:15:786,-93.31845786018943,-53.57255733989057,376.0536383168921,-0.26561960019819697,-0.06095726288493248,0.09120026744228364,391.1453596410313,-15,-3,6
16:19:15:907,-93.07288892497805,-53.338791879994936,374.88907051947433,-0.24936736916614669,-0.06509100781475444,0.0844028275002787,389.9351286650308,-14,-3,5
16:19:16:031,-93.03987133256089,-53.304707444991735,374.9003836495311,-0.24978004176136168,-0.05395613754429479,0.08760517479289934,389.9334650346662,-14,-2,5
16:19:16:155,err,err,err,err,err,err,err,err,err,err
16:19:16:276,err,err,err,err,err,err,err,err,err,err
16:19:16:398,-93.62433423118875,-53.629820596099876,376.970677897787,-0.2490544551668257,-0.07151900756926127,0.08585027823585815,392.10784946506783,-14,-3,5
16:19:16:526,-93.6798135301611,-53.670280997362035,377.53027730762363,-0.257030490927466,-0.09819666923777937,0.0925070702786413,392.66463656580123,-15,-5,6
16:19:16:643,err,err,err,err,err,err,err,err,err,err
16:19:16:774,-92.81275534099738,-53.137787718080745,373.9735097074266,-0.2686723740375122,-0.042826799690824924,0.08196068247685401,388.9653172205079,-15,-2,5
16:19:16:891,err,err,err,err,err,err,err,err,err,err
16:19:17:014,err,err,err,err,err,err,err,err,err,err
16:19:17:139,err,err,err,err,err,err,err,err,err,err
16:19:17:262,-93.00846774532378,-53.32224886040093,374.77624539330543,-0.263310075948577,-0.05362271075900533,0.08469884395744653,389.8090191452303,-15,-2,5
16:19:17:387,-92.00332161044746,-52.7721178837885,370.6218021479008,-0.2884250023072745,-0.06559938753534088,0.08490860181146775,385.4997118554742,-17,-3,5
16:19:17:513,-93.37301155543486,-53.51049370262902,376.12417065912945,-0.2531208218411576,-0.08796111173727654,0.08672124998263941,391.2176938448061,-15,-4,6
16:19:17:631,err,err,err,err,err,err,err,err,err,err
16:19:17:780,err,err,err,err,err,err,err,err,err,err
16:19:17:876,-92.97934521503855,-53.37917753763157,374.6604871362727,-0.2501597904711143,-0.05307295968522669,0.08757149713610499,389.69857050340903,-14,-2,5
16:19:18:044,-87.5011823038694,-47.75545059728406,346.8869710520951,0.9406457669656432,-0.2044180642677794,0.07796761646040562,360.92604595958665,54,-12,-1
16:19:18:163,err,err,err,err,err,err,err,err,err,err
16:19:18:285,-92.82064347612165,-53.1801739089736,374.00417138919425,-0.2421481927387263,-0.043347758446231524,0.08762435021490286,389.0024716744455,-14,-2,5
16:19:18:419,err,err,err,err,err,err,err,err,err,err
16:19:18:533,err,err,err,err,err,err,err,err,err,err
16:19:18:733,-93.03062638745796,-53.28136770880023,374.7528971299423,-0.2629488729006282,-0.08359123060245084,0.08766936077478772,389.7862689965467,-15,-4,6
16:19:18:869,-92.97934521503855,-53.37917753763157,374.6604871362727,-0.2501597904711143,-0.05307295968522669,0.08757149713610499,389.69857050340903,-14,-2,5
16:19:18:992,-93.21360763137592,-53.38360453343838,375.468313195899,-0.24425873104311135,-0.078158581293431,0.08686726830432084,390.53174018869754,-14,-4,5
16:19:19:111,-92.72605915081951,-53.187131032992596,373.8006268307599,-0.24007303362347054,-0.05676821266908296,0.09460129233975074,388.7851612037566,-14,-3,6
16:19:19:230,err,err,err,err,err,err,err,err,err,err
16:19:19:577,-92.30218185626343,-52.75354087440178,371.9066824171689,0.5041030778916546,-0.4573169010210485,0.15099444844090104,386.8038382394348,29,-27,2
16:19:19:702,-93.1662310355413,-53.40804051902456,375.13782997254617,-0.2609701769082091,-0.06292626776284906,0.08736149994706885,390.2060441279204,-15,-3,5
16:19:19:863,-87.64292567974286,-47.88151650997788,347.55679930473207,0.9384395284159096,-0.1918585158144066,0.0786467495174736,361.6208660848403,54,-11,-1
16:19:19:978,err,err,err,err,err,err,err,err,err,err
16:19:20:102,err,err,err,err,err,err,err,err,err,err
16:19:20:215,err,err,err,err,err,err,err,err,err,err
16:19:20:337,-92.8395058777309,-53.170662857691404,373.97034034852624,-0.28094189402063574,-0.07015823184810834,0.0823701511673763,388.9731465033802,-16,-3,5
16:19:20:460,-92.61968981958447,-53.103504293580315,373.2194432936983,-0.270898166071762,-0.03424442197886301,0.0898176934019952,388.1895696215864,-16,-1,5
16:19:20:585,err,err,err,err,err,err,err,err,err,err
16:19:20:706,-93.1685546426463,-53.37599070385773,375.1789692476251,-0.2710145559666089,-0.06396339988805504,0.09526294711381962,390.2417647094279,-16,-3,6
16:19:20:867,-92.96660929548909,-53.225308124415996,374.3515466301377,-0.2631866528414503,-0.05213295642106605,0.09543091918252494,389.37745740247385,-15,-2,6
16:19:20:999,err,err,err,err,err,err,err,err,err,err
16:19:21:115,-87.63602999212019,-47.84493505846492,347.5330836224692,0.9392225053861201,-0.19799149934507593,0.07552744836274469,361.59155932580984,54,-12,-1
16:19:21:242,-93.23678149829868,-53.395648945746046,375.5611006431734,-0.2579031107307568,-0.0764369405872419,0.08413589574091372,390.6281263130071,-15,-4,5
16:19:21:363,-93.38993019942102,-53.571564262547405,376.0526347383415,-0.26708284037317603,-0.06305273407704688,0.09053241417416939,391.1613166633908,-15,-3,6
16:19:21:482,-92.37658971222649,-52.895528178432244,372.2570895449401,-0.2791983050043996,-0.05979676313155086,0.08713672233762684,387.1778815281238,-16,-3,5
16:19:21:608,-87.2535110433558,-47.61568543387652,345.895952777664,0.9501267092648703,-0.20759284349021653,0.07190373146002085,359.89503863862706,55,-12,-2
16:19:21:730,-92.9915724719305,-53.25842660771009,374.5964736797447,-0.2772263393384439,-0.0664500741292956,0.08882321881459197,389.62342158657606,-16,-3,6
16:19:21:855,err,err,err,err,err,err,err,err,err,err
16:19:21:976,-93.1066122606046,-53.39743272626042,375.0746678715321,-0.27271753992969744,-0.07689241540992192,0.09142907233836009,390.12963684824325,-16,-4,6
16:19:22:100,-92.80234717020639,-53.151242636400475,373.82221701876693,-0.2691490411683044,-0.05661778782924457,0.08883923134492669,388.8192127080645,-16,-3,5
16:19:22:223,err,err,err,err,err,err,err,err,err,err
16:19:22:344,err,err,err,err,err,err,err,err,err,err
16:19:22:473,-93.44471456621021,-53.58280843167805,376.3825389323621,-0.26777129080009326,-0.06080296813117176,0.08037579694868471,391.49310038997805,-15,-3,5
16:19:22:589,err,err,err,err,err,err,err,err,err,err
16:19:22:712,err,err,err,err,err,err,err,err,err,err
16:19:22:838,-87.63209197822287,-47.879885386293346,347.5206631415808,0.9335207857164457,-0.20100770547388924,0.07326415955366194,361.58329369517116,54,-12,-1
16:19:22:961,-92.95638415786176,-53.310965908756316,374.457501028046,-0.2773041606039731,-0.06615274571586258,0.08880466104424814,389.4885987009089,-16,-3,6
16:19:23:085,-93.01307229592047,-53.25337060600682,374.79175806196326,-0.24996873144124926,-0.05499336377119888,0.08743698106067836,389.8156166830724,-14,-2,5
16:19:23:207,err,err,err,err,err,err,err,err,err,err
16:19:23:328,-93.45636054572914,-53.62708509699863,376.4298527310292,-0.25294708798716165,-0.049050749877923475,0.08659436427168359,391.54742957853574,-15,-2,5
16:19:23:456,-93.29426969101081,-53.31274390570132,375.50061052048716,-0.273231284071901,-0.08878988983331022,0.07754098495593152,390.5723721939284,-16,-4,5
16:19:23:575,-93.16921490486448,-53.45187814362534,375.43654208594137,-0.24457186370922737,-0.06449248691366581,0.09029206788470148,390.4999398418886,-14,-3,6
16:19:23:702,-93.19434551357679,-53.39255285231128,375.53596138417197,-0.25807155553335,-0.06483936982373782,0.08739238610420626,390.5934062788632,-15,-3,5
16:19:23:914,err,err,err,err,err,err,err,err,err,err
16:19:24:038,-93.02715791936558,-53.31435744962447,374.7392558983828,-0.27627714401272707,-0.08107015425493899,0.0850125702838446,389.77683709026957,-16,-4,5
16:19:24:183,-87.63209197822287,-47.879885386293346,347.5206631415808,0.9335207857164457,-0.20100770547388924,0.07326415955366194,361.58329369517116,54,-12,-1
16:19:24:324,-87.64292567974286,-47.88151650997788,347.55679930473207,0.9384395284159096,-0.1918585158144066,0.0786467495174736,361.6208660848403,54,-11,-1
16:19:24:435,-93.59701580270475,-53.59866443576575,377.0051142948399,-0.24944150872610696,-0.07180074836445974,0.08594201109690917,392.1301753256626,-14,-3,5
16:19:24:560,err,err,err,err,err,err,err,err,err,err
16:19:24:683,-93.66332723559506,-53.65160573723203,377.1267148155913,-0.24918167680037634,-0.08252365131035211,0.08282369795585347,392.27015269406604,-14,-4,5
16:19:24:802,err,err,err,err,err,err,err,err,err,err
16:19:24:931,-93.59028583896654,-53.64807758331316,376.8340296250945,-0.23443768682996638,-0.05693610882270399,0.09273109931305429,391.9708454914616,-14,-3,6
16:19:25:050,-93.4163954608551,-53.45967876018061,376.2635826005095,-0.24108042080178377,-0.06169768943048146,0.08603783930905955,391.3551376760129,-14,-3,5
16:19:25:178,err,err,err,err,err,err,err,err,err,err
16:19:25:296,-87.36842949063288,-47.67614879575613,346.07947204933635,0.9422513376479184,-0.19298151322178586,0.0792939963967097,360.10728763745135,54,-11,-1
16:19:25:419,err,err,err,err,err,err,err,err,err,err
16:19:25:587,-92.91213024456273,-53.21577653585712,374.27600100511535,-0.25119366184844305,-0.06692038653856264,0.09434157548872638,389.2905184399923,-15,-3,6
16:19:25:707,err,err,err,err,err,err,err,err,err,err
16:19:25:830,-92.82278378002587,-53.143089248813915,373.7593255253206,-0.2557602239941482,-0.06933800084840595,0.08830110788046805,388.7625117481409,-15,-3,6
16:19:25:953,-93.04223037548569,-53.322338351391274,374.7655647209257,-0.23568862675557148,-0.06628775839310072,0.0871695578863596,389.80681997766476,-14,-3,5
16:19:26:075,err,err,err,err,err,err,err,err,err,err
16:19:26:201,-87.50758808812641,-47.82873327920633,346.91192217923236,0.9341367361785053,-0.20131124453112373,0.07880798192638598,360.9612824808007,54,-12,-1
16:19:26:322,err,err,err,err,err,err,err,err,err,err
16:19:26:446,-92.80234717020639,-53.151242636400475,373.82221701876693,-0.2691490411683044,-0.05661778782924457,0.08883923134492669,388.8192127080645,-16,-3,5
16:19:26:567,err,err,err,err,err,err,err,err,err,err
16:19:26:731,err,err,err,err,err,err,err,err,err,err
16:19:26:896,err,err,err,err,err,err,err,err,err,err
16:19:27:020,-92.83306805314328,-53.183933842822775,373.8020267665379,-0.26899326456809397,-0.06801953299963184,0.08559579338762181,388.8116054825637,-16,-3,5
16:19:27:141,err,err,err,err,err,err,err,err,err,err
16:19:27:263,err,err,err,err,err,err,err,err,err,err
16:19:27:386,-93.22093359314404,-53.44385639394121,375.6437833049228,-0.25794601980322035,-0.06379505204526315,0.08755457835424281,390.71043009096826,-15,-3,5
16:19:27:511,err,err,err,err,err,err,err,err,err,err
16:19:27:634,-93.36079435125386,-53.52335769517977,376.2201712201706,-0.2665145416828188,-0.07441821747867634,0.08732414022926518,391.3088357982704,-15,-4,6
16:19:27:756,err,err,err,err,err,err,err,err,err,err
16:19:27:881,-92.63862627507108,-53.05727475615702,373.15123676962764,-0.27413152331027973,-0.04626047731069934,0.08614303170687725,388.1221907922624,-16,-2,5
16:19:28:001,err,err,err,err,err,err,err,err,err,err
16:19:28:128,err,err,err,err,err,err,err,err,err,err
16:19:28:249,-92.39080465378882,-52.958366604503546,372.4240049540698,-0.25250195392096086,-0.046730716560635197,0.08587495721464988,387.35034380263636,-15,-2,5
16:19:28:371,-92.62415171228095,-53.067985993830035,372.98230054100856,-0.27382811634845183,-0.0743067470315172,0.08917941858709229,387.957782670646,-16,-4,6
16:19:28:498,-92.92754203344215,-53.24160251101881,374.48127343566614,-0.28834925711843695,-0.06199854775094057,0.08674077652381658,389.49508400019204,-17,-3,5
16:19:28:617,err,err,err,err,err,err,err,err,err,err
16:19:28:743,err,err,err,err,err,err,err,err,err,err
16:19:28:862,-93.2161388635247,-53.368557356161986,375.62257282948985,-0.2579590340979106,-0.06533826941467685,0.08739302862303251,390.6786002303521,-15,-3,5
16:19:28:987,-93.0279666968567,-53.33085180091194,374.85584024266313,-0.28876906992608303,-0.05273089228231832,0.07919169364025867,389.8913737255485,-17,-2,5
16:19:29:112,-92.4374457361814,-52.92950429620756,372.500436425192,-0.27806344465568905,-0.07464071560296937,0.08337591465218881,387.43101184111504,-16,-4,5
16:19:29:234,-93.16513352788122,-53.37702999114451,375.4183391092806,-0.24461745036462584,-0.06615995615449477,0.09011928502661613,390.47122656543377,-14,-3,6
16:19:29:365,-93.00846774532378,-53.32224886040093,374.77624539330543,-0.263310075948577,-0.05362271075900533,0.08469884395744653,389.8090191452303,-15,-2,5
16:19:29:477,err,err,err,err,err,err,err,err,err,err
16:19:29:602,err,err,err,err,err,err,err,err,err,err
16:19:29:726,err,err,err,err,err,err,err,err,err,err
16:19:29:847,-93.38190404120715,-53.4989172436425,376.30402348759304,-0.2664299749927624,-0.07490134228885847,0.08732347787552854,391.391149927479,-15,-4,6
16:19:29:972,-93.03923005176955,-53.26228756299976,374.6118201479696,-0.26585154629122576,-0.05258979378004845,0.08469868620799775,389.6500807129962,-15,-2,5
16:19:30:120,-93.38190404120715,-53.4989172436425,376.30402348759304,-0.2664299749927624,-0.07490134228885847,0.08732347787552854,391.391149927479,-15,-4,6
16:19:30:258,-92.63463313011385,-53.056354580336645,373.13545959264013,-0.2599391520994155,-0.03769382217737677,0.09190497547886313,388.10594329630663,-15,-1,5
16:19:30:381,-93.33477123142524,-53.540027289503385,375.82991717610616,-0.2692954311413885,-0.072550538246336,0.08730544841655694,390.9297132319083,-16,-3,6
16:19:30:502,err,err,err,err,err,err,err,err,err,err
16:19:30:627,-87.87864239977272,-47.93061765652976,348.3880353020822,0.9367147311688226,-0.21634805298476922,0.07115462723384956,362.483410710902,54,-12,-2
16:19:30:749,err,err,err,err,err,err,err,err,err,err
16:19:30:875,-87.5011823038694,-47.75545059728406,346.8869710520951,0.9406457669656432,-0.2044180642677794,0.07796761646040562,360.92604595958665,54,-12,-1
16:19:30:995,-93.35648358960206,-53.4643136086385,376.0572846646543,-0.2652750710885957,-0.06067078934406712,0.0911053395222686,391.14312879969054,-15,-3,6
16:19:31:119,err,err,err,err,err,err,err,err,err,err
16:19:31:243,err,err,err,err,err,err,err,err,err,err
16:19:31:362,-93.33797858346661,-53.5115938399119,376.12872898268967,-0.2530691828254229,-0.07610787384593651,0.09002784874931398,391.2138669416883,-15,-4,6
16:19:31:489,err,err,err,err,err,err,err,err,err,err
16:19:31:611,err,err,err,err,err,err,err,err,err,err
16:19:31:733,-92.82314533775845,-53.253073931823074,374.017796161934,-0.2555171146091172,-0.04241008818867552,0.0848585260927078,389.0261405605192,-15,-2,5
16:19:31:857,err,err,err,err,err,err,err,err,err,err
16:19:31:986,-92.82314533775845,-53.253073931823074,374.017796161934,-0.2555171146091172,-0.04241008818867552,0.0848585260927078,389.0261405605192,-15,-2,5
16:19:32:106,err,err,err,err,err,err,err,err,err,err
16:19:32:227,-92.84305899473854,-53.11794810045019,373.841776800556,-0.2680635783814225,-0.043885397515053916,0.09256145747635236,388.8431870244088,-15,-2,6
16:19:32:392,-93.78338469339293,-53.70437905441885,377.76829979607965,-0.2580534704140884,-0.08210360419274944,0.08582371355981583,392.92285744785875,-15,-4,5
16:19:32:515,-93.2678536992855,-53.44861224140718,375.688381430532,-0.27061166062992753,-0.06483795626678818,0.0844633249350848,390.76515533769964,-16,-3,5
16:19:32:636,-92.73592718437911,-52.99987644602541,373.2524112694925,-0.2621023209764663,-0.06128711401159276,0.08512664417929082,388.2348536807724,-15,-3,5
16:19:32:761,-92.82365119334325,-53.12713127950315,373.9068288521843,-0.2690728770296086,-0.05709854695724084,0.08883613913356893,388.9023514471848,-16,-3,5
16:19:32:885,-93.07197550423136,-53.390169128214936,374.7454259805844,-0.2511530341645021,-0.06732025640273682,0.08381585250209989,389.803844359146,-15,-3,5
16:19:33:010,-92.82592153596384,-53.21664888371776,373.77599986914436,-0.26813250192094035,-0.04204311194907955,0.09271774972666529,388.7893536422936,-15,-2,6
16:19:33:129,-93.32497281117092,-53.57583249922906,376.0786409056012,-0.2666516646084321,-0.07413446273504168,0.08729830722000663,391.1714004417953,-15,-4,6
16:19:33:253,err,err,err,err,err,err,err,err,err,err
16:19:33:375,err,err,err,err,err,err,err,err,err,err
16:19:33:494,err,err,err,err,err,err,err,err,err,err
16:19:33:623,err,err,err,err,err,err,err,err,err,err
16:19:33:745,-92.99709856974438,-53.27847185304013,374.7295677415338,-0.27638568648005346,-0.05230783090956071,0.08198262842804505,389.7554423547447,-16,-2,5
16:19:33:868,-93.34549587460768,-53.51203538982189,376.1580377071576,-0.2926711019019482,-0.07102500552947892,0.08196105685075956,391.24389945830126,-17,-3,5
16:19:33:992,-92.61740420700232,-53.08135138294452,373.06695713325126,-0.2741898861282254,-0.04579042191849126,0.08614914092006472,388.03938966469116,-16,-2,5
16:19:34:116,-93.03220547897617,-53.25645995288635,374.5475982917689,-0.23876852608737265,-0.025131721508352658,0.08713486660179634,389.58586366695613,-14,-1,5
16:19:34:241,-93.73971533134487,-53.71730218726523,377.5943521789551,-0.24440799224658064,-0.08346848961579846,0.0885608791198784,392.746963810192,-14,-4,6
16:19:34:364,-93.65805694027239,-53.6488961651562,377.10583415885344,-0.24732279690465114,-0.07202064186874006,0.08602522952989393,392.2484491316845,-14,-3,5
16:19:34:482,err,err,err,err,err,err,err,err,err,err
16:19:34:609,-92.66166141617565,-53.13859613083067,372.95837273530367,-0.2599619394553143,-0.04310787557698902,0.08951747532947926,387.9534014395636,-15,-2,5
16:19:34:734,-87.8811050318624,-47.9565160358777,348.3606356346774,0.9435265950227841,-0.20114193001652445,0.06910393858617576,362.46109930821143,54,-12,-2
16:19:34:854,-92.46777597330492,-52.87017166830047,372.33693959122525,-0.2785773861399532,-0.063765582736122,0.08653350409962782,387.27295442600246,-16,-3,5
16:19:34:974,-92.93078126308774,-53.224124678356056,374.35178101774073,-0.27748312548406656,-0.06580679193112542,0.08878273642788612,389.3689683386435,-16,-3,6
16:19:35:129,err,err,err,err,err,err,err,err,err,err
16:19:35:264,err,err,err,err,err,err,err,err,err,err
16:19:35:385,-93.00960186917544,-53.30570992836687,374.66940998933836,-0.2630520569797158,-0.08310080994039612,0.08766726866655919,389.70431295097137,-15,-4,6
16:19:35:509,-93.33797858346661,-53.5115938399119,376.12872898268967,-0.2530691828254229,-0.07610787384593651,0.09002784874931398,391.2138669416883,-15,-4,6
16:19:35:630,-93.33797858346661,-53.5115938399119,376.12872898268967,-0.2530691828254229,-0.07610787384593651,0.09002784874931398,391.2138669416883,-15,-4,6
16:19:35:767,-88.08377562059087,-48.106409612811476,349.1786261340102,0.9349252562399467,-0.20407711423493338,0.0718105941095645,363.31624120351273,54,-12,-2
16:19:35:885,-93.00960186917544,-53.30570992836687,374.66940998933836,-0.2630520569797158,-0.08310080994039612,0.08766726866655919,389.70431295097137,-15,-4,6
16:19:36:039,-93.19434551357679,-53.39255285231128,375.53596138417197,-0.25807155553335,-0.06483936982373782,0.08739238610420626,390.5934062788632,-15,-3,5
16:19:36:172,-93.36079435125386,-53.52335769517977,376.2201712201706,-0.2665145416828188,-0.07441821747867634,0.08732414022926518,391.3088357982704,-15,-4,6
16:19:36:285,-93.00359017642312,-53.28129142368072,374.50272823579735,-0.27591659625995024,-0.05287291201755972,0.09260395141599599,389.53928846463583,-16,-2,6
16:19:36:413,-93.89491669455933,-53.842042352042824,378.2333067802494,-0.2535165863908311,-0.09333639960380136,0.08839096476155676,393.4153724292426,-15,-5,6
16:19:36:533,-92.837844474067,-53.20710255498265,373.9645355051886,-0.2680289537653002,-0.07018266216358232,0.08518527690787633,388.97215188815125,-16,-3,5
16:19:36:653,-93.00359017642312,-53.28129142368072,374.50272823579735,-0.27591659625995024,-0.05287291201755972,0.09260395141599599,389.53928846463583,-16,-2,6
16:19:36:779,-93.73971533134487,-53.71730218726523,377.5943521789551,-0.24440799224658064,-0.08346848961579846,0.0885608791198784,392.746963810192,-14,-4,6
16:19:36:900,-92.37213508897669,-52.87411344852319,372.09627455158153,-0.26527559648253035,-0.04778466478542966,0.09350453496847234,387.0192769734208,-15,-2,6
16:19:37:023,-93.18420056247237,-53.45829195874538,375.49774816103553,-0.27137441930397505,-0.06315763991444988,0.0846768134970029,390.56323826958163,-16,-3,5
16:19:37:147,err,err,err,err,err,err,err,err,err,err
16:19:37:268,-93.33797858346661,-53.5115938399119,376.12872898268967,-0.2530691828254229,-0.07610787384593651,0.09002784874931398,391.2138669416883,-15,-4,6
16:19:37:393,err,err,err,err,err,err,err,err,err,err
16:19:37:516,-93.16921490486448,-53.45187814362534,375.43654208594137,-0.24457186370922737,-0.06449248691366581,0.09029206788470148,390.4999398418886,-14,-3,6
16:19:37:640,-92.82700586852428,-53.14197750595314,373.74495565842534,-0.2582445324231914,-0.042340275288328795,0.08469361079849906,388.7495526323813,-15,-2,5
16:19:37:790,-92.83516523150858,-53.219986763483945,373.81135487507055,-0.2819216180821476,-0.06603545235952894,0.08295569404674741,388.82600726829327,-16,-3,5
16:19:38:016,err,err,err,err,err,err,err,err,err,err
16:19:38:145,-93.62327884465599,-53.593071239104326,376.9655110394022,-0.2481552872349804,-0.05771112818248027,0.08977652013081296,392.0976053735365,-14,-3,6
16:19:38:278,-92.83435819598381,-53.113826560020485,374.0593492546626,-0.26859966373661787,-0.04330337243728736,0.08195481574721565,389.0497312662352,-15,-2,5
16:19:38:430,err,err,err,err,err,err,err,err,err,err
16:19:38:589,-92.86372083217249,-53.33552897833361,374.3716308423141,-0.27714752229862805,-0.0764840165175578,0.08557269669084545,389.38729727320106,-16,-4,5
16:19:38:700,-93.60893444393727,-53.58249673137979,376.65268259124434,-0.2627632940238974,-0.08236953933595473,0.09051003525113684,391.7919854551371,-15,-4,6
16:19:38:829,-93.3598351575592,-53.487585707117866,376.21560026993814,-0.25293635149112625,-0.07661946086159449,0.09003177733012252,391.29932089372807,-15,-4,6
16:19:38:948,-93.43301571051717,-53.5045215655819,376.3322226320389,-0.2546627428751708,-0.06073058275645333,0.08325407587102594,391.4312251774174,-15,-3,5
16:19:39:074,err,err,err,err,err,err,err,err,err,err
16:19:39:223,-93.21694218961116,-53.385015674473514,375.4825994686069,-0.2569411955384546,-0.05116799936641617,0.09117294565417353,390.5464642183403,-15,-2,6
16:19:39:360,-87.63602999212019,-47.84493505846492,347.5330836224692,0.9392225053861201,-0.19799149934507593,0.07552744836274469,361.59155932580984,54,-12,-1
16:19:39:487,-87.68245576649896,-47.884471049758524,347.5804491890699,0.938377686129873,-0.19138404069008305,0.07855714234769477,361.65356942167017,54,-11,-1
16:19:39:605,-93.37788461653126,-53.433087659501204,375.8528004571844,-0.2827220985694741,-0.08214814611435735,0.08132742748367039,390.9473772821532,-16,-4,5
16:19:39:735,err,err,err,err,err,err,err,err,err,err
16:19:39:853,err,err,err,err,err,err,err,err,err,err
16:19:39:975,-92.84763142616656,-53.19278354260392,373.86221290554465,-0.2680580728191808,-0.04252482953237306,0.09271345653755075,388.874155892482,-15,-2,6
16:19:40:100,-92.82365119334325,-53.12713127950315,373.9068288521843,-0.2690728770296086,-0.05709854695724084,0.08883613913356893,388.9023514471848,-16,-3,5
16:19:40:219,-92.91661303615871,-53.262257678601166,373.852993028527,-0.26997397617587454,-0.0685678942776317,0.0851483781831486,388.8912771810662,-16,-3,5
16:19:40:343,-87.63602999212019,-47.84493505846492,347.5330836224692,0.9392225053861201,-0.19799149934507593,0.07552744836274469,361.59155932580984,54,-12,-1
16:19:40:466,-92.80450662450743,-53.2072258854904,373.9407301267313,-0.24228224007807522,-0.043457327807947435,0.0875913234930795,388.94132588857246,-14,-2,5
16:19:40:588,err,err,err,err,err,err,err,err,err,err
16:19:40:713,-93.16513352788122,-53.37702999114451,375.4183391092806,-0.24461745036462584,-0.06615995615449477,0.09011928502661613,390.47122656543377,-14,-3,6
16:19:40:833,err,err,err,err,err,err,err,err,err,err
16:19:40:962,-93.51899852944591,-53.522349922102805,376.97878008744823,-0.2619150277132556,-0.05665132444254912,0.08694267019403908,392.075816218439,-15,-3,5
16:19:41:080,-92.81026629130686,-53.0822559400139,373.8519452556944,-0.28206562469599944,-0.05567548991385131,0.0861459433983479,388.8402607706809,-16,-2,5
16:19:41:202,-94.07622393607197,-53.82517470223494,378.3796344222528,-0.2517194495981766,-0.079950100204952,0.09232362180129318,393.5970440530693,-15,-4,6
16:19:41:356,-93.24370630438688,-53.360715590009335,375.5558522960825,-0.2466759936936138,-0.05071672122573088,0.08330041184541309,390.619959714674,-14,-2,5
16:19:41:534,-93.19914992896081,-53.46784234381926,375.557212184496,-0.25805615441141205,-0.06329877154455855,0.08755426841454338,390.6252825102018,-15,-3,5
16:19:41:657,-93.51709551901408,-53.62868664010198,376.71798121087113,-0.2623122080854696,-0.0974357569088018,0.086556353339043,391.8391513780226,-15,-5,6
16:19:41:782,-92.90499250632985,-53.323907520592705,374.5365394000162,-0.26381979241217973,-0.07746568400419697,0.0884113807123313,389.5540990563516,-15,-4,6
16:19:41:899,err,err,err,err,err,err,err,err,err,err
16:19:42:022,-92.92796100652946,-53.298559688123085,374.62876621914774,-0.2877374310880102,-0.0659176999422165,0.08612434968920307,389.6447803840574,-17,-3,5
16:19:42:149,err,err,err,err,err,err,err,err,err,err
16:19:42:271,-92.74178655865487,-53.157747537687726,373.86412539395474,-0.26858771643979157,-0.06749652390923841,0.08565231914802146,388.84594552850666,-16,-3,5
16:19:42:437,err,err,err,err,err,err,err,err,err,err
16:19:42:557,-93.03987133256089,-53.304707444991735,374.9003836495311,-0.24978004176136168,-0.05395613754429479,0.08760517479289934,389.9334650346662,-14,-2,5
16:19:42:682,-93.04684862747415,-53.304555820732546,374.672841204986,-0.2767211962199881,-0.09228854427368095,0.08169556025561628,389.71634511188563,-16,-5,5
16:19:42:805,-93.51709551901408,-53.62868664010198,376.71798121087113,-0.2623122080854696,-0.0974357569088018,0.086556353339043,391.8391513780226,-15,-5,6
16:19:42:925,err,err,err,err,err,err,err,err,err,err
16:19:43:051,-93.03062638745796,-53.28136770880023,374.7528971299423,-0.2629488729006282,-0.08359123060245084,0.08766936077478772,389.7862689965467,-15,-4,6
16:19:43:211,err,err,err,err,err,err,err,err,err,err
16:19:43:335,-93.38190404120715,-53.4989172436425,376.30402348759304,-0.2664299749927624,-0.07490134228885847,0.08732347787552854,391.391149927479,-15,-4,6
16:19:43:461,-92.81850641561297,-53.17817532177,373.99718704525725,-0.2555757515943603,-0.0438512692684888,0.08469697423394601,388.99497346565187,-15,-2,5
16:19:43:590,err,err,err,err,err,err,err,err,err,err
16:19:43:711,err,err,err,err,err,err,err,err,err,err
16:19:43:828,-92.91458568306251,-53.24589235737214,373.98694856842667,-0.26602055371754024,-0.05769826868752837,0.08878217708303382,389.0173299290291,-15,-3,5
16:19:43:954,-93.2161388635247,-53.368557356161986,375.62257282948985,-0.2579590340979106,-0.06533826941467685,0.08739302862303251,390.6786002303521,-15,-3,5
16:19:44:076,-93.58910030771223,-53.59190159399096,376.9731277414778,-0.2763900248591495,-0.06875304734390549,0.080446492682482,392.09660882499304,-16,-3,5
16:19:44:200,-93.2246082842461,-53.44483693960679,375.6597225633631,-0.2710750371575521,-0.06522203810973763,0.08453448170354791,390.72676558131417,-16,-3,5
16:19:44:329,-93.19912796967952,-53.39131063771101,375.2681263128785,-0.24730504679130894,-0.06338464878374185,0.09027533569375644,390.33687518898313,-14,-3,6
16:19:44:443,-93.39106885029629,-53.4848610087776,376.19631250199643,-0.2515162482633481,-0.06259465054489693,0.09387651248036968,391.2878577699911,-15,-3,6
16:19:44:563,-93.17919217978917,-53.42030801092988,375.4765013697153,-0.25815244861052794,-0.06501316466407603,0.08736335068350419,390.5364185887182,-15,-3,5
16:19:44:695,-92.74999457119381,-53.06407963208812,373.45135126880984,-0.25924163993644994,-0.07389107139119022,0.08190606803500669,388.43824451855545,-15,-4,5
16:19:44:816,err,err,err,err,err,err,err,err,err,err
16:19:44:934,-87.25329387226206,-47.61703879631425,345.88812233675065,0.9437338013634589,-0.19860115665651157,0.07601855679064946,359.88763919997587,54,-12,-1
16:19:45:058,-93.22134645294138,-53.46006939881656,375.50227356012783,-0.25691598205419947,-0.04969653579808959,0.09133301730363184,390.57669656989356,-15,-2,6
16:19:45:188,-93.19434551357679,-53.39255285231128,375.53596138417197,-0.25807155553335,-0.06483936982373782,0.08739238610420626,390.5934062788632,-15,-3,5
16:19:45:306,-92.82182016800597,-53.182036615578454,374.04289622501517,-0.2695591171298158,-0.08537929674787724,0.08122404970344718,389.04023896543123,-16,-4,5
16:19:45:433,-92.81850641561297,-53.17817532177,373.99718704525725,-0.2555757515943603,-0.0438512692684888,0.08469697423394601,388.99497346565187,-15,-2,5
16:19:45:551,err,err,err,err,err,err,err,err,err,err
16:19:45:677,-93.20526752990907,-53.4339051060791,375.5814263552193,-0.2713078621152835,-0.06363144274427095,0.08467296092543825,390.6453787429571,-16,-3,5
16:19:45:800,-92.97934521503855,-53.37917753763157,374.6604871362727,-0.2501597904711143,-0.05307295968522669,0.08757149713610499,389.69857050340903,-14,-2,5
16:19:45:920,-93.10889797042691,-53.43859496657653,375.33908259157903,-0.24521391287156769,-0.0526668911911043,0.09349518081839968,390.39003219083014,-14,-2,6
16:19:46:048,-93.36538500869341,-53.56234240233329,376.24067185695617,-0.2663045332563103,-0.07626475812604834,0.08715840467419789,391.33497518215785,-15,-4,6
16:19:46:169,-93.05383412696065,-53.21508026497573,374.55659664014837,-0.28866238900424995,-0.06277389248867737,0.08670359942534797,389.59402574986507,-17,-3,5
16:19:46:292,-92.9815343502517,-53.29390767973837,374.8433196672096,-0.27464912387523877,-0.06796090821338575,0.08881488806686585,389.86320758060435,-16,-3,6
16:19:46:413,err,err,err,err,err,err,err,err,err,err
16:19:46:535,err,err,err,err,err,err,err,err,err,err
16:19:46:669,-87.64767478368593,-47.854374255321815,347.57680025837476,0.9318008157936312,-0.19496447493854893,0.07645767623181715,361.63764752609114,54,-12,-1
16:19:46:782,-93.25825231949653,-53.37146431553784,375.6463773636303,-0.2577868537541614,-0.07693137153008926,0.08413792479126436,390.71193436506456,-15,-4,5
16:19:46:904,-87.51071734706396,-47.7934082091644,346.92115308920694,0.9398248063213462,-0.19830821962284337,0.08107641809778487,360.9662338496366,54,-12,-1
16:19:47:030,-92.82314533775845,-53.253073931823074,374.017796161934,-0.2555171146091172,-0.04241008818867552,0.0848585260927078,389.0261405605192,-15,-2,5
16:19:47:150,-93.5165615646238,-53.61296356464564,376.8607331276038,-0.2617653705245858,-0.08624722240268473,0.08991619282898704,391.97411817941384,-15,-4,6
16:19:47:299,-87.51071734706396,-47.7934082091644,346.92115308920694,0.9398248063213462,-0.19830821962284337,0.08107641809778487,360.9662338496366,54,-12,-1
16:19:47:442,err,err,err,err,err,err,err,err,err,err
16:19:47:564,-93.22468374448843,-53.33221214316365,375.36919146079276,-0.26069652688032013,-0.06375151063485572,0.08738777166885833,390.4320637566446,-15,-3,5
16:19:47:684,-93.91165423991843,-53.83046007322029,378.15447224141093,-0.2541010843587257,-0.10534213515836538,0.08498751890570679,393.3419912874197,-15,-5,6
16:19:47:806,err,err,err,err,err,err,err,err,err,err
16:19:47:939,-93.20023889144028,-53.32216146238259,375.55736013947535,-0.27143955186927005,-0.06375421092914405,0.08464623354969167,390.6057708065429,-16,-3,5
16:19:48:054,-92.42842457337525,-52.830371392067924,372.69061204395706,0.49730053573301475,-0.4471414299533931,0.15350299070954215,387.5981864202144,28,-27,2
16:19:48:177,err,err,err,err,err,err,err,err,err,err
16:19:48:298,err,err,err,err,err,err,err,err,err,err
16:19:48:419,-92.94625623144302,-53.2702284634952,374.41538215741565,-0.26427039951728076,-0.06745306996858838,0.09148243522660537,389.4401137326221,-15,-3,6
16:19:48:545,err,err,err,err,err,err,err,err,err,err
16:19:48:664,-86.81708787471682,-47.36715118644253,344.29435531450514,0.9416090478540563,-0.2018369224986113,0.07439861711022022,358.2170527208278,54,-12,-1
16:19:48:789,-92.8454389127258,-53.22952562131756,374.1064227288912,-0.2554038067109363,-0.04290772289267783,0.08485639782054058,389.11344547801866,-15,-2,5
16:19:48:913,-93.21144648808612,-53.50872763753055,375.60919575245134,-0.2840413176664019,-0.06339189595591459,0.08186516238846973,390.68379237382254,-16,-3,5
16:19:49:038,-92.81850641561297,-53.17817532177,373.99718704525725,-0.2555757515943603,-0.0438512692684888,0.08469697423394601,388.99497346565187,-15,-2,5
16:19:49:202,err,err,err,err,err,err,err,err,err,err
16:19:49:321,err,err,err,err,err,err,err,err,err,err
16:19:49:448,-92.97502964182661,-53.30434070628182,374.6412572307539,-0.25021295911676067,-0.054623019786224816,0.08740448489282333,389.66880872667986,-14,-2,5
16:19:49:570,-92.97502964182661,-53.30434070628182,374.6412572307539,-0.25021295911676067,-0.054623019786224816,0.08740448489282333,389.66880872667986,-14,-2,5
16:19:49:695,-93.36079435125386,-53.52335769517977,376.2201712201706,-0.2665145416828188,-0.07441821747867634,0.08732414022926518,391.3088357982704,-15,-4,6
16:19:49:813,-92.71925756961583,-53.098672375495795,373.1884148212016,-0.2621832337491952,-0.05930146876704287,0.08528711719348032,388.18284697943864,-15,-3,5
16:19:49:937,err,err,err,err,err,err,err,err,err,err
16:19:50:061,-93.36147847698768,-53.449749353786515,376.2202013302636,-0.27982606566918905,-0.07303137934243925,0.08460462174171636,391.2989665950777,-16,-3,5
16:19:50:183,-88.01855871666753,-48.11019316723532,349.1816491015267,0.9288920941293893,-0.20039916150527337,0.07275726665159969,363.3038417556438,54,-12,-1
16:19:50:312,-93.01811178897985,-53.254111871784495,374.81302824172013,-0.27633580508569905,-0.05277247466255034,0.0819758491145991,389.8373708250252,-16,-2,5
16:19:50:430,err,err,err,err,err,err,err,err,err,err
16:19:50:551,-93.36079435125386,-53.52335769517977,376.2201712201706,-0.2665145416828188,-0.07441821747867634,0.08732414022926518,391.3088357982704,-15,-4,6
16:19:50:719,-92.77576340255837,-53.209504187992096,373.71686915291394,-0.256116392436216,-0.05621640441443058,0.09167765334633464,388.71955430659216,-15,-3,6
16:19:50:839,-92.96762087901425,-53.24610284281762,374.5002424908321,-0.26417664815811404,-0.06794582997424273,0.09148226741841704,389.5235007358915,-15,-3,6
16:19:50:968,err,err,err,err,err,err,err,err,err,err
16:19:51:093,err,err,err,err,err,err,err,err,err,err
16:19:51:210,err,err,err,err,err,err,err,err,err,err
16:19:51:334,-93.04223037548569,-53.322338351391274,374.7655647209257,-0.23568862675557148,-0.06628775839310072,0.0871695578863596,389.80681997766476,-14,-3,5
16:19:51:453,err,err,err,err,err,err,err,err,err,err
16:19:51:578,err,err,err,err,err,err,err,err,err,err
16:19:51:699,-93.91637523780854,-53.81760925283339,378.31853352361406,-0.2533868318914825,-0.09384399433829453,0.08839637214902224,393.4990894664909,-15,-5,6
16:19:51:822,err,err,err,err,err,err,err,err,err,err
16:19:51:947,err,err,err,err,err,err,err,err,err,err
16:19:52:072,-92.96992668581946,-53.33389825192427,374.3674464126989,-0.2774855036711577,-0.07682910985396764,0.08554266688795169,389.40839346921916,-16,-4,5
16:19:52:193,-93.05383412696065,-53.21508026497573,374.55659664014837,-0.28866238900424995,-0.06277389248867737,0.08670359942534797,389.59402574986507,-17,-3,5
16:19:52:316,-87.50299687261911,-47.72677885833994,346.89547791646805,0.9340668556693155,-0.20760470094759384,0.0757831731858714,360.9308693929867,54,-12,-1
16:19:52:438,-93.36079435125386,-53.52335769517977,376.2201712201706,-0.2665145416828188,-0.07441821747867634,0.08732414022926518,391.3088357982704,-15,-4,6
16:19:52:563,-93.30066547759571,-53.39924531880071,376.085083740656,-0.24187816059893166,-0.05755810912327667,0.08661435376549854,391.14764960484666,-14,-3,5
16:19:52:682,err,err,err,err,err,err,err,err,err,err
16:19:52:851,-92.51613128302897,-52.998349876477015,373.22832050136617,-0.26216748534949974,-0.07247276861663948,0.08196817672677192,388.159038103557,-15,-3,5
16:19:52:971,-93.25825231949653,-53.37146431553784,375.6463773636303,-0.2577868537541614,-0.07693137153008926,0.08413792479126436,390.71193436506456,-15,-4,5
16:19:53:093,err,err,err,err,err,err,err,err,err,err
16:19:53:222,err,err,err,err,err,err,err,err,err,err
16:19:53:339,-92.0232722009137,-52.78196627726088,370.7017677322417,-0.30073196443328015,-0.06400991222575375,0.08234885911301347,385.5827008444054,-17,-3,5
16:19:53:466,-93.03987133256089,-53.304707444991735,374.9003836495311,-0.24978004176136168,-0.05395613754429479,0.08760517479289934,389.9334650346662,-14,-2,5
16:19:53:585,err,err,err,err,err,err,err,err,err,err
16:19:53:708,-93.34607411515177,-53.551417718830116,376.1624613493057,-0.2665685461310317,-0.07461914239730588,0.08729733819605516,391.25367885909515,-15,-4,6
16:19:53:831,err,err,err,err,err,err,err,err,err,err
16:19:53:956,-92.99837926079061,-53.112141294080054,374.2973099980053,-0.23883641369287714,-0.038734754334684866,0.09405703046947561,389.3174467831092,-14,-2,6
16:19:54:175,err,err,err,err,err,err,err,err,err,err
16:19:54:287,-87.89362942904964,-48.03781670771296,348.441391719664,0.9361384657039644,-0.20402672819282852,0.07742920468033944,362.55251397803227,54,-12,-1
16:19:54:416,-93.76192813077459,-53.72876894275424,377.683085782097,-0.25816429685447473,-0.08160662451518912,0.08582160962021923,392.83914400781305,-15,-4,5
16:19:54:529,-92.81275534099738,-53.137787718080745,373.9735097074266,-0.2686723740375122,-0.042826799690824924,0.08196068247685401,388.9653172205079,-15,-2,5
16:19:54:650,err,err,err,err,err,err,err,err,err,err
16:19:54:779,-93.32497281117092,-53.57583249922906,376.0786409056012,-0.2666516646084321,-0.07413446273504168,0.08729830722000663,391.1714004417953,-15,-4,6
16:19:54:899,-93.36871761292545,-53.508592482246925,376.1074817484846,-0.2516503684786928,-0.062077527856493106,0.09387362398605328,391.2003639125353,-15,-3,6
16:19:55:021,-87.37034353032476,-47.619016068216546,346.12212383339084,0.9357196714233331,-0.20780234189219723,0.08119648959267739,360.141183741667,54,-12,-1
16:19:55:146,-93.01743078926785,-53.328258074456215,374.81116200204457,-0.24991697077496697,-0.05344532445574601,0.08760367980705196,389.8455498030149,-14,-2,5
16:19:55:265,err,err,err,err,err,err,err,err,err,err
16:19:55:393,-93.00832824991015,-53.28592418688878,374.77384322938656,-0.2634227727067089,-0.05229640899036664,0.08482816296148424,389.80170908965846,-15,-2,5
16:19:55:514,-92.41786872755594,-52.97302069148768,372.5352880884321,-0.2641334928629713,-0.03770764843292516,0.0860952253891605,387.46579752599536,-15,-1,5
16:19:55:679,-93.31744603652412,-53.51955249446741,376.19130345297236,-0.2669809565601813,-0.07482765955529976,0.08739268859082612,391.27021996011143,-15,-4,6
16:19:55:804,-93.5165615646238,-53.61296356464564,376.8607331276038,-0.2617653705245858,-0.08624722240268473,0.08991619282898704,391.97411817941384,-15,-4,6
16:19:55:923,err,err,err,err,err,err,err,err,err,err
16:19:56:085,err,err,err,err,err,err,err,err,err,err
16:19:56:210,-93.40921831153379,-53.43519597914368,376.089102830994,-0.24043648937076917,-0.046157475207907236,0.0899185334431759,391.18233025422205,-14,-2,5
16:19:56:333,-92.62448224095948,-53.08637854823032,373.09422865234404,-0.26130049528732946,-0.045590357087542735,0.08898715163098851,388.06798599144895,-15,-2,5
16:19:56:458,-93.20023889144028,-53.32216146238259,375.55736013947535,-0.27143955186927005,-0.06375421092914405,0.08464623354969167,390.6057708065429,-16,-3,5
16:19:56:580,-92.64980180051964,-53.11851561860608,373.08634358104376,-0.27380259489368464,-0.07328980196748504,0.08932973330276485,388.0708469363195,-16,-3,6
16:19:56:702,-93.5069798390706,-53.60103741599408,376.521502869311,-0.26526622080040385,-0.08096762532499828,0.08658871305613054,391.6440585706104,-15,-4,6
16:19:56:830,err,err,err,err,err,err,err,err,err,err
16:19:56:948,err,err,err,err,err,err,err,err,err,err
16:19:57:075,-93.61181690578223,-53.604335728382146,376.8086651176225,-0.2633888639925859,-0.1000779269616426,0.08592319850508844,391.9456176320988,-15,-5,6
16:19:57:236,-92.79777115377632,-53.18581881033034,373.8043227860233,-0.25599877465191245,-0.056721159263478406,0.09167831269473534,388.8056447470271,-15,-3,6
16:19:57:363,-93.15082633094053,-53.4363499469264,375.10776983339576,-0.2858969806464855,-0.08779874530637001,0.08533292495763244,390.17734292392123,-17,-4,6
16:19:57:484,err,err,err,err,err,err,err,err,err,err
16:19:57:604,err,err,err,err,err,err,err,err,err,err
16:19:57:768,-93.19434551357679,-53.39255285231128,375.53596138417197,-0.25807155553335,-0.06483936982373782,0.08739238610420626,390.5934062788632,-15,-3,5
16:19:57:892,-93.01743078926785,-53.328258074456215,374.81116200204457,-0.24991697077496697,-0.05344532445574601,0.08760367980705196,389.8455498030149,-14,-2,5
16:19:58:013,-93.02668953195692,-53.393094042532084,375.0396994556075,-0.2727173947300321,-0.0878641458141776,0.0881475929313352,390.0763561464116,-16,-4,6
16:19:58:137,err,err,err,err,err,err,err,err,err,err
16:19:58:261,err,err,err,err,err,err,err,err,err,err
16:19:58:383,-93.37301155543486,-53.51049370262902,376.12417065912945,-0.2531208218411576,-0.08796111173727654,0.08672124998263941,391.2176938448061,-15,-4,6
16:19:58:511,-93.43928494316481,-53.43621854448678,376.3545776123511,-0.24090989124739834,-0.06222893962069083,0.08604271770168571,391.4448843870556,-14,-3,5
16:19:58:629,err,err,err,err,err,err,err,err,err,err
16:19:58:750,err,err,err,err,err,err,err,err,err,err
16:19:58:878,-92.38289118260047,-52.94925113335791,372.1080796414629,-0.2541161740768983,-0.033604601347679085,0.08909624982645162,387.0434661808631,-15,-1,5
16:19:58:997,err,err,err,err,err,err,err,err,err,err
16:19:59:124,-92.77097559690348,-53.27801105879308,373.70059355121305,-0.26927509109369885,-0.05485706885274462,0.08897181690211946,388.7121479914296,-16,-2,5
16:19:59:280,-93.55950142985353,-53.650357132767255,376.8568517193305,-0.24968708697820852,-0.07148469785480382,0.08590611160123476,391.9857495063841,-14,-3,5
16:19:59:412,-93.00846774532378,-53.32224886040093,374.77624539330543,-0.263310075948577,-0.05362271075900533,0.08469884395744653,389.8090191452303,-15,-2,5
16:19:59:537,-93.40309238314148,-53.44987002234709,375.9558409149876,-0.25584032370618476,-0.086745489751907,0.08671832390362492,391.0547539542704,-15,-4,6
16:19:59:700,-92.9110327661959,-53.26375077174576,374.1149199976203,-0.2678600792417153,-0.08167340470475683,0.08196581418972021,389.14195420280964,-16,-4,5
16:19:59:953,err,err,err,err,err,err,err,err,err,err
16:20:00:071,-93.01307229592047,-53.25337060600682,374.79175806196326,-0.24996873144124926,-0.05499336377119888,0.08743698106067836,389.8156166830724,-14,-2,5
16:20:00:193,-87.87559268991902,-47.99068860319799,348.3420104590258,0.9378345108943419,-0.20417909855741542,0.06684818952501538,362.44638532319465,54,-12,-2
16:20:00:352,-93.29427447498814,-53.57991868705122,376.0997415524166,-0.2549780724107412,-0.0885308445903932,0.08627884718673885,391.18492421375345,-15,-4,6
16:20:00:477,-93.54778728256156,-53.5682464758939,376.5516253593543,-0.2649757589690919,-0.09621626666193796,0.08656274329761178,391.67827626348776,-15,-5,6
16:20:00:600,err,err,err,err,err,err,err,err,err,err
16:20:00:724,-93.60373440404484,-53.56703932059937,377.0299585826657,-0.23381156920871415,-0.06099533965282881,0.09213039047456296,392.1513438263398,-14,-3,6
16:20:00:843,-92.53074303538456,-53.10740899745428,372.74972742180915,-0.2748870098531016,-0.079655203107569,0.08663779725904358,387.71728693744916,-16,-4,6
16:20:00:970,-93.68852379283574,-53.572718880067505,377.08089508917993,-0.24750195694758767,-0.05776120147135082,0.08972104840669894,392.2213369259003,-14,-3,5
16:20:01:089,-93.40578861061441,-53.50834410011963,376.1128959243898,-0.25474821476601267,-0.0906101739737281,0.08615036985431353,391.21438459614245,-15,-5,6
16:20:01:216,-92.61740420700232,-53.08135138294452,373.06695713325126,-0.2741898861282254,-0.04579042191849126,0.08614914092006472,388.03938966469116,-16,-2,5
16:20:01:334,-93.60748336665755,-53.54817053836045,376.8997547620348,-0.23553664818393533,-0.08340929279073116,0.08560957783520134,392.02447965647036,-14,-4,5
16:20:01:458,-92.7060131759594,-53.209798943805104,373.72270004215926,-0.26871915491664883,-0.067187534716721,0.0856296183763422,388.70855934674637,-16,-3,5
16:20:01:585,err,err,err,err,err,err,err,err,err,err
16:20:01:706,-93.81610606656712,-53.75474209733367,377.6137868505309,-0.2586021310896817,-0.07045375470226486,0.08906163011995506,392.78900961590364,-15,-3,6
16:20:01:829,-93.7925659111632,-53.68971744649999,377.66014774906506,-0.244402549274025,-0.09619190623501322,0.085219248657807,392.81906570013956,-14,-5,6
16:20:01:951,-87.37539386688437,-47.684940556591826,346.11426496545477,0.9358465092704141,-0.2022329720357084,0.07397978594637121,360.1435788985497,54,-12,-1
16:20:02:072,-93.2161388635247,-53.368557356161986,375.62257282948985,-0.2579590340979106,-0.06533826941467685,0.08739302862303251,390.6786002303521,-15,-3,5
16:20:02:198,err,err,err,err,err,err,err,err,err,err
16:20:02:322,err,err,err,err,err,err,err,err,err,err
16:20:02:439,err,err,err,err,err,err,err,err,err,err
16:20:02:564,-93.07652963507304,-53.21212137738566,374.75942034474895,-0.2510360667406753,-0.04427654272793841,0.09056282326081254,389.7940396767535,-14,-2,5
16:20:02:690,-92.60388009373561,-53.00264806123555,373.0090062821847,-0.2615153680732291,-0.04580812101506081,0.08893181325174818,387.9696870601376,-15,-2,5
16:20:02:810,err,err,err,err,err,err,err,err,err,err
16:20:02:939,-93.63501783526809,-53.525840400821764,377.01081706971075,-0.26174478821104585,-0.05696062172915066,0.08697889420412658,392.13478338856413,-15,-3,5
16:20:03:056,-92.82133665290654,-53.14182145229713,373.75551264157036,-0.2681401449588902,-0.04340138236261626,0.09256545131526268,388.7583271844644,-15,-2,6
16:20:03:181,-93.16046452858124,-53.33684054863953,375.397846619604,-0.2601908887346478,-0.0749186144085407,0.08416752477747334,390.444917955821,-15,-4,5
16:20:03:303,-93.73971533134487,-53.71730218726523,377.5943521789551,-0.24440799224658064,-0.08346848961579846,0.0885608791198784,392.746963810192,-14,-4,6
16:20:03:426,-92.91390753375345,-53.197651132730165,374.3935688218128,-0.25214439521959003,-0.03941874885764295,0.09110925547408044,389.40150060620465,-15,-2,5
16:20:03:550,-92.75514474986475,-53.13915458200979,373.4739268602044,-0.2592287731532431,-0.0723108133021636,0.08206875526592802,388.4714412561629,-15,-3,5
16:20:03:672,-93.96419578129753,-53.88149730506072,378.51240526549515,-0.250773578016257,-0.0834473406404933,0.09172504965047502,393.7056346822226,-15,-4,6
16:20:03:797,-92.79814634731933,-53.127234138621084,373.661368723763,-0.28274310842795103,-0.05060872769737399,0.08688003948350133,388.6602854026049,-16,-2,5
16:20:03:923,-93.03385015705251,-53.29855271065063,374.6218287096014,-0.26337266254784397,-0.09469882942655175,0.08434713097923591,389.663377214001,-15,-5,6
16:20:04:039,err,err,err,err,err,err,err,err,err,err
16:20:04:167,-93.47433749789087,-53.52810962353807,376.49914647565595,-0.25287027469752144,-0.051056939512218236,0.08643057304465515,391.60479770737817,-15,-2,5
16:20:04:287,-87.75623386617518,-47.877060463452175,347.7444685001529,0.9310745426749323,-0.19542226464739984,0.07662453901878316,361.8281150953443,54,-12,-1
16:20:04:410,-92.64474104463973,-53.04355574291343,373.0640077378204,-0.2737601360886012,-0.07478061646567663,0.08917771949083274,388.0379114448541,-16,-4,6
16:20:04:535,-93.27904399741885,-53.449319346132995,375.4443191100855,-0.2731602903787671,-0.08817575749599446,0.07756876410162152,390.53328480383465,-16,-4,5
16:20:04:659,-92.80063106950638,-53.14775766542083,373.81587678260877,-0.294559448988347,-0.05410074237371424,0.08352743954544915,388.8122310402689,-17,-2,5
16:20:04:825,-92.46832024129297,-52.7575647864116,372.6822511435778,0.4963999454136302,-0.43590521033724366,0.15170821850737728,387.5897460045654,28,-26,2
16:20:04:942,-87.87337597385009,-48.03107622920309,348.36811612815364,0.9313129075069132,-0.21330804042789153,0.07204033983296745,362.47628725677475,54,-12,-2
16:20:05:066,-87.7474696972478,-47.83945518680243,347.7134506299775,0.9318834770349779,-0.20160669597940745,0.07351035700047916,361.7912045086852,54,-12,-1
16:20:05:191,-92.81787738483987,-53.14164499506181,373.99277565777624,-0.2556598982142572,-0.04251364367587277,0.0848293836478012,388.9855897577905,-15,-2,5
16:20:05:312,err,err,err,err,err,err,err,err,err,err
16:20:05:434,err,err,err,err,err,err,err,err,err,err
16:20:05:599,-92.58432485514707,-53.06723005051936,373.2175635447,-0.27340605244073823,-0.0569400029544027,0.08299751400689998,388.1743652694757,-16,-3,5
16:20:05:724,-92.85957914206341,-53.1515756307188,374.31935076159266,-0.25309535618573814,-0.02857278757529485,0.0942141300156425,389.3108883463824,-15,-1,6
16:20:05:843,err,err,err,err,err,err,err,err,err,err
16:20:05:975,-92.69580080634341,-53.12529934959446,373.38070158554837,-0.27262910357908554,-0.06067903693208893,0.08243912459716722,388.365751881689,-16,-3,5
16:20:06:093,-92.60337662753726,-52.98222360970726,372.86391889518126,-0.2609028531135367,-0.032125140354466536,0.09263570504892522,387.82728552194834,-15,-1,5
16:20:06:212,err,err,err,err,err,err,err,err,err,err
16:20:06:341,-92.62400058896938,-52.98171671782309,373.3746083074693,-0.27172249292339257,-0.04781970217659394,0.08610810607275392,388.3231462586658,-16,-2,5
16:20:06:458,err,err,err,err,err,err,err,err,err,err
16:20:06:583,err,err,err,err,err,err,err,err,err,err
16:20:06:704,err,err,err,err,err,err,err,err,err,err
16:20:06:828,-93.38372694217686,-53.47850011859961,376.1670492346373,-0.2782754776265073,-0.059420717762810896,0.08843175166568464,391.25710135720243,-16,-3,5
16:20:06:957,-87.49908448232138,-47.78898880209612,346.8846705167379,0.9408898241524912,-0.21057008714751935,0.07482897171691802,360.9277654538053,54,-12,-2
16:20:07:078,-93.34259552758135,-53.58688912721078,376.14914645732887,-0.2530619836475803,-0.07445308956983084,0.0901952404495102,391.2449043843698,-15,-4,6
16:20:07:197,-93.24200357923948,-53.4711759846508,375.58398450444435,-0.25789392389916344,-0.07483620010689962,0.08429964709270417,390.66170443093995,-15,-4,5
16:20:07:321,-87.88651727076375,-48.007400125589854,348.41603788729947,0.9241424212349743,-0.21011860789122155,0.07285129209699949,362.52239357298583,53,-12,-2
16:20:07:488,-93.19434551357679,-53.39255285231128,375.53596138417197,-0.25807155553335,-0.06483936982373782,0.08739238610420626,390.5934062788632,-15,-3,5
16:20:07:609,-93.36079435125386,-53.52335769517977,376.2201712201706,-0.2665145416828188,-0.07441821747867634,0.08732414022926518,391.3088357982704,-15,-4,6
16:20:07:732,-88.08515654001282,-48.05955369062391,349.318755258181,0.9339911284618067,-0.21013378574194602,0.0686574120035262,363.4450553780385,54,-12,-2
16:20:07:854,-87.87639535744532,-47.95543914504038,348.33482199468847,0.9371107473119736,-0.19197359815177925,0.07325520460887572,362.43500550951615,54,-11,-1
16:20:07:978,err,err,err,err,err,err,err,err,err,err
16:20:08:101,-87.42598895552416,-47.768138552915936,346.73054688138296,0.9421124386720561,-0.2161821917222914,0.0716442782546216,360.75915892229943,54,-12,-2
16:20:08:225,-93.15741179569875,-53.444279429901144,375.38994000402244,-0.25826304741916456,-0.06451278679277539,0.08736307235597342,390.45127920456133,-15,-3,5
16:20:08:345,err,err,err,err,err,err,err,err,err,err
16:20:08:466,-92.48031082999572,-52.96886004779207,372.53307051098517,-0.28742815988448583,-0.050663392249355337,0.08763459305958746,387.47799505303243,-17,-2,5
16:20:08:591,-93.39145286756435,-53.463019023954715,376.0541334093307,-0.26910157036927845,-0.07331844481573395,0.08732714241205182,391.14827000271003,-16,-3,6
16:20:08:715,err,err,err,err,err,err,err,err,err,err
16:20:08:840,-92.23992749171299,-52.81769635113258,371.692251482796,-0.27006967938703735,-0.06340933500335971,0.08356125824691323,386.5915714082072,-16,-3,5
16:20:08:962,-93.00846774532378,-53.32224886040093,374.77624539330543,-0.263310075948577,-0.05362271075900533,0.08469884395744653,389.8090191452303,-15,-2,5
16:20:09:083,-93.38190404120715,-53.4989172436425,376.30402348759304,-0.2664299749927624,-0.07490134228885847,0.08732347787552854,391.391149927479,-15,-4,6
16:20:09:207,-93.15741179569875,-53.444279429901144,375.38994000402244,-0.25826304741916456,-0.06451278679277539,0.08736307235597342,390.45127920456133,-15,-3,5
16:20:09:330,err,err,err,err,err,err,err,err,err,err
16:20:09:454,err,err,err,err,err,err,err,err,err,err
16:20:09:575,-92.58432485514707,-53.06723005051936,373.2175635447,-0.27340605244073823,-0.0569400029544027,0.08299751400689998,388.1743652694757,-16,-3,5
16:20:09:703,-92.74463188179796,-53.085841927356505,373.87307625478724,-0.2816743621369834,-0.06627855531313448,0.0829537101220549,388.8454069475997,-16,-3,5
16:20:09:820,err,err,err,err,err,err,err,err,err,err
16:20:09:944,-87.63010646735877,-47.87730995967439,347.5199360330353,0.9400228796713889,-0.21014711733250743,0.06914216624105221,361.5817726446679,54,-12,-2
16:20:10:070,-93.21694218961116,-53.385015674473514,375.4825994686069,-0.2569411955384546,-0.05116799936641617,0.09117294565417353,390.5464642183403,-15,-2,6
16:20:10:189,err,err,err,err,err,err,err,err,err,err
16:20:10:312,-87.87651004522587,-47.961413200542154,348.3469746797683,0.9311935052554465,-0.20738778126010418,0.06467172763813524,362.4475037056663,54,-12,-2
16:20:10:438,err,err,err,err,err,err,err,err,err,err
16:20:10:559,-93.02768877049158,-53.22134589582811,374.59354073758385,-0.2768800753208686,-0.0926773511994793,0.08164733479804016,389.62415646268994,-16,-5,5
16:20:10:685,-87.7374460127745,-47.89719077314563,347.7138470573396,0.9512856780080448,-0.21621049734371975,0.07799173432473445,361.7967934520959,55,-13,-2
16:20:10:807,err,err,err,err,err,err,err,err,err,err
16:20:10:930,err,err,err,err,err,err,err,err,err,err
16:20:11:050,-93.24370630438688,-53.360715590009335,375.5558522960825,-0.2466759936936138,-0.05071672122573088,0.08330041184541309,390.619959714674,-14,-2,5
16:20:11:173,err,err,err,err,err,err,err,err,err,err
16:20:11:302,err,err,err,err,err,err,err,err,err,err
16:20:11:421,err,err,err,err,err,err,err,err,err,err
16:20:11:547,-86.81708787471682,-47.36715118644253,344.29435531450514,0.9416090478540563,-0.2018369224986113,0.07439861711022022,358.2170527208278,54,-12,-1
16:20:11:665,err,err,err,err,err,err,err,err,err,err
16:20:11:789,-87.88285361631847,-47.927666148034724,348.36883272177147,0.936914949827575,-0.20431340990841945,0.06692890544235736,362.4655856134129,54,-12,-2
16:20:11:914,-92.80725799340712,-53.226266456637575,373.84398595636935,-0.2691508336665385,-0.055197522537216444,0.08899287320830626,388.8515763281845,-16,-2,5
16:20:12:063,-93.31312099176778,-53.48208614477147,376.17330694488624,-0.2531903711438787,-0.06483791722910355,0.09329139622494674,391.2467622172389,-15,-3,6
16:20:12:197,-87.36848895994923,-47.74772028275202,346.0888544653397,0.9367580906042968,-0.20209792953806374,0.07389966201336419,360.1258014090018,54,-12,-1
16:20:12:326,-92.88507059794978,-53.17072756059293,373.6897350826852,-0.24352278521975637,-0.03971417856920798,0.08813951731919908,388.71426615893114,-14,-2,5
16:20:12:445,-92.61993150779735,-53.011707869857155,373.0739551588569,-0.26133254832889014,-0.04701578610345606,0.0888291327485582,388.0372004095238,-15,-2,5
16:20:12:570,-93.0452999054296,-53.2865922705593,374.77972577608426,-0.2623462059147073,-0.04075364680492358,0.08841644782214882,389.81627929461473,-15,-2,5
16:20:12:692,-93.17425843994528,-53.33891418359127,375.16780686606353,-0.27410904602756514,-0.061900503674387555,0.08464036512173011,390.2273254281537,-16,-3,5
16:20:12:813,-87.63209197822287,-47.879885386293346,347.5206631415808,0.9335207857164457,-0.20100770547388924,0.07326415955366194,361.58329369517116,54,-12,-1
16:20:12:941,-93.33797858346661,-53.5115938399119,376.12872898268967,-0.2530691828254229,-0.07610787384593651,0.09002784874931398,391.2138669416883,-15,-4,6
16:20:13:059,-93.16420673226347,-53.374430132431314,375.4149436005436,-0.27154804329345134,-0.06342748257226032,0.08462768316941141,390.4673854326544,-16,-3,5
16:20:13:186,err,err,err,err,err,err,err,err,err,err
16:20:13:306,-93.26463723200176,-53.42705336561648,375.529404981558,-0.2575093791859665,-0.07619054912645334,0.08404314009018903,390.6085976974295,-15,-4,5
16:20:13:473,-92.42767284070018,-52.938585057466724,372.2877458493336,-0.25378726804501106,-0.03576733954633236,0.08895519799312473,387.22543073022996,-15,-1,5
16:20:13:593,-92.9915724719305,-53.25842660771009,374.5964736797447,-0.2772263393384439,-0.0664500741292956,0.08882321881459197,389.62342158657606,-16,-3,6
16:20:13:715,-93.01307229592047,-53.25337060600682,374.79175806196326,-0.24996873144124926,-0.05499336377119888,0.08743698106067836,389.8156166830724,-14,-2,5
16:20:13:840,-92.81512438267201,-53.19340633152642,373.875311939152,-0.28194143025298585,-0.0555631927598625,0.0861721769363434,388.8790746092157,-16,-2,5
16:20:13:961,err,err,err,err,err,err,err,err,err,err
16:20:14:088,-93.12730170617274,-53.37286878095338,375.1568037508421,-0.2726510101655497,-0.07736958268602268,0.09142763602164523,390.21018034583517,-16,-4,6
16:20:14:208,-93.43928494316481,-53.43621854448678,376.3545776123511,-0.24090989124739834,-0.06222893962069083,0.08604271770168571,391.4448843870556,-14,-3,5
16:20:14:330,err,err,err,err,err,err,err,err,err,err
16:20:14:453,-93.8227599480896,-53.76343820044631,377.9284252539387,-0.2557460241748205,-0.07188186158900317,0.0890980126978067,393.0942790048362,-15,-3,6
16:20:14:579,-93.39052171957863,-53.51918833254072,376.19373753316216,-0.2667198967567396,-0.0858760280094582,0.08401753362217602,391.2899452145413,-15,-4,5
16:20:14:705,-92.9915724719305,-53.25842660771009,374.5964736797447,-0.2772263393384439,-0.0664500741292956,0.08882321881459197,389.62342158657606,-16,-3,6
16:20:14:822,-93.37238651502363,-53.41463440513448,375.97587851096085,-0.2823405446101966,-0.07151141158766897,0.08462380734196279,391.061871005387,-16,-3,5
16:20:14:946,err,err,err,err,err,err,err,err,err,err
16:20:15:068,err,err,err,err,err,err,err,err,err,err
16:20:15:192,err,err,err,err,err,err,err,err,err,err
16:20:15:317,err,err,err,err,err,err,err,err,err,err
16:20:15:438,-92.82365119334325,-53.12713127950315,373.9068288521843,-0.2690728770296086,-0.05709854695724084,0.08883613913356893,388.9023514471848,-16,-3,5
16:20:15:559,-92.83866051743124,-53.30526961692629,374.4135721568149,-0.2789504167759631,-0.09180381678578785,0.08154456528230347,389.41750303604806,-16,-5,5
16:20:15:688,-92.76170332121845,-53.22157455643031,373.8014689902251,-0.25527337943553025,-0.07897414573340907,0.08524549105869439,388.7991870111994,-15,-4,5
16:20:15:808,-93.25825231949653,-53.37146431553784,375.6463773636303,-0.2577868537541614,-0.07693137153008926,0.08413792479126436,390.71193436506456,-15,-4,5
16:20:15:985,err,err,err,err,err,err,err,err,err,err
16:20:16:178,-93.33797858346661,-53.5115938399119,376.12872898268967,-0.2530691828254229,-0.07610787384593651,0.09002784874931398,391.2138669416883,-15,-4,6
16:20:16:342,-87.88071927484961,-47.99069488790797,348.3483219419164,0.9363614499342577,-0.1858149460845844,0.07638480799841997,362.4536949954273,54,-11,-1
16:20:16:461,-93.2161388635247,-53.368557356161986,375.62257282948985,-0.2579590340979106,-0.06533826941467685,0.08739302862303251,390.6786002303521,-15,-3,5
16:20:16:589,-92.35517387922825,-52.956539094383466,372.1727621066403,-0.2663749490175693,-0.059625528072238525,0.08993188298524554,387.1000362040842,-15,-3,6
16:20:16:707,err,err,err,err,err,err,err,err,err,err
16:20:16:832,-93.02502556337119,-53.186683915254584,374.8379623551526,-0.2633561064371967,-0.05422536900484982,0.08466808086993438,389.85378893827607,-15,-2,5
16:20:16:957,err,err,err,err,err,err,err,err,err,err
16:20:17:078,err,err,err,err,err,err,err,err,err,err
16:20:17:201,err,err,err,err,err,err,err,err,err,err
16:20:17:323,-93.31697105881719,-53.48406527977845,376.18873156027905,-0.253420733534629,-0.07708871017052193,0.09009261754383326,391.2627813623159,-15,-4,6
16:20:17:450,-92.97089799633089,-53.25017096646314,374.7671411050293,-0.250467812601131,-0.055453031884432194,0.08749661717774129,389.7814498334145,-14,-3,5
16:20:17:573,-92.64184409105697,-52.988004721436205,373.161021786261,-0.2612324883601147,-0.04750941098689904,0.08882702290398535,388.1229033457276,-15,-2,5
16:20:17:692,err,err,err,err,err,err,err,err,err,err
16:20:17:899,err,err,err,err,err,err,err,err,err,err
16:20:18:021,err,err,err,err,err,err,err,err,err,err
16:20:18:172,err,err,err,err,err,err,err,err,err,err
16:20:18:268,-92.97089893537408,-53.282954041307136,374.5144054289556,-0.27727766014789434,-0.06598302287676852,0.08882740296281658,389.54293872951126,-16,-3,6
16:20:18:392,-92.80234717020639,-53.151242636400475,373.82221701876693,-0.2691490411683044,-0.05661778782924457,0.08883923134492669,388.8192127080645,-16,-3,5
16:20:18:557,err,err,err,err,err,err,err,err,err,err
16:20:18:676,err,err,err,err,err,err,err,err,err,err
16:20:18:799,-93.17839409287328,-53.17719215211605,375.6638654091452,0.49011393755054145,-0.4168672788212045,0.15701814545687723,390.6832049948529,28,-25,3
16:20:18:921,err,err,err,err,err,err,err,err,err,err
16:20:19:042,err,err,err,err,err,err,err,err,err,err
16:20:19:170,-92.97029916839384,-53.2490675119948,374.76551187026536,-0.26393042301754754,-0.04154586964718174,0.08799413475521149,389.7795897757342,-15,-2,5
16:20:19:292,-93.33797858346661,-53.5115938399119,376.12872898268967,-0.2530691828254229,-0.07610787384593651,0.09002784874931398,391.2138669416883,-15,-4,6
16:20:19:416,err,err,err,err,err,err,err,err,err,err
16:20:19:536,err,err,err,err,err,err,err,err,err,err
16:20:19:658,err,err,err,err,err,err,err,err,err,err
16:20:19:784,err,err,err,err,err,err,err,err,err,err
16:20:19:909,-93.19434551357679,-53.39255285231128,375.53596138417197,-0.25807155553335,-0.06483936982373782,0.08739238610420626,390.5934062788632,-15,-3,5
16:20:20:030,err,err,err,err,err,err,err,err,err,err
16:20:20:151,err,err,err,err,err,err,err,err,err,err
16:20:20:315,-87.64767478368593,-47.854374255321815,347.57680025837476,0.9318008157936312,-0.19496447493854893,0.07645767623181715,361.63764752609114,54,-12,-1
16:20:20:444,-92.42700933574785,-52.937323298823706,372.2867047211843,-0.2667053525640105,-0.03626555069614664,0.08609702443717467,387.2240988948814,-15,-1,5
16:20:20:562,err,err,err,err,err,err,err,err,err,err
16:20:20:684,-93.22351184503219,-53.38632503243943,375.4740968086373,-0.23300177443680245,-0.04965560003648003,0.08628375398755919,390.5400366613544,-13,-2,5
16:20:20:810,-87.63602999212019,-47.84493505846492,347.5330836224692,0.9392225053861201,-0.19799149934507593,0.07552744836274469,361.59155932580984,54,-12,-1
16:20:20:933,-93.16513352788122,-53.37702999114451,375.4183391092806,-0.24461745036462584,-0.06615995615449477,0.09011928502661613,390.47122656543377,-14,-3,6
16:20:21:059,err,err,err,err,err,err,err,err,err,err
16:20:21:177,err,err,err,err,err,err,err,err,err,err
16:20:21:300,-93.15343652947081,-53.36670514644856,375.1162489344108,-0.2729927317394221,-0.08869106029750369,0.08811671685613243,390.1765858813942,-16,-4,6
16:20:21:428,-93.49543901239305,-53.637441776626474,376.7768248697359,-0.2618673569107532,-0.08575364257155176,0.08991378809217745,391.8917555083045,-15,-4,6
16:20:21:546,-93.19434551357679,-53.39255285231128,375.53596138417197,-0.25807155553335,-0.06483936982373782,0.08739238610420626,390.5934062788632,-15,-3,5
16:20:21:715,-87.4883956216699,-47.75437602221969,346.8480428144973,0.934980086583653,-0.21979783804846298,0.06942974860879268,360.8853898427765,54,-13,-2
16:20:21:834,-93.40578861061441,-53.50834410011963,376.1128959243898,-0.25474821476601267,-0.0906101739737281,0.08615036985431353,391.21438459614245,-15,-5,6
16:20:21:957,err,err,err,err,err,err,err,err,err,err
16:20:22:081,err,err,err,err,err,err,err,err,err,err
16:20:22:202,-93.3598351575592,-53.487585707117866,376.21560026993814,-0.25293635149112625,-0.07661946086159449,0.09003177733012252,391.29932089372807,-15,-4,6
16:20:22:327,-92.90676675051567,-53.243394669568644,374.207900546464,-0.2546889609308569,-0.05430690200456107,0.08169924546520436,389.22754169684146,-15,-2,5
16:20:22:448,-94.04623267035502,-53.930400390248764,379.11227981950447,-0.24988379629908147,-0.08872432251117936,0.08426727309681634,394.30863885499815,-15,-4,5
16:20:22:570,err,err,err,err,err,err,err,err,err,err
16:20:22:695,-93.33797858346661,-53.5115938399119,376.12872898268967,-0.2530691828254229,-0.07610787384593651,0.09002784874931398,391.2138669416883,-15,-4,6
16:20:22:818,-93.03552464368256,-53.22981093836188,374.88102885681394,-0.24982948729591764,-0.055507136511710395,0.08743878105474671,389.9035873328205,-14,-3,5
16:20:22:947,-93.03987133256089,-53.304707444991735,374.9003836495311,-0.24978004176136168,-0.05395613754429479,0.08760517479289934,389.9334650346662,-14,-2,5
16:20:23:064,-87.85156765046453,-47.98723632002283,348.53309898486543,0.928798535295215,-0.20074076079480685,0.07818793494970569,362.62376352946296,54,-12,-1
16:20:23:231,-93.17325619339876,-53.34294490254671,375.44913228585784,-0.27195978823629885,-0.07494778354659043,0.08146122305763716,390.49811315134474,-16,-4,5
16:20:23:349,err,err,err,err,err,err,err,err,err,err
16:20:23:473,-88.2652944523733,-48.194306223740234,350.0093937009492,0.9199385045339104,-0.19746265032394258,0.0682768159669653,364.17032970309083,53,-11,-2
16:20:23:598,-93.12695246002852,-53.44865904313225,375.41183828394423,-0.24507942449761197,-0.06498655506314908,0.09034761245465395,390.46566654666543,-14,-3,6
16:20:23:721,-93.01307229592047,-53.25337060600682,374.79175806196326,-0.24996873144124926,-0.05499336377119888,0.08743698106067836,389.8156166830724,-14,-2,5
16:20:23:845,-92.35603389543361,-52.9198992055589,372.17545679880794,-0.27924632684637196,-0.05933564295380118,0.08714191677131403,387.0978214511448,-16,-3,5
16:20:23:967,-93.20023889144028,-53.32216146238259,375.55736013947535,-0.27143955186927005,-0.06375421092914405,0.08464623354969167,390.6057708065429,-16,-3,5
16:20:24:088,-92.78962619485804,-53.106747019125606,373.77001265022795,-0.28210172916853127,-0.055216904864927224,0.08615290195422247,388.7599049090408,-16,-2,5
16:20:24:216,-92.77097559690348,-53.27801105879308,373.70059355121305,-0.26927509109369885,-0.05485706885274462,0.08897181690211946,388.7121479914296,-16,-2,5
16:20:24:336,-93.1066122606046,-53.39743272626042,375.0746678715321,-0.27271753992969744,-0.07689241540992192,0.09142907233836009,390.12963684824325,-16,-4,6
16:20:24:460,-92.84081194863194,-53.15461828593251,374.085863164484,-0.25546034584055294,-0.04435158112227359,0.08469512831933129,389.0823342532034,-15,-2,5
16:20:24:580,err,err,err,err,err,err,err,err,err,err
16:20:24:708,err,err,err,err,err,err,err,err,err,err
16:20:24:828,-93.45182763878915,-53.55178087873009,376.4096879041817,-0.25299324965477943,-0.05054770862093624,0.08643104959618866,391.5166541444143,-15,-2,5
16:20:24:950,-92.89444944218505,-53.16674894596406,374.19039392536195,-0.2676548307745092,-0.07234074880588083,0.08507916177259299,389.1972929462221,-16,-3,5
16:20:25:074,-93.56344805669015,-53.619121771121385,376.90443424570674,-0.2599359902094209,-0.07238734689875244,0.093815279281535,392.0281642762922,-15,-3,6
16:20:25:197,-92.97229992266905,-53.32112295368861,374.5210092430157,-0.2641894810261554,-0.06642213851318572,0.09164011734378062,389.554844752777,-15,-3,6
16:20:25:322,-93.65027749537236,-53.64472882858277,377.0748581236617,-0.24796902574162347,-0.056655052328656905,0.08994644691764102,392.2162414217851,-14,-3,6
16:20:25:441,-92.81927342063298,-53.21179965673679,373.750518332374,-0.2808662437046367,-0.042258031226109806,0.08990059848982149,388.7626050622168,-16,-2,5
16:20:25:567,-92.24990408910608,-52.79411928034453,372.42855808113416,0.49820612739615555,-0.4600626261498093,0.15545082160535215,387.29871508879194,29,-27,2
16:20:25:690,-87.83850838303694,-47.97699366411675,348.48370906606954,0.9362843312370056,-0.20374547365156281,0.07726880077471569,362.57177352966755,54,-12,-1
16:20:25:810,err,err,err,err,err,err,err,err,err,err
16:20:25:936,-93.17916859803103,-53.34656901811237,375.47366788115437,-0.27150631418841786,-0.06327985411807442,0.08465003128517445,390.5236089646206,-16,-3,5
16:20:26:059,-93.65506037159689,-53.55775703964043,377.23695272245175,-0.2610185386804302,-0.06102505105806778,0.08637697053486465,392.36134133174477,-15,-3,5
16:20:26:179,-92.97261990942181,-53.26748056746171,374.6278803979132,-0.23658171984062212,-0.052238620691726426,0.09054427286005388,389.6503321059279,-14,-2,5
16:20:26:303,-92.66788480997644,-53.0705010223105,373.0124247978178,-0.2869899755018142,-0.08342081507357942,0.08329332378474578,387.99753092959475,-17,-4,5
16:20:26:467,-93.43928494316481,-53.43621854448678,376.3545776123511,-0.24090989124739834,-0.06222893962069083,0.08604271770168571,391.4448843870556,-14,-3,5
16:20:26:588,-93.31985993918838,-53.46389387286814,376.0542403087124,-0.2667886502545216,-0.07426892565342262,0.08727128764959566,391.1314048517222,-15,-4,6
16:20:26:713,-92.66312375898231,-53.20611269336316,373.6947073335956,-0.26918253205538806,-0.06758872824730149,0.08569867709215687,388.67091378421026,-16,-3,5
16:20:26:837,-93.24734593887153,-53.38156694223298,375.4621826687001,-0.258885763441375,-0.05368550523748874,0.09057275044899812,390.5336218921439,-15,-2,6
16:20:26:963,err,err,err,err,err,err,err,err,err,err
16:20:27:084,-93.19434551357679,-53.39255285231128,375.53596138417197,-0.25807155553335,-0.06483936982373782,0.08739238610420626,390.5934062788632,-15,-3,5
16:20:27:210,-93.23678149829868,-53.395648945746046,375.5611006431734,-0.2579031107307568,-0.0764369405872419,0.08413589574091372,390.6281263130071,-15,-4,5
16:20:27:328,err,err,err,err,err,err,err,err,err,err
16:20:27:451,err,err,err,err,err,err,err,err,err,err
16:20:27:573,err,err,err,err,err,err,err,err,err,err
16:20:27:697,-93.60202552194065,-53.52754205175951,377.0227748133946,-0.26314171910038253,-0.07061333154694802,0.08315519335289649,392.1386357755438,-15,-3,5
16:20:27:821,err,err,err,err,err,err,err,err,err,err
16:20:27:943,-93.46909411781814,-53.46859349807941,376.3302122124337,-0.24057661538910916,-0.07376028095585553,0.08279864640281626,391.4329963987755,-14,-4,5
16:20:28:068,-93.28644697235416,-53.42890986979095,376.06313471371476,-0.268665237948663,-0.0884372059262462,0.08337247358478106,391.1272055090334,-16,-4,5
16:20:28:229,err,err,err,err,err,err,err,err,err,err
16:20:28:351,-87.6474258480723,-47.918724618445665,347.58066847093323,0.9386066114498016,-0.1980296512401655,0.07549305109899009,361.6498258281795,54,-12,-1
16:20:28:475,-93.11470332253214,-53.440795521575744,375.36336542772534,-0.2587438034874783,-0.06494990792817334,0.08742718503009596,390.4150646504949,-15,-3,5
16:20:28:600,-87.63678382306229,-47.843858657827425,347.5431333259537,0.9456666305246332,-0.20708050932056635,0.0713970447507082,361.60125858760773,55,-12,-2
16:20:28:721,err,err,err,err,err,err,err,err,err,err
16:20:28:847,-87.94408820176938,-47.99645584973336,348.6460196442915,0.9421151491800815,-0.2133245123159106,0.07331761456443428,362.75593646084377,54,-12,-2
16:20:28:970,err,err,err,err,err,err,err,err,err,err
16:20:29:090,-92.88398035759623,-53.3482103841612,374.4530379037209,-0.2639145082925349,-0.07698028007693859,0.0884106195068945,389.4721337317838,-15,-4,6
16:20:29:213,-93.80578835147244,-53.752324865482116,377.8597835773852,-0.2713469982810753,-0.08204104016160213,0.08294782093832379,393.0227148675175,-16,-4,5
16:20:29:341,-93.00832824991015,-53.28592418688878,374.77384322938656,-0.2634227727067089,-0.05229640899036664,0.08482816296148424,389.80170908965846,-15,-2,5
16:20:29:460,err,err,err,err,err,err,err,err,err,err
16:20:29:580,err,err,err,err,err,err,err,err,err,err
16:20:29:707,err,err,err,err,err,err,err,err,err,err
16:20:29:829,err,err,err,err,err,err,err,err,err,err
16:20:29:952,-93.00846774532378,-53.32224886040093,374.77624539330543,-0.263310075948577,-0.05362271075900533,0.08469884395744653,389.8090191452303,-15,-2,5
16:20:30:074,err,err,err,err,err,err,err,err,err,err
16:20:30:199,err,err,err,err,err,err,err,err,err,err
16:20:30:322,-87.5922390588731,-47.8767529295227,347.49571293258657,0.9335848602159355,-0.20148811852187992,0.07335389146518914,361.54924190343417,54,-12,-1
16:20:30:440,-93.1621730158705,-53.519519318620496,375.41101520226084,-0.2582461404177024,-0.0629695398383187,0.08752531314791218,390.4829826821232,-15,-3,5
16:20:30:590,err,err,err,err,err,err,err,err,err,err
16:20:30:691,-93.51899852944591,-53.522349922102805,376.97878008744823,-0.2619150277132556,-0.05665132444254912,0.08694267019403908,392.075816218439,-15,-3,5
16:20:30:811,err,err,err,err,err,err,err,err,err,err
16:20:30:936,err,err,err,err,err,err,err,err,err,err
16:20:31:058,-87.63678382306229,-47.843858657827425,347.5431333259537,0.9456666305246332,-0.20708050932056635,0.0713970447507082,361.60125858760773,55,-12,-2
16:20:31:182,-87.85557070337619,-47.98832656802447,348.5434434124699,0.9283620845455604,-0.19431272693312782,0.08120439922017324,362.6348200824583,53,-12,-1
16:20:31:305,-87.63660457878105,-47.87999603310212,347.5413957219303,0.9394255642419788,-0.2041658055073583,0.07237785392665784,361.6043282685854,54,-12,-2
16:20:31:430,-92.73700645551556,-53.16848494207555,373.7055296963139,-0.2949969066466692,-0.053965389305681594,0.083619961930925,388.6937908983993,-17,-2,5
16:20:31:554,-93.16921490486448,-53.45187814362534,375.43654208594137,-0.24457186370922737,-0.06449248691366581,0.09029206788470148,390.4999398418886,-14,-3,6
16:20:31:718,-87.64292567974286,-47.88151650997788,347.55679930473207,0.9384395284159096,-0.1918585158144066,0.0786467495174736,361.6208660848403,54,-11,-1
16:20:31:837,-93.15741179569875,-53.444279429901144,375.38994000402244,-0.25826304741916456,-0.06451278679277539,0.08736307235597342,390.45127920456133,-15,-3,5
16:20:31:965,-87.0079829701977,-47.49850529670817,345.0301986409817,0.9461719920028795,-0.19271334780276034,0.07409020581865904,358.9879316637245,55,-11,-1
16:20:32:085,-87.26188028255571,-47.59104026737081,345.91796605137023,0.9367466782634309,-0.19541061249136402,0.07684191455500715,359.91496509772213,54,-12,-1
16:20:32:209,-93.19434551357679,-53.39255285231128,375.53596138417197,-0.25807155553335,-0.06483936982373782,0.08739238610420626,390.5934062788632,-15,-3,5
16:20:32:328,err,err,err,err,err,err,err,err,err,err
16:20:32:450,-93.36147847698768,-53.449749353786515,376.2202013302636,-0.27982606566918905,-0.07303137934243925,0.08460462174171636,391.2989665950777,-16,-3,5
16:20:32:577,-93.17872167483623,-53.38372470104929,375.4726991436323,-0.2582803025878129,-0.06359152837633694,0.08749710255173525,390.52764823776386,-15,-3,5
16:20:32:699,-92.94625623144302,-53.2702284634952,374.41538215741565,-0.26427039951728076,-0.06745306996858838,0.09148243522660537,389.4401137326221,-15,-3,6
16:20:32:820,err,err,err,err,err,err,err,err,err,err
16:20:32:943,err,err,err,err,err,err,err,err,err,err
16:20:33:068,err,err,err,err,err,err,err,err,err,err
16:20:33:188,err,err,err,err,err,err,err,err,err,err
16:20:33:312,err,err,err,err,err,err,err,err,err,err
16:20:33:439,-93.00846774532378,-53.32224886040093,374.77624539330543,-0.263310075948577,-0.05362271075900533,0.08469884395744653,389.8090191452303,-15,-2,5
16:20:33:559,err,err,err,err,err,err,err,err,err,err
16:20:33:684,-93.03987133256089,-53.304707444991735,374.9003836495311,-0.24978004176136168,-0.05395613754429479,0.08760517479289934,389.9334650346662,-14,-2,5
16:20:33:804,err,err,err,err,err,err,err,err,err,err
16:20:33:928,-93.38998645506825,-53.39175966841765,376.2985643164871,-0.2533257199806198,-0.05834264145433644,0.08376838492147824,391.37319667705566,-15,-3,5
16:20:34:138,-93.01743078926785,-53.328258074456215,374.81116200204457,-0.24991697077496697,-0.05344532445574601,0.08760367980705196,389.8455498030149,-14,-2,5
16:20:34:257,err,err,err,err,err,err,err,err,err,err
16:20:34:428,err,err,err,err,err,err,err,err,err,err
16:20:34:543,-93.17332917532104,-53.36503656476987,375.5956810285495,-0.25844289710900775,-0.0657738969126288,0.08745692815080154,390.6420509935814,-15,-3,5
16:20:34:708,err,err,err,err,err,err,err,err,err,err
16:20:34:833,-93.2161388635247,-53.368557356161986,375.62257282948985,-0.2579590340979106,-0.06533826941467685,0.08739302862303251,390.6786002303521,-15,-3,5
16:20:34:954,-87.43540617600671,-47.80227790829156,346.72137097677137,0.9351023004460953,-0.18898999686332268,0.07466786427541669,360.7571442375005,54,-11,-1
16:20:35:078,-87.64292567974286,-47.88151650997788,347.55679930473207,0.9384395284159096,-0.1918585158144066,0.0786467495174736,361.6208660848403,54,-11,-1
16:20:35:203,-87.6442333316784,-47.88308264232027,347.56623158155224,0.9389748671584977,-0.1978280135310908,0.0753861012639234,361.63045581840885,54,-12,-1
16:20:35:323,-93.48718299869856,-53.56253686070819,376.99752357538404,-0.24869850393770707,-0.05836885493874868,0.0898003541174501,392.09173865558444,-14,-3,6
16:20:35:445,err,err,err,err,err,err,err,err,err,err
16:20:35:570,-92.80234717020639,-53.151242636400475,373.82221701876693,-0.2691490411683044,-0.05661778782924457,0.08883923134492669,388.8192127080645,-16,-3,5
16:20:35:696,-93.16798673792107,-53.411564364072596,375.43119279092076,-0.2843946496063382,-0.06156482710665056,0.08198441256699017,390.48898765653865,-16,-3,5
16:20:35:817,err,err,err,err,err,err,err,err,err,err
16:20:35:937,-93.20349423292066,-53.36081989333115,375.57067186447307,-0.2597540832709141,-0.09080157055275218,0.08023405479681295,390.6246254419277,-15,-5,5
16:20:36:062,-92.96762087901425,-53.24610284281762,374.5002424908321,-0.26417664815811404,-0.06794582997424273,0.09148226741841704,389.5235007358915,-15,-3,6
16:20:36:182,err,err,err,err,err,err,err,err,err,err
16:20:36:309,err,err,err,err,err,err,err,err,err,err
16:20:36:554,err,err,err,err,err,err,err,err,err,err
16:20:36:702,err,err,err,err,err,err,err,err,err,err
16:20:36:798,-93.45114169800235,-53.49440080338855,376.26056068681584,-0.253663116348587,-0.04698021208559306,0.08702291352696848,391.36527225896106,-15,-2,5
16:20:36:923,-93.2161388635247,-53.368557356161986,375.62257282948985,-0.2579590340979106,-0.06533826941467685,0.08739302862303251,390.6786002303521,-15,-3,5
16:20:37:046,err,err,err,err,err,err,err,err,err,err
16:20:37:168,err,err,err,err,err,err,err,err,err,err
16:20:37:291,-92.58590385140243,-53.06548004473227,372.9381917600785,-0.24830002379385024,-0.046255055778870194,0.0916885690043405,387.90590307139706,-14,-2,6
16:20:37:415,err,err,err,err,err,err,err,err,err,err
16:20:37:535,-92.83773321902027,-53.24320594441432,373.9659358282444,-0.2678777231254548,-0.07156270324992554,0.08505619250478312,388.97841180248025,-16,-3,5
16:20:37:659,-92.83395958312703,-53.20404281394563,373.95147506730535,-0.28173114065424915,-0.05705873299954057,0.08603774930111585,388.9582495958188,-16,-3,5
16:20:37:784,err,err,err,err,err,err,err,err,err,err
16:20:37:905,err,err,err,err,err,err,err,err,err,err
16:20:38:033,-87.87959536506663,-47.992010815755826,348.35355514039026,0.9372753522794859,-0.19817274349748604,0.07009470217475054,362.4586262770089,54,-12,-2
16:20:38:245,-92.85494509375744,-53.27877834263915,374.4786341995317,-0.2775172831094969,-0.07712702766845442,0.08566546279745506,389.48031596217476,-16,-4,5
16:20:38:371,-93.2923893232743,-53.37010528990347,375.6406751747354,-0.25933545423180243,-0.07947473971111489,0.08358371809670995,390.714416025352,-15,-4,5
16:20:38:491,err,err,err,err,err,err,err,err,err,err
16:20:38:616,err,err,err,err,err,err,err,err,err,err
16:20:38:730,err,err,err,err,err,err,err,err,err,err
16:20:38:852,err,err,err,err,err,err,err,err,err,err
16:20:38:970,-92.56914884944277,-53.04448010761392,373.30011999921174,-0.2591449993847132,-0.04894111586760542,0.0888994686431236,388.24701387135383,-15,-2,5
16:20:39:099,-93.5118567980483,-53.59005061548495,376.95294625726694,-0.2750753467830719,-0.05522102832701815,0.08422461010523723,392.05852188011795,-16,-2,5
16:20:39:219,err,err,err,err,err,err,err,err,err,err
16:20:39:338,err,err,err,err,err,err,err,err,err,err
16:20:39:461,err,err,err,err,err,err,err,err,err,err
16:20:39:585,-87.88285361631847,-47.927666148034724,348.36883272177147,0.936914949827575,-0.20431340990841945,0.06692890544235736,362.4655856134129,54,-12,-2
16:20:39:718,err,err,err,err,err,err,err,err,err,err
16:20:39:833,-92.82426008727616,-53.16551365942221,374.1630541423943,-0.2563664710428774,-0.05796426048079724,0.08096387437571971,389.15409054587207,-15,-3,5
16:20:39:956,err,err,err,err,err,err,err,err,err,err
16:20:40:081,err,err,err,err,err,err,err,err,err,err
16:20:40:200,err,err,err,err,err,err,err,err,err,err
16:20:40:328,-93.07948450383536,-53.26902441352229,374.91340326224076,-0.26298286496745205,-0.06411032987694092,0.08161644932412802,389.95056012672137,-15,-3,5
16:20:40:448,-93.15239643753618,-53.31607052111288,375.51100152408463,-0.2716998940239273,-0.052547398522547216,0.0878662959914317,390.54895289001774,-16,-2,5
16:20:40:570,err,err,err,err,err,err,err,err,err,err
16:20:40:695,-93.19434551357679,-53.39255285231128,375.53596138417197,-0.25807155553335,-0.06483936982373782,0.08739238610420626,390.5934062788632,-15,-3,5
16:20:40:816,-93.38190404120715,-53.4989172436425,376.30402348759304,-0.2664299749927624,-0.07490134228885847,0.08732347787552854,391.391149927479,-15,-4,6
16:20:40:940,err,err,err,err,err,err,err,err,err,err
16:20:41:057,err,err,err,err,err,err,err,err,err,err
16:20:41:187,-92.80234717020639,-53.151242636400475,373.82221701876693,-0.2691490411683044,-0.05661778782924457,0.08883923134492669,388.8192127080645,-16,-3,5
16:20:41:307,err,err,err,err,err,err,err,err,err,err
16:20:41:430,-87.50299687261911,-47.72677885833994,346.89547791646805,0.9340668556693155,-0.20760470094759384,0.0757831731858714,360.9308693929867,54,-12,-1
16:20:41:555,err,err,err,err,err,err,err,err,err,err
16:20:41:717,-92.97797328922547,-53.32525135389962,374.79738087509804,-0.2645967834362617,-0.06713123610226794,0.08091305188707595,389.822475826833,-15,-3,5
16:20:41:841,-93.191772698342,-53.42834238523948,375.5262419399872,-0.2444119451417098,-0.06501798479506421,0.0902970340229837,390.58834167735165,-14,-3,6
16:20:41:993,err,err,err,err,err,err,err,err,err,err
16:20:42:089,-93.00960186917544,-53.30570992836687,374.66940998933836,-0.2630520569797158,-0.08310080994039612,0.08766726866655919,389.70431295097137,-15,-4,6
16:20:42:212,err,err,err,err,err,err,err,err,err,err
16:20:42:332,err,err,err,err,err,err,err,err,err,err
16:20:42:457,-93.43870045370187,-53.534400290444445,376.8032095353698,-0.26252672231126617,-0.044772640885931546,0.09014832392457667,391.88950161121943,-15,-2,5
16:20:42:580,-93.16513352788122,-53.37702999114451,375.4183391092806,-0.24461745036462584,-0.06615995615449477,0.09011928502661613,390.47122656543377,-14,-3,6
16:20:42:703,-93.78338469339293,-53.70437905441885,377.76829979607965,-0.2580534704140884,-0.08210360419274944,0.08582371355981583,392.92285744785875,-15,-4,5
16:20:42:828,-93.15156412336047,-53.38904077543386,375.5091499128219,-0.2585549010351127,-0.0652748747274341,0.08745631008620838,390.5569423807489,-15,-3,5
16:20:42:948,-86.82551912992736,-47.46815992298708,344.32893306822325,0.9475118579011202,-0.19876892805954283,0.07652390401311174,358.2656990650328,55,-12,-1
16:20:43:071,-92.97284735032692,-53.21367868647031,374.7729346440124,-0.2647371477923111,-0.06726215554229388,0.08088539915263838,389.7825015126504,-15,-3,5
16:20:43:196,-93.4163954608551,-53.45967876018061,376.2635826005095,-0.24108042080178377,-0.06169768943048146,0.08603783930905955,391.3551376760129,-14,-3,5
16:20:43:315,-92.34570764573145,-52.95496144254508,372.41935189228326,-0.2767216627618349,-0.06080683292878549,0.08713105279581368,387.33465030363686,-16,-3,5
16:20:43:482,err,err,err,err,err,err,err,err,err,err
16:20:43:598,err,err,err,err,err,err,err,err,err,err
16:20:43:727,err,err,err,err,err,err,err,err,err,err
16:20:43:867,-93.33797858346661,-53.5115938399119,376.12872898268967,-0.2530691828254229,-0.07610787384593651,0.09002784874931398,391.2138669416883,-15,-4,6
16:20:44:022,-93.93742870018148,-53.77456166495982,378.5119194959514,-0.23917974665380168,-0.06467919835070057,0.08834648787438266,393.6841591854692,-14,-3,5
16:20:44:142,-92.89443855904584,-53.302694241535185,374.6389986347161,-0.2620364722324279,-0.06945788605782453,0.09155171254311589,389.6471907079913,-15,-3,6
16:20:44:260,-93.06816907801331,-53.263689292656466,374.86826539242935,-0.24941434570812493,-0.06670560662773413,0.08423365925469417,389.90373310719554,-14,-3,5
16:20:44:380,err,err,err,err,err,err,err,err,err,err
16:20:44:507,err,err,err,err,err,err,err,err,err,err
16:20:44:629,-93.36079435125386,-53.52335769517977,376.2201712201706,-0.2665145416828188,-0.07441821747867634,0.08732414022926518,391.3088357982704,-15,-4,6
16:20:44:760,-93.38190404120715,-53.4989172436425,376.30402348759304,-0.2664299749927624,-0.07490134228885847,0.08732347787552854,391.391149927479,-15,-4,6
16:20:44:876,-92.94191566277637,-53.38132588290221,374.68699852684193,-0.26157307241613853,-0.06748264170429001,0.09164605332605312,389.71542502849036,-15,-3,6
16:20:44:998,err,err,err,err,err,err,err,err,err,err
16:20:45:123,err,err,err,err,err,err,err,err,err,err
16:20:45:246,-92.89674022463575,-53.20803223812707,374.4990705134258,-0.29008179674101925,-0.07525679498313241,0.08292078276903728,389.5002604035547,-17,-4,5
16:20:45:409,err,err,err,err,err,err,err,err,err,err
16:20:45:529,-93.23678149829868,-53.395648945746046,375.5611006431734,-0.2579031107307568,-0.0764369405872419,0.08413589574091372,390.6281263130071,-15,-4,5
16:20:45:653,err,err,err,err,err,err,err,err,err,err
16:20:45:778,err,err,err,err,err,err,err,err,err,err
16:20:45:903,-92.23032451866295,-52.86648283391681,371.54763546666425,-0.2817512925867823,-0.06742358120769587,0.09067880337871838,386.4569098734242,-16,-3,6
16:20:46:023,err,err,err,err,err,err,err,err,err,err
16:20:46:150,-87.87639535744532,-47.95543914504038,348.33482199468847,0.9371107473119736,-0.19197359815177925,0.07325520460887572,362.43500550951615,54,-11,-1
16:20:46:267,-92.63862627507108,-53.05727475615702,373.15123676962764,-0.27413152331027973,-0.04626047731069934,0.08614303170687725,388.1221907922624,-16,-2,5
16:20:46:435,err,err,err,err,err,err,err,err,err,err
16:20:46:556,-92.53280500560919,-53.05891593938973,373.1555536266367,-0.27378069911094477,-0.04592050406155288,0.08617463797714434,388.1013215196143,-16,-2,5
16:20:46:678,err,err,err,err,err,err,err,err,err,err
16:20:46:801,err,err,err,err,err,err,err,err,err,err
16:20:46:925,err,err,err,err,err,err,err,err,err,err
16:20:47:049,-93.41059469846446,-53.491833155778366,376.24119919476453,-0.2548815557679119,-0.058813057212167105,0.08339020135338705,391.33662668832943,-15,-3,5
16:20:47:171,-93.3598351575592,-53.487585707117866,376.21560026993814,-0.25293635149112625,-0.07661946086159449,0.09003177733012252,391.29932089372807,-15,-4,6
16:20:47:296,err,err,err,err,err,err,err,err,err,err
16:20:47:419,-87.8714308387027,-47.99366629765786,348.361397677253,0.9376407152642037,-0.21620826461137346,0.0710741006000332,362.46440343015905,54,-12,-2
16:20:47:582,-92.99213937570275,-53.16989326999857,374.70362869021363,-0.23648891521161353,-0.05443151966018154,0.09037261710663429,389.71449150580304,-14,-2,6
16:20:47:705,err,err,err,err,err,err,err,err,err,err
16:20:47:828,-93.01743078926785,-53.328258074456215,374.81116200204457,-0.24991697077496697,-0.05344532445574601,0.08760367980705196,389.8455498030149,-14,-2,5
16:20:47:951,-92.76277590913585,-53.133463518922824,373.947532011356,-0.2685076477443292,-0.06797352995835566,0.08565047058737267,388.9278265144696,-16,-3,5
16:20:48:076,err,err,err,err,err,err,err,err,err,err
16:20:48:200,err,err,err,err,err,err,err,err,err,err
16:20:48:317,-93.11512867017123,-53.38896957838508,375.5072545174275,-0.2597314309391958,-0.06702593073127872,0.08681261785966222,390.5464216391188,-15,-3,5
16:20:48:444,-87.83099633449744,-47.97812286732179,348.48986480559694,0.9360556363034351,-0.21577081667309853,0.08149303565200303,362.5760197023592,54,-13,-1
16:20:48:567,-92.74328333918436,-53.14438286404771,374.01459898773885,-0.25373320989252945,-0.06028891437228963,0.09159001912032005,388.98915446383825,-15,-3,6
16:20:48:693,-87.49788408061832,-47.75216211507811,346.8808692420046,0.9471323871316629,-0.21343210516537955,0.07385973674543976,360.91894678907994,55,-12,-2
16:20:48:810,err,err,err,err,err,err,err,err,err,err
16:20:48:935,err,err,err,err,err,err,err,err,err,err
16:20:49:059,-87.1559572090204,-47.71212570693981,346.06092951617785,0.9364132912839228,-0.20669469409029,0.08091396611174874,360.04274017690796,54,-12,-1
16:20:49:180,-87.38976744828824,-47.718514978037994,346.8470501521955,0.9407176826416833,-0.21608029338980397,0.07153239677790273,360.8557943634198,54,-12,-2
16:20:49:304,-93.17916859803103,-53.34656901811237,375.47366788115437,-0.27150631418841786,-0.06327985411807442,0.08465003128517445,390.5236089646206,-16,-3,5
16:20:49:426,-93.24200357923948,-53.4711759846508,375.58398450444435,-0.25789392389916344,-0.07483620010689962,0.08429964709270417,390.66170443093995,-15,-4,5
16:20:49:634,-93.03062638745796,-53.28136770880023,374.7528971299423,-0.2629488729006282,-0.08359123060245084,0.08766936077478772,389.7862689965467,-15,-4,6
16:20:49:758,err,err,err,err,err,err,err,err,err,err
16:20:49:877,err,err,err,err,err,err,err,err,err,err
16:20:50:001,err,err,err,err,err,err,err,err,err,err
16:20:50:123,-87.63660457878105,-47.87999603310212,347.5413957219303,0.9394255642419788,-0.2041658055073583,0.07237785392665784,361.6043282685854,54,-12,-2
16:20:50:247,-93.6207963159582,-53.59117428120925,376.95455837126144,-0.24958933979211306,-0.08239151232309595,0.08275693231638927,392.0862233495916,-15,-4,5
16:20:50:366,-93.34096388422903,-53.43945799260303,376.13807208999066,-0.26670533574933036,-0.07475418998276474,0.08727037234659167,391.2137018113695,-15,-4,6
16:20:50:491,-93.49543901239305,-53.637441776626474,376.7768248697359,-0.2618673569107532,-0.08575364257155176,0.08991378809217745,391.8917555083045,-15,-4,6
16:20:50:661,err,err,err,err,err,err,err,err,err,err
16:20:50:778,-92.3131295500252,-52.915648686580106,372.14519731713006,-0.28083303414886285,-0.07234081102362384,0.083360645918064,387.0579125265972,-16,-3,5
16:20:50:898,err,err,err,err,err,err,err,err,err,err
16:20:51:024,err,err,err,err,err,err,err,err,err,err
16:20:51:146,err,err,err,err,err,err,err,err,err,err
16:20:51:272,-92.18385374067489,-52.78637202551997,371.4684360346037,-0.2713588963531362,-0.050037876372670036,0.08712930475019542,386.3587231215224,-16,-2,5
16:20:51:393,-93.33554147456708,-53.491018736790494,376.2293391023893,-0.25382131707278566,-0.04666899908259155,0.08698761384971526,391.3072041111318,-15,-2,5
16:20:51:520,-92.83773321902027,-53.24320594441432,373.9659358282444,-0.2678777231254548,-0.07156270324992554,0.08505619250478312,388.97841180248025,-16,-3,5
16:20:51:643,-93.22177077055564,-53.4234918707446,375.5022621093899,-0.25798512860120437,-0.07663931290584425,0.08410669815893762,390.5717819793571,-15,-4,5
16:20:51:764,err,err,err,err,err,err,err,err,err,err
16:20:51:930,-92.4231871856494,-52.89811670484377,372.27092480489415,-0.2793475434792171,-0.03534916926312627,0.08341650803884554,387.2026571907326,-16,-1,5
16:20:52:049,err,err,err,err,err,err,err,err,err,err
16:20:52:172,-92.85872297468264,-53.21892000438937,374.0492807449248,-0.26779365089184876,-0.07204388362162609,0.0850549144486587,389.0602270917936,-16,-3,5
16:20:52:300,err,err,err,err,err,err,err,err,err,err
16:20:52:420,-93.33797858346661,-53.5115938399119,376.12872898268967,-0.2530691828254229,-0.07610787384593651,0.09002784874931398,391.2138669416883,-15,-4,6
16:20:52:549,err,err,err,err,err,err,err,err,err,err
16:20:52:666,-93.78810174247909,-53.74358915940726,377.7894071087642,-0.2578485819577235,-0.08407110187310465,0.08565025972500317,392.9496373936288,-15,-4,5
16:20:52:792,-93.00846774532378,-53.32224886040093,374.77624539330543,-0.263310075948577,-0.05362271075900533,0.08469884395744653,389.8090191452303,-15,-2,5
16:20:52:912,-93.16798673792107,-53.411564364072596,375.43119279092076,-0.2843946496063382,-0.06156482710665056,0.08198441256699017,390.48898765653865,-16,-3,5
16:20:53:034,err,err,err,err,err,err,err,err,err,err
16:20:53:161,-87.5011823038694,-47.75545059728406,346.8869710520951,0.9406457669656432,-0.2044180642677794,0.07796761646040562,360.92604595958665,54,-12,-1
16:20:53:281,err,err,err,err,err,err,err,err,err,err
16:20:53:401,err,err,err,err,err,err,err,err,err,err
16:20:53:528,-93.73495149026513,-53.65781013822493,377.68439825838834,-0.2586322880237074,-0.05200566249403219,0.08277959041760635,392.8242691172645,-15,-2,5
16:20:53:653,-93.4286169550519,-53.51804548141736,376.171076677821,-0.25378065010397016,-0.04647417460923247,0.0870241769605125,391.27709693673097,-15,-2,5
16:20:53:777,err,err,err,err,err,err,err,err,err,err
16:20:53:903,-93.48174914630536,-53.574197452962906,376.83141399429417,-0.26207462293911665,-0.0562966500396983,0.08691909957964564,391.9323240422011,-15,-3,5
16:20:54:020,-93.16513352788122,-53.37702999114451,375.4183391092806,-0.24461745036462584,-0.06615995615449477,0.09011928502661613,390.47122656543377,-14,-3,6
16:20:54:145,-87.88061881964819,-47.92794574664365,348.35274697889565,0.9304431628033465,-0.1950950785387482,0.07106953806393158,362.4496206031398,54,-11,-1
16:20:54:272,-93.15741179569875,-53.444279429901144,375.38994000402244,-0.25826304741916456,-0.06451278679277539,0.08736307235597342,390.45127920456133,-15,-3,5
16:20:54:388,-93.34105928020008,-53.47458224724524,376.13913688367796,-0.2798670028102124,-0.07257148724961582,0.08460959002995709,391.2195478112839,-16,-3,5
16:20:54:511,-93.19434551357679,-53.39255285231128,375.53596138417197,-0.25807155553335,-0.06483936982373782,0.08739238610420626,390.5934062788632,-15,-3,5
16:20:54:675,-93.13102786759504,-53.34030052290754,375.42607243481757,-0.27176366244098815,-0.052069791794607204,0.08787124352995992,390.4655066396797,-16,-2,5
16:20:54:801,-92.62261329280244,-53.219762709297505,373.5624237208586,-0.2941950820057941,-0.0914163622697955,0.08371086374774254,388.53593920282873,-17,-4,6
16:20:54:926,-93.97018908003854,-53.7345421815371,378.4961080763472,-0.2530957966171334,-0.07513870985704496,0.0822187561082239,393.67131123329204,-15,-4,5
16:20:55:046,err,err,err,err,err,err,err,err,err,err
16:20:55:166,-92.72523862681103,-53.2425939496892,373.94487820764186,-0.25384616319056447,-0.058216818763378364,0.09175179637620152,388.9312479431534,-15,-3,6
16:20:55:288,err,err,err,err,err,err,err,err,err,err
16:20:55:408,err,err,err,err,err,err,err,err,err,err
16:20:55:536,err,err,err,err,err,err,err,err,err,err
16:20:55:658,err,err,err,err,err,err,err,err,err,err
16:20:55:786,-87.64292567974286,-47.88151650997788,347.55679930473207,0.9384395284159096,-0.1918585158144066,0.0786467495174736,361.6208660848403,54,-11,-1
16:20:55:903,err,err,err,err,err,err,err,err,err,err
16:20:56:026,-93.46353269543367,-53.52846364308468,376.75615522533036,-0.24872779193589298,-0.05714462849019863,0.08967526929783734,391.8493701208063,-14,-3,5
16:20:56:151,err,err,err,err,err,err,err,err,err,err
16:20:56:273,-93.17916859803103,-53.34656901811237,375.47366788115437,-0.27150631418841786,-0.06327985411807442,0.08465003128517445,390.5236089646206,-16,-3,5
16:20:56:398,err,err,err,err,err,err,err,err,err,err
16:20:56:517,err,err,err,err,err,err,err,err,err,err
16:20:56:641,-87.14833788217169,-47.63834644847572,346.03105611898656,0.9429040477767158,-0.20974720640220823,0.08008156465833735,360.00241200135224,54,-12,-1
16:20:56:765,err,err,err,err,err,err,err,err,err,err
16:20:56:890,-93.01811178897985,-53.254111871784495,374.81302824172013,-0.27633580508569905,-0.05277247466255034,0.0819758491145991,389.8373708250252,-16,-2,5
16:20:57:016,-87.63602999212019,-47.84493505846492,347.5330836224692,0.9392225053861201,-0.19799149934507593,0.07552744836274469,361.59155932580984,54,-12,-1
16:20:57:134,-93.20023889144028,-53.32216146238259,375.55736013947535,-0.27143955186927005,-0.06375421092914405,0.08464623354969167,390.6057708065429,-16,-3,5
16:20:57:259,-93.03016723296508,-53.29828206877305,374.86247610866593,-0.26321848837745826,-0.05411024277082021,0.08469606199278411,389.89382513858317,-15,-2,5
16:20:57:379,-93.55014235623258,-53.66471681931006,376.9625975058922,-0.2616055430749586,-0.06750956302705814,0.08372785449682776,392.0871470535057,-15,-3,5
16:20:57:507,-92.81275534099738,-53.137787718080745,373.9735097074266,-0.2686723740375122,-0.042826799690824924,0.08196068247685401,388.9653172205079,-15,-2,5
16:20:57:624,-93.20023889144028,-53.32216146238259,375.55736013947535,-0.27143955186927005,-0.06375421092914405,0.08464623354969167,390.6057708065429,-16,-3,5
16:20:57:750,-92.94740132362807,-53.23707749872239,374.6728069056479,-0.2507816054139052,-0.043391690210448454,0.09059767531657584,389.68335615981533,-14,-2,5
16:20:57:871,err,err,err,err,err,err,err,err,err,err
16:20:57:994,err,err,err,err,err,err,err,err,err,err
16:20:58:120,err,err,err,err,err,err,err,err,err,err
16:20:58:239,err,err,err,err,err,err,err,err,err,err
16:20:58:367,-92.903340953718,-53.26657314191445,374.3875891801228,-0.2647431994956574,-0.0678723805956841,0.09154877052903594,389.4026521568004,-15,-3,6
16:20:58:486,-93.04137096050833,-53.282579451595566,374.76172957230483,-0.2762007245669316,-0.06338635576522156,0.07876485006817772,389.7974909299082,-16,-3,5
16:20:58:609,err,err,err,err,err,err,err,err,err,err
16:20:58:731,err,err,err,err,err,err,err,err,err,err
16:20:58:856,err,err,err,err,err,err,err,err,err,err
16:20:58:986,err,err,err,err,err,err,err,err,err,err
16:20:59:142,err,err,err,err,err,err,err,err,err,err
16:20:59:275,-92.89130934960367,-53.23801074434161,374.1936611308153,-0.2777575729275147,-0.06379689105468114,0.08892324993055761,389.20942585089307,-16,-3,6
16:20:59:389,err,err,err,err,err,err,err,err,err,err
16:20:59:510,err,err,err,err,err,err,err,err,err,err
16:20:59:636,err,err,err,err,err,err,err,err,err,err
16:20:59:767,err,err,err,err,err,err,err,err,err,err
16:20:59:879,err,err,err,err,err,err,err,err,err,err
16:21:00:007,err,err,err,err,err,err,err,err,err,err
16:21:00:137,-92.76762115130646,-53.20724735541056,373.9698425009629,-0.2813311493045642,-0.06767161305007238,0.08284239098886438,388.96051959730715,-16,-3,5
16:21:00:254,-93.02502556337119,-53.186683915254584,374.8379623551526,-0.2633561064371967,-0.05422536900484982,0.08466808086993438,389.85378893827607,-15,-2,5
16:21:00:373,-93.33840039579036,-53.47226791535006,376.09646727176124,-0.2532302356526767,-0.03312129483709464,0.09068868669258828,391.17757236165113,-15,-1,5
16:21:00:496,-93.04243894473312,-53.37655487641715,374.91519726308326,-0.2760064522514323,-0.0542032103130244,0.0818640966479211,389.9581480031879,-16,-2,5
16:21:00:621,-93.76195899599557,-53.69336654887162,377.68274730975463,-0.24424431114022516,-0.08399627402519784,0.08856801733541278,392.8339855225897,-14,-4,6
16:21:00:741,-93.3644434735827,-53.56289125705048,376.2359814927209,-0.252931761049452,-0.07496181912324443,0.09019880969096306,391.33031622241776,-15,-4,6
16:21:00:869,-93.22468374448843,-53.33221214316365,375.36919146079276,-0.26069652688032013,-0.06375151063485572,0.08738777166885833,390.4320637566446,-15,-3,5
16:21:00:996,-93.31985993918838,-53.46389387286814,376.0542403087124,-0.2667886502545216,-0.07426892565342262,0.08727128764959566,391.1314048517222,-15,-4,6
16:21:01:113,err,err,err,err,err,err,err,err,err,err
16:21:01:233,err,err,err,err,err,err,err,err,err,err
16:21:01:360,-93.01307229592047,-53.25337060600682,374.79175806196326,-0.24996873144124926,-0.05499336377119888,0.08743698106067836,389.8156166830724,-14,-2,5
16:21:01:484,-93.49543901239305,-53.637441776626474,376.7768248697359,-0.2618673569107532,-0.08575364257155176,0.08991378809217745,391.8917555083045,-15,-4,6
16:21:01:600,err,err,err,err,err,err,err,err,err,err
16:21:01:730,-92.58985224575653,-53.00026660395614,373.2360722478629,-0.24539024751932184,-0.05962798042239337,0.08861422737922994,388.18433073218375,-14,-3,5
16:21:01:850,-92.94625623144302,-53.2702284634952,374.41538215741565,-0.26427039951728076,-0.06745306996858838,0.09148243522660537,389.4401137326221,-15,-3,6
16:21:02:067,-93.5970607601395,-53.581820084817835,377.1495447147132,-0.26258267805617996,-0.07428721062418528,0.08253596302530522,392.2667463666204,-15,-4,5
16:21:02:192,-93.191772698342,-53.42834238523948,375.5262419399872,-0.2444119451417098,-0.06501798479506421,0.0902970340229837,390.58834167735165,-14,-3,6
16:21:02:321,err,err,err,err,err,err,err,err,err,err
16:21:02:438,err,err,err,err,err,err,err,err,err,err
16:21:02:559,-87.20294621018817,-47.700815850427944,345.9573670450235,0.9307938827024393,-0.20432243523068136,0.07161405838525238,359.9530823222084,54,-12,-2
16:21:02:721,-92.58432485514707,-53.06723005051936,373.2175635447,-0.27340605244073823,-0.0569400029544027,0.08299751400689998,388.1743652694757,-16,-3,5
16:21:02:892,-93.34096388422903,-53.43945799260303,376.13807208999066,-0.26670533574933036,-0.07475418998276474,0.08727037234659167,391.2137018113695,-15,-4,6
16:21:03:059,-87.64091041276454,-47.91751179999773,347.5519239087003,0.932712006271547,-0.19482891882466596,0.07637913292638464,361.62045977477567,54,-12,-1
16:21:03:212,err,err,err,err,err,err,err,err,err,err
16:21:03:338,err,err,err,err,err,err,err,err,err,err
16:21:03:451,-92.58432485514707,-53.06723005051936,373.2175635447,-0.27340605244073823,-0.0569400029544027,0.08299751400689998,388.1743652694757,-16,-3,5
16:21:03:577,-93.26943114772706,-53.43884051294148,376.1065162894989,-0.24091312975014745,-0.04765758015391742,0.08983021241344712,391.16621538344964,-14,-2,5
16:21:03:693,err,err,err,err,err,err,err,err,err,err
16:21:03:816,-87.19490231837788,-47.62681897819638,345.92589959443984,0.9373178869799247,-0.20741810477147077,0.07076990774472462,359.9110902521841,54,-12,-2
16:21:03:940,err,err,err,err,err,err,err,err,err,err
16:21:04:062,err,err,err,err,err,err,err,err,err,err
16:21:04:188,-93.38190404120715,-53.4989172436425,376.30402348759304,-0.2664299749927624,-0.07490134228885847,0.08732347787552854,391.391149927479,-15,-4,6
16:21:04:313,-87.63729385438702,-47.81440712705624,347.5464846320321,0.9391046064891888,-0.21028184329421903,0.06922361453071328,361.60070766401356,54,-12,-2
16:21:04:432,err,err,err,err,err,err,err,err,err,err
16:21:04:562,err,err,err,err,err,err,err,err,err,err
16:21:04:687,err,err,err,err,err,err,err,err,err,err
16:21:04:809,-92.94281949046334,-53.26870193305077,374.65723661034184,-0.276802718574183,-0.04130730722449399,0.08516371328253759,389.67161462565724,-16,-2,5
16:21:05:025,-87.64292567974286,-47.88151650997788,347.55679930473207,0.9384395284159096,-0.1918585158144066,0.0786467495174736,361.6208660848403,54,-11,-1
16:21:05:192,err,err,err,err,err,err,err,err,err,err
16:21:05:307,err,err,err,err,err,err,err,err,err,err
16:21:05:427,-92.87946479289582,-53.15564811247383,374.0953553051577,-0.2549542461116033,-0.05392753273979702,0.08167103080651926,389.1008259659237,-15,-2,5
16:21:05:550,err,err,err,err,err,err,err,err,err,err
16:21:05:673,err,err,err,err,err,err,err,err,err,err
16:21:05:805,err,err,err,err,err,err,err,err,err,err
16:21:05:927,-92.64638305277676,-53.06268396434372,373.1812466448661,-0.2612025823189147,-0.046081453575517926,0.08898474646915577,388.15363397716385,-15,-2,5
16:21:06:082,err,err,err,err,err,err,err,err,err,err
16:21:06:196,-93.78754518985069,-53.72222781674495,377.63988786531894,-0.2584808675916992,-0.09337656630450458,0.08247362456743944,392.8028338763141,-15,-5,5
16:21:06:317,err,err,err,err,err,err,err,err,err,err
16:21:06:441,-93.49023438860942,-53.52525077041941,376.75206240320773,-0.2620097055860255,-0.08590173855484617,0.08988644278690741,391.8513658533602,-15,-4,6
16:21:06:598,-92.74999457119381,-53.06407963208812,373.45135126880984,-0.25924163993644994,-0.07389107139119022,0.08190606803500669,388.43824451855545,-15,-4,5
16:21:06:730,err,err,err,err,err,err,err,err,err,err
16:21:06:848,err,err,err,err,err,err,err,err,err,err
16:21:07:019,err,err,err,err,err,err,err,err,err,err
16:21:07:137,-93.15156412336047,-53.38904077543386,375.5091499128219,-0.2585549010351127,-0.0652748747274341,0.08745631008620838,390.5569423807489,-15,-3,5
16:21:07:263,-93.18420056247237,-53.45829195874538,375.49774816103553,-0.27137441930397505,-0.06315763991444988,0.0846768134970029,390.56323826958163,-16,-3,5
16:21:07:385,-93.01307229592047,-53.25337060600682,374.79175806196326,-0.24996873144124926,-0.05499336377119888,0.08743698106067836,389.8156166830724,-14,-2,5
16:21:07:510,-93.16513352788122,-53.37702999114451,375.4183391092806,-0.24461745036462584,-0.06615995615449477,0.09011928502661613,390.47122656543377,-14,-3,6
16:21:07:676,-93.20301185510688,-53.35626120612211,375.28313426996107,-0.26079764741485817,-0.06325630829948665,0.08738837049476994,390.34743869563783,-15,-3,5
16:21:07:797,err,err,err,err,err,err,err,err,err,err
16:21:07:917,err,err,err,err,err,err,err,err,err,err
16:21:08:041,err,err,err,err,err,err,err,err,err,err
16:21:08:166,err,err,err,err,err,err,err,err,err,err
16:21:08:290,-87.87639535744532,-47.95543914504038,348.33482199468847,0.9371107473119736,-0.19197359815177925,0.07325520460887572,362.43500550951615,54,-11,-1
16:21:08:407,-93.19434551357679,-53.39255285231128,375.53596138417197,-0.25807155553335,-0.06483936982373782,0.08739238610420626,390.5934062788632,-15,-3,5
16:21:08:540,-93.08034907522303,-53.34553345120359,374.9661498557848,-0.2754261529005154,-0.10219455508277844,0.08416865472979537,390.0119368183873,-16,-5,6
16:21:08:659,-93.17929087650674,-53.436332337079946,375.3337186033657,-0.25713647603870143,-0.050804486729614205,0.09114421220777365,390.4013603748302,-15,-2,6
16:21:08:781,-92.98876693256203,-53.259954400947905,374.83840534927754,-0.25114487730083046,-0.06894005802712187,0.08364269346809929,389.85556766989833,-15,-3,5
16:21:08:900,err,err,err,err,err,err,err,err,err,err
16:21:09:026,-92.80234717020639,-53.151242636400475,373.82221701876693,-0.2691490411683044,-0.05661778782924457,0.08883923134492669,388.8192127080645,-16,-3,5
16:21:09:150,-92.80234717020639,-53.151242636400475,373.82221701876693,-0.2691490411683044,-0.05661778782924457,0.08883923134492669,388.8192127080645,-16,-3,5
16:21:09:272,-93.65506037159689,-53.55775703964043,377.23695272245175,-0.2610185386804302,-0.06102505105806778,0.08637697053486465,392.36134133174477,-15,-3,5
16:21:09:393,-93.19434551357679,-53.39255285231128,375.53596138417197,-0.25807155553335,-0.06483936982373782,0.08739238610420626,390.5934062788632,-15,-3,5
16:21:09:522,-93.17465436390924,-53.36422329706313,375.34585344846397,-0.2582808233028521,-0.09496083097815494,0.09025222175020245,390.4020571729721,-15,-5,6
16:21:09:640,-93.2710440873315,-53.39436493202813,375.5559360377714,-0.2594469033468522,-0.07898112729067205,0.08358197972072522,390.63116486635084,-15,-4,5
16:21:09:771,-93.16921490486448,-53.45187814362534,375.43654208594137,-0.24457186370922737,-0.06449248691366581,0.09029206788470148,390.4999398418886,-14,-3,6
16:21:09:886,err,err,err,err,err,err,err,err,err,err
16:21:10:008,err,err,err,err,err,err,err,err,err,err
16:21:10:176,-93.5165615646238,-53.61296356464564,376.8607331276038,-0.2617653705245858,-0.08624722240268473,0.08991619282898704,391.97411817941384,-15,-4,6
16:21:10:296,-92.9915724719305,-53.25842660771009,374.5964736797447,-0.2772263393384439,-0.0664500741292956,0.08882321881459197,389.62342158657606,-16,-3,6
16:21:10:445,-87.63209197822287,-47.879885386293346,347.5206631415808,0.9335207857164457,-0.20100770547388924,0.07326415955366194,361.58329369517116,54,-12,-1
16:21:10:585,-93.49168104042107,-53.444951452932074,376.4199523758132,-0.24039902451286133,-0.07428826364443032,0.08280531219564022,391.5214397784361,-14,-4,5
16:21:10:704,-93.60722219769713,-53.63980454829356,377.0475115396134,-0.263002217519675,-0.07048127815005843,0.08318253020853461,392.17899821097393,-15,-3,5
16:21:10:831,-93.18256232419357,-53.38529718062719,375.4875350742239,-0.25986601280405824,-0.09031552889206773,0.08023116351278561,390.54304355919925,-15,-5,5
16:21:10:955,err,err,err,err,err,err,err,err,err,err
16:21:11:117,err,err,err,err,err,err,err,err,err,err
16:21:11:321,-93.19434551357679,-53.39255285231128,375.53596138417197,-0.25807155553335,-0.06483936982373782,0.08739238610420626,390.5934062788632,-15,-3,5
16:21:11:444,-87.63010646735877,-47.87730995967439,347.5199360330353,0.9400228796713889,-0.21014711733250743,0.06914216624105221,361.5817726446679,54,-12,-2
16:21:11:567,err,err,err,err,err,err,err,err,err,err
16:21:11:732,-93.19434551357679,-53.39255285231128,375.53596138417197,-0.25807155553335,-0.06483936982373782,0.08739238610420626,390.5934062788632,-15,-3,5
16:21:11:855,-92.84017419041572,-53.118074584159075,374.08141593066273,-0.25554645861773834,-0.043011873928082006,0.08482729977865404,389.07291544892263,-15,-2,5
16:21:11:993,-92.97229992266905,-53.32112295368861,374.5210092430157,-0.2641894810261554,-0.06642213851318572,0.09164011734378062,389.554844752777,-15,-3,6
16:21:12:103,-93.36147847698768,-53.449749353786515,376.2202013302636,-0.27982606566918905,-0.07303137934243925,0.08460462174171636,391.2989665950777,-16,-3,5
16:21:12:221,err,err,err,err,err,err,err,err,err,err
16:21:12:348,-88.08409118928527,-48.070164096322706,349.1809232824619,0.941218256791818,-0.2070220109367027,0.07082956976664344,363.31372803856755,54,-12,-2
16:21:12:468,-93.10730527192675,-53.41515371099027,375.18992238774234,-0.2728523768725988,-0.04815591153947355,0.08842196901189738,390.24303555898166,-16,-2,5
16:21:12:594,err,err,err,err,err,err,err,err,err,err
16:21:12:720,-93.36147847698768,-53.449749353786515,376.2202013302636,-0.27982606566918905,-0.07303137934243925,0.08460462174171636,391.2989665950777,-16,-3,5
16:21:12:854,-93.3598351575592,-53.487585707117866,376.21560026993814,-0.25293635149112625,-0.07661946086159449,0.09003177733012252,391.29932089372807,-15,-4,6
16:21:12:963,err,err,err,err,err,err,err,err,err,err
16:21:13:087,-87.63209197822287,-47.879885386293346,347.5206631415808,0.9335207857164457,-0.20100770547388924,0.07326415955366194,361.58329369517116,54,-12,-1
16:21:13:204,-87.64450941796291,-47.81874632392495,347.56245671004996,0.9321711091369195,-0.19475416501318304,0.07635214660430635,361.6183815093373,54,-12,-1
16:21:13:566,-87.87707795417863,-47.99825320652073,348.3766459692702,0.9310555195923683,-0.20705397138311715,0.0751893526136313,362.4810348107061,54,-12,-1
16:21:13:799,-92.81207298187427,-53.208197487200614,373.7186918084412,-0.2690711255203462,-0.067540904836529,0.08559798584235735,388.7297953309501,-16,-3,5
16:21:13:966,-92.80234717020639,-53.151242636400475,373.82221701876693,-0.2691490411683044,-0.05661778782924457,0.08883923134492669,388.8192127080645,-16,-3,5
16:21:14:125,-93.41976571495125,-53.5000253774093,376.3119986153532,-0.2649090969988,-0.06136399330975541,0.09115682725385597,391.4080040616204,-15,-3,6
16:21:14:288,-87.63904476995117,-47.816855930381145,347.5462887270319,0.9326043164235335,-0.20114524216521418,0.0733432270602306,361.6012675409058,54,-12,-1
16:21:14:450,-92.86885742817414,-53.13183908119546,373.9433507964399,-0.26886267271335895,-0.06832686368008443,0.08561855024438587,388.9488997400994,-16,-3,5
16:21:14:562,-93.03062638745796,-53.28136770880023,374.7528971299423,-0.2629488729006282,-0.08359123060245084,0.08766936077478772,389.7862689965467,-15,-4,6
16:21:14:686,-93.03016723296508,-53.29828206877305,374.86247610866593,-0.26321848837745826,-0.05411024277082021,0.08469606199278411,389.89382513858317,-15,-2,5
16:21:14:806,err,err,err,err,err,err,err,err,err,err
16:21:14:929,-93.83978315892558,-53.75311395363744,377.85123112667657,-0.2418102237278555,-0.08564417184705246,0.0885456861964896,393.02271566281263,-14,-4,6
16:21:15:050,err,err,err,err,err,err,err,err,err,err
16:21:15:173,err,err,err,err,err,err,err,err,err,err
16:21:15:301,-92.99213937570275,-53.16989326999857,374.70362869021363,-0.23648891521161353,-0.05443151966018154,0.09037261710663429,389.71449150580304,-14,-2,6
16:21:15:421,-93.00329314614443,-53.28485864294209,374.7525346215119,-0.23627663104194832,-0.05479357194642236,0.0903665688302693,389.7798749318306,-14,-2,6
16:21:15:543,-93.00332283415531,-53.210672155896475,374.7517178977104,-0.2634478626185815,-0.05373725482071327,0.08467081332818241,389.7689620233524,-15,-2,5
16:21:15:667,err,err,err,err,err,err,err,err,err,err
16:21:15:788,-92.94625623144302,-53.2702284634952,374.41538215741565,-0.26427039951728076,-0.06745306996858838,0.09148243522660537,389.4401137326221,-15,-3,6
16:21:15:914,-93.20175925639258,-53.37471806486769,375.4200835949137,-0.27154595373389234,-0.07473018024536844,0.08136752451248654,390.4813281367019,-16,-4,5
16:21:16:036,-93.20023889144028,-53.32216146238259,375.55736013947535,-0.27143955186927005,-0.06375421092914405,0.08464623354969167,390.6057708065429,-16,-3,5
16:21:16:157,-93.4007321304399,-53.435071426938386,376.34259334476934,-0.23934284421940247,-0.05959352850821835,0.0866022750378365,391.4240043563637,-14,-3,5
16:21:16:283,-93.14098494369617,-53.45451872878174,375.4691263011008,-0.2718384432872479,-0.0635404537984459,0.0847481155638342,390.52489479432614,-16,-3,5
16:21:16:410,-92.93078126308774,-53.224124678356056,374.35178101774073,-0.27748312548406656,-0.06580679193112542,0.08878273642788612,389.3689683386435,-16,-3,6
16:21:16:529,-92.2540487618509,-52.76940281647177,371.6052818870195,-0.2709602651946249,-0.061565540245439025,0.08395134215999134,386.5047281895685,-16,-3,5
16:21:16:653,err,err,err,err,err,err,err,err,err,err
16:21:16:816,err,err,err,err,err,err,err,err,err,err
16:21:16:937,-92.40255071233297,-53.019000322424674,372.36353313184156,-0.26512979774735324,-0.07442709088582625,0.0861750411389275,387.30330050202593,-15,-4,5
16:21:17:077,err,err,err,err,err,err,err,err,err,err
16:21:17:184,-92.99415596798762,-53.31634989463863,374.7493695050352,-0.2748204064774894,-0.07865686463933048,0.08554927179959479,389.7789580707344,-16,-4,5
16:21:17:313,-93.19434551357679,-53.39255285231128,375.53596138417197,-0.25807155553335,-0.06483936982373782,0.08739238610420626,390.5934062788632,-15,-3,5
16:21:17:433,-93.15166493506106,-53.368411076302856,375.3628265823726,-0.25854728189502113,-0.06124429019341891,0.08766782214930109,390.4134623202579,-15,-3,5
16:21:17:554,err,err,err,err,err,err,err,err,err,err
16:21:17:676,-87.2604889136633,-47.65362513886253,345.9130602321821,0.9429582275820076,-0.19252752429506348,0.07912495062081237,359.9181936961787,54,-11,-1
16:21:17:802,err,err,err,err,err,err,err,err,err,err
16:21:17:921,err,err,err,err,err,err,err,err,err,err
16:21:18:052,-93.60744858998329,-53.603465861806384,377.0465440462948,-0.26313551481310044,-0.06908341162008698,0.08331440334345197,392.17315354467945,-15,-3,5
16:21:18:165,err,err,err,err,err,err,err,err,err,err
16:21:18:319,-92.8798045292498,-53.19202650775457,374.09863343620515,-0.2548629679746033,-0.055314798604396025,0.08153608989341295,389.10903010882373,-15,-3,5
16:21:18:460,-92.68521702337833,-52.95458253956892,373.1895489923079,-0.2738862758677764,-0.057399241810394325,0.08293928172388002,388.15612418676704,-16,-3,5
16:21:18:578,-93.35573384066915,-53.535882697678815,376.0545661066532,-0.26702332959952124,-0.08418655027995363,0.08412238116850951,391.15012522919216,-16,-4,5
16:21:18:699,-87.83850838303694,-47.97699366411675,348.48370906606954,0.9362843312370056,-0.20374547365156281,0.07726880077471569,362.57177352966755,54,-12,-1
16:21:18:829,err,err,err,err,err,err,err,err,err,err
16:21:18:949,err,err,err,err,err,err,err,err,err,err
16:21:19:076,err,err,err,err,err,err,err,err,err,err
16:21:19:199,-92.83435819598381,-53.113826560020485,374.0593492546626,-0.26859966373661787,-0.04330337243728736,0.08195481574721565,389.0497312662352,-15,-2,5
16:21:19:352,err,err,err,err,err,err,err,err,err,err
16:21:19:486,-87.83490408838904,-47.97948664408951,348.3074883262053,0.9502149270249761,-0.19788395788886878,0.07106447153722276,362.4018597344066,55,-11,-2
16:21:19:600,err,err,err,err,err,err,err,err,err,err
16:21:19:726,err,err,err,err,err,err,err,err,err,err
16:21:19:853,-93.33237495582358,-53.472038735034126,376.10400923911413,-0.2532575172391612,-0.07412618349315318,0.09020379846613463,391.1833545884987,-15,-4,6
16:21:19:970,-92.76978024254743,-53.16997083522964,373.6907156436676,-0.2562718671441049,-0.05437670162870038,0.0918477004331832,388.68757232917307,-15,-2,6
16:21:20:095,-87.63602999212019,-47.84493505846492,347.5330836224692,0.9392225053861201,-0.19799149934507593,0.07552744836274469,361.59155932580984,54,-12,-1
16:21:20:217,-93.17785065905359,-53.308777543264455,375.4652300413939,-0.2734454847690427,-0.08846254652860194,0.07750233020703419,390.51002110910673,-16,-4,5
16:21:20:340,-92.72736402030564,-53.03594022474531,373.5039992105642,-0.25939581614328955,-0.06287643704738903,0.08512902873256294,388.47961647937484,-15,-3,5
16:21:20:470,-92.66923137557383,-53.089838970633544,373.130167163363,-0.27381642463289907,-0.056814544828027315,0.08297125913324906,388.11369351393245,-16,-3,5
16:21:20:585,err,err,err,err,err,err,err,err,err,err
16:21:20:710,-93.19434551357679,-53.39255285231128,375.53596138417197,-0.25807155553335,-0.06483936982373782,0.08739238610420626,390.5934062788632,-15,-3,5
16:21:20:835,-93.3598351575592,-53.487585707117866,376.21560026993814,-0.25293635149112625,-0.07661946086159449,0.09003177733012252,391.29932089372807,-15,-4,6
16:21:20:960,-93.20023889144028,-53.32216146238259,375.55736013947535,-0.27143955186927005,-0.06375421092914405,0.08464623354969167,390.6057708065429,-16,-3,5
16:21:21:080,-93.03552464368256,-53.22981093836188,374.88102885681394,-0.24982948729591764,-0.055507136511710395,0.08743878105474671,389.9035873328205,-14,-3,5
16:21:21:203,-92.77905282572063,-53.17726694026849,373.98163858147046,-0.24266718094345557,-0.04382636805539094,0.08767964227107941,388.9704877732449,-14,-2,5
16:21:21:332,-93.15479474428398,-53.39049822108464,375.52128349986106,-0.25965162963069927,-0.07864491539881431,0.08354346486415468,390.5695782386646,-15,-4,5
16:21:21:446,-93.79609372309118,-53.74937209528893,377.821337995026,-0.24202359403050125,-0.07343483343075441,0.09184807606276953,392.98303480264946,-14,-4,6
16:21:21:575,-87.49788408061832,-47.75216211507811,346.8808692420046,0.9471323871316629,-0.21343210516537955,0.07385973674543976,360.91894678907994,55,-12,-2
16:21:21:696,err,err,err,err,err,err,err,err,err,err
16:21:21:817,-92.61847342689319,-53.100555853645915,373.17922963953924,-0.24810295077440708,-0.03242238041350824,0.0848326993518797,388.1502133018276,-14,-1,5
16:21:21:940,-93.01307229592047,-53.25337060600682,374.79175806196326,-0.24996873144124926,-0.05499336377119888,0.08743698106067836,389.8156166830724,-14,-2,5
16:21:22:164,-93.38190404120715,-53.4989172436425,376.30402348759304,-0.2664299749927624,-0.07490134228885847,0.08732347787552854,391.391149927479,-15,-4,6
16:21:22:328,-93.54179302554431,-53.643307463191235,376.81841215561747,-0.2600417008900534,-0.07188621002370821,0.0938137171786559,391.94360208773026,-15,-3,6
16:21:22:483,-93.14079089126224,-53.383169543347094,375.46619035421537,-0.25851255842695614,-0.05332245412780806,0.0906064270266435,390.51226589884664,-15,-2,6
16:21:22:606,-93.05932295024908,-53.35747726129065,375.2804725782452,-0.2589678382744295,-0.0604042266048757,0.08796092683433318,390.3107621706055,-15,-3,5
16:21:22:733,-92.99508507771273,-53.22357651696193,374.57257279557206,-0.23582892861969207,-0.038703956432955496,0.09426452838713276,389.59651851186,-14,-2,6
16:21:22:862,err,err,err,err,err,err,err,err,err,err
16:21:22:977,-92.65442611908755,-53.01420146310809,373.352775704736,-0.2713876722363716,-0.058437763031038585,0.08293372128818796,388.31384647300354,-16,-3,5
16:21:23:087,-92.61243179591736,-52.97036989813554,373.04313724831843,-0.2743196277497102,-0.045895141811150654,0.08612164417145186,388.0001351267374,-16,-2,5
16:21:23:211,-93.00332283415531,-53.210672155896475,374.7517178977104,-0.2634478626185815,-0.05373725482071327,0.08467081332818241,389.7689620233524,-15,-2,5
16:21:23:337,err,err,err,err,err,err,err,err,err,err
16:21:23:462,err,err,err,err,err,err,err,err,err,err
16:21:23:588,err,err,err,err,err,err,err,err,err,err
16:21:23:728,-92.98876693256203,-53.259954400947905,374.83840534927754,-0.25114487730083046,-0.06894005802712187,0.08364269346809929,389.85556766989833,-15,-3,5
16:21:23:873,-93.18420056247237,-53.45829195874538,375.49774816103553,-0.27137441930397505,-0.06315763991444988,0.0846768134970029,390.56323826958163,-16,-3,5
16:21:23:993,-93.19434551357679,-53.39255285231128,375.53596138417197,-0.25807155553335,-0.06483936982373782,0.08739238610420626,390.5934062788632,-15,-3,5
16:21:24:112,-93.20023889144028,-53.32216146238259,375.55736013947535,-0.27143955186927005,-0.06375421092914405,0.08464623354969167,390.6057708065429,-16,-3,5
16:21:24:241,-93.03552464368256,-53.22981093836188,374.88102885681394,-0.24982948729591764,-0.055507136511710395,0.08743878105474671,389.9035873328205,-14,-3,5
16:21:24:364,-93.12730170617274,-53.37286878095338,375.1568037508421,-0.2726510101655497,-0.07736958268602268,0.09142763602164523,390.21018034583517,-16,-4,6
16:21:24:518,-93.63566209829987,-53.525559137795064,377.0118268300467,-0.26322551117909176,-0.08218799079102532,0.07985849322781029,392.13586965148914,-15,-4,5
16:21:24:646,err,err,err,err,err,err,err,err,err,err
16:21:24:777,-93.36079435125386,-53.52335769517977,376.2201712201706,-0.2665145416828188,-0.07441821747867634,0.08732414022926518,391.3088357982704,-15,-4,6
16:21:24:899,-87.64292567974286,-47.88151650997788,347.55679930473207,0.9384395284159096,-0.1918585158144066,0.0786467495174736,361.6208660848403,54,-11,-1
16:21:25:017,err,err,err,err,err,err,err,err,err,err
16:21:25:143,-93.21360763137592,-53.38360453343838,375.468313195899,-0.24425873104311135,-0.078158581293431,0.08686726830432084,390.53174018869754,-14,-4,5
16:21:25:261,-87.63729385438702,-47.81440712705624,347.5464846320321,0.9391046064891888,-0.21028184329421903,0.06922361453071328,361.60070766401356,54,-12,-2
16:21:25:384,-92.23092304150411,-52.81090525631614,371.6604593979658,-0.2946132827330306,-0.03899388665296579,0.08495729961373179,386.55792833543904,-17,-1,5
16:21:25:548,-93.41814493658461,-53.440017831970096,376.1582346131032,-0.2816239935338784,-0.0865573039806703,0.0807628592729069,391.2515850147069,-16,-4,5
16:21:25:669,-93.08694506436434,-53.34874988194966,374.99381662086444,-0.28584043998229963,-0.0749682355237498,0.08875767098952281,390.04055040375647,-17,-4,6
16:21:25:789,-93.03002091047986,-53.26194513590955,374.8600459719509,-0.26333318537858197,-0.052782111376187796,0.08482512417832881,389.88648816849,-15,-2,5
16:21:25:916,-93.49351832169674,-53.56225816441845,376.76600406523403,-0.27542145483545294,-0.08408593838950787,0.08718703763303752,391.87061038960957,-16,-4,6
16:21:26:035,-93.06208595848754,-53.25804342946689,374.84395446742843,-0.27614847502791856,-0.06384753068523098,0.07875915367245191,389.8781363883585,-16,-3,5
16:21:26:167,-87.95541427465979,-48.08308389864295,348.553029517314,0.9421607214302467,-0.20120137807856656,0.07958377027937763,362.68078559958,54,-12,-1
16:21:26:285,-93.28296921083196,-53.44443354023083,375.9068168857053,-0.25451174659281844,-0.06068752782625115,0.09382213248740326,390.9782024644959,-15,-3,6
16:21:26:407,-92.7300794861567,-53.18601439291023,373.81767587027343,-0.28174130051906043,-0.06445011014842913,0.0831065807295423,388.80235925411336,-16,-3,5
16:21:26:532,-93.27315751123635,-53.39589674546876,375.56298873674484,-0.25641038697361457,-0.06265735362362798,0.08797213950885292,390.63865939029256,-15,-3,5
16:21:26:661,err,err,err,err,err,err,err,err,err,err
16:21:26:782,-93.02072958958968,-53.269555373697784,374.64654151869865,-0.25257781795581286,-0.037730963367243436,0.08068020428671882,389.6800389229772,-15,-2,5
16:21:26:905,-92.61993150779735,-53.011707869857155,373.0739551588569,-0.26133254832889014,-0.04701578610345606,0.0888291327485582,388.0372004095238,-15,-2,5
16:21:27:027,-93.03552464368256,-53.22981093836188,374.88102885681394,-0.24982948729591764,-0.055507136511710395,0.08743878105474671,389.9035873328205,-14,-3,5
16:21:27:149,err,err,err,err,err,err,err,err,err,err
16:21:27:308,-93.58060684003537,-53.55189849598395,376.93771497915327,-0.26323280084590756,-0.07012528917108977,0.0831565077326041,392.0550685589702,-15,-3,5
16:21:27:437,-92.69083494165214,-53.014231378749905,373.3569203575753,-0.2727618214383893,-0.06080129896186772,0.08241204593593825,388.3265244478583,-16,-3,5
16:21:27:559,err,err,err,err,err,err,err,err,err,err
16:21:27:679,-93.31744603652412,-53.51955249446741,376.19130345297236,-0.2669809565601813,-0.07482765955529976,0.08739268859082612,391.27021996011143,-15,-4,6
16:21:27:808,-93.18108819056307,-53.31341575552926,375.4792310474637,-0.24461626267659112,-0.06467329414261211,0.09030432415489048,390.52488837959356,-14,-3,6
16:21:27:926,-87.64292567974286,-47.88151650997788,347.55679930473207,0.9384395284159096,-0.1918585158144066,0.0786467495174736,361.6208660848403,54,-11,-1
16:21:28:093,-93.2161388635247,-53.368557356161986,375.62257282948985,-0.2579590340979106,-0.06533826941467685,0.08739302862303251,390.6786002303521,-15,-3,5
16:21:28:212,-93.2246082842461,-53.44483693960679,375.6597225633631,-0.2710750371575521,-0.06522203810973763,0.08453448170354791,390.72676558131417,-16,-3,5
16:21:28:334,err,err,err,err,err,err,err,err,err,err
16:21:28:462,err,err,err,err,err,err,err,err,err,err
16:21:28:589,err,err,err,err,err,err,err,err,err,err
16:21:28:718,-93.31533790923264,-53.42496980317009,376.0340184113134,-0.2669851428242449,-0.07243205973739837,0.08743784028325069,391.10556463715,-15,-3,6
16:21:29:019,-93.21656131053388,-53.3467616234685,375.47811962720994,-0.271504484876176,-0.07455663553613925,0.08138968434021124,390.53683897560427,-16,-4,5
16:21:29:184,-93.44943945920602,-53.441811955417926,376.3957365005282,-0.24090184561561392,-0.07480816008115704,0.0828594820123091,391.48764406567557,-14,-4,5
16:21:29:347,-92.47264172287832,-52.98088495979191,372.36030036255283,-0.2784480432578707,-0.0636424708401618,0.08656010710115208,387.31170512188385,-16,-3,5
16:21:29:692,err,err,err,err,err,err,err,err,err,err
16:21:29:831,-87.63904476995117,-47.816855930381145,347.5462887270319,0.9326043164235335,-0.20114524216521418,0.0733432270602306,361.6012675409058,54,-12,-1
16:21:30:024,-92.68115964987238,-53.11702931107633,373.32148497875346,-0.27280785482707764,-0.05951262766173639,0.08254319624200637,388.3041942905337,-16,-3,5
16:21:30:149,-92.9725604240278,-53.26487663936203,374.37748128847716,-0.2630059435812187,-0.053905472258000485,0.09526758395274092,389.4092225039233,-15,-2,6
16:21:30:267,-92.93571327353175,-53.335465028187755,374.3754417300599,-0.2773545136878145,-0.06568425105028516,0.08880908357640994,389.4081278068174,-16,-3,6
16:21:30:437,-93.47310901440524,-53.58714082179377,376.6849763353554,-0.2754765480472503,-0.08361702932504486,0.08718930491623264,391.79123926785405,-16,-4,6
16:21:30:549,err,err,err,err,err,err,err,err,err,err
16:21:30:681,-87.63678382306229,-47.843858657827425,347.5431333259537,0.9456666305246332,-0.20708050932056635,0.0713970447507082,361.60125858760773,55,-12,-2
16:21:30:795,-92.94625623144302,-53.2702284634952,374.41538215741565,-0.26427039951728076,-0.06745306996858838,0.09148243522660537,389.4401137326221,-15,-3,6
16:21:30:924,-93.36147847698768,-53.449749353786515,376.2202013302636,-0.27982606566918905,-0.07303137934243925,0.08460462174171636,391.2989665950777,-16,-3,5
16:21:31:049,-93.19434551357679,-53.39255285231128,375.53596138417197,-0.25807155553335,-0.06483936982373782,0.08739238610420626,390.5934062788632,-15,-3,5
16:21:31:165,-93.17916859803103,-53.34656901811237,375.47366788115437,-0.27150631418841786,-0.06327985411807442,0.08465003128517445,390.5236089646206,-16,-3,5
16:21:31:289,-93.26944304461466,-53.35774055156293,375.5499522243099,-0.2587791302517644,-0.05418743694914159,0.09057192561860289,390.6200252141484,-15,-2,6
16:21:31:407,-92.76903753140375,-52.9456348163857,374.03996743056274,0.4989945636511664,-0.4263874500542604,0.15955399929352204,388.9925857983279,28,-26,3
16:21:31:530,err,err,err,err,err,err,err,err,err,err
16:21:31:662,-93.01307229592047,-53.25337060600682,374.79175806196326,-0.24996873144124926,-0.05499336377119888,0.08743698106067836,389.8156166830724,-14,-2,5
16:21:31:778,err,err,err,err,err,err,err,err,err,err
16:21:31:904,-93.02502556337119,-53.186683915254584,374.8379623551526,-0.2633561064371967,-0.05422536900484982,0.08466808086993438,389.85378893827607,-15,-2,5
16:21:32:025,-93.58166921707252,-53.62645852520254,376.9449377754655,-0.24954812097326318,-0.0720008750647339,0.08590925501144507,392.07245756614736,-14,-3,5
16:21:32:191,-92.82064347612165,-53.1801739089736,374.00417138919425,-0.2421481927387263,-0.043347758446231524,0.08762435021490286,389.0024716744455,-14,-2,5
16:21:32:309,-93.3598351575592,-53.487585707117866,376.21560026993814,-0.25293635149112625,-0.07661946086159449,0.09003177733012252,391.29932089372807,-15,-4,6
16:21:32:439,-93.36147847698768,-53.449749353786515,376.2202013302636,-0.27982606566918905,-0.07303137934243925,0.08460462174171636,391.2989665950777,-16,-3,5
16:21:32:593,-87.63801658511728,-47.85105544627571,347.5483214833723,0.932816827597182,-0.2073663317902484,0.07019741972676605,361.60749608409026,54,-12,-2
16:21:32:724,-92.59128644756849,-52.91207576978999,373.33628802635974,0.5181284240601192,-0.43813318438393484,0.1571513380059229,388.2690021693526,30,-26,2
16:21:32:846,-93.38842818404956,-53.33480396931037,376.14655366492383,-0.24150277528805708,-0.05997650567172829,0.08615545082925966,391.2189024921106,-14,-3,5
16:21:32:973,-92.87223680416602,-53.15534007064581,374.1014237440245,-0.2543470123710762,-0.07406276482346472,0.08776312646130033,389.10489304857276,-15,-4,6
16:21:33:136,-87.84051962846327,-47.94830863570949,348.4930143935065,0.9296436000301103,-0.2069572194505134,0.0750711629886959,362.57741003914794,54,-12,-1
16:21:33:257,-93.16921490486448,-53.45187814362534,375.43654208594137,-0.24457186370922737,-0.06449248691366581,0.09029206788470148,390.4999398418886,-14,-3,6
16:21:33:381,-93.59122736267432,-53.55988081964463,376.98090482217947,-0.23547040066971175,-0.07381026327766366,0.0887163486033482,392.1002184049576,-14,-4,6
16:21:33:499,-93.16921490486448,-53.45187814362534,375.43654208594137,-0.24457186370922737,-0.06449248691366581,0.09029206788470148,390.4999398418886,-14,-3,6
16:21:33:624,-93.03552464368256,-53.22981093836188,374.88102885681394,-0.24982948729591764,-0.055507136511710395,0.08743878105474671,389.9035873328205,-14,-3,5
16:21:33:746,err,err,err,err,err,err,err,err,err,err
16:21:33:869,-87.64767478368593,-47.854374255321815,347.57680025837476,0.9318008157936312,-0.19496447493854893,0.07645767623181715,361.63764752609114,54,-12,-1
16:21:34:035,-93.36079435125386,-53.52335769517977,376.2201712201706,-0.2665145416828188,-0.07441821747867634,0.08732414022926518,391.3088357982704,-15,-4,6
16:21:34:158,err,err,err,err,err,err,err,err,err,err
16:21:34:284,-87.63678382306229,-47.843858657827425,347.5431333259537,0.9456666305246332,-0.20708050932056635,0.0713970447507082,361.60125858760773,55,-12,-2
16:21:34:447,err,err,err,err,err,err,err,err,err,err
16:21:34:565,-93.15741179569875,-53.444279429901144,375.38994000402244,-0.25826304741916456,-0.06451278679277539,0.08736307235597342,390.45127920456133,-15,-3,5
16:21:34:691,-87.6474258480723,-47.918724618445665,347.58066847093323,0.9386066114498016,-0.1980296512401655,0.07549305109899009,361.6498258281795,54,-12,-1
16:21:34:821,-93.02502556337119,-53.186683915254584,374.8379623551526,-0.2633561064371967,-0.05422536900484982,0.08466808086993438,389.85378893827607,-15,-2,5
16:21:34:939,-93.36871761292545,-53.508592482246925,376.1074817484846,-0.2516503684786928,-0.062077527856493106,0.09387362398605328,391.2003639125353,-15,-3,6
16:21:35:062,-93.03552464368256,-53.22981093836188,374.88102885681394,-0.24982948729591764,-0.055507136511710395,0.08743878105474671,389.9035873328205,-14,-3,5
16:21:35:184,-87.63602999212019,-47.84493505846492,347.5330836224692,0.9392225053861201,-0.19799149934507593,0.07552744836274469,361.59155932580984,54,-12,-1
16:21:35:305,-93.47381590451579,-53.54397079370133,376.3509187563842,-0.24050523379903294,-0.07202918004988303,0.08297695679484642,391.4643344123224,-14,-4,5
16:21:35:428,-92.70619587759973,-53.17376014090266,373.7216017583741,-0.2688594364935882,-0.06583471914604447,0.08575828486251119,388.7026153018049,-16,-3,5
16:21:35:548,-93.20331078455511,-53.3419193085219,375.4259912089769,-0.2434633714768097,-0.05253413508253912,0.09391035630663705,390.4828963885128,-14,-2,6
16:21:35:674,-92.57762780762278,-53.008335693253365,373.04812868184007,-0.2618187204648099,-0.04742674449674846,0.08889439044941035,388.00181331596644,-15,-2,5
16:21:35:889,-92.56967235543014,-53.02163704184983,373.15745301530535,-0.28624461941807294,-0.05548177677078629,0.08032355274410248,388.1068447933625,-17,-2,5
16:21:36:011,-87.89517963078431,-47.97403122943568,348.4427184088783,0.9292837676138147,-0.2009810950619302,0.07838429267777396,362.54571889197587,54,-12,-1
16:21:36:181,-93.01307229592047,-53.25337060600682,374.79175806196326,-0.24996873144124926,-0.05499336377119888,0.08743698106067836,389.8156166830724,-14,-2,5
16:21:36:305,-92.9915724719305,-53.25842660771009,374.5964736797447,-0.2772263393384439,-0.0664500741292956,0.08882321881459197,389.62342158657606,-16,-3,6
16:21:36:470,err,err,err,err,err,err,err,err,err,err
16:21:36:613,-93.10983679560903,-53.1931170839386,374.8907469013405,-0.2644596061884533,-0.06806584872242723,0.08092030545409722,389.92566153749806,-15,-3,5
16:21:36:749,err,err,err,err,err,err,err,err,err,err
16:21:36:871,-93.31985993918838,-53.46389387286814,376.0542403087124,-0.2667886502545216,-0.07426892565342262,0.08727128764959566,391.1314048517222,-15,-4,6
16:21:36:999,err,err,err,err,err,err,err,err,err,err
16:21:37:126,-93.41059469846446,-53.491833155778366,376.24119919476453,-0.2548815557679119,-0.058813057212167105,0.08339020135338705,391.33662668832943,-15,-3,5
16:21:37:271,-93.03016723296508,-53.29828206877305,374.86247610866593,-0.26321848837745826,-0.05411024277082021,0.08469606199278411,389.89382513858317,-15,-2,5
16:21:37:399,err,err,err,err,err,err,err,err,err,err
16:21:37:517,err,err,err,err,err,err,err,err,err,err
16:21:37:644,-92.84017419041572,-53.118074584159075,374.08141593066273,-0.25554645861773834,-0.043011873928082006,0.08482729977865404,389.07291544892263,-15,-2,5
16:21:37:765,-93.71636793859132,-53.66040675539055,377.1954290829904,-0.25949228244039957,-0.05688773456516045,0.08710984921968101,392.3500842281758,-15,-3,5
16:21:37:886,err,err,err,err,err,err,err,err,err,err
16:21:38:009,err,err,err,err,err,err,err,err,err,err
16:21:38:175,-93.38372694217686,-53.47850011859961,376.1670492346373,-0.2782754776265073,-0.059420717762810896,0.08843175166568464,391.25710135720243,-16,-3,5
16:21:38:295,err,err,err,err,err,err,err,err,err,err
16:21:38:429,err,err,err,err,err,err,err,err,err,err
16:21:38:542,-93.03062638745796,-53.28136770880023,374.7528971299423,-0.2629488729006282,-0.08359123060245084,0.08766936077478772,389.7862689965467,-15,-4,6
16:21:38:670,err,err,err,err,err,err,err,err,err,err
16:21:38:791,-92.9915724719305,-53.25842660771009,374.5964736797447,-0.2772263393384439,-0.0664500741292956,0.08882321881459197,389.62342158657606,-16,-3,6
16:21:38:920,-92.84017419041572,-53.118074584159075,374.08141593066273,-0.25554645861773834,-0.043011873928082006,0.08482729977865404,389.07291544892263,-15,-2,5
16:21:39:037,err,err,err,err,err,err,err,err,err,err
16:21:39:156,err,err,err,err,err,err,err,err,err,err
16:21:39:287,-92.75948298332447,-53.14758533180831,373.79438988449505,-0.2696208902925514,-0.057007554977474784,0.08890837629685579,388.781729790711,-16,-3,5
16:21:39:405,err,err,err,err,err,err,err,err,err,err
16:21:39:532,-88.13135335236751,-48.09773901916111,349.36175688751547,0.9339285050409122,-0.19782890515300924,0.0752005367959552,363.50263426556717,54,-12,-1
16:21:39:648,-93.23918471116166,-53.36127414666273,375.57098706815776,-0.25682836648580115,-0.051670933903941944,0.09117256161727474,390.63350787087853,-15,-2,6
16:21:39:783,-93.67433503411243,-53.64897791774441,377.61744903281857,-0.24299252956632275,-0.06713427626817034,0.09261568037520256,392.74423189877035,-14,-3,6
16:21:39:897,-93.1280214456087,-53.340589660230904,375.413168267663,-0.24510931262678182,-0.054793655158350406,0.09332878946274532,390.4524219318399,-14,-2,6
16:21:40:032,err,err,err,err,err,err,err,err,err,err
16:21:40:151,err,err,err,err,err,err,err,err,err,err
16:21:40:265,-94.35646620984407,-53.77786508769151,379.33144368404265,-0.23236015030849508,-0.06562113119018863,0.09386091216215353,394.5726113865728,-13,-3,6
16:21:40:400,err,err,err,err,err,err,err,err,err,err
16:21:40:515,-93.96937409312056,-53.62958582057668,377.49875771862355,-0.24341779967332536,-0.043483609076741675,0.09896015507186796,392.69796004288526,-14,-2,6
16:21:40:639,-93.96937409312056,-53.62958582057668,377.49875771862355,-0.24341779967332536,-0.043483609076741675,0.09896015507186796,392.69796004288526,-14,-2,6
16:21:40:762,-93.96937409312056,-53.62958582057668,377.49875771862355,-0.24341779967332536,-0.043483609076741675,0.09896015507186796,392.69796004288526,-14,-2,6
16:21:40:880,-93.94593228470274,-53.65287149562233,377.40578648488076,-0.24356584837060413,-0.04294836594882409,0.09895777317868032,392.60615950955116,-14,-2,6
16:21:41:099,-93.61517670827114,-53.451091799813724,376.2278151906978,-0.25257147604931707,-0.0627020389307367,0.09334646093882684,391.367077623909,-15,-3,6
16:21:41:260,-93.39636099901628,-53.290683708094356,375.33742412798796,-0.25800025537357807,-0.027192615950653327,0.09747981001578124,390.43688243936157,-15,-1,6
16:21:41:393,-93.34827237765268,-53.248371266762426,375.2844817909442,-0.24550187528058823,-0.03905194785900182,0.09671806243095503,390.3687119526268,-14,-2,6
16:21:41:590,-93.39965682549924,-53.31275570451832,375.4941118518549,-0.25848233411529176,-0.04049948159988354,0.09381286587594095,390.59131307716507,-15,-2,6
16:21:41:716,-93.39965682549924,-53.31275570451832,375.4941118518549,-0.25848233411529176,-0.04049948159988354,0.09381286587594095,390.59131307716507,-15,-2,6
16:21:41:845,-93.78793528395957,-53.49415136961444,377.04583653215985,-0.25009346451409115,-0.047628307962443314,0.09250915418576458,392.20066787528503,-14,-2,6
16:21:41:992,-93.38792495942545,-53.249428809974624,375.30397676279875,-0.26155160164669944,-0.03997409367440771,0.093863000406153,390.39708140659457,-15,-2,6
16:21:42:225,-93.38792495942545,-53.249428809974624,375.30397676279875,-0.26155160164669944,-0.03997409367440771,0.093863000406153,390.39708140659457,-15,-2,6
16:21:42:354,-93.35248555138999,-53.307415624728065,375.4482263768632,-0.2468694686442048,-0.051911610818506454,0.09353117470016323,390.5351940718561,-14,-2,6
16:21:42:481,-93.78793528395957,-53.49415136961444,377.04583653215985,-0.25009346451409115,-0.047628307962443314,0.09250915418576458,392.20066787528503,-14,-2,6
16:21:42:604,-84.98503367723282,-50.57980389403609,346.42346854222296,-0.753112976856068,-0.21111409860732178,-0.15005022599945442,360.26378123245206,-43,-14,-4
16:21:42:727,-93.58121365315738,-53.34083826535288,376.2006567557945,-0.242454550291399,-0.037361910656841725,0.09249801260837015,391.3178027117339,-14,-1,6
16:21:42:851,-93.38792495942545,-53.249428809974624,375.30397676279875,-0.26155160164669944,-0.03997409367440771,0.093863000406153,390.39708140659457,-15,-2,6
16:21:42:969,-85.5913680308395,-50.936663023268885,348.87808345460724,-0.7470573995849593,-0.21776325419994363,-0.15284357499114792,362.81723089772976,-43,-14,-4
16:21:43:127,-93.78793528395957,-53.49415136961444,377.04583653215985,-0.25009346451409115,-0.047628307962443314,0.09250915418576458,392.20066787528503,-14,-2,6
16:21:43:269,-93.58121365315738,-53.34083826535288,376.2006567557945,-0.242454550291399,-0.037361910656841725,0.09249801260837015,391.3178027117339,-14,-1,6
16:21:43:381,-93.78793528395957,-53.49415136961444,377.04583653215985,-0.25009346451409115,-0.047628307962443314,0.09250915418576458,392.20066787528503,-14,-2,6
16:21:43:508,-85.00113918115187,-50.61933963591709,346.4933608571096,-0.7591506936894128,-0.21367600305285114,-0.14970816178773272,360.34033957541453,-43,-14,-3
16:21:43:629,-85.43275761068593,-50.85466824563759,348.11286903371536,-0.7554834722843424,-0.21476075559909513,-0.14966206309144708,362.0324887937887,-43,-14,-3
16:21:43:750,-85.41663857837536,-50.81497605854897,348.0429368080015,-0.7494007181585969,-0.21218630168592403,-0.1500006806744486,361.955867199025,-43,-14,-4
16:21:43:876,-93.34574483201884,-53.26643113111942,375.42067156585,-0.2605116472104025,-0.05090737291944972,0.09073309730897003,390.5014998724646,-15,-2,6
16:21:43:999,-85.17359256259327,-50.73970845738607,347.3189314774796,-0.7568712251375221,-0.21917728857714877,-0.15254796182845723,361.19177599582383,-43,-15,-3
16:21:44:120,-93.78793528395957,-53.49415136961444,377.04583653215985,-0.25009346451409115,-0.047628307962443314,0.09250915418576458,392.20066787528503,-14,-2,6
16:21:44:246,-93.60471254541767,-53.317674550506005,376.293925595104,-0.2423003272018617,-0.03789287169066118,0.0924997128175979,391.4099322576748,-14,-2,6
16:21:44:368,-93.78793528395957,-53.49415136961444,377.04583653215985,-0.25009346451409115,-0.047628307962443314,0.09250915418576458,392.20066787528503,-14,-2,6
16:21:44:491,-93.78793528395957,-53.49415136961444,377.04583653215985,-0.25009346451409115,-0.047628307962443314,0.09250915418576458,392.20066787528503,-14,-2,6
16:21:44:653,-93.78793528395957,-53.49415136961444,377.04583653215985,-0.25009346451409115,-0.047628307962443314,0.09250915418576458,392.20066787528503,-14,-2,6
16:21:44:780,-93.78793528395957,-53.49415136961444,377.04583653215985,-0.25009346451409115,-0.047628307962443314,0.09250915418576458,392.20066787528503,-14,-2,6
16:21:44:923,-85.62061728679265,-51.021664704571776,349.0054512656493,-0.7475974140565436,-0.22355723488561624,-0.1505840711020188,362.95854499782297,-43,-15,-3
16:21:45:066,-85.1584517131847,-50.70067555932465,347.25299786549414,-0.7507923522548823,-0.21664058495361901,-0.15288280269691262,361.1193222841054,-43,-14,-4
16:21:45:189,-93.18177431495606,-53.09674505879083,374.4617129441552,-0.2541517101348598,-0.029998483511277485,0.09380040035072301,389.51724205918345,-15,-1,6
16:21:45:309,-93.78793528395957,-53.49415136961444,377.04583653215985,-0.25009346451409115,-0.047628307962443314,0.09250915418576458,392.20066787528503,-14,-2,6
16:21:45:471,-85.5913680308395,-50.936663023268885,348.87808345460724,-0.7470573995849593,-0.21776325419994363,-0.15284357499114792,362.81723089772976,-43,-14,-4
16:21:45:598,-93.78793528395957,-53.49415136961444,377.04583653215985,-0.25009346451409115,-0.047628307962443314,0.09250915418576458,392.20066787528503,-14,-2,6
16:21:45:717,-85.34106199645619,-50.83683104513719,347.988713922272,-0.7552239810842193,-0.2252318573087805,-0.15570155611358671,361.8889681527632,-43,-15,-3
16:21:45:842,-93.78793528395957,-53.49415136961444,377.04583653215985,-0.25009346451409115,-0.047628307962443314,0.09250915418576458,392.20066787528503,-14,-2,6
16:21:45:964,-93.78793528395957,-53.49415136961444,377.04583653215985,-0.25009346451409115,-0.047628307962443314,0.09250915418576458,392.20066787528503,-14,-2,6
16:21:46:086,-92.95122723494596,-53.024715506105636,373.70071859614467,-0.27155970489989323,-0.04325757917300892,0.09213233974687586,388.7206943015266,-16,-2,6
16:21:46:211,-93.78793528395957,-53.49415136961444,377.04583653215985,-0.25009346451409115,-0.047628307962443314,0.09250915418576458,392.20066787528503,-14,-2,6
16:21:46:335,-93.58121365315738,-53.34083826535288,376.2006567557945,-0.242454550291399,-0.037361910656841725,0.09249801260837015,391.3178027117339,-14,-1,6
16:21:46:455,err,err,err,err,err,err,err,err,err,err
16:21:46:579,-93.34574483201884,-53.26643113111942,375.42067156585,-0.2605116472104025,-0.05090737291944972,0.09073309730897003,390.5014998724646,-15,-2,6
16:21:46:700,-93.34574483201884,-53.26643113111942,375.42067156585,-0.2605116472104025,-0.05090737291944972,0.09073309730897003,390.5014998724646,-15,-2,6
16:21:46:828,-85.43275761068593,-50.85466824563759,348.11286903371536,-0.7554834722843424,-0.21476075559909513,-0.14966206309144708,362.0324887937887,-43,-14,-3
16:21:46:947,-85.34507492835485,-50.80231458134826,348.00647959247317,-0.7609485479943975,-0.2279493843160167,-0.15536283697292455,361.90215089122535,-43,-15,-3
16:21:47:175,-93.58121365315738,-53.34083826535288,376.2006567557945,-0.242454550291399,-0.037361910656841725,0.09249801260837015,391.3178027117339,-14,-1,6
16:21:47:337,-85.60650137285654,-50.97584054913916,348.94397195982776,-0.753182048131609,-0.22031177404189276,-0.15251224810202194,362.88965948907,-43,-15,-3
16:21:47:493,-93.38792495942545,-53.249428809974624,375.30397676279875,-0.26155160164669944,-0.03997409367440771,0.093863000406153,390.39708140659457,-15,-2,6
16:21:47:620,-85.62061728679265,-51.021664704571776,349.0054512656493,-0.7475974140565436,-0.22355723488561624,-0.1505840711020188,362.95854499782297,-43,-15,-3
16:21:47:748,-93.38792495942545,-53.249428809974624,375.30397676279875,-0.26155160164669944,-0.03997409367440771,0.093863000406153,390.39708140659457,-15,-2,6
16:21:47:901,-93.38792495942545,-53.249428809974624,375.30397676279875,-0.26155160164669944,-0.03997409367440771,0.093863000406153,390.39708140659457,-15,-2,6
16:21:48:024,-85.5913680308395,-50.936663023268885,348.87808345460724,-0.7470573995849593,-0.21776325419994363,-0.15284357499114792,362.81723089772976,-43,-14,-4
16:21:48:251,-93.78793528395957,-53.49415136961444,377.04583653215985,-0.25009346451409115,-0.047628307962443314,0.09250915418576458,392.20066787528503,-14,-2,6
16:21:48:441,-93.78793528395957,-53.49415136961444,377.04583653215985,-0.25009346451409115,-0.047628307962443314,0.09250915418576458,392.20066787528503,-14,-2,6
16:21:48:597,-92.75652165807678,-52.87868174452183,372.90441394598,-0.2640466970127957,-0.03358625335766743,0.09207312916829503,387.888681497074,-15,-1,5
16:21:48:804,-93.78793528395957,-53.49415136961444,377.04583653215985,-0.25009346451409115,-0.047628307962443314,0.09250915418576458,392.20066787528503,-14,-2,6
16:21:48:935,-85.32694243169323,-50.79835344665132,347.9270061483044,-0.749111910161354,-0.22272675284512058,-0.15602993578433821,361.82089688816296,-43,-15,-4
16:21:49:092,-93.20467145069301,-53.073406648003875,374.55253220769833,-0.2540383097278387,-0.030507422561376833,0.0937981855724637,389.6068488318126,-15,-1,6
16:21:49:266,-92.95588208717236,-53.064442073940285,373.71976269289917,-0.25842572205986203,-0.044153450899588345,0.09486771559348434,388.7455363788242,-15,-2,6
16:21:49:411,-94.08338906633182,-53.68042112807997,378.3699162304747,-0.24056308924457612,-0.03959125600167568,0.09486890383334096,393.5696446868727,-14,-2,6
16:21:49:532,-93.18177431495606,-53.09674505879083,374.4617129441552,-0.2541517101348598,-0.029998483511277485,0.09380040035072301,389.51724205918345,-15,-1,6
16:21:49:657,-93.34574483201884,-53.26643113111942,375.42067156585,-0.2605116472104025,-0.05090737291944972,0.09073309730897003,390.5014998724646,-15,-2,6
16:21:49:784,-93.78793528395957,-53.49415136961444,377.04583653215985,-0.25009346451409115,-0.047628307962443314,0.09250915418576458,392.20066787528503,-14,-2,6
16:21:49:899,-84.98503367723282,-50.57980389403609,346.42346854222296,-0.753112976856068,-0.21111409860732178,-0.15005022599945442,360.26378123245206,-43,-14,-4
16:21:50:024,-85.43275761068593,-50.85466824563759,348.11286903371536,-0.7554834722843424,-0.21476075559909513,-0.14966206309144708,362.0324887937887,-43,-14,-3
16:21:50:149,-93.58121365315738,-53.34083826535288,376.2006567557945,-0.242454550291399,-0.037361910656841725,0.09249801260837015,391.3178027117339,-14,-1,6
16:21:50:272,-93.58121365315738,-53.34083826535288,376.2006567557945,-0.242454550291399,-0.037361910656841725,0.09249801260837015,391.3178027117339,-14,-1,6
16:21:50:392,-93.34574483201884,-53.26643113111942,375.42067156585,-0.2605116472104025,-0.05090737291944972,0.09073309730897003,390.5014998724646,-15,-2,6
16:21:50:538,-93.58121365315738,-53.34083826535288,376.2006567557945,-0.242454550291399,-0.037361910656841725,0.09249801260837015,391.3178027117339,-14,-1,6
16:21:50:733,-93.83152241429013,-53.554187482538346,377.2236904581093,-0.26314880221244474,-0.04869585805244564,0.08960482186173238,392.39026267013014,-15,-2,5
16:21:50:852,-93.34574483201884,-53.26643113111942,375.42067156585,-0.2605116472104025,-0.05090737291944972,0.09073309730897003,390.5014998724646,-15,-2,6
16:21:50:963,-93.78793528395957,-53.49415136961444,377.04583653215985,-0.25009346451409115,-0.047628307962443314,0.09250915418576458,392.20066787528503,-14,-2,6
16:21:51:088,-85.34106199645619,-50.83683104513719,347.988713922272,-0.7552239810842193,-0.2252318573087805,-0.15570155611358671,361.8889681527632,-43,-15,-3
16:21:51:211,-85.60650137285654,-50.97584054913916,348.94397195982776,-0.753182048131609,-0.22031177404189276,-0.15251224810202194,362.88965948907,-43,-15,-3
16:21:51:336,-93.20467145069301,-53.073406648003875,374.55253220769833,-0.2540383097278387,-0.030507422561376833,0.0937981855724637,389.6068488318126,-15,-1,6
16:21:51:458,-85.43275761068593,-50.85466824563759,348.11286903371536,-0.7554834722843424,-0.21476075559909513,-0.14966206309144708,362.0324887937887,-43,-14,-3
16:21:51:582,-93.58121365315738,-53.34083826535288,376.2006567557945,-0.242454550291399,-0.037361910656841725,0.09249801260837015,391.3178027117339,-14,-1,6
16:21:51:749,-93.78793528395957,-53.49415136961444,377.04583653215985,-0.25009346451409115,-0.047628307962443314,0.09250915418576458,392.20066787528503,-14,-2,6
16:21:51:870,-93.78793528395957,-53.49415136961444,377.04583653215985,-0.25009346451409115,-0.047628307962443314,0.09250915418576458,392.20066787528503,-14,-2,6
16:21:51:990,-85.17359256259327,-50.73970845738607,347.3189314774796,-0.7568712251375221,-0.21917728857714877,-0.15254796182845723,361.19177599582383,-43,-15,-3
16:21:52:118,-93.58121365315738,-53.34083826535288,376.2006567557945,-0.242454550291399,-0.037361910656841725,0.09249801260837015,391.3178027117339,-14,-1,6
16:21:52:239,-93.81081822180886,-53.47056868641026,377.13662615621763,-0.24996323613679164,-0.048146797992385824,0.09250992793142526,392.290206504812,-14,-2,6
16:21:52:367,-85.43275761068593,-50.85466824563759,348.11286903371536,-0.7554834722843424,-0.21476075559909513,-0.14966206309144708,362.0324887937887,-43,-14,-3
16:21:52:490,-93.38792495942545,-53.249428809974624,375.30397676279875,-0.26155160164669944,-0.03997409367440771,0.093863000406153,390.39708140659457,-15,-2,6
16:21:52:609,-93.60471254541767,-53.317674550506005,376.293925595104,-0.2423003272018617,-0.03789287169066118,0.0924997128175979,391.4099322576748,-14,-2,6
16:21:52:735,-85.59713835944278,-50.903135520102175,348.903115457397,-0.7528117388865584,-0.2205507449857497,-0.15251226220504158,362.8379573266573,-43,-15,-3
16:21:52:855,-85.41663857837536,-50.81497605854897,348.0429368080015,-0.7494007181585969,-0.21218630168592403,-0.1500006806744486,361.955867199025,-43,-14,-4
16:21:52:976,-93.38792495942545,-53.249428809974624,375.30397676279875,-0.26155160164669944,-0.03997409367440771,0.093863000406153,390.39708140659457,-15,-2,6
16:21:53:126,-93.34574483201884,-53.26643113111942,375.42067156585,-0.2605116472104025,-0.05090737291944972,0.09073309730897003,390.5014998724646,-15,-2,6
16:21:53:261,-85.17359256259327,-50.73970845738607,347.3189314774796,-0.7568712251375221,-0.21917728857714877,-0.15254796182845723,361.19177599582383,-43,-15,-3
16:21:53:388,-93.78793528395957,-53.49415136961444,377.04583653215985,-0.25009346451409115,-0.047628307962443314,0.09250915418576458,392.20066787528503,-14,-2,6
16:21:53:552,-85.60650137285654,-50.97584054913916,348.94397195982776,-0.753182048131609,-0.22031177404189276,-0.15251224810202194,362.88965948907,-43,-15,-3
16:21:53:671,-93.34574483201884,-53.26643113111942,375.42067156585,-0.2605116472104025,-0.05090737291944972,0.09073309730897003,390.5014998724646,-15,-2,6
16:21:53:798,-93.58121365315738,-53.34083826535288,376.2006567557945,-0.242454550291399,-0.037361910656841725,0.09249801260837015,391.3178027117339,-14,-1,6
16:21:53:918,-93.38792495942545,-53.249428809974624,375.30397676279875,-0.26155160164669944,-0.03997409367440771,0.093863000406153,390.39708140659457,-15,-2,6
16:21:54:088,-85.60650137285654,-50.97584054913916,348.94397195982776,-0.753182048131609,-0.22031177404189276,-0.15251224810202194,362.88965948907,-43,-15,-3
16:21:54:204,-84.98503367723282,-50.57980389403609,346.42346854222296,-0.753112976856068,-0.21111409860732178,-0.15005022599945442,360.26378123245206,-43,-14,-4
16:21:54:327,err,err,err,err,err,err,err,err,err,err
16:21:54:450,-93.36779898602146,-53.242544112443746,375.5081661153316,-0.26041349370684647,-0.05140401687343613,0.0907314757919742,390.58763064177947,-15,-2,6
16:21:54:576,-93.38856557409781,-53.28692467542347,375.30665994965557,-0.24815978086432972,-0.04070130272841615,0.09664446642393114,390.4049301992973,-14,-2,6
16:21:54:703,-93.41025093656233,-53.22569636189473,375.3924980063901,-0.26145989553666416,-0.04047222948551782,0.09385998450607115,390.4842855899809,-15,-2,6
16:21:54:825,-92.75652165807678,-52.87868174452183,372.90441394598,-0.2640466970127957,-0.03358625335766743,0.09207312916829503,387.888681497074,-15,-1,5
16:21:54:942,-85.43275761068593,-50.85466824563759,348.11286903371536,-0.7554834722843424,-0.21476075559909513,-0.14966206309144708,362.0324887937887,-43,-14,-3
16:21:55:066,-93.78793528395957,-53.49415136961444,377.04583653215985,-0.25009346451409115,-0.047628307962443314,0.09250915418576458,392.20066787528503,-14,-2,6
16:21:55:190,-93.58121365315738,-53.34083826535288,376.2006567557945,-0.242454550291399,-0.037361910656841725,0.09249801260837015,391.3178027117339,-14,-1,6
16:21:55:315,-93.34574483201884,-53.26643113111942,375.42067156585,-0.2605116472104025,-0.05090737291944972,0.09073309730897003,390.5014998724646,-15,-2,6
16:21:55:471,-93.78793528395957,-53.49415136961444,377.04583653215985,-0.25009346451409115,-0.047628307962443314,0.09250915418576458,392.20066787528503,-14,-2,6
16:21:55:602,-93.38792495942545,-53.249428809974624,375.30397676279875,-0.26155160164669944,-0.03997409367440771,0.093863000406153,390.39708140659457,-15,-2,6
16:21:55:728,-93.34574483201884,-53.26643113111942,375.42067156585,-0.2605116472104025,-0.05090737291944972,0.09073309730897003,390.5014998724646,-15,-2,6
16:21:55:845,-93.78793528395957,-53.49415136961444,377.04583653215985,-0.25009346451409115,-0.047628307962443314,0.09250915418576458,392.20066787528503,-14,-2,6
16:21:55:973,-93.38792495942545,-53.249428809974624,375.30397676279875,-0.26155160164669944,-0.03997409367440771,0.093863000406153,390.39708140659457,-15,-2,6
16:21:56:093,-85.43275761068593,-50.85466824563759,348.11286903371536,-0.7554834722843424,-0.21476075559909513,-0.14966206309144708,362.0324887937887,-43,-14,-3
16:21:56:215,-92.75652165807678,-52.87868174452183,372.90441394598,-0.2640466970127957,-0.03358625335766743,0.09207312916829503,387.888681497074,-15,-1,5
16:21:56:390,-93.58121365315738,-53.34083826535288,376.2006567557945,-0.242454550291399,-0.037361910656841725,0.09249801260837015,391.3178027117339,-14,-1,6
16:21:56:506,-93.58121365315738,-53.34083826535288,376.2006567557945,-0.242454550291399,-0.037361910656841725,0.09249801260837015,391.3178027117339,-14,-1,6
16:21:56:629,-93.38792495942545,-53.249428809974624,375.30397676279875,-0.26155160164669944,-0.03997409367440771,0.093863000406153,390.39708140659457,-15,-2,6
16:21:56:752,-93.38792495942545,-53.249428809974624,375.30397676279875,-0.26155160164669944,-0.03997409367440771,0.093863000406153,390.39708140659457,-15,-2,6
16:21:56:910,-93.34574483201884,-53.26643113111942,375.42067156585,-0.2605116472104025,-0.05090737291944972,0.09073309730897003,390.5014998724646,-15,-2,6
16:21:57:031,-93.78793528395957,-53.49415136961444,377.04583653215985,-0.25009346451409115,-0.047628307962443314,0.09250915418576458,392.20066787528503,-14,-2,6
16:21:57:159,-93.78793528395957,-53.49415136961444,377.04583653215985,-0.25009346451409115,-0.047628307962443314,0.09250915418576458,392.20066787528503,-14,-2,6
16:21:57:278,-93.60471254541767,-53.317674550506005,376.293925595104,-0.2423003272018617,-0.03789287169066118,0.0924997128175979,391.4099322576748,-14,-2,6
16:21:57:405,-93.38792495942545,-53.249428809974624,375.30397676279875,-0.26155160164669944,-0.03997409367440771,0.093863000406153,390.39708140659457,-15,-2,6
16:21:57:525,-93.38792495942545,-53.249428809974624,375.30397676279875,-0.26155160164669944,-0.03997409367440771,0.093863000406153,390.39708140659457,-15,-2,6
16:21:57:692,-93.15110594807571,-53.120138503735404,374.6240582261473,-0.25274815904510955,-0.040973792895403705,0.09072505074777362,389.669170779308,-15,-2,5
16:21:57:817,-93.58121365315738,-53.34083826535288,376.2006567557945,-0.242454550291399,-0.037361910656841725,0.09249801260837015,391.3178027117339,-14,-1,6
16:21:57:938,-93.78793528395957,-53.49415136961444,377.04583653215985,-0.25009346451409115,-0.047628307962443314,0.09250915418576458,392.20066787528503,-14,-2,6
16:21:58:056,err,err,err,err,err,err,err,err,err,err
16:21:58:179,-93.37531083311963,-53.283969263311036,375.53882773222267,-0.2467225681004051,-0.052434102700753694,0.09353423197691742,390.6245527205467,-14,-2,6
16:21:58:302,-92.97278212803039,-53.00070873677122,373.7861775615727,-0.27149588482206743,-0.04373617926225819,0.0921272910960192,388.80473232628975,-16,-2,6
16:21:58:430,-93.39981683576399,-53.27605774651782,375.49228938472055,-0.26009506735489074,-0.062301821428191524,0.08752817761015712,390.58459199172626,-15,-3,5
16:21:58:550,-93.99704008980662,-53.53928276417498,377.8972509997831,-0.25801371065562145,-0.059684156453304306,0.09232946812362125,393.0753498475071,-15,-3,6
16:21:58:675,-93.60471254541767,-53.317674550506005,376.293925595104,-0.2423003272018617,-0.03789287169066118,0.0924997128175979,391.4099322576748,-14,-2,6
16:21:58:792,-93.15110594807571,-53.120138503735404,374.6240582261473,-0.25274815904510955,-0.040973792895403705,0.09072505074777362,389.669170779308,-15,-2,5
16:21:58:921,-93.38792495942545,-53.249428809974624,375.30397676279875,-0.26155160164669944,-0.03997409367440771,0.093863000406153,390.39708140659457,-15,-2,6
16:21:59:048,-92.75652165807678,-52.87868174452183,372.90441394598,-0.2640466970127957,-0.03358625335766743,0.09207312916829503,387.888681497074,-15,-1,5
16:21:59:164,-93.58121365315738,-53.34083826535288,376.2006567557945,-0.242454550291399,-0.037361910656841725,0.09249801260837015,391.3178027117339,-14,-1,6
16:21:59:296,-93.34574483201884,-53.26643113111942,375.42067156585,-0.2605116472104025,-0.05090737291944972,0.09073309730897003,390.5014998724646,-15,-2,6
16:21:59:414,-93.18177431495606,-53.09674505879083,374.4617129441552,-0.2541517101348598,-0.029998483511277485,0.09380040035072301,389.51724205918345,-15,-1,6
16:21:59:535,-93.94465041862699,-53.620297974547505,377.6894250782887,-0.2446183292142247,-0.0586062539925252,0.09524529505146745,392.8740708078424,-14,-3,6
16:21:59:658,-85.17359256259327,-50.73970845738607,347.3189314774796,-0.7568712251375221,-0.21917728857714877,-0.15254796182845723,361.19177599582383,-43,-15,-3
16:21:59:786,-93.81081822180886,-53.47056868641026,377.13662615621763,-0.24996323613679164,-0.048146797992385824,0.09250992793142526,392.290206504812,-14,-2,6
16:21:59:908,-85.34106199645619,-50.83683104513719,347.988713922272,-0.7552239810842193,-0.2252318573087805,-0.15570155611358671,361.8889681527632,-43,-15,-3
16:22:00:033,-84.98503367723282,-50.57980389403609,346.42346854222296,-0.753112976856068,-0.21111409860732178,-0.15005022599945442,360.26378123245206,-43,-14,-4
16:22:00:156,-93.34574483201884,-53.26643113111942,375.42067156585,-0.2605116472104025,-0.05090737291944972,0.09073309730897003,390.5014998724646,-15,-2,6
16:22:00:272,-93.78793528395957,-53.49415136961444,377.04583653215985,-0.25009346451409115,-0.047628307962443314,0.09250915418576458,392.20066787528503,-14,-2,6
16:22:00:396,-93.78793528395957,-53.49415136961444,377.04583653215985,-0.25009346451409115,-0.047628307962443314,0.09250915418576458,392.20066787528503,-14,-2,6
16:22:00:518,-93.15110594807571,-53.120138503735404,374.6240582261473,-0.25274815904510955,-0.040973792895403705,0.09072505074777362,389.669170779308,-15,-2,5
16:22:00:644,-85.43275761068593,-50.85466824563759,348.11286903371536,-0.7554834722843424,-0.21476075559909513,-0.14966206309144708,362.0324887937887,-43,-14,-3
16:22:00:766,-93.6562964644783,-53.3622756714082,376.35656997731655,-0.24138307724289643,-0.04910133881275905,0.08935987786941604,391.4885721159232,-14,-2,5
16:22:00:884,-93.78793528395957,-53.49415136961444,377.04583653215985,-0.25009346451409115,-0.047628307962443314,0.09250915418576458,392.20066787528503,-14,-2,6
16:22:01:008,-93.78793528395957,-53.49415136961444,377.04583653215985,-0.25009346451409115,-0.047628307962443314,0.09250915418576458,392.20066787528503,-14,-2,6
16:22:01:135,-93.78793528395957,-53.49415136961444,377.04583653215985,-0.25009346451409115,-0.047628307962443314,0.09250915418576458,392.20066787528503,-14,-2,6
16:22:01:260,-85.32694243169323,-50.79835344665132,347.9270061483044,-0.749111910161354,-0.22272675284512058,-0.15602993578433821,361.82089688816296,-43,-15,-4
16:22:01:410,-93.81081822180886,-53.47056868641026,377.13662615621763,-0.24996323613679164,-0.048146797992385824,0.09250992793142526,392.290206504812,-14,-2,6
16:22:01:546,-93.78793528395957,-53.49415136961444,377.04583653215985,-0.25009346451409115,-0.047628307962443314,0.09250915418576458,392.20066787528503,-14,-2,6
16:22:01:667,-93.18177431495606,-53.09674505879083,374.4617129441552,-0.2541517101348598,-0.029998483511277485,0.09380040035072301,389.51724205918345,-15,-1,6
16:22:01:793,-93.58121365315738,-53.34083826535288,376.2006567557945,-0.242454550291399,-0.037361910656841725,0.09249801260837015,391.3178027117339,-14,-1,6
16:22:01:914,-93.58121365315738,-53.34083826535288,376.2006567557945,-0.242454550291399,-0.037361910656841725,0.09249801260837015,391.3178027117339,-14,-1,6
16:22:02:034,-93.78793528395957,-53.49415136961444,377.04583653215985,-0.25009346451409115,-0.047628307962443314,0.09250915418576458,392.20066787528503,-14,-2,6
16:22:02:161,-93.36779898602146,-53.242544112443746,375.5081661153316,-0.26041349370684647,-0.05140401687343613,0.0907314757919742,390.58763064177947,-15,-2,6
16:22:02:322,-93.78793528395957,-53.49415136961444,377.04583653215985,-0.25009346451409115,-0.047628307962443314,0.09250915418576458,392.20066787528503,-14,-2,6
16:22:02:445,-93.60471254541767,-53.317674550506005,376.293925595104,-0.2423003272018617,-0.03789287169066118,0.0924997128175979,391.4099322576748,-14,-2,6
16:22:02:581,err,err,err,err,err,err,err,err,err,err
16:22:02:700,-93.18177431495606,-53.09674505879083,374.4617129441552,-0.2541517101348598,-0.029998483511277485,0.09380040035072301,389.51724205918345,-15,-1,6
16:22:02:816,-85.32694243169323,-50.79835344665132,347.9270061483044,-0.749111910161354,-0.22272675284512058,-0.15602993578433821,361.82089688816296,-43,-15,-4
16:22:02:943,-93.58121365315738,-53.34083826535288,376.2006567557945,-0.242454550291399,-0.037361910656841725,0.09249801260837015,391.3178027117339,-14,-1,6
16:22:03:102,-85.41663857837536,-50.81497605854897,348.0429368080015,-0.7494007181585969,-0.21218630168592403,-0.1500006806744486,361.955867199025,-43,-14,-4
16:22:03:229,-93.38792495942545,-53.249428809974624,375.30397676279875,-0.26155160164669944,-0.03997409367440771,0.093863000406153,390.39708140659457,-15,-2,6
16:22:03:345,-93.4321574984554,-53.30956091727449,375.484395268452,-0.2741790023510547,-0.0410358845055355,0.09102018846219723,390.5893091600484,-16,-2,5
16:22:03:474,-93.58121365315738,-53.34083826535288,376.2006567557945,-0.242454550291399,-0.037361910656841725,0.09249801260837015,391.3178027117339,-14,-1,6
16:22:03:593,-93.78793528395957,-53.49415136961444,377.04583653215985,-0.25009346451409115,-0.047628307962443314,0.09250915418576458,392.20066787528503,-14,-2,6
16:22:03:714,-93.78793528395957,-53.49415136961444,377.04583653215985,-0.25009346451409115,-0.047628307962443314,0.09250915418576458,392.20066787528503,-14,-2,6
16:22:03:834,-85.60650137285654,-50.97584054913916,348.94397195982776,-0.753182048131609,-0.22031177404189276,-0.15251224810202194,362.88965948907,-43,-15,-3
16:22:03:958,-93.81081822180886,-53.47056868641026,377.13662615621763,-0.24996323613679164,-0.048146797992385824,0.09250992793142526,392.290206504812,-14,-2,6
16:22:04:082,-85.60650137285654,-50.97584054913916,348.94397195982776,-0.753182048131609,-0.22031177404189276,-0.15251224810202194,362.88965948907,-43,-15,-3
16:22:04:205,-93.81081822180886,-53.47056868641026,377.13662615621763,-0.24996323613679164,-0.048146797992385824,0.09250992793142526,392.290206504812,-14,-2,6
16:22:04:335,-93.78793528395957,-53.49415136961444,377.04583653215985,-0.25009346451409115,-0.047628307962443314,0.09250915418576458,392.20066787528503,-14,-2,6
16:22:04:455,-85.5913680308395,-50.936663023268885,348.87808345460724,-0.7470573995849593,-0.21776325419994363,-0.15284357499114792,362.81723089772976,-43,-14,-4
16:22:04:578,-93.78793528395957,-53.49415136961444,377.04583653215985,-0.25009346451409115,-0.047628307962443314,0.09250915418576458,392.20066787528503,-14,-2,6
16:22:04:704,-85.17359256259327,-50.73970845738607,347.3189314774796,-0.7568712251375221,-0.21917728857714877,-0.15254796182845723,361.19177599582383,-43,-15,-3
16:22:04:826,-93.18177431495606,-53.09674505879083,374.4617129441552,-0.2541517101348598,-0.029998483511277485,0.09380040035072301,389.51724205918345,-15,-1,6
16:22:04:947,-85.60650137285654,-50.97584054913916,348.94397195982776,-0.753182048131609,-0.22031177404189276,-0.15251224810202194,362.88965948907,-43,-15,-3
16:22:05:066,-92.75652165807678,-52.87868174452183,372.90441394598,-0.2640466970127957,-0.03358625335766743,0.09207312916829503,387.888681497074,-15,-1,5
16:22:05:193,-93.58121365315738,-53.34083826535288,376.2006567557945,-0.242454550291399,-0.037361910656841725,0.09249801260837015,391.3178027117339,-14,-1,6
16:22:05:313,-92.95122723494596,-53.024715506105636,373.70071859614467,-0.27155970489989323,-0.04325757917300892,0.09213233974687586,388.7206943015266,-16,-2,6
16:22:05:434,-93.78793528395957,-53.49415136961444,377.04583653215985,-0.25009346451409115,-0.047628307962443314,0.09250915418576458,392.20066787528503,-14,-2,6
16:22:05:562,-93.78793528395957,-53.49415136961444,377.04583653215985,-0.25009346451409115,-0.047628307962443314,0.09250915418576458,392.20066787528503,-14,-2,6
16:22:05:682,err,err,err,err,err,err,err,err,err,err
16:22:05:804,-93.81081822180886,-53.47056868641026,377.13662615621763,-0.24996323613679164,-0.048146797992385824,0.09250992793142526,392.290206504812,-14,-2,6
16:22:05:930,-93.17377199339174,-53.096664356770404,374.71401670825304,-0.2526259973130844,-0.041482872725063416,0.09072441276530113,389.7578759575296,-15,-2,5
16:22:06:057,-93.99704008980662,-53.53928276417498,377.8972509997831,-0.25801371065562145,-0.059684156453304306,0.09232946812362125,393.0753498475071,-15,-3,6
16:22:06:175,-93.38792495942545,-53.249428809974624,375.30397676279875,-0.26155160164669944,-0.03997409367440771,0.093863000406153,390.39708140659457,-15,-2,6
16:22:06:299,-93.38792495942545,-53.249428809974624,375.30397676279875,-0.26155160164669944,-0.03997409367440771,0.093863000406153,390.39708140659457,-15,-2,6
16:22:06:422,-93.78793528395957,-53.49415136961444,377.04583653215985,-0.25009346451409115,-0.047628307962443314,0.09250915418576458,392.20066787528503,-14,-2,6
16:22:06:544,-93.58121365315738,-53.34083826535288,376.2006567557945,-0.242454550291399,-0.037361910656841725,0.09249801260837015,391.3178027117339,-14,-1,6
16:22:06:670,-93.58121365315738,-53.34083826535288,376.2006567557945,-0.242454550291399,-0.037361910656841725,0.09249801260837015,391.3178027117339,-14,-1,6
16:22:06:792,-85.26004672536364,-50.70095417102138,347.2615205265656,-0.7508186147365519,-0.2167409510800591,-0.1529072684183044,361.15152769978084,-43,-14,-4
16:22:06:988,-93.15110594807571,-53.120138503735404,374.6240582261473,-0.25274815904510955,-0.040973792895403705,0.09072505074777362,389.669170779308,-15,-2,5
16:22:07:118,-93.24876347018895,-53.212178704614665,375.0325724112392,-0.2624833088320743,-0.03581924743344433,0.09440250848105639,390.09780596742974,-15,-1,6
16:22:07:245,err,err,err,err,err,err,err,err,err,err
16:22:07:369,-93.78793528395957,-53.49415136961444,377.04583653215985,-0.25009346451409115,-0.047628307962443314,0.09250915418576458,392.20066787528503,-14,-2,6
16:22:07:493,-93.78793528395957,-53.49415136961444,377.04583653215985,-0.25009346451409115,-0.047628307962443314,0.09250915418576458,392.20066787528503,-14,-2,6
16:22:07:614,-93.60471254541767,-53.317674550506005,376.293925595104,-0.2423003272018617,-0.03789287169066118,0.0924997128175979,391.4099322576748,-14,-2,6
16:22:07:738,-85.32694243169323,-50.79835344665132,347.9270061483044,-0.749111910161354,-0.22272675284512058,-0.15602993578433821,361.82089688816296,-43,-15,-4
16:22:07:856,-85.5913680308395,-50.936663023268885,348.87808345460724,-0.7470573995849593,-0.21776325419994363,-0.15284357499114792,362.81723089772976,-43,-14,-4
16:22:07:981,-93.18177431495606,-53.09674505879083,374.4617129441552,-0.2541517101348598,-0.029998483511277485,0.09380040035072301,389.51724205918345,-15,-1,6
16:22:08:101,-85.32694243169323,-50.79835344665132,347.9270061483044,-0.749111910161354,-0.22272675284512058,-0.15602993578433821,361.82089688816296,-43,-15,-4
16:22:08:223,-93.58121365315738,-53.34083826535288,376.2006567557945,-0.242454550291399,-0.037361910656841725,0.09249801260837015,391.3178027117339,-14,-1,6
16:22:08:348,-93.787051214823,-53.473323251659366,376.8978247973899,-0.24952922688345747,-0.033915230469685254,0.09621913254166845,392.0553246828211,-14,-1,6
16:22:08:470,err,err,err,err,err,err,err,err,err,err
16:22:08:593,-85.60650137285654,-50.97584054913916,348.94397195982776,-0.753182048131609,-0.22031177404189276,-0.15251224810202194,362.88965948907,-43,-15,-3
16:22:08:714,-93.34574483201884,-53.26643113111942,375.42067156585,-0.2605116472104025,-0.05090737291944972,0.09073309730897003,390.5014998724646,-15,-2,6
16:22:08:839,-85.43275761068593,-50.85466824563759,348.11286903371536,-0.7554834722843424,-0.21476075559909513,-0.14966206309144708,362.0324887937887,-43,-14,-3
16:22:08:965,-93.78793528395957,-53.49415136961444,377.04583653215985,-0.25009346451409115,-0.047628307962443314,0.09250915418576458,392.20066787528503,-14,-2,6
16:22:09:087,-85.41663857837536,-50.81497605854897,348.0429368080015,-0.7494007181585969,-0.21218630168592403,-0.1500006806744486,361.955867199025,-43,-14,-4
16:22:09:308,-93.58121365315738,-53.34083826535288,376.2006567557945,-0.242454550291399,-0.037361910656841725,0.09249801260837015,391.3178027117339,-14,-1,6
16:22:09:470,-93.58121365315738,-53.34083826535288,376.2006567557945,-0.242454550291399,-0.037361910656841725,0.09249801260837015,391.3178027117339,-14,-1,6
16:22:09:587,-85.41663857837536,-50.81497605854897,348.0429368080015,-0.7494007181585969,-0.21218630168592403,-0.1500006806744486,361.955867199025,-43,-14,-4
16:22:09:712,-93.58121365315738,-53.34083826535288,376.2006567557945,-0.242454550291399,-0.037361910656841725,0.09249801260837015,391.3178027117339,-14,-1,6
16:22:09:837,-93.96766681769058,-53.59673733676851,377.78075715518145,-0.24446493099017338,-0.05914036861849885,0.09524950679669987,392.9641626625121,-14,-3,6
16:22:09:967,-93.58121365315738,-53.34083826535288,376.2006567557945,-0.242454550291399,-0.037361910656841725,0.09249801260837015,391.3178027117339,-14,-1,6
16:22:10:126,-85.5913680308395,-50.936663023268885,348.87808345460724,-0.7470573995849593,-0.21776325419994363,-0.15284357499114792,362.81723089772976,-43,-14,-4
16:22:10:241,-85.41663857837536,-50.81497605854897,348.0429368080015,-0.7494007181585969,-0.21218630168592403,-0.1500006806744486,361.955867199025,-43,-14,-4
16:22:10:368,err,err,err,err,err,err,err,err,err,err
16:22:10:491,-93.15110594807571,-53.120138503735404,374.6240582261473,-0.25274815904510955,-0.040973792895403705,0.09072505074777362,389.669170779308,-15,-2,5
16:22:10:615,-93.78793528395957,-53.49415136961444,377.04583653215985,-0.25009346451409115,-0.047628307962443314,0.09250915418576458,392.20066787528503,-14,-2,6
16:22:10:733,-93.78793528395957,-53.49415136961444,377.04583653215985,-0.25009346451409115,-0.047628307962443314,0.09250915418576458,392.20066787528503,-14,-2,6
16:22:10:862,-93.58121365315738,-53.34083826535288,376.2006567557945,-0.242454550291399,-0.037361910656841725,0.09249801260837015,391.3178027117339,-14,-1,6
16:22:10:993,-93.78793528395957,-53.49415136961444,377.04583653215985,-0.25009346451409115,-0.047628307962443314,0.09250915418576458,392.20066787528503,-14,-2,6
16:22:11:169,-93.60471254541767,-53.317674550506005,376.293925595104,-0.2423003272018617,-0.03789287169066118,0.0924997128175979,391.4099322576748,-14,-2,6
16:22:11:317,-93.78793528395957,-53.49415136961444,377.04583653215985,-0.25009346451409115,-0.047628307962443314,0.09250915418576458,392.20066787528503,-14,-2,6
16:22:11:436,-93.58121365315738,-53.34083826535288,376.2006567557945,-0.242454550291399,-0.037361910656841725,0.09249801260837015,391.3178027117339,-14,-1,6
16:22:11:568,-93.78793528395957,-53.49415136961444,377.04583653215985,-0.25009346451409115,-0.047628307962443314,0.09250915418576458,392.20066787528503,-14,-2,6
16:22:11:724,-93.78793528395957,-53.49415136961444,377.04583653215985,-0.25009346451409115,-0.047628307962443314,0.09250915418576458,392.20066787528503,-14,-2,6
16:22:11:970,-85.01612854082718,-50.66542636835443,346.55829616957675,-0.7536218462418178,-0.21684100989767646,-0.14779467247191552,360.4127913727781,-43,-14,-3
16:22:12:088,-93.18177431495606,-53.09674505879083,374.4617129441552,-0.2541517101348598,-0.029998483511277485,0.09380040035072301,389.51724205918345,-15,-1,6
16:22:12:204,-93.58121365315738,-53.34083826535288,376.2006567557945,-0.242454550291399,-0.037361910656841725,0.09249801260837015,391.3178027117339,-14,-1,6
16:22:12:367,-93.81081822180886,-53.47056868641026,377.13662615621763,-0.24996323613679164,-0.048146797992385824,0.09250992793142526,392.290206504812,-14,-2,6
16:22:12:489,-93.58121365315738,-53.34083826535288,376.2006567557945,-0.242454550291399,-0.037361910656841725,0.09249801260837015,391.3178027117339,-14,-1,6
16:22:12:621,-93.58121365315738,-53.34083826535288,376.2006567557945,-0.242454550291399,-0.037361910656841725,0.09249801260837015,391.3178027117339,-14,-1,6
16:22:12:733,err,err,err,err,err,err,err,err,err,err
16:22:12:861,-93.81081822180886,-53.47056868641026,377.13662615621763,-0.24996323613679164,-0.048146797992385824,0.09250992793142526,392.290206504812,-14,-2,6
16:22:12:979,-93.78793528395957,-53.49415136961444,377.04583653215985,-0.25009346451409115,-0.047628307962443314,0.09250915418576458,392.20066787528503,-14,-2,6
16:22:13:105,-93.58121365315738,-53.34083826535288,376.2006567557945,-0.242454550291399,-0.037361910656841725,0.09249801260837015,391.3178027117339,-14,-1,6
16:22:13:227,-85.43275761068593,-50.85466824563759,348.11286903371536,-0.7554834722843424,-0.21476075559909513,-0.14966206309144708,362.0324887937887,-43,-14,-3
16:22:13:351,-93.78793528395957,-53.49415136961444,377.04583653215985,-0.25009346451409115,-0.047628307962443314,0.09250915418576458,392.20066787528503,-14,-2,6
16:22:13:477,-93.78793528395957,-53.49415136961444,377.04583653215985,-0.25009346451409115,-0.047628307962443314,0.09250915418576458,392.20066787528503,-14,-2,6
16:22:13:597,-93.41025093656233,-53.22569636189473,375.3924980063901,-0.26145989553666416,-0.04047222948551782,0.09385998450607115,390.4842855899809,-15,-2,6
16:22:13:720,-93.58121365315738,-53.34083826535288,376.2006567557945,-0.242454550291399,-0.037361910656841725,0.09249801260837015,391.3178027117339,-14,-1,6
16:22:13:842,-93.58121365315738,-53.34083826535288,376.2006567557945,-0.242454550291399,-0.037361910656841725,0.09249801260837015,391.3178027117339,-14,-1,6
16:22:13:967,-93.38792495942545,-53.249428809974624,375.30397676279875,-0.26155160164669944,-0.03997409367440771,0.093863000406153,390.39708140659457,-15,-2,6
16:22:14:091,-93.38792495942545,-53.249428809974624,375.30397676279875,-0.26155160164669944,-0.03997409367440771,0.093863000406153,390.39708140659457,-15,-2,6
16:22:14:213,-93.78793528395957,-53.49415136961444,377.04583653215985,-0.25009346451409115,-0.047628307962443314,0.09250915418576458,392.20066787528503,-14,-2,6
16:22:14:334,-93.81081822180886,-53.47056868641026,377.13662615621763,-0.24996323613679164,-0.048146797992385824,0.09250992793142526,392.290206504812,-14,-2,6
16:22:14:459,-93.78793528395957,-53.49415136961444,377.04583653215985,-0.25009346451409115,-0.047628307962443314,0.09250915418576458,392.20066787528503,-14,-2,6
16:22:14:580,-93.78793528395957,-53.49415136961444,377.04583653215985,-0.25009346451409115,-0.047628307962443314,0.09250915418576458,392.20066787528503,-14,-2,6
16:22:14:703,-93.20467145069301,-53.073406648003875,374.55253220769833,-0.2540383097278387,-0.030507422561376833,0.0937981855724637,389.6068488318126,-15,-1,6
16:22:14:828,-93.78793528395957,-53.49415136961444,377.04583653215985,-0.25009346451409115,-0.047628307962443314,0.09250915418576458,392.20066787528503,-14,-2,6
16:22:14:952,-93.36779898602146,-53.242544112443746,375.5081661153316,-0.26041349370684647,-0.05140401687343613,0.0907314757919742,390.58763064177947,-15,-2,6
16:22:15:075,-93.41025093656233,-53.22569636189473,375.3924980063901,-0.26145989553666416,-0.04047222948551782,0.09385998450607115,390.4842855899809,-15,-2,6
16:22:15:236,-93.81081822180886,-53.47056868641026,377.13662615621763,-0.24996323613679164,-0.048146797992385824,0.09250992793142526,392.290206504812,-14,-2,6
16:22:15:370,-93.38792495942545,-53.249428809974624,375.30397676279875,-0.26155160164669944,-0.03997409367440771,0.093863000406153,390.39708140659457,-15,-2,6
16:22:15:486,-93.78793528395957,-53.49415136961444,377.04583653215985,-0.25009346451409115,-0.047628307962443314,0.09250915418576458,392.20066787528503,-14,-2,6
16:22:15:611,-93.58121365315738,-53.34083826535288,376.2006567557945,-0.242454550291399,-0.037361910656841725,0.09249801260837015,391.3178027117339,-14,-1,6
16:22:15:726,-93.18177431495606,-53.09674505879083,374.4617129441552,-0.2541517101348598,-0.029998483511277485,0.09380040035072301,389.51724205918345,-15,-1,6
16:22:15:851,-93.58121365315738,-53.34083826535288,376.2006567557945,-0.242454550291399,-0.037361910656841725,0.09249801260837015,391.3178027117339,-14,-1,6
16:22:15:976,err,err,err,err,err,err,err,err,err,err
16:22:16:097,-93.15110594807571,-53.120138503735404,374.6240582261473,-0.25274815904510955,-0.040973792895403705,0.09072505074777362,389.669170779308,-15,-2,5
16:22:16:223,-85.60650137285654,-50.97584054913916,348.94397195982776,-0.753182048131609,-0.22031177404189276,-0.15251224810202194,362.88965948907,-43,-15,-3
16:22:16:384,-93.78793528395957,-53.49415136961444,377.04583653215985,-0.25009346451409115,-0.047628307962443314,0.09250915418576458,392.20066787528503,-14,-2,6
16:22:16:508,-93.18177431495606,-53.09674505879083,374.4617129441552,-0.2541517101348598,-0.029998483511277485,0.09380040035072301,389.51724205918345,-15,-1,6
16:22:16:637,-93.59003387679942,-53.28913003315173,376.09074101065164,-0.24215138109883194,-0.024147793462443425,0.09614540605661498,391.20719739633074,-14,-1,6
16:22:16:758,-93.78793528395957,-53.49415136961444,377.04583653215985,-0.25009346451409115,-0.047628307962443314,0.09250915418576458,392.20066787528503,-14,-2,6
16:22:16:920,-85.60650137285654,-50.97584054913916,348.94397195982776,-0.753182048131609,-0.22031177404189276,-0.15251224810202194,362.88965948907,-43,-15,-3
16:22:17:041,-93.58121365315738,-53.34083826535288,376.2006567557945,-0.242454550291399,-0.037361910656841725,0.09249801260837015,391.3178027117339,-14,-1,6
16:22:17:162,-85.45588930960339,-50.818145658370995,348.06677836342647,-0.7493230658439697,-0.21236509028555225,-0.15020211982960896,361.98850140045226,-43,-14,-4
16:22:17:287,-93.81081822180886,-53.47056868641026,377.13662615621763,-0.24996323613679164,-0.048146797992385824,0.09250992793142526,392.290206504812,-14,-2,6
16:22:17:410,-93.38792495942545,-53.249428809974624,375.30397676279875,-0.26155160164669944,-0.03997409367440771,0.093863000406153,390.39708140659457,-15,-2,6
16:22:17:538,-93.34574483201884,-53.26643113111942,375.42067156585,-0.2605116472104025,-0.05090737291944972,0.09073309730897003,390.5014998724646,-15,-2,6
16:22:17:658,-85.41663857837536,-50.81497605854897,348.0429368080015,-0.7494007181585969,-0.21218630168592403,-0.1500006806744486,361.955867199025,-43,-14,-4
16:22:17:783,-93.58121365315738,-53.34083826535288,376.2006567557945,-0.242454550291399,-0.037361910656841725,0.09249801260837015,391.3178027117339,-14,-1,6
16:22:17:909,-93.78793528395957,-53.49415136961444,377.04583653215985,-0.25009346451409115,-0.047628307962443314,0.09250915418576458,392.20066787528503,-14,-2,6
16:22:18:024,-93.18177431495606,-53.09674505879083,374.4617129441552,-0.2541517101348598,-0.029998483511277485,0.09380040035072301,389.51724205918345,-15,-1,6
16:22:18:151,-93.38512259969916,-53.22768191582729,375.14948891770104,-0.26105320314798175,-0.026727632664761167,0.09752526132280767,390.2449311397979,-15,-1,6
16:22:18:271,-93.58121365315738,-53.34083826535288,376.2006567557945,-0.242454550291399,-0.037361910656841725,0.09249801260837015,391.3178027117339,-14,-1,6
16:22:18:393,-93.78793528395957,-53.49415136961444,377.04583653215985,-0.25009346451409115,-0.047628307962443314,0.09250915418576458,392.20066787528503,-14,-2,6
16:22:18:557,-93.78793528395957,-53.49415136961444,377.04583653215985,-0.25009346451409115,-0.047628307962443314,0.09250915418576458,392.20066787528503,-14,-2,6
16:22:18:678,-93.78793528395957,-53.49415136961444,377.04583653215985,-0.25009346451409115,-0.047628307962443314,0.09250915418576458,392.20066787528503,-14,-2,6
16:22:18:806,-85.5913680308395,-50.936663023268885,348.87808345460724,-0.7470573995849593,-0.21776325419994363,-0.15284357499114792,362.81723089772976,-43,-14,-4
16:22:18:924,-93.58121365315738,-53.34083826535288,376.2006567557945,-0.242454550291399,-0.037361910656841725,0.09249801260837015,391.3178027117339,-14,-1,6
16:22:19:049,-93.78793528395957,-53.49415136961444,377.04583653215985,-0.25009346451409115,-0.047628307962443314,0.09250915418576458,392.20066787528503,-14,-2,6
16:22:19:172,-92.75652165807678,-52.87868174452183,372.90441394598,-0.2640466970127957,-0.03358625335766743,0.09207312916829503,387.888681497074,-15,-1,5
16:22:19:303,-93.58121365315738,-53.34083826535288,376.2006567557945,-0.242454550291399,-0.037361910656841725,0.09249801260837015,391.3178027117339,-14,-1,6
16:22:19:428,err,err,err,err,err,err,err,err,err,err
16:22:19:585,-93.58121365315738,-53.34083826535288,376.2006567557945,-0.242454550291399,-0.037361910656841725,0.09249801260837015,391.3178027117339,-14,-1,6
16:22:19:703,-93.78793528395957,-53.49415136961444,377.04583653215985,-0.25009346451409115,-0.047628307962443314,0.09250915418576458,392.20066787528503,-14,-2,6
16:22:19:834,-93.41025093656233,-53.22569636189473,375.3924980063901,-0.26145989553666416,-0.04047222948551782,0.09385998450607115,390.4842855899809,-15,-2,6
16:22:19:953,-93.60471254541767,-53.317674550506005,376.293925595104,-0.2423003272018617,-0.03789287169066118,0.0924997128175979,391.4099322576748,-14,-2,6
16:22:20:077,-93.60471254541767,-53.317674550506005,376.293925595104,-0.2423003272018617,-0.03789287169066118,0.0924997128175979,391.4099322576748,-14,-2,6
16:22:20:195,-93.81081822180886,-53.47056868641026,377.13662615621763,-0.24996323613679164,-0.048146797992385824,0.09250992793142526,392.290206504812,-14,-2,6
16:22:20:324,-93.57513399407385,-53.318812682547446,376.0679086727057,-0.2692879389055902,-0.05114021903241477,0.09374560763452942,391.18572752766426,-16,-2,6
16:22:20:445,-93.78793528395957,-53.49415136961444,377.04583653215985,-0.25009346451409115,-0.047628307962443314,0.09250915418576458,392.20066787528503,-14,-2,6
16:22:20:568,-93.18177431495606,-53.09674505879083,374.4617129441552,-0.2541517101348598,-0.029998483511277485,0.09380040035072301,389.51724205918345,-15,-1,6
16:22:20:694,-92.95783064945257,-53.008382889831125,373.58476789149427,-0.2708345643442274,-0.030296227851764744,0.09579883334458847,388.60857650879103,-16,-1,6
16:22:20:811,-93.81081822180886,-53.47056868641026,377.13662615621763,-0.24996323613679164,-0.048146797992385824,0.09250992793142526,392.290206504812,-14,-2,6
16:22:20:942,-93.58121365315738,-53.34083826535288,376.2006567557945,-0.242454550291399,-0.037361910656841725,0.09249801260837015,391.3178027117339,-14,-1,6
16:22:21:060,-93.60471254541767,-53.317674550506005,376.293925595104,-0.2423003272018617,-0.03789287169066118,0.0924997128175979,391.4099322576748,-14,-2,6
16:22:21:185,err,err,err,err,err,err,err,err,err,err
16:22:21:304,err,err,err,err,err,err,err,err,err,err
16:22:21:427,-93.78793528395957,-53.49415136961444,377.04583653215985,-0.25009346451409115,-0.047628307962443314,0.09250915418576458,392.20066787528503,-14,-2,6
16:22:21:554,-93.78793528395957,-53.49415136961444,377.04583653215985,-0.25009346451409115,-0.047628307962443314,0.09250915418576458,392.20066787528503,-14,-2,6
16:22:21:676,-93.81081822180886,-53.47056868641026,377.13662615621763,-0.24996323613679164,-0.048146797992385824,0.09250992793142526,392.290206504812,-14,-2,6
16:22:21:797,-93.15110594807571,-53.120138503735404,374.6240582261473,-0.25274815904510955,-0.040973792895403705,0.09072505074777362,389.669170779308,-15,-2,5
16:22:21:927,-93.38792495942545,-53.249428809974624,375.30397676279875,-0.26155160164669944,-0.03997409367440771,0.093863000406153,390.39708140659457,-15,-2,6
16:22:22:046,err,err,err,err,err,err,err,err,err,err
16:22:22:166,-85.60650137285654,-50.97584054913916,348.94397195982776,-0.753182048131609,-0.22031177404189276,-0.15251224810202194,362.88965948907,-43,-15,-3
16:22:22:285,-93.57616647628073,-53.37497394353825,376.1801568326719,-0.2285591646525748,-0.03783981439288679,0.09536236687282512,391.3015425097678,-13,-2,6
16:22:22:411,-93.81081822180886,-53.47056868641026,377.13662615621763,-0.24996323613679164,-0.048146797992385824,0.09250992793142526,392.290206504812,-14,-2,6
16:22:22:535,err,err,err,err,err,err,err,err,err,err
16:22:22:658,-84.98503367723282,-50.57980389403609,346.42346854222296,-0.753112976856068,-0.21111409860732178,-0.15005022599945442,360.26378123245206,-43,-14,-4
16:22:22:780,-93.78793528395957,-53.49415136961444,377.04583653215985,-0.25009346451409115,-0.047628307962443314,0.09250915418576458,392.20066787528503,-14,-2,6
16:22:22:903,-93.78793528395957,-53.49415136961444,377.04583653215985,-0.25009346451409115,-0.047628307962443314,0.09250915418576458,392.20066787528503,-14,-2,6
16:22:23:027,-93.38792495942545,-53.249428809974624,375.30397676279875,-0.26155160164669944,-0.03997409367440771,0.093863000406153,390.39708140659457,-15,-2,6
16:22:23:148,-93.85366105761622,-53.530176930545075,377.3114802529016,-0.2630610105093489,-0.04918939891977507,0.08960178147827436,392.4766778634995,-15,-2,5
16:22:23:275,-93.58121365315738,-53.34083826535288,376.2006567557945,-0.242454550291399,-0.037361910656841725,0.09249801260837015,391.3178027117339,-14,-1,6
16:22:23:395,err,err,err,err,err,err,err,err,err,err
16:22:23:515,-85.43275761068593,-50.85466824563759,348.11286903371536,-0.7554834722843424,-0.21476075559909513,-0.14966206309144708,362.0324887937887,-43,-14,-3
16:22:23:685,-93.78793528395957,-53.49415136961444,377.04583653215985,-0.25009346451409115,-0.047628307962443314,0.09250915418576458,392.20066787528503,-14,-2,6
16:22:23:805,-93.60471254541767,-53.317674550506005,376.293925595104,-0.2423003272018617,-0.03789287169066118,0.0924997128175979,391.4099322576748,-14,-2,6
16:22:23:927,err,err,err,err,err,err,err,err,err,err
16:22:24:049,err,err,err,err,err,err,err,err,err,err
16:22:24:172,-93.83048398074048,-53.497422970315654,377.07101041225013,-0.24957589567414246,-0.04717505566899341,0.09245029626047473,392.23549161420885,-14,-2,6
16:22:24:299,-93.81081822180886,-53.47056868641026,377.13662615621763,-0.24996323613679164,-0.048146797992385824,0.09250992793142526,392.290206504812,-14,-2,6
16:22:24:415,err,err,err,err,err,err,err,err,err,err
16:22:24:540,-93.81081822180886,-53.47056868641026,377.13662615621763,-0.24996323613679164,-0.048146797992385824,0.09250992793142526,392.290206504812,-14,-2,6
16:22:24:663,-93.83152241429013,-53.554187482538346,377.2236904581093,-0.26314880221244474,-0.04869585805244564,0.08960482186173238,392.39026267013014,-15,-2,5
16:22:24:790,-93.38792495942545,-53.249428809974624,375.30397676279875,-0.26155160164669944,-0.03997409367440771,0.093863000406153,390.39708140659457,-15,-2,6
16:22:24:914,-85.43275761068593,-50.85466824563759,348.11286903371536,-0.7554834722843424,-0.21476075559909513,-0.14966206309144708,362.0324887937887,-43,-14,-3
16:22:25:076,-93.58121365315738,-53.34083826535288,376.2006567557945,-0.242454550291399,-0.037361910656841725,0.09249801260837015,391.3178027117339,-14,-1,6
16:22:25:226,-93.15110594807571,-53.120138503735404,374.6240582261473,-0.25274815904510955,-0.040973792895403705,0.09072505074777362,389.669170779308,-15,-2,5
16:22:25:363,-93.60471254541767,-53.317674550506005,376.293925595104,-0.2423003272018617,-0.03789287169066118,0.0924997128175979,391.4099322576748,-14,-2,6
16:22:25:483,-93.60471254541767,-53.317674550506005,376.293925595104,-0.2423003272018617,-0.03789287169066118,0.0924997128175979,391.4099322576748,-14,-2,6
16:22:25:609,-87.54964147084469,-47.38877949285599,345.90230744383206,0.9382057484656955,-0.23319234666798083,0.05864302437925539,359.943110002766,54,-13,-3
16:22:25:732,-93.38792495942545,-53.249428809974624,375.30397676279875,-0.26155160164669944,-0.03997409367440771,0.093863000406153,390.39708140659457,-15,-2,6
16:22:25:854,-93.58121365315738,-53.34083826535288,376.2006567557945,-0.242454550291399,-0.037361910656841725,0.09249801260837015,391.3178027117339,-14,-1,6
16:22:25:981,-85.32694243169323,-50.79835344665132,347.9270061483044,-0.749111910161354,-0.22272675284512058,-0.15602993578433821,361.82089688816296,-43,-15,-4
16:22:26:098,-93.58121365315738,-53.34083826535288,376.2006567557945,-0.242454550291399,-0.037361910656841725,0.09249801260837015,391.3178027117339,-14,-1,6
16:22:26:227,-93.38792495942545,-53.249428809974624,375.30397676279875,-0.26155160164669944,-0.03997409367440771,0.093863000406153,390.39708140659457,-15,-2,6
16:22:26:351,-93.81081822180886,-53.47056868641026,377.13662615621763,-0.24996323613679164,-0.048146797992385824,0.09250992793142526,392.290206504812,-14,-2,6
16:22:26:472,-93.36779898602146,-53.242544112443746,375.5081661153316,-0.26041349370684647,-0.05140401687343613,0.0907314757919742,390.58763064177947,-15,-2,6
16:22:26:597,-93.41025093656233,-53.22569636189473,375.3924980063901,-0.26145989553666416,-0.04047222948551782,0.09385998450607115,390.4842855899809,-15,-2,6
16:22:26:715,-93.34574483201884,-53.26643113111942,375.42067156585,-0.2605116472104025,-0.05090737291944972,0.09073309730897003,390.5014998724646,-15,-2,6
16:22:26:839,-93.60471254541767,-53.317674550506005,376.293925595104,-0.2423003272018617,-0.03789287169066118,0.0924997128175979,391.4099322576748,-14,-2,6
16:22:26:964,-93.78793528395957,-53.49415136961444,377.04583653215985,-0.25009346451409115,-0.047628307962443314,0.09250915418576458,392.20066787528503,-14,-2,6
16:22:27:086,-93.78793528395957,-53.49415136961444,377.04583653215985,-0.25009346451409115,-0.047628307962443314,0.09250915418576458,392.20066787528503,-14,-2,6
16:22:27:209,-93.78793528395957,-53.49415136961444,377.04583653215985,-0.25009346451409115,-0.047628307962443314,0.09250915418576458,392.20066787528503,-14,-2,6
16:22:27:331,-93.52082391497974,-53.32903826156062,376.1364136650659,-0.2686057034983881,-0.062062107147711834,0.09056103889559118,391.23999349818166,-16,-3,6
16:22:27:553,-93.60471254541767,-53.317674550506005,376.293925595104,-0.2423003272018617,-0.03789287169066118,0.0924997128175979,391.4099322576748,-14,-2,6
16:22:27:708,-93.78793528395957,-53.49415136961444,377.04583653215985,-0.25009346451409115,-0.047628307962443314,0.09250915418576458,392.20066787528503,-14,-2,6
16:22:27:875,-85.17359256259327,-50.73970845738607,347.3189314774796,-0.7568712251375221,-0.21917728857714877,-0.15254796182845723,361.19177599582383,-43,-15,-3
16:22:28:004,-85.60650137285654,-50.97584054913916,348.94397195982776,-0.753182048131609,-0.22031177404189276,-0.15251224810202194,362.88965948907,-43,-15,-3
16:22:28:166,-93.78793528395957,-53.49415136961444,377.04583653215985,-0.25009346451409115,-0.047628307962443314,0.09250915418576458,392.20066787528503,-14,-2,6
16:22:28:321,-93.78793528395957,-53.49415136961444,377.04583653215985,-0.25009346451409115,-0.047628307962443314,0.09250915418576458,392.20066787528503,-14,-2,6
16:22:28:450,-92.75652165807678,-52.87868174452183,372.90441394598,-0.2640466970127957,-0.03358625335766743,0.09207312916829503,387.888681497074,-15,-1,5
16:22:28:573,-93.8325149604644,-53.53576562444415,377.07932621310744,-0.2356208827389033,-0.04794295635001341,0.09530722113104013,392.2492030866759,-14,-2,6
16:22:28:699,-93.58121365315738,-53.34083826535288,376.2006567557945,-0.242454550291399,-0.037361910656841725,0.09249801260837015,391.3178027117339,-14,-1,6
16:22:28:815,-93.15110594807571,-53.120138503735404,374.6240582261473,-0.25274815904510955,-0.040973792895403705,0.09072505074777362,389.669170779308,-15,-2,5
16:22:28:943,-85.60650137285654,-50.97584054913916,348.94397195982776,-0.753182048131609,-0.22031177404189276,-0.15251224810202194,362.88965948907,-43,-15,-3
16:22:29:054,-85.17145308430761,-50.718119564571275,347.1744927126171,-0.7574867705321312,-0.21968799186318347,-0.15284784045270372,361.0493490686856,-43,-15,-3
16:22:29:174,-93.78793528395957,-53.49415136961444,377.04583653215985,-0.25009346451409115,-0.047628307962443314,0.09250915418576458,392.20066787528503,-14,-2,6
16:22:29:313,-93.78793528395957,-53.49415136961444,377.04583653215985,-0.25009346451409115,-0.047628307962443314,0.09250915418576458,392.20066787528503,-14,-2,6
16:22:29:429,-85.60650137285654,-50.97584054913916,348.94397195982776,-0.753182048131609,-0.22031177404189276,-0.15251224810202194,362.88965948907,-43,-15,-3
16:22:29:547,-93.38792495942545,-53.249428809974624,375.30397676279875,-0.26155160164669944,-0.03997409367440771,0.093863000406153,390.39708140659457,-15,-2,6
16:22:29:672,-85.41663857837536,-50.81497605854897,348.0429368080015,-0.7494007181585969,-0.21218630168592403,-0.1500006806744486,361.955867199025,-43,-14,-4
16:22:29:796,-93.81081822180886,-53.47056868641026,377.13662615621763,-0.24996323613679164,-0.048146797992385824,0.09250992793142526,392.290206504812,-14,-2,6
16:22:29:914,-93.60471254541767,-53.317674550506005,376.293925595104,-0.2423003272018617,-0.03789287169066118,0.0924997128175979,391.4099322576748,-14,-2,6
16:22:30:040,-93.34574483201884,-53.26643113111942,375.42067156585,-0.2605116472104025,-0.05090737291944972,0.09073309730897003,390.5014998724646,-15,-2,6
16:22:30:160,-85.5913680308395,-50.936663023268885,348.87808345460724,-0.7470573995849593,-0.21776325419994363,-0.15284357499114792,362.81723089772976,-43,-14,-4
16:22:30:327,-93.58121365315738,-53.34083826535288,376.2006567557945,-0.242454550291399,-0.037361910656841725,0.09249801260837015,391.3178027117339,-14,-1,6
16:22:30:446,-93.58121365315738,-53.34083826535288,376.2006567557945,-0.242454550291399,-0.037361910656841725,0.09249801260837015,391.3178027117339,-14,-1,6
16:22:30:568,-93.78793528395957,-53.49415136961444,377.04583653215985,-0.25009346451409115,-0.047628307962443314,0.09250915418576458,392.20066787528503,-14,-2,6
16:22:30:693,-93.83048398074048,-53.497422970315654,377.07101041225013,-0.24957589567414246,-0.04717505566899341,0.09245029626047473,392.23549161420885,-14,-2,6
16:22:30:896,-93.58121365315738,-53.34083826535288,376.2006567557945,-0.242454550291399,-0.037361910656841725,0.09249801260837015,391.3178027117339,-14,-1,6
16:22:31:017,-93.58121365315738,-53.34083826535288,376.2006567557945,-0.242454550291399,-0.037361910656841725,0.09249801260837015,391.3178027117339,-14,-1,6
16:22:31:142,err,err,err,err,err,err,err,err,err,err
16:22:31:264,-93.38792495942545,-53.249428809974624,375.30397676279875,-0.26155160164669944,-0.03997409367440771,0.093863000406153,390.39708140659457,-15,-2,6
16:22:31:419,-93.78793528395957,-53.49415136961444,377.04583653215985,-0.25009346451409115,-0.047628307962443314,0.09250915418576458,392.20066787528503,-14,-2,6
16:22:31:555,-93.60471254541767,-53.317674550506005,376.293925595104,-0.2423003272018617,-0.03789287169066118,0.0924997128175979,391.4099322576748,-14,-2,6
16:22:31:673,-93.16589765602876,-53.06767561712999,374.2550071025827,-0.25402320004612655,-0.01672999338764272,0.09740447212267599,389.3107666412692,-15,0,6
16:22:31:802,-93.58121365315738,-53.34083826535288,376.2006567557945,-0.242454550291399,-0.037361910656841725,0.09249801260837015,391.3178027117339,-14,-1,6
16:22:31:922,-85.17359256259327,-50.73970845738607,347.3189314774796,-0.7568712251375221,-0.21917728857714877,-0.15254796182845723,361.19177599582383,-43,-15,-3
16:22:32:044,-93.20467145069301,-53.073406648003875,374.55253220769833,-0.2540383097278387,-0.030507422561376833,0.0937981855724637,389.6068488318126,-15,-1,6
16:22:32:169,-93.20467145069301,-53.073406648003875,374.55253220769833,-0.2540383097278387,-0.030507422561376833,0.0937981855724637,389.6068488318126,-15,-1,6
16:22:32:290,-93.81081822180886,-53.47056868641026,377.13662615621763,-0.24996323613679164,-0.048146797992385824,0.09250992793142526,392.290206504812,-14,-2,6
16:22:32:418,-93.58121365315738,-53.34083826535288,376.2006567557945,-0.242454550291399,-0.037361910656841725,0.09249801260837015,391.3178027117339,-14,-1,6
16:22:32:540,-93.38792495942545,-53.249428809974624,375.30397676279875,-0.26155160164669944,-0.03997409367440771,0.093863000406153,390.39708140659457,-15,-2,6
16:22:32:660,-85.00113918115187,-50.61933963591709,346.4933608571096,-0.7591506936894128,-0.21367600305285114,-0.14970816178773272,360.34033957541453,-43,-14,-3
16:22:32:786,-93.81081822180886,-53.47056868641026,377.13662615621763,-0.24996323613679164,-0.048146797992385824,0.09250992793142526,392.290206504812,-14,-2,6
16:22:32:903,-93.58121365315738,-53.34083826535288,376.2006567557945,-0.242454550291399,-0.037361910656841725,0.09249801260837015,391.3178027117339,-14,-1,6
16:22:33:036,-93.78793528395957,-53.49415136961444,377.04583653215985,-0.25009346451409115,-0.047628307962443314,0.09250915418576458,392.20066787528503,-14,-2,6
16:22:33:154,-93.58121365315738,-53.34083826535288,376.2006567557945,-0.242454550291399,-0.037361910656841725,0.09249801260837015,391.3178027117339,-14,-1,6
16:22:33:319,-93.18177431495606,-53.09674505879083,374.4617129441552,-0.2541517101348598,-0.029998483511277485,0.09380040035072301,389.51724205918345,-15,-1,6
16:22:33:440,-93.18177431495606,-53.09674505879083,374.4617129441552,-0.2541517101348598,-0.029998483511277485,0.09380040035072301,389.51724205918345,-15,-1,6
16:22:33:563,-93.78793528395957,-53.49415136961444,377.04583653215985,-0.25009346451409115,-0.047628307962443314,0.09250915418576458,392.20066787528503,-14,-2,6
16:22:33:731,-92.97278212803039,-53.00070873677122,373.7861775615727,-0.27149588482206743,-0.04373617926225819,0.0921272910960192,388.80473232628975,-16,-2,6
16:22:34:027,err,err,err,err,err,err,err,err,err,err
16:22:34:145,-93.58121365315738,-53.34083826535288,376.2006567557945,-0.242454550291399,-0.037361910656841725,0.09249801260837015,391.3178027117339,-14,-1,6
16:22:34:280,-93.15110594807571,-53.120138503735404,374.6240582261473,-0.25274815904510955,-0.040973792895403705,0.09072505074777362,389.669170779308,-15,-2,5
16:22:34:434,-93.787051214823,-53.473323251659366,376.8978247973899,-0.24952922688345747,-0.033915230469685254,0.09621913254166845,392.0553246828211,-14,-1,6
16:22:34:590,-85.5913680308395,-50.936663023268885,348.87808345460724,-0.7470573995849593,-0.21776325419994363,-0.15284357499114792,362.81723089772976,-43,-14,-4
16:22:34:711,-93.38792495942545,-53.249428809974624,375.30397676279875,-0.26155160164669944,-0.03997409367440771,0.093863000406153,390.39708140659457,-15,-2,6
16:22:34:837,-85.34106199645619,-50.83683104513719,347.988713922272,-0.7552239810842193,-0.2252318573087805,-0.15570155611358671,361.8889681527632,-43,-15,-3
16:22:34:959,-85.1584517131847,-50.70067555932465,347.25299786549414,-0.7507923522548823,-0.21664058495361901,-0.15288280269691262,361.1193222841054,-43,-14,-4
16:22:35:080,err,err,err,err,err,err,err,err,err,err
16:22:35:203,-93.81081822180886,-53.47056868641026,377.13662615621763,-0.24996323613679164,-0.048146797992385824,0.09250992793142526,392.290206504812,-14,-2,6
16:22:35:328,-93.60471254541767,-53.317674550506005,376.293925595104,-0.2423003272018617,-0.03789287169066118,0.0924997128175979,391.4099322576748,-14,-2,6
16:22:35:451,err,err,err,err,err,err,err,err,err,err
16:22:35:574,-93.18177431495606,-53.09674505879083,374.4617129441552,-0.2541517101348598,-0.029998483511277485,0.09380040035072301,389.51724205918345,-15,-1,6
16:22:35:697,-93.15110594807571,-53.120138503735404,374.6240582261473,-0.25274815904510955,-0.040973792895403705,0.09072505074777362,389.669170779308,-15,-2,5
16:22:35:817,-93.34574483201884,-53.26643113111942,375.42067156585,-0.2605116472104025,-0.05090737291944972,0.09073309730897003,390.5014998724646,-15,-2,6
16:22:35:940,-93.85069074884538,-53.508600823663244,377.15186492845066,-0.24941333616021158,-0.05930645047735689,0.08931338627018856,392.31957857740144,-14,-3,5
16:22:36:063,-93.15110594807571,-53.120138503735404,374.6240582261473,-0.25274815904510955,-0.040973792895403705,0.09072505074777362,389.669170779308,-15,-2,5
16:22:36:227,-85.5913680308395,-50.936663023268885,348.87808345460724,-0.7470573995849593,-0.21776325419994363,-0.15284357499114792,362.81723089772976,-43,-14,-4
16:22:36:349,-93.60471254541767,-53.317674550506005,376.293925595104,-0.2423003272018617,-0.03789287169066118,0.0924997128175979,391.4099322576748,-14,-2,6
16:22:36:477,-85.60650137285654,-50.97584054913916,348.94397195982776,-0.753182048131609,-0.22031177404189276,-0.15251224810202194,362.88965948907,-43,-15,-3
16:22:36:595,-92.95122723494596,-53.024715506105636,373.70071859614467,-0.27155970489989323,-0.04325757917300892,0.09213233974687586,388.7206943015266,-16,-2,6
16:22:36:720,-93.79053908218151,-53.53282525764035,377.05651309918176,-0.23616207753697566,-0.04845481762537265,0.09535776769458312,392.21683119405355,-14,-2,6
16:22:36:843,-93.20467145069301,-53.073406648003875,374.55253220769833,-0.2540383097278387,-0.030507422561376833,0.0937981855724637,389.6068488318126,-15,-1,6
16:22:36:965,-85.41663857837536,-50.81497605854897,348.0429368080015,-0.7494007181585969,-0.21218630168592403,-0.1500006806744486,361.955867199025,-43,-14,-4
16:22:37:086,-93.78793528395957,-53.49415136961444,377.04583653215985,-0.25009346451409115,-0.047628307962443314,0.09250915418576458,392.20066787528503,-14,-2,6
16:22:37:210,-93.81081822180886,-53.47056868641026,377.13662615621763,-0.24996323613679164,-0.048146797992385824,0.09250992793142526,392.290206504812,-14,-2,6
16:22:37:379,-93.58121365315738,-53.34083826535288,376.2006567557945,-0.242454550291399,-0.037361910656841725,0.09249801260837015,391.3178027117339,-14,-1,6
16:22:37:499,-93.60471254541767,-53.317674550506005,376.293925595104,-0.2423003272018617,-0.03789287169066118,0.0924997128175979,391.4099322576748,-14,-2,6
16:22:37:648,-85.5913680308395,-50.936663023268885,348.87808345460724,-0.7470573995849593,-0.21776325419994363,-0.15284357499114792,362.81723089772976,-43,-14,-4
16:22:37:787,-93.83048398074048,-53.497422970315654,377.07101041225013,-0.24957589567414246,-0.04717505566899341,0.09245029626047473,392.23549161420885,-14,-2,6
16:22:37:910,-93.58121365315738,-53.34083826535288,376.2006567557945,-0.242454550291399,-0.037361910656841725,0.09249801260837015,391.3178027117339,-14,-1,6
16:22:38:032,-93.78793528395957,-53.49415136961444,377.04583653215985,-0.25009346451409115,-0.047628307962443314,0.09250915418576458,392.20066787528503,-14,-2,6
16:22:38:155,-93.20467145069301,-53.073406648003875,374.55253220769833,-0.2540383097278387,-0.030507422561376833,0.0937981855724637,389.6068488318126,-15,-1,6
16:22:38:280,-93.78793528395957,-53.49415136961444,377.04583653215985,-0.25009346451409115,-0.047628307962443314,0.09250915418576458,392.20066787528503,-14,-2,6
16:22:38:405,-93.64663545873559,-53.32062293906036,376.3168410145632,-0.24176810126824375,-0.03741914695232977,0.09244460560766318,391.4423916677022,-14,-1,6
16:22:38:525,-93.78793528395957,-53.49415136961444,377.04583653215985,-0.25009346451409115,-0.047628307962443314,0.09250915418576458,392.20066787528503,-14,-2,6
16:22:38:647,-93.78793528395957,-53.49415136961444,377.04583653215985,-0.25009346451409115,-0.047628307962443314,0.09250915418576458,392.20066787528503,-14,-2,6
16:22:38:772,-93.78793528395957,-53.49415136961444,377.04583653215985,-0.25009346451409115,-0.047628307962443314,0.09250915418576458,392.20066787528503,-14,-2,6
16:22:38:893,-93.22385838717157,-53.099892467900084,374.4860109286261,-0.25363648316739945,-0.0295755646667556,0.0937390958794132,389.55109900233765,-15,-1,6
16:22:39:019,-93.58121365315738,-53.34083826535288,376.2006567557945,-0.242454550291399,-0.037361910656841725,0.09249801260837015,391.3178027117339,-14,-1,6
16:22:39:138,-85.41663857837536,-50.81497605854897,348.0429368080015,-0.7494007181585969,-0.21218630168592403,-0.1500006806744486,361.955867199025,-43,-14,-4
16:22:39:262,-93.15110594807571,-53.120138503735404,374.6240582261473,-0.25274815904510955,-0.040973792895403705,0.09072505074777362,389.669170779308,-15,-2,5
16:22:39:387,-93.78793528395957,-53.49415136961444,377.04583653215985,-0.25009346451409115,-0.047628307962443314,0.09250915418576458,392.20066787528503,-14,-2,6
16:22:39:508,-93.64663545873559,-53.32062293906036,376.3168410145632,-0.24176810126824375,-0.03741914695232977,0.09244460560766318,391.4423916677022,-14,-1,6
16:22:39:635,-85.60650137285654,-50.97584054913916,348.94397195982776,-0.753182048131609,-0.22031177404189276,-0.15251224810202194,362.88965948907,-43,-15,-3
16:22:39:752,-93.60471254541767,-53.317674550506005,376.293925595104,-0.2423003272018617,-0.03789287169066118,0.0924997128175979,391.4099322576748,-14,-2,6
16:22:39:874,-93.15110594807571,-53.120138503735404,374.6240582261473,-0.25274815904510955,-0.040973792895403705,0.09072505074777362,389.669170779308,-15,-2,5
16:22:40:005,-85.5913680308395,-50.936663023268885,348.87808345460724,-0.7470573995849593,-0.21776325419994363,-0.15284357499114792,362.81723089772976,-43,-14,-4
16:22:40:165,-93.81081822180886,-53.47056868641026,377.13662615621763,-0.24996323613679164,-0.048146797992385824,0.09250992793142526,392.290206504812,-14,-2,6
16:22:40:331,-93.58121365315738,-53.34083826535288,376.2006567557945,-0.242454550291399,-0.037361910656841725,0.09249801260837015,391.3178027117339,-14,-1,6
16:22:40:450,err,err,err,err,err,err,err,err,err,err
16:22:40:570,-85.60650137285654,-50.97584054913916,348.94397195982776,-0.753182048131609,-0.22031177404189276,-0.15251224810202194,362.88965948907,-43,-15,-3
16:22:40:696,-93.6562964644783,-53.3622756714082,376.35656997731655,-0.24138307724289643,-0.04910133881275905,0.08935987786941604,391.4885721159232,-14,-2,5
16:22:40:816,-93.78793528395957,-53.49415136961444,377.04583653215985,-0.25009346451409115,-0.047628307962443314,0.09250915418576458,392.20066787528503,-14,-2,6
16:22:40:944,-85.41663857837536,-50.81497605854897,348.0429368080015,-0.7494007181585969,-0.21218630168592403,-0.1500006806744486,361.955867199025,-43,-14,-4
16:22:41:063,-93.38792495942545,-53.249428809974624,375.30397676279875,-0.26155160164669944,-0.03997409367440771,0.093863000406153,390.39708140659457,-15,-2,6
16:22:41:189,-93.58121365315738,-53.34083826535288,376.2006567557945,-0.242454550291399,-0.037361910656841725,0.09249801260837015,391.3178027117339,-14,-1,6
16:22:41:314,-93.78793528395957,-53.49415136961444,377.04583653215985,-0.25009346451409115,-0.047628307962443314,0.09250915418576458,392.20066787528503,-14,-2,6
16:22:41:437,-93.78793528395957,-53.49415136961444,377.04583653215985,-0.25009346451409115,-0.047628307962443314,0.09250915418576458,392.20066787528503,-14,-2,6
16:22:41:565,-93.78793528395957,-53.49415136961444,377.04583653215985,-0.25009346451409115,-0.047628307962443314,0.09250915418576458,392.20066787528503,-14,-2,6
16:22:41:683,-93.78793528395957,-53.49415136961444,377.04583653215985,-0.25009346451409115,-0.047628307962443314,0.09250915418576458,392.20066787528503,-14,-2,6
16:22:41:804,-93.41025093656233,-53.22569636189473,375.3924980063901,-0.26145989553666416,-0.04047222948551782,0.09385998450607115,390.4842855899809,-15,-2,6
16:22:41:929,-93.59003387679942,-53.28913003315173,376.09074101065164,-0.24215138109883194,-0.024147793462443425,0.09614540605661498,391.20719739633074,-14,-1,6
16:22:42:045,-93.78793528395957,-53.49415136961444,377.04583653215985,-0.25009346451409115,-0.047628307962443314,0.09250915418576458,392.20066787528503,-14,-2,6
16:22:42:176,-93.18177431495606,-53.09674505879083,374.4617129441552,-0.2541517101348598,-0.029998483511277485,0.09380040035072301,389.51724205918345,-15,-1,6
16:22:42:334,-93.38792495942545,-53.249428809974624,375.30397676279875,-0.26155160164669944,-0.03997409367440771,0.093863000406153,390.39708140659457,-15,-2,6
16:22:42:457,-93.38792495942545,-53.249428809974624,375.30397676279875,-0.26155160164669944,-0.03997409367440771,0.093863000406153,390.39708140659457,-15,-2,6
16:22:42:583,-93.78793528395957,-53.49415136961444,377.04583653215985,-0.25009346451409115,-0.047628307962443314,0.09250915418576458,392.20066787528503,-14,-2,6
16:22:42:702,-93.17377199339174,-53.096664356770404,374.71401670825304,-0.2526259973130844,-0.041482872725063416,0.09072441276530113,389.7578759575296,-15,-2,5
16:22:42:825,err,err,err,err,err,err,err,err,err,err
16:22:42:993,-93.38792495942545,-53.249428809974624,375.30397676279875,-0.26155160164669944,-0.03997409367440771,0.093863000406153,390.39708140659457,-15,-2,6
16:22:43:112,-93.78793528395957,-53.49415136961444,377.04583653215985,-0.25009346451409115,-0.047628307962443314,0.09250915418576458,392.20066787528503,-14,-2,6
16:22:43:282,-93.36779898602146,-53.242544112443746,375.5081661153316,-0.26041349370684647,-0.05140401687343613,0.0907314757919742,390.58763064177947,-15,-2,6
16:22:43:400,-93.81081822180886,-53.47056868641026,377.13662615621763,-0.24996323613679164,-0.048146797992385824,0.09250992793142526,392.290206504812,-14,-2,6
16:22:43:528,-93.41025093656233,-53.22569636189473,375.3924980063901,-0.26145989553666416,-0.04047222948551782,0.09385998450607115,390.4842855899809,-15,-2,6
16:22:43:691,-93.38792495942545,-53.249428809974624,375.30397676279875,-0.26155160164669944,-0.03997409367440771,0.093863000406153,390.39708140659457,-15,-2,6
16:22:43:813,-93.69832023217585,-53.365279229566376,376.3798601064678,-0.2408551000666622,-0.04861083713112378,0.08930593933791245,391.5214264064551,-14,-2,5
16:22:43:937,-93.20467145069301,-53.073406648003875,374.55253220769833,-0.2540383097278387,-0.030507422561376833,0.0937981855724637,389.6068488318126,-15,-1,6
16:22:44:057,-93.58121365315738,-53.34083826535288,376.2006567557945,-0.242454550291399,-0.037361910656841725,0.09249801260837015,391.3178027117339,-14,-1,6
16:22:44:182,-93.87330181678334,-53.48485029539087,377.2415254203863,-0.24927626811623907,-0.059823148562015996,0.08931574315655941,392.40794399018637,-14,-3,5
16:22:44:308,-93.83048398074048,-53.497422970315654,377.07101041225013,-0.24957589567414246,-0.04717505566899341,0.09245029626047473,392.23549161420885,-14,-2,6
16:22:44:429,-93.20467145069301,-53.073406648003875,374.55253220769833,-0.2540383097278387,-0.030507422561376833,0.0937981855724637,389.6068488318126,-15,-1,6
16:22:44:550,-93.60471254541767,-53.317674550506005,376.293925595104,-0.2423003272018617,-0.03789287169066118,0.0924997128175979,391.4099322576748,-14,-2,6
16:22:44:679,-93.58121365315738,-53.34083826535288,376.2006567557945,-0.242454550291399,-0.037361910656841725,0.09249801260837015,391.3178027117339,-14,-1,6
16:22:44:803,-93.18177431495606,-53.09674505879083,374.4617129441552,-0.2541517101348598,-0.029998483511277485,0.09380040035072301,389.51724205918345,-15,-1,6
16:22:44:920,-93.58121365315738,-53.34083826535288,376.2006567557945,-0.242454550291399,-0.037361910656841725,0.09249801260837015,391.3178027117339,-14,-1,6
16:22:45:043,-93.58121365315738,-53.34083826535288,376.2006567557945,-0.242454550291399,-0.037361910656841725,0.09249801260837015,391.3178027117339,-14,-1,6
16:22:45:164,-93.60471254541767,-53.317674550506005,376.293925595104,-0.2423003272018617,-0.03789287169066118,0.0924997128175979,391.4099322576748,-14,-2,6
16:22:45:292,-93.58121365315738,-53.34083826535288,376.2006567557945,-0.242454550291399,-0.037361910656841725,0.09249801260837015,391.3178027117339,-14,-1,6
16:22:45:412,err,err,err,err,err,err,err,err,err,err
16:22:45:577,-93.38792495942545,-53.249428809974624,375.30397676279875,-0.26155160164669944,-0.03997409367440771,0.093863000406153,390.39708140659457,-15,-2,6
16:22:45:704,-93.20467145069301,-53.073406648003875,374.55253220769833,-0.2540383097278387,-0.030507422561376833,0.0937981855724637,389.6068488318126,-15,-1,6
16:22:45:822,-93.18177431495606,-53.09674505879083,374.4617129441552,-0.2541517101348598,-0.029998483511277485,0.09380040035072301,389.51724205918345,-15,-1,6
16:22:45:946,-93.58121365315738,-53.34083826535288,376.2006567557945,-0.242454550291399,-0.037361910656841725,0.09249801260837015,391.3178027117339,-14,-1,6
16:22:46:066,-93.18177431495606,-53.09674505879083,374.4617129441552,-0.2541517101348598,-0.029998483511277485,0.09380040035072301,389.51724205918345,-15,-1,6
16:22:46:191,-93.81081822180886,-53.47056868641026,377.13662615621763,-0.24996323613679164,-0.048146797992385824,0.09250992793142526,392.290206504812,-14,-2,6
16:22:46:313,-85.5913680308395,-50.936663023268885,348.87808345460724,-0.7470573995849593,-0.21776325419994363,-0.15284357499114792,362.81723089772976,-43,-14,-4
16:22:46:441,-85.5913680308395,-50.936663023268885,348.87808345460724,-0.7470573995849593,-0.21776325419994363,-0.15284357499114792,362.81723089772976,-43,-14,-4
16:22:46:563,-93.60471254541767,-53.317674550506005,376.293925595104,-0.2423003272018617,-0.03789287169066118,0.0924997128175979,391.4099322576748,-14,-2,6
16:22:46:683,-93.58121365315738,-53.34083826535288,376.2006567557945,-0.242454550291399,-0.037361910656841725,0.09249801260837015,391.3178027117339,-14,-1,6
16:22:46:804,-93.60471254541767,-53.317674550506005,376.293925595104,-0.2423003272018617,-0.03789287169066118,0.0924997128175979,391.4099322576748,-14,-2,6
16:22:46:930,-93.60471254541767,-53.317674550506005,376.293925595104,-0.2423003272018617,-0.03789287169066118,0.0924997128175979,391.4099322576748,-14,-2,6
16:22:47:050,-93.78793528395957,-53.49415136961444,377.04583653215985,-0.25009346451409115,-0.047628307962443314,0.09250915418576458,392.20066787528503,-14,-2,6
16:22:47:175,-93.78793528395957,-53.49415136961444,377.04583653215985,-0.25009346451409115,-0.047628307962443314,0.09250915418576458,392.20066787528503,-14,-2,6
16:22:47:303,-92.75652165807678,-52.87868174452183,372.90441394598,-0.2640466970127957,-0.03358625335766743,0.09207312916829503,387.888681497074,-15,-1,5
16:22:47:423,-93.81424968000313,-53.50971612689779,377.1506362025819,-0.23597880830081755,-0.04900152141065043,0.09536357822259851,392.3098336149827,-14,-2,6
16:22:47:544,-93.56619727724652,-53.31208958268162,375.99615214186804,-0.24230026218071068,-0.02361805070228045,0.09614507829385631,391.1136901133573,-14,-1,6
16:22:47:668,-93.60471254541767,-53.317674550506005,376.293925595104,-0.2423003272018617,-0.03789287169066118,0.0924997128175979,391.4099322576748,-14,-2,6
16:22:47:788,-93.81081822180886,-53.47056868641026,377.13662615621763,-0.24996323613679164,-0.048146797992385824,0.09250992793142526,392.290206504812,-14,-2,6
16:22:47:910,-93.58121365315738,-53.34083826535288,376.2006567557945,-0.242454550291399,-0.037361910656841725,0.09249801260837015,391.3178027117339,-14,-1,6
16:22:48:035,-93.81081822180886,-53.47056868641026,377.13662615621763,-0.24996323613679164,-0.048146797992385824,0.09250992793142526,392.290206504812,-14,-2,6
16:22:48:162,-93.58121365315738,-53.34083826535288,376.2006567557945,-0.242454550291399,-0.037361910656841725,0.09249801260837015,391.3178027117339,-14,-1,6
16:22:48:321,-85.5913680308395,-50.936663023268885,348.87808345460724,-0.7470573995849593,-0.21776325419994363,-0.15284357499114792,362.81723089772976,-43,-14,-4
16:22:48:445,-93.60471254541767,-53.317674550506005,376.293925595104,-0.2423003272018617,-0.03789287169066118,0.0924997128175979,391.4099322576748,-14,-2,6
16:22:48:570,-93.41025093656233,-53.22569636189473,375.3924980063901,-0.26145989553666416,-0.04047222948551782,0.09385998450607115,390.4842855899809,-15,-2,6
16:22:48:693,-93.15110594807571,-53.120138503735404,374.6240582261473,-0.25274815904510955,-0.040973792895403705,0.09072505074777362,389.669170779308,-15,-2,5
16:22:48:811,err,err,err,err,err,err,err,err,err,err
16:22:48:938,-93.58121365315738,-53.34083826535288,376.2006567557945,-0.242454550291399,-0.037361910656841725,0.09249801260837015,391.3178027117339,-14,-1,6
16:22:49:058,-93.81081822180886,-53.47056868641026,377.13662615621763,-0.24996323613679164,-0.048146797992385824,0.09250992793142526,392.290206504812,-14,-2,6
16:22:49:182,err,err,err,err,err,err,err,err,err,err
16:22:49:305,-85.5913680308395,-50.936663023268885,348.87808345460724,-0.7470573995849593,-0.21776325419994363,-0.15284357499114792,362.81723089772976,-43,-14,-4
16:22:49:429,-93.60471254541767,-53.317674550506005,376.293925595104,-0.2423003272018617,-0.03789287169066118,0.0924997128175979,391.4099322576748,-14,-2,6
16:22:49:553,-93.15110594807571,-53.120138503735404,374.6240582261473,-0.25274815904510955,-0.040973792895403705,0.09072505074777362,389.669170779308,-15,-2,5
16:22:49:771,-93.62741935575467,-53.38213824202624,376.24570132536803,-0.2551382460063272,-0.02540736414923556,0.09323472064183069,391.3777894877623,-15,-1,5
16:22:49:875,err,err,err,err,err,err,err,err,err,err
16:22:50:004,-93.20467145069301,-53.073406648003875,374.55253220769833,-0.2540383097278387,-0.030507422561376833,0.0937981855724637,389.6068488318126,-15,-1,6
16:22:50:126,-93.58121365315738,-53.34083826535288,376.2006567557945,-0.242454550291399,-0.037361910656841725,0.09249801260837015,391.3178027117339,-14,-1,6
16:22:50:246,err,err,err,err,err,err,err,err,err,err
16:22:50:370,-93.20467145069301,-53.073406648003875,374.55253220769833,-0.2540383097278387,-0.030507422561376833,0.0937981855724637,389.6068488318126,-15,-1,6
16:22:50:493,-93.41025093656233,-53.22569636189473,375.3924980063901,-0.26145989553666416,-0.04047222948551782,0.09385998450607115,390.4842855899809,-15,-2,6
16:22:50:624,-93.99704008980662,-53.53928276417498,377.8972509997831,-0.25801371065562145,-0.059684156453304306,0.09232946812362125,393.0753498475071,-15,-3,6
16:22:50:739,-93.41025093656233,-53.22569636189473,375.3924980063901,-0.26145989553666416,-0.04047222948551782,0.09385998450607115,390.4842855899809,-15,-2,6
16:22:50:863,-93.18177431495606,-53.09674505879083,374.4617129441552,-0.2541517101348598,-0.029998483511277485,0.09380040035072301,389.51724205918345,-15,-1,6
16:22:50:990,-85.60650137285654,-50.97584054913916,348.94397195982776,-0.753182048131609,-0.22031177404189276,-0.15251224810202194,362.88965948907,-43,-15,-3
16:22:51:111,-93.49506300441782,-53.268327533858425,375.4434303967859,-0.2603880740708398,-0.0508526384715815,0.09063507403334266,390.5593565036699,-15,-2,6
16:22:51:236,-93.65637182947422,-53.38229376318521,376.5046612466967,-0.2553621747297427,-0.03931950780076934,0.08957531192047423,391.633687534882,-15,-2,5
16:22:51:352,-85.5913680308395,-50.936663023268885,348.87808345460724,-0.7470573995849593,-0.21776325419994363,-0.15284357499114792,362.81723089772976,-43,-14,-4
16:22:51:480,-93.58121365315738,-53.34083826535288,376.2006567557945,-0.242454550291399,-0.037361910656841725,0.09249801260837015,391.3178027117339,-14,-1,6
16:22:51:600,-93.58121365315738,-53.34083826535288,376.2006567557945,-0.242454550291399,-0.037361910656841725,0.09249801260837015,391.3178027117339,-14,-1,6
16:22:51:724,-93.57616647628073,-53.37497394353825,376.1801568326719,-0.2285591646525748,-0.03783981439288679,0.09536236687282512,391.3015425097678,-13,-2,6
16:22:51:852,-93.60471254541767,-53.317674550506005,376.293925595104,-0.2423003272018617,-0.03789287169066118,0.0924997128175979,391.4099322576748,-14,-2,6
16:22:51:971,-93.60471254541767,-53.317674550506005,376.293925595104,-0.2423003272018617,-0.03789287169066118,0.0924997128175979,391.4099322576748,-14,-2,6
16:22:52:094,-93.78793528395957,-53.49415136961444,377.04583653215985,-0.25009346451409115,-0.047628307962443314,0.09250915418576458,392.20066787528503,-14,-2,6
16:22:52:220,-93.60471254541767,-53.317674550506005,376.293925595104,-0.2423003272018617,-0.03789287169066118,0.0924997128175979,391.4099322576748,-14,-2,6
16:22:52:380,-93.78793528395957,-53.49415136961444,377.04583653215985,-0.25009346451409115,-0.047628307962443314,0.09250915418576458,392.20066787528503,-14,-2,6
16:22:52:545,-93.58121365315738,-53.34083826535288,376.2006567557945,-0.242454550291399,-0.037361910656841725,0.09249801260837015,391.3178027117339,-14,-1,6
16:22:52:672,-93.24678362063405,-53.076562587847064,374.57690768738684,-0.253522444778097,-0.030084254128358502,0.09373693056958537,389.6407883222445,-15,-1,6
16:22:52:789,-93.38792495942545,-53.249428809974624,375.30397676279875,-0.26155160164669944,-0.03997409367440771,0.093863000406153,390.39708140659457,-15,-2,6
16:22:52:913,-93.58121365315738,-53.34083826535288,376.2006567557945,-0.242454550291399,-0.037361910656841725,0.09249801260837015,391.3178027117339,-14,-1,6
16:22:53:034,-93.15110594807571,-53.120138503735404,374.6240582261473,-0.25274815904510955,-0.040973792895403705,0.09072505074777362,389.669170779308,-15,-2,5
16:22:53:162,-93.58121365315738,-53.34083826535288,376.2006567557945,-0.242454550291399,-0.037361910656841725,0.09249801260837015,391.3178027117339,-14,-1,6
16:22:53:283,-93.78793528395957,-53.49415136961444,377.04583653215985,-0.25009346451409115,-0.047628307962443314,0.09250915418576458,392.20066787528503,-14,-2,6
16:22:53:404,-93.78793528395957,-53.49415136961444,377.04583653215985,-0.25009346451409115,-0.047628307962443314,0.09250915418576458,392.20066787528503,-14,-2,6
16:22:53:530,err,err,err,err,err,err,err,err,err,err
16:22:53:652,-85.4627576274521,-50.785355764539354,348.0963111242676,-0.7550399022467907,-0.2151733156146131,-0.14986622897926186,362.0139184061054,-43,-14,-3
16:22:53:777,-93.41025093656233,-53.22569636189473,375.3924980063901,-0.26145989553666416,-0.04047222948551782,0.09385998450607115,390.4842855899809,-15,-2,6
16:22:53:897,err,err,err,err,err,err,err,err,err,err
16:22:54:022,-93.6562964644783,-53.3622756714082,376.35656997731655,-0.24138307724289643,-0.04910133881275905,0.08935987786941604,391.4885721159232,-14,-2,5
16:22:54:144,-93.56619727724652,-53.31208958268162,375.99615214186804,-0.24230026218071068,-0.02361805070228045,0.09614507829385631,391.1136901133573,-14,-1,6
16:22:54:309,err,err,err,err,err,err,err,err,err,err
16:22:54:429,-93.38792495942545,-53.249428809974624,375.30397676279875,-0.26155160164669944,-0.03997409367440771,0.093863000406153,390.39708140659457,-15,-2,6
16:22:54:555,-93.18177431495606,-53.09674505879083,374.4617129441552,-0.2541517101348598,-0.029998483511277485,0.09380040035072301,389.51724205918345,-15,-1,6
16:22:54:675,-93.81032424636457,-53.4499690489224,376.990146650446,-0.24940178690453513,-0.03443468253687476,0.09621871502840516,392.1464609021272,-14,-1,6
16:22:54:802,err,err,err,err,err,err,err,err,err,err
16:22:54:920,-93.58121365315738,-53.34083826535288,376.2006567557945,-0.242454550291399,-0.037361910656841725,0.09249801260837015,391.3178027117339,-14,-1,6
16:22:55:043,-85.63059470021895,-50.93977037176549,348.9015090496932,-0.7469816087737335,-0.21794244926304668,-0.15304542209782826,362.8494480792199,-43,-14,-4
16:22:55:172,-93.41025093656233,-53.22569636189473,375.3924980063901,-0.26145989553666416,-0.04047222948551782,0.09385998450607115,390.4842855899809,-15,-2,6
16:22:55:293,-93.38792495942545,-53.249428809974624,375.30397676279875,-0.26155160164669944,-0.03997409367440771,0.093863000406153,390.39708140659457,-15,-2,6
16:22:55:415,-93.58121365315738,-53.34083826535288,376.2006567557945,-0.242454550291399,-0.037361910656841725,0.09249801260837015,391.3178027117339,-14,-1,6
16:22:55:537,-93.60471254541767,-53.317674550506005,376.293925595104,-0.2423003272018617,-0.03789287169066118,0.0924997128175979,391.4099322576748,-14,-2,6
16:22:55:661,-93.18177431495606,-53.09674505879083,374.4617129441552,-0.2541517101348598,-0.029998483511277485,0.09380040035072301,389.51724205918345,-15,-1,6
16:22:55:784,-93.18177431495606,-53.09674505879083,374.4617129441552,-0.2541517101348598,-0.029998483511277485,0.09380040035072301,389.51724205918345,-15,-1,6
16:22:55:948,-93.81424968000313,-53.50971612689779,377.1506362025819,-0.23597880830081755,-0.04900152141065043,0.09536357822259851,392.3098336149827,-14,-2,6
16:22:56:069,-93.38792495942545,-53.249428809974624,375.30397676279875,-0.26155160164669944,-0.03997409367440771,0.093863000406153,390.39708140659457,-15,-2,6
16:22:56:196,-93.44860422999817,-53.154154607878574,375.39949788664774,-0.26098484170254765,-0.04146543654716061,0.09363923583665101,390.4904464876962,-15,-2,6
16:22:56:315,-85.60650137285654,-50.97584054913916,348.94397195982776,-0.753182048131609,-0.22031177404189276,-0.15251224810202194,362.88965948907,-43,-15,-3
16:22:56:444,-93.20467145069301,-53.073406648003875,374.55253220769833,-0.2540383097278387,-0.030507422561376833,0.0937981855724637,389.6068488318126,-15,-1,6
16:22:56:565,-93.81081822180886,-53.47056868641026,377.13662615621763,-0.24996323613679164,-0.048146797992385824,0.09250992793142526,392.290206504812,-14,-2,6
16:22:56:686,-93.81081822180886,-53.47056868641026,377.13662615621763,-0.24996323613679164,-0.048146797992385824,0.09250992793142526,392.290206504812,-14,-2,6
16:22:56:810,-93.60471254541767,-53.317674550506005,376.293925595104,-0.2423003272018617,-0.03789287169066118,0.0924997128175979,391.4099322576748,-14,-2,6
16:22:56:930,-93.60471254541767,-53.317674550506005,376.293925595104,-0.2423003272018617,-0.03789287169066118,0.0924997128175979,391.4099322576748,-14,-2,6
16:22:57:058,-93.60471254541767,-53.317674550506005,376.293925595104,-0.2423003272018617,-0.03789287169066118,0.0924997128175979,391.4099322576748,-14,-2,6
16:22:57:174,-93.60471254541767,-53.317674550506005,376.293925595104,-0.2423003272018617,-0.03789287169066118,0.0924997128175979,391.4099322576748,-14,-2,6
16:22:57:339,-93.60471254541767,-53.317674550506005,376.293925595104,-0.2423003272018617,-0.03789287169066118,0.0924997128175979,391.4099322576748,-14,-2,6
16:22:57:468,-85.5913680308395,-50.936663023268885,348.87808345460724,-0.7470573995849593,-0.21776325419994363,-0.15284357499114792,362.81723089772976,-43,-14,-4
16:22:57:589,-93.38360013351368,-53.1744687621556,375.2846109882884,-0.2615771892364052,-0.04137208539905772,0.09370697660827816,390.36721192572566,-15,-2,6
16:22:57:708,-92.77864420606038,-52.85506339380604,372.99215784914895,-0.26396119777565225,-0.034075676053311944,0.09206892476655076,387.97510791807565,-15,-1,5
16:22:57:858,-93.25944772032807,-53.13981795551713,374.76921401991416,-0.25145398937896174,-0.05198956184890343,0.08751475066269783,389.83731044956477,-15,-2,5
16:22:57:998,-93.60471254541767,-53.317674550506005,376.293925595104,-0.2423003272018617,-0.03789287169066118,0.0924997128175979,391.4099322576748,-14,-2,6
16:22:58:119,-93.20467145069301,-53.073406648003875,374.55253220769833,-0.2540383097278387,-0.030507422561376833,0.0937981855724637,389.6068488318126,-15,-1,6
16:22:58:291,-93.15110594807571,-53.120138503735404,374.6240582261473,-0.25274815904510955,-0.040973792895403705,0.09072505074777362,389.669170779308,-15,-2,5
16:22:58:408,err,err,err,err,err,err,err,err,err,err
16:22:58:531,err,err,err,err,err,err,err,err,err,err
16:22:58:656,-93.60471254541767,-53.317674550506005,376.293925595104,-0.2423003272018617,-0.03789287169066118,0.0924997128175979,391.4099322576748,-14,-2,6
16:22:58:775,-93.58121365315738,-53.34083826535288,376.2006567557945,-0.242454550291399,-0.037361910656841725,0.09249801260837015,391.3178027117339,-14,-1,6
16:22:58:901,-93.20467145069301,-53.073406648003875,374.55253220769833,-0.2540383097278387,-0.030507422561376833,0.0937981855724637,389.6068488318126,-15,-1,6
16:22:59:024,err,err,err,err,err,err,err,err,err,err
16:22:59:145,err,err,err,err,err,err,err,err,err,err
16:22:59:341,err,err,err,err,err,err,err,err,err,err
16:22:59:472,err,err,err,err,err,err,err,err,err,err
16:22:59:594,err,err,err,err,err,err,err,err,err,err
16:22:59:716,err,err,err,err,err,err,err,err,err,err
16:22:59:843,err,err,err,err,err,err,err,err,err,err
16:22:59:967,err,err,err,err,err,err,err,err,err,err
16:23:00:104,err,err,err,err,err,err,err,err,err,err
16:23:00:210,err,err,err,err,err,err,err,err,err,err
16:23:00:472,-92.85731117097792,-53.38504232828051,374.50115411779046,-0.31450013295098533,-0.0917223037725355,0.0769556513370657,389.5170823184179,-18,-4,5
16:23:00:616,-92.21807967995797,-52.90450704545577,372.3029507117804,-0.2791023853697373,-0.0459107172426685,0.08034914304126019,387.1854183647418,-16,-2,5
16:23:00:754,-87.45564714365906,-47.75059045988286,346.80143083797793,0.9272691587200227,-0.19203164502553835,0.07242679728814662,360.8321514746884,53,-11,-1
16:23:00:873,-92.96244546893521,-53.245589299102484,374.7650264811844,-0.2877180085208814,-0.06621472255501708,0.08613506397909487,389.776774732431,-17,-3,5
16:23:00:990,-93.02502556337119,-53.186683915254584,374.8379623551526,-0.2633561064371967,-0.05422536900484982,0.08466808086993438,389.85378893827607,-15,-2,5
16:23:01:116,-93.00463306054326,-53.28110896361587,374.50440292269,-0.2774084095173955,-0.07709769602185679,0.08556171780886736,389.5411225424083,-16,-4,5
16:23:01:241,-92.62086456651288,-52.996308532123436,373.2198906894855,-0.26228034034221376,-0.06096987929237816,0.08509076181654286,388.17563045270094,-15,-3,5
16:23:01:358,-92.97089893537408,-53.282954041307136,374.5144054289556,-0.27727766014789434,-0.06598302287676852,0.08882740296281658,389.54293872951126,-16,-3,6
16:23:01:484,-92.96081113578303,-53.14907225039836,374.32442880110364,-0.26466505680069224,-0.07739730717909186,0.0883305769288384,389.33958735963813,-15,-4,6
16:23:01:604,-92.27002926871833,-52.91175428870537,372.11570519047206,-0.28127433685302206,-0.07270419341524814,0.08343550345930534,387.01874643557096,-16,-3,5
16:23:01:729,-92.66471858035696,-53.132124495036926,373.4445516853744,-0.2830892709071661,-0.07957345659507047,0.089701394480567,388.42065586992555,-16,-4,6
16:23:01:854,-92.81787738483987,-53.14164499506181,373.99277565777624,-0.2556598982142572,-0.04251364367587277,0.0848293836478012,388.9855897577905,-15,-2,5
16:23:01:974,-92.6336579422476,-52.94627279462049,373.127433946564,-0.27426106555226115,-0.046365736855783636,0.08611558848819745,388.08296065422815,-16,-2,5
16:23:02:096,-93.10697705213268,-53.32381193539152,375.0732985400225,-0.2858149975297781,-0.07542298002958124,0.088752171676749,390.1183376525643,-17,-4,6
16:23:02:219,err,err,err,err,err,err,err,err,err,err
16:23:02:346,-93.21548634165572,-53.111629777694894,374.3393369692697,-0.27917439443323533,-0.07417914856234688,0.08557387484603406,389.40969596832946,-16,-4,5
16:23:02:465,-94.41304678218982,-53.848021635398936,379.5733928389435,-0.22884441333595767,-0.060346819788893086,0.10037500222079083,394.828308746991,-13,-3,6
16:23:02:589,err,err,err,err,err,err,err,err,err,err
16:23:02:710,err,err,err,err,err,err,err,err,err,err
16:23:02:830,err,err,err,err,err,err,err,err,err,err
16:23:02:959,-94.04031163125416,-53.64864257802798,377.63748412539394,-0.2425536445531921,-0.055283076114263564,0.09577815549946277,392.8508959881924,-14,-2,6
16:23:03:079,-93.96937409312056,-53.62958582057668,377.49875771862355,-0.24341779967332536,-0.043483609076741675,0.09896015507186796,392.69796004288526,-14,-2,6
16:23:03:201,err,err,err,err,err,err,err,err,err,err
16:23:03:330,-93.3772052831515,-53.33640478843341,375.4050524396278,-0.2585825335427589,-0.03999798135673739,0.09381525101866105,390.50355688450156,-15,-2,6
16:23:03:449,-93.3772052831515,-53.33640478843341,375.4050524396278,-0.2585825335427589,-0.03999798135673739,0.09381525101866105,390.50355688450156,-15,-2,6
16:23:03:572,-93.4644724072014,-53.32843099410845,375.60868522224905,-0.25778432317560585,-0.05184510214033889,0.09064737796532393,390.7190980346833,-15,-2,6
16:23:03:693,-93.42029038807178,-53.26814427360843,375.42843185524276,-0.2445886967781689,-0.05067241643207818,0.09356980186774318,390.527019930545,-14,-2,6
16:23:03:818,-93.34827237765268,-53.248371266762426,375.2844817909442,-0.24550187528058823,-0.03905194785900182,0.09671806243095503,390.3687119526268,-14,-2,6
16:23:03:985,-93.38792495942545,-53.249428809974624,375.30397676279875,-0.26155160164669944,-0.03997409367440771,0.093863000406153,390.39708140659457,-15,-2,6
16:23:04:106,-93.38792495942545,-53.249428809974624,375.30397676279875,-0.26155160164669944,-0.03997409367440771,0.093863000406153,390.39708140659457,-15,-2,6
16:23:04:229,-93.5871463856361,-53.4434622659127,376.67495807978764,-0.25089824498675656,-0.022254472809612097,0.0992838336531731,391.7892056603708,-14,-1,6
16:23:04:395,-93.62028095027739,-53.27349411797814,377.53438359852686,-0.25905064273580464,-0.05439073430950025,0.09286528766439478,392.60034765632435,-15,-2,6
16:23:04:514,-94.17583826118809,-53.38636050964129,379.91625542840137,-0.24237563130968975,-0.0743463519313955,0.09415462373567417,395.038672966839,-14,-4,6
16:23:04:637,-94.16525428036317,-53.43688752796796,380.02296635563425,-0.2566216206704901,-0.07536080576113832,0.09125669118966202,395.1456073653074,-15,-4,6
16:23:04:759,-94.51645968899928,-53.616870617296335,381.57759044867606,-0.24625752899565245,-0.0684013304555376,0.09368303962004812,396.74877126407296,-14,-3,6
16:23:04:926,err,err,err,err,err,err,err,err,err,err
16:23:05:053,-93.9409060154097,-53.65446874976738,377.673031584698,-0.2426822617341991,-0.06737068283553267,0.09256367537874802,392.8620809217811,-14,-3,6
16:23:05:172,err,err,err,err,err,err,err,err,err,err
16:23:05:297,-93.62386343232265,-53.38195707953082,376.2600752198731,-0.2665166515364695,-0.0736656985414509,0.08737343587115866,391.39073232525527,-15,-4,6
16:23:05:419,-93.29862354203361,-53.22313492767202,375.3736556386293,-0.2723932744816008,-0.047476249731592694,0.08850460581413169,390.4391330205971,-16,-2,5
16:23:05:569,-93.34941632698975,-53.230868868239334,375.4317353804503,-0.2720938933049891,-0.05854449796689217,0.08530208792595086,390.5081649080257,-16,-3,5
16:23:05:704,-93.50769707634834,-53.39517970187008,376.0828332449166,-0.25358105657132074,-0.07080032980520583,0.09073240566106686,391.19436612691766,-15,-3,6
16:23:05:827,-93.39497833183191,-53.32909258342785,375.6179180934847,-0.2716859125312901,-0.060464135435093234,0.0851865213089684,390.7114465769578,-16,-3,5
16:23:05:950,-93.43833133670115,-53.33291490370533,375.64696777099783,-0.2712099454387191,-0.0600853409232877,0.08511630976775796,390.75026035904074,-16,-3,5
16:23:06:076,-93.18161664978983,-53.191434069220364,374.63575350587115,-0.2635953995305634,-0.0779120149866275,0.08836162521874046,389.69743410076546,-15,-4,6
16:23:06:262,-93.39497833183191,-53.32909258342785,375.6179180934847,-0.2716859125312901,-0.060464135435093234,0.0851865213089684,390.7114465769578,-16,-3,5
16:23:06:421,-93.34516198231128,-53.32190874369043,375.56384011705876,-0.2719979784680681,-0.04938634947794082,0.08839119372849481,390.6465707273597,-16,-2,5
16:23:06:571,-93.45757511634423,-53.38777608950057,376.02698731564595,-0.25388073678414724,-0.05918268083903901,0.09397150421553606,391.1276878106314,-15,-3,6
16:23:06:694,-93.53714652431896,-53.44704130950049,376.2031286626319,-0.2668888333696047,-0.07124986901044679,0.08783536301404332,391.3241342163861,-15,-3,6
16:23:06:851,-93.49353423983821,-53.44336638424148,376.17391333680575,-0.2670179751681416,-0.05993748494438476,0.09108358071345812,391.285122935006,-15,-3,6
16:23:06:972,-93.0312735617637,-53.20503361464184,374.46565644843264,-0.26259944990549106,-0.052216928068651754,0.09536496424129479,389.4998348161581,-15,-2,6
16:23:07:100,-93.48575690276802,-53.41916876283862,375.9957947065572,-0.25370658809403734,-0.07029358417710149,0.0907294855464533,391.1087214215653,-15,-3,6
16:23:07:223,-93.06802955263991,-53.26088498223953,374.61591339812253,-0.2753907181175953,-0.05298261544194872,0.09252712351490903,389.66070184843124,-16,-2,6
16:23:07:387,-93.27008219974549,-53.258035334983106,375.76777551042716,0.5035580664727936,-0.42830451241329254,0.15924899809795193,390.8160023250639,29,-26,3
16:23:07:512,-94.06258080408112,-53.856006910884595,378.5780518558612,-0.23676837735437722,-0.06015988820293229,0.08907875255772496,393.78875039148676,-14,-3,5
16:23:07:731,-92.93268965307934,-53.12814636386926,373.9104026652213,-0.25390280073753235,-0.052763576885025275,0.09236234306458373,388.931965725992,-15,-2,6
16:23:07:889,-93.10573815134467,-53.190012507815375,374.61853102321834,-0.2621459426273289,-0.06401646264931209,0.09215923596885833,389.6625459205469,-15,-3,6
16:23:08:020,-93.37288086249283,-53.3903453141158,375.5308519284924,-0.2584350396558007,-0.06013979901682071,0.08806079945441253,390.63082904893855,-15,-3,5
16:23:08:176,-93.1146982097155,-53.266347789504685,374.6577311170956,-0.27519758811459016,-0.064010307381175,0.08931162291907685,389.71279978380073,-16,-3,6
16:23:08:294,-93.8624954278375,-53.65070645976719,377.64846415283483,-0.2570196890703871,-0.06412218447569881,0.09018883649515581,392.81920628778823,-15,-3,6
16:23:08:417,-93.28232992734515,-53.25469038886486,375.3399990167781,-0.25703245153565185,-0.07530970810741712,0.09483628635200897,390.4071848557643,-15,-4,6
16:23:08:533,-93.05312563874966,-53.18115183525539,374.5524125668313,-0.2625054743233321,-0.0527118381947709,0.09536379670896293,389.58520102963263,-15,-2,6
16:23:08:655,-93.45757511634423,-53.38777608950057,376.02698731564595,-0.25388073678414724,-0.05918268083903901,0.09397150421553606,391.1276878106314,-15,-3,6
16:23:08:779,-93.4353240920613,-53.41157984507872,375.93866259725996,-0.25400164602045233,-0.058672384474334,0.09397000387976788,391.04070719702855,-15,-3,6
16:23:08:908,-93.47201428747269,-53.46758926430993,376.08853783354476,-0.26709627779449324,-0.0594518757803928,0.09108597168580738,391.20121273644855,-15,-3,6
16:23:09:027,-87.48977938904758,-47.65565822444687,346.6748556253203,0.9481200728171376,-0.1955435686490873,0.07281387229193977,360.7062222656911,55,-11,-1
16:23:09:142,err,err,err,err,err,err,err,err,err,err
16:23:09:266,err,err,err,err,err,err,err,err,err,err
16:23:09:391,err,err,err,err,err,err,err,err,err,err
16:23:09:515,err,err,err,err,err,err,err,err,err,err
16:23:09:640,err,err,err,err,err,err,err,err,err,err
16:23:09:760,err,err,err,err,err,err,err,err,err,err
16:23:09:884,err,err,err,err,err,err,err,err,err,err
16:23:10:008,-92.23905298175528,-53.14501341355186,373.24038271396955,-0.2880459481926013,-0.018498155890511583,0.08041836372068367,388.1247462275088,-17,0,5
16:23:10:133,err,err,err,err,err,err,err,err,err,err
16:23:10:296,-93.07558194324726,-53.21819177914737,374.056206405743,-0.2677420764174446,-0.06636320958889176,0.08567390511733267,389.1186007388648,-16,-3,5
16:23:10:505,-93.66753918398116,-53.51674028084098,376.43922930020784,-0.25238712383873946,-0.07549682671225812,0.0901814720150169,391.5918062768986,-15,-4,6
16:23:10:624,-93.57388754393072,-53.27454018439307,376.40129370540205,0.4982657209035991,-0.4193904331596535,0.1622101003889215,391.4999143870188,28,-25,3
16:23:10:787,-93.12082831797758,-53.21418799295636,374.53777882909606,-0.26370802263227366,-0.0660074409781034,0.09161970648709779,389.59182003811225,-15,-3,6
16:23:10:912,-92.81705729089882,-52.98206415886774,372.893260616216,-0.2740327109066823,-0.0686003931328959,0.08977149301051947,387.90654681207633,-16,-3,6
16:23:11:032,-93.97920164365111,-53.60297198236932,377.82413084812015,-0.2423866831612484,-0.06768413967005969,0.09260836870598,393.0094690946493,-14,-3,6
16:23:11:158,-93.11379186480043,-53.17321864420578,374.51066051682574,-0.27785123526574057,-0.05189715191712596,0.09254861772466719,389.55847347628696,-16,-2,6
16:23:11:280,-93.56102064656606,-53.404153432254155,376.15681469841866,-0.2677192737972184,-0.048919341388685825,0.09428457361234845,391.2794620629907,-15,-2,6
16:23:11:401,-93.55199843451308,-53.41901919636408,376.2612646582911,-0.26683363344687105,-0.07106158568237479,0.0878618981048192,391.37974820530667,-15,-3,6
16:23:11:525,-93.11488212135174,-53.14672110735322,374.071578044758,-0.2816068951510055,-0.0561752457762245,0.08611266806151989,389.13301162691334,-16,-2,5
16:23:11:647,-92.66340792482532,-52.9131665002409,372.4084520572878,-0.2915047271291645,-0.05875569680503635,0.08444919566062659,387.3943281993555,-17,-3,5
16:23:11:774,-92.76189721841256,-53.026970791825754,372.96253509977527,-0.2870377270407011,-0.05834262191753108,0.0902843347087217,387.96608330492955,-17,-3,6
16:23:11:938,-92.79923179451977,-53.02721502302139,372.9672900155193,-0.28709795843501557,-0.06913694357406103,0.08705809096213799,387.9796159288156,-17,-3,5
16:23:12:065,-92.64507711078042,-52.97612438100845,372.3368668281511,-0.2789345324076854,-0.05870497926015263,0.08721470326508872,387.32973351745,-16,-3,5
16:23:12:190,-92.64507711078042,-52.97612438100845,372.3368668281511,-0.2789345324076854,-0.05870497926015263,0.08721470326508872,387.32973351745,-16,-3,5
16:23:12:315,-93.04929171189423,-53.26112961150416,374.09624801151017,-0.25456912176746266,-0.06830251019393951,0.08850807874257592,389.15667974720407,-15,-3,6
16:23:12:525,-93.18992294291284,-53.33972047861848,374.67374532656845,-0.27675232744816053,-0.07603352825150557,0.08567242301962143,389.75620964377396,-16,-4,5
16:23:12:647,-93.18992294291284,-53.33972047861848,374.67374532656845,-0.27675232744816053,-0.07603352825150557,0.08567242301962143,389.75620964377396,-16,-4,5
16:23:12:758,-93.03252618470451,-53.21444459473736,374.0277572275161,-0.2682167028840423,-0.06676326018059887,0.08574155682701617,389.08044312003113,-16,-3,5
16:23:12:925,-93.35101416025275,-53.414305547067265,375.4441143731187,-0.25854127564755985,-0.05964579125425934,0.088061028876991,390.5454940198883,-15,-3,5
16:23:13:042,-92.9865128097747,-53.209286751924125,373.9881036723023,-0.2684303558465686,-0.05558705621145408,0.0889563980647892,389.03061762485436,-16,-2,5
16:23:13:211,-93.18992294291284,-53.33972047861848,374.67374532656845,-0.27675232744816053,-0.07603352825150557,0.08567242301962143,389.75620964377396,-16,-4,5
16:23:13:329,-92.64507711078042,-52.97612438100845,372.3368668281511,-0.2789345324076854,-0.05870497926015263,0.08721470326508872,387.32973351745,-16,-3,5
16:23:13:455,-93.03252618470451,-53.21444459473736,374.0277572275161,-0.2682167028840423,-0.06676326018059887,0.08574155682701617,389.08044312003113,-16,-3,5
16:23:13:580,-93.03252618470451,-53.21444459473736,374.0277572275161,-0.2682167028840423,-0.06676326018059887,0.08574155682701617,389.08044312003113,-16,-3,5
16:23:13:702,-93.18992294291284,-53.33972047861848,374.67374532656845,-0.27675232744816053,-0.07603352825150557,0.08567242301962143,389.75620964377396,-16,-4,5
16:23:13:886,-93.03252618470451,-53.21444459473736,374.0277572275161,-0.2682167028840423,-0.06676326018059887,0.08574155682701617,389.08044312003113,-16,-3,5
16:23:14:034,-93.03252618470451,-53.21444459473736,374.0277572275161,-0.2682167028840423,-0.06676326018059887,0.08574155682701617,389.08044312003113,-16,-3,5
16:23:14:150,-93.18992294291284,-53.33972047861848,374.67374532656845,-0.27675232744816053,-0.07603352825150557,0.08567242301962143,389.75620964377396,-16,-4,5
16:23:14:274,-92.80867279709904,-53.050950728705914,373.11678993754066,-0.27461737852633633,-0.04154413037909041,0.0867829945026265,388.12883434869076,-16,-2,5
16:23:14:393,-93.18425918152208,-53.264117767689854,374.6489788978566,-0.27670982355310375,-0.07749510497164216,0.08552261237642243,389.7207074174864,-16,-4,5
16:23:14:518,-93.03252618470451,-53.21444459473736,374.0277572275161,-0.2682167028840423,-0.06676326018059887,0.08574155682701617,389.08044312003113,-16,-3,5
16:23:14:641,-93.18425918152208,-53.264117767689854,374.6489788978566,-0.27670982355310375,-0.07749510497164216,0.08552261237642243,389.7207074174864,-16,-4,5
16:23:14:765,-93.03252618470451,-53.21444459473736,374.0277572275161,-0.2682167028840423,-0.06676326018059887,0.08574155682701617,389.08044312003113,-16,-3,5
16:23:14:890,-93.20116591162497,-53.29200106986879,374.8282284838483,-0.2636416361752772,-0.049067795936696336,0.0853666683157085,389.90087916502205,-15,-2,5
16:23:15:013,-92.9581075000853,-53.1728143031717,373.7303580584173,-0.26965814103229635,-0.0517541798126425,0.08947824551236645,388.77106176436257,-16,-2,5
16:23:15:133,-92.64507711078042,-52.97612438100845,372.3368668281511,-0.2789345324076854,-0.05870497926015263,0.08721470326508872,387.32973351745,-16,-3,5
16:23:15:258,-93.20116591162497,-53.29200106986879,374.8282284838483,-0.2636416361752772,-0.049067795936696336,0.0853666683157085,389.90087916502205,-15,-2,5
16:23:15:380,-93.03252618470451,-53.21444459473736,374.0277572275161,-0.2682167028840423,-0.06676326018059887,0.08574155682701617,389.08044312003113,-16,-3,5
16:23:15:507,-93.03252618470451,-53.21444459473736,374.0277572275161,-0.2682167028840423,-0.06676326018059887,0.08574155682701617,389.08044312003113,-16,-3,5
16:23:15:624,-92.79923179451977,-53.02721502302139,372.9672900155193,-0.28709795843501557,-0.06913694357406103,0.08705809096213799,387.9796159288156,-17,-3,5
16:23:15:749,-92.64507711078042,-52.97612438100845,372.3368668281511,-0.2789345324076854,-0.05870497926015263,0.08721470326508872,387.32973351745,-16,-3,5
16:23:15:870,-92.64507711078042,-52.97612438100845,372.3368668281511,-0.2789345324076854,-0.05870497926015263,0.08721470326508872,387.32973351745,-16,-3,5
16:23:15:995,-93.35101416025275,-53.414305547067265,375.4441143731187,-0.25854127564755985,-0.05964579125425934,0.088061028876991,390.5454940198883,-15,-3,5
16:23:16:160,-93.20116591162497,-53.29200106986879,374.8282284838483,-0.2636416361752772,-0.049067795936696336,0.0853666683157085,389.90087916502205,-15,-2,5
16:23:16:279,-93.03252618470451,-53.21444459473736,374.0277572275161,-0.2682167028840423,-0.06676326018059887,0.08574155682701617,389.08044312003113,-16,-3,5
16:23:16:408,-93.03252618470451,-53.21444459473736,374.0277572275161,-0.2682167028840423,-0.06676326018059887,0.08574155682701617,389.08044312003113,-16,-3,5
16:23:16:528,-92.79923179451977,-53.02721502302139,372.9672900155193,-0.28709795843501557,-0.06913694357406103,0.08705809096213799,387.9796159288156,-17,-3,5
16:23:16:649,-93.03252618470451,-53.21444459473736,374.0277572275161,-0.2682167028840423,-0.06676326018059887,0.08574155682701617,389.08044312003113,-16,-3,5
16:23:16:775,-92.59646079412899,-52.96944043051277,372.2864627289564,-0.2791783895815611,-0.04786109086294421,0.0903953045120494,387.2687393817876,-16,-2,5
16:23:16:894,-93.18425918152208,-53.264117767689854,374.6489788978566,-0.27670982355310375,-0.07749510497164216,0.08552261237642243,389.7207074174864,-16,-4,5
16:23:17:018,-92.64507711078042,-52.97612438100845,372.3368668281511,-0.2789345324076854,-0.05870497926015263,0.08721470326508872,387.32973351745,-16,-3,5
16:23:17:140,-92.64507711078042,-52.97612438100845,372.3368668281511,-0.2789345324076854,-0.05870497926015263,0.08721470326508872,387.32973351745,-16,-3,5
16:23:17:267,-93.03252618470451,-53.21444459473736,374.0277572275161,-0.2682167028840423,-0.06676326018059887,0.08574155682701617,389.08044312003113,-16,-3,5
16:23:17:388,-92.79923179451977,-53.02721502302139,372.9672900155193,-0.28709795843501557,-0.06913694357406103,0.08705809096213799,387.9796159288156,-17,-3,5
16:23:17:511,-92.79923179451977,-53.02721502302139,372.9672900155193,-0.28709795843501557,-0.06913694357406103,0.08705809096213799,387.9796159288156,-17,-3,5
16:23:17:720,-93.18425918152208,-53.264117767689854,374.6489788978566,-0.27670982355310375,-0.07749510497164216,0.08552261237642243,389.7207074174864,-16,-4,5
16:23:17:838,-92.79923179451977,-53.02721502302139,372.9672900155193,-0.28709795843501557,-0.06913694357406103,0.08705809096213799,387.9796159288156,-17,-3,5
16:23:17:961,-92.76189721841256,-53.026970791825754,372.96253509977527,-0.2870377270407011,-0.05834262191753108,0.0902843347087217,387.96608330492955,-17,-3,6
16:23:18:084,-92.9865128097747,-53.209286751924125,373.9881036723023,-0.2684303558465686,-0.05558705621145408,0.0889563980647892,389.03061762485436,-16,-2,5
16:23:18:208,-93.18425918152208,-53.264117767689854,374.6489788978566,-0.27670982355310375,-0.07749510497164216,0.08552261237642243,389.7207074174864,-16,-4,5
16:23:18:333,-92.68817414438944,-52.97999110889079,372.36614882752116,-0.2784713077105004,-0.05834588463355846,0.08714220356705431,387.3687208290809,-16,-3,5
16:23:18:451,-92.98234812341147,-53.1130467783809,373.8261090966926,-0.28243055796716326,-0.052141415403086096,0.08666651535305378,388.8607368236064,-16,-2,5
16:23:18:575,-92.59646079412899,-52.96944043051277,372.2864627289564,-0.2791783895815611,-0.04786109086294421,0.0903953045120494,387.2687393817876,-16,-2,5
16:23:18:700,-92.76189721841256,-53.026970791825754,372.96253509977527,-0.2870377270407011,-0.05834262191753108,0.0902843347087217,387.96608330492955,-17,-3,6
16:23:18:824,-92.59646079412899,-52.96944043051277,372.2864627289564,-0.2791783895815611,-0.04786109086294421,0.0903953045120494,387.2687393817876,-16,-2,5
16:23:18:949,-93.18425918152208,-53.264117767689854,374.6489788978566,-0.27670982355310375,-0.07749510497164216,0.08552261237642243,389.7207074174864,-16,-4,5
16:23:19:069,-92.98234812341147,-53.1130467783809,373.8261090966926,-0.28243055796716326,-0.052141415403086096,0.08666651535305378,388.8607368236064,-16,-2,5
16:23:19:190,-93.58121479214785,-53.46668218337438,376.0923608626125,-0.268659465903025,-0.08463317023504721,0.08399428009987797,391.2308701583831,-16,-4,5
16:23:19:315,-92.79923179451977,-53.02721502302139,372.9672900155193,-0.28709795843501557,-0.06913694357406103,0.08705809096213799,387.9796159288156,-17,-3,5
16:23:19:436,-93.22778278198746,-53.26809900990801,374.67910453927374,-0.2762570583436378,-0.07711846564301679,0.08544991884703536,389.76062042351947,-16,-4,5
16:23:19:564,-93.18425918152208,-53.264117767689854,374.6489788978566,-0.27670982355310375,-0.07749510497164216,0.08552261237642243,389.7207074174864,-16,-4,5
16:23:19:683,-92.64507711078042,-52.97612438100845,372.3368668281511,-0.2789345324076854,-0.05870497926015263,0.08721470326508872,387.32973351745,-16,-3,5
16:23:19:814,-93.18425918152208,-53.264117767689854,374.6489788978566,-0.27670982355310375,-0.07749510497164216,0.08552261237642243,389.7207074174864,-16,-4,5
16:23:19:932,-92.76189721841256,-53.026970791825754,372.96253509977527,-0.2870377270407011,-0.05834262191753108,0.0902843347087217,387.96608330492955,-17,-3,6
16:23:20:053,-93.18425918152208,-53.264117767689854,374.6489788978566,-0.27670982355310375,-0.07749510497164216,0.08552261237642243,389.7207074174864,-16,-4,5
16:23:20:270,-92.98234812341147,-53.1130467783809,373.8261090966926,-0.28243055796716326,-0.052141415403086096,0.08666651535305378,388.8607368236064,-16,-2,5
16:23:20:393,-92.92995095726486,-53.104339417484326,373.76131766076827,-0.28276009592754875,-0.04138614131380264,0.08983978140121597,388.7847337915942,-16,-2,5
16:23:20:515,-93.15042942503997,-53.265911091730565,374.65862645380565,-0.27658798924774525,-0.0663814836559556,0.08878640480518613,389.72213968769313,-16,-3,6
16:23:20:644,-93.35101416025275,-53.414305547067265,375.4441143731187,-0.25854127564755985,-0.05964579125425934,0.088061028876991,390.5454940198883,-15,-3,5
16:23:20:797,-93.18425918152208,-53.264117767689854,374.6489788978566,-0.27670982355310375,-0.07749510497164216,0.08552261237642243,389.7207074174864,-16,-4,5
16:23:20:924,-92.64507711078042,-52.97612438100845,372.3368668281511,-0.2789345324076854,-0.05870497926015263,0.08721470326508872,387.32973351745,-16,-3,5
16:23:21:054,-92.79923179451977,-53.02721502302139,372.9672900155193,-0.28709795843501557,-0.06913694357406103,0.08705809096213799,387.9796159288156,-17,-3,5
16:23:21:170,-93.02571497735902,-53.1169811565371,373.85591919457187,-0.28196676604171284,-0.05180161424396189,0.08659156282072407,388.9003029711484,-16,-2,5
16:23:21:294,-92.79923179451977,-53.02721502302139,372.9672900155193,-0.28709795843501557,-0.06913694357406103,0.08705809096213799,387.9796159288156,-17,-3,5
16:23:21:503,-93.77710462043672,-53.559432956469614,377.00246961824035,-0.26338952353506356,-0.06664848909689958,0.08372230351959974,392.1652971743715,-15,-3,5
16:23:21:619,-92.98234812341147,-53.1130467783809,373.8261090966926,-0.28243055796716326,-0.052141415403086096,0.08666651535305378,388.8607368236064,-16,-2,5
16:23:21:734,-93.44947470801966,-53.465707296831525,375.5527054955837,-0.2458468460269978,-0.07525151231082645,0.08708322538871363,390.6804586679604,-14,-4,5
16:23:21:901,-92.64507711078042,-52.97612438100845,372.3368668281511,-0.2789345324076854,-0.05870497926015263,0.08721470326508872,387.32973351745,-16,-3,5
16:23:22:019,-92.80867279709904,-53.050950728705914,373.11678993754066,-0.27461737852633633,-0.04154413037909041,0.0867829945026265,388.12883434869076,-16,-2,5
16:23:22:147,-92.64507711078042,-52.97612438100845,372.3368668281511,-0.2789345324076854,-0.05870497926015263,0.08721470326508872,387.32973351745,-16,-3,5
16:23:22:270,-93.21517300558195,-53.27794280631429,374.4883337972428,-0.2659083577457617,-0.07783210792218744,0.08824691426532007,389.5755636822831,-15,-4,6
16:23:22:431,-93.18425918152208,-53.264117767689854,374.6489788978566,-0.27670982355310375,-0.07749510497164216,0.08552261237642243,389.7207074174864,-16,-4,5
16:23:22:555,-92.65927570302809,-53.021264912570935,372.394849654096,-0.265794704272911,-0.06008989934778627,0.08992158733692618,387.39504379332936,-15,-3,6
16:23:22:681,-92.79923179451977,-53.02721502302139,372.9672900155193,-0.28709795843501557,-0.06913694357406103,0.08705809096213799,387.9796159288156,-17,-3,5
16:23:22:831,-92.79923179451977,-53.02721502302139,372.9672900155193,-0.28709795843501557,-0.06913694357406103,0.08705809096213799,387.9796159288156,-17,-3,5
16:23:22:970,-92.79923179451977,-53.02721502302139,372.9672900155193,-0.28709795843501557,-0.06913694357406103,0.08705809096213799,387.9796159288156,-17,-3,5
16:23:23:130,-93.58121479214785,-53.46668218337438,376.0923608626125,-0.268659465903025,-0.08463317023504721,0.08399428009987797,391.2308701583831,-16,-4,5
16:23:23:285,-92.79923179451977,-53.02721502302139,372.9672900155193,-0.28709795843501557,-0.06913694357406103,0.08705809096213799,387.9796159288156,-17,-3,5
16:23:23:419,-92.64507711078042,-52.97612438100845,372.3368668281511,-0.2789345324076854,-0.05870497926015263,0.08721470326508872,387.32973351745,-16,-3,5
16:23:23:540,-92.64507711078042,-52.97612438100845,372.3368668281511,-0.2789345324076854,-0.05870497926015263,0.08721470326508872,387.32973351745,-16,-3,5
16:23:23:659,-93.18425918152208,-53.264117767689854,374.6489788978566,-0.27670982355310375,-0.07749510497164216,0.08552261237642243,389.7207074174864,-16,-4,5
16:23:23:786,-92.77639825696903,-53.072430061724205,373.021857057137,-0.27413926252008863,-0.05981367118159942,0.09295345267001393,388.03279339322273,-16,-3,6
16:23:23:938,-92.79923179451977,-53.02721502302139,372.9672900155193,-0.28709795843501557,-0.06913694357406103,0.08705809096213799,387.9796159288156,-17,-3,5
16:23:24:082,-93.16818223201193,-53.234908142162155,374.4414400415657,-0.2772925659753264,-0.06217342970682128,0.08924595659615382,389.5133600349586,-16,-3,6
16:23:24:214,-93.18425918152208,-53.264117767689854,374.6489788978566,-0.27670982355310375,-0.07749510497164216,0.08552261237642243,389.7207074174864,-16,-4,5
16:23:24:365,-92.84276634896526,-53.031297358232926,372.9981188937469,-0.28665438919093533,-0.06879850708037905,0.08698104845391665,388.0202242939144,-17,-3,5
16:23:24:529,-92.81830091012621,-53.075301171886245,373.0453033288862,-0.27405842136718933,-0.07088891593954808,0.08973062302682709,388.06574560771253,-16,-3,6
16:23:24:649,-92.84276634896526,-53.031297358232926,372.9981188937469,-0.28665438919093533,-0.06879850708037905,0.08698104845391665,388.0202242939144,-17,-3,5
16:23:24:780,-93.02571497735902,-53.1169811565371,373.85591919457187,-0.28196676604171284,-0.05180161424396189,0.08659156282072407,388.9003029711484,-16,-2,5
16:23:24:895,-92.84276634896526,-53.031297358232926,372.9981188937469,-0.28665438919093533,-0.06879850708037905,0.08698104845391665,388.0202242939144,-17,-3,5
16:23:25:018,-92.80867279709904,-53.050950728705914,373.11678993754066,-0.27461737852633633,-0.04154413037909041,0.0867829945026265,388.12883434869076,-16,-2,5
16:23:25:143,-92.76189721841256,-53.026970791825754,372.96253509977527,-0.2870377270407011,-0.05834262191753108,0.0902843347087217,387.96608330492955,-17,-3,6
16:23:25:269,-92.92995095726486,-53.104339417484326,373.76131766076827,-0.28276009592754875,-0.04138614131380264,0.08983978140121597,388.7847337915942,-16,-2,5
16:23:25:391,-92.84276634896526,-53.031297358232926,372.9981188937469,-0.28665438919093533,-0.06879850708037905,0.08698104845391665,388.0202242939144,-17,-3,5
16:23:25:533,-92.99462354314795,-53.1572677348041,373.87620325675306,-0.26940711488370167,-0.05338082525888774,0.08937382222325678,388.9178711278853,-16,-2,5
16:23:25:675,-92.79923179451977,-53.02721502302139,372.9672900155193,-0.28709795843501557,-0.06913694357406103,0.08705809096213799,387.9796159288156,-17,-3,5
16:23:25:796,-92.81830091012621,-53.075301171886245,373.0453033288862,-0.27405842136718933,-0.07088891593954808,0.08973062302682709,388.06574560771253,-16,-3,6
16:23:25:930,-92.86149547319133,-53.07918359184515,373.0746981802514,-0.2735963649108182,-0.07050449334123286,0.08966041309155746,388.10486662058236,-16,-3,6
16:23:26:053,-93.18425918152208,-53.264117767689854,374.6489788978566,-0.27670982355310375,-0.07749510497164216,0.08552261237642243,389.7207074174864,-16,-4,5
16:23:26:205,-93.18425918152208,-53.264117767689854,374.6489788978566,-0.27670982355310375,-0.07749510497164216,0.08552261237642243,389.7207074174864,-16,-4,5
16:23:26:331,-93.20600389236115,-53.31382053479564,374.7379852258861,-0.2631835431039115,-0.07943517388768878,0.08825001193235431,389.81826559661835,-15,-4,6
16:23:26:450,-93.18425918152208,-53.264117767689854,374.6489788978566,-0.27670982355310375,-0.07749510497164216,0.08552261237642243,389.7207074174864,-16,-4,5
16:23:26:575,-93.18425918152208,-53.264117767689854,374.6489788978566,-0.27670982355310375,-0.07749510497164216,0.08552261237642243,389.7207074174864,-16,-4,5
16:23:26:701,-92.64507711078042,-52.97612438100845,372.3368668281511,-0.2789345324076854,-0.05870497926015263,0.08721470326508872,387.32973351745,-16,-3,5
16:23:26:820,-92.79923179451977,-53.02721502302139,372.9672900155193,-0.28709795843501557,-0.06913694357406103,0.08705809096213799,387.9796159288156,-17,-3,5
16:23:26:943,-92.84276634896526,-53.031297358232926,372.9981188937469,-0.28665438919093533,-0.06879850708037905,0.08698104845391665,388.0202242939144,-17,-3,5
16:23:27:065,-92.79923179451977,-53.02721502302139,372.9672900155193,-0.28709795843501557,-0.06913694357406103,0.08705809096213799,387.9796159288156,-17,-3,5
16:23:27:192,-92.79923179451977,-53.02721502302139,372.9672900155193,-0.28709795843501557,-0.06913694357406103,0.08705809096213799,387.9796159288156,-17,-3,5
16:23:27:311,-92.79923179451977,-53.02721502302139,372.9672900155193,-0.28709795843501557,-0.06913694357406103,0.08705809096213799,387.9796159288156,-17,-3,5
16:23:27:433,-93.19483420486715,-53.229048002671604,374.40507470980543,-0.2792702245638501,-0.07595703604563907,0.08553586153132729,389.4839773882854,-16,-4,5
16:23:27:600,-92.79923179451977,-53.02721502302139,372.9672900155193,-0.28709795843501557,-0.06913694357406103,0.08705809096213799,387.9796159288156,-17,-3,5
16:23:27:720,-93.18425918152208,-53.264117767689854,374.6489788978566,-0.27670982355310375,-0.07749510497164216,0.08552261237642243,389.7207074174864,-16,-4,5
16:23:27:846,-92.79923179451977,-53.02721502302139,372.9672900155193,-0.28709795843501557,-0.06913694357406103,0.08705809096213799,387.9796159288156,-17,-3,5
16:23:27:983,-92.84276634896526,-53.031297358232926,372.9981188937469,-0.28665438919093533,-0.06879850708037905,0.08698104845391665,388.0202242939144,-17,-3,5
16:23:28:131,-92.84276634896526,-53.031297358232926,372.9981188937469,-0.28665438919093533,-0.06879850708037905,0.08698104845391665,388.0202242939144,-17,-3,5
16:23:28:254,-92.76189721841256,-53.026970791825754,372.96253509977527,-0.2870377270407011,-0.05834262191753108,0.0902843347087217,387.96608330492955,-17,-3,6
16:23:28:379,-92.76189721841256,-53.026970791825754,372.96253509977527,-0.2870377270407011,-0.05834262191753108,0.0902843347087217,387.96608330492955,-17,-3,6
16:23:28:501,-92.78223822546026,-53.00237467313641,373.04311292225043,-0.2870133501207967,-0.058795521677257545,0.09027741709895679,388.04504835114244,-17,-3,6
16:23:28:632,-93.18425918152208,-53.264117767689854,374.6489788978566,-0.27670982355310375,-0.07749510497164216,0.08552261237642243,389.7207074174864,-16,-4,5
16:23:28:752,-93.304219849308,-53.31755019906468,375.2873964857548,-0.2726737617466552,-0.08923589752444551,0.08818264036027947,390.37042480440795,-16,-4,6
16:23:28:872,-92.79923179451977,-53.02721502302139,372.9672900155193,-0.28709795843501557,-0.06913694357406103,0.08705809096213799,387.9796159288156,-17,-3,5
16:23:29:002,-93.50769707634834,-53.39517970187008,376.0828332449166,-0.25358105657132074,-0.07080032980520583,0.09073240566106686,391.19436612691766,-15,-3,6
16:23:29:122,err,err,err,err,err,err,err,err,err,err
16:23:29:246,err,err,err,err,err,err,err,err,err,err
16:23:29:366,err,err,err,err,err,err,err,err,err,err
16:23:29:483,-93.52831530948731,-53.406796383754866,376.16623950849333,-0.2533060878408525,-0.07252939236410921,0.09059187317767808,391.281064467178,-15,-3,6
16:23:29:610,-92.14945386327909,-52.919724209504174,372.2038630587732,-0.32784800580236745,-0.05667587804315039,0.07648752594452932,387.07587723027194,-19,-2,5
16:23:29:730,-92.32054414937946,-53.020701248609306,373.16786010631705,-0.32339124804771974,-0.032883575232881684,0.0789601169530573,388.05737906817285,-19,-1,5
16:23:29:858,err,err,err,err,err,err,err,err,err,err
16:23:30:037,err,err,err,err,err,err,err,err,err,err
16:23:30:151,-92.60015376541817,-53.169198876692526,373.982968000499,-0.33077959888348485,-0.050220514473527836,0.06533676197457769,388.9280300274469,-19,-2,4
16:23:30:272,err,err,err,err,err,err,err,err,err,err
16:23:30:396,err,err,err,err,err,err,err,err,err,err
16:23:30:536,-93.0006077066451,-53.16512870708643,374.1862490343589,-0.26800853604188696,-0.07269451274638565,0.0850475524415499,389.21843855430285,-16,-3,5
16:23:30:680,-93.72633565649346,-53.515645319159894,376.9445292763122,-0.2621630521075365,-0.045518049383363096,0.09008008878467173,392.0914796840916,-15,-2,5
16:23:31:121,-94.08865055597464,-53.6388858555714,377.8301242801722,-0.24342944736426725,-0.08212936700288122,0.08865564706228463,393.046316676345,-14,-4,6
16:23:31:269,-93.62030125136897,-53.45378200996549,376.24829149813854,-0.25281507700255035,-0.07488739025843394,0.09015164068440322,391.38835505522417,-15,-4,6
16:23:31:461,-93.928306173564,-53.60992989388118,377.6214766984385,-0.2567437364778708,-0.06601871227201488,0.08972865795934913,392.80342532591413,-15,-3,6
16:23:31:595,err,err,err,err,err,err,err,err,err,err
16:23:31:703,-93.86112406210339,-53.51807300430693,377.461575997294,-0.23313306432037187,-0.028985874146067396,0.094840863475462,392.62111010827834,-13,-1,6
16:23:31:823,-92.91904440672526,-52.99222145936876,373.71471487975674,-0.2577258801836716,-0.03532788952780787,0.0979731036077188,388.72202467356493,-15,-1,6
16:23:31:949,-93.6562964644783,-53.3622756714082,376.35656997731655,-0.24138307724289643,-0.04910133881275905,0.08935987786941604,391.4885721159232,-14,-2,5
16:23:32:063,err,err,err,err,err,err,err,err,err,err
16:23:32:189,err,err,err,err,err,err,err,err,err,err
16:23:32:315,err,err,err,err,err,err,err,err,err,err
16:23:32:437,err,err,err,err,err,err,err,err,err,err
16:23:32:556,err,err,err,err,err,err,err,err,err,err
16:23:32:683,-92.86384733909604,-53.037824873533715,373.7767687839924,-0.25466999021053033,-0.04288869588001373,0.09535010580851938,388.77471354569434,-15,-2,6
16:23:32:802,-92.85946270314822,-52.98356218590996,373.901184337021,-0.2549659404780698,-0.043693894399016116,0.0954427478779432,388.8858872780709,-15,-2,6
16:23:32:926,-93.85645119742344,-53.632374939698344,377.7672943874285,-0.2421146414532456,-0.06750444674052347,0.09260686904092702,392.9295023052415,-14,-3,6
16:23:33:054,err,err,err,err,err,err,err,err,err,err
16:23:33:169,err,err,err,err,err,err,err,err,err,err
16:23:33:308,err,err,err,err,err,err,err,err,err,err
16:23:33:432,err,err,err,err,err,err,err,err,err,err
16:23:33:541,err,err,err,err,err,err,err,err,err,err
16:23:33:673,err,err,err,err,err,err,err,err,err,err
16:23:33:787,err,err,err,err,err,err,err,err,err,err
16:23:33:915,-93.07254655458475,-53.18961888139726,374.5996319598861,-0.2506398629431841,-0.030673825435835946,0.09422945517796187,389.63639299144756,-14,-1,6
16:23:34:031,err,err,err,err,err,err,err,err,err,err
16:23:34:154,err,err,err,err,err,err,err,err,err,err
16:23:34:277,err,err,err,err,err,err,err,err,err,err
16:23:34:400,err,err,err,err,err,err,err,err,err,err
16:23:34:526,err,err,err,err,err,err,err,err,err,err
16:23:34:649,err,err,err,err,err,err,err,err,err,err
16:23:34:771,err,err,err,err,err,err,err,err,err,err
16:23:34:894,-92.886164612978,-53.52637706277066,375.756168776568,-0.3293403201368424,-0.06559442629812831,0.07418246885618382,390.75006204941263,-19,-3,5
16:23:35:021,err,err,err,err,err,err,err,err,err,err
16:23:35:144,-92.68118859929073,-53.13696999768357,373.4768694655431,-0.2867863324718995,-0.0889430811574688,0.07595919715039014,388.45631971496397,-17,-4,5
16:23:35:263,-93.3657087997053,-53.382698988524524,376.2345977836163,-0.23900208349701316,-0.07645998360033622,0.09300965695693561,391.30466480783275,-14,-4,6
16:23:35:391,-92.77150959718583,-53.13488355278173,373.6978641743877,-0.25614152382268923,-0.05774681895037419,0.09151462945414504,388.6900597283233,-15,-3,6
16:23:35:551,-92.97089893537408,-53.282954041307136,374.5144054289556,-0.27727766014789434,-0.06598302287676852,0.08882740296281658,389.54293872951126,-16,-3,6
16:23:35:680,-92.59401397508276,-52.90860689614267,373.11228616817186,-0.27480232955350864,-0.03589350942543408,0.08924862991941163,388.0537980710254,-16,-1,5
16:23:35:802,-92.61740420700232,-53.08135138294452,373.06695713325126,-0.2741898861282254,-0.04579042191849126,0.08614914092006472,388.03938966469116,-16,-2,5
16:23:35:920,-93.01811178897985,-53.254111871784495,374.81302824172013,-0.27633580508569905,-0.05277247466255034,0.0819758491145991,389.8373708250252,-16,-2,5
16:23:36:072,err,err,err,err,err,err,err,err,err,err
16:23:36:211,err,err,err,err,err,err,err,err,err,err
16:23:36:333,-92.54453265600014,-52.80930742434946,375.21781394066176,-0.2872764321139216,-0.038880729511416946,0.08893572198261512,390.0534852729379,-17,-1,5
16:23:36:449,-92.99933045063707,-53.023030269413354,376.7583536792577,-0.278867464465982,-0.05614732412515278,0.08426089987885829,391.6722791701278,-16,-3,5
16:23:36:578,-87.82118372418373,-47.8724811074537,350.1584282035061,0.9367457757236207,-0.21076188555026928,0.08302569980190311,364.1637812853583,54,-12,-1
16:23:36:698,err,err,err,err,err,err,err,err,err,err
16:23:36:823,-93.60400910355011,-53.517363520403165,376.1861548960502,-0.2527580126766392,-0.07635937144937376,0.08997217483954993,391.3334152023151,-15,-4,6
16:23:36:944,-93.22932723520402,-53.31837915610695,375.5306520507247,-0.2701975287788481,-0.050481451788890415,0.08841872343226245,390.5865174864663,-16,-2,5
16:23:37:067,err,err,err,err,err,err,err,err,err,err
16:23:37:191,err,err,err,err,err,err,err,err,err,err
16:23:37:353,err,err,err,err,err,err,err,err,err,err
16:23:37:476,-92.80234717020639,-53.151242636400475,373.82221701876693,-0.2691490411683044,-0.05661778782924457,0.08883923134492669,388.8192127080645,-16,-3,5
16:23:37:603,-87.49715679949956,-47.722099033775166,346.87937523628403,0.9406102762641472,-0.21666400551818307,0.07168628751372065,360.9133582295069,54,-12,-2
16:23:37:722,-93.01307229592047,-53.25337060600682,374.79175806196326,-0.24996873144124926,-0.05499336377119888,0.08743698106067836,389.8156166830724,-14,-2,5
16:23:37:848,err,err,err,err,err,err,err,err,err,err
16:23:37:970,err,err,err,err,err,err,err,err,err,err
16:23:38:090,err,err,err,err,err,err,err,err,err,err
16:23:38:272,err,err,err,err,err,err,err,err,err,err
16:23:38:380,-93.19434551357679,-53.39255285231128,375.53596138417197,-0.25807155553335,-0.06483936982373782,0.08739238610420626,390.5934062788632,-15,-3,5
16:23:38:508,-93.40462348396522,-53.453929960222524,376.2500067312027,-0.27823128384606144,-0.05988661922278719,0.08842606462174432,391.3384901611439,-16,-3,5
16:23:38:628,err,err,err,err,err,err,err,err,err,err
16:23:38:748,-87.63678382306229,-47.843858657827425,347.5431333259537,0.9456666305246332,-0.20708050932056635,0.0713970447507082,361.60125858760773,55,-12,-2
16:23:38:870,err,err,err,err,err,err,err,err,err,err
16:23:38:994,err,err,err,err,err,err,err,err,err,err
16:23:39:120,err,err,err,err,err,err,err,err,err,err
16:23:39:237,-87.63602999212019,-47.84493505846492,347.5330836224692,0.9392225053861201,-0.19799149934507593,0.07552744836274469,361.59155932580984,54,-12,-1
16:23:39:360,-93.50432828362827,-53.45136800533634,376.4710659922449,-0.25253411168074774,-0.06234160856411344,0.08319689872491527,391.57447781839875,-15,-3,5
16:23:39:488,-92.64184409105697,-52.988004721436205,373.161021786261,-0.2612324883601147,-0.04750941098689904,0.08882702290398535,388.1229033457276,-15,-2,5
16:23:39:610,err,err,err,err,err,err,err,err,err,err
16:23:39:741,err,err,err,err,err,err,err,err,err,err
16:23:39:862,-87.64767478368593,-47.854374255321815,347.57680025837476,0.9318008157936312,-0.19496447493854893,0.07645767623181715,361.63764752609114,54,-12,-1
16:23:39:982,-87.88285361631847,-47.927666148034724,348.36883272177147,0.936914949827575,-0.20431340990841945,0.06692890544235736,362.4655856134129,54,-12,-2
16:23:40:103,err,err,err,err,err,err,err,err,err,err
16:23:40:223,err,err,err,err,err,err,err,err,err,err
16:23:40:353,err,err,err,err,err,err,err,err,err,err
16:23:40:473,err,err,err,err,err,err,err,err,err,err
16:23:40:591,err,err,err,err,err,err,err,err,err,err
16:23:40:721,-87.11945589215316,-47.528215310920544,345.2467575934979,0.9451370267604793,-0.20496526092164444,0.07845193625473261,359.2270235859345,55,-12,-1
16:23:40:841,-87.63602999212019,-47.84493505846492,347.5330836224692,0.9392225053861201,-0.19799149934507593,0.07552744836274469,361.59155932580984,54,-12,-1
16:23:41:007,err,err,err,err,err,err,err,err,err,err
16:23:41:129,-93.4178475466971,-53.45823886835935,376.2694359926675,-0.26846054312722056,-0.07106795013009856,0.07731097967363595,391.36091527566293,-16,-3,5
16:23:41:247,err,err,err,err,err,err,err,err,err,err
16:23:41:375,err,err,err,err,err,err,err,err,err,err
16:23:41:500,-87.85219169307543,-48.02244099742658,348.54171804933003,0.9290075997735776,-0.2069972726062671,0.07503465189633671,362.6368591930595,54,-12,-1
16:23:41:619,err,err,err,err,err,err,err,err,err,err
16:23:41:739,err,err,err,err,err,err,err,err,err,err
16:23:41:868,err,err,err,err,err,err,err,err,err,err
16:23:41:990,err,err,err,err,err,err,err,err,err,err
16:23:42:145,err,err,err,err,err,err,err,err,err,err
16:23:42:276,err,err,err,err,err,err,err,err,err,err
16:23:42:397,-93.02502556337119,-53.186683915254584,374.8379623551526,-0.2633561064371967,-0.05422536900484982,0.08466808086993438,389.85378893827607,-15,-2,5
16:23:42:529,-87.12108586878846,-47.49956955707211,345.25452459074023,0.93861848143331,-0.20813125553276207,0.07628019518195546,359.231094786409,54,-12,-1
16:23:42:651,-93.03552464368256,-53.22981093836188,374.88102885681394,-0.24982948729591764,-0.055507136511710395,0.08743878105474671,389.9035873328205,-14,-3,5
16:23:42:766,err,err,err,err,err,err,err,err,err,err
16:23:42:890,err,err,err,err,err,err,err,err,err,err
16:23:43:010,err,err,err,err,err,err,err,err,err,err
16:23:43:135,-92.44432114161103,-52.87405019258697,372.3548483159808,-0.27930555746363367,-0.035808967211242076,0.08340763440216598,387.2851026821437,-16,-1,5
16:23:43:262,-87.64292567974286,-47.88151650997788,347.55679930473207,0.9384395284159096,-0.1918585158144066,0.0786467495174736,361.6208660848403,54,-11,-1
16:23:43:382,err,err,err,err,err,err,err,err,err,err
16:23:43:507,err,err,err,err,err,err,err,err,err,err
16:23:43:626,-87.63904476995117,-47.816855930381145,347.5462887270319,0.9326043164235335,-0.20114524216521418,0.0733432270602306,361.6012675409058,54,-12,-1
16:23:43:791,err,err,err,err,err,err,err,err,err,err
16:23:43:915,err,err,err,err,err,err,err,err,err,err
16:23:44:039,err,err,err,err,err,err,err,err,err,err
16:23:44:162,-93.2161388635247,-53.368557356161986,375.62257282948985,-0.2579590340979106,-0.06533826941467685,0.08739302862303251,390.6786002303521,-15,-3,5
16:23:44:281,-93.18269151070724,-53.27228215424494,375.19911795914396,-0.2610126819059927,-0.06354748713866976,0.08733243823720302,390.2503403719473,-15,-3,5
16:23:44:407,-93.38649146579154,-53.442863238236534,376.17437686045884,-0.280161872890631,-0.08416841520839873,0.08129948300507588,391.2599369035191,-16,-4,5
16:23:44:528,err,err,err,err,err,err,err,err,err,err
16:23:44:691,err,err,err,err,err,err,err,err,err,err
16:23:44:821,err,err,err,err,err,err,err,err,err,err
16:23:44:938,err,err,err,err,err,err,err,err,err,err
16:23:45:060,-92.70967677714954,-53.12070880259415,373.59403146424273,-0.2567797071132863,-0.04625503429038424,0.09468623708597881,388.5735377216507,-15,-2,6
16:23:45:186,err,err,err,err,err,err,err,err,err,err
16:23:45:306,err,err,err,err,err,err,err,err,err,err
16:23:45:434,err,err,err,err,err,err,err,err,err,err
16:23:45:553,-93.33643804141137,-53.40052530659651,376.11783457205314,-0.2669046529075162,-0.07291536680274399,0.08743652327357608,391.1878477821736,-15,-3,6
16:23:45:675,-92.9915724719305,-53.25842660771009,374.5964736797447,-0.2772263393384439,-0.0664500741292956,0.08882321881459197,389.62342158657606,-16,-3,6
16:23:45:802,-92.61993150779735,-53.011707869857155,373.0739551588569,-0.26133254832889014,-0.04701578610345606,0.0888291327485582,388.0372004095238,-15,-2,5
16:23:45:923,-93.19493174459481,-53.316431994672364,375.2494517363857,-0.24734916585186076,-0.06502482989527683,0.09010455594177,390.3076840801117,-14,-3,6
16:23:46:050,-93.07415236285594,-53.19356668846282,374.8900114059906,-0.2630000393449674,-0.0656113384141431,0.08145769027964438,389.91649622334245,-15,-3,5
16:23:46:169,-87.63678382306229,-47.843858657827425,347.5431333259537,0.9456666305246332,-0.20708050932056635,0.0713970447507082,361.60125858760773,55,-12,-2
16:23:46:305,err,err,err,err,err,err,err,err,err,err
16:23:46:418,err,err,err,err,err,err,err,err,err,err
16:23:46:541,-87.63729385438702,-47.81440712705624,347.5464846320321,0.9391046064891888,-0.21028184329421903,0.06922361453071328,361.60070766401356,54,-12,-2
16:23:46:662,err,err,err,err,err,err,err,err,err,err
16:23:46:782,-92.8700255762164,-53.113403707105846,373.8043900945047,-0.2544080522432766,-0.05606425234716397,0.09208825672796461,388.81306222631684,-15,-3,6
16:23:46:907,-93.00368675271157,-53.19402242561794,374.64272039338783,-0.2640172346653182,-0.06823968021053578,0.09151168755722162,389.6619787908128,-15,-3,6
16:23:47:030,err,err,err,err,err,err,err,err,err,err
16:23:47:199,-87.63602999212019,-47.84493505846492,347.5330836224692,0.9392225053861201,-0.19799149934507593,0.07552744836274469,361.59155932580984,54,-12,-1
16:23:47:322,-93.17916859803103,-53.34656901811237,375.47366788115437,-0.27150631418841786,-0.06327985411807442,0.08465003128517445,390.5236089646206,-16,-3,5
16:23:47:441,-92.29263464322344,-52.69924259108892,371.61666987025893,-0.27084116774357475,-0.052750956179877434,0.08668555668075742,386.5153165199576,-16,-2,5
16:23:47:565,-87.26924981136118,-47.64731217689586,346.07991601968894,0.9357100078289888,-0.19547668760815345,0.07696061963615565,360.07984752345595,54,-12,-1
16:23:47:694,-88.30304928546057,-48.270186138646885,350.35742609962847,0.9298650929110747,-0.21004829136944198,0.08439765996359697,364.52402582837624,54,-12,-1
16:23:47:813,-93.04800492067369,-53.23667964098169,374.9311692264127,-0.24976148107278204,-0.06768955960259485,0.08429621092529264,389.95571150631855,-14,-3,5
16:23:47:933,-88.33532629450455,-48.19108150150593,350.01498606673704,0.92508645976746,-0.1886441017111803,0.07363229650790971,364.1922578517279,53,-11,-1
16:23:48:065,-92.92999395287596,-53.20670648958368,374.4921498768187,-0.2905896782578436,-0.06508340304650245,0.0862377042937597,389.5013577780081,-17,-3,5
16:23:48:180,err,err,err,err,err,err,err,err,err,err
16:23:48:301,-93.21091914492207,-53.2566967092903,375.59775118332493,-0.25810192939423504,-0.06546556888267496,0.08736480869031592,390.63822379050083,-15,-3,5
16:23:48:429,err,err,err,err,err,err,err,err,err,err
16:23:48:563,-93.56157243198187,-53.43107984081042,376.60239138098467,-0.26303048551684555,-0.06906964738665282,0.0939463742206062,391.7116405249867,-15,-3,6
16:23:48:767,-87.50372203431039,-47.73201810762762,346.90474452446665,0.9278400925553156,-0.21669285510678093,0.07023798397715444,360.94064428389083,54,-12,-2
16:23:48:874,-93.80394675427449,-53.73210578269524,377.7068267821605,-0.25646129779188237,-0.06766500235785047,0.08971233219860218,392.8724559146015,-15,-3,6
16:23:49:001,err,err,err,err,err,err,err,err,err,err
16:23:49:122,-92.70928779036598,-52.94810535677243,373.1436992364617,-0.27280782982902146,-0.0443443643066947,0.08665764012268311,388.1169078812978,-16,-2,5
16:23:49:292,-93.32887257723142,-53.44989008073313,376.2019664019692,-0.2671512405946365,-0.04565176719992052,0.08421993356576646,391.2736749781256,-15,-2,5
16:23:49:406,-88.22582642329391,-48.242757416729745,350.1552894835415,0.9319021676578554,-0.20944411050614742,0.073606965251136,364.307407067912,54,-12,-2
16:23:49:532,err,err,err,err,err,err,err,err,err,err
16:23:49:655,-92.61847342689319,-53.100555853645915,373.17922963953924,-0.24810295077440708,-0.03242238041350824,0.0848326993518797,388.1502133018276,-14,-1,5
16:23:49:777,-87.74151428433223,-47.978687476268966,348.49169157357284,0.9357478737658022,-0.19750893197721078,0.08059015186470661,362.5561844413406,54,-12,-1
16:23:49:902,err,err,err,err,err,err,err,err,err,err
16:23:50:025,-87.59249589999055,-47.85808385910373,347.62310985955986,0.9387488431166399,-0.19774625808981408,0.07533161060074867,361.66927991894266,54,-12,-1
16:23:50:196,-92.67827698833936,-53.086902107344,373.86137974716934,-0.2704634631042593,-0.05230865569421604,0.07879390117342999,388.8184839579251,-16,-2,5
16:23:50:313,-88.47361264409861,-48.32224130200509,350.9797890724892,0.9294768986645037,-0.19707996274665734,0.07448790381021649,365.1704142946362,54,-12,-1
16:23:50:431,-93.21656131053388,-53.3467616234685,375.47811962720994,-0.271504484876176,-0.07455663553613925,0.08138968434021124,390.53683897560427,-16,-4,5
16:23:50:556,-93.58060684003537,-53.55189849598395,376.93771497915327,-0.26323280084590756,-0.07012528917108977,0.0831565077326041,392.0550685589702,-15,-3,5
16:23:50:680,err,err,err,err,err,err,err,err,err,err
16:23:50:799,err,err,err,err,err,err,err,err,err,err
16:23:50:929,-92.97374793010358,-53.210838566196024,374.52335927855114,-0.29015055932690204,-0.06476069349968845,0.08615778140293999,389.542369698572,-17,-3,5
16:23:51:050,-92.81026629130686,-53.0822559400139,373.8519452556944,-0.28206562469599944,-0.05567548991385131,0.0861459433983479,388.8402607706809,-16,-2,5
16:23:51:171,-93.38649146579154,-53.442863238236534,376.17437686045884,-0.280161872890631,-0.08416841520839873,0.08129948300507588,391.2599369035191,-16,-4,5
16:23:51:299,-93.25831081676115,-53.40275605065713,375.3641316088988,-0.27119333552864083,-0.03792927320975026,0.09171236093134308,390.44487215060764,-16,-1,5
16:23:51:416,-92.82803118614517,-53.072705252244255,373.7779720744805,-0.2691296010901949,-0.06814818945266204,0.08556862911313283,388.77207696129443,-16,-3,5
16:23:51:544,-93.37238651502363,-53.41463440513448,375.97587851096085,-0.2823405446101966,-0.07151141158766897,0.08462380734196279,391.061871005387,-16,-3,5
16:23:51:660,err,err,err,err,err,err,err,err,err,err
16:23:51:785,-92.46275646753111,-52.87777184315359,371.8751984112311,-0.2684109075664587,-0.050851084410145714,0.08720942692251701,386.8288811374651,-15,-2,5
16:23:52:007,err,err,err,err,err,err,err,err,err,err
16:23:52:135,err,err,err,err,err,err,err,err,err,err
16:23:52:245,-92.97553801873714,-53.19511534059046,374.38631485542754,-0.24961488138294927,-0.05520819183349224,0.0979991200792348,389.4088901360621,-14,-2,6
16:23:52:373,-93.36147847698768,-53.449749353786515,376.2202013302636,-0.27982606566918905,-0.07303137934243925,0.08460462174171636,391.2989665950777,-16,-3,5
16:23:52:498,-87.49792251623512,-47.78188090348722,346.87970709395336,0.9536157520287424,-0.21024540836827052,0.0760303154431778,360.9217723841539,55,-12,-2
16:23:52:663,-93.42123536654283,-53.45888655136201,376.0279445435392,-0.269325793500479,-0.08471672398197186,0.08402491886502028,391.1296394373116,-16,-4,5
16:23:52:812,-93.36147847698768,-53.449749353786515,376.2202013302636,-0.27982606566918905,-0.07303137934243925,0.08460462174171636,391.2989665950777,-16,-3,5
16:23:52:938,-92.61993150779735,-53.011707869857155,373.0739551588569,-0.26133254832889014,-0.04701578610345606,0.0888291327485582,388.0372004095238,-15,-2,5
16:23:53:059,-93.62832947617326,-53.678177769616944,377.5806025455903,-0.2707383875529218,-0.0661916543658914,0.08697658404333077,392.70182361157487,-16,-3,5
16:23:53:180,-93.01201070988056,-53.21240096797304,374.53458557628716,-0.2887137767751557,-0.05201093112780317,0.0899241125223153,389.56251044713275,-17,-2,6
16:23:53:310,-93.03410521218541,-53.150774851095775,374.5873920252746,-0.26598806794400504,-0.05270253863346924,0.08467081186727622,389.61014343084116,-15,-2,5
16:23:53:429,-93.37238651502363,-53.41463440513448,375.97587851096085,-0.2823405446101966,-0.07151141158766897,0.08462380734196279,391.061871005387,-16,-3,5
16:23:53:552,-93.20023889144028,-53.32216146238259,375.55736013947535,-0.27143955186927005,-0.06375421092914405,0.08464623354969167,390.6057708065429,-16,-3,5
16:23:53:679,-92.96244546893521,-53.245589299102484,374.7650264811844,-0.2877180085208814,-0.06621472255501708,0.08613506397909487,389.776774732431,-17,-3,5
16:23:53:794,-88.32241404496118,-48.1207333318794,350.0097722349014,0.9324856511373365,-0.21629009173902383,0.07062734166925663,364.1748130486991,54,-12,-2
16:23:53:921,-93.02502556337119,-53.186683915254584,374.8379623551526,-0.2633561064371967,-0.05422536900484982,0.08466808086993438,389.85378893827607,-15,-2,5
16:23:54:038,-92.59720629543179,-52.997853553547706,372.9833266797731,-0.2743588531182042,-0.04599071091014775,0.08610093024261703,387.94274974036097,-16,-2,5
16:23:54:246,err,err,err,err,err,err,err,err,err,err
16:23:54:381,-92.57936276094527,-52.95620998996239,373.1937786872457,-0.27353775795368374,-0.05705682233045902,0.08297049444707892,388.1351504780115,-16,-3,5
16:23:54:494,err,err,err,err,err,err,err,err,err,err
16:23:54:615,-93.22131620704829,-53.297741457808094,375.6410800756687,-0.27137177494383813,-0.06422851194117736,0.08464266165768305,390.68796254849315,-16,-3,5
16:23:54:750,-93.39786195017349,-53.40801952459411,375.93199151092915,-0.282689916194836,-0.08259975563752564,0.08132240336544631,391.02485778755346,-16,-4,5
16:23:54:866,err,err,err,err,err,err,err,err,err,err
16:23:54:986,-93.39816921222142,-53.52419583472172,376.2262167214639,-0.2649961725927164,-0.06087495664283137,0.09115834413270324,391.3236814971646,-15,-3,6
16:23:55:109,-93.35067393567434,-53.40369305378673,375.8889469381897,-0.26935832421846573,-0.07316436506381764,0.0872764958418489,390.97161429741783,-16,-3,6
16:23:55:228,-93.04012780661819,-53.17500151408072,374.755085405559,-0.2624811594358884,-0.04085312376491923,0.08838805326959133,389.7761154889075,-15,-2,5
16:23:55:350,-93.42770413140416,-53.3924026146505,376.30703100415013,-0.25480869044992327,-0.06085440329802242,0.08322544410685655,391.39042673446744,-15,-3,5
16:23:55:475,-92.33657397299586,-52.83699546033239,372.0948053890598,-0.27940107169501205,-0.059594119716544366,0.08709422320917282,387.0043089939284,-16,-3,5
16:23:55:599,-92.96556863219777,-53.17397014961874,374.7444466099245,-0.2639585691114547,-0.04293093171631997,0.08783887551894067,389.7479548600082,-15,-2,5
16:23:55:722,-93.22131620704829,-53.297741457808094,375.6410800756687,-0.27137177494383813,-0.06422851194117736,0.08464266165768305,390.68796254849315,-16,-3,5
16:23:55:848,err,err,err,err,err,err,err,err,err,err
16:23:55:964,err,err,err,err,err,err,err,err,err,err
16:23:56:093,-92.35555619168976,-52.751040485770055,371.72651475111707,-0.2572370276031057,-0.06546666122296778,0.08621981205844978,386.64301726634113,-15,-3,5
16:23:56:216,-87.64855647541933,-47.79124415976926,347.5797355926437,0.9254971379186292,-0.19789641935993918,0.07416130804652131,361.63233409806645,53,-12,-1
16:23:56:335,err,err,err,err,err,err,err,err,err,err
16:23:56:465,-87.83515960889845,-47.9438742098319,348.47888461675745,0.9362308143877708,-0.21610917068045604,0.07095894174599375,362.56194417162453,54,-12,-2
16:23:56:588,err,err,err,err,err,err,err,err,err,err
16:23:56:707,err,err,err,err,err,err,err,err,err,err
16:23:56:830,-93.54540371339925,-53.571334105606596,376.8304365045943,-0.2735379409319922,-0.07065258893584514,0.0910693825302506,391.94618032326895,-16,-3,6
16:23:56:952,-93.02502556337119,-53.186683915254584,374.8379623551526,-0.2633561064371967,-0.05422536900484982,0.08466808086993438,389.85378893827607,-15,-2,5
16:23:57:078,err,err,err,err,err,err,err,err,err,err
16:23:57:196,err,err,err,err,err,err,err,err,err,err
16:23:57:364,-92.81026629130686,-53.0822559400139,373.8519452556944,-0.28206562469599944,-0.05567548991385131,0.0861459433983479,388.8402607706809,-16,-2,5
16:23:57:483,-93.03410521218541,-53.150774851095775,374.5873920252746,-0.26598806794400504,-0.05270253863346924,0.08467081186727622,389.61014343084116,-15,-2,5
16:23:57:612,-87.64767478368593,-47.854374255321815,347.57680025837476,0.9318008157936312,-0.19496447493854893,0.07645767623181715,361.63764752609114,54,-12,-1
16:23:57:738,-92.65489133768457,-52.92216324537925,373.2117592520166,-0.2742015646509617,-0.04683635306494184,0.0861097419903184,388.16581701040326,-16,-2,5
16:23:57:855,-93.4936062191502,-53.50619528766178,376.61915429087475,-0.26275245873789815,-0.09588552908217134,0.08667140687775668,391.72178228533147,-15,-5,6
16:23:57:975,err,err,err,err,err,err,err,err,err,err
16:23:58:105,err,err,err,err,err,err,err,err,err,err
16:23:58:225,-93.02502556337119,-53.186683915254584,374.8379623551526,-0.2633561064371967,-0.05422536900484982,0.08466808086993438,389.85378893827607,-15,-2,5
16:23:58:346,err,err,err,err,err,err,err,err,err,err
16:23:58:471,-93.03829075233318,-53.21836688538038,375.0795021313318,-0.27301527211895527,-0.08663158808480956,0.08828559184176367,390.0935157614779,-16,-4,6
16:23:58:597,-93.47471158633103,-53.479186313035726,376.6891450294247,-0.276231507738195,-0.06911603269699657,0.0910609197092515,391.7808788823813,-16,-3,6
16:23:58:720,err,err,err,err,err,err,err,err,err,err
16:23:58:840,-93.40111486226192,-53.396108725810414,376.0906926500656,-0.26733030916977174,-0.06187743512366987,0.09066600917450021,391.17658644476427,-15,-3,6
16:23:58:961,err,err,err,err,err,err,err,err,err,err
16:23:59:089,-93.35452488095196,-53.37550059130086,376.1904208810871,-0.2530855804157267,-0.07676035712273262,0.09000309964977371,391.2585387461975,-15,-4,6
16:23:59:203,err,err,err,err,err,err,err,err,err,err
16:23:59:340,-93.60202552194065,-53.52754205175951,377.0227748133946,-0.26314171910038253,-0.07061333154694802,0.08315519335289649,392.1386357755438,-15,-3,5
16:23:59:465,err,err,err,err,err,err,err,err,err,err
16:23:59:575,-93.21517463199784,-53.39826520474742,375.3335900482962,-0.2738857291221014,-0.062110292715520474,0.0846834891724261,390.4045943980332,-16,-3,5
16:23:59:704,-87.51121157562488,-47.73016651467598,346.92255829159376,0.9335969980029079,-0.2012381656877499,0.07878156089249617,360.95933621190176,54,-12,-1
16:23:59:826,-93.02372609134993,-53.238586134027116,374.72237143591866,-0.2893413845747559,-0.07939172300088353,0.08234415824761404,389.7494276121869,-17,-4,5
16:24:00:043,-93.23730523984206,-53.32216494551319,375.56046265127503,-0.27143579134968027,-0.0750263507076548,0.08138701633513558,390.617600051129,-16,-4,5
16:24:00:241,-93.38190404120715,-53.4989172436425,376.30402348759304,-0.2664299749927624,-0.07490134228885847,0.08732347787552854,391.391149927479,-15,-4,6
16:24:00:356,-93.33643804141137,-53.40052530659651,376.11783457205314,-0.2669046529075162,-0.07291536680274399,0.08743652327357608,391.1878477821736,-15,-3,6
16:24:00:494,-93.36147847698768,-53.449749353786515,376.2202013302636,-0.27982606566918905,-0.07303137934243925,0.08460462174171636,391.2989665950777,-16,-3,5
16:24:00:701,-92.6336579422476,-52.94627279462049,373.127433946564,-0.27426106555226115,-0.046365736855783636,0.08611558848819745,388.08296065422815,-16,-2,5
16:24:00:863,err,err,err,err,err,err,err,err,err,err
16:24:00:992,-93.47418663119929,-53.397742227088536,376.34818712966285,-0.25451328737383255,-0.07255938666901796,0.07998004996209784,391.4418224935841,-15,-4,5
16:24:01:146,-93.5754217062007,-53.43746165874326,376.8803811931606,-0.25013070472153087,-0.02880244428638244,0.08650847566922255,391.9830909418479,-14,-1,5
16:24:01:265,err,err,err,err,err,err,err,err,err,err
16:24:01:383,-93.03552464368256,-53.22981093836188,374.88102885681394,-0.24982948729591764,-0.055507136511710395,0.08743878105474671,389.9035873328205,-14,-3,5
16:24:01:504,err,err,err,err,err,err,err,err,err,err
16:24:01:636,-92.59773916239281,-52.927955595890836,372.9807418320403,-0.24835430290655508,-0.046431361186577993,0.09169586682585104,387.9308489397643,-14,-2,6
16:24:01:751,err,err,err,err,err,err,err,err,err,err
16:24:01:867,-93.36147847698768,-53.449749353786515,376.2202013302636,-0.27982606566918905,-0.07303137934243925,0.08460462174171636,391.2989665950777,-16,-3,5
16:24:02:027,err,err,err,err,err,err,err,err,err,err
16:24:02:162,-87.74373471370275,-47.84265583104245,347.7345809747645,0.9316371673492867,-0.2136665698180443,0.07771355543875315,361.81103010296863,54,-12,-2
16:24:02:289,err,err,err,err,err,err,err,err,err,err
16:24:02:406,-93.19016223745047,-53.26103766451049,375.37048256267343,-0.25732456351382405,-0.04961443973103428,0.09128177215714686,390.4153476110757,-15,-2,6
16:24:02:530,err,err,err,err,err,err,err,err,err,err
16:24:02:652,-93.58060684003537,-53.55189849598395,376.93771497915327,-0.26323280084590756,-0.07012528917108977,0.0831565077326041,392.0550685589702,-15,-3,5
16:24:02:779,-92.99390609659147,-53.09292169077096,374.42318585947925,-0.25313404877082213,-0.051804698549477696,0.0875381278615535,389.43477889619226,-15,-2,5
16:24:02:936,-93.36697743597796,-53.396828603253645,376.0947157091825,-0.26712103119518094,-0.0843663964459723,0.08413271914142086,391.17240312269786,-16,-4,5
16:24:03:062,err,err,err,err,err,err,err,err,err,err
16:24:03:183,err,err,err,err,err,err,err,err,err,err
16:24:03:307,-93.00332283415531,-53.210672155896475,374.7517178977104,-0.2634478626185815,-0.05373725482071327,0.08467081332818241,389.7689620233524,-15,-2,5
16:24:03:433,-92.87436847789786,-53.11800520313369,374.1080028560609,-0.2808820115439506,-0.07045846696078326,0.08238387216010234,389.1066288279846,-16,-3,5
16:24:03:650,-87.7474696972478,-47.83945518680243,347.7134506299775,0.9318834770349779,-0.20160669597940745,0.07351035700047916,361.7912045086852,54,-12,-1
16:24:03:810,-93.21562871687333,-53.36222768209187,375.3336359407976,-0.27402701355807824,-0.06081934704990163,0.0848080037864834,390.3998194784631,-16,-3,5
16:24:03:920,-93.02502556337119,-53.186683915254584,374.8379623551526,-0.2633561064371967,-0.05422536900484982,0.08466808086993438,389.85378893827607,-15,-2,5
16:24:04:048,-93.03552464368256,-53.22981093836188,374.88102885681394,-0.24982948729591764,-0.055507136511710395,0.08743878105474671,389.9035873328205,-14,-3,5
16:24:04:171,err,err,err,err,err,err,err,err,err,err
16:24:04:292,-87.26569224430402,-47.56353624423243,345.93430395429687,0.9301355383270135,-0.19853398432223907,0.07466393603789762,359.92795622912905,54,-12,-1
16:24:04:418,-92.98582181311426,-53.129326086374334,374.67765269762657,-0.250366766082868,-0.05336458109399112,0.08755014133148743,389.68247558705514,-14,-2,5
16:24:04:541,err,err,err,err,err,err,err,err,err,err
16:24:04:663,-93.36147847698768,-53.449749353786515,376.2202013302636,-0.27982606566918905,-0.07303137934243925,0.08460462174171636,391.2989665950777,-16,-3,5
16:24:04:786,-93.02502556337119,-53.186683915254584,374.8379623551526,-0.2633561064371967,-0.05422536900484982,0.08466808086993438,389.85378893827607,-15,-2,5
16:24:04:907,err,err,err,err,err,err,err,err,err,err
16:24:05:031,-92.65489133768457,-52.92216324537925,373.2117592520166,-0.2742015646509617,-0.04683635306494184,0.0861097419903184,388.16581701040326,-16,-2,5
16:24:05:153,err,err,err,err,err,err,err,err,err,err
16:24:05:278,err,err,err,err,err,err,err,err,err,err
16:24:05:397,-87.88664598073441,-47.830156506723014,348.37233540049255,0.929938226999306,-0.1947809721222781,0.07096926288137054,362.4569912218467,54,-11,-1
16:24:05:523,-93.02502556337119,-53.186683915254584,374.8379623551526,-0.2633561064371967,-0.05422536900484982,0.08466808086993438,389.85378893827607,-15,-2,5
16:24:05:667,-93.39560929647656,-53.37592662306711,376.1761218479379,-0.2272237550443311,-0.06111866903854744,0.08902921050794327,391.25465368131506,-13,-3,5
16:24:05:809,-92.9921377848461,-53.16332243104723,374.4192103173413,-0.26627652599812357,-0.050601025806986714,0.0848152681684838,389.44013865594894,-15,-2,5
16:24:05:934,-93.42770413140416,-53.3924026146505,376.30703100415013,-0.25480869044992327,-0.06085440329802242,0.08322544410685655,391.39042673446744,-15,-3,5
16:24:06:052,err,err,err,err,err,err,err,err,err,err
16:24:06:174,err,err,err,err,err,err,err,err,err,err
16:24:06:301,-92.49995288583939,-52.83158030355025,372.3196412782111,-0.27881854615649904,-0.07310451053778917,0.08346084942424288,387.25874095078706,-16,-3,5
16:24:06:422,-93.20023889144028,-53.32216146238259,375.55736013947535,-0.27143955186927005,-0.06375421092914405,0.08464623354969167,390.6057708065429,-16,-3,5
16:24:06:587,-93.21531658061355,-53.25533965629757,375.32567884695544,-0.24331813570531946,-0.062173386343457246,0.0908286263925247,390.3774989021006,-14,-3,6
16:24:06:706,err,err,err,err,err,err,err,err,err,err
16:24:06:832,err,err,err,err,err,err,err,err,err,err
16:24:06:956,-93.02502556337119,-53.186683915254584,374.8379623551526,-0.2633561064371967,-0.05422536900484982,0.08466808086993438,389.85378893827607,-15,-2,5
16:24:07:086,-93.07415236285594,-53.19356668846282,374.8900114059906,-0.2630000393449674,-0.0656113384141431,0.08145769027964438,389.91649622334245,-15,-3,5
16:24:07:203,-93.16306934171062,-53.26772662439142,375.4048453211358,-0.2306564989549325,-0.0655814865417992,0.09312305709614326,390.442833305319,-13,-3,6
16:24:07:327,-93.16855654330473,-53.26911335164196,375.42779762348374,-0.2584659410671173,-0.06327162355512109,0.08750527869808788,390.46640008335226,-15,-3,5
16:24:07:452,-93.48419272100465,-53.44775026967945,376.7244980510651,-0.27559508039405173,-0.08379928454593397,0.08719731589964999,391.8128427315967,-16,-4,6
16:24:07:567,-93.20023889144028,-53.32216146238259,375.55736013947535,-0.27143955186927005,-0.06375421092914405,0.08464623354969167,390.6057708065429,-16,-3,5
16:24:07:693,err,err,err,err,err,err,err,err,err,err
16:24:07:815,-92.69877650678335,-52.999398269551534,373.24511567881285,-0.2606727591563454,-0.058833945533353554,0.08565908006545482,388.21890185934984,-15,-3,5
16:24:07:938,err,err,err,err,err,err,err,err,err,err
16:24:08:063,-92.64184409105697,-52.988004721436205,373.161021786261,-0.2612324883601147,-0.04750941098689904,0.08882702290398535,388.1229033457276,-15,-2,5
16:24:08:220,-87.74307113279816,-47.818483983962814,347.5645469883395,0.932559889396733,-0.2017440356379301,0.07349790588406659,361.6442565084498,54,-12,-1
16:24:08:352,err,err,err,err,err,err,err,err,err,err
16:24:08:515,-87.98906918981936,-47.99058509189217,348.5614701263278,0.9296610753029112,-0.21392823543372416,0.07228734408631997,362.6848094571647,54,-12,-2
16:24:08:679,-93.78232880464579,-53.629532325768025,377.76111769938785,-0.27173092811621774,-0.08056566789495932,0.08306221745988933,392.90547715575826,-16,-4,5
16:24:08:798,-93.36147847698768,-53.449749353786515,376.2202013302636,-0.27982606566918905,-0.07303137934243925,0.08460462174171636,391.2989665950777,-16,-3,5
16:24:08:924,err,err,err,err,err,err,err,err,err,err
16:24:09:046,-93.40462348396522,-53.453929960222524,376.2500067312027,-0.27823128384606144,-0.05988661922278719,0.08842606462174432,391.3384901611439,-16,-3,5
16:24:09:208,-92.98582181311426,-53.129326086374334,374.67765269762657,-0.250366766082868,-0.05336458109399112,0.08755014133148743,389.68247558705514,-14,-2,5
16:24:09:334,err,err,err,err,err,err,err,err,err,err
16:24:09:455,-93.31428700480242,-53.32432745267422,375.58171389215346,-0.27244843718559597,-0.07706028871159003,0.08077729992345371,390.65670846366135,-16,-4,5
16:24:09:576,-93.25302296483889,-53.259593749198416,375.6215382749423,-0.2579325006808519,-0.07707281207124644,0.08410994760571869,390.67153803987867,-15,-4,5
16:24:09:701,-93.47589750771631,-53.45704646444208,376.50217108583445,-0.23919650413046847,-0.05229761717105986,0.08922175878329323,391.59837086474397,-14,-2,5
16:24:09:827,err,err,err,err,err,err,err,err,err,err
16:24:09:947,-93.17087770036137,-53.25437526752521,375.58113361890554,-0.2596871580607087,-0.07928234211241345,0.08351712984266274,390.61237674586334,-15,-4,5
16:24:10:082,-92.77733799817614,-53.02875239510398,373.71731531316067,-0.26950963989217286,-0.05514577354926363,0.08894828177972412,388.69565831314014,-16,-2,5
16:24:10:193,-92.59358673136016,-52.888685262045925,372.9636274526109,-0.2616955155188655,-0.045489322045210875,0.08893822845777595,387.90804675223694,-15,-2,5
16:24:10:317,-93.04748163049052,-53.28961065711297,374.81991142261535,-0.2762192778925434,-0.08153401743617548,0.08501027392407932,389.8558482832089,-16,-4,5
16:24:10:439,-92.91949292387535,-53.11268977733259,374.5560141791346,-0.2511661733503735,-0.041786461561733976,0.0907071312508393,389.5474268152382,-14,-2,5
16:24:10:565,-87.3052702875382,-47.56659273686371,345.95873741911794,0.9300712440024016,-0.19805216526148248,0.07457497963372693,359.96144093667164,54,-12,-1
16:24:10:687,-92.47029751881041,-52.90625518626828,372.3480152987779,-0.29115117732409695,-0.06181061738050367,0.08394153597860417,387.28913263605887,-17,-3,5
16:24:10:811,-93.02502556337119,-53.186683915254584,374.8379623551526,-0.2633561064371967,-0.05422536900484982,0.08466808086993438,389.85378893827607,-15,-2,5
16:24:11:021,-92.78217497556949,-52.96025344800769,373.73379877466675,-0.25633333034885797,-0.05651112295483148,0.0916562446569077,388.7033223231022,-15,-3,6
16:24:11:231,-93.04090693101948,-53.1213043977904,374.64677142036084,-0.2759342567080113,-0.0539255123815945,0.09256759339392062,389.6648389053976,-16,-2,6
16:24:11:352,-93.21091914492207,-53.2566967092903,375.59775118332493,-0.25810192939423504,-0.06546556888267496,0.08736480869031592,390.63822379050083,-15,-3,5
16:24:11:480,err,err,err,err,err,err,err,err,err,err
16:24:11:596,-93.55220918917591,-53.56020944289252,377.00151871475805,-0.2615941473079292,-0.08647956505678898,0.08995065301979922,392.1107713299596,-15,-4,6
16:24:11:723,-87.7474696972478,-47.83945518680243,347.7134506299775,0.9318834770349779,-0.20160669597940745,0.07351035700047916,361.7912045086852,54,-12,-1
16:24:11:836,-93.04012780661819,-53.17500151408072,374.755085405559,-0.2624811594358884,-0.04085312376491923,0.08838805326959133,389.7761154889075,-15,-2,5
16:24:11:959,err,err,err,err,err,err,err,err,err,err
16:24:12:079,err,err,err,err,err,err,err,err,err,err
16:24:12:201,-92.65489133768457,-52.92216324537925,373.2117592520166,-0.2742015646509617,-0.04683635306494184,0.0861097419903184,388.16581701040326,-16,-2,5
16:24:12:326,-94.06216771718398,-53.76591376897281,378.7225125347297,-0.25238833785710646,-0.06790887568108638,0.08492061385816912,393.9152274026567,-15,-3,5
16:24:12:448,err,err,err,err,err,err,err,err,err,err
16:24:12:569,-92.96808049560312,-53.13525521925019,374.49840889106036,-0.29008834209077794,-0.06609055102853204,0.08601693453198163,389.5067105971188,-17,-3,5
16:24:12:697,err,err,err,err,err,err,err,err,err,err
16:24:12:817,-93.36147847698768,-53.449749353786515,376.2202013302636,-0.27982606566918905,-0.07303137934243925,0.08460462174171636,391.2989665950777,-16,-3,5
16:24:12:938,-93.33643804141137,-53.40052530659651,376.11783457205314,-0.2669046529075162,-0.07291536680274399,0.08743652327357608,391.1878477821736,-15,-3,6
16:24:13:063,err,err,err,err,err,err,err,err,err,err
16:24:13:188,-92.98582181311426,-53.129326086374334,374.67765269762657,-0.250366766082868,-0.05336458109399112,0.08755014133148743,389.68247558705514,-14,-2,5
16:24:13:312,-93.55547099959165,-53.535678200726906,376.58236962320046,-0.2761268320506766,-0.06913298773218905,0.09107741502984819,391.70521582612605,-16,-3,6
16:24:13:431,-92.78217497556949,-52.96025344800769,373.73379877466675,-0.25633333034885797,-0.05651112295483148,0.0916562446569077,388.7033223231022,-15,-3,6
16:24:13:583,err,err,err,err,err,err,err,err,err,err
16:24:13:724,-93.3573265618476,-53.299540674729506,375.91129067679174,-0.2560967988414926,-0.07314135830091599,0.0901664764381683,390.98047255227976,-15,-3,6
16:24:13:840,err,err,err,err,err,err,err,err,err,err
16:24:13:966,err,err,err,err,err,err,err,err,err,err
