timestamp,tx,ty,tz,rx,ry,rz,Distance,Angle X,Angle Y,Angle Z
16:09:17:099,err,err,err,err,err,err,err,err,err,err
16:09:17:350,7.051547752575608,4.009582794627613,367.8546331678672,0.174396414945909,-0.0720050916041067,0.004781347394115837,367.9440612687749,10,-4,0
16:09:17:503,7.031022231133104,3.998490256002043,369.81046043687536,0.06864150040783297,-0.1347950927328568,0.0036245130051985974,369.8989049003468,4,-8,0
16:09:17:667,7.522470082728406,5.376230641013465,338.1995772999864,0.737333314223088,-0.03327775676605591,0.12492792061699069,338.3259456470053,42,-4,6
16:09:17:815,6.999640664526328,4.127233881670181,370.3811801903806,0.10799279114427215,-0.10156263880493474,0.007022786852506218,370.4703060545685,6,-6,0
16:09:17:947,err,err,err,err,err,err,err,err,err,err
16:09:18:067,7.062865957514535,4.078028714536546,371.8280976649261,0.12186819668477744,0.01106327464976805,0.0076118516026692845,371.917529308378,7,1,0
16:09:18:184,err,err,err,err,err,err,err,err,err,err
16:09:18:306,err,err,err,err,err,err,err,err,err,err
16:09:18:428,7.528878298735612,5.369289474813373,339.4899070114394,0.7454033254742963,-0.052369914902145466,0.12827104198202596,339.6158274293725,43,-5,6
16:09:18:550,err,err,err,err,err,err,err,err,err,err
16:09:18:672,err,err,err,err,err,err,err,err,err,err
16:09:18:796,6.983595537875984,4.100687274536138,372.55792567554033,0.048220800396144695,-0.06970906834455952,-0.002767599834863808,372.6459368172711,3,-4,0
16:09:18:923,7.510648313981457,5.409622372270673,339.9436287096317,0.7439477512123766,-0.05906606504665105,0.13118108263371228,340.06961721473857,42,-6,6
16:09:19:056,7.095954980619125,4.144292650986038,371.8212573258848,0.10279126999333453,-0.10036008550963839,0.0033325666498388975,371.91205296153794,6,-6,0
16:09:19:165,err,err,err,err,err,err,err,err,err,err
16:09:19:286,err,err,err,err,err,err,err,err,err,err
16:09:19:412,7.542864641838654,5.411378789581552,338.38176391497757,0.734239420679203,-0.05962552041444992,0.13007567252010474,338.5090781317704,42,-6,6
16:09:19:539,7.052483332377371,4.091629392436637,371.2916402351002,0.07307192585461801,-0.1106164693423365,0.004858151175372777,371.3811533461406,4,-6,0
16:09:19:670,7.048222540209759,4.08380534616908,369.2685933827566,0.1300914427350214,-0.10138914461770078,0.0017479680626779723,369.3584288546308,7,-6,0
16:09:19:781,err,err,err,err,err,err,err,err,err,err
16:09:19:902,err,err,err,err,err,err,err,err,err,err
16:09:20:023,err,err,err,err,err,err,err,err,err,err
16:09:20:149,err,err,err,err,err,err,err,err,err,err
16:09:20:269,err,err,err,err,err,err,err,err,err,err
16:09:20:394,err,err,err,err,err,err,err,err,err,err
16:09:20:516,6.665169434056827,19.84734683275279,371.614705339043,-0.20955043685023927,-0.0015410375148653106,0.0034885179944423076,372.2040178237038,-12,0,0
16:09:20:638,7.018986842291035,13.25742720324693,368.9236399370894,-0.23592383855520427,0.1394121572506425,0.005421782369440839,369.2284897685616,-14,8,-1
16:09:20:764,err,err,err,err,err,err,err,err,err,err
16:09:20:885,err,err,err,err,err,err,err,err,err,err
16:09:21:011,5.996946995434204,-18.332266731545673,372.32375682645176,-0.08961151269757997,0.0441233579266056,0.001201907345426126,372.8230347955252,-5,3,0
16:09:21:131,err,err,err,err,err,err,err,err,err,err
16:09:21:255,6.094925693391764,-47.192452316589964,371.93815749557575,-0.4499412002694407,0.3348573247707928,0.03938151523677369,374.96969034318664,-26,19,-2
16:09:21:378,err,err,err,err,err,err,err,err,err,err
16:09:21:525,5.119800892811487,-68.19223890684748,372.6981170271074,-0.042325957849442035,0.044187405637659855,0.006990655341412497,378.9198863135347,-2,3,0
16:09:21:627,err,err,err,err,err,err,err,err,err,err
16:09:21:746,err,err,err,err,err,err,err,err,err,err
16:09:21:868,4.746191834731985,-83.57895590217102,371.6118509432984,-0.044424233811946476,0.013229613455956225,-0.001965777001806404,380.924317900726,-3,1,0
16:09:21:996,4.579980506634468,-88.68099138249335,371.7904284833874,-0.045696742834150705,0.04390766792634719,0.006499373395162691,382.24784782374354,-3,3,0
16:09:22:296,4.4505978822218175,-97.13369803853494,373.113296661142,0.019886333141621526,-0.002689334241510114,0.0019931410711894267,385.57527833290334,1,0,0
16:09:22:420,4.300154124679891,-100.79695834686788,372.142860752999,-0.03430291139193525,0.037296817526960485,0.007783073852121855,385.5759678025878,-2,2,0
16:09:22:623,4.142952829319604,-105.92689070153375,371.8198235801777,-0.02191214076478937,-0.002631471361140461,0.003746297866650833,386.6363296937254,-1,0,0
16:09:22:781,err,err,err,err,err,err,err,err,err,err
16:09:22:907,err,err,err,err,err,err,err,err,err,err
16:09:23:034,err,err,err,err,err,err,err,err,err,err
16:09:23:157,4.091322046833898,-108.8560685912647,370.55940586393115,-0.062459927943975695,0.033781603689706514,-0.000822088219940441,386.2391174641257,-4,2,0
16:09:23:272,err,err,err,err,err,err,err,err,err,err
16:09:23:399,err,err,err,err,err,err,err,err,err,err
16:09:23:521,err,err,err,err,err,err,err,err,err,err
16:09:23:649,4.189914782570232,-107.62138392012852,372.78166745762746,-0.04523876243503953,0.025933303138652178,0.0077400505978881965,388.02846449101907,-3,1,0
16:09:23:771,err,err,err,err,err,err,err,err,err,err
16:09:23:896,err,err,err,err,err,err,err,err,err,err
16:09:24:010,err,err,err,err,err,err,err,err,err,err
16:09:24:138,err,err,err,err,err,err,err,err,err,err
16:09:24:260,4.103461924948488,-112.82243139615903,372.9505343193809,-0.07300350630886329,-2.803813955982675e-06,-0.0008003427486333315,389.6637530936413,-4,0,0
16:09:24:385,2.418241993391293,-100.99085087308967,337.46759424842435,1.1058767490278953,0.07437510475981923,-0.1363986246972801,352.26322121707284,63,7,-4
16:09:24:577,4.0284749182830195,-113.75727279332834,372.04894876642777,-0.036914019553065,0.005317770290985146,0.0035937344972916106,389.0724431282007,-2,0,0
16:09:24:742,4.106218735469779,-114.05500077460863,373.14582133527085,-0.044283952253872154,0.013582520362677448,-0.001482858808336636,390.209185199392,-3,1,0
16:09:24:902,4.102982146316431,-113.93267497899261,372.97696975632175,-0.04368418408219568,0.0445682208149552,0.008315932172355161,390.0119342519789,-2,3,0
16:09:25:027,4.110743552421625,-114.09018575486009,373.2614532668758,-0.041499938380580956,0.03024024588529095,0.008738143217528966,390.33009260500575,-2,2,0
16:09:25:151,4.135181760391144,-113.83696181765623,372.3127793755539,-0.06387150135507055,0.020088266331099364,0.0033331194529496134,389.34914831089054,-4,1,0
16:09:25:273,4.207618494600804,-113.65234808063235,372.2859071025964,-0.04992227734071319,0.020560817136517504,0.00505413604258496,389.27028772414724,-3,1,0
16:09:25:397,4.143418705800552,-108.34321494059446,371.71428080074776,-0.038052925228654104,0.022813799824158463,0.0036356389240385324,387.20398589561626,-2,1,0
16:09:25:517,4.328838078322819,-105.5467227006024,372.73704814802124,-0.05993764908433978,-0.004727390434091144,-0.00010604917881064733,387.416773738627,-3,0,0
16:09:25:642,err,err,err,err,err,err,err,err,err,err
16:09:25:764,err,err,err,err,err,err,err,err,err,err
16:09:25:888,4.698567182503623,-99.76783599379934,335.8061168131955,-0.605710513529902,0.004764120229490993,-0.15863096361206452,350.3447526674428,-35,-2,-9
16:09:26:012,4.142452143917546,-107.19079372194682,372.3952394261913,-0.017012450831798562,0.04541820306540456,0.0076320218154723694,387.53740531179176,-1,3,0
16:09:26:132,err,err,err,err,err,err,err,err,err,err
16:09:26:256,4.261545913054465,-102.17939521334128,368.3879069261117,-0.04884601873222719,0.0853952609277794,0.020495981517868033,382.3198131788815,-3,5,1
16:09:26:382,4.347300500877931,-100.78359225669813,373.2890119126762,-0.004793555018958851,0.02630384049014134,0.0021395423821307658,386.6793476571401,0,2,0
16:09:26:505,4.428178153764797,-100.14889363766318,373.4498323128674,-0.001875706438307662,0.020714714169528376,0.011330159406184108,386.6706439763927,0,1,1
16:09:26:628,4.443069718254557,-99.98715653184796,375.5366674099714,-0.015105126655086478,-0.0005605507337573789,-0.0060555682526294485,388.64503201408996,-1,0,0
16:09:26:748,4.465726035360199,-96.52219043529146,371.9784087793063,-0.013044371925476913,0.03655817516899261,0.008954645688511599,384.32331773317406,-1,2,0
16:09:26:873,4.429531346157549,-95.21348672661848,372.1472554906968,-0.028017535929580104,0.02963879763633145,0.009319894829577048,384.1598737138543,-2,2,1
16:09:27:039,4.5284323355935765,-95.54962770982435,373.89578474117116,-0.010782082309055762,-0.02224986549156464,-0.00280353391314636,385.93820218024575,-1,-1,0
16:09:27:160,4.411302207059977,-95.48785178652328,373.93950144544186,0.00899234202605044,0.03553445332957804,0.008315578888412084,385.9639104466021,1,2,0
16:09:27:286,4.413282006991835,-95.64458581275227,373.9867746563967,-0.028744356331639864,0.03221955780932321,0.008126651163112139,386.0485351238372,-2,2,0
16:09:27:404,4.508059062206791,-95.52080226217606,375.2068935687012,0.0268005921487797,-0.011882772389886737,0.002306932822127598,387.20118703691077,2,-1,0
16:09:27:528,3.04823841881097,-85.01526462061723,342.3852990715882,1.0329128354735617,0.08509993139750749,-0.13971339188686965,352.79537978311504,59,8,-4
16:09:27:649,4.479247743121844,-94.99564639672383,374.12084866004204,0.029647450545473374,0.06361286506963883,0.012842675543109413,386.018970902708,2,4,1
16:09:27:772,4.64088477502743,-95.65853842004651,375.03317184459036,-0.00027730694445634484,0.030148136717861315,0.004033365471469644,387.06843550975407,0,2,0
16:09:27:898,4.7189431842030025,-95.55388873364582,374.8988385378357,-0.020862608524306776,-0.02287880718056691,-0.006587546966646831,386.91336654852836,-1,-1,0
16:09:28:019,4.842423602303409,-94.7196709458356,371.46189670292176,0.0018508884343144383,0.06276946304854134,0.007709364186333508,383.378671593196,0,4,0
16:09:28:144,4.924998170237743,-95.44839784368685,374.4874214642246,0.019999212315027808,0.015219946613028026,-0.0019827973324992023,386.4912432291673,1,1,0
16:09:28:265,5.1111472166112755,-94.83811386778173,372.77204764155033,-0.0017536068665450599,0.056360792370364954,0.003384265436019471,384.68089525052125,0,3,0
16:09:28:389,5.223696538097216,-94.63268876539186,372.2426013135902,0.014671951300086103,0.0032763448523770553,-0.0023609022483147084,384.11871475000817,1,0,0
16:09:28:513,5.372602723821801,-95.2135027663929,375.25326648011793,0.005709899398496274,0.02402933365978029,0.0029885007690480547,387.18146904658585,0,1,0
16:09:28:634,5.303719486546231,-95.9455464668326,378.7490256164588,0.043843999702933,0.05185530038917925,0.003646930213353449,390.74864264975776,3,3,0
16:09:28:761,5.295455046965925,-95.6491514509903,377.43146925126,0.05762077493924908,0.018713297730024916,0.003404369195146115,389.3986594720297,3,1,0
16:09:28:880,5.314834308089725,-95.14667121473859,375.84676280168725,0.010031210024267235,-0.012664908708235896,-0.0015239505916981846,387.7395074215107,1,-1,0
16:09:29:004,5.417371346320966,-95.77069974921578,378.21915273738455,0.0967927635750026,0.0013140769719491216,-0.003227756708946815,390.1936728602136,6,0,0
16:09:29:130,5.311506520832676,-95.2449753405445,376.23485964111774,-0.005170816877156409,0.01564797109058863,-0.0018606438125941323,388.13977770683766,0,1,0
16:09:29:257,5.315261697348811,-95.30585804207865,376.33093879701363,-0.02335271155693521,0.008968188091596692,-0.0012237219673785693,388.2479028660551,-1,1,0
16:09:29:378,5.289423233733195,-95.57785496671816,377.2819197808847,0.030306336334866523,0.032441167332669656,0.004024946791896155,389.2361125997105,2,2,0
16:09:29:495,5.319313514343953,-95.26353949854992,376.1699423599903,0.014674616151754308,-0.011504301779289522,-0.001390049705453532,388.0815153922872,1,-1,0
16:09:29:620,4.493498890221017,-78.19337986142547,320.93332325244927,1.317173008920717,0.015261497108961871,-0.004945475619212283,330.3522274183885,75,1,0
16:09:29:744,5.220090600522352,-95.51651258546788,377.1807286195223,0.02522048709056302,0.016663560304422256,0.005007298112385023,389.12203171283073,1,1,0
16:09:29:865,5.606899911301739,-95.38523289767605,376.93491404616924,0.0009288021534771231,0.052879220814149044,0.0025219412768871428,388.8569266562603,0,3,0
16:09:29:991,5.546810832977522,-95.40760509032793,376.8804591214159,-0.0006078967292930738,-0.015500904899115783,-0.005484556925130592,388.8087687887942,0,-1,0
16:09:30:112,5.357854144729435,-95.44553480559121,377.0342510803099,0.001695347094569783,0.03305098891717634,0.0026704649698432088,388.96450121193794,0,2,0
16:09:30:234,5.316386743375642,-96.00706217308675,379.14001014291927,0.05005332850903939,0.02693779453683888,0.003121921454702612,391.14289875477095,3,2,0
16:09:30:359,5.340580329491909,-95.72104217300736,377.99555371342024,0.03287256644829312,0.0007843955478147329,-0.0027083779790345397,389.9636884891433,2,0,0
16:09:30:481,5.487013118038107,-94.9460224357737,375.21527699392476,0.49611431730562466,-0.00041815378886603455,-0.005075013861583987,387.0805582549447,28,0,0
16:09:30:601,5.547273610612383,-95.49875194793096,377.0967373043156,-0.01737990773853302,-0.007360590103691761,-0.005718676056031765,389.04078597710475,-1,0,0
16:09:30:726,5.827597049855687,-89.15599257014598,345.27468393157545,-0.630728267068715,-0.006688673106977945,-0.15874298704694287,356.6473878533148,-36,-3,-8
16:09:30:850,5.285015409722202,-95.53328663174744,377.0937427094148,-0.01736398902149607,0.011930654375745926,-0.005939160670358736,389.0427110654291,-1,1,0
16:09:30:971,5.311113930977024,-95.37614552474253,376.1836545216821,-0.005989815448584808,0.01627752228324175,-0.0017646989469562277,388.12235054893836,0,1,0
16:09:31:096,5.40274334615159,-95.56892568785379,377.25193251206275,0.0505548191729497,0.018984416442538853,0.0034085589702868,389.2064102463895,3,1,0
16:09:31:217,5.457343236818036,-95.24791213844507,376.0979512085852,-0.028376119920938685,0.01422449643040637,-0.0003757543137154833,388.00981465065126,-2,1,0
16:09:31:341,5.529380011966611,-95.76962207167934,378.0438948892979,0.03665863576269055,-0.008460244972989788,-0.0008899578692480493,390.0251030615075,2,0,0
16:09:31:467,5.914062368232448,-89.41215089654796,346.2688848688079,-0.628924329538912,-0.0019096047161858958,-0.15578940266453245,357.67534090279435,-36,-3,-8
16:09:31:613,5.430834966607052,-94.61692769240875,373.5893136948724,-0.013687453126210659,-0.0464786817125039,-0.010575040686340303,385.42292651241024,-1,-3,-1
16:09:31:750,5.491447365668514,-95.74987795542074,378.2401839386532,-0.023372812280834074,0.0026439319025200582,-0.0005864121962225728,390.2099843271493,-1,0,0
16:09:31:876,5.438555461571269,-95.36632576317896,376.5785387798163,0.01738410335213228,-0.04042235587249376,-0.007968401327059008,388.50445279895956,1,-2,0
16:09:31:997,5.420278505611247,-95.92634205436717,378.9532092040112,0.02334408528811921,0.041432327681588874,0.003781257362692769,390.9434451234973,1,2,0
16:09:32:164,5.47354596851391,-95.30453811299385,376.48247430689514,0.039898714214575706,-0.04193239088995279,-0.009560860651202522,388.396663413375,2,-2,-1
16:09:32:283,5.40546763573393,-95.50987036208656,377.15197253268315,0.02475347105699514,0.003329102632493201,0.002899774890871818,389.09505882526616,1,0,0
16:09:32:407,5.315261697348811,-95.30585804207865,376.33093879701363,-0.02335271155693521,0.008968188091596692,-0.0012237219673785693,388.2479028660551,-1,1,0
16:09:32:573,5.384515374821393,-95.09448422081236,375.63373566496074,-0.012310942022365235,-0.038739772991496446,-0.011244466361803929,387.5211701373973,-1,-2,-1
16:09:32:736,5.438555461571269,-95.36632576317896,376.5785387798163,0.01738410335213228,-0.04042235587249376,-0.007968401327059008,388.50445279895956,1,-2,0
16:09:32:857,5.486567653042778,-96.24529587625086,380.09183080588804,0.0646738012118501,-0.014586658457924673,-0.002136744576974707,392.1263307255588,4,-1,0
16:09:32:983,5.417939458549773,-95.72864642243816,378.16407110654796,0.01590493321356595,-0.003136214336178442,-0.0019043647121110723,390.12996871520517,1,0,0
16:09:33:103,5.502008989786186,-95.8797012305339,378.76551722840793,0.01984862217884697,-0.021382133131820708,-0.006688514540877255,390.75120761461955,1,-1,0
16:09:33:228,5.46979441202388,-95.881433111272,378.7934562581147,0.07610335167335802,-0.03543277353275835,-0.00848843946908589,390.7782624076592,4,-2,-1
16:09:33:348,5.502008989786186,-95.8797012305339,378.76551722840793,0.01984862217884697,-0.021382133131820708,-0.006688514540877255,390.75120761461955,1,-1,0
16:09:33:472,5.474056279119417,-95.99350464109307,379.2197490093799,0.022448661347973114,-0.041915651820932924,-0.011708614750731703,391.2190387291544,1,-2,-1
16:09:33:597,5.489866915077908,-95.81320927033931,378.3515622586129,-0.0024458217222919653,0.015056567207561109,-0.0004494072882224862,390.3334656072422,0,1,0
16:09:33:718,5.422451118651297,-95.16605149100963,375.91807644326667,-0.011768767789685684,-0.004020172273015151,-0.001723360457153341,387.8148792005399,-1,0,0
16:09:33:844,5.486567653042778,-96.24529587625086,380.09183080588804,0.0646738012118501,-0.014586658457924673,-0.002136744576974707,392.1263307255588,4,-1,0
16:09:33:968,5.428760082087519,-95.37408067235611,376.897534916073,0.0219442815349793,0.04056576387868099,0.005267296605102305,388.8154298969351,1,2,0
16:09:34:086,5.503567381311226,-95.85117585395858,378.5140322389373,0.03987644260205719,-0.03939529744241363,-0.007779301602361451,390.5004606505432,2,-2,0
16:09:34:211,5.499888919523557,-95.92891536955955,378.9623074347318,0.022980618849427138,-0.007055799798480455,-0.007652344305042402,390.95400757424574,1,0,0
16:09:34:333,5.4869271459289735,-95.73939971717935,378.0565420386279,-0.009247468938442563,0.007758223920186125,-0.001420592888184346,390.0293424935045,-1,0,0
16:09:34:459,5.520237589990498,-96.22935965413075,380.1633813923187,0.039809598947031385,-0.0002468483223675783,-0.0013816633664269207,392.1922477996417,2,0,0
16:09:34:579,5.4251542744315335,-95.31182802732532,376.3534391618922,-0.022817619083811417,0.009716443315028647,-0.0011872134271894512,388.2726980226602,-1,1,0
16:09:34:701,5.434362491681567,-95.33163729234488,376.7275548832483,0.018821805652154605,-0.020224861490191526,-0.00809269089247485,388.6403272601044,1,-1,0
16:09:34:827,5.486567653042778,-96.24529587625086,380.09183080588804,0.0646738012118501,-0.014586658457924673,-0.002136744576974707,392.1263307255588,4,-1,0
16:09:34:949,5.4929864608033325,-95.0849781814613,375.73540330444484,-0.028960063168800756,-0.03374368806818012,-0.012006179973402434,387.6189098488119,-2,-2,-1
16:09:35:074,5.431838952759954,-95.45061827658573,377.1978796791421,0.003936717402873858,0.009852086282399674,-0.008229352738677509,389.1253857540417,0,1,0
16:09:35:196,5.381946744101772,-95.10680895566513,375.8295685517804,0.006908056265984582,0.004003879197232797,-0.002306940408949406,387.7139861525544,0,0,0
16:09:35:315,err,err,err,err,err,err,err,err,err,err
16:09:35:444,5.419065929719271,-95.78857201370211,378.2662225319677,0.04120737608802358,-0.005225017293184404,-0.003785303321416619,390.2437083574557,2,0,0
16:09:35:563,5.378660943467412,-95.63836197962513,377.80973383156436,0.032342847729952086,-0.008094526664563648,-0.0008751949070994245,389.76380187694195,2,0,0
16:09:35:731,5.421514621944861,-95.74364697394059,378.0864573890999,0.038141416137318467,-0.019307926776795988,-0.0027838410892115535,390.05846743495545,2,-1,0
16:09:35:944,5.422488702090113,-95.7786503734628,377.9309037431529,0.013507664917856984,-0.03084405194156497,-0.002801441974885405,389.91630031995663,1,-2,0
16:09:36:055,5.363015645873374,-95.52415755662379,377.200277340347,-0.016005634045004113,0.025022404464198508,0.0031447908721755915,389.1448006068631,-1,1,0
16:09:36:182,5.42555456057099,-95.24226839583979,376.2226789191795,-0.005178623721829804,0.00311012027124019,-0.0007692969853737095,388.1288838319031,0,0,0
16:09:36:302,5.486567653042778,-96.24529587625086,380.09183080588804,0.0646738012118501,-0.014586658457924673,-0.002136744576974707,392.1263307255588,4,-1,0
16:09:36:426,5.421514621944861,-95.74364697394059,378.0864573890999,0.038141416137318467,-0.019307926776795988,-0.0027838410892115535,390.05846743495545,2,-1,0
16:09:36:548,5.466119423533745,-95.35284453492339,376.3762017194124,-0.002967009242727892,-0.0044769896007291,-0.0017004629325113093,388.30540640478523,0,0,0
16:09:36:670,5.54273988463199,-95.98185225974015,378.8840514709995,0.022797621845191914,-0.03057712434211203,-0.00783118121427503,390.8917527752642,1,-2,0
16:09:36:822,5.368068241828356,-95.01011140992041,375.15788140743257,0.002988506939269374,0.03770429183206596,0.004899500867386308,387.0389817691335,0,2,0
16:09:36:958,5.464559116562272,-95.35998167952948,376.26102945356735,-0.004530385554608434,-0.004524502615743663,-0.001699770651208677,388.19550460781596,0,0,0
16:09:37:080,5.421876224864618,-95.84285279998596,378.3313119970392,0.018744277003995547,-0.009774300692413947,-0.0028341028579790773,390.32016449581306,1,-1,0
16:09:37:204,5.420170057616974,-95.84730094649768,378.2044702776829,0.01673472356354147,-0.009844126746497362,-0.0028355082634400493,390.19828892526516,1,-1,0
16:09:37:326,5.437463756609204,-95.48253040970773,377.03348354243224,-0.0179190306904903,-0.015229444009586871,-0.007237317244549735,388.97394172063343,-1,-1,0
16:09:37:457,5.387838765689116,-95.26199473995723,376.0245021620465,0.031548683979022205,-0.0036797698296473823,-0.002063562761622386,387.94110722455747,2,0,0
16:09:37:573,5.503567381311226,-95.85117585395858,378.5140322389373,0.03987644260205719,-0.03939529744241363,-0.007779301602361451,390.5004606505432,2,-2,0
16:09:37:696,5.503567381311226,-95.85117585395858,378.5140322389373,0.03987644260205719,-0.03939529744241363,-0.007779301602361451,390.5004606505432,2,-2,0
16:09:37:821,5.509494027600249,-95.60854527578479,376.9681035446215,0.021422688507808298,-0.007389858709060543,-0.006070005167958174,388.9425401575668,1,0,0
16:09:37:942,5.472613550425466,-95.20713137469886,376.09278772373204,0.03347225355236406,-0.05523514481191373,-0.008463138726487912,387.99501587195635,2,-3,-1
16:09:38:067,5.433839736301283,-95.463632868002,376.39766319283046,0.03591903186787272,-0.03097359280352264,-0.008196992148341378,388.3529743309042,2,-2,-1
16:09:38:187,5.4190005469422,-95.83236912970025,378.16127773538625,0.06450437181008982,-0.004958295421459033,-0.0024323911147985425,390.15273998576356,4,0,0
16:09:38:310,5.779383404103203,-88.93427950727367,344.00672405387405,-0.6238875482568167,-0.003466976580690466,-0.1497845639340568,355.36366378442204,-36,-3,-8
16:09:38:435,5.365968241860959,-95.66947560751488,377.0700855823808,0.02639974382861853,-0.01500727543260286,-0.007215093315289809,389.05435561023285,2,-1,0
16:09:38:558,5.511705429046958,-95.46264083279533,376.81367444196485,0.002433369495157604,-0.027948279032998263,-0.007368427357297024,388.75704487245366,0,-2,0
16:09:38:680,5.370776236099194,-95.13958892561666,375.1074225655337,0.025411350864568832,-0.0013239542386592551,-0.00660958238072851,387.0219180900113,1,0,0
16:09:38:802,5.350082014496443,-95.4306697265267,376.11807668794813,0.013568857311894307,0.006573827165516916,-0.001650144299026835,388.0727299275955,1,0,0
16:09:38:932,5.225089645114245,-95.12115996455151,374.88665348646293,-0.0015999719854985746,-0.013516778522148238,-0.006779738640924591,386.80142140002613,0,-1,0
16:09:39:048,5.350082014496443,-95.4306697265267,376.11807668794813,0.013568857311894307,0.006573827165516916,-0.001650144299026835,388.0727299275955,1,0,0
16:09:39:172,5.481114343794491,-95.1768349499202,374.8164056859874,-0.021714422059451816,-0.01844756031968109,-0.0059240467900118264,386.7505791810748,-1,-1,0
16:09:39:295,5.454135427934731,-94.76535031746255,373.3300673338749,0.005313708763270677,-0.0006165902173519952,-0.006441456978082567,385.20846095273305,0,0,0
16:09:39:417,5.413640235291204,-95.92443946465978,378.085381606112,0.036758373633003556,0.013081197348958093,-0.0007808184667125051,390.1017320795252,2,1,0
16:09:39:543,5.31299911617398,-95.43160029212095,376.12221267747924,0.013572067546189859,0.008976127088344412,-0.0014540135434504347,388.0764578834003,1,1,0
16:09:39:663,5.222930154652199,-95.22128484582927,374.9961577019386,-0.01972169664334189,0.0005685952614280379,-0.006166846639854401,386.93215216405594,-1,0,0
16:09:39:788,5.36736110544469,-95.41228677388403,375.7748016699282,0.05951242612120094,0.054092949756716475,-0.0016113106238646393,387.73575357804185,3,3,0
16:09:39:907,err,err,err,err,err,err,err,err,err,err
16:09:40:032,5.449792997603483,-95.8062624886167,377.4774422384535,0.051906865605024284,-0.021004104160483043,-0.00440734757242418,389.4839657478077,3,-1,0
16:09:40:198,5.3155498673830905,-95.46739904114435,375.98439466345616,0.03375539097650377,-0.006288119619879036,-0.002228027392276558,387.95172944648573,2,0,0
16:09:40:320,5.262765456959546,-94.71909019627856,373.0053845923517,-0.0018727123557426158,0.01531368209008137,-0.007261304035709825,384.8797470415323,0,1,0
16:09:40:442,5.358164179326799,-95.71734585942788,376.97306845571006,0.024397018841511176,0.007299314558850882,-0.00703725385574774,388.9719971446009,1,0,0
16:09:40:567,5.32478958619638,-95.00314452029131,374.2704053125324,-0.02524852318822543,0.007232180325972507,0.00014528394658712898,386.1764974020142,-1,0,0
16:09:40:689,5.369074640177793,-95.14355136803147,374.9799269442274,0.02327944726111432,-0.0014370123816530912,-0.006612953309769798,386.8992994830969,1,0,0
16:09:40:814,5.325240785836495,-94.98666684328813,374.2124119838583,0.013481554796583048,0.001486181601898966,-0.0008980291137886984,386.116244608022,1,0,0
16:09:40:936,5.361135043208011,-95.61237421602218,376.84976558687964,0.0463274585364771,-0.010666627484165171,-0.008166067523408357,388.8267142250675,3,-1,0
16:09:41:058,5.2236376397628,-95.12877765178351,374.7741367701853,-0.003115443213990191,-0.01360458449878588,-0.00678637335883778,386.6942258678704,0,-1,0
16:09:41:184,3.7273108537018285,-85.39029798620524,343.34312793583945,1.0252318879171303,0.08549765082471376,-0.1368830554183337,353.82184689069055,59,8,-4
16:09:41:303,5.345258803176817,-95.51416398435103,376.0163009085497,-0.008218482616527386,0.020103087815773947,-0.001071799300197501,387.994569372113,0,1,0
16:09:41:429,5.348472852210208,-95.43625391987926,375.9968528076396,0.011722383915663277,0.006541847100053445,-0.001642933366228821,387.95659299122667,1,0,0
16:09:41:550,5.297261599424371,-95.2102665317184,375.2415697427712,0.006490180379520252,0.036388357335217614,0.004905231089591378,387.1682986719246,0,2,0
16:09:41:675,5.339065674731078,-95.27716637512809,375.2268853302104,0.026799295577758453,0.013227462912229105,0.002656364727718954,387.17109852023276,2,1,0
16:09:41:796,5.3340056710609804,-95.21918685505561,375.1333151302445,0.0040638337891444306,0.026235031587679775,0.0031721869637543385,387.066078702906,0,2,0
16:09:41:921,5.308151577167963,-95.48672657938307,376.06165994394183,0.035184175514426534,0.024563592714930974,-0.0009016621066333433,388.0312661446304,2,1,0
16:09:42:044,5.309927706388751,-95.48468344584137,376.1972941497402,0.037680636572995904,0.024641122155644693,-0.0009120267320273616,388.16223957333324,2,1,0
16:09:42:165,5.291644732719193,-95.07556471838596,374.8518966215767,0.01832674073528461,0.028433323445183283,0.0017823630975618118,386.75742903180355,1,2,0
16:09:42:290,5.3608301515519186,-95.00678362391017,374.1421175904196,-0.02658713255806903,9.451749933588837e-05,-0.0007125221691197072,386.053560519156,-2,0,0
16:09:42:411,5.696787387367855,-88.88932085673443,343.46374182496766,-0.6289198306527027,-0.003914157936272878,-0.15886261942565505,354.825459482992,-36,-3,-8
16:09:42:533,5.319406862728983,-95.78949009918934,377.5479162986071,0.026969233831185453,0.0557186549033922,-0.0009438490437515324,389.5463407660942,2,3,0
16:09:42:700,5.361275819273189,-95.70839869400423,377.08140689509924,0.02647823539041368,-0.0010353704246219692,-0.008196312363464194,389.0748363553831,2,0,0
16:09:42:821,5.364674168903384,-94.51389034528258,372.3355015001639,0.016605813184075894,0.016169463336423297,-0.0033925664822439918,384.1814426472434,1,1,0
16:09:42:944,5.368380778553235,-95.71801238864835,377.1140681976294,0.005119637107434583,-0.01960233027153055,-0.006300953528884844,389.10895368827386,0,-1,0
16:09:43:067,5.354991946516026,-95.66629105991996,376.77778128085464,0.046572427628232,0.05988377336467576,0.013432678747747312,388.77012700416185,3,3,1
16:09:43:188,5.249123147959973,-95.00643824206138,374.2844674958988,-0.025004425948656796,0.010912585234205635,-0.0025119916197315086,386.1899004504825,-1,1,0
16:09:43:316,5.395690773755441,-95.8253653671729,377.7114058124897,0.08382448594275967,0.04889587633813378,-0.0025728806992667045,389.71466511734644,5,3,0
16:09:43:436,5.264954600039695,-95.93541813829961,377.9865844246369,0.03526137224710391,0.014765704895903183,-0.000602077613170087,390.00664379637686,2,1,0
16:09:43:558,5.2275336909320425,-95.20859810235318,375.2496736514107,0.051721582077192955,0.018859561501650537,0.00188261773891108,387.1747949396958,3,1,0
16:09:43:685,5.385636025882153,-95.67083395577579,376.80543820988566,0.07133047273448902,0.029864114785009627,-0.007039464468679528,388.7984719745448,4,2,0
16:09:43:805,5.334983406459048,-95.11030347885777,374.4115157843474,-0.02644689089573057,-0.03615499208738779,-0.005573237622591475,386.3397663038588,-2,-2,0
16:09:43:938,5.24835184633963,-94.94761620489649,374.0532946834654,-0.008937468194330686,0.0038662321878451446,-0.002151912136317331,385.9513729521515,-1,0,0
16:09:44:053,5.314227162425227,-95.40820252772262,375.7423232779972,0.008161399353167115,-0.012655068585750289,-0.0015216716779025872,387.7025401287071,0,-1,0
16:09:44:180,3.992027370696282,-88.47611813760452,341.77128033441204,-0.6379127261373746,0.02326961730273748,0.16055278469958423,353.0602892207661,-36,4,8
16:09:44:300,5.390097537608617,-95.60029528432578,376.5206984082636,0.06110961299266032,0.02719811489424793,0.00300015800523366,388.5052199646252,4,2,0
16:09:44:420,5.396601958288106,-95.67886673633316,376.98202238344123,0.07536033887936018,0.0007870969772294932,-0.008093071125120048,388.9717394014051,4,0,0
16:09:44:545,5.288834496238476,-95.70632710803477,377.2181800465052,0.02902074611567285,0.03321381894034752,0.004147255865223294,389.2058943238609,2,2,0
16:09:44:666,5.286893024339618,-95.68563599937927,376.99790162207006,0.04504609898341688,0.005106398538851195,-0.005804017412582951,388.9872877124656,3,0,0
16:09:44:792,5.281178056267052,-95.73365869141507,376.9032821305075,0.04766111149556719,0.04450826905789091,0.004095509750845149,388.90732614448814,3,3,0
16:09:44:912,5.34847065352754,-95.5972857135284,376.6379584732787,0.017462667973186536,0.04997183157849685,0.0034401028587347383,388.6175484162351,1,3,0
16:09:45:038,5.288581383469285,-95.61332132512914,376.8459352269743,0.01960077905693936,-0.009823865457658561,-0.006257685818045356,388.8222411397847,1,-1,0
16:09:45:158,5.331858936306385,-95.86358500657805,377.8441596248553,0.03476070405500264,0.05376618555651198,0.009088243338225364,389.8518495693502,2,3,1
16:09:45:282,5.344007342223259,-95.39188463296482,375.827828566912,0.03590173081190273,-0.018125808380214454,-0.014515633778233379,387.78180307180844,2,-1,-1
16:09:45:407,5.33786467805865,-95.86641716252424,377.8552236683325,0.034501199058610314,-0.02136536795937322,-0.01321182912911706,389.86335143527657,2,-1,-1
16:09:45:527,5.4392579580796285,-95.69781246375592,377.2024636886431,0.08046895180820339,0.012434896804787945,0.0005337986966484507,389.1906415245167,5,1,0
16:09:45:651,5.2779099302492405,-95.4415461542921,376.3142785210379,0.043249668893454524,0.008989279851666478,-0.003223239742934485,388.2645763965121,2,1,0
16:09:45:774,5.3434444508875965,-95.43432875121503,375.9892807859942,0.011570742370656799,0.020600236559235,-0.0025906949965957228,387.94871151837054,1,1,0
16:09:45:897,5.317327015696106,-95.46497772899498,376.1184572576134,0.03617579316427925,-0.00619027214133632,-0.0022257513046609672,388.08108666776906,2,0,0
16:09:46:019,5.428485226737995,-95.01035576279857,374.3014663435176,-0.003059800010496561,0.02121431723511978,-0.0024460503377995747,386.20981844191624,0,1,0
16:09:46:142,5.348472852210208,-95.43625391987926,375.9968528076396,0.011722383915663277,0.006541847100053445,-0.001642933366228821,387.95659299122667,1,0,0
16:09:46:267,5.3199087846633955,-94.9495683005414,374.065325485952,0.01430099503359208,0.004990209255218818,-0.0037787637444553126,385.9644927721299,1,0,0
16:09:46:388,5.320461389882869,-95.00639416208304,374.28344380956537,-0.02492772739989864,0.020074920343216247,-0.000942527698014637,386.18987370337715,-1,1,0
16:09:46:511,5.31299911617398,-95.43160029212095,376.12221267747924,0.013572067546189859,0.008976127088344412,-0.0014540135434504347,388.0764578834003,1,1,0
16:09:46:637,5.361135043208011,-95.61237421602218,376.84976558687964,0.0463274585364771,-0.010666627484165171,-0.008166067523408357,388.8267142250675,3,-1,0
16:09:46:798,5.369074640177793,-95.14355136803147,374.9799269442274,0.02327944726111432,-0.0014370123816530912,-0.006612953309769798,386.8992994830969,1,0,0
16:09:46:925,5.361863873931797,-95.53352821992671,376.39130560611693,0.039573020791440885,-0.03505374667113901,-0.008564128686126089,388.3629996977408,2,-2,-1
16:09:47:043,5.29732608533733,-95.09265535339935,374.77690769118595,0.017242485688302712,0.006042409276535224,0.0015896475319336922,386.68902920096207,1,0,0
16:09:47:168,5.412002348332311,-95.8761417218027,377.7688632964413,0.0838071364887447,-0.0007287554294365894,-0.0034220694466764075,389.7830658163113,5,0,0
16:09:47:292,5.255065104172205,-95.91780996228793,377.7725434244397,0.03255507833003006,0.038668731427671355,-0.00021090990228136015,389.7947364223648,2,2,0
16:09:47:414,5.307167438205899,-94.6490965323855,373.15330736648457,0.0033559456735044384,-0.005755347938106269,-0.007209103279770684,385.0065042296819,0,0,0
16:09:47:538,5.318405710392443,-95.72577628482522,377.01586273858516,0.05052560668156551,0.04907085085519899,0.0048210721885241095,389.01500027782015,3,3,0
16:09:47:658,5.253770986315121,-94.97222015846556,374.1559132825656,0.013087295893105342,-0.010235853889004682,-0.0027914960219438726,386.0569545490865,1,-1,0
16:09:47:824,5.249793376255007,-94.93964526244073,374.1640955692441,-0.007485586319456976,0.003891824929927642,-0.0021567268507412304,386.0568183392205,0,0,0
16:09:47:948,5.363029600958455,-95.61160405688328,376.9910610823638,0.049119860591941164,-0.010541661735099572,-0.008162201283348205,388.9634957844213,3,-1,0
16:09:48:069,5.288581383469285,-95.61332132512914,376.8459352269743,0.01960077905693936,-0.009823865457658561,-0.006257685818045356,388.8222411397847,1,-1,0
16:09:48:191,5.316640507159141,-95.49084085791583,376.2102403622821,-0.005895819636036981,0.002269299947353846,-0.0008151917515042738,388.1763932898035,0,0,0
16:09:48:316,err,err,err,err,err,err,err,err,err,err
16:09:48:437,5.476860241657054,-95.09617309915129,374.9235534324376,-0.0204101668958357,-0.00022970170987913634,-0.006264928409054864,386.83452412448435,-1,0,0
16:09:48:563,5.318113490119632,-95.19999041043937,375.6293777109021,0.007362829140291028,-0.03268283877517444,-0.0013919683448067866,387.54193309204754,0,-2,0
16:09:48:684,5.39850684997836,-95.0617933056283,374.79583544384127,0.01796783773436795,0.038429092390702774,0.003572907275736992,386.70118526937335,1,2,0
16:09:48:807,5.31469865203458,-95.36890068360968,376.0113647852729,-0.008179626916160846,-0.0035976589265660566,-0.0016199769054331382,387.95363084658163,0,0,0
16:09:48:936,5.3078562546740065,-95.41940474837062,376.2174842464596,0.015447313635368899,0.030341007593469076,-0.0014140496102967891,388.16572696889244,1,2,0
16:09:49:053,5.3743674165624,-95.85672703707182,377.81451441497524,0.029380985611521433,0.005898310175699569,-0.0018535541050089936,389.82201482985977,2,0,0
16:09:49:179,5.368800292927542,-95.66002463951436,376.8968032635929,0.04857143905492452,-0.033196847556030126,-0.008346567622944334,388.8841275250679,3,-2,-1
16:09:49:300,5.365968241860959,-95.66947560751488,377.0700855823808,0.02639974382861853,-0.01500727543260286,-0.007215093315289809,389.05435561023285,2,-1,0
16:09:49:516,5.288047803105374,-95.75973528365783,377.2813350973172,0.007805610878352301,0.037645889797219244,0.003480067505995739,389.2802283239907,0,2,0
16:09:49:640,5.417232789260127,-95.41255695828445,375.9068018126043,0.02927681035163008,0.015775945737318664,-0.0021399746535386652,387.86444292483355,2,1,0
16:09:49:767,3.953018642192411,-89.10745165896121,344.33141039757334,-0.6262519903208859,0.01576684468569633,0.15872902843805672,355.6963374620572,-36,4,8
16:09:49:924,5.40033504540055,-95.60832422382917,376.9776978244551,0.04933718614404781,-0.014044214137826486,-0.008507290478554743,388.95025380698445,3,-1,-1
16:09:50:088,5.365968241860959,-95.66947560751488,377.0700855823808,0.02639974382861853,-0.01500727543260286,-0.007215093315289809,389.05435561023285,2,-1,0
16:09:50:216,5.383590935409922,-95.37574205933521,376.0423841658332,0.013002745613558542,-0.014964014080269683,-0.0124022100689361,387.9863269676559,1,-1,-1
16:09:50:336,5.387319972866998,-95.20230905914848,375.4989120635787,0.023582682923951884,-0.026903176244040317,-0.0023199229490540436,387.41700508317246,1,-2,0
16:09:50:503,5.36474914027086,-95.6966059401908,377.0408417433567,0.04593126192966257,0.0131999837282426,0.002527117760566591,389.03266863381685,3,1,0
16:09:50:621,err,err,err,err,err,err,err,err,err,err
16:09:50:744,5.3854202374783755,-94.96514057869898,374.836150675817,-0.0027939709732332837,-0.09319644001126955,-0.01652041707176787,386.716330828852,0,-5,-1
16:09:50:860,5.49799771891357,-95.9423742932469,378.3076318819069,0.059544307022925014,-0.028095285095651387,-0.007784654052225173,390.3227273731816,3,-2,0
16:09:50:980,5.308616478339324,-95.38287917938321,376.0671203005276,-0.007385628219394606,0.021439013788473727,-0.0010334357348669343,388.01102306583306,0,1,0
16:09:51:106,5.337011420242113,-95.85796360033217,377.81986994251514,0.02939254217373846,0.008845851613936768,-0.0015839362910414784,389.82699624305326,2,1,0
16:09:51:225,5.3969749713942035,-95.23653121327294,375.8354746728766,0.42076719363601306,0.05878946241590601,-0.00603487432434723,387.75176110362804,24,3,0
16:09:51:367,5.396762459306066,-95.64214849561122,376.9596176890334,0.021392266524971205,0.02505966550063181,0.003010304035637108,388.94099678763735,1,1,0
16:09:51:474,5.31299911617398,-95.43160029212095,376.12221267747924,0.013572067546189859,0.008976127088344412,-0.0014540135434504347,388.0764578834003,1,1,0
16:09:51:595,5.383633394928377,-95.30323137963758,375.6101364343947,0.007394010671788821,-0.035665373953722455,-0.01234129609662734,387.5495632976463,0,-2,-1
16:09:51:720,5.470460988140768,-95.6303659958701,377.0558520563518,0.023189019311983413,-0.0004987141037560836,-0.008177994626854404,389.0324002109185,1,0,0
16:09:51:842,5.382606323671674,-95.27162887981002,375.63171766509157,0.024896091484898377,-0.004130868392588719,-0.002088061805006382,387.5626956200441,1,0,0
16:09:52:005,3.779295694580238,-85.78005870987099,345.02455800770366,1.0133308607888978,0.08397221165737635,-0.13843727802160935,355.548094041618,58,8,-4
16:09:52:131,5.3828922146385985,-95.36177558982709,375.8423061586492,0.006764876951105747,0.004069881501047715,-0.002296326367941062,387.7889669277489,0,0,0
16:09:52:251,5.4152863912796025,-95.92442024898406,378.0854188088089,0.03709799926500751,0.0031576211323321736,-0.002620010790164072,390.101786259222,2,0,0
16:09:52:415,5.333775277402709,-95.11426504390793,374.85777916732377,-0.0023317219142929427,-0.012586487248247564,-0.006713378882207253,386.7732244814921,0,-1,0
16:09:52:541,5.403073946768912,-95.66615722146517,377.0565342486813,0.026529441314536804,-0.01767346994678093,-0.007447132432921396,389.0409192684278,2,-1,0
16:09:52:660,5.288581383469285,-95.61332132512914,376.8459352269743,0.01960077905693936,-0.009823865457658561,-0.006257685818045356,388.8222411397847,1,-1,0
16:09:52:786,5.359438863951252,-95.64123868273829,376.9564887709668,0.021476045869533267,0.02770303067416519,0.0032384228847047313,388.937224431194,1,2,0
16:09:52:906,5.39035625564022,-96.08609125201248,378.72972292710114,0.04255296846584026,-0.018128789313034795,-0.007739132236943889,390.7656534306612,2,-1,0
16:09:53:029,5.418879969635092,-95.30608562837324,375.47802341443304,0.005976173349131904,-0.03796972034862488,-0.012522649530171107,387.42271524155325,0,-2,-1
16:09:53:154,5.4152863912796025,-95.92442024898406,378.0854188088089,0.03709799926500751,0.0031576211323321736,-0.002620010790164072,390.101786259222,2,0,0
16:09:53:277,5.365968241860959,-95.66947560751488,377.0700855823808,0.02639974382861853,-0.01500727543260286,-0.007215093315289809,389.05435561023285,2,-1,0
16:09:53:402,5.332657452007425,-95.81566579080976,377.789758711807,0.007615431309666596,0.022617298169832753,-0.000994906498287638,389.7873533530327,0,1,0
16:09:53:522,5.359438863951252,-95.64123868273829,376.9564887709668,0.021476045869533267,0.02770303067416519,0.0032384228847047313,388.937224431194,1,2,0
16:09:53:645,5.308329210310636,-95.26731479432404,376.3044186376105,0.463930502723768,0.030984814896446895,-0.002074272602962402,388.2126416196617,27,2,0
16:09:53:769,5.410736627531057,-95.84961418556468,377.9401255014377,0.05950465657392177,0.009771904262484777,-0.003310325710294796,389.942512525137,3,1,0
16:09:53:891,5.285418040912495,-95.64138940053928,377.1020251274677,0.02366171278723104,0.012710532983127857,-0.0060841489417813,389.077303842784,1,1,0
16:09:54:016,5.337011420242113,-95.85796360033217,377.81986994251514,0.02939254217373846,0.008845851613936768,-0.0015839362910414784,389.82699624305326,2,1,0
16:09:54:136,5.354699403453739,-95.46975920965062,376.42166136845157,0.032504622426127436,-0.01012228618880658,-0.008013090400968908,388.3766404878584,2,-1,0
16:09:54:260,5.465792373779348,-96.07675733680334,378.84933615557065,0.07638715271713153,-0.022442029927389834,-0.010139256998873544,390.8803367939411,4,-1,-1
16:09:54:386,5.91333391409683,-89.6090618831368,346.2232061401815,-0.6107648088126513,-0.0005909438011347548,-0.15636419286885436,357.68038799959675,-35,-3,-8
16:09:54:506,5.359438863951252,-95.64123868273829,376.9564887709668,0.021476045869533267,0.02770303067416519,0.0032384228847047313,388.937224431194,1,2,0
16:09:54:632,5.3674985529375006,-94.92507691071732,373.96607849653134,0.006858581961442081,-0.0456158648308199,-0.006869286933139939,385.86293956960316,0,-3,0
16:09:54:750,4.0199236538897045,-88.97504572386053,344.05814703768647,-0.6204851092910749,0.028410084178571677,0.163544935404515,355.39939095439155,-35,4,8
16:09:54:877,5.287582981426919,-95.50198144535528,376.55217722012395,0.037444278394517055,-0.019266689604730977,-0.006189047684265871,388.5101403605704,2,-1,0
16:09:55:000,5.3053955730336915,-95.12650922936812,375.05407882807566,0.01732959758274533,-0.04184317069619959,-0.01156322618659996,386.9660993238656,1,-2,-1
16:09:55:162,5.480705150721837,-95.25178304598509,374.9749738551289,-0.0008349797210380103,-0.00764239106989083,-0.005967924395113162,386.9226942427171,0,0,0
16:09:55:286,5.422448034153112,-96.0003677415948,378.1000463919535,0.037868147255354666,-0.019146740697938393,-0.002768519986846576,390.1347441984653,2,-1,0
16:09:55:407,5.456089092796542,-95.98287585478238,378.16723113803744,0.015746075039821554,-0.005470527065586197,-0.00209151105326194,390.19602262472245,1,0,0
16:09:55:530,5.452687087947,-95.9228246362877,378.0786737310371,0.037165034019356134,6.004916612189898e-05,-0.002910150330178493,390.0953775846403,2,0,0
16:09:55:656,5.363509934890447,-95.70948414297919,377.37399611369943,0.031232196892640594,0.007453945581588213,-0.007064700952851981,389.3587106211434,2,0,0
16:09:55:777,5.418165194622122,-95.15817084157058,375.1804106509348,0.023327094181229985,-0.04940530994596299,-0.012698119850501623,387.0978875274235,1,-3,-1
16:09:55:904,5.367919831907567,-94.89339700724277,373.6971930583555,0.0004978709364850489,-0.056778639912896514,-0.005513278338684533,385.59455838819844,0,-3,0
16:09:56:023,5.438954874118686,-95.58500073839774,376.738739744662,0.04187296499317278,-0.03101621984033657,-0.008232040591432193,388.7134582448598,2,-2,-1
16:09:56:147,5.479118619387938,-95.01288713184067,374.5997854847859,0.015073668849296918,-0.023125118925275044,-0.00674142987231869,386.50028298465816,1,-1,0
16:09:56:269,5.447913628229179,-95.1700449729254,374.7932053719758,-0.002759167627517343,-0.030619201161447514,-0.006402245005087265,386.72595467080987,0,-2,0
16:09:56:419,5.480010259159578,-95.11795288121169,374.8708040600695,-0.0017327738702263792,-0.013739260039438901,-0.006806681140333834,386.7887992294967,0,-1,0
16:09:56:555,5.434850441322091,-95.6936936699894,377.0285887644428,0.046347489623753006,0.02875138972277075,0.004916142738528792,389.02105001302004,3,2,0
16:09:56:680,5.482349669661263,-95.6270881133991,377.0498815154275,0.04520294052053676,-0.04943566135721607,-0.012656524575395614,389.0259750836005,3,-3,-1
16:09:56:803,5.341671183180798,-94.5524338037684,372.7668807179665,-0.005184389053067117,-0.013818756160619837,-0.005268781237098754,384.60868886369155,0,-1,0
16:09:56:926,5.402865979344315,-95.43138461457123,376.1341589669441,0.05458836272370833,-0.07621544832917627,-0.015125772481184567,388.0892238545349,3,-4,-1
16:09:57:048,5.436330353981119,-95.52102652722427,376.47644119349656,0.014659991993531605,-0.03400857827819676,-0.007085226744218517,388.44347203969403,1,-2,0
16:09:57:172,5.430245834166916,-94.8260734603242,373.5719691705891,0.006036642202982435,-0.0441676515117358,-0.011767624802720058,385.4575046976176,0,-3,-1
16:09:57:334,5.4214456180927355,-95.18233019142447,375.2717759275212,0.004170926969468855,-0.05697807367522499,-0.01225351835858608,387.19242484978315,0,-3,-1
16:09:57:459,5.373393102500573,-95.09845855854786,374.94312455413666,0.02258162927219937,-0.01541571683767251,-0.005647014465751305,386.85260348621756,1,-1,0
16:09:57:581,5.422799490090394,-95.4382996512709,376.14767472483294,0.014266485200321815,0.010048683535769608,-0.0013789183347889182,388.1043016967658,1,1,0
16:09:57:706,5.474500863124912,-95.56124182619004,376.5002610550653,0.0396723578494287,-0.041634523917980226,-0.009535776670572949,388.4769847411765,2,-2,-1
16:09:57:827,err,err,err,err,err,err,err,err,err,err
16:09:57:952,5.393676069831356,-94.83048872868656,373.58982481588424,0.0058132476550527695,-0.04209358526477396,-0.011615632149552963,385.4753825343856,0,-2,-1
16:09:58:073,5.403073946768912,-95.66615722146517,377.0565342486813,0.026529441314536804,-0.01767346994678093,-0.007447132432921396,389.0409192684278,2,-1,0
16:09:58:198,5.428822406816486,-94.84539433538076,373.7868920394453,-0.011737828174863886,-0.028731189529388353,-0.010996894504745934,385.6705350423682,-1,-2,-1
16:09:58:319,5.435305952801892,-95.58762915774162,376.74193681874647,0.018650780311893878,-0.020063668473862845,-0.008078041964858514,388.71715212573116,1,-1,0
16:09:58:441,5.469076351306201,-95.46176615223779,376.24613230720314,0.03391968704454571,-0.034186356783617075,-0.00849916067499254,388.2061458415752,2,-2,-1
16:09:58:568,5.423388239646007,-95.42099107044817,375.93053047309854,-0.011862321994144501,-0.003937411539275432,-0.0017136855005939818,387.8896008127181,-1,0,0
16:09:58:689,5.356446346116001,-94.95218728160319,374.0701574146999,-0.008706814242923426,0.012240546632694404,-0.0005677273631036059,385.97032535582036,0,1,0
16:09:58:855,5.435305952801892,-95.58762915774162,376.74193681874647,0.018650780311893878,-0.020063668473862845,-0.008078041964858514,388.71715212573116,1,-1,0
16:09:58:976,5.413476874393848,-95.92687769514343,377.95070030836894,0.03466891621964202,0.0030831294707536787,-0.002615890079859432,389.97179828776734,2,0,0
16:09:59:100,5.347232507782271,-95.4846310663359,376.1965596993212,0.03751162939645258,0.021559207216949327,-0.0011993163321569924,388.16202698740574,2,1,0
16:09:59:222,5.481114343794491,-95.1768349499202,374.8164056859874,-0.021714422059451816,-0.01844756031968109,-0.0059240467900118264,386.7505791810748,-1,-1,0
16:09:59:345,5.403219534724334,-95.7599893488388,377.2809324396942,0.007831911538652252,-0.008326112160078586,-0.007519596019582512,389.2814821231486,0,0,0
16:09:59:470,5.420441245786677,-95.29927651788321,375.59408987649266,0.007612562280943736,-0.037814953264893085,-0.012502961209523636,387.5335516291226,0,-2,-1
16:09:59:591,4.008808737091206,-88.87791653540303,343.68378593667677,-0.6231440414529342,0.01342611065714458,0.15403637589438274,355.0125340194795,-36,3,8
16:09:59:714,5.383633394928377,-95.30323137963758,375.6101364343947,0.007394010671788821,-0.035665373953722455,-0.01234129609662734,387.5495632976463,0,-2,-1
16:09:59:839,err,err,err,err,err,err,err,err,err,err
16:09:59:959,5.443205841714463,-95.1201754263367,374.88002782060397,-0.0018222275282903644,-0.011693515460258293,-0.0066589042770016345,386.79776566281913,0,-1,0
16:10:00:085,5.472347592427742,-95.58445529256801,376.72898056999395,0.018839451028150513,-0.022572276189024278,-0.008288831642743204,388.704334273566,1,-1,0
16:10:00:247,5.428822406816486,-94.84539433538076,373.7868920394453,-0.011737828174863886,-0.028731189529388353,-0.010996894504745934,385.6705350423682,-1,-2,-1
16:10:00:367,5.52399155241426,-95.93190525310584,378.11400061243586,0.037638261609397615,0.014473823158247268,-0.0006675912491908219,390.1328522276779,2,1,0
16:10:00:495,5.420441245786677,-95.29927651788321,375.59408987649266,0.007612562280943736,-0.037814953264893085,-0.012502961209523636,387.5335516291226,0,-2,-1
16:10:00:618,5.4213425134998,-96.12040158151149,378.8665065769708,0.045059568549765755,0.03771036825121094,0.004558050394736721,390.907089166566,3,2,0
16:10:00:741,5.41723959790496,-94.8227533544436,373.83966931036923,-0.010412156763439895,0.0637264640963654,0.008066938040940688,385.7159568758661,-1,4,0
16:10:00:860,5.437496919348552,-95.56689509924277,376.52294279528,0.03930033023019467,-0.038646192946742486,-0.009260157017209393,388.49983817612497,2,-2,-1
16:10:00:984,5.383633394928377,-95.30323137963758,375.6101364343947,0.007394010671788821,-0.035665373953722455,-0.01234129609662734,387.5495632976463,0,-2,-1
16:10:01:110,5.412132091637814,-95.98331532544454,378.1860185052058,0.0647613463300073,0.020619845616046226,-0.001882004019929737,390.2137268055302,4,1,0
16:10:01:229,5.474729477686433,-95.63696777451919,376.78964117445054,-0.0014110609772621777,-0.026039514600369133,-0.007231680989645292,388.7760743208479,0,-1,0
16:10:01:382,5.472347592427742,-95.58445529256801,376.72898056999395,0.018839451028150513,-0.022572276189024278,-0.008288831642743204,388.704334273566,1,-1,0
16:10:01:517,5.428183503485681,-94.89965260861477,374.14537185070935,-0.007438002091628576,-0.009500744301087116,-0.011222826050097591,386.03130510191636,0,-1,-1
16:10:01:640,5.4157779748939525,-95.24581139232373,375.09580389606117,0.004030175840766259,-0.02831826810339332,-0.005770858906716277,387.0374107748343,0,-2,0
16:10:01:765,5.38146032007268,-94.65459907648011,372.8894154130535,-0.0030159024903790807,-0.021389229634663293,-0.006200323976298721,384.75312782171693,0,-1,0
16:10:01:886,5.430245834166916,-94.8260734603242,373.5719691705891,0.006036642202982435,-0.0441676515117358,-0.011767624802720058,385.4575046976176,0,-3,-1
16:10:02:010,5.3546985676235765,-95.4015140513356,376.001593789123,0.009651527893897744,-0.05491725865862699,-0.017189994407320074,387.9527293524276,1,-3,-1
16:10:02:134,5.413881050189763,-95.20137762259662,375.0674201211056,0.0254899709993289,-0.02481120020439155,-0.006820445440174647,386.998943209885,1,-1,0
16:10:02:257,5.472347592427742,-95.58445529256801,376.72898056999395,0.018839451028150513,-0.022572276189024278,-0.008288831642743204,388.704334273566,1,-1,0
16:10:02:384,5.480898533365202,-95.7652412804497,377.3248837112649,0.07741103460362143,-0.036180765873266366,-0.015798849982579796,389.32645627282426,4,-2,-1
16:10:02:547,5.442252954490896,-95.58472192059257,376.58677612434207,0.014906596475189925,-0.06401756816325378,-0.013259435945414299,388.5661554144712,1,-4,-1
16:10:02:665,5.428822406816486,-94.84539433538076,373.7868920394453,-0.011737828174863886,-0.028731189529388353,-0.010996894504745934,385.6705350423682,-1,-2,-1
16:10:02:791,err,err,err,err,err,err,err,err,err,err
16:10:02:911,5.357918250220397,-94.94426811144493,374.1811734968586,-0.007247798935472066,0.012270643076379059,-0.0005739339218284748,386.07599243501295,0,1,0
16:10:03:038,5.403073946768912,-95.66615722146517,377.0565342486813,0.026529441314536804,-0.01767346994678093,-0.007447132432921396,389.0409192684278,2,-1,0
16:10:03:160,5.486574383163145,-95.93338952444773,378.120416728473,0.037832536905356685,0.01761288911259054,-0.0003735040178974694,390.1389076611374,2,1,0
16:10:03:281,5.422799490090394,-95.4382996512709,376.14767472483294,0.014266485200321815,0.010048683535769608,-0.0013789183347889182,388.1043016967658,1,1,0
16:10:03:447,5.458820997114657,-95.56496469266683,376.7958164079638,0.02103635478768063,0.059350838470495354,0.005109372066784464,388.7641296029421,1,3,0
16:10:03:567,5.4152863912796025,-95.92442024898406,378.0854188088089,0.03709799926500751,0.0031576211323321736,-0.002620010790164072,390.101786259222,2,0,0
16:10:03:689,5.435305952801892,-95.58762915774162,376.74193681874647,0.018650780311893878,-0.020063668473862845,-0.008078041964858514,388.71715212573116,1,-1,0
16:10:03:834,5.443205841714463,-95.1201754263367,374.88002782060397,-0.0018222275282903644,-0.011693515460258293,-0.0066589042770016345,386.79776566281913,0,-1,0
16:10:03:981,err,err,err,err,err,err,err,err,err,err
16:10:04:107,5.365968241860959,-95.66947560751488,377.0700855823808,0.02639974382861853,-0.01500727543260286,-0.007215093315289809,389.05435561023285,2,-1,0
16:10:04:226,5.517875169874289,-95.91336356517631,378.18520870923993,0.03997581206731184,0.03818789048168798,-0.00035466422601358353,390.19722236739125,2,2,0
16:10:04:350,5.459879977108687,-95.43724428453059,376.1430364853306,0.014239891118568786,0.007633223662598139,-0.0015767037390342978,388.1000667126899,1,0,0
16:10:04:475,5.490510657869351,-95.32689151801081,375.9963592360032,0.0351145443632425,-0.009283645638169127,-0.013237684995981054,387.9312105418953,2,-1,-1
16:10:04:594,5.459879977108687,-95.43724428453059,376.1430364853306,0.014239891118568786,0.007633223662598139,-0.0015767037390342978,388.1000667126899,1,0,0
16:10:04:717,5.419719372160359,-95.49226494183995,376.22641689785434,0.03866046824038226,0.02605034043880112,-0.0007975398211139498,388.19384692907437,2,1,0
16:10:04:840,5.433242850154444,-95.63156362061757,377.0610228985001,0.02309669869931342,0.0021544693236306986,-0.007947606848143399,389.03718469788487,1,0,0
16:10:04:961,err,err,err,err,err,err,err,err,err,err
16:10:05:090,5.38144147251244,-95.16442814217923,375.2055679646613,0.023077896595726167,-0.04690544296193377,-0.012488958157355524,387.12329628638236,1,-3,-1
16:10:05:215,5.348472852210208,-95.43625391987926,375.9968528076396,0.011722383915663277,0.006541847100053445,-0.001642933366228821,387.95659299122667,1,0,0
16:10:05:332,5.420441245786677,-95.29927651788321,375.59408987649266,0.007612562280943736,-0.037814953264893085,-0.012502961209523636,387.5335516291226,0,-2,-1
16:10:05:456,5.3053955730336915,-95.12650922936812,375.05407882807566,0.01732959758274533,-0.04184317069619959,-0.01156322618659996,386.9660993238656,1,-2,-1
16:10:05:579,5.309927706388751,-95.48468344584137,376.1972941497402,0.037680636572995904,0.024641122155644693,-0.0009120267320273616,388.16223957333324,2,1,0
16:10:05:707,5.318627969438141,-95.52384056643324,376.0596004185007,0.012605220653093897,-0.011516880032060696,-0.001389202727227862,388.03854832601496,1,-1,0
16:10:05:823,5.452342304275461,-94.71382204471183,373.4054993284146,-0.013482945657629121,0.007066247661381811,-0.006701163255015865,385.2688711168123,-1,0,0
16:10:05:946,3.7278320706257375,-85.36551445712782,343.3630063123747,1.0183086150203597,0.0829812626259021,-0.1381253313152597,353.83516203784603,58,8,-4
16:10:06:072,5.251596928216489,-95.00377752113734,374.1314848671837,-0.026800512004573604,-0.0019487400850796506,-0.0014198217598607702,386.0410146377013,-2,0,0
16:10:06:191,5.404109579411111,-96.00795466278171,377.8629659184706,0.08637141873452252,0.032389655820443425,-0.0019011488428371318,389.90659493214565,5,2,0
16:10:06:335,5.253770986315121,-94.97222015846556,374.1559132825656,0.013087295893105342,-0.010235853889004682,-0.0027914960219438726,386.0569545490865,1,-1,0
16:10:06:437,3.858081064896198,-88.49442339175286,341.69140952579244,-0.6266692425738459,0.023074478592870692,0.15962347183276276,352.98607211144315,-36,4,8
16:10:06:564,5.16387861620142,-95.0359165962509,373.83991438406235,0.005440545645039405,0.03600446847038524,-0.0018860219109497472,385.7651781490075,0,2,0
16:10:06:685,5.251895740453976,-95.04383384693654,373.86685683039195,-0.011178590235054632,-0.015086457862387168,-0.0019049661662619548,385.7944263431361,-1,-1,0
16:10:06:807,5.21486239607652,-95.2141054512772,374.8332562296816,0.018060920841213482,0.02078352199677552,-0.006469393058268167,386.77240160389294,1,1,0
16:10:06:934,5.174471329286998,-95.06411012693262,373.95248537416114,0.009734906277129399,-0.0176517951602082,-0.010997414515209336,385.881356773394,1,-1,-1
16:10:07:054,5.1758558477703245,-94.97402378991119,373.87475237558425,-0.01089202242417453,-0.027849138197035272,-0.010888140085580079,385.7838580636934,-1,-2,-1
16:10:07:185,5.2224269394980265,-95.21138695397099,374.5432439346299,0.035885056867335174,-0.018655103214632943,-0.0076634394384058075,386.4907806480161,2,-1,0
16:10:07:303,5.2224269394980265,-95.21138695397099,374.5432439346299,0.035885056867335174,-0.018655103214632943,-0.0076634394384058075,386.4907806480161,2,-1,0
16:10:07:463,5.1257014433246075,-94.80623080037584,372.7858835966588,-0.005080954251123055,-0.015494516987602099,-0.0053768560161156905,384.6866376972325,0,-1,0
16:10:07:590,3.6276937150994026,-84.77975234405153,340.6346208832812,1.03235918312957,0.09043070497416739,-0.13810654320062973,351.04517018968653,59,8,-4
16:10:07:724,3.815232544228135,-88.40010554000143,341.21318631943734,-0.634609543893171,0.026566887361129905,0.15383629721995873,352.49903996622885,-36,4,8
16:10:07:840,5.251967502177035,-95.12994568824458,374.063993474963,-0.02744915875002786,-0.006848879357051969,-0.002108742005823872,386.00668510238194,-2,0,0
16:10:07:961,5.174415599645658,-94.98644266464939,373.50162857462516,0.003883609467757746,-0.03818335969544382,-0.010940834631503988,385.4253045854408,0,-2,-1
16:10:08:080,5.154108625678675,-95.29737301335963,374.8748498053973,-0.0021701105765378854,0.009873972750647959,0.0041030679381102095,386.83240189466017,0,1,0
16:10:08:208,5.215476110757837,-95.15825489027627,374.9050893963458,0.045510460334859414,0.04372753556624347,0.0024327494868922363,386.828283247369,3,3,0
16:10:08:327,3.8827843450496453,-88.25086123025169,340.7475851479561,-0.628380314474662,0.02765576370786908,0.16237156723360394,352.01165791251134,-36,4,8
16:10:08:449,5.219521895287139,-95.25499631410186,374.86006629987975,0.040836926898998226,0.005847323992600649,-0.007220958030687645,386.80851469165617,2,0,0
16:10:08:580,5.1006969970406395,-95.0845707679029,374.0303858193409,-0.009266294513392276,0.018136202793241945,0.00025797309361042897,385.9609076372074,-1,1,0
16:10:08:691,5.246831508501912,-94.95408985316672,373.93664170795944,-0.010421395582503804,0.0038277510007757335,-0.002146134937419775,385.83988963370376,-1,0,0
16:10:08:820,5.225369504136348,-95.27183753147249,374.6347088283973,0.015125781584810663,-0.022683410173810703,-0.006688159652364416,386.59435144866785,1,-1,0
16:10:08:943,5.223332460805943,-95.40196473687125,375.1472428976724,0.0014633782178499798,0.006871814977411301,-0.0068548391662167155,387.12307078160114,0,0,0
16:10:09:189,5.281787562547052,-95.8453297940918,377.04690561271394,0.0015999794554404799,0.0252873204251119,-0.005644058945987194,389.07402066357105,0,1,0
16:10:09:330,5.177233347882939,-95.19823818851792,374.34439879788135,0.01815105316678487,0.014916327889126632,-0.0020193435303394324,386.29423657450997,1,1,0
16:10:09:491,5.200485932345957,-95.64435584669629,376.10652921444733,-0.006924099495725676,0.020582848083036873,-0.001082664130372395,388.11210903165585,0,1,0
16:10:09:746,5.224503995017298,-94.58826282842513,372.198056699099,-0.042679828421756376,-0.0012212172592652795,-0.0012202814437362029,384.06461476876376,-2,0,0
16:10:09:901,5.281522863464558,-95.6902050335957,376.5840486340603,0.03735518149154613,0.004552549032069428,-0.005828420050606854,388.58725597830556,2,0,0
16:10:10:025,5.285951980474789,-95.80514246093573,376.75503940493064,0.040524516957536755,-0.004097686478387074,-0.007030380852411028,388.7813348494381,2,0,0
16:10:10:145,5.2236376397628,-95.12877765178351,374.7741367701853,-0.003115443213990191,-0.01360458449878588,-0.00678637335883778,386.6942258678704,0,-1,0
16:10:10:253,5.26494644815618,-95.26198169282573,374.73354874777215,-0.0014147922446305578,-0.0277629552431495,-0.005742320663179576,386.6882431290679,0,-2,0
16:10:10:374,5.212757257033357,-94.56370142153216,371.9636912304383,-0.01104977996895458,0.05316592824283631,0.007840505598337284,383.83128332450224,-1,3,0
16:10:10:504,5.307886514576966,-95.48908444289344,375.92729892978736,0.032512023984739735,0.01720839352778649,-0.0018888175068153363,387.90162797755744,2,1,0
16:10:10:623,5.247157569644035,-95.08050273491111,374.01240138648916,-0.009648396778000256,0.009543372141871922,-0.0013515120229111444,385.94444037163225,-1,1,0
16:10:10:744,5.240810243086936,-94.92864185025236,373.84546459460034,0.029484283056556964,0.017591426595913357,-0.0033696170833277567,385.7451808298972,2,1,0
16:10:10:877,5.253138956736802,-94.99997126351825,373.8449216072952,0.030260773799277822,-0.02059858493944177,-0.002869023152096266,385.7623820702749,2,-1,0
16:10:10:990,5.272478279308009,-96.01711872758281,377.8799371470164,0.03392745090726195,-0.01718395133881269,-0.0020647653632799366,389.923496360742,2,-1,0
16:10:11:161,5.17337913802901,-95.00656489617414,374.0147400467625,0.03293915753406973,-0.012789339698580938,-0.01186452993490909,385.927502255701,2,-1,-1
16:10:11:283,5.2224269394980265,-95.21138695397099,374.5432439346299,0.035885056867335174,-0.018655103214632943,-0.0076634394384058075,386.4907806480161,2,-1,0
16:10:11:406,5.261343081766738,-96.1054112879338,378.0975800524646,0.06364639378304385,0.035802511961929726,0.0006055039918245614,390.15600963124587,4,2,0
16:10:11:531,5.295731596792206,-95.12791256750782,374.7755645306654,0.02075169505639746,-0.014308705011453282,-0.008640729117046152,386.696377396887,1,-1,-1
16:10:11:772,5.243876804368213,-95.05956353486474,374.2140917424959,-0.006653954752530025,0.029205262592701734,-0.0015136301985888786,386.13469841758524,0,2,0
16:10:11:924,5.125785270394131,-94.86273680444914,373.14924384014455,-0.016897633512973895,0.023014024154141336,0.003151229364695868,385.0526855991788,-1,1,0
16:10:12:052,err,err,err,err,err,err,err,err,err,err
16:10:12:183,5.1006969970406395,-95.0845707679029,374.0303858193409,-0.009266294513392276,0.018136202793241945,0.00025797309361042897,385.9609076372074,-1,1,0
16:10:12:303,5.194603957101583,-95.60989309492237,376.1130177593183,-0.006312708879863219,0.04019182635765739,-0.0012480811144676314,388.1098268479103,0,2,0
16:10:12:425,5.124883906791544,-94.90101960914743,373.299090241149,-0.03331974074410169,0.03381621028203345,0.003357366808997024,385.20731915785734,-2,2,0
16:10:12:549,5.205021022085987,-95.6113115586781,375.98558921563034,0.03350839904615398,0.00047509995206727467,-0.0012299251604351914,387.9868276625325,2,0,0
16:10:12:669,5.2391669159213725,-95.68712850408018,376.43269398112034,0.04550635082198469,0.03172613358750774,0.00021045990442974935,388.43924689610475,3,2,0
16:10:12:797,5.223010923116991,-95.31798914132278,374.8183099947874,0.01786320943704421,-0.008625029626765656,-0.007642219940771414,386.7836144466268,1,0,0
16:10:12:915,5.223523657047428,-95.19793867596668,374.61837776005024,-0.024013682688518837,-0.018545814825787623,-0.0059337738628875555,386.56029501634094,-1,-1,0
16:10:13:036,5.245432946563778,-95.02547829717103,374.0755158324095,-0.02735893595710117,0.016407036743685446,-0.0017189183504603472,385.9920305364947,-2,1,0
16:10:13:164,5.323575639923916,-95.44937827795046,376.1990925447271,0.03468246964239474,-0.0415525381304077,-0.009562524560898652,388.1554862458051,2,-2,-1
16:10:13:327,5.308456480315607,-95.36010812395263,375.9870079601647,0.03379462842419907,0.016348078379953793,-0.0020182753692802413,387.92777689468477,2,1,0
16:10:13:490,5.433242850154444,-95.63156362061757,377.0610228985001,0.02309669869931342,0.0021544693236306986,-0.007947606848143399,389.03718469788487,1,0,0
16:10:13:616,5.3639090173525545,-94.91285909566102,374.1987270699826,-0.0070158466529227324,-0.007214992924049304,-0.00040773636923478404,386.0853657968074,0,0,0
16:10:13:736,5.363509934890447,-95.70948414297919,377.37399611369943,0.031232196892640594,0.007453945581588213,-0.007064700952851981,389.3587106211434,2,0,0
16:10:13:857,5.427489409371212,-96.21424661321265,379.38834606067854,0.05789918729716735,0.01547522713074151,-0.006042297691274854,391.43601778489176,3,1,0
16:10:14:028,5.317327015696106,-95.46497772899498,376.1184572576134,0.03617579316427925,-0.00619027214133632,-0.0022257513046609672,388.08108666776906,2,0,0
16:10:14:147,5.372445898370301,-95.20969521100493,375.09977768674923,0.022232823770972802,0.019597253663175707,0.0037004128283472998,387.03177189702666,1,1,0
16:10:14:271,5.359438863951252,-95.64123868273829,376.9564887709668,0.021476045869533267,0.02770303067416519,0.0032384228847047313,388.937224431194,1,2,0
16:10:14:432,5.359438863951252,-95.64123868273829,376.9564887709668,0.021476045869533267,0.02770303067416519,0.0032384228847047313,388.937224431194,1,2,0
16:10:14:554,5.368800292927542,-95.66002463951436,376.8968032635929,0.04857143905492452,-0.033196847556030126,-0.008346567622944334,388.8841275250679,3,-2,-1
16:10:14:679,5.378180567479751,-95.35587438176248,375.9623884547949,0.008648669056385557,0.02540833797536488,-0.0022515152637864423,387.90383491009857,0,1,0
16:10:14:800,5.359438863951252,-95.64123868273829,376.9564887709668,0.021476045869533267,0.02770303067416519,0.0032384228847047313,388.937224431194,1,2,0
16:10:14:928,5.4152863912796025,-95.92442024898406,378.0854188088089,0.03709799926500751,0.0031576211323321736,-0.002620010790164072,390.101786259222,2,0,0
16:10:15:047,5.31299911617398,-95.43160029212095,376.12221267747924,0.013572067546189859,0.008976127088344412,-0.0014540135434504347,388.0764578834003,1,1,0
16:10:15:176,5.285146126499031,-95.59144312260423,376.89750133085255,-0.0005847935117666592,0.0045519067972472314,-0.005609974171470231,388.86679374469674,0,0,0
16:10:15:296,5.359438863951252,-95.64123868273829,376.9564887709668,0.021476045869533267,0.02770303067416519,0.0032384228847047313,388.937224431194,1,2,0
16:10:15:418,5.333003298840957,-95.01052249014255,374.5919587342157,0.014442276856727354,-0.02174069551855,-0.0066140601528420235,386.4900721317065,1,-1,0
16:10:15:542,5.365968241860959,-95.66947560751488,377.0700855823808,0.02639974382861853,-0.01500727543260286,-0.007215093315289809,389.05435561023285,2,-1,0
16:10:15:664,5.421129056037313,-95.87118420578042,378.0176708289869,0.03672170685328507,-0.020148670020958895,-0.0028973827525039532,390.0231173407971,2,-1,0
16:10:15:785,5.28202595788497,-95.64869940486221,376.84326969694825,0.019498804816698537,0.012653517001552489,-0.006060445908697717,388.8282698209434,1,1,0
16:10:15:910,5.4152863912796025,-95.92442024898406,378.0854188088089,0.03709799926500751,0.0031576211323321736,-0.002620010790164072,390.101786259222,2,0,0
16:10:16:074,5.288581383469285,-95.61332132512914,376.8459352269743,0.01960077905693936,-0.009823865457658561,-0.006257685818045356,388.8222411397847,1,-1,0
16:10:16:281,5.291483392712411,-95.66705171883993,376.9113437765698,-0.0005596459821077867,-0.015174747979124091,-0.005449072759656468,388.8988887211304,0,-1,0
16:10:16:398,5.359438863951252,-95.64123868273829,376.9564887709668,0.021476045869533267,0.02770303067416519,0.0032384228847047313,388.937224431194,1,2,0
16:10:16:525,5.408004364179965,-95.71017397434771,377.2301052683398,0.022126061208037087,-0.04042449552318071,-0.013075060225767807,389.22003575633875,1,-2,-1
16:10:16:651,5.337011420242113,-95.85796360033217,377.81986994251514,0.02939254217373846,0.008845851613936768,-0.0015839362910414784,389.82699624305326,2,1,0
16:10:16:769,5.4152863912796025,-95.92442024898406,378.0854188088089,0.03709799926500751,0.0031576211323321736,-0.002620010790164072,390.101786259222,2,0,0
16:10:16:923,5.433839736301283,-95.463632868002,376.39766319283046,0.03591903186787272,-0.03097359280352264,-0.008196992148341378,388.3529743309042,2,-2,-1
16:10:17:056,5.3595097689212166,-95.56954264621112,376.82135283027674,0.04223035334770552,0.022265570514622877,0.003783705397570218,388.78862351592676,2,1,0
16:10:17:179,5.4152863912796025,-95.92442024898406,378.0854188088089,0.03709799926500751,0.0031576211323321736,-0.002620010790164072,390.101786259222,2,0,0
16:10:17:304,5.31299911617398,-95.43160029212095,376.12221267747924,0.013572067546189859,0.008976127088344412,-0.0014540135434504347,388.0764578834003,1,1,0
16:10:17:427,5.31299911617398,-95.43160029212095,376.12221267747924,0.013572067546189859,0.008976127088344412,-0.0014540135434504347,388.0764578834003,1,1,0
16:10:17:549,5.383633394928377,-95.30323137963758,375.6101364343947,0.007394010671788821,-0.035665373953722455,-0.01234129609662734,387.5495632976463,0,-2,-1
16:10:17:672,5.312985333118164,-95.34912119056081,375.9429798594124,0.03290022735555162,0.0017087507023154775,-0.0011272082754515955,387.88246522695084,2,0,0
16:10:17:794,5.31299911617398,-95.43160029212095,376.12221267747924,0.013572067546189859,0.008976127088344412,-0.0014540135434504347,388.0764578834003,1,1,0
16:10:17:919,5.336357589742949,-95.16411074978396,374.91014466901,-0.021010113161594048,-0.01742245180440063,-0.005855083354427363,386.8362719069409,-1,-1,0
16:10:18:040,5.4152863912796025,-95.92442024898406,378.0854188088089,0.03709799926500751,0.0031576211323321736,-0.002620010790164072,390.101786259222,2,0,0
16:10:18:165,5.435305952801892,-95.58762915774162,376.74193681874647,0.018650780311893878,-0.020063668473862845,-0.008078041964858514,388.71715212573116,1,-1,0
16:10:18:285,5.3595097689212166,-95.56954264621112,376.82135283027674,0.04223035334770552,0.022265570514622877,0.003783705397570218,388.78862351592676,2,1,0
16:10:18:408,5.351638528216416,-95.36761212056679,376.0058372136183,-0.008105531472268225,-0.005522632297450799,-0.001750582355861111,387.94846448365996,0,0,0
16:10:18:532,5.376219839699762,-95.92573582380875,378.091034492644,0.0369084916049452,0.01619526959513058,-0.0004897504806269815,390.10701210926936,2,1,0
16:10:18:658,5.350082014496443,-95.4306697265267,376.11807668794813,0.013568857311894307,0.006573827165516916,-0.001650144299026835,388.0727299275955,1,0,0
16:10:18:822,5.408004364179965,-95.71017397434771,377.2301052683398,0.022126061208037087,-0.04042449552318071,-0.013075060225767807,389.22003575633875,1,-2,-1
16:10:18:959,5.3828922146385985,-95.36177558982709,375.8423061586492,0.006764876951105747,0.004069881501047715,-0.002296326367941062,387.7889669277489,0,0,0
16:10:19:066,5.3364223866531875,-95.11540166169301,374.72456326307685,0.0170587140793401,-0.028223387301132333,-0.007522801233560177,386.6444301291015,1,-2,0
16:10:19:192,5.333775277402709,-95.11426504390793,374.85777916732377,-0.0023317219142929427,-0.012586487248247564,-0.006713378882207253,386.7732244814921,0,-1,0
16:10:19:313,5.316640507159141,-95.49084085791583,376.2102403622821,-0.005895819636036981,0.002269299947353846,-0.0008151917515042738,388.1763932898035,0,0,0
16:10:19:438,5.311406696329311,-95.43716650017537,376.0009152774473,0.011723876215344034,0.00892347100157721,-0.0014492575985511054,387.9602454893466,1,1,0
16:10:19:561,5.363009908627952,-95.60134227704266,376.9360283596515,1.850582703691271e-05,0.01308971285297501,0.0028229887321517665,388.90763427322986,0,1,0
16:10:19:683,5.31299911617398,-95.43160029212095,376.12221267747924,0.013572067546189859,0.008976127088344412,-0.0014540135434504347,388.0764578834003,1,1,0
16:10:19:846,5.359438863951252,-95.64123868273829,376.9564887709668,0.021476045869533267,0.02770303067416519,0.0032384228847047313,388.937224431194,1,2,0
16:10:19:966,5.338885710737769,-95.79711746790085,377.57855169829827,0.02994352583433343,-0.03539765254463916,-0.012210149210480171,389.578174591924,2,-2,-1
16:10:20:097,5.31299911617398,-95.43160029212095,376.12221267747924,0.013572067546189859,0.008976127088344412,-0.0014540135434504347,388.0764578834003,1,1,0
16:10:20:213,5.359438863951252,-95.64123868273829,376.9564887709668,0.021476045869533267,0.02770303067416519,0.0032384228847047313,388.937224431194,1,2,0
16:10:20:338,5.31299911617398,-95.43160029212095,376.12221267747924,0.013572067546189859,0.008976127088344412,-0.0014540135434504347,388.0764578834003,1,1,0
16:10:20:472,5.317327015696106,-95.46497772899498,376.1184572576134,0.03617579316427925,-0.00619027214133632,-0.0022257513046609672,388.08108666776906,2,0,0
16:10:20:584,5.31299911617398,-95.43160029212095,376.12221267747924,0.013572067546189859,0.008976127088344412,-0.0014540135434504347,388.0764578834003,1,1,0
16:10:20:712,5.3546985676235765,-95.4015140513356,376.001593789123,0.009651527893897744,-0.05491725865862699,-0.017189994407320074,387.9527293524276,1,-3,-1
16:10:20:827,5.365968241860959,-95.66947560751488,377.0700855823808,0.02639974382861853,-0.01500727543260286,-0.007215093315289809,389.05435561023285,2,-1,0
16:10:20:953,5.31299911617398,-95.43160029212095,376.12221267747924,0.013572067546189859,0.008976127088344412,-0.0014540135434504347,388.0764578834003,1,1,0
16:10:21:084,5.431556228689388,-96.13576451819688,379.0725157172576,0.04795165657676602,0.012607929650516514,0.004032198256755895,391.1106738440849,3,1,0
16:10:21:200,5.288581383469285,-95.61332132512914,376.8459352269743,0.01960077905693936,-0.009823865457658561,-0.006257685818045356,388.8222411397847,1,-1,0
16:10:21:327,5.365968241860959,-95.66947560751488,377.0700855823808,0.02639974382861853,-0.01500727543260286,-0.007215093315289809,389.05435561023285,2,-1,0
16:10:21:444,5.383633394928377,-95.30323137963758,375.6101364343947,0.007394010671788821,-0.035665373953722455,-0.01234129609662734,387.5495632976463,0,-2,-1
16:10:21:567,5.292498154903765,-95.53451863273398,376.6757724932247,0.017685943152816193,-0.03145095002524329,-0.006328904790102163,388.6379965603922,1,-2,0
16:10:21:693,5.370583686042007,-95.11214452406823,374.8489635093952,-0.0022269394424693258,-0.014623274875379259,-0.006859958005101509,386.7646683051128,0,-1,0
16:10:21:815,5.3078562546740065,-95.41940474837062,376.2174842464596,0.015447313635368899,0.030341007593469076,-0.0014140496102967891,388.16572696889244,1,2,0
16:10:21:969,err,err,err,err,err,err,err,err,err,err
16:10:22:100,5.297164439809534,-95.13934619206003,374.95805768458894,-0.0010227619288627476,-0.002711069787044387,-0.005002846294874106,386.87607856722616,0,0,0
16:10:22:222,5.365968241860959,-95.66947560751488,377.0700855823808,0.02639974382861853,-0.01500727543260286,-0.007215093315289809,389.05435561023285,2,-1,0
16:10:22:350,5.353455668115811,-95.31763886304289,375.53048304144863,0.026182134111284755,-0.0736475207902379,-0.01834678123723462,387.4754901401632,2,-4,-1
16:10:22:470,5.312985333118164,-95.34912119056081,375.9429798594124,0.03290022735555162,0.0017087507023154775,-0.0011272082754515955,387.88246522695084,2,0,0
16:10:22:595,5.3645576248887945,-95.64787956954804,376.8389764383637,0.01939316731776262,0.005053992241156687,0.0030345339962039963,388.82503714109663,1,0,0
16:10:22:715,5.373921722647136,-95.1943456873119,375.17693674359816,0.004780762265055985,-0.007153018879864254,-0.005860185996924153,387.1027981684277,0,0,0
16:10:22:844,5.333775277402709,-95.11426504390793,374.85777916732377,-0.0023317219142929427,-0.012586487248247564,-0.006713378882207253,386.7732244814921,0,-1,0
16:10:22:964,5.31299911617398,-95.43160029212095,376.12221267747924,0.013572067546189859,0.008976127088344412,-0.0014540135434504347,388.0764578834003,1,1,0
16:10:23:084,5.359438863951252,-95.64123868273829,376.9564887709668,0.021476045869533267,0.02770303067416519,0.0032384228847047313,388.937224431194,1,2,0
16:10:23:210,5.285146126499031,-95.59144312260423,376.89750133085255,-0.0005847935117666592,0.0045519067972472314,-0.005609974171470231,388.86679374469674,0,0,0
16:10:23:329,5.288581383469285,-95.61332132512914,376.8459352269743,0.01960077905693936,-0.009823865457658561,-0.006257685818045356,388.8222411397847,1,-1,0
16:10:23:454,5.401282470302134,-95.54971461429825,376.5975930003927,0.03822912960290118,-0.006524121355459138,0.0029093016104347422,388.56745729523885,2,0,0
16:10:23:576,5.333775277402709,-95.11426504390793,374.85777916732377,-0.0023317219142929427,-0.012586487248247564,-0.006713378882207253,386.7732244814921,0,-1,0
16:10:23:701,5.31299911617398,-95.43160029212095,376.12221267747924,0.013572067546189859,0.008976127088344412,-0.0014540135434504347,388.0764578834003,1,1,0
16:10:23:826,5.410385606617298,-95.16600115074075,375.0636700702204,0.0033812626344627322,-0.01713518521291488,-0.0075822543749124605,386.9865587510479,0,-1,0
16:10:23:953,5.459879977108687,-95.43724428453059,376.1430364853306,0.014239891118568786,0.007633223662598139,-0.0015767037390342978,388.1000667126899,1,0,0
16:10:24:072,5.338525542769347,-95.01095958976316,374.45175148296994,0.014166156017808343,-0.04849361754467698,-0.007425650049517822,386.3543664640045,1,-3,0
16:10:24:195,5.383633394928377,-95.30323137963758,375.6101364343947,0.007394010671788821,-0.035665373953722455,-0.01234129609662734,387.5495632976463,0,-2,-1
16:10:24:321,5.383633394928377,-95.30323137963758,375.6101364343947,0.007394010671788821,-0.035665373953722455,-0.01234129609662734,387.5495632976463,0,-2,-1
16:10:24:446,5.367506798134105,-95.57914902914179,376.9922812703463,0.00418235300748341,-0.025867066483623486,-0.007157202988724505,388.9567636586139,0,-1,0
16:10:24:564,5.350082014496443,-95.4306697265267,376.11807668794813,0.013568857311894307,0.006573827165516916,-0.001650144299026835,388.0727299275955,1,0,0
16:10:24:692,5.4152863912796025,-95.92442024898406,378.0854188088089,0.03709799926500751,0.0031576211323321736,-0.002620010790164072,390.101786259222,2,0,0
16:10:24:808,5.383633394928377,-95.30323137963758,375.6101364343947,0.007394010671788821,-0.035665373953722455,-0.01234129609662734,387.5495632976463,0,-2,-1
16:10:24:929,5.31299911617398,-95.43160029212095,376.12221267747924,0.013572067546189859,0.008976127088344412,-0.0014540135434504347,388.0764578834003,1,1,0
16:10:25:055,5.39035625564022,-96.08609125201248,378.72972292710114,0.04255296846584026,-0.018128789313034795,-0.007739132236943889,390.7656534306612,2,-1,0
16:10:25:221,5.3788829871377,-95.32164467034475,375.8218815023215,-0.013115363133115348,0.01703784486426303,-0.001813452241447295,387.7592486850491,-1,1,0
16:10:25:342,5.351894575966488,-95.58915781944252,376.89321410219594,0.021431635210304546,0.04964528173122322,0.003357866097090322,388.8629896306233,1,3,0
16:10:25:469,5.31299911617398,-95.43160029212095,376.12221267747924,0.013572067546189859,0.008976127088344412,-0.0014540135434504347,388.0764578834003,1,1,0
16:10:25:587,5.419768886164305,-95.94299551808504,378.0248581989752,0.06219737180232768,-0.015555869277011278,-0.003849535732785478,390.0477223367905,4,-1,0
16:10:25:711,5.390827534545767,-94.88101013670503,373.92841087138265,-0.013055644495754925,0.009838225579360694,-0.0012175724817714056,385.8159192709216,-1,1,0
16:10:25:831,5.31299911617398,-95.43160029212095,376.12221267747924,0.013572067546189859,0.008976127088344412,-0.0014540135434504347,388.0764578834003,1,1,0
16:10:25:959,5.383633394928377,-95.30323137963758,375.6101364343947,0.007394010671788821,-0.035665373953722455,-0.01234129609662734,387.5495632976463,0,-2,-1
16:10:26:075,5.3828922146385985,-95.36177558982709,375.8423061586492,0.006764876951105747,0.004069881501047715,-0.002296326367941062,387.7889669277489,0,0,0
16:10:26:203,5.31299911617398,-95.43160029212095,376.12221267747924,0.013572067546189859,0.008976127088344412,-0.0014540135434504347,388.0764578834003,1,1,0
16:10:26:331,5.359438863951252,-95.64123868273829,376.9564887709668,0.021476045869533267,0.02770303067416519,0.0032384228847047313,388.937224431194,1,2,0
16:10:26:448,5.36474914027086,-95.6966059401908,377.0408417433567,0.04593126192966257,0.0131999837282426,0.002527117760566591,389.03266863381685,3,1,0
16:10:26:574,5.3728136500568695,-95.58563366250638,376.59877921520837,0.0401801097327909,-0.03534746167373928,0.0017282812291398908,388.5770464085165,2,-2,0
16:10:26:693,5.350082014496443,-95.4306697265267,376.11807668794813,0.013568857311894307,0.006573827165516916,-0.001650144299026835,388.0727299275955,1,0,0
16:10:26:816,5.302734439001013,-95.34854541662273,376.0741616105388,-0.006700593614181079,0.041087075479672254,-0.0012010329976488822,388.0093286722189,0,2,0
16:10:26:937,5.325663266790878,-95.61039771740874,376.8339235774584,0.019671561443938824,-0.01239600183373645,-0.006476859186760886,388.81038669214337,1,-1,0
16:10:27:103,5.31299911617398,-95.43160029212095,376.12221267747924,0.013572067546189859,0.008976127088344412,-0.0014540135434504347,388.0764578834003,1,1,0
16:10:27:223,5.319035383664542,-95.39242226586289,376.10963320422513,0.013597562024779507,-0.012214349942824455,-0.0014860605561066219,388.0547159257031,1,-1,0
16:10:27:419,err,err,err,err,err,err,err,err,err,err
16:10:27:513,5.4152863912796025,-95.92442024898406,378.0854188088089,0.03709799926500751,0.0031576211323321736,-0.002620010790164072,390.101786259222,2,0,0
16:10:27:637,5.359438863951252,-95.64123868273829,376.9564887709668,0.021476045869533267,0.02770303067416519,0.0032384228847047313,388.937224431194,1,2,0
16:10:27:761,5.31299911617398,-95.43160029212095,376.12221267747924,0.013572067546189859,0.008976127088344412,-0.0014540135434504347,388.0764578834003,1,1,0
16:10:27:879,5.284843603699496,-95.50331753147162,376.6946133642267,0.017110934344317395,-0.0028659790422555734,-0.00528428200494881,388.6484850981114,1,0,0
16:10:28:048,5.396762459306066,-95.64214849561122,376.9596176890334,0.021392266524971205,0.02505966550063181,0.003010304035637108,388.94099678763735,1,1,0
16:10:28:168,5.3828922146385985,-95.36177558982709,375.8423061586492,0.006764876951105747,0.004069881501047715,-0.002296326367941062,387.7889669277489,0,0,0
16:10:28:296,5.312985333118164,-95.34912119056081,375.9429798594124,0.03290022735555162,0.0017087507023154775,-0.0011272082754515955,387.88246522695084,2,0,0
16:10:28:415,5.359438863951252,-95.64123868273829,376.9564887709668,0.021476045869533267,0.02770303067416519,0.0032384228847047313,388.937224431194,1,2,0
16:10:28:642,5.333775277402709,-95.11426504390793,374.85777916732377,-0.0023317219142929427,-0.012586487248247564,-0.006713378882207253,386.7732244814921,0,-1,0
16:10:28:782,5.288581383469285,-95.61332132512914,376.8459352269743,0.01960077905693936,-0.009823865457658561,-0.006257685818045356,388.8222411397847,1,-1,0
16:10:28:913,5.3677167220217985,-95.66632433197395,377.20164045681355,0.02863514963036594,-0.014849131383059697,-0.00720226159987419,389.1811089419803,2,-1,0
16:10:29:031,5.337011420242113,-95.85796360033217,377.81986994251514,0.02939254217373846,0.008845851613936768,-0.0015839362910414784,389.82699624305326,2,1,0
16:10:29:151,5.365968241860959,-95.66947560751488,377.0700855823808,0.02639974382861853,-0.01500727543260286,-0.007215093315289809,389.05435561023285,2,-1,0
16:10:29:279,5.309635439845674,-95.48623971600149,376.0595794448152,0.034875477733500616,0.017223924061720946,-0.001904552568336397,388.0291503171083,2,1,0
16:10:29:396,5.338885710737769,-95.79711746790085,377.57855169829827,0.02994352583433343,-0.03539765254463916,-0.012210149210480171,389.578174591924,2,-2,-1
16:10:29:526,5.350082014496443,-95.4306697265267,376.11807668794813,0.013568857311894307,0.006573827165516916,-0.001650144299026835,388.0727299275955,1,0,0
16:10:29:646,5.31299911617398,-95.43160029212095,376.12221267747924,0.013572067546189859,0.008976127088344412,-0.0014540135434504347,388.0764578834003,1,1,0
16:10:29:766,5.350082014496443,-95.4306697265267,376.11807668794813,0.013568857311894307,0.006573827165516916,-0.001650144299026835,388.0727299275955,1,0,0
16:10:29:938,5.359438863951252,-95.64123868273829,376.9564887709668,0.021476045869533267,0.02770303067416519,0.0032384228847047313,388.937224431194,1,2,0
16:10:30:056,5.3595097689212166,-95.56954264621112,376.82135283027674,0.04223035334770552,0.022265570514622877,0.003783705397570218,388.78862351592676,2,1,0
16:10:30:178,5.288581383469285,-95.61332132512914,376.8459352269743,0.01960077905693936,-0.009823865457658561,-0.006257685818045356,388.8222411397847,1,-1,0
16:10:30:298,5.333775277402709,-95.11426504390793,374.85777916732377,-0.0023317219142929427,-0.012586487248247564,-0.006713378882207253,386.7732244814921,0,-1,0
16:10:30:423,5.396762459306066,-95.64214849561122,376.9596176890334,0.021392266524971205,0.02505966550063181,0.003010304035637108,388.94099678763735,1,1,0
16:10:30:549,5.724365478824119,-88.69184877111405,342.93944456064924,-0.6252245323477852,-0.0022481119321861535,-0.1543610603930384,354.2689303821885,-36,-3,-8
16:10:30:717,5.364885570407173,-95.55401928565318,376.760710743047,0.04487199975596374,-0.025042721113182308,-0.007220506936422418,388.72610635051575,3,-1,0
16:10:30:838,5.337011420242113,-95.85796360033217,377.81986994251514,0.02939254217373846,0.008845851613936768,-0.0015839362910414784,389.82699624305326,2,1,0
16:10:31:001,5.359438863951252,-95.64123868273829,376.9564887709668,0.021476045869533267,0.02770303067416519,0.0032384228847047313,388.937224431194,1,2,0
16:10:31:120,5.331151571313925,-95.14072737451123,375.10621950988684,0.0009245749725871382,0.007764196158617207,-0.006796280042374803,387.0204840798828,0,0,0
16:10:31:248,5.31299911617398,-95.43160029212095,376.12221267747924,0.013572067546189859,0.008976127088344412,-0.0014540135434504347,388.0764578834003,1,1,0
16:10:31:366,5.365968241860959,-95.66947560751488,377.0700855823808,0.02639974382861853,-0.01500727543260286,-0.007215093315289809,389.05435561023285,2,-1,0
16:10:31:493,5.308616478339324,-95.38287917938321,376.0671203005276,-0.007385628219394606,0.021439013788473727,-0.0010334357348669343,388.01102306583306,0,1,0
16:10:31:614,5.359438863951252,-95.64123868273829,376.9564887709668,0.021476045869533267,0.02770303067416519,0.0032384228847047313,388.937224431194,1,2,0
16:10:31:738,5.31299911617398,-95.43160029212095,376.12221267747924,0.013572067546189859,0.008976127088344412,-0.0014540135434504347,388.0764578834003,1,1,0
16:10:31:859,5.402224063118713,-95.69649820556977,377.0399975714476,0.04598016126605784,0.009736211176166814,0.002187141696100227,389.0323425659028,3,1,0
16:10:31:983,5.373221805182391,-95.11167337773276,374.70943311351067,0.01727748889651296,-0.030638611686594874,-0.007721563179509586,386.62935893375806,1,-2,0
16:10:32:161,5.337011420242113,-95.85796360033217,377.81986994251514,0.02939254217373846,0.008845851613936768,-0.0015839362910414784,389.82699624305326,2,1,0
16:10:32:281,5.373921722647136,-95.1943456873119,375.17693674359816,0.004780762265055985,-0.007153018879864254,-0.005860185996924153,387.1027981684277,0,0,0
16:10:32:393,5.365968241860959,-95.66947560751488,377.0700855823808,0.02639974382861853,-0.01500727543260286,-0.007215093315289809,389.05435561023285,2,-1,0
16:10:32:517,5.359438863951252,-95.64123868273829,376.9564887709668,0.021476045869533267,0.02770303067416519,0.0032384228847047313,388.937224431194,1,2,0
16:10:32:643,5.351638528216416,-95.36761212056679,376.0058372136183,-0.008105531472268225,-0.005522632297450799,-0.001750582355861111,387.94846448365996,0,0,0
16:10:32:763,5.359438863951252,-95.64123868273829,376.9564887709668,0.021476045869533267,0.02770303067416519,0.0032384228847047313,388.937224431194,1,2,0
16:10:32:885,5.312985333118164,-95.34912119056081,375.9429798594124,0.03290022735555162,0.0017087507023154775,-0.0011272082754515955,387.88246522695084,2,0,0
16:10:33:008,5.435305952801892,-95.58762915774162,376.74193681874647,0.018650780311893878,-0.020063668473862845,-0.008078041964858514,388.71715212573116,1,-1,0
16:10:33:176,5.383633394928377,-95.30323137963758,375.6101364343947,0.007394010671788821,-0.035665373953722455,-0.01234129609662734,387.5495632976463,0,-2,-1
16:10:33:294,5.312985333118164,-95.34912119056081,375.9429798594124,0.03290022735555162,0.0017087507023154775,-0.0011272082754515955,387.88246522695084,2,0,0
16:10:33:448,5.383633394928377,-95.30323137963758,375.6101364343947,0.007394010671788821,-0.035665373953722455,-0.01234129609662734,387.5495632976463,0,-2,-1
16:10:33:629,err,err,err,err,err,err,err,err,err,err
16:10:33:746,5.370583686042007,-95.11214452406823,374.8489635093952,-0.0022269394424693258,-0.014623274875379259,-0.006859958005101509,386.7646683051128,0,-1,0
16:10:33:870,5.31299911617398,-95.43160029212095,376.12221267747924,0.013572067546189859,0.008976127088344412,-0.0014540135434504347,388.0764578834003,1,1,0
16:10:33:999,err,err,err,err,err,err,err,err,err,err
16:10:34:117,5.31299911617398,-95.43160029212095,376.12221267747924,0.013572067546189859,0.008976127088344412,-0.0014540135434504347,388.0764578834003,1,1,0
16:10:34:238,5.981211934564542,-85.12276997081077,342.63791649784656,1.028341210614752,-0.05053894574379964,0.12603199960586012,353.10395450305424,59,-6,5
16:10:34:357,5.359438863951252,-95.64123868273829,376.9564887709668,0.021476045869533267,0.02770303067416519,0.0032384228847047313,388.937224431194,1,2,0
16:10:34:487,5.396762459306066,-95.64214849561122,376.9596176890334,0.021392266524971205,0.02505966550063181,0.003010304035637108,388.94099678763735,1,1,0
16:10:34:607,5.31299911617398,-95.43160029212095,376.12221267747924,0.013572067546189859,0.008976127088344412,-0.0014540135434504347,388.0764578834003,1,1,0
16:10:34:729,5.333775277402709,-95.11426504390793,374.85777916732377,-0.0023317219142929427,-0.012586487248247564,-0.006713378882207253,386.7732244814921,0,-1,0
16:10:34:861,5.3828922146385985,-95.36177558982709,375.8423061586492,0.006764876951105747,0.004069881501047715,-0.002296326367941062,387.7889669277489,0,0,0
16:10:34:979,5.365968241860959,-95.66947560751488,377.0700855823808,0.02639974382861853,-0.01500727543260286,-0.007215093315289809,389.05435561023285,2,-1,0
16:10:35:097,5.31299911617398,-95.43160029212095,376.12221267747924,0.013572067546189859,0.008976127088344412,-0.0014540135434504347,388.0764578834003,1,1,0
16:10:35:224,5.383633394928377,-95.30323137963758,375.6101364343947,0.007394010671788821,-0.035665373953722455,-0.01234129609662734,387.5495632976463,0,-2,-1
16:10:35:344,5.317327015696106,-95.46497772899498,376.1184572576134,0.03617579316427925,-0.00619027214133632,-0.0022257513046609672,388.08108666776906,2,0,0
16:10:35:473,5.4152863912796025,-95.92442024898406,378.0854188088089,0.03709799926500751,0.0031576211323321736,-0.002620010790164072,390.101786259222,2,0,0
16:10:35:594,5.34531858937213,-95.3749540021431,375.89534391127137,0.007830774392946062,0.014774285907498805,-0.0004753984300408023,387.84309179861094,0,1,0
16:10:35:715,5.317327015696106,-95.46497772899498,376.1184572576134,0.03617579316427925,-0.00619027214133632,-0.0022257513046609672,388.08108666776906,2,0,0
16:10:35:836,5.359438863951252,-95.64123868273829,376.9564887709668,0.021476045869533267,0.02770303067416519,0.0032384228847047313,388.937224431194,1,2,0
16:10:35:959,5.363009908627952,-95.60134227704266,376.9360283596515,1.850582703691271e-05,0.01308971285297501,0.0028229887321517665,388.90763427322986,0,1,0
16:10:36:084,5.419916303363671,-95.36078309758163,375.8379455072866,0.006815458134861973,0.0017791050864746803,-0.0024774734059623844,387.7850122540292,0,0,0
16:10:36:205,6.084747518346893,-85.22992952402134,342.7906138590274,1.0217518849309448,-0.0541481916421112,0.12393528796878608,353.2797333401401,58,-6,4
16:10:36:369,5.365968241860959,-95.66947560751488,377.0700855823808,0.02639974382861853,-0.01500727543260286,-0.007215093315289809,389.05435561023285,2,-1,0
16:10:36:498,5.364885570407173,-95.55401928565318,376.760710743047,0.04487199975596374,-0.025042721113182308,-0.007220506936422418,388.72610635051575,3,-1,0
16:10:36:613,5.31299911617398,-95.43160029212095,376.12221267747924,0.013572067546189859,0.008976127088344412,-0.0014540135434504347,388.0764578834003,1,1,0
16:10:36:739,5.3828922146385985,-95.36177558982709,375.8423061586492,0.006764876951105747,0.004069881501047715,-0.002296326367941062,387.7889669277489,0,0,0
16:10:36:857,5.3828922146385985,-95.36177558982709,375.8423061586492,0.006764876951105747,0.004069881501047715,-0.002296326367941062,387.7889669277489,0,0,0
16:10:36:985,5.317327015696106,-95.46497772899498,376.1184572576134,0.03617579316427925,-0.00619027214133632,-0.0022257513046609672,388.08108666776906,2,0,0
16:10:37:108,5.31299911617398,-95.43160029212095,376.12221267747924,0.013572067546189859,0.008976127088344412,-0.0014540135434504347,388.0764578834003,1,1,0
16:10:37:228,5.359438863951252,-95.64123868273829,376.9564887709668,0.021476045869533267,0.02770303067416519,0.0032384228847047313,388.937224431194,1,2,0
16:10:37:354,5.350082014496443,-95.4306697265267,376.11807668794813,0.013568857311894307,0.006573827165516916,-0.001650144299026835,388.0727299275955,1,0,0
16:10:37:477,5.312985333118164,-95.34912119056081,375.9429798594124,0.03290022735555162,0.0017087507023154775,-0.0011272082754515955,387.88246522695084,2,0,0
16:10:37:597,5.4152863912796025,-95.92442024898406,378.0854188088089,0.03709799926500751,0.0031576211323321736,-0.002620010790164072,390.101786259222,2,0,0
16:10:37:739,5.38144147251244,-95.16442814217923,375.2055679646613,0.023077896595726167,-0.04690544296193377,-0.012488958157355524,387.12329628638236,1,-3,-1
16:10:37:848,5.31299911617398,-95.43160029212095,376.12221267747924,0.013572067546189859,0.008976127088344412,-0.0014540135434504347,388.0764578834003,1,1,0
16:10:37:972,5.420441245786677,-95.29927651788321,375.59408987649266,0.007612562280943736,-0.037814953264893085,-0.012502961209523636,387.5335516291226,0,-2,-1
16:10:38:091,5.384450383923879,-95.26163298399199,375.3074064414263,0.025865635275251396,-0.05329414060596973,-0.013380001608198376,387.2459429800442,2,-3,-1
16:10:38:219,5.1117790138627655,-95.85647750293386,378.0029905892309,0.12280013374029554,0.035932868525470466,8.607001304817468e-05,390.00109673994405,7,2,0
16:10:38:340,5.041569020428684,-96.21063710081158,379.667797096165,0.05843339321889026,-0.03368876522160909,-0.004872109084614756,391.7008300493969,3,-2,0
16:10:38:466,4.99052410046974,-96.14693021742593,378.9796715603465,0.05152532067083442,-0.02696791006345302,-0.009035369675976821,391.01755584247115,3,-2,-1
16:10:38:589,5.039511109008773,-96.41569373916978,380.05129369073546,0.06392628412228622,-0.008418125564133837,-0.004405727665190041,392.1228997488222,4,0,0
16:10:38:710,5.087478708599742,-96.6428951239884,381.1036935160921,0.07739495493005721,0.01330397660147134,0.0006226675149543192,393.1993855910308,4,1,0
16:10:38:838,5.109886375341053,-96.88456680287008,381.9498918159849,0.1351815330499293,-0.034803502715046564,-0.006617046479316523,394.0792434036475,8,-2,-1
16:10:38:965,5.133233992721724,-96.46181091465662,380.54452466203384,0.10777310596611393,0.09014822211813298,0.006470251313261458,392.6135075445218,6,5,1
16:10:39:120,5.074178300045061,-96.08790682522631,378.91477339382305,0.1074799790080589,0.1040918419431712,0.012183825632630102,390.9412214381675,6,6,1
16:10:39:242,5.105454178506666,-96.28038646356228,379.90996209520927,0.3639160980559381,0.011989263293302422,-0.006320744617669913,391.95351481920034,21,1,0
16:10:39:364,5.107805161001932,-96.30222568045033,380.17124968537223,0.387927337889717,0.018186749552244842,-0.004257024570240969,392.21217144794065,22,1,0
16:10:39:490,5.148249738466447,-96.30061914352947,380.16449567040405,0.3880383800660229,0.007379372821810278,-0.005363028672512276,392.2057591253976,22,0,0
16:10:39:607,5.195363603869968,-95.79514461437783,378.1958068510147,0.4182816816002398,0.006484947786407006,-0.005836585951985703,390.17402508926193,24,0,0
16:10:39:730,5.197939162285715,-95.87677888735396,378.36769933395215,0.41180401963171875,0.00613994914948876,-0.005833802248770671,390.36071933612556,24,0,0
16:10:39:855,5.195363603869968,-95.79514461437783,378.1958068510147,0.4182816816002398,0.006484947786407006,-0.005836585951985703,390.17402508926193,24,0,0
16:10:39:979,5.1369334947765894,-96.16441574367539,379.2030995315699,0.07948710540957081,-0.01182962222219882,-0.00850034886320704,391.2403016502798,5,-1,-1
16:10:40:106,5.081436093435009,-95.90642857430443,378.1705216419074,0.06078931349332514,0.018471968420003825,-0.0019192925400331271,390.1753547746989,3,1,0
16:10:40:228,5.0397809406989875,-96.0887396747079,378.7751811647398,0.10901911573344812,0.07807404029654434,0.006565098434649093,390.8056846446652,6,4,1
16:10:40:347,5.09493925091971,-95.66278030461281,377.06618149895974,0.07674553378636446,0.05957126994789486,0.004219868135837841,389.0452816469898,4,3,0
16:10:40:477,5.107278632049391,-95.8416301454641,377.80392013139203,0.12841469109807996,0.06762361892572832,0.011632385463884167,389.8044438312788,7,4,1
16:10:40:597,5.147702791935419,-95.60896244270693,376.9923895305613,0.07171082961777789,0.001450502258314348,0.002363374595530447,388.961224683602,4,0,0
16:10:40:720,5.094860799179237,-95.30975721095236,375.79572329410416,0.051403387258249576,-0.007062163512669861,-0.0008341784015623907,387.727137394731,3,0,0
16:10:40:839,5.136264855202882,-95.70357679081027,377.6946329150837,0.4223916837201971,-0.045565912265659536,-0.006996821166961474,389.66497348373144,24,-2,-1
16:10:40:970,5.141142934458133,-95.60847671979982,377.1356579649247,0.07547366893288739,0.029815960881267724,0.0032545738060025305,389.0998800822094,4,2,0
16:10:41:085,5.141142934458133,-95.60847671979982,377.1356579649247,0.07547366893288739,0.029815960881267724,0.0032545738060025305,389.0998800822094,4,2,0
16:10:41:207,5.138740721180688,-95.6711213283109,377.0861956183239,0.047097282957883645,0.034832614375466475,0.0027100657478068583,389.0673065657365,3,2,0
16:10:41:331,5.147500881770807,-95.69724596341251,377.1904906880893,0.04887476142152357,0.01011383095560159,0.0022322776022807786,389.17492971134624,3,1,0
16:10:41:457,5.157844591385726,-95.3490154507963,375.0863350002965,0.024713286784462503,-0.017397282639939383,-0.005795438648850123,387.050121834653,1,-1,0
16:10:41:581,5.037003734142316,-96.00521318716577,377.1261059754851,0.051655919855767694,-0.013958561976909273,-0.008431118846145717,389.18693731157487,3,-1,-1
16:10:41:722,4.940887511602775,-95.78370780627033,376.11178734690645,0.06119332934527288,0.03447424510980293,-0.0010916931746493743,388.1481774165684,4,2,0
16:10:41:863,5.143360793617329,-95.87991063984902,377.0562699561109,0.0492867843348311,-0.0032298989462469763,-0.0070284899774139195,389.0897610292185,3,0,0
16:10:41:992,5.126821362549325,-95.50585609321016,376.22243804131824,0.44258330427374787,0.02383679629294748,-0.003881279230332286,388.18935550982593,25,1,0
16:10:42:111,5.14499105872135,-95.96569061747529,377.39017661607346,0.03105279718777584,0.005040089550474795,-0.0072525220884462,389.4345004169436,2,0,0
16:10:42:273,5.119443682587154,-95.53719725466827,375.98750801953804,0.05896942594061066,0.017267156437518253,-0.01063978234610706,387.969291245633,3,1,-1
16:10:42:399,5.118113846980977,-95.95272709238382,377.7907129202683,0.0861679121487368,-0.022559270341337007,-0.013441116161494905,389.8191166356785,5,-1,-1
16:10:42:517,5.053340547164014,-95.3613825418567,375.14402585487096,0.04659594689214926,-0.04995549698745285,-0.01421117364042147,387.1076977606878,3,-3,-1
16:10:42:642,5.051081116996833,-95.78197684162664,376.666297059218,0.03974336002231197,0.042822604634788784,-0.006254509953104831,388.68650587387697,2,2,0
16:10:42:766,5.138958211177371,-95.89545236907647,377.1184585417439,0.0504989737346506,0.011544809080194151,-0.007919283148676725,389.1537979378681,3,1,0
16:10:42:889,5.102561819627281,-95.31606875114943,374.95539339924744,0.02028622700812018,0.03460173329930439,-0.007395734702107795,386.9143783041429,1,2,0
16:10:43:013,5.198125417874807,-96.0833715865787,378.0097108008816,0.060750049471737906,-0.008745669460646803,-0.0027777595323931177,390.06457960582713,3,0,0
16:10:43:133,5.127360706065851,-95.50523758012338,376.00335139198734,0.05932678485593071,-0.009074019610545485,-0.01132437063086883,387.97688138734793,3,-1,-1
16:10:43:255,5.087200408301265,-95.53857242456544,376.13754581527934,0.06259748229423312,0.03231986260661261,-0.001349125259123003,388.1146116817293,4,2,0
16:10:43:379,5.061660083341219,-95.01844161249014,373.77816052561104,0.0292470060197145,-0.014322934768116783,-0.011982256683743961,385.69967323706015,2,-1,-1
16:10:43:507,5.154056539523521,-95.40048350219928,375.29134452793477,0.027918895434479438,0.004723539650203737,-0.005657743754763653,387.2614231095721,2,0,0
16:10:43:625,5.127360706065851,-95.50523758012338,376.00335139198734,0.05932678485593071,-0.009074019610545485,-0.01132437063086883,387.97688138734793,3,-1,-1
16:10:43:751,5.127360706065851,-95.50523758012338,376.00335139198734,0.05932678485593071,-0.009074019610545485,-0.01132437063086883,387.97688138734793,3,-1,-1
16:10:43:873,5.058665103481269,-95.56062184860414,375.78033903382686,0.010283323014235022,-0.038270541189080395,-0.01251818774894004,387.77349799218996,1,-2,-1
16:10:44:001,5.160606245483437,-96.31060030397923,378.9155538393464,0.07156264552701551,0.024039110002909005,-0.006410660337704471,390.9979034842928,4,1,0
16:10:44:122,5.147248408500938,-95.88387705961789,377.36064237875377,0.05554342998069222,-0.0029071972060787537,-0.007022449049748124,389.38575534124055,3,0,0
16:10:44:242,5.099050110493823,-96.23346719768877,378.77028079791245,0.10463992737702664,-0.023128251812005503,-0.008328875094966647,390.8373141559636,6,-1,-1
16:10:44:363,5.148548989223354,-95.80848759478123,376.91569425536176,0.04771276569433974,-0.027476592531454794,-0.007426337449634645,388.9360029977877,3,-2,0
16:10:44:490,5.120934050163311,-96.02048523654999,377.90429557058695,0.05960569904413392,-0.025084620658669295,-0.012231573875698907,389.9459118407451,3,-1,-1
16:10:44:609,5.138691104982356,-95.89720898107589,377.2698505943229,0.05379000954683325,0.021966759872659745,-0.006529779132660091,389.30093886875653,3,1,0
16:10:44:734,5.147248408500938,-95.88387705961789,377.36064237875377,0.05554342998069222,-0.0029071972060787537,-0.007022449049748124,389.38575534124055,3,0,0
16:10:44:856,5.155220723237324,-95.39110764559494,375.25407759287623,0.027565167300234516,-0.003526596747863851,-0.006786562986917647,387.22301386751167,2,0,0
16:10:44:984,5.1150445936937565,-96.17705347771837,378.23103334622465,0.03961469891154438,0.008707499061847212,-0.011898480939730642,390.3010426363274,2,1,-1
16:10:45:103,5.055694038763061,-95.46923915693452,375.86106518108835,0.05819828335643511,-0.02575665231313686,-0.013848849829983611,387.82918403142367,3,-1,-1
16:10:45:229,5.170269539650631,-96.39337205350542,379.23534552963315,0.05108314073482671,0.004132502483433918,-0.007526454300192578,391.32832910733464,3,0,0
16:10:45:348,5.132137011021367,-95.52584063716779,375.9419428322533,0.058374810833905603,-0.009646019244108657,-0.004459692246062101,387.92250442611174,3,-1,0
16:10:45:471,5.145362377821792,-96.48893943011551,379.7911196607213,0.11983884766078005,0.0033522007195218692,-0.002739141727223769,391.89014373864,7,0,0
16:10:45:592,5.158076868986277,-95.44338877967552,375.31337147067364,0.00652547267363281,-0.008874854219473923,-0.005975673677925984,387.2933939837065,0,-1,0
16:10:45:716,5.125773510600706,-95.60314881863832,376.09776816531763,0.03598136981395907,-0.00048303409235127655,-0.011484588600357674,388.0924720180149,2,0,-1
16:10:45:839,5.120934050163311,-96.02048523654999,377.90429557058695,0.05960569904413392,-0.025084620658669295,-0.012231573875698907,389.9459118407451,3,-1,-1
16:10:45:966,5.119554589641644,-95.89571481433035,377.26243874462784,0.049036757602198756,-0.04988329337354214,-0.012657327478957153,389.2931358841198,3,-3,-1
16:10:46:095,5.118924109480439,-96.0788111601796,378.13768212250994,0.06444666685042079,-0.010679012889526388,-0.013205832420694437,390.186427210092,4,-1,-1
16:10:46:212,5.1447970225614,-95.34524551913805,375.0658092582301,0.0012107082957094571,0.0495121014725929,0.0038192639022720668,387.0291281725952,0,3,0
16:10:46:345,5.08634295299857,-95.52238010880737,376.07241542682976,0.060460204415945476,0.03226927844057692,-0.0013395704595084528,388.047494040687,3,2,0
16:10:46:462,5.06403211956144,-94.93932868610733,373.46339592034315,0.02521019214270872,-0.03667452380820932,-0.0121655891538933,385.3751790723316,1,-2,-1
16:10:46:583,5.118924109480439,-96.0788111601796,378.13768212250994,0.06444666685042079,-0.010679012889526388,-0.013205832420694437,390.186427210092,4,-1,-1
16:10:46:707,5.191229863616385,-96.18072165021451,378.2444973873827,0.03951737775368459,0.024226794731367993,-0.00251536539566166,390.3160000416159,2,1,0
16:10:46:825,5.146044482033493,-95.74656867307884,376.8233483679381,0.07293924753375715,-0.02511727293515437,-0.008651254263997455,388.83122696319555,4,-1,-1
16:10:46:949,5.068010025647212,-95.6877727819814,376.5866984769833,0.06305316946629883,-0.01764561142768317,-0.007389282540083303,388.5863817163315,4,-1,0
16:10:47:074,5.17220250632686,-95.8275436203247,376.9899491840465,0.04515940944796713,0.019404857960433237,-0.006675842493774195,389.0129709673723,3,1,0
16:10:47:196,5.120934050163311,-96.02048523654999,377.90429557058695,0.05960569904413392,-0.025084620658669295,-0.012231573875698907,389.9459118407451,3,-1,-1
16:10:47:318,5.120934050163311,-96.02048523654999,377.90429557058695,0.05960569904413392,-0.025084620658669295,-0.012231573875698907,389.9459118407451,3,-1,-1
16:10:47:482,5.080468981719725,-95.4684517078763,375.27122762919424,0.0060412534203014125,0.00031577603200818726,-0.007863572517635385,387.2577058276515,0,0,0
16:10:47:644,5.11914500934407,-95.61004880196276,376.12571917818855,0.0367285955093382,0.02310703412117064,-0.011149631739701847,388.12117142053705,2,1,-1
16:10:47:768,5.117138656860564,-95.81849800559148,377.1092751703244,0.07349938283941973,-0.05064698066982123,-0.014262909871103494,389.12565462530034,4,-3,-1
16:10:47:890,5.1103366735779785,-96.00950267593915,377.8727629742912,0.08643287126235294,0.00801010724173458,-0.012250524261390724,389.91250960032477,5,0,-1
16:10:48:010,5.200599485866771,-95.5393666767878,375.85077254829804,0.055442409113142244,0.0075521564949428775,-0.0018390354069069371,387.83839423807257,3,0,0
16:10:48:139,5.0493023054993955,-95.52627245395884,375.94468901851934,0.058282892091151284,-0.0001885192363746944,-0.01327233534520712,387.92418509800535,3,0,-1
16:10:48:257,5.120934050163311,-96.02048523654999,377.90429557058695,0.05960569904413392,-0.025084620658669295,-0.012231573875698907,389.9459118407451,3,-1,-1
16:10:48:393,5.193753343712635,-96.11354910042304,378.27522879259794,0.06628247287288638,0.018046898620190117,-0.0020916126080276713,390.329268839229,4,1,0
16:10:48:505,5.163221955095112,-96.20383795800537,378.6467083657474,0.09486484473677731,0.0004842774754932007,-0.008256904581245521,390.71110434056396,5,0,0
16:10:48:628,5.1103366735779785,-96.00950267593915,377.8727629742912,0.08643287126235294,0.00801010724173458,-0.012250524261390724,389.91250960032477,5,0,-1
16:10:48:756,5.143598238024378,-95.81915751994661,377.2585173784457,0.08180222907341089,0.002900589535934447,-0.007828275927506956,389.2708009666915,5,0,0
16:10:48:873,5.169515801961832,-96.20350820765181,378.3428515695828,0.060918318525212685,-0.03319146207981598,-0.008271645557942898,390.41663927001093,3,-2,-1
16:10:49:002,5.119554589641644,-95.89571481433035,377.26243874462784,0.049036757602198756,-0.04988329337354214,-0.012657327478957153,389.2931358841198,3,-3,-1
16:10:49:119,5.163221955095112,-96.20383795800537,378.6467083657474,0.09486484473677731,0.0004842774754932007,-0.008256904581245521,390.71110434056396,5,0,0
16:10:49:246,5.118113846980977,-95.95272709238382,377.7907129202683,0.0861679121487368,-0.022559270341337007,-0.013441116161494905,389.8191166356785,5,-1,-1
16:10:49:367,5.145426238127595,-95.29555661197264,375.01609696001293,0.021891697132940462,0.04632691988220315,0.0046400132052338075,386.96872160457553,1,3,0
16:10:49:489,5.122375298549137,-95.68920729526435,376.14741137433737,0.01425256182941475,0.014989491773426062,-0.0106798731206745,388.1617423254258,1,1,-1
16:10:49:613,5.127954938505339,-95.4119667910612,375.48725050459706,0.0503305239532421,-0.03479525638943811,-0.011884662490011813,387.45375804125575,3,-2,-1
16:10:49:735,5.118113846980977,-95.95272709238382,377.7907129202683,0.0861679121487368,-0.022559270341337007,-0.013441116161494905,389.8191166356785,5,-1,-1
16:10:49:867,5.130415747362328,-95.56213204300363,376.0775751278595,0.035520157178784116,-0.01454419117293211,-0.010517978197852593,388.0628618669868,2,-1,-1
16:10:49:980,5.130181489215153,-95.60143502182599,375.7982665540492,0.009343580986263164,-0.02733223309846924,-0.010726525574506091,387.8018698838015,1,-2,-1
16:10:50:104,5.141432444926027,-95.31502691886094,375.102687606478,0.04965083116822606,0.036907970484297954,-0.005723511279275276,387.0573793815743,3,2,0
16:10:50:230,5.08634295299857,-95.52238010880737,376.07241542682976,0.060460204415945476,0.03226927844057692,-0.0013395704595084528,388.047494040687,3,2,0
16:10:50:348,5.202153944441212,-95.61899336099114,376.3036573344617,0.03966781165115442,0.0242023716694434,-0.0009134309674477593,388.29691837603207,2,1,0
16:10:50:476,5.090638795443002,-95.61316181655347,376.1378966111578,0.036161396872692576,0.022768259765856967,-0.001011405705737447,388.13336442899384,2,1,0
16:10:50:598,5.11914500934407,-95.61004880196276,376.12571917818855,0.0367285955093382,0.02310703412117064,-0.011149631739701847,388.12117142053705,2,1,-1
16:10:50:723,5.003358043567988,-95.25389017038258,375.00166886119166,0.043595343856845506,0.002992721715841509,-0.007486000359499677,386.94261697696504,2,0,0
16:10:50:843,5.146063964288512,-95.2902219662604,375.2736549557341,0.47664014604695754,0.028136606122948167,-0.007444360404932131,387.217025039627,27,2,0
16:10:51:008,5.155751726783897,-95.39801221598078,375.4247214229615,0.030258259554840614,0.004868700255708829,-0.0056524620165495434,387.3900927568191,2,0,0
16:10:51:131,5.198125417874807,-96.0833715865787,378.0097108008816,0.060750049471737906,-0.008745669460646803,-0.0027777595323931177,390.06457960582713,3,0,0
16:10:51:253,5.118113846980977,-95.95272709238382,377.7907129202683,0.0861679121487368,-0.022559270341337007,-0.013441116161494905,389.8191166356785,5,-1,-1
16:10:51:375,5.1586464697673335,-96.30811377377637,378.760401710222,0.06793954716024765,0.023909503738687783,-0.0063980472169871926,390.84690905231867,4,1,0
16:10:51:500,5.143598238024378,-95.81915751994661,377.2585173784457,0.08180222907341089,0.002900589535934447,-0.007828275927506956,389.2708009666915,5,0,0
16:10:51:649,5.147248408500938,-95.88387705961789,377.36064237875377,0.05554342998069222,-0.0029071972060787537,-0.007022449049748124,389.38575534124055,3,0,0
16:10:51:790,5.119789292182009,-95.9909895137199,377.6427091231325,0.0560798048553972,-0.03600356991122635,-0.01369127687243818,389.6851268191773,3,-2,-1
16:10:51:909,5.154056539523521,-95.40048350219928,375.29134452793477,0.027918895434479438,0.004723539650203737,-0.005657743754763653,387.2614231095721,2,0,0
16:10:52:031,5.187051504246075,-96.08788664672016,378.1727852853877,0.06419006995149197,0.03271474118026523,-0.002993828593681343,390.22358077651916,4,2,0
16:10:52:155,5.1178408545050855,-95.89766654248614,377.1261774789522,0.04651423967697782,-0.05023303703379156,-0.012704919542353454,389.16154548361027,3,-3,-1
16:10:52:277,5.130276643786719,-95.4700382514849,375.5674256295732,0.0276661642520747,-0.03742847807485894,-0.010730632763254514,387.5457897283968,2,-2,-1
16:10:52:403,5.068761629140547,-95.20582853538646,374.3760210640999,0.0189240830527713,0.013812430169262212,-0.002108280641601552,386.32531276030807,1,1,0
16:10:52:529,5.165493938779297,-96.21124805170507,378.82260158332497,0.10003438891805898,0.0006443463342613361,-0.008265813073885747,390.883422582305,6,0,0
16:10:52:648,5.193753343712635,-96.11354910042304,378.27522879259794,0.06628247287288638,0.018046898620190117,-0.0020916126080276713,390.329268839229,4,1,0
16:10:52:770,5.160606245483437,-96.31060030397923,378.9155538393464,0.07156264552701551,0.024039110002909005,-0.006410660337704471,390.9979034842928,4,1,0
16:10:52:893,5.202153944441212,-95.61899336099114,376.3036573344617,0.03966781165115442,0.0242023716694434,-0.0009134309674477593,388.29691837603207,2,1,0
16:10:53:017,5.1119352820150565,-95.94019645865328,377.30552958227975,0.07415488749953784,-0.023444937894817438,-0.013506723243689364,389.34575358184793,4,-1,-1
16:10:53:137,5.107535000956394,-95.80103029017256,377.02908697973635,0.04640707204593369,-0.01067964023514278,-0.008165713706986282,389.0435152360442,3,-1,0
16:10:53:260,5.116461683807436,-96.14210730577553,377.8034514596255,0.03243780721820552,-0.01507243278982745,-0.012206387332244967,389.87809750249204,2,-1,-1
16:10:53:385,5.051948028260825,-95.46770595933147,375.56737138647816,0.05214500368995042,-0.02600495429147676,-0.013853316065337393,387.54413362888937,3,-1,-1
16:10:53:504,5.108237036451452,-96.00424611587992,377.7064122703265,0.08204125613041073,0.007793853691483347,-0.012249476657623175,389.74997527648526,5,0,-1
16:10:53:634,5.126971300002635,-95.56551066756313,375.80415795287627,0.030746404996946995,-0.015023866757414506,-0.01055637254513979,387.7986820484741,2,-1,-1
16:10:53:752,5.154056539523521,-95.40048350219928,375.29134452793477,0.027918895434479438,0.004723539650203737,-0.005657743754763653,387.2614231095721,2,0,0
16:10:53:902,5.096688616518328,-95.68205299220884,376.26212828702415,0.015349567231998203,0.006943335765976073,-0.0016067556695286403,388.27080843496157,1,0,0
16:10:54:093,5.114914184581364,-96.07365380757051,377.8276343719602,0.057692588350050006,-0.010750804866682886,-0.013176039186634585,389.8846375508583,3,-1,-1
16:10:54:216,5.143598238024378,-95.81915751994661,377.2585173784457,0.08180222907341089,0.002900589535934447,-0.007828275927506956,389.2708009666915,5,0,0
16:10:54:342,5.12587895405138,-95.67044172497185,375.92946153519665,0.010844756200502619,-0.0064787198470579056,-0.010735322919307795,387.94596028963326,1,0,-1
16:10:54:466,5.091607006098345,-95.82873915463644,377.14865346461096,0.06944812181584983,0.06523797028793708,0.0001253014764428412,389.16600380819636,4,4,0
16:10:54:586,5.118113846980977,-95.95272709238382,377.7907129202683,0.0861679121487368,-0.022559270341337007,-0.013441116161494905,389.8191166356785,5,-1,-1
16:10:54:709,5.065345895234305,-95.9000071757455,376.9849170970405,0.021319278709151127,0.010445311538673938,-0.006235991818452383,389.0245452719004,1,1,0
16:10:54:828,5.171374615250715,-96.20381475254906,378.4888816957876,0.06400421978516814,-0.03287485041413102,-0.008234995855198254,390.55825513703064,4,-2,-1
16:10:54:960,5.05277167424055,-95.77970135185281,376.80105575346664,0.04224258657202361,0.04272954392045435,-0.006294560488046222,388.81655997342654,2,2,0
16:10:55:077,5.1523380754091646,-96.19117648413655,378.5967023488838,0.09443156916454712,0.035883139138266885,-0.006433818736297867,390.6593811115957,5,2,0
16:10:55:189,5.088134243534072,-95.50573133230873,376.2218807577279,0.44218117429221515,0.02979290117544234,-0.0033417775813779364,388.1882756965766,25,2,0
16:10:55:314,5.06945152203573,-95.38977915061997,375.1070256681794,0.024994671236229022,0.028073026267959305,-0.008465784384140522,387.07904878818556,1,2,0
16:10:55:433,5.095454161405998,-96.32417553385275,379.2824387089136,0.1194342264493481,0.012523858961651889,-0.006600526410910322,391.35594892420926,7,1,0
16:10:55:558,5.115266148928852,-95.81776651000362,376.96184438554405,0.07021983445038249,-0.0510281957218696,-0.014312586362332406,388.9825734519364,4,-3,-1
16:10:55:680,5.118113846980977,-95.95272709238382,377.7907129202683,0.0861679121487368,-0.022559270341337007,-0.013441116161494905,389.8191166356785,5,-1,-1
16:10:55:803,5.083377438962052,-95.26330059436877,374.896969251998,0.04662885882157817,-0.02747698454277095,-0.008978413333129463,386.84450974603936,3,-2,-1
16:10:55:934,5.064236681557181,-95.7379793599818,376.93184556264,0.06981821130469096,0.01079477659303137,-0.006481353415245162,388.9331862728572,4,1,0
16:10:56:046,5.117138713258714,-96.01728779898053,377.60253063015983,0.05342229282860282,-0.02573883135268722,-0.01229086884756865,389.6526347956392,3,-1,-1
16:10:56:198,5.127360706065851,-95.50523758012338,376.00335139198734,0.05932678485593071,-0.009074019610545485,-0.01132437063086883,387.97688138734793,3,-1,-1
16:10:56:383,5.118113846980977,-95.95272709238382,377.7907129202683,0.0861679121487368,-0.022559270341337007,-0.013441116161494905,389.8191166356785,5,-1,-1
16:10:56:503,5.158076868986277,-95.44338877967552,375.31337147067364,0.00652547267363281,-0.008874854219473923,-0.005975673677925984,387.2933939837065,0,-1,0
16:10:56:629,5.035403755395687,-95.99396283057611,377.9576583978125,0.09056889129170195,0.045197616266039846,0.0003465197325286877,389.9899841437667,5,3,0
16:10:56:751,5.047448780889569,-95.52577085697754,375.79880710844196,0.055176137738329765,-0.0002333457872285874,-0.013259342766067992,387.78266214613495,3,0,-1
16:10:56:871,5.120934050163311,-96.02048523654999,377.90429557058695,0.05960569904413392,-0.025084620658669295,-0.012231573875698907,389.9459118407451,3,-1,-1
16:10:56:995,5.117138713258714,-96.01728779898053,377.60253063015983,0.05342229282860282,-0.02573883135268722,-0.01229086884756865,389.6526347956392,3,-1,-1
16:10:57:120,5.119554589641644,-95.89571481433035,377.26243874462784,0.049036757602198756,-0.04988329337354214,-0.012657327478957153,389.2931358841198,3,-3,-1
16:10:57:240,5.164711755570185,-96.3938883118318,378.80319597982935,0.04270011840500286,0.004042401505554767,-0.007483864628475655,390.9096023838824,2,0,0
16:10:57:406,5.118113846980977,-95.95272709238382,377.7907129202683,0.0861679121487368,-0.022559270341337007,-0.013441116161494905,389.8191166356785,5,-1,-1
16:10:57:528,5.146737744070822,-95.8680408930735,377.1534043159181,0.052128219227648764,-0.013361983349972417,-0.008419729303172193,389.18101259075917,3,-1,-1
16:10:57:647,5.148548989223354,-95.80848759478123,376.91569425536176,0.04771276569433974,-0.027476592531454794,-0.007426337449634645,388.9360029977877,3,-2,0
16:10:57:771,5.149272853711824,-95.9226847966256,377.21900392400704,0.028699969527586886,-0.01709544852567548,-0.007377103503956268,389.25808070088254,2,-1,0
16:10:57:895,5.056293913850766,-95.52982656673979,375.8066882238193,0.03201982358382451,-0.028224162335369573,-0.012653355698605245,387.7914140175999,2,-2,-1
16:10:58:020,5.089582673076702,-96.45861410381144,379.35390806969986,0.057691616371148655,0.035718262372947646,-0.00598287567294698,391.4582425423795,3,2,0
16:10:58:142,5.119055272456469,-96.01924453460883,377.75473922524236,0.05647021249735838,-0.025431885493539075,-0.012268622346959232,389.80064527269616,3,-1,-1
16:10:58:268,5.138691104982356,-95.89720898107589,377.2698505943229,0.05379000954683325,0.021966759872659745,-0.006529779132660091,389.30093886875653,3,1,0
16:10:58:395,5.0493023054993955,-95.52627245395884,375.94468901851934,0.058282892091151284,-0.0001885192363746944,-0.01327233534520712,387.92418509800535,3,0,-1
16:10:58:514,5.1103366735779785,-96.00950267593915,377.8727629742912,0.08643287126235294,0.00801010724173458,-0.012250524261390724,389.91250960032477,5,0,-1
16:10:58:638,5.119554589641644,-95.89571481433035,377.26243874462784,0.049036757602198756,-0.04988329337354214,-0.012657327478957153,389.2931358841198,3,-3,-1
16:10:58:758,5.064236681557181,-95.7379793599818,376.93184556264,0.06981821130469096,0.01079477659303137,-0.006481353415245162,388.9331862728572,4,1,0
16:10:58:881,5.168108776936845,-96.29250472336416,378.84275048019725,0.0696992780676088,-0.005090339233664315,-0.007420192990780645,390.9229916564519,4,0,0
16:10:59:010,5.111362965864178,-96.05717543256561,378.2205818055356,0.4106131729296493,0.04788330132500151,0.0019649902425268985,390.2613425446714,24,3,1
16:10:59:124,5.119554589641644,-95.89571481433035,377.26243874462784,0.049036757602198756,-0.04988329337354214,-0.012657327478957153,389.2931358841198,3,-3,-1
16:10:59:248,5.1103366735779785,-96.00950267593915,377.8727629742912,0.08643287126235294,0.00801010724173458,-0.012250524261390724,389.91250960032477,5,0,-1
16:10:59:370,5.1085373377185395,-95.72316779773593,376.57512984395436,0.03957734056963313,-0.034603546223726044,-0.008501783379995749,388.58441865823113,2,-2,-1
16:10:59:495,5.147248408500938,-95.88387705961789,377.36064237875377,0.05554342998069222,-0.0029071972060787537,-0.007022449049748124,389.38575534124055,3,0,0
16:10:59:614,5.055973216698854,-95.58173630093056,376.157225365538,0.03805861044352578,-0.014319298330022419,-0.013662880682645838,388.1439029202555,2,-1,-1
16:10:59:740,5.12621472325985,-95.41341591533548,375.34953923295353,0.047682668483900015,-0.03512116750476044,-0.01192396705483438,387.32063541258975,3,-2,-1
16:10:59:863,5.119055272456469,-96.01924453460883,377.75473922524236,0.05647021249735838,-0.025431885493539075,-0.012268622346959232,389.80064527269616,3,-1,-1
16:10:59:985,5.143598238024378,-95.81915751994661,377.2585173784457,0.08180222907341089,0.002900589535934447,-0.007828275927506956,389.2708009666915,5,0,0
16:11:00:110,5.122458161759241,-95.46937407060408,375.57085081101013,0.04671355913452229,0.014153922547967568,-0.0006763178936783648,387.5488420082789,3,1,0
16:11:00:231,5.117138656860564,-95.81849800559148,377.1092751703244,0.07349938283941973,-0.05064698066982123,-0.014262909871103494,389.12565462530034,4,-3,-1
16:11:00:354,5.068940686959681,-95.81369963330813,377.079729956732,0.0463720133707532,0.0031765594395108533,-0.005932098664460472,389.0952093528673,3,0,0
16:11:00:481,5.120934050163311,-96.02048523654999,377.90429557058695,0.05960569904413392,-0.025084620658669295,-0.012231573875698907,389.9459118407451,3,-1,-1
16:11:00:598,5.052670024611415,-95.71158909910999,376.6826941072772,0.06553259084826993,0.039219652210030626,-0.005503487475252567,388.68507792578174,4,2,0
16:11:00:767,5.141432444926027,-95.31502691886094,375.102687606478,0.04965083116822606,0.036907970484297954,-0.005723511279275276,387.0573793815743,3,2,0
16:11:00:888,5.11519618289873,-96.09055798545272,378.0395031776786,0.06138634587046909,0.0008490166769280882,-0.011631107015328759,390.0941252169421,4,0,-1
16:11:01:012,5.078787183224287,-94.72715311480289,372.90290258514045,0.017996495475836906,0.04680470396417399,0.0031724111292921646,384.77994019037754,1,3,0
16:11:01:133,5.047018276092122,-95.61237472134134,375.99221239955506,0.03420795679975632,0.008961717009810678,-0.013341851955192992,387.9914204959248,2,1,-1
16:11:01:255,5.077768004922795,-95.23523459971796,374.7828621495189,0.03936873869906797,-0.0065716294146773695,-0.005612068330448468,386.7269416502559,2,0,0
16:11:01:381,5.146044482033493,-95.74656867307884,376.8233483679381,0.07293924753375715,-0.02511727293515437,-0.008651254263997455,388.83122696319555,4,-1,-1
16:11:01:500,5.114550854818333,-95.48969783518204,375.7977400190481,0.05517102019251189,0.043206029847833866,-0.003042817130306682,387.77362265441025,3,2,0
16:11:01:662,5.119443682587154,-95.53719725466827,375.98750801953804,0.05896942594061066,0.017267156437518253,-0.01063978234610706,387.969291245633,3,1,-1
16:11:01:793,5.1299611596492385,-95.86604068661696,377.00163394498924,0.048688148506003906,0.036525213929645126,-0.007398050098873196,389.0332199897835,3,2,0
16:11:01:911,5.195478834891951,-95.58916911039275,376.18498089487343,0.03778581752604487,0.0382371972541601,-0.0018684338465739193,388.1744737903503,2,2,0
16:11:02:038,5.124347506392197,-95.61172596283514,376.13197079852756,0.036459988823214,0.008691019620221908,-0.010232217792089649,388.12771163077616,2,1,-1
16:11:02:157,5.1103366735779785,-96.00950267593915,377.8727629742912,0.08643287126235294,0.00801010724173458,-0.012250524261390724,389.91250960032477,5,0,-1
16:11:02:281,5.144039631484623,-95.7438082550748,376.6678078882922,0.06929473829262825,-0.025352964380442596,-0.008671898620873615,388.67978525038603,4,-1,-1
16:11:02:405,5.150676028226749,-95.40575550790675,375.02633355676875,0.023471248415931276,0.004506900009931666,-0.005657350191864523,387.005863661799,1,0,0
16:11:02:527,5.118113846980977,-95.95272709238382,377.7907129202683,0.0861679121487368,-0.022559270341337007,-0.013441116161494905,389.8191166356785,5,-1,-1
16:11:02:654,5.1103366735779785,-96.00950267593915,377.8727629742912,0.08643287126235294,0.00801010724173458,-0.012250524261390724,389.91250960032477,5,0,-1
16:11:02:777,5.09285711329816,-95.53218663378924,375.96716676219734,0.057596835215655263,0.005901785216841968,-0.0020036702971799746,387.9479944010582,3,0,0
16:11:02:896,5.06825966069002,-95.26547657136241,374.89695031012894,0.01894272236608275,0.04777859674913315,0.0017065993301458395,386.8448288838721,1,3,0
16:11:03:023,5.083456524942808,-95.02051041892963,373.78109480826976,0.008577808759356268,0.06121054396888709,-0.0010896468970403791,385.7033131392361,0,4,0
16:11:03:147,5.106900182296083,-95.92111909115614,377.6614164861131,0.07772313298163358,0.03599603131046491,-0.0009914388454677324,389.68588249957054,4,2,0
16:11:03:267,5.117138656860564,-95.81849800559148,377.1092751703244,0.07349938283941973,-0.05064698066982123,-0.014262909871103494,389.12565462530034,4,-3,-1
16:11:03:385,5.143598238024378,-95.81915751994661,377.2585173784457,0.08180222907341089,0.002900589535934447,-0.007828275927506956,389.2708009666915,5,0,0
16:11:03:513,5.08634295299857,-95.52238010880737,376.07241542682976,0.060460204415945476,0.03226927844057692,-0.0013395704595084528,388.047494040687,3,2,0
16:11:03:635,5.089851172829542,-94.84325521312884,373.36622052679695,0.02778043374859642,0.005346650119036688,-0.007112455944449393,385.25768554935934,2,0,0
16:11:03:759,5.155087962563209,-95.29546792666707,375.023775753544,0.04739715416106187,-0.012504424305566253,-0.006671604111489925,386.9762699697601,3,-1,0
16:11:03:885,5.065600144388757,-94.9348122120728,373.58785201495687,0.027254082248693252,-0.03647776345957124,-0.01214118783499944,385.4946978204936,2,-2,-1
16:11:04:009,5.068010025647212,-95.6877727819814,376.5866984769833,0.06305316946629883,-0.01764561142768317,-0.007389282540083303,388.5863817163315,4,-1,0
16:11:04:172,5.067358668852054,-95.05665224098725,373.92338641207425,0.006543454730692658,8.46215085860729e-05,-0.0010530458775394754,385.84989849035355,0,0,0
16:11:04:287,5.1499021148724635,-95.3348825509308,375.18121977209637,0.05015998960055823,0.012153579054868018,-0.006214053197893751,387.1384881311475,3,1,0
16:11:04:413,5.117138713258714,-96.01728779898053,377.60253063015983,0.05342229282860282,-0.02573883135268722,-0.01229086884756865,389.6526347956392,3,-1,-1
16:11:04:539,5.117138656860564,-95.81849800559148,377.1092751703244,0.07349938283941973,-0.05064698066982123,-0.014262909871103494,389.12565462530034,4,-3,-1
16:11:04:665,5.026296003677537,-95.04629970762971,374.17492054170344,0.03513196208785315,0.022838830500425265,-0.002552399090628832,386.0905773287134,2,1,0
16:11:04:788,5.0436049957285825,-95.5528138311457,376.0529910359023,0.06474752056194295,0.049581328771347,-0.002052851587449736,388.03560435796476,4,3,0
16:11:04:904,5.078333284006273,-95.33191080571704,375.1612180858999,0.022877556525644382,0.009862831218936587,-0.004711546045325633,387.1174269424057,1,1,0
16:11:05:030,5.064236681557181,-95.7379793599818,376.93184556264,0.06981821130469096,0.01079477659303137,-0.006481353415245162,388.9331862728572,4,1,0
16:11:05:153,5.120934050163311,-96.02048523654999,377.90429557058695,0.05960569904413392,-0.025084620658669295,-0.012231573875698907,389.9459118407451,3,-1,-1
16:11:05:274,5.1103366735779785,-96.00950267593915,377.8727629742912,0.08643287126235294,0.00801010724173458,-0.012250524261390724,389.91250960032477,5,0,-1
16:11:05:402,5.054249959003668,-95.58374713053975,376.0216413988547,0.03557177220784376,-0.014370554439807996,-0.013658845092858307,388.01298039943447,2,-1,-1
16:11:05:566,5.1523380754091646,-96.19117648413655,378.5967023488838,0.09443156916454712,0.035883139138266885,-0.006433818736297867,390.6593811115957,5,2,0
16:11:05:689,5.141432444926027,-95.31502691886094,375.102687606478,0.04965083116822606,0.036907970484297954,-0.005723511279275276,387.0573793815743,3,2,0
16:11:05:815,5.117971769579744,-95.99153054484134,377.5005121323526,0.05320969613463321,-0.03621179285383325,-0.013713952038872898,389.5474351495128,3,-2,-1
16:11:05:933,5.067194862114802,-95.8146017709726,376.9392506356197,0.04364659985966547,0.002999101069551046,-0.005940071178937715,388.9592691350127,3,0,0
16:11:06:053,5.067562168231022,-94.98629875644356,373.644675924512,0.006321266419073629,-0.038966422402889125,-0.01098604110306466,385.56247351695265,0,-2,-1
16:11:06:177,5.110324788341396,-96.09974752704305,378.07661155567007,0.06237183297871155,0.015920707662653355,-0.012497353165841748,390.13228666648547,4,1,-1
16:11:06:341,5.127360706065851,-95.50523758012338,376.00335139198734,0.05932678485593071,-0.009074019610545485,-0.01132437063086883,387.97688138734793,3,-1,-1
16:11:06:477,5.118113846980977,-95.95272709238382,377.7907129202683,0.0861679121487368,-0.022559270341337007,-0.013441116161494905,389.8191166356785,5,-1,-1
16:11:06:586,5.068690035894613,-95.47767642775096,375.75132207199454,0.054962569402059465,0.09487935501562365,0.0068144164319127315,387.7250757348228,3,5,1
16:11:06:711,5.151789932582474,-95.33589041552497,375.3288833651865,0.05324797123298529,0.012284820909928086,-0.006218129873332152,387.28186586643614,3,1,0
16:11:06:836,5.007036313341639,-95.31901103949558,375.11075199664026,0.022191274048206387,-0.002830681759546082,-0.006730803686810615,387.0644139438235,1,0,0
16:11:06:980,5.200599485866771,-95.5393666767878,375.85077254829804,0.055442409113142244,0.0075521564949428775,-0.0018390354069069371,387.83839423807257,3,0,0
16:11:07:124,5.142984391056704,-95.90014319588492,377.4258472817642,0.05692732656254114,0.01128468599686668,-0.008000864394184596,389.45289567519654,3,1,0
16:11:07:242,5.165493938779297,-96.21124805170507,378.82260158332497,0.10003438891805898,0.0006443463342613361,-0.008265813073885747,390.883422582305,6,0,0
16:11:07:406,5.002720931758992,-95.33122494542408,375.1595469796847,0.02296948978406958,0.011183349234328085,-0.007690319715846598,387.1146540190882,1,1,0
16:11:07:530,5.170133565877143,-96.2960448442262,379.00225646712136,0.07347071633210883,-0.004816559708826431,-0.00740290021227121,391.0784690326225,4,0,0
16:11:07:653,5.083677399447339,-96.0279915305315,377.93446813016436,0.059590872909413395,-0.021259982517460335,-0.011844651171816475,389.9765135673169,3,-1,-1
16:11:07:773,5.118924109480439,-96.0788111601796,378.13768212250994,0.06444666685042079,-0.010679012889526388,-0.013205832420694437,390.186427210092,4,-1,-1
16:11:07:899,5.119554589641644,-95.89571481433035,377.26243874462784,0.049036757602198756,-0.04988329337354214,-0.012657327478957153,389.2931358841198,3,-3,-1
16:11:08:020,5.038352867066362,-95.93337289221078,377.11931207192936,0.02743620447394737,-0.018428762268938463,-0.007487338338886732,389.1626556745833,2,-1,0
16:11:08:148,5.016992118466409,-95.53616072984876,375.85381320761695,0.0856477328113445,-0.018609079835411112,-0.014563285019933205,387.838132627031,5,-1,-1
16:11:08:268,5.020973236987551,-95.5317227587722,375.95794438039115,0.03416184545686336,-0.02520153795205971,-0.0123782390565183,387.938005573358,2,-1,-1
16:11:08:393,4.983386885894382,-95.61937654780499,376.30779021009016,0.039536814973977506,0.021472889043085516,-0.0011436734539718061,388.29814870669503,2,1,0
16:11:08:511,5.056952577102166,-95.42209815248299,375.3781421601813,0.026441707845059656,-0.04983664305408393,-0.012704863638545453,387.3495826728337,2,-3,-1
16:11:08:633,5.103929299821445,-95.80226679596754,376.74609115552244,0.04105418484363155,-0.010870948833431569,-0.008161675409787286,388.7695224918082,2,-1,0
16:11:08:759,5.029899636176307,-95.67999079305463,376.8343639222204,0.04209251690026072,-0.0027210698674656544,-0.00684046407008462,388.8239940656614,2,0,0
16:11:08:880,5.055694038763061,-95.46923915693452,375.86106518108835,0.05819828335643511,-0.02575665231313686,-0.013848849829983611,387.82918403142367,3,-1,-1
16:11:09:011,5.064236681557181,-95.7379793599818,376.93184556264,0.06981821130469096,0.01079477659303137,-0.006481353415245162,388.9331862728572,4,1,0
16:11:09:155,5.1103366735779785,-96.00950267593915,377.8727629742912,0.08643287126235294,0.00801010724173458,-0.012250524261390724,389.91250960032477,5,0,-1
16:11:09:290,5.044199168479152,-96.02172781076302,377.9221486055548,0.08702870818721259,0.014180104078060569,-0.0008733870472997311,389.9625194344382,5,1,0
16:11:09:416,5.117028497090621,-95.44374386760246,375.7565990888395,0.05173051725215505,0.04042532091137937,-2.746950573152254e-05,387.7224703095184,3,2,0
16:11:09:540,5.130276643786719,-95.4700382514849,375.5674256295732,0.0276661642520747,-0.03742847807485894,-0.010730632763254514,387.5457897283968,2,-2,-1
16:11:09:758,4.9994629951981375,-95.33442845776428,375.0293662816341,0.02091089320103203,0.019316122493886458,-0.006555568135751928,386.9892420380869,1,1,0
16:11:09:886,5.081998263782247,-96.27306555608945,379.20015858680557,0.3952154380623283,0.05442416103964149,-0.0022697695123869723,391.2634536091745,23,3,0
16:11:10:044,5.126771149932536,-95.65772664660659,376.6108549810768,0.06508178463493483,0.056090951666941335,0.003999175112724655,388.6031658893148,4,3,0
16:11:10:158,5.127360706065851,-95.50523758012338,376.00335139198734,0.05932678485593071,-0.009074019610545485,-0.01132437063086883,387.97688138734793,3,-1,-1
16:11:10:279,5.055694038763061,-95.46923915693452,375.86106518108835,0.05819828335643511,-0.02575665231313686,-0.013848849829983611,387.82918403142367,3,-1,-1
16:11:10:409,5.070377661944112,-95.20199146218614,374.50344609794917,0.02101956238172171,0.013788756203746538,-0.0021261899911937544,386.4478736482327,1,1,0
16:11:10:526,5.135450678630267,-95.05309985885779,374.20087054472464,0.035999817731975414,0.024153367448294414,-0.0024488096155511866,386.11883684026657,2,1,0
16:11:10:640,5.11519618289873,-96.09055798545272,378.0395031776786,0.06138634587046909,0.0008490166769280882,-0.011631107015328759,390.0941252169421,4,0,-1
16:11:10:773,5.118113846980977,-95.95272709238382,377.7907129202683,0.0861679121487368,-0.022559270341337007,-0.013441116161494905,389.8191166356785,5,-1,-1
16:11:10:941,5.118113846980977,-95.95272709238382,377.7907129202683,0.0861679121487368,-0.022559270341337007,-0.013441116161494905,389.8191166356785,5,-1,-1
16:11:11:076,5.078333284006273,-95.33191080571704,375.1612180858999,0.022877556525644382,0.009862831218936587,-0.004711546045325633,387.1174269424057,1,1,0
16:11:11:223,5.142984391056704,-95.90014319588492,377.4258472817642,0.05692732656254114,0.01128468599686668,-0.008000864394184596,389.45289567519654,3,1,0
16:11:11:344,5.055694038763061,-95.46923915693452,375.86106518108835,0.05819828335643511,-0.02575665231313686,-0.013848849829983611,387.82918403142367,3,-1,-1
16:11:11:465,4.9661567693266795,-95.25507503284703,375.0067998217631,0.04353881006460217,0.006364911896191642,-0.0071574460251467974,386.9474020395159,2,0,0
16:11:11:591,5.055694038763061,-95.46923915693452,375.86106518108835,0.05819828335643511,-0.02575665231313686,-0.013848849829983611,387.82918403142367,3,-1,-1
16:11:11:716,4.997933256050022,-95.33922169105229,374.9055659405043,0.018918657624465613,0.01929822030234885,-0.006541590994530431,386.8704303803243,1,1,0
16:11:11:835,5.0661218460260224,-94.99307774288552,373.5294636080357,0.004704842833526103,-0.03915290426974815,-0.011011354871947009,385.4524751417891,0,-2,-1
16:11:11:961,5.0838751405039355,-95.3214788898929,374.8351538648219,0.02177761983133433,-0.02992653282042388,-0.00778697067281497,386.7989435056219,1,-2,0
16:11:12:077,5.165493938779297,-96.21124805170507,378.82260158332497,0.10003438891805898,0.0006443463342613361,-0.008265813073885747,390.883422582305,6,0,0
16:11:12:205,5.120242231895371,-96.05427631256552,377.59818166090577,0.030245436918915167,-0.03758968306063105,-0.012385044745721902,389.6575774600904,2,-2,-1
16:11:12:329,5.118113846980977,-95.95272709238382,377.7907129202683,0.0861679121487368,-0.022559270341337007,-0.013441116161494905,389.8191166356785,5,-1,-1
16:11:12:453,5.106900182296083,-95.92111909115614,377.6614164861131,0.07772313298163358,0.03599603131046491,-0.0009914388454677324,389.68588249957054,4,2,0
16:11:12:572,5.084762223069302,-95.7237033367239,375.8478941253171,-0.0484730072685382,0.02577758062715736,-0.002905055186286178,387.87951957508386,-3,1,0
16:11:12:692,err,err,err,err,err,err,err,err,err,err
16:11:12:840,err,err,err,err,err,err,err,err,err,err
16:11:12:937,err,err,err,err,err,err,err,err,err,err
16:11:13:065,err,err,err,err,err,err,err,err,err,err
16:11:13:184,err,err,err,err,err,err,err,err,err,err
16:11:13:306,err,err,err,err,err,err,err,err,err,err
16:11:13:431,err,err,err,err,err,err,err,err,err,err
16:11:13:553,err,err,err,err,err,err,err,err,err,err
16:11:13:677,err,err,err,err,err,err,err,err,err,err
16:11:13:802,err,err,err,err,err,err,err,err,err,err
16:11:13:930,err,err,err,err,err,err,err,err,err,err
16:11:14:070,5.197778981251276,-93.97526364266258,368.51667604886023,-0.13163962515710517,0.0716452578514265,0.008088109473279032,380.3457737495534,-8,4,0
16:11:14:275,5.357752050296577,-95.19434621668482,374.0367734596759,-0.00968655623259062,0.004785910494879954,-0.002083944792675286,385.9976385404183,-1,0,0
16:11:14:430,5.38182367884547,-95.11866660373381,373.74004803004874,0.006133227144067248,0.030264238251480446,-0.0028192300970608514,385.6917788391212,0,2,0
16:11:14:560,err,err,err,err,err,err,err,err,err,err
16:11:14:671,5.369070677876481,-95.95610044158988,377.78796544625345,0.056484671312591765,-0.0011716372561925343,-0.011888572144792038,389.82066000652156,3,0,-1
16:11:14:795,5.35650732231329,-95.85879138651536,377.3987188119633,0.047124389807234296,0.049460994444503366,-0.0003802117173480314,389.4193023178086,3,3,0
16:11:14:913,5.41548313247999,-95.3098532351503,375.36354163451364,0.04976537772831229,-0.034364605448170306,-0.015061380117029587,387.312643699724,3,-2,-1
16:11:15:038,4.011047350593125,-88.99770010152564,343.4967695145503,-0.6164416650712398,0.027228442032196782,0.1593778444025412,354.8615360829374,-35,4,8
16:11:15:159,5.429159925491527,-95.01727258372885,373.6149993138395,-0.03194013906182155,-0.03713611843137194,-0.01067020190002453,385.5462690508462,-2,-2,-1
16:11:15:280,5.247143903996238,-95.1255707916819,374.19610752280545,0.013107793862449426,0.017498469515998965,-0.0018361301623953915,386.133569665746,1,1,0
16:11:15:422,5.3151711789703056,-95.49855188529928,376.0976687395514,-0.007375990111176103,0.0022001413506900053,-0.0008167853895633877,388.0691702366684,0,0,0
16:11:15:572,5.38616061307124,-95.3286637871121,376.29285503624624,0.04059987467940207,0.04069982703782581,0.008470863736469584,388.2175647970033,2,2,1
16:11:15:689,5.314778308105863,-94.98104944718953,376.1872137634824,-0.005634793766336305,0.00217518617016914,-0.0008296738278518271,388.0289504942715,0,0,0
16:11:15:813,5.319335110440637,-94.85645142831112,375.6892247056309,-0.011587791375668663,-0.03682995945198169,-0.0004184291203569382,387.51572260168587,-1,-2,0
16:11:15:949,5.33383593832887,-95.28279482717225,376.6422114069725,0.4572754157906155,0.07692641277460535,0.0036081448126589035,388.54422683837237,26,4,1
16:11:16:062,5.306515246881312,-95.1318856037822,375.7929962517026,0.028480340800208725,0.03815052171553078,0.008423518670101464,387.6836478295527,2,2,1
16:11:16:197,5.352250373201899,-95.79262591634577,378.8718354074438,0.07115461231660596,0.015255308306238424,0.0024917452771961806,390.83083479814076,4,1,0
16:11:16:372,5.339644606685111,-95.53488758329655,377.96924602992596,0.014040960735094175,-0.0241832529334564,-0.01205317902039561,389.8925204392994,1,-1,-1
16:11:16:540,5.288292785112817,-95.28204022664993,376.6702503210767,-0.0028679284077650228,-0.02156319911582975,-0.00631373633109963,388.5705993861046,0,-1,0
16:11:16:696,5.093268121439258,-95.17728777237487,376.11554155087885,0.013827181234638943,0.006799789493794597,-0.0016207465967379524,388.0045851326672,1,0,0
16:11:16:999,5.1478471331288285,-95.53442690397823,377.09997564147665,-0.01730161426781473,0.004221614793424976,0.003288166802436413,389.04719338761447,-1,0,0
16:11:17:159,5.290625153327472,-95.54778090608147,377.16862213782974,0.04903317256871488,-0.0038250478725469234,-0.00704103885244056,389.11892613433565,3,0,0
16:11:17:302,5.319313514343953,-95.26353949854992,376.1699423599903,0.014674616151754308,-0.011504301779289522,-0.001390049705453532,388.0815153922872,1,-1,0
16:11:17:436,5.375109461256901,-95.0828090810714,375.44158934103416,-0.0305809779617561,0.022601757204076086,0.0030560891553890637,387.33192405402076,-2,1,0
16:11:17:581,5.369449505582605,-95.3446316894601,376.7804778824772,0.019440569881804048,-0.017343195050628035,0.0028564288911679526,388.69391337315756,1,-1,0
16:11:17:700,5.305322716590884,-95.23271561255072,375.90941098824504,0.03297269782544658,0.024623487569019397,-0.0008854374971574953,387.8212240731513,2,1,0
16:11:17:819,5.386598988502789,-95.1538899753518,375.5940616117129,0.029310957391303592,-0.045958516301040815,-0.012376011943031331,387.49732559604524,2,-3,-1
16:11:17:942,5.699142898970989,-88.31219184014242,341.3401730168798,-0.6291283484586003,-0.008299265469901463,-0.15196905729687732,352.6253495887476,-36,-3,-8
16:11:18:067,5.343692947899342,-95.68584215600805,377.8547921186768,0.030586958620631825,-0.013780904244251295,-0.0017827781507488637,389.81864933642464,2,-1,0
16:11:18:187,5.223206289773337,-95.00589238573218,374.85605176673295,-0.002207153267489245,-0.007621691890165169,-0.005952817020676726,386.74340462133085,0,0,0
16:11:18:315,5.2354803979854365,-95.28682779234593,375.69409441437705,0.02573618143576968,0.007057160233657129,-0.00014256226931339629,387.62487327771515,1,0,0
16:11:18:430,5.140479392768582,-95.56979743455973,376.8249799088357,0.04210083142135304,0.019301815949330083,0.003523273031327062,388.7892439270468,2,1,0
16:11:18:555,5.920002792470033,-84.6611404937215,341.0227173489879,1.0198253661067644,-0.05118881339221467,0.12506231744573013,351.42431459824775,58,-6,5
16:11:18:722,5.187272336119614,-95.03885198474298,374.7065154921419,0.015623108888682914,-0.011646618014191866,-0.004815228978815199,386.60608367320054,1,-1,0
16:11:18:844,5.169061590760781,-94.8059415772199,373.92120527854246,0.006766020802706098,0.022204720533113793,-0.0009406206326332126,385.78744602828925,0,1,0
16:11:18:977,5.090582680928318,-95.41538666967769,376.3477852103332,0.017315410870859225,0.02817836912311008,-0.001592004282018667,388.2881217318894,1,2,0
16:11:19:093,5.09420266123713,-95.43221931496657,376.12736045238336,0.013637087415769614,0.006857394346491596,-0.0016099915962272456,388.07866556280925,1,0,0
16:11:19:216,4.916247816934023,-94.8972421420137,373.9995195826348,-0.009019133361728007,0.045402239695742766,0.008368375662539302,385.88249080101974,-1,3,0
16:11:19:337,4.832951469541423,-95.41954223847658,376.2237769226649,0.015305549048321978,0.028489479336542937,-0.0015290851360294155,388.1656563670497,1,2,0
16:11:19:501,4.6408613347721,-95.21903861312524,374.8597614236902,0.018155042639199197,0.0179379406854721,0.003643633249087832,386.7919901484031,1,1,0
16:11:19:626,4.611726607439163,-94.62945055306925,372.7988086490969,-0.0037029713561217456,0.05490002243681802,0.013429236260577031,384.64912929118077,0,3,1
16:11:19:747,4.499356959816639,-95.2462592596171,375.1080503374082,0.0012247483140421247,-0.014099499687431965,-0.006745563877284551,387.0376513259835,0,-1,0
16:11:19:901,4.451518538742356,-95.0673877323759,374.11244660601886,-0.008239897422277927,0.02511163906322232,0.008545561804962336,386.02816857465206,0,1,0
16:11:20:085,4.411603182637021,-94.87614064341244,374.06129186344066,-0.027371857234426474,0.032202471819355594,0.00808484753709733,385.9310746449109,-2,2,0
16:11:20:204,4.420496272531229,-95.91100668720597,377.89986348228257,0.03449606100281537,0.035833928725729845,0.00998152475432783,389.9061025567265,2,2,1
16:11:20:323,4.305151196154646,-94.96285428119312,373.9832201787488,-0.009654434955356834,0.020560373730210094,0.007842248856280445,385.87553303535503,-1,1,0
16:11:20:450,2.669816493211208,-84.61886941506934,340.1334269869593,1.0349713307388952,0.07907013914229781,-0.13480272723690448,350.5113823188702,59,7,-4
16:11:20:564,4.262911718436779,-94.84730024965606,372.815028899598,-0.025258747803734372,-0.014268084962009554,0.003753364028330149,384.71447666337656,-1,-1,0
16:11:20:689,4.208326974449434,-95.34684969862329,374.9375312446165,-0.02029065800167168,0.030081492357143733,0.01280264399627508,386.89389255864904,-1,2,1
16:11:20:816,4.145637089927807,-95.06165949034215,373.09771759560175,-0.05444120913652409,0.03029573721248532,0.004533721103174849,385.04001387776117,-3,2,0
16:11:20:936,4.1226962627792645,-94.42982857829976,370.317788515776,-0.061216152604548976,0.013565311738077627,0.008481437188325594,382.1900752780182,-4,1,0
16:11:21:061,4.1006950396145605,-94.9232406087512,371.98766649167254,-0.047020002171578916,0.026968176375160975,0.007319938764258863,383.9297609321197,-3,2,0
16:11:21:181,4.202138554021236,-95.4037387218921,374.1691210537104,-0.026620527663273476,0.012382260687834152,0.008318118072066338,386.1632588435213,-2,1,0
16:11:21:303,4.214957913100708,-95.06922083626688,372.70421099097,-0.041364743078237065,0.05055553584450075,0.013079947697948669,384.66134652577915,-2,3,1
16:11:21:431,4.1152518897097625,-94.43735375423913,370.06763247973123,-0.06343074183741873,0.02985390240653929,0.007963812813081957,381.94947531234084,-4,2,0
16:11:21:596,3.9781633009837143,-94.31580681331972,370.00913275257204,-0.05004636903107641,0.002923235108264385,0.008244479917245516,381.861304033817,-3,0,0
16:11:21:719,4.063697969698441,-94.24979981697297,368.90928155329993,-0.058891424680454135,0.05302213049885104,0.012160836397255284,380.7802468916952,-3,3,1
16:11:21:839,err,err,err,err,err,err,err,err,err,err
16:11:22:002,err,err,err,err,err,err,err,err,err,err
16:11:22:164,err,err,err,err,err,err,err,err,err,err
16:11:22:288,3.9726971479585305,-109.36956209437622,376.37925422458756,-0.04712641047467685,0.04188257607178233,0.007478913873247535,391.96788955984863,-3,2,0
16:11:22:410,2.8927519475332866,-96.86125672561317,340.98815323113644,-0.6269890880592501,0.015886342031447058,0.16449127638767677,354.4903266836432,-36,4,9
16:11:22:535,4.187238466449909,-94.22429577360145,373.0385354460848,-0.0008050300288104177,0.000655815145732739,0.00449835358276899,384.77720801493155,0,0,0
16:11:22:659,4.329837768691692,-93.14653154514984,374.01415505753374,-0.061304717351155544,0.017931527858068085,-0.000981405524742313,385.4628542640596,-4,1,0
16:11:22:780,4.451975342496444,-86.89026315490042,372.2164166587821,-0.04233992943066128,-0.023328930593240396,0.004158462165661642,382.2496549977281,-2,-1,0
16:11:22:905,4.5876046884309645,-77.68674710534181,374.39239551986645,-0.008485041566167167,0.00677935312031563,0.00214991570281464,382.3950086176476,0,0,0
16:11:23:028,4.758366357643371,-70.39854549133014,376.5601063934044,0.08946712169920734,-0.035402551173137044,0.0039060995049318434,383.1137050337673,5,-2,0
16:11:23:148,4.80112213282948,-57.06288363923071,375.74848127664836,-0.09024640424844753,0.08559713146791574,0.00959386491456627,380.0870224628388,-5,5,0
16:11:23:274,5.620168149208539,-42.86730118125403,342.5676101295237,-0.7515262403441363,-0.01145735341306708,-0.15612235663657986,345.2850406699414,-43,-4,-8
16:11:23:396,err,err,err,err,err,err,err,err,err,err
16:11:23:516,err,err,err,err,err,err,err,err,err,err
16:11:23:649,err,err,err,err,err,err,err,err,err,err
16:11:23:766,5.597454764528797,-14.246589811771031,371.9179197702175,-0.10375507310486423,0.009480695232870309,0.0009828401641743445,372.2327710819021,-6,1,0
16:11:23:889,5.518206762759941,-10.309980598380756,366.4334771826913,-0.026159047283203125,-0.15690585815472086,-0.009721594554802147,366.6200206017308,-1,-9,0
16:11:24:014,err,err,err,err,err,err,err,err,err,err
16:11:24:312,err,err,err,err,err,err,err,err,err,err
16:11:24:426,5.77304882075527,3.0376943314937286,366.5016766910981,-0.0066753566676699605,0.21302083054277415,-0.01152390455364894,366.5597286895065,0,12,-1
16:11:24:542,5.838749637407695,3.4799960702819046,372.79111922938387,-0.12998461552052779,-0.035622036242947276,-0.0031555762305774744,372.85308091294377,-7,-2,0
16:11:24:668,5.983829458026357,3.560001683777129,371.7135432978082,-0.026289690897915313,-0.09656545452727254,-0.008246980882935453,371.77874885203266,-1,-6,0
16:11:24:787,6.640356607686164,5.088593217890078,340.7981033616426,0.7442883659439203,-0.02993916767958236,0.12466921231446622,340.90077056484813,42,-4,6
16:11:24:911,err,err,err,err,err,err,err,err,err,err
16:11:25:035,5.832363144965662,2.6264031217956214,370.03283350214235,-0.06332157004724842,0.10368726383740431,-0.0029245981880667324,370.08811426853083,-4,6,0
16:11:25:186,5.865679479600657,-3.184533653227544,371.713120571192,-0.07929241305063481,0.06606105500423776,-0.005639396961935408,371.77303755802336,-5,4,0
16:11:25:326,5.741881270766339,-0.8184060502907538,366.59013976340316,-0.0782072201758962,-0.18267253126085015,-0.006257435504440388,366.6360178170473,-4,-10,0
16:11:25:445,5.970726517560803,3.2912548001418807,366.56261592357833,0.00021253912636359117,0.16563124864295853,-0.0062883652153330385,366.6260128878524,0,9,0
16:11:25:572,6.101593433617181,6.969001035279353,371.7834751370744,-0.107333182314005,-0.11494418126374062,-0.0010585746296730971,371.8988421639122,-6,-7,0
16:11:25:692,6.093926573691696,13.243382812379714,367.5561604098486,-0.008920669652459842,-0.16758182856578435,-0.0007063714807408546,367.84514973644974,-1,-10,0
16:11:25:822,6.236715240848082,17.095471392197346,367.4337390944585,-0.1831573924251037,0.11344080232339233,0.000990885678122997,367.88409096351455,-11,6,-1
16:11:25:980,6.584594842274219,21.43267414351245,369.4991127016889,-0.02380280209432626,-0.09896305503185868,0.00045468429652681066,370.1787550596526,-1,-6,0
16:11:26:105,6.5512069420163535,23.40018934071122,369.67999234547204,-0.21917105595595263,0.028060976580770735,-0.0018615126056638137,370.4777778951479,-13,2,0
16:11:26:224,6.493142479823332,23.284067297546994,368.4502263472411,-0.2126070551504936,0.041329404607896456,0.0015577801192919606,369.2423025392854,-12,2,0
16:11:26:354,6.464132885845164,23.430108371381177,369.5965063723649,-0.22816608770057353,0.08543981138304836,-0.003915872047883484,370.39483327243926,-13,5,-1
16:11:26:471,6.540876418053515,23.42189482401017,371.0927904944564,-0.20407182219613476,0.04773978036794642,0.004803501267374367,371.888729835183,-12,3,0
16:11:26:597,6.574719254324016,22.62202949502943,371.8889872980104,0.05547550950389577,-0.0358786307467897,-0.0006751681056932679,372.63440799970004,3,-2,0
16:11:26:717,6.444366711088138,23.392815787164874,363.5804338522229,-0.03427497904830993,-0.1944285020564,0.010404517146476671,364.3891951923518,-2,-11,1
16:11:26:839,6.654331380996155,27.759926523920463,370.8979623492604,-0.08839365359476489,-0.121140549376228,3.797379092470491e-05,371.9948818486284,-5,-7,0
16:11:26:960,6.780822310830704,29.57649737259028,368.3533342697879,-0.14307421679172574,-0.08416600028933006,0.0008539582799560649,369.60103843971007,-8,-5,0
16:11:27:084,6.871091887934094,35.23925776417773,367.84961512377185,0.0001305977288947409,-0.12208956798627996,0.0029957641523401892,369.59756024385456,0,-7,0
16:11:27:207,6.848947670870411,38.07997187926142,370.0222733234889,0.038643595924294574,-0.11627235999211054,0.010725252808288267,372.0396149578783,2,-7,0
16:11:27:334,6.893881649666606,41.432777075396025,370.767166398481,-0.27543904529309293,0.007162766993934268,0.004121742182998908,373.1387038348313,-16,0,0
16:11:27:456,6.8887872298187425,43.299299114416925,371.1775470773863,-0.2856146280449583,0.10137890104144998,0.004540376371969313,373.7580181717615,-16,6,-1
16:11:27:577,6.971123165720421,43.28948882296431,369.599816007341,-0.33489316046175366,0.09115110094935011,0.00417516389426403,372.1916178440959,-19,5,-1
16:11:27:699,6.966878025504444,43.27434688937296,369.480273649609,-0.3787193710805583,0.09934820200167019,0.0014464042786188768,372.071067276554,-22,6,-1
16:11:27:826,6.9955642243258955,43.579140082506974,372.9126183864662,-0.28540390601959936,0.08173386721711424,0.0018636170051839122,375.5155127567936,-16,5,-1
16:11:27:987,7.005648684294926,43.54587737565865,371.72877612221924,-0.30508041906615274,0.08570392507401006,-0.0033952516659230465,374.33621992431705,-18,5,-1
16:11:28:111,7.160003779131809,45.99294355603892,371.3451705556424,-0.18669686337774685,-0.09890046378591331,0.010513287355553227,374.2510550500363,-11,-6,1
16:11:28:233,7.077041255279234,50.477531103933586,370.96548821125305,-0.2965012278185931,0.10662933453065504,0.001611986333104662,374.4508767556712,-17,6,-1
16:11:28:360,7.417652206511702,53.590173563993,373.8601860522694,-0.31632883154112335,0.010083523256815056,0.011092859584634325,377.75437387529104,-18,1,1
16:11:28:523,7.255525267554058,58.54822037661282,372.8246787419305,-0.030566725837279183,0.026769421309110752,0.004805945369569966,377.4636112729282,-2,2,0
16:11:28:645,7.231844028320208,59.8278134172479,368.7925261489152,-0.340897418859139,0.13178517400788295,-0.0021653710768536048,373.68381577161904,-20,7,-1
16:11:28:765,7.393004673538292,63.53128555811025,374.56470449899354,-0.36075153949290545,0.09707326818331195,-0.0036383707108635145,379.98631372614915,-21,5,-1
16:11:28:890,7.481688717172998,64.11772071847386,376.62158362784845,-0.26175222912762913,0.05548268827776252,0.003860658321242176,382.113693853729,-15,3,0
16:11:29:013,7.335218717446278,63.37941918952117,372.4015154643033,-0.33799515979303985,0.0017416333027979458,0.0064685912501241,377.8275333145317,-19,0,0
16:11:29:141,7.512004847474808,63.79144285860335,376.2803128003196,-0.33780252747868433,0.037207847274411635,0.0007912004440893544,381.7232665163565,-19,2,0
16:11:29:259,7.369347575876268,64.01327106478237,376.3207158815179,-0.156141218021412,-0.10604319288667927,0.011488768569149347,381.79744283806497,-9,-6,1
16:11:29:388,7.492037737277843,66.3616369942616,376.0080748846307,-0.02113636330753587,0.0032172966610782092,0.008921759741219566,381.89274655649194,-1,0,1
16:11:29:513,7.688698012914269,70.62572340082066,374.7925061883803,-0.33133869276304145,-0.0016941230951088085,-0.0004549384749550815,381.46629153568745,-19,0,0
16:11:29:634,7.800339564269007,76.25365183109275,375.5411816290248,-0.31464699636112065,-0.02227052751166516,0.0051556892472025715,383.28402499219766,-18,-1,0
16:11:29:749,7.89203071483628,79.26517797409957,375.1482479469924,-0.026524915371464678,-0.048805682993704566,0.008035284336726824,383.5120083201668,-2,-3,0
16:11:29:879,7.906113301381257,83.45998169512305,376.05348022237314,-0.39510857031872737,-0.035337430248301535,0.006672075304991114,385.28469364801316,-23,-2,1
16:11:29:997,7.945043248237328,83.71142773955138,374.21955811981934,-0.06277600407649297,0.08921139663078961,-0.009336551652440581,383.55052408490246,-4,5,-1
16:11:30:163,7.9625300543360815,83.8494473303743,374.70480163712216,0.008411479863290506,0.06263406198533593,-0.008517436361304509,384.05444935892945,0,4,0
16:11:30:318,7.976584795334125,83.89373854497413,375.07656098465657,0.0012145449247695657,0.04107642513135036,-0.00869495975029616,384.42712166563695,0,2,0
16:11:30:451,8.012126894665942,84.19099674459707,374.96303690834804,-0.01817941875941461,0.044305626997359654,-0.007269413369194142,384.382097863254,-1,3,0
16:11:30:569,8.112713737608187,85.85653082305078,374.48360376244847,-0.4316555490776173,0.11123595468107636,-0.006611204273012791,384.2852189403963,-25,6,-2
16:11:30:695,8.202084099227704,90.72982213064887,375.0654855434308,0.0039000172021976414,-4.664490522910012e-05,0.0012239201668988666,385.97058599504635,0,0,0
16:11:30:821,8.472876291685726,85.38404055079356,338.25061087379305,-1.139580252841834,-0.02991516784037464,-0.15066108774992362,348.963751369577,-65,-6,-6
16:11:30:940,8.652958765061221,91.58863677779131,340.38390702087287,-1.1489314027194515,-0.022970620991777678,-0.14501715642202762,352.59687497338695,-66,-5,-6
16:11:31:065,8.565099756334867,104.06545992551725,375.9830003901882,-0.005505679705461627,-0.01760888546778945,-0.004261623813074174,390.21301550019274,0,-1,0
16:11:31:221,8.533733611957443,104.26467093342843,376.34595894611226,-0.033747871515597765,-0.008241084527965273,-0.004091777758644168,390.6151904743142,-2,0,0
16:11:31:350,8.38746534624263,103.4139249153555,373.69064092935525,-0.5710142743427276,0.020943402538576524,-0.0035771359237227194,387.8266166207852,-33,1,-1
16:11:31:663,8.468799210454609,104.09996645589932,375.62562426483186,-0.5328157070138573,0.052153503275397896,-0.0015418824766066824,389.87579199089936,-31,3,-1
16:11:31:839,8.925280819306044,103.69980006533075,373.37668721219967,-0.019844621255323554,0.03976233261102491,-0.009771990302732717,387.61251234299675,-1,2,-1
16:11:31:965,9.055960751445173,104.13735449889022,375.50248032195304,-0.04397187858124439,0.017722920302829688,-0.00880293193616209,389.78033782516275,-3,1,-1
16:11:32:092,9.3358107471199,96.16956414742118,340.45258312226497,0.5061896307393831,-0.03172559584406321,0.1214566061271163,353.8978719704793,29,-3,6
16:11:32:212,9.495267906472566,96.24114422887928,339.9798464174498,0.512289373089762,-0.025902975200165025,0.1323109353408112,353.4668498248915,29,-3,7
16:11:32:336,err,err,err,err,err,err,err,err,err,err
16:11:32:462,9.3234858009403,95.52665283543529,349.5516137322969,-1.1209012169671164,0.029530734733284304,-0.13582694149706084,362.48944736678203,-64,-3,-7
16:11:32:584,err,err,err,err,err,err,err,err,err,err
16:11:32:706,9.328082975931496,104.05016652817322,374.6500896270345,-0.5253927494767879,0.00458175474271812,-0.0040118201735876895,388.9423349856524,-30,0,0
16:11:32:827,9.492879605259168,95.53349105356702,337.23969309776817,0.5199572439544065,-0.042162892602301924,0.13097136926832217,350.6385222373018,30,-4,7
16:11:32:949,9.637217357851458,96.86386510207669,342.67691522368034,0.4984884055901452,-0.037752886880930946,0.12546457556158783,356.23440674383653,28,-4,6
16:11:33:089,9.318176397841937,103.56268777472046,372.3166047484935,0.006658875705415442,-0.00325017079224811,-0.005256933137458037,386.56398290832976,0,0,0
16:11:33:232,9.30244755717069,103.86831862256243,373.2904251645198,-0.0014291452306864553,-0.004264282699726078,-0.01013911142736954,387.5834163938648,0,0,-1
16:11:33:359,9.314833842662509,103.5124989352717,372.59678342351253,-0.5641626040432293,0.0012973319070426423,-0.0015219842899812312,386.8203285543418,-32,0,0
16:11:33:482,9.571201817515819,95.93571375819886,338.8839758144771,0.5211895359723459,-0.039129419966119974,0.13262488712026668,352.3316876784627,30,-4,7
16:11:33:608,9.584414387257876,95.75624525898375,338.37893026751203,0.5169168678789631,-0.030899713005076237,0.12981159914839038,351.79741322845325,29,-4,7
16:11:33:725,9.58500130644963,95.7963007127403,338.4182863694154,0.5100128780998564,-0.0282989226191941,0.13056025416424907,351.84618802752726,29,-3,7
16:11:33:848,9.698175264296923,96.32586314755831,340.3955724799834,0.5122182312180541,-0.020007088070188743,0.12352015330945476,353.89528434065744,29,-3,6
16:11:33:980,9.310416278740588,103.54631204183525,372.27995703607195,-0.006655926122236798,0.02123735501598914,-0.004489717435450271,386.52411179579485,0,1,0
16:11:34:094,9.315712504559926,103.50978917948584,372.7207452840184,-0.5450933204404658,0.010834474901457869,-0.004302408393852127,386.9390299782685,-31,1,0
16:11:34:222,9.357791237799775,103.76995364078263,373.0877199704526,-0.012937638610572432,0.039695907166540166,-0.009631659892616072,387.3631607783725,-1,2,-1
16:11:34:340,9.347906933124536,103.7687201317821,373.22489846909593,-0.019963549011462287,0.058100741757212526,-0.019850060027504276,387.4947167111901,-1,3,-1
16:11:34:468,9.498608702311849,95.60888877462531,337.858014264219,0.5186854529508996,-0.025462202451893765,0.12636044366757215,351.25392664361704,30,-3,7
16:11:34:586,9.627542057926782,96.18504177016979,339.89757737802626,0.5128150016647028,-0.03145188678923702,0.13036420914399738,353.3760248430244,29,-4,7
16:11:34:708,9.276848417155847,103.19924804751922,371.1213212414986,0.023406332762247937,0.02457635894006809,-0.009346017246408255,385.3143908474791,1,1,-1
16:11:34:833,9.227163633644457,102.97535307894846,370.80304185445124,-0.596099086391883,0.02359785601980614,-0.008416088432881682,384.94669726985586,-34,1,-1
16:11:34:962,9.162572127861806,102.6674874314876,369.5788702612592,-0.589847747118385,0.06594958368351275,-0.004997055070561865,383.6836027863083,-34,3,-1
16:11:35:083,9.2587063094178,103.28436414666,371.0403853390035,0.021123621901727466,-0.018575301178091235,-0.0006324553128473476,385.2588105056393,1,-1,0
16:11:35:201,9.235794212378778,102.7097302437427,369.4867739901081,0.032921726122270054,0.024665212188468497,-0.009455877884339032,383.60795708000245,2,1,-1
16:11:35:334,9.311803228379777,103.49492557223003,372.1946367837192,0.012838178599307384,0.00989528372372242,-0.004430920557644417,386.428204132579,1,1,0
16:11:35:452,9.309559084148589,103.7922903271286,373.2827028331659,-0.0029100379732571154,-0.003190715281568627,0.00014649533740702152,387.5557813478285,0,0,0
16:11:35:571,9.54806318263361,95.67838561092628,338.2336960192148,0.5120408716651157,-0.03457889479041048,0.12873314163543506,351.63553874213466,29,-4,7
16:11:35:695,9.305717301895372,104.59482606900801,376.2218247792324,-0.04965553960991446,-0.0037664209346098296,-0.0030942757477024014,390.60150467596037,-3,0,0
16:11:35:817,9.167961137688101,102.6738779834562,369.72511025798775,-0.6057772042157771,0.028368130080570843,-0.0033883209854489687,383.82630692393275,-35,1,-1
16:11:35:945,9.233361288528483,103.0696305076277,370.24079566109157,0.04087529983963349,-0.012240468528885622,-0.005788010892234377,384.43055350143743,2,-1,0
16:11:36:091,9.303374279812537,103.83592395903321,373.41055896699373,0.013933428319044799,0.003128089565065708,-0.009992647498613684,387.6904659976295,1,0,-1
16:11:36:227,9.359529392101326,103.84200502094575,373.4319644505917,0.013333096191971087,0.036242367600195696,-0.019908968225835797,387.7140632871597,1,2,-1
16:11:36:437,9.354865389388907,104.0978275491486,374.35708302590353,0.006548741049586075,0.019571791423558065,-0.014870854015214662,388.673509283266,0,1,-1
16:11:36:555,9.344370424485932,104.26120177432071,375.1067985094438,-0.014800938126864022,0.007932509134100409,-0.008967931191433418,389.43911686175045,-1,0,-1
16:11:36:681,9.2998914674803,103.84030984208776,373.48530348762597,-0.02240761956595915,0.021140502404515277,-0.00939617461467556,387.76354889371925,-1,1,-1
16:11:36:804,9.315780939406135,103.49406462920706,372.03493293927573,0.02869592513896492,-0.016183319453010908,-0.004943430100286092,386.2742503909844,2,-1,0
16:11:37:022,9.2390681350526,103.46371105226453,372.6743433456446,-0.5965045871377848,0.05504076178473192,-0.005601365225433795,386.8801701726493,-34,3,-1
16:11:37:127,9.299776721584335,103.64010474049518,372.4591664637969,0.009411988436215938,-0.03867143776431715,-0.00035545301574242715,386.72158957135883,1,-2,0
16:11:37:255,9.268855364867598,102.91634334424799,370.103196816507,0.02839075375835876,-0.022217036154991765,-0.0054195929562993895,384.25780629796463,2,-1,0
16:11:37:374,9.323906584302819,103.29838573307696,371.51922013754864,-0.0033887941035819946,0.020429478052166373,-0.009699913480830333,385.7253202223892,0,1,-1
16:11:37:500,9.379210643818263,103.54225830740609,372.20842660176646,0.026941466405190163,0.002392717181936649,-0.015534010930805666,386.4557952483845,2,0,-1
16:11:37:728,9.549064564324286,95.71948272392203,338.2485125942251,0.5180032184274911,-0.03688340296821148,0.12786522130618738,351.66100193111333,30,-4,6
16:11:37:891,9.315768160036583,103.50170140661767,372.81892203220036,-0.562189086645521,0.017780923328298764,-0.006491263074539186,387.0314384591103,-32,1,-1
16:11:38:051,9.642475333337554,96.08454643179729,339.4101029384321,0.5205081877539609,-0.027860933489249326,0.12581223199549718,352.8801997423988,30,-3,6
16:11:38:205,9.68636248589713,96.47290968442131,340.9168220506258,0.5107282815362276,-0.032049759724023394,0.12538115467054325,354.43635180139853,29,-4,6
16:11:38:335,9.20926000943776,103.62510967019944,372.44371200896404,-0.013652048596501855,0.005761459082109117,-0.004887642402080659,386.700520350178,-1,0,0
16:11:38:444,9.291039822257154,104.22765309859226,374.43116393582915,0.005203590521406093,0.0218500172243936,-0.004525943444899415,388.778116176514,0,1,0
16:11:38:565,9.491696780963839,95.47597158473017,337.2841319742625,0.5131629919349334,-0.03372429293606521,0.1335642314718628,350.66556594490663,29,-4,7
16:11:38:696,9.206638893558832,103.34803232871637,371.9352765269701,0.011095260345265366,-0.02691561662300355,-0.004495280402035943,386.13654050235584,1,-2,0
16:11:38:812,9.23374752046072,103.4823458087596,372.48985951523224,-0.5649558249768126,0.05888440364964727,-0.006494397717939407,386.7073226990055,-32,3,-1
16:11:38:946,9.291762728133882,104.05067658266772,374.24582606429834,-0.028141012846346,0.001767004597572146,-0.003994716668713856,388.5522081760132,-2,0,0
16:11:39:058,9.303097512709984,103.68983801928019,373.0345854135179,0.004927268833604022,-0.0026229898259360262,-2.503193030964217e-05,387.2892098244292,0,0,0
16:11:39:182,9.145421509281844,103.19291977651173,370.92549688703923,-0.028051424428691366,-0.014783842312891529,0.0007929296467578475,385.12094420776566,-2,-1,0
16:11:39:310,9.161239606973632,103.02305109892043,370.3339225310824,0.041161523011291216,-0.008225211075791983,-0.0062136702044628895,384.50603577333465,2,0,0
16:11:39:422,9.199892802044682,103.22953016175262,371.23610974226847,0.02022828901125687,0.04693713470086282,-0.009651102140955494,385.43121708232053,1,3,-1
16:11:39:550,9.213292927233178,102.97773262740024,370.46040163224916,0.02357295858330219,0.04552447925096463,-0.014770782682485021,384.61696187398013,1,3,-1
16:11:39:678,9.265689555350642,104.27215748163492,375.1474090789892,-0.015052136427741615,0.028152316414805596,-0.009404085929459875,389.47928618540095,-1,2,-1
16:11:39:796,err,err,err,err,err,err,err,err,err,err
16:11:39:925,9.239293037412175,103.48850708026256,372.64561840382174,-0.5457721402935766,0.05049118080388756,-0.004308894892845633,386.85913786428705,-31,3,-1
16:11:40:043,err,err,err,err,err,err,err,err,err,err
16:11:40:164,9.24396124789055,103.59396769625273,372.3219567224486,-0.007377048004850929,0.00319286788520194,-0.004421966360747668,386.57573697819896,0,0,0
16:11:40:288,9.24396124789055,103.59396769625273,372.3219567224486,-0.007377048004850929,0.00319286788520194,-0.004421966360747668,386.57573697819896,0,0,0
16:11:40:410,9.214891393959647,103.29106763881319,371.49372056691715,-0.0028443089179342844,0.01853225451221226,-0.009344776106422252,385.69618004074016,0,1,-1
16:11:40:533,9.29598799728147,103.91454890921713,373.45834373340597,-0.0032184742099223896,0.0324781890418122,-0.00991449195698147,387.7573769407237,0,2,-1
16:11:40:708,9.2093815083685,103.24373404834878,371.4227130227932,0.016507751337741766,0.029848977557450324,-0.009873792573685942,385.61498035893914,1,2,-1
16:11:40:823,9.357894893037424,103.97511375417668,374.5124054983758,-0.5257634328576855,0.05470648435627919,-0.00523021745845817,388.79035012356337,-30,3,-1
16:11:40:984,9.158660473069972,103.06380320320383,370.53717916938496,0.007024290229378403,0.019567907379612774,-0.004321316381812757,384.7126586677057,0,1,0
16:11:41:106,9.276218913740433,103.50574187407929,372.0758443319449,0.029324159672136085,-0.005833586898630024,-0.006213490682262989,386.31583034295767,2,0,0
16:11:41:229,err,err,err,err,err,err,err,err,err,err
16:11:41:350,9.237231866895991,103.74943767088439,373.15564662249966,-0.01832563692549901,-0.015814981837622435,0.0009857364116955187,387.42019678360003,-1,-1,0
16:11:41:474,9.274304177051999,103.48161893281274,372.281956433392,0.010379883237772513,0.017819959702616926,-0.005273967127677619,386.50784372480507,1,1,0
16:11:41:598,9.161386278989454,103.04657535917634,371.3290993290076,-0.5397500691540408,0.11211197537248879,-0.01188684191655375,385.4709168021619,-31,6,-2
16:11:41:722,err,err,err,err,err,err,err,err,err,err
16:11:41:847,9.209401002680922,103.25698020059137,371.3353299160508,0.019310805156093996,0.025006932047933094,-0.009155041550517879,385.5343619845523,1,1,-1
16:11:41:968,9.211502770984588,103.87633986828357,373.7373885022618,-0.01675482951342562,-0.01823932842882052,-0.00427780983643583,388.01389322061857,-1,-1,0
16:11:42:089,9.36577325807874,104.15562369753266,374.49374863845674,-0.031509515303417474,0.021166873730981035,-0.0041918065653568926,388.82088347441857,-2,1,0
16:11:42:217,9.362149942328589,104.05058617146584,374.65100361781305,-0.5251244472104347,0.048795351028547894,-0.004623279104004424,388.9441461778321,-30,3,-1
16:11:42:341,9.233881675927313,103.74933081225076,372.9188955195357,-0.033812807177219885,-0.024886134479126992,0.0010588115369901563,387.1920593843645,-2,-1,0
16:11:42:461,9.211829239301212,102.76565872668428,370.31743651862166,-0.5829447428488634,0.07920982333164005,-0.01123776851336287,384.4224787927818,-33,4,-2
16:11:42:585,9.161725078820403,102.98408992862538,370.24845951180953,0.009668905737942695,-0.01540367064554533,-0.0047630421669190405,384.4132954981073,1,-1,0
16:11:42:804,err,err,err,err,err,err,err,err,err,err
16:11:42:921,9.30244755717069,103.86831862256243,373.2904251645198,-0.0014291452306864553,-0.004264282699726078,-0.01013911142736954,387.5834163938648,0,0,-1
16:11:43:050,9.21832563893126,103.29926171629775,371.83654563478296,-0.5698483534891216,0.03553082047125821,-0.006235524997760238,386.02866689965606,-33,2,-1
16:11:43:168,9.202998467433813,103.3429976967535,371.6802945167882,-0.0028719666201306913,-0.03611886238383175,-0.004400321289939236,385.8895070947501,0,-2,0
16:11:43:300,9.222446025122496,103.06686897989573,370.38665785389895,0.02556240509923762,0.0341289251906677,-0.005564378589291585,384.5700317343858,1,2,0
16:11:43:496,9.290508131109052,103.83476660053428,373.32857706735274,-0.01827931676165357,0.04059384240134775,-0.009491946020748779,387.6108857494278,-1,2,-1
16:11:43:607,9.199373428929592,103.19075865729225,371.5808931134823,-0.5552417875736653,0.10468798899067962,-0.019457313256587425,385.75292775397776,-32,5,-3
16:11:43:729,9.256582832563723,103.3686860473296,372.2165358216299,-0.550133682930127,0.07730225270127984,-0.013820918261964923,386.4141807956098,-32,4,-2
16:11:43:853,9.23374752046072,103.4823458087596,372.48985951523224,-0.5649558249768126,0.05888440364964727,-0.006494397717939407,386.7073226990055,-32,3,-1
16:11:43:992,9.141166106455426,103.26036511037006,371.5636795857597,-0.5887457377015048,0.06025433346988422,-0.0027088072248004397,385.7535896240265,-34,3,-1
16:11:44:098,9.153083235274517,102.64158926740276,369.4897273001861,-0.5750236472443478,0.11464250902034243,-0.01276908166183622,383.5905803854103,-33,6,-3
16:11:44:228,9.21612591266359,103.22728982240434,371.4985084772715,0.01374326370872103,0.01262333512718146,-0.010092592685578567,385.68374627634245,1,1,-1
16:11:44:343,9.265527192195586,103.50776840796611,372.4496966819215,-0.56587184256272,0.06777034418146684,-0.010943055380282452,386.67620132793513,-32,4,-2
16:11:44:470,9.141552524919272,102.99012398569599,370.42536654969956,-0.005410455574942206,-0.04317596000009912,0.0005680235128038739,384.58482263947207,0,-2,0
16:11:44:598,9.200931550728356,103.59713696512812,372.7701979535289,-0.562586104976882,0.03742889982060461,-0.011705340408020458,387.0072924520749,-32,2,-1
16:11:44:716,9.149997093630953,102.92091546041593,370.60904697488184,-0.5978953859403779,0.057114448366222675,-0.007555349724470438,384.7434248764411,-34,3,-1
16:11:44:844,9.23374752046072,103.4823458087596,372.48985951523224,-0.5649558249768126,0.05888440364964727,-0.006494397717939407,386.7073226990055,-32,3,-1
16:11:44:958,9.133952486043343,102.30184824069345,368.53483473550085,-0.5829012198639463,0.06291411203341311,-0.008166225256055851,382.5794318242972,-33,3,-1
16:11:45:086,9.294303910886354,103.89122277783352,373.4349193041403,-0.04096887853243372,0.03557089241835799,-0.00989256053068205,387.72852514504416,-2,2,-1
16:11:45:207,9.147624210119165,103.13016405482436,370.7757318667007,0.006554852954424068,-0.033244671345684304,0.0003892605184500938,384.95993701676554,0,-2,0
16:11:45:368,9.135879801658005,103.1950108016887,371.4647591239552,-0.5731854290251656,0.07144431256069739,-0.005691008810926915,385.6406900537456,-33,4,-1
16:11:45:535,9.216326316818073,103.26874930980499,371.41260943666487,-0.001984204692351842,0.0047725755150563,-0.010150921026020658,385.61211301428534,0,0,-1
16:11:45:664,9.13348235947614,102.41703877968692,368.5543496816951,-0.5993157114884186,0.06938750198849569,-0.010129497118599373,382.62903575357154,-34,4,-2
16:11:45:778,9.239293037412175,103.48850708026256,372.64561840382174,-0.5457721402935766,0.05049118080388756,-0.004308894892845633,386.85913786428705,-31,3,-1
16:11:45:903,9.240031885944292,103.20085705213093,371.4782453066589,-0.5920684760583972,0.05994012720342058,-0.013115579121504899,385.65772625692574,-34,3,-2
16:11:46:035,err,err,err,err,err,err,err,err,err,err
16:11:46:236,9.30960709659315,103.58132738406115,372.4116016839381,-0.011004466167534782,0.006099992648825607,-0.015439537856765318,386.6602659127689,-1,0,-1
16:11:46:356,9.231866764392535,103.69777122110592,372.67257951736764,0.00533151527448368,-0.038131629216741465,-0.0001892193056486354,386.9409601532371,0,-2,0
16:11:46:477,9.173729809149432,103.1805502869967,371.67530329540784,-0.5548895859483374,0.09789704726928021,-0.008494567816323564,385.84052969571786,-32,5,-2
16:11:46:605,9.22795892089001,103.41606527186622,372.3866669865822,-0.547794500015069,0.0715817979404587,-0.009694473497009595,386.59005099916396,-31,4,-2
16:11:46:731,9.214891393959647,103.29106763881319,371.49372056691715,-0.0028443089179342844,0.01853225451221226,-0.009344776106422252,385.69618004074016,0,1,-1
16:11:46:849,9.216576469858534,103.71005763875326,373.30368529859123,-0.5560729451865687,0.07892368817607014,-0.006640711657684017,387.55175498863105,-32,4,-2
16:11:46:971,9.368093658988776,104.0537057802742,374.12383443042074,-0.02742245271440793,-0.019012292453979705,-0.003982082305062097,388.4373544785984,-2,-1,0
16:11:47:095,9.285509368587997,103.21694523034664,371.67777596948423,-0.5342714494221567,0.04828766839987809,-0.007764469279789663,385.8553195389959,-31,3,-1
16:11:47:221,9.23958843275516,102.99713188755362,370.05928171320534,-0.0049257151114861135,-0.023343251992996885,0.005288730344889079,384.23645214055665,0,-1,0
16:11:47:344,9.373148639479755,95.23462670856564,348.7623930620149,-1.1118614181600324,0.03646024384525603,-0.1332034732950722,361.6527296372599,-64,-2,-7
16:11:47:465,9.231227364449472,103.3641706403402,372.46407322036833,-0.5277159992811619,0.06399979677000645,-0.007621281061815576,386.6508155567856,-30,3,-1
16:11:47:593,9.244698426359934,103.5916575795382,372.75019134571744,-0.5631665971746016,0.04194301250659315,-0.0015337628624602355,386.9875981441002,-32,2,-1
16:11:47:708,9.213688249098428,103.16980088380078,371.6333411011388,-0.573593916305634,-0.0010450900455200916,-0.006486876766550813,385.79818569240325,-33,0,0
16:11:47:835,9.121757397414246,102.70634181057262,369.85092467377854,-0.5716616360010616,0.09586695955070326,-0.018299041286342677,383.95508277424386,-33,5,-3
16:11:47:957,9.297370895151618,103.46451665059939,372.38368595885214,-0.009791926534570616,0.0442446600074107,-0.015458623117215256,386.6018066170995,-1,3,-1
16:11:48:079,9.156614925554578,102.95629313101344,370.74528469192154,-0.5639298425297514,0.0443156629128844,-0.0035234816083160405,384.8842787299424,-32,2,-1
16:11:48:221,9.348500309010216,104.06427684260578,374.30727575510616,-0.5286262368652165,0.07258653395113422,-0.010351758532759254,388.6163980791484,-30,4,-2
16:11:48:368,9.297087285889488,103.71499009853247,373.05350519891414,-0.032293485066998695,-0.0072707279887571545,-0.009329353831977508,387.3140234284532,-2,0,-1
16:11:48:496,9.15268339814531,103.20859706732448,371.1952817804402,0.0003814579861365575,-0.015846945011021622,0.0006758191018231408,385.3851623221273,0,-1,0
16:11:48:614,9.185011799875394,102.99380735310432,370.7512198283062,-0.5470455224395459,0.09153318743787062,-0.01165379757326465,384.9007090134146,-31,5,-2
16:11:48:734,9.217297426318238,103.32197080822046,371.31247523109494,0.016387394409397238,-0.0050457304165231875,-0.010301790962136088,385.529950179986,1,0,-1
16:11:48:894,9.208808297692322,103.2643880765586,371.4510425773298,-0.5764367208680704,0.06786137972790257,-0.0054426321881057655,385.6477836405585,-33,4,-1
16:11:49:025,9.237231866895991,103.74943767088439,373.15564662249966,-0.01832563692549901,-0.015814981837622435,0.0009857364116955187,387.42019678360003,-1,-1,0
16:11:49:145,9.293627678428997,103.97137793149723,374.0950536224056,-0.02895056025488444,-0.018294301027367704,-0.003862219347831923,388.38579800135585,-2,-1,0
16:11:49:267,9.238873537115525,103.91077931470784,373.4092582749121,-0.06353209740770048,0.001086297593053351,0.001806283385504707,387.7077262674097,-4,0,0
16:11:49:390,9.243227801642526,103.61080564317169,372.5193699300954,-0.011762359477060202,0.022023817237786174,-0.004340104600378362,386.77036763347763,-1,1,0
16:11:49:511,9.298399500363715,103.8594880852827,373.4959937536639,0.013164290521300881,0.025447880978137133,-0.010507642799464348,387.77894585529305,1,1,-1
16:11:49:634,9.296034631443604,103.81789821331371,373.46843565812594,-0.06354950607642676,0.029827813316022984,-0.010184576718951784,387.7412083880519,-4,2,-1
16:11:49:755,9.301291332506416,103.41986244048098,372.26492516505897,-0.5691733880106394,0.05556477401232712,-0.006261524778093821,386.4755574105653,-33,3,-1
16:11:49:923,9.155929055820998,102.82600336240979,369.7768784459465,0.03168698619177484,-0.03636418813001935,-0.006082125156363912,383.91660271156525,2,-2,0
16:11:50:045,9.284390975958118,103.6568477662505,373.37634810772914,-0.5359884445884335,0.07212092894274624,-0.015296788645661903,387.6091321562151,-31,4,-2
16:11:50:171,9.288214795662531,103.94301113108115,374.0155575916111,-0.04313091607038085,-0.007339725091576559,-0.003910872578006724,388.3015037540419,-2,0,0
16:11:50:290,9.285847066176999,103.68568759026712,373.0878000739324,-0.5420424318206946,0.07256069606554766,-0.004784910950721291,387.33894114949175,-31,4,-1
16:11:50:414,9.235448268826197,103.7512704556548,373.26243219266973,0.00037349626646210966,-0.0019604113708898887,0.00013376561257215347,387.5234998193993,0,0,0
16:11:50:538,9.131039183376416,103.49998908000171,372.68821942723355,-0.5450873235591677,0.0493400532636764,-0.004178191304814507,386.9006752591298,-31,3,-1
16:11:50:658,9.22812306580032,103.79659715800408,373.7431461416589,-0.554786519615533,0.0447588969354515,-0.007115726183328716,387.9984937145555,-32,2,-1
16:11:50:788,9.305291738894656,103.3917978553869,372.42510042034,-0.5681511048130058,0.05175924191821426,-0.005913266003219207,386.6224356413056,-33,3,-1
16:11:50:908,9.213473497511446,103.37066366137118,371.3534902032628,0.018058597064570914,0.012111753220838904,-0.010063882258013778,385.582412573274,1,1,-1
16:11:51:039,9.161386278989454,103.04657535917634,371.3290993290076,-0.5397500691540408,0.11211197537248879,-0.01188684191655375,385.4709168021619,-31,6,-2
16:11:51:158,9.30232778136137,103.84114110205817,373.7711016389355,-0.5518376616470292,0.04106226851071797,-0.006942178486505053,388.0391118275487,-32,2,-1
16:11:51:279,9.28794699219605,103.83595971342021,373.76375739897526,-0.042742763922100316,-0.02861420799845709,-0.0036195884539524724,388.0303065920713,-2,-2,0
16:11:51:400,9.214891393959647,103.29106763881319,371.49372056691715,-0.0028443089179342844,0.01853225451221226,-0.009344776106422252,385.69618004074016,0,1,-1
16:11:51:523,9.2998914674803,103.84030984208776,373.48530348762597,-0.02240761956595915,0.021140502404515277,-0.00939617461467556,387.76354889371925,-1,1,-1
16:11:51:645,9.239293037412175,103.48850708026256,372.64561840382174,-0.5457721402935766,0.05049118080388756,-0.004308894892845633,386.85913786428705,-31,3,-1
16:11:51:770,9.227119035070379,103.38863427010418,372.29102484027146,-0.5295614310809675,0.06508777434598177,-0.007726997985386244,386.4905646953679,-30,3,-1
16:11:51:986,9.178065268893972,103.29789733990273,371.51941046137784,-0.003333029781296998,0.021756320454317836,-0.009480491319096219,385.72187496497384,0,1,-1
16:11:52:096,9.215403101901314,103.27347028508522,371.294453496562,0.0011720538841306625,0.0003608699338822001,-0.009506701331195563,385.4995519016405,0,0,-1
16:11:52:222,9.211230320110548,103.36621165633791,371.4726143181908,0.015028340423782323,0.02940953848428084,-0.009790862241418086,385.69589531726194,1,2,-1
16:11:52:341,9.213473497511446,103.37066366137118,371.3534902032628,0.018058597064570914,0.012111753220838904,-0.010063882258013778,385.582412573274,1,1,-1
16:11:52:465,9.246189027349256,103.5232236737798,372.20144403253755,-0.008361925513046748,-0.015380777889310644,-0.004478771443497514,386.4407649190845,0,-1,0
16:11:52:589,9.30232778136137,103.84114110205817,373.7711016389355,-0.5518376616470292,0.04106226851071797,-0.006942178486505053,388.0391118275487,-32,2,-1
16:11:52:708,9.240307994667566,103.51578451862032,372.6149724090379,-0.5267409675188386,0.04589911450837687,-0.0024809355961576854,386.8369405831478,-30,2,-1
16:11:52:929,9.30138920212368,103.81755740457336,373.4023345582777,-0.02133872860664759,0.006714532290520337,-0.010129029818809676,387.67757804664586,-1,0,-1
16:11:53:039,9.243314425942904,95.25581312431704,348.80879123688123,-1.1248495809737544,0.0474450749256615,-0.1302143353647252,361.69971197069793,-64,-2,-7
16:11:53:164,9.275212581343864,103.65180716454907,372.836375057697,-0.5448031422308972,0.08974565459260801,-0.009778117195249906,387.0874439491285,-31,5,-2
16:11:53:287,9.289891667729833,103.8204985345159,373.41424496220776,-0.021998713702690575,0.04710182923805964,-0.01043438401264862,387.68956181956884,-1,3,-1
16:11:53:417,9.239293037412175,103.48850708026256,372.64561840382174,-0.5457721402935766,0.05049118080388756,-0.004308894892845633,386.85913786428705,-31,3,-1
16:11:53:532,9.20600424220544,103.55550155375752,373.01527666986277,-0.5402148231678695,0.08957054454910324,-0.009686181861053347,387.2323450400961,-31,5,-2
16:11:53:656,9.146092428975043,102.99308244008749,370.4877650982808,-0.5663485965619255,0.06457742978021976,-0.008765527359278184,384.64582426532195,-33,3,-1
16:11:53:777,9.217777235345267,103.74653532534539,373.3064795014395,-0.5370817230775795,0.07644325333680699,-0.005104980750425942,387.56423809083867,-31,4,-1
16:11:53:900,9.210148332506732,103.30972471522166,371.2901436898741,0.0035004117748833065,0.018512043232815703,-0.009415778253658325,385.5049894025874,0,1,-1
16:11:54:027,9.30232778136137,103.84114110205817,373.7711016389355,-0.5518376616470292,0.04106226851071797,-0.006942178486505053,388.0391118275487,-32,2,-1
16:11:54:144,9.156614925554578,102.95629313101344,370.74528469192154,-0.5639298425297514,0.0443156629128844,-0.0035234816083160405,384.8842787299424,-32,2,-1
16:11:54:267,9.30316067906474,103.86443066291497,373.726303047988,-0.5333957618865306,0.03590778606545924,-0.005015360301197859,388.0022143563984,-31,2,-1
16:11:54:395,9.296034631443604,103.81789821331371,373.46843565812594,-0.06354950607642676,0.029827813316022984,-0.010184576718951784,387.7412083880519,-4,2,-1
16:11:54:514,9.294023356430374,103.79051776088893,373.4047958999865,-0.0015937069690135442,0.032965324659680904,-0.01000587646681105,387.67253197555,0,2,-1
16:11:54:664,9.362751647986125,104.02498920764127,374.0429998534546,-0.041471149388922914,-0.00838417147605717,-0.003984167306525597,388.3516772687395,-2,0,0
16:11:54:805,9.207677810525214,103.61303726295438,373.0904761641468,-0.5392425901469139,0.09277972665879468,-0.010008252868293531,387.32021148644776,-31,5,-2
16:11:54:921,9.166988497546903,102.6468309896662,369.7632529624712,-0.5902500402643251,0.03161803335825904,-0.005581497469188327,383.8557917131429,-34,2,-1
16:11:55:045,9.296775735056757,103.97213011127141,373.4305879971672,-0.020617034957833416,0.026854603733524874,-0.010291492757620037,387.74609982674633,-1,2,-1
16:11:55:169,9.14810211692062,103.1686561713419,370.75776771202317,0.021979949634536578,-0.03687391416619088,-0.0006395946599462303,384.9529603826222,1,-2,0
16:11:55:289,9.210282853119447,103.64492167600436,373.2008915672473,-0.5586571333157496,0.062025585917983475,-0.012110534464471641,387.4351617574841,-32,3,-2
16:11:55:414,9.147222798286577,102.92453334758399,370.3995170921199,0.024265112250858218,0.01616027703197296,-0.0158270867229143,384.5424989670388,1,1,-1
16:11:55:536,9.203238134100765,103.1389017276421,371.52689412268734,-0.5545473841834913,0.06400972869324094,-0.014215087526468368,385.68713447325115,-32,3,-2
16:11:55:664,9.236415013076432,103.44583570310326,372.6201235474455,-0.5634935098843876,0.06234174698757413,-0.006825403430661323,386.8230974995169,-32,3,-1
16:11:55:781,9.246189027349256,103.5232236737798,372.20144403253755,-0.008361925513046748,-0.015380777889310644,-0.004478771443497514,386.4407649190845,0,-1,0
16:11:55:906,9.152824961804347,102.9521045868415,370.3901003426077,0.011542034622470713,0.02414232555986046,-0.005079522610662611,384.5409425216623,1,1,0
16:11:56:030,9.215403101901314,103.27347028508522,371.294453496562,0.0011720538841306625,0.0003608699338822001,-0.009506701331195563,385.4995519016405,0,0,-1
16:11:56:153,9.20293858353003,103.07512080410105,371.30148276141114,-0.541678950686482,0.07323465931772451,-0.006587764333382728,385.45293578876107,-31,4,-1
16:11:56:279,9.315768160036583,103.50170140661767,372.81892203220036,-0.562189086645521,0.017780923328298764,-0.006491263074539186,387.0314384591103,-32,1,-1
16:11:56:397,9.313600765304347,103.46104387557311,371.97093992178407,-0.003660206476195448,-0.0161022204374602,-0.004625179276848903,386.2037168455713,0,-1,0
16:11:56:521,9.144997713739954,102.83914982654622,370.4559849702088,-0.5661432459221197,0.061167246967617585,-0.00844896617265864,384.5739961574089,-32,3,-1
16:11:56:645,9.246189027349256,103.5232236737798,372.20144403253755,-0.008361925513046748,-0.015380777889310644,-0.004478771443497514,386.4407649190845,0,-1,0
16:11:56:767,9.290508131109052,103.83476660053428,373.32857706735274,-0.01827931676165357,0.04059384240134775,-0.009491946020748779,387.6108857494278,-1,2,-1
16:11:56:891,9.24396124789055,103.59396769625273,372.3219567224486,-0.007377048004850929,0.00319286788520194,-0.004421966360747668,386.57573697819896,0,0,0
16:11:57:013,9.288294808689418,103.74945174458878,373.22120352941346,0.020751478235968915,0.03819029887043385,-0.009636515495655454,387.48456475284246,1,2,-1
16:11:57:179,9.368206365294325,103.72527251982879,373.3546687559936,-0.03507342826266343,0.02685060729111663,-0.008853417439730787,387.60857076658306,-2,2,-1
16:11:57:343,9.464152114590268,96.92255551236453,342.49779942795647,0.5132276364827004,-0.03620996667836391,0.12578299676366747,356.07343983409964,29,-4,6
16:11:57:491,8.974335995714236,104.6230294781034,376.2659957162628,-0.01044806137505659,-0.0006643005376447267,-0.0037765236629681946,390.64384871144557,-1,0,0
16:11:57:629,8.961811803683755,104.794361136684,376.8848401959399,-0.014550175340814613,-0.020086476734184094,0.0016442981116620988,391.2855159169191,-1,-1,0
16:11:57:754,8.988490638549672,104.25882968740747,374.9433856436087,0.003212260128070327,-0.017807119629623898,0.0009257421539066676,389.2727051433725,0,-1,0
16:11:57:872,8.936109814583777,103.66751205598133,372.6647142813557,0.025714181752349685,-0.026762875133117505,-0.0008102007039178746,386.91833296562703,1,-2,0
16:11:57:994,8.995909710014796,104.09973168017345,374.0960514802116,0.013481563253138014,0.0003719687748891692,-0.004380476583307777,388.4141298414361,1,0,0
16:11:58:123,8.971471634629397,103.61410674418597,372.3699431948108,0.010135692018390695,-0.0438426213611476,0.0006507726817700841,386.6209319405678,1,-3,0
16:11:58:247,8.973534938043517,103.73167652242067,372.6596982271372,0.009508157230312916,-0.026386582908404215,0.0008830718903392836,386.9315646547557,1,-2,0
16:11:58:370,8.972943933547375,103.74661167823281,372.81532176389265,0.02605666391572193,-0.013069464469280838,0.00012641440921006155,387.08543927596065,1,-1,0
16:11:58:534,9.048456707310926,104.87443420214329,376.7958598056664,-0.027837468086405564,-0.05546438035202452,0.008014062061773767,391.223262964634,-2,-3,1
16:11:58:652,9.409845350352112,97.0111075144933,342.4561542205742,0.5115516437230245,-0.04765381257592999,0.1379315758969841,356.05605981959053,29,-5,7
16:11:58:778,9.039465471995504,104.37698084919712,374.9927114809872,-0.009801511067004545,-0.047046665393055666,0.0067478791589019255,389.35305280821416,-1,-3,0
16:11:59:002,err,err,err,err,err,err,err,err,err,err
16:11:59:117,9.075327126161167,104.50065153311711,375.5773998509802,-0.018134242596187965,-0.02599258144370409,-0.004301281567827163,389.9501647802138,-1,-1,0
16:11:59:243,err,err,err,err,err,err,err,err,err,err
16:11:59:354,9.152943321090476,104.41193246536422,375.09616572929843,0.0024941127676703944,-0.05179155376861987,0.005347334240530669,389.464711568856,0,-3,0
16:11:59:473,9.109441370245866,103.98589772783127,373.42163623042717,0.017312217317307525,-0.043480367463486574,0.003966708711829574,387.73672414842315,1,-2,0
16:11:59:599,9.154508518443537,104.53245946479089,375.13523147267813,0.0009811231733322795,-0.05236065962352494,0.005453195928142025,389.5346993530001,0,-3,0
16:11:59:720,err,err,err,err,err,err,err,err,err,err
16:11:59:842,err,err,err,err,err,err,err,err,err,err
16:11:59:965,err,err,err,err,err,err,err,err,err,err
16:12:00:054,9.067844149226922,103.46020697263727,372.0177328212532,-0.5841492013380046,0.08370880667695516,-0.017467288139320466,386.2427135336031,-34,4,-2
16:12:00:212,9.072750043846565,103.86296871742529,374.0916740888276,0.05698848362671061,-0.017459787790655424,-0.006683195517108199,388.34831232636583,3,-1,0
16:12:00:334,8.990341300028101,104.08154618579054,374.88672334724504,0.050437509284970386,-0.03293363514884123,-0.0015789824807656075,389.1707206807183,3,-2,0
16:12:00:458,8.843114048578295,103.53577287503006,372.6696032611574,0.05440816913883257,-0.07140439435797975,0.0021786953298605287,386.88562925719333,3,-4,0
16:12:00:579,9.11561031246392,104.54146325442917,376.2092192473697,0.005974508689441127,-0.012393716094446734,-0.014566228441055373,390.5705935390699,0,-1,-1
16:12:00:711,9.071314845547962,104.14781537468764,373.64853230570736,-0.007368905927318348,-0.044182997400314034,-0.0048434882215009556,387.9977859402761,0,-3,0
16:12:00:825,err,err,err,err,err,err,err,err,err,err
16:12:00:945,err,err,err,err,err,err,err,err,err,err
16:12:01:033,err,err,err,err,err,err,err,err,err,err
16:12:01:252,err,err,err,err,err,err,err,err,err,err
16:12:01:399,err,err,err,err,err,err,err,err,err,err
16:12:01:524,err,err,err,err,err,err,err,err,err,err
16:12:01:642,err,err,err,err,err,err,err,err,err,err
16:12:01:764,err,err,err,err,err,err,err,err,err,err
16:12:01:891,err,err,err,err,err,err,err,err,err,err
16:12:02:012,9.079942181351907,103.61660940477658,372.0980019632069,0.022147123083820275,-0.06477967438083727,-0.0011339708887884688,386.36222662104205,1,-4,0
16:12:02:138,9.079617184271262,103.7335982939233,372.1485450436765,0.007886087137892343,-0.05853359609227364,-0.0005339843978347579,386.4422834542608,0,-3,0
16:12:02:258,9.00849652891154,103.92454438029385,372.35884077919553,-0.626092539205126,0.07169832362018046,-0.013864148003988063,386.69441454563236,-36,4,-2
16:12:02:382,err,err,err,err,err,err,err,err,err,err
16:12:02:508,9.015332789439679,103.28118035812463,370.61795204871635,0.03758396601188459,-0.0762951579227326,0.0029861050309277046,384.84535182623216,2,-4,0
16:12:02:761,9.076378345346228,103.64697323569602,371.93774051830667,0.027265526997567114,-0.06440437123943127,-0.0012287771289174695,386.21594804804755,2,-4,0
16:12:02:888,err,err,err,err,err,err,err,err,err,err
16:12:02:997,err,err,err,err,err,err,err,err,err,err
16:12:03:120,err,err,err,err,err,err,err,err,err,err
16:12:03:286,9.085218130891052,103.76397892257496,372.49530363838664,0.020551487394590406,-0.0488037510940314,-0.0006842784210885191,386.78450814760447,1,-3,0
16:12:03:414,err,err,err,err,err,err,err,err,err,err
16:12:03:529,err,err,err,err,err,err,err,err,err,err
16:12:03:652,err,err,err,err,err,err,err,err,err,err
16:12:03:776,err,err,err,err,err,err,err,err,err,err
16:12:03:898,err,err,err,err,err,err,err,err,err,err
16:12:04:026,err,err,err,err,err,err,err,err,err,err
16:12:04:149,err,err,err,err,err,err,err,err,err,err
16:12:04:271,err,err,err,err,err,err,err,err,err,err
16:12:04:394,err,err,err,err,err,err,err,err,err,err
16:12:04:515,9.094845207703862,103.5437546112863,371.5660956046306,0.028894578523970656,-0.04749262664928478,-0.006248943776775127,385.8307773250132,2,-3,0
16:12:04:640,err,err,err,err,err,err,err,err,err,err
16:12:04:762,err,err,err,err,err,err,err,err,err,err
16:12:04:884,err,err,err,err,err,err,err,err,err,err
16:12:05:007,err,err,err,err,err,err,err,err,err,err
16:12:05:161,err,err,err,err,err,err,err,err,err,err
16:12:05:304,err,err,err,err,err,err,err,err,err,err
16:12:05:426,err,err,err,err,err,err,err,err,err,err
16:12:05:540,9.068141965800756,104.05744596362761,373.4234422175339,0.013297033968591495,-0.05124818851829955,-0.005390443370734921,387.7566897640543,1,-3,0
16:12:05:665,9.076378345346228,103.64697323569602,371.93774051830667,0.027265526997567114,-0.06440437123943127,-0.0012287771289174695,386.21594804804755,2,-4,0
16:12:05:786,9.076378345346228,103.64697323569602,371.93774051830667,0.027265526997567114,-0.06440437123943127,-0.0012287771289174695,386.21594804804755,2,-4,0
16:12:05:908,err,err,err,err,err,err,err,err,err,err
16:12:06:033,err,err,err,err,err,err,err,err,err,err
16:12:06:160,err,err,err,err,err,err,err,err,err,err
16:12:06:279,err,err,err,err,err,err,err,err,err,err
16:12:06:403,err,err,err,err,err,err,err,err,err,err
16:12:06:526,err,err,err,err,err,err,err,err,err,err
16:12:06:645,err,err,err,err,err,err,err,err,err,err
16:12:06:774,9.168627416855026,104.29046921824921,374.39852309534473,0.003993302026658465,-0.051092352199355005,-9.944042796292138e-05,388.76062016933645,0,-3,0
16:12:06:898,9.356197399273492,96.1594334911378,339.310821755486,0.5265158592858988,-0.04744589968659456,0.13533458205769938,352.7974048083318,30,-5,7
16:12:07:021,9.358791300442025,96.28768250650086,339.7638009169167,0.5263301284469716,-0.03633971323331138,0.12872449579761386,353.2680925169837,30,-4,7
16:12:07:141,err,err,err,err,err,err,err,err,err,err
16:12:07:261,err,err,err,err,err,err,err,err,err,err
16:12:07:428,9.098300644573209,103.84967695784269,373.2208331735958,0.0029190401818556507,-0.04667771010627867,-0.004407309434429851,387.50654806552666,0,-3,0
16:12:07:550,9.09431173004079,104.45256833811705,375.14602484030314,-0.020083659787507143,-0.011648549200327823,-0.00886318137875361,389.5222528839059,-1,-1,-1
16:12:07:673,9.0900334783789,104.3316410402138,374.8682347892622,-0.034279797738520516,-0.021574371705448247,-0.008668027866971963,389.2221903807637,-2,-1,0
16:12:07:795,9.137388694279643,103.9139719691129,373.3523506794288,-0.01768207019088546,-0.04309732179196234,-0.0031768561197209394,387.6513681136739,-1,-2,0
16:12:07:963,9.012365727862285,104.06917030938013,374.1995640473384,-0.5060094805709124,0.0866414151204883,-0.0138731153948682,388.5060214180903,-29,5,-2
16:12:08:089,9.0900334783789,104.3316410402138,374.8682347892622,-0.034279797738520516,-0.021574371705448247,-0.008668027866971963,389.2221903807637,-2,-1,0
16:12:08:211,9.100783519690221,103.93380941026436,373.42404201158797,-0.01804473399672568,-0.03902771175079315,-0.0039372217678649395,387.7248717215258,-1,-2,0
16:12:08:332,9.164383855582361,104.15877862218252,374.34021757425774,-0.007797251121720048,-0.04332654821756641,0.00026111504204252644,388.66905663952707,0,-2,0
16:12:08:455,9.088755733403296,104.3460222226527,375.0197164208306,-0.014833121642743856,-0.005993235260190339,-0.009778737327154457,389.3719115945987,-1,0,-1
16:12:08:574,9.126394036958027,104.33559247275053,374.981680960049,-0.014588242459056691,-0.010188465170416492,-0.008997680663206017,389.33336355927895,-1,-1,-1
16:12:08:699,9.138914697842655,103.96084907106017,373.62175945391533,-0.0003721069712295845,-0.02725569069610947,-0.004303187783361246,387.92344223940574,0,-2,0
16:12:08:827,9.101902490670824,103.97522547470625,373.6739085407816,-0.0006472397585634414,-0.023480639338710068,-0.005021408286518394,387.9766514438854,0,-1,0
16:12:08:947,9.097183729453509,104.94960403801615,377.07009597495465,-0.03306549191697539,0.0098794046407496,-0.009248056863100118,391.5086658275974,-2,1,-1
16:12:09:068,9.130088816381939,104.65847708817459,377.05252938655434,-0.012183083997518628,0.019368188186051048,-0.009312997955340423,391.4145695614937,-1,1,-1
16:12:09:226,9.051107544377022,104.95831355024927,378.0069596179025,-0.020404251943797833,0.001266124051741515,-0.004343699430163364,392.4123235203794,-1,0,0
16:12:09:360,9.14486244802318,104.54931557694974,376.7630158970261,0.007300013967751492,-0.02777764431914675,0.0008506148823545967,391.10683712334236,0,-2,0
16:12:09:482,9.088649841484438,105.12213134377663,377.9318970847094,-0.02144332053669083,-0.0023978336949552303,-0.0036285850698428773,392.38474089628755,-1,0,0
16:12:09:599,9.07708555342811,103.95297654888468,373.4573365177248,0.004497421252289731,-0.0651216583074709,0.0008122254346329046,387.7615208016783,0,-4,0
16:12:09:726,9.003132452163673,103.82491651123709,372.3282660369508,0.017297945762109152,-0.027435142907083244,0.000632441666782479,386.6380831896917,1,-2,0
16:12:09:846,9.058627614701043,103.48716561950474,372.0425530169958,0.011591988241242931,-0.009110056597569017,-0.004400317736626623,386.2736250867055,1,-1,0
16:12:10:006,8.998111139527545,103.52639175268598,371.8122887159033,0.0008626242363796805,-0.05578148248569981,0.0007661171062063918,386.0609509307671,0,-3,0
16:12:10:134,err,err,err,err,err,err,err,err,err,err
16:12:10:299,9.110267623219734,104.5403190510861,375.5499532146761,0.004865777677788392,-0.019465734381433557,-0.004406281952646405,389.9351774885346,0,-1,0
16:12:10:419,err,err,err,err,err,err,err,err,err,err
16:12:10:548,err,err,err,err,err,err,err,err,err,err
16:12:10:672,9.085806685882478,104.09965049412878,374.12242874030204,-0.002942657169676739,-0.04267519501204548,0.00033486407953132265,388.441605396069,0,-2,0
16:12:10:791,err,err,err,err,err,err,err,err,err,err
16:12:10:915,9.087961271568416,104.22216803215932,374.4294929281976,-0.0037528792536056146,-0.02397769954279056,0.0004042792548478987,388.77023615995137,0,-1,0
16:12:11:034,9.08653440821209,104.14592480039866,374.2562255049097,0.015934026863061213,-0.03269766193757226,0.00010059598393177112,388.58288831247285,1,-2,0
16:12:11:162,9.10084355537965,104.06067337349613,373.8470078022413,-0.00016024204056933652,-0.004865614681441138,-0.004958866586809396,388.1662457492331,0,0,0
16:12:11:285,err,err,err,err,err,err,err,err,err,err
16:12:11:404,err,err,err,err,err,err,err,err,err,err
16:12:11:524,err,err,err,err,err,err,err,err,err,err
16:12:11:649,err,err,err,err,err,err,err,err,err,err
16:12:11:774,9.097233405600386,103.46604550093188,371.7595798232631,0.057025007153999524,-0.04160243417963649,-0.007427672511953479,385.9963308343824,3,-2,0
16:12:11:895,9.320149905607892,96.29941905748984,340.96034733976694,0.5363180792811949,-0.03677715585109086,0.12427172850640163,354.4212208137763,31,-4,6
16:12:12:017,8.906696882526116,103.53966787603558,372.9231211036662,0.06525656185920488,-0.03196354972110811,-0.0019658759086775457,387.13233696881565,4,-2,0
16:12:12:143,8.967356385127754,104.07031618894075,375.00183401640544,0.03734624229762785,-0.05820705380660473,0.003400598352611083,389.278075041315,2,-3,0
16:12:12:267,9.391738775069824,96.95764306786732,343.8043946804474,0.5156180540279522,-0.02743137863137221,0.12372692193400602,357.33800680599865,29,-3,6
16:12:12:390,err,err,err,err,err,err,err,err,err,err
16:12:12:513,err,err,err,err,err,err,err,err,err,err
16:12:12:636,err,err,err,err,err,err,err,err,err,err
16:12:12:755,err,err,err,err,err,err,err,err,err,err
16:12:12:881,err,err,err,err,err,err,err,err,err,err
16:12:13:002,err,err,err,err,err,err,err,err,err,err
16:12:13:127,err,err,err,err,err,err,err,err,err,err
16:12:13:248,err,err,err,err,err,err,err,err,err,err
16:12:13:377,err,err,err,err,err,err,err,err,err,err
16:12:13:496,err,err,err,err,err,err,err,err,err,err
16:12:13:616,err,err,err,err,err,err,err,err,err,err
16:12:13:750,err,err,err,err,err,err,err,err,err,err
16:12:13:862,err,err,err,err,err,err,err,err,err,err
16:12:13:994,err,err,err,err,err,err,err,err,err,err
16:12:14:111,err,err,err,err,err,err,err,err,err,err
16:12:14:231,err,err,err,err,err,err,err,err,err,err
16:12:14:360,err,err,err,err,err,err,err,err,err,err
16:12:14:480,err,err,err,err,err,err,err,err,err,err
16:12:14:603,err,err,err,err,err,err,err,err,err,err
16:12:14:810,err,err,err,err,err,err,err,err,err,err
16:12:14:930,9.405390189326038,104.3436579342235,376.4491003065552,-0.010346816631677603,-0.05711427007772252,0.004014222630673819,390.75565950773193,-1,-3,0
16:12:15:055,err,err,err,err,err,err,err,err,err,err
16:12:15:179,9.187535765874882,103.79722333060249,373.4580714291711,-0.018916927707920354,0.02560497400176227,-0.010048672299991856,387.7231041609309,-1,1,-1
16:12:15:298,err,err,err,err,err,err,err,err,err,err
16:12:15:430,9.235361500599897,103.46621810101304,372.568862417133,-0.5057815246088954,0.06084184431896554,-0.006031887432022134,386.77914555075193,-29,3,-1
16:12:15:584,9.32268143776317,97.3822162141744,355.07008496443103,-0.9978014866781971,0.027740312662489046,-0.09529280282383236,368.3001135767168,-57,-1,-5
16:12:15:708,9.069910190298536,103.19954516020667,371.2641820333842,0.01810019080676329,-0.0036489120551087646,-0.010111607773469696,385.44714586185677,1,0,-1
16:12:15:840,err,err,err,err,err,err,err,err,err,err
16:12:15:954,err,err,err,err,err,err,err,err,err,err
16:12:16:112,err,err,err,err,err,err,err,err,err,err
16:12:16:242,9.251911121549886,103.4914723294245,374.88060407930584,-0.5393180207059857,0.08409356374997316,-0.007461848032555325,389.01356019961355,-31,4,-2
16:12:16:365,9.298516385208536,103.63398367086994,374.84454647772526,-0.019487475017529877,-0.07515456338851256,0.007605179163419425,389.017864631628,-1,-4,0
16:12:16:489,err,err,err,err,err,err,err,err,err,err
16:12:16:610,err,err,err,err,err,err,err,err,err,err
16:12:16:732,err,err,err,err,err,err,err,err,err,err
16:12:16:856,err,err,err,err,err,err,err,err,err,err
16:12:16:981,err,err,err,err,err,err,err,err,err,err
16:12:17:147,err,err,err,err,err,err,err,err,err,err
16:12:17:266,err,err,err,err,err,err,err,err,err,err
16:12:17:432,err,err,err,err,err,err,err,err,err,err
16:12:17:555,err,err,err,err,err,err,err,err,err,err
16:12:17:678,9.24965502060245,103.07970149136617,371.34923037465626,0.020576035644308103,0.010005958089688282,-0.009621799174841891,385.5012735094384,1,1,-1
16:12:17:801,err,err,err,err,err,err,err,err,err,err
16:12:17:925,err,err,err,err,err,err,err,err,err,err
16:12:18:044,9.295040196743173,103.79972484238967,373.7591506519094,-0.038982121975209005,-0.026588851886503975,0.0064547798254249245,388.01634417335,-2,-2,0
16:12:18:213,err,err,err,err,err,err,err,err,err,err
16:12:18:371,9.277283413447394,103.33830732061087,372.1840892063351,-0.003732510383703782,-0.00010263549845785207,-0.0043095621894499656,386.37529683685995,0,0,0
16:12:18:496,err,err,err,err,err,err,err,err,err,err
16:12:18:618,err,err,err,err,err,err,err,err,err,err
16:12:18:742,9.310776006810826,103.63987169091321,373.4181417041159,-0.019414226459085016,0.002691372776953699,0.000881800028125109,387.6454850861972,-1,0,0
16:12:18:869,9.272001367302014,103.6408484400592,373.2205803907171,-0.05817016561200071,-0.004782637259397613,0.0022733761824835167,387.4545097194176,-3,0,0
16:12:18:996,err,err,err,err,err,err,err,err,err,err
16:12:19:110,9.307742849998935,103.5392866043911,373.2127371165495,-0.034347590564680626,-0.006084082042481709,0.0009130805159723488,387.4206565137365,-2,0,0
16:12:19:237,err,err,err,err,err,err,err,err,err,err
16:12:19:362,err,err,err,err,err,err,err,err,err,err
16:12:19:482,err,err,err,err,err,err,err,err,err,err
16:12:19:608,9.369817327153283,103.67947091702379,373.50251602925863,0.015071720201651612,0.033419575417974155,-0.009037398860087151,387.738772431343,1,2,-1
16:12:19:726,err,err,err,err,err,err,err,err,err,err
16:12:19:852,err,err,err,err,err,err,err,err,err,err
16:12:20:053,err,err,err,err,err,err,err,err,err,err
16:12:20:174,err,err,err,err,err,err,err,err,err,err
16:12:20:302,9.287812942539974,103.64546807333839,373.1979558862155,-0.03292812332728503,0.035187084339629804,-0.00992468505147975,387.4343309504808,-2,2,-1
16:12:20:423,err,err,err,err,err,err,err,err,err,err
16:12:20:546,9.288355649602348,103.88115879856522,374.09137241390187,-0.06638822157198586,-0.0014521361992747713,-0.003091716972035399,388.35798384805076,-4,0,0
16:12:20:669,9.363618170275588,104.02994427248541,374.43499222510286,-0.02958042920185187,0.02182267069450068,-0.004311634783832748,388.73058800818336,-2,1,0
16:12:20:789,err,err,err,err,err,err,err,err,err,err
16:12:20:919,err,err,err,err,err,err,err,err,err,err
16:12:21:039,err,err,err,err,err,err,err,err,err,err
16:12:21:165,err,err,err,err,err,err,err,err,err,err
16:12:21:284,9.242660615757993,103.37209017099434,372.25117386164527,0.02877682289913891,0.000886554413931913,-0.004462406909123722,386.4481236116319,2,0,0
16:12:21:447,9.19441906684454,102.59430964561179,369.3260532088643,0.03729376433209216,0.027356954115329186,-0.009575982309914157,383.42126087695414,2,2,-1
16:12:21:610,err,err,err,err,err,err,err,err,err,err
16:12:21:733,err,err,err,err,err,err,err,err,err,err
16:12:21:858,9.00224367858161,104.35490497757213,376.4309286903199,-0.05502230568879081,0.0396772835909232,-0.003846890663537943,390.7316606813215,-3,2,0
16:12:21:983,err,err,err,err,err,err,err,err,err,err
16:12:22:101,err,err,err,err,err,err,err,err,err,err
16:12:22:230,err,err,err,err,err,err,err,err,err,err
16:12:22:351,err,err,err,err,err,err,err,err,err,err
16:12:22:479,8.985698295213563,103.09868928632355,372.5189385627426,-0.011774324740667395,0.022069327486152986,-0.004335198136509623,386.62700642133484,-1,1,0
16:12:22:659,9.016750590984826,103.01307705651942,371.77468044882175,0.015746787201301567,0.07917227200521486,-0.013868663733571212,385.8878190079287,1,5,-1
16:12:22:805,8.904211714834382,103.45887982882812,373.58638292749737,-0.5546352135285244,-0.005044645577238626,0.004084905968226797,387.7496748039245,-32,0,0
16:12:22:929,err,err,err,err,err,err,err,err,err,err
16:12:23:053,9.591363792379987,103.73828379762968,374.16722456053924,-0.0241632332681092,-0.0010659254234812998,0.006978855809583549,388.4002287847065,-1,0,0
16:12:23:171,9.35851956748806,103.84728017891501,374.4066089469372,-0.009913901356309958,0.03367127435325348,-0.004887029520344576,388.65427864903,-1,2,0
16:12:23:335,10.059778111645972,105.46970835434426,375.44854495895754,-0.0860580147778834,0.0007865075598606387,-0.00534223074750494,390.11109754505105,-5,0,0
16:12:23:460,8.916783525250082,109.26298619670334,374.7877036262044,-0.6025827131945659,0.018652667955275717,0.004172626676947322,390.49165416236593,-35,1,0
16:12:23:580,err,err,err,err,err,err,err,err,err,err
16:12:23:701,err,err,err,err,err,err,err,err,err,err
16:12:23:869,err,err,err,err,err,err,err,err,err,err
16:12:23:995,err,err,err,err,err,err,err,err,err,err
16:12:24:115,err,err,err,err,err,err,err,err,err,err
16:12:24:255,6.641776669187686,20.250354119334933,371.0761486056168,-0.2508509367916492,0.049104372363749954,-0.0015164152387004844,371.6876351229075,-14,3,0
16:12:24:362,6.474425983838687,12.94342384219236,369.17419102039486,-0.20799354524937613,0.14715667136143784,0.0011807493102929175,369.4577563513071,-12,8,-1
16:12:24:479,err,err,err,err,err,err,err,err,err,err
16:12:24:602,err,err,err,err,err,err,err,err,err,err
16:12:24:729,6.062689043420532,3.1692948116167474,368.29686463644066,0.015435017419480852,-0.1826884863454934,-0.010805065194720432,368.3603957119615,1,-10,-1
16:12:24:851,err,err,err,err,err,err,err,err,err,err
16:12:24:976,err,err,err,err,err,err,err,err,err,err
16:12:25:099,6.537466226906662,3.930997030254508,373.5580402207008,0.050153743962303404,-0.09078838487435854,0.004015341842724004,373.63591986832654,3,-5,0
16:12:25:223,6.6279135074010656,3.8703745323707053,372.05089082117604,-0.14644618434306883,-0.02217663465027061,-0.0007161629225978332,372.1300503820043,-8,-1,0
16:12:25:342,7.005059333038555,3.9297720638287625,372.50995744170325,0.08862639643145231,-0.10836507189431326,0.00851360531496725,372.5965409903219,5,-6,0
16:12:25:467,6.682030569769604,3.8413126384905536,370.27716820252334,-0.21340449363278238,0.07842451559490703,-0.0017827079308628377,370.3573767422511,-12,4,-1
16:12:25:595,6.640746543120519,3.885249047378784,371.33760376547076,0.10898229174412136,-0.067203291084975,0.005630351389118523,371.41729987319104,6,-4,0
16:12:25:713,6.660044491722749,3.844193389380997,370.49897643419285,-0.21025869238563635,0.0667757150336254,0.00840075356232036,370.578771051758,-12,4,0
16:12:25:838,6.7070073034407205,3.89305309896549,372.83853034005375,0.07505168816646123,-0.07956100508068491,0.006057419189044937,372.91917289880786,4,-5,0
16:12:25:958,6.945939556594422,3.9291430748060736,374.2067585547156,0.012731180497523812,-0.0743395376193302,0.004089946961384895,374.2918412010251,1,-4,0
16:12:26:082,err,err,err,err,err,err,err,err,err,err
16:12:26:207,7.16200264870247,3.9752560688661567,371.5760037966729,0.15090799049362574,-0.09800010830337783,-0.001522501057467195,371.666279799847,9,-6,-1
16:12:26:326,7.017478296522531,4.040598422804561,372.04117396336204,0.11081414586514682,0.03150030882779174,-0.0001812298671451984,372.1292874274923,6,2,0
16:12:26:453,7.6615892498935025,5.392615479153752,341.0287794081539,0.7406530086179278,-0.04579728898426893,0.1311977592260792,341.1574543171458,42,-5,6
16:12:26:570,err,err,err,err,err,err,err,err,err,err
16:12:26:700,7.036051672078469,4.054605555735103,370.88653481678443,0.08794696475496737,-0.09299881895731703,-0.00038587236642598026,370.97542716162025,5,-5,0
16:12:26:818,7.0661087395021145,4.013620212670757,371.74772761787483,0.1494510709406878,-0.027533154091626842,-0.003965978251217281,371.8365393946427,9,-2,0
16:12:26:942,7.119927893248726,4.14045682319245,371.0770367330623,0.12019041865619778,-0.0916101676203945,0.008246062423889953,371.1684306975746,7,-5,0
16:12:27:071,7.5614353032940835,5.392674967235286,341.034836145951,0.7406431599955747,-0.0460099761439844,0.13124050801527698,341.1612752236745,42,-5,6
16:12:27:227,7.148316757180793,4.085841402560901,372.81508232709166,0.10751967740480059,-0.07914561849740259,0.008130045310069974,372.905991025867,6,-5,0
16:12:27:350,err,err,err,err,err,err,err,err,err,err
16:12:27:479,err,err,err,err,err,err,err,err,err,err
16:12:27:595,err,err,err,err,err,err,err,err,err,err
16:12:27:726,7.646005722646668,5.3421133016655284,342.1110111139386,0.7381178786669865,-0.033282961061513926,0.1316525884761307,342.23813858692023,42,-4,6
16:12:27:847,7.5607896974420505,5.425846795736223,341.0050518039979,0.7410612648558551,-0.04597273298335101,0.13125506017407304,341.1320136107824,42,-5,6
16:12:27:967,err,err,err,err,err,err,err,err,err,err
16:12:28:096,7.176624459731417,4.249895604950475,374.5261542778583,0.09270866886546265,-0.07607832595653855,0.004698194242363139,374.61901418568056,5,-4,0
16:12:28:212,7.172791263894142,4.174651409419013,374.0835632033835,0.10528869980406035,-0.08867554303684023,0.004794923947696495,374.17561239055306,6,-5,0
16:12:28:340,err,err,err,err,err,err,err,err,err,err
16:12:28:459,err,err,err,err,err,err,err,err,err,err
16:12:28:708,err,err,err,err,err,err,err,err,err,err
16:12:28:827,err,err,err,err,err,err,err,err,err,err
16:12:28:969,7.645428464120837,5.355235460085645,340.509931507528,0.7499003872801128,-0.04145443968480192,0.12731986036618204,340.63784959762523,43,-5,6
16:12:29:125,err,err,err,err,err,err,err,err,err,err
16:12:29:241,err,err,err,err,err,err,err,err,err,err
16:12:29:367,err,err,err,err,err,err,err,err,err,err
16:12:29:482,err,err,err,err,err,err,err,err,err,err
16:12:29:609,7.626459727322127,5.526183880251805,341.0142877627227,0.740125549483769,-0.039027144317271716,0.1340751735254447,341.14431851427315,42,-5,6
16:12:29:732,7.536877666486618,5.4556726918227385,338.3429874940852,0.754742127917478,-0.040505610701694464,0.13712735439018853,338.4708939863258,43,-5,6
16:12:29:852,err,err,err,err,err,err,err,err,err,err
16:12:29:976,err,err,err,err,err,err,err,err,err,err
16:12:30:097,err,err,err,err,err,err,err,err,err,err
16:12:30:224,err,err,err,err,err,err,err,err,err,err
16:12:30:342,7.177003292323857,4.085742331591955,373.1566593863985,0.09330797088612933,-0.04302397148988286,0.00537648349305837,373.2480343030286,5,-2,0
16:12:30:474,7.6632828685711685,5.422570784117627,341.05783962823335,0.7335064105587791,-0.04973303970799579,0.12961778010157185,341.1870163856037,42,-5,6
16:12:30:596,7.156608443832944,4.071146827269974,371.1161328222944,0.1295863228452481,-0.10715469685093225,0.00017046178813318426,371.2074559082594,7,-6,0
16:12:30:711,err,err,err,err,err,err,err,err,err,err
16:12:30:839,7.13028919325758,4.136430004164794,369.4946036945199,0.168415878009101,-0.10953177267708766,0.0025834084688095577,369.5865436356269,10,-6,0
16:12:30:961,err,err,err,err,err,err,err,err,err,err
16:12:31:092,err,err,err,err,err,err,err,err,err,err
16:12:31:209,7.085726617197828,4.000086544764007,371.56730999913157,0.11673774605620303,-0.07156709620405198,0.007846869606016752,371.6563924837699,7,-4,0
16:12:31:337,err,err,err,err,err,err,err,err,err,err
16:12:31:454,err,err,err,err,err,err,err,err,err,err
16:12:31:584,7.157963658983305,4.033737682454105,371.18343529963926,0.12391561955365303,-0.1082144148970566,0.00019169781064224946,371.2743596375538,7,-6,0
16:12:31:702,7.237676064188418,4.115442912763307,373.0501023663203,0.07551192784227388,-0.017752620752758103,0.0029630937291199567,373.1430016772395,4,-1,0
16:12:31:820,err,err,err,err,err,err,err,err,err,err
16:12:31:951,err,err,err,err,err,err,err,err,err,err
16:12:32:077,err,err,err,err,err,err,err,err,err,err
16:12:32:192,err,err,err,err,err,err,err,err,err,err
16:12:32:317,err,err,err,err,err,err,err,err,err,err
16:12:32:436,err,err,err,err,err,err,err,err,err,err
16:12:32:561,7.13712779905168,4.147010681180123,371.6875219995688,0.11654251982658968,-0.11486533169972041,0.005653350250391368,371.77916872921986,7,-7,0
16:12:32:685,err,err,err,err,err,err,err,err,err,err
16:12:32:810,7.080554621652207,3.9837976575234286,369.18583280294934,0.15680866849699618,-0.08399388637244458,0.005036399576174047,369.27521449446556,9,-5,0
16:12:32:932,7.661648222347538,5.418427082350265,341.00277533602747,0.7274142480015686,-0.04721670346988132,0.13081806968880802,341.1318703850506,41,-5,6
16:12:33:123,err,err,err,err,err,err,err,err,err,err
16:12:33:259,err,err,err,err,err,err,err,err,err,err
16:12:33:378,err,err,err,err,err,err,err,err,err,err
16:12:33:503,err,err,err,err,err,err,err,err,err,err
16:12:33:622,err,err,err,err,err,err,err,err,err,err
16:12:33:790,err,err,err,err,err,err,err,err,err,err
16:12:33:910,7.5621721375874404,5.455412577043582,341.00961843176,0.7339627885848481,-0.05030431364379609,0.12981909792804722,341.1370807121366,42,-5,6
16:12:34:040,err,err,err,err,err,err,err,err,err,err
16:12:34:156,7.588436892873401,5.376228812771488,337.7193097399758,0.7515994810218083,-0.050641749151759556,0.1275369396865753,337.84733295080207,43,-5,6
16:12:34:279,err,err,err,err,err,err,err,err,err,err
16:12:34:408,err,err,err,err,err,err,err,err,err,err
16:12:34:523,err,err,err,err,err,err,err,err,err,err
16:12:34:647,err,err,err,err,err,err,err,err,err,err
16:12:34:820,err,err,err,err,err,err,err,err,err,err
16:12:34:946,7.131213967273834,4.021358984299903,371.2928870374825,0.0809550531333274,-0.12198303749228308,0.007257376098481472,371.3831357309543,5,-7,0
16:12:35:093,err,err,err,err,err,err,err,err,err,err
16:12:35:223,err,err,err,err,err,err,err,err,err,err
16:12:35:343,err,err,err,err,err,err,err,err,err,err
16:12:35:471,7.629935362671506,5.5214114683792435,342.6380762645131,0.7424381813586294,-0.04285263738063995,0.13349592248577613,342.76749146394843,42,-5,6
16:12:35:589,err,err,err,err,err,err,err,err,err,err
16:12:35:714,7.643857764425706,5.367409607637708,341.58634071326264,0.7378921619607677,-0.0455834374234705,0.13661277308099273,341.7140117251502,42,-5,6
16:12:35:838,err,err,err,err,err,err,err,err,err,err
16:12:35:959,err,err,err,err,err,err,err,err,err,err
16:12:36:086,err,err,err,err,err,err,err,err,err,err
16:12:36:206,err,err,err,err,err,err,err,err,err,err
16:12:36:328,7.6484369728320685,5.413083549204445,342.12879342279393,0.7452424393943693,-0.042465488567390686,0.1278080940666493,342.2570837113161,43,-5,6
16:12:36:453,7.123131689371986,4.031893021660771,370.6953151569231,0.13727465277147716,-0.13258643247636617,0.002876191974537486,370.7856683391266,8,-8,0
16:12:36:575,err,err,err,err,err,err,err,err,err,err
16:12:36:742,err,err,err,err,err,err,err,err,err,err
16:12:36:861,err,err,err,err,err,err,err,err,err,err
16:12:36:985,err,err,err,err,err,err,err,err,err,err
16:12:37:110,7.643200088771546,5.400635536639646,341.55626260765075,0.7383145255888943,-0.04554693900541854,0.1366277628758375,341.6844536971255,42,-5,6
16:12:37:229,err,err,err,err,err,err,err,err,err,err
16:12:37:356,err,err,err,err,err,err,err,err,err,err
16:12:37:477,7.644790805534314,5.4329342781088235,341.47604487372973,0.7395334336628315,-0.05917696588340042,0.13145385602933307,341.6048138184474,42,-6,6
16:12:37:602,7.132937400819668,4.0627559125752155,369.630547237404,0.16006036013067018,-0.11082856832825043,0.002637489001610396,369.7216875334634,9,-6,0
16:12:37:721,err,err,err,err,err,err,err,err,err,err
16:12:37:887,err,err,err,err,err,err,err,err,err,err
16:12:38:013,err,err,err,err,err,err,err,err,err,err
16:12:38:134,err,err,err,err,err,err,err,err,err,err
16:12:38:255,err,err,err,err,err,err,err,err,err,err
16:12:38:379,err,err,err,err,err,err,err,err,err,err
16:12:38:503,7.127958660521555,4.021577456563062,369.6438331734083,0.14544182058168603,-0.10369784663801655,7.293758278484985e-05,369.7344239897548,8,-6,0
16:12:38:629,err,err,err,err,err,err,err,err,err,err
16:12:38:747,err,err,err,err,err,err,err,err,err,err
16:12:38:869,err,err,err,err,err,err,err,err,err,err
16:12:38:999,err,err,err,err,err,err,err,err,err,err
16:12:39:114,err,err,err,err,err,err,err,err,err,err
16:12:39:243,err,err,err,err,err,err,err,err,err,err
16:12:39:364,err,err,err,err,err,err,err,err,err,err
16:12:39:488,err,err,err,err,err,err,err,err,err,err
16:12:39:610,err,err,err,err,err,err,err,err,err,err
16:12:39:733,7.574877021553524,5.374879093626755,339.84982048243654,0.7443197488582676,-0.05855070369791847,0.13088518190803025,339.976717686825,42,-6,6
16:12:39:857,err,err,err,err,err,err,err,err,err,err
16:12:39:977,7.102769283939656,4.056759700066462,369.0502180150991,0.16299273779678652,-0.05674432429709357,0.0022111283418936685,369.1408539402773,9,-3,0
16:12:40:100,err,err,err,err,err,err,err,err,err,err
16:12:40:184,err,err,err,err,err,err,err,err,err,err
16:12:40:309,err,err,err,err,err,err,err,err,err,err
16:12:40:426,err,err,err,err,err,err,err,err,err,err
16:12:40:515,7.6492432337609095,5.446230247097452,342.09467069411085,0.7459819268947839,-0.04904051015870775,0.1251487109259515,342.22351769459937,43,-5,6
16:12:40:633,err,err,err,err,err,err,err,err,err,err
16:12:40:756,6.996398915171788,5.5603054727675945,370.53083596372795,-0.12988561759666933,0.1482492857315601,-0.001439161207466761,370.63859350411656,-8,8,-1
16:12:40:924,7.638390778255836,5.804600226839624,339.8621086608369,0.7356757162782818,-0.042125224288577255,0.13742148971212217,339.99748719786925,42,-5,6
16:12:41:046,7.570099473262831,5.378842903541323,339.83287665326833,0.7510037648490504,-0.04103557604694627,0.1376181947519468,339.9597364563215,43,-5,6
16:12:41:166,err,err,err,err,err,err,err,err,err,err
16:12:41:291,err,err,err,err,err,err,err,err,err,err
16:12:41:415,err,err,err,err,err,err,err,err,err,err
16:12:41:539,7.5576033508487175,5.40118809754543,339.36953596286503,0.7461479681700782,-0.04488553387205704,0.13077120564787287,339.49664525724575,43,-5,6
16:12:41:658,err,err,err,err,err,err,err,err,err,err
16:12:41:806,err,err,err,err,err,err,err,err,err,err
16:12:41:907,7.522897874742558,5.392233042912512,338.7876654184048,0.7472386716962282,-0.06451277684679908,0.1333322733425136,338.9140782105044,43,-6,6
16:12:42:030,err,err,err,err,err,err,err,err,err,err
16:12:42:156,7.09105551498542,4.060556974751847,369.7284278664913,0.1501761135083822,-0.09683137958048328,-0.0001630599281377741,369.81871445870485,9,-6,0
16:12:42:277,err,err,err,err,err,err,err,err,err,err
16:12:42:398,7.555778212251665,5.320776221211894,338.19779471323466,0.7575646208853819,-0.03509743769321627,0.12418586364051094,338.32402928684235,43,-4,6
16:12:42:521,err,err,err,err,err,err,err,err,err,err
16:12:42:647,7.171215753292232,4.045279989867545,370.7578683884793,0.17127601427462552,-0.05723084376108496,0.0008299863695860047,370.84927881491916,10,-3,0
16:12:42:770,err,err,err,err,err,err,err,err,err,err
16:12:42:890,7.6623001214979505,5.4255851956699725,340.9902623068675,0.7414180076554386,-0.05237202696135638,0.12854918189205922,341.1194905102517,42,-5,6
16:12:43:055,err,err,err,err,err,err,err,err,err,err
16:12:43:211,err,err,err,err,err,err,err,err,err,err
16:12:43:347,7.643376057161403,5.3828534297825685,340.3756955849763,0.743743266728946,-0.04570871046894407,0.12554478587013285,340.50405350532054,42,-5,6
16:12:43:466,err,err,err,err,err,err,err,err,err,err
16:12:43:594,err,err,err,err,err,err,err,err,err,err
16:12:43:710,7.078896294615897,4.108460070714176,370.9295414144601,0.13816660480489507,0.009131575190958767,0.0021621145364528836,371.0198308862267,8,1,0
16:12:43:835,7.644893822562809,5.418376817053238,340.51037656505645,0.7429283821263055,-0.03865650172390144,0.12841630392530212,340.6392809958452,42,-5,6
16:12:43:962,7.557412855014852,5.371209345867609,339.33693773869555,0.7534883835019873,-0.047580437225846914,0.12969524173542746,339.46357933182406,43,-5,6
16:12:44:084,err,err,err,err,err,err,err,err,err,err
16:12:44:204,err,err,err,err,err,err,err,err,err,err
16:12:44:329,err,err,err,err,err,err,err,err,err,err
16:12:44:451,err,err,err,err,err,err,err,err,err,err
16:12:44:658,err,err,err,err,err,err,err,err,err,err
16:12:44:857,7.579738051263744,5.38455184451509,340.50070905705013,0.7429532886122943,-0.04625448884671114,0.12582183275615383,340.6276246810378,42,-5,6
16:12:44:981,err,err,err,err,err,err,err,err,err,err
16:12:45:106,err,err,err,err,err,err,err,err,err,err
16:12:45:234,err,err,err,err,err,err,err,err,err,err
16:12:45:350,err,err,err,err,err,err,err,err,err,err
16:12:45:475,err,err,err,err,err,err,err,err,err,err
16:12:45:594,err,err,err,err,err,err,err,err,err,err
16:12:45:722,7.096029431419927,4.140275726780458,369.3700388442099,0.18357805423573642,-0.12327486190809099,0.001222700220180941,369.4613932639762,11,-7,-1
16:12:45:843,err,err,err,err,err,err,err,err,err,err
16:12:45:967,err,err,err,err,err,err,err,err,err,err
16:12:46:086,err,err,err,err,err,err,err,err,err,err
16:12:46:314,err,err,err,err,err,err,err,err,err,err
16:12:46:415,err,err,err,err,err,err,err,err,err,err
16:12:46:540,err,err,err,err,err,err,err,err,err,err
16:12:46:663,7.589746629291762,5.433909740537179,339.32047633348867,0.746661882232669,-0.04508555040744021,0.1306325753149683,339.4488434037606,43,-5,6
16:12:46:795,err,err,err,err,err,err,err,err,err,err
16:12:46:906,err,err,err,err,err,err,err,err,err,err
16:12:47:029,err,err,err,err,err,err,err,err,err,err
16:12:47:158,err,err,err,err,err,err,err,err,err,err
16:12:47:284,err,err,err,err,err,err,err,err,err,err
16:12:47:409,err,err,err,err,err,err,err,err,err,err
16:12:47:546,7.073354204996979,4.137077291920853,370.4070137867905,0.1363432679951773,-0.10336501554017512,0.005301264862881695,370.49764319179724,8,-6,0
16:12:47:689,7.148025431381802,4.064994884367684,370.00803769526414,0.15279424872287356,-0.12381633862476983,0.00781631845204122,370.0994007156424,9,-7,0
16:12:47:811,err,err,err,err,err,err,err,err,err,err
16:12:47:931,err,err,err,err,err,err,err,err,err,err
16:12:48:056,7.111145604390074,4.068963572822181,369.71273328006464,0.17284406900133953,-0.04139864044576602,0.0034099294923877095,369.8035018841493,10,-2,0
16:12:48:180,err,err,err,err,err,err,err,err,err,err
16:12:48:304,7.173185799314343,4.110026648256767,372.2780277252645,0.0907199783126287,-0.08899195556250385,0.0030173123328606144,372.36981193508916,5,-5,0
16:12:48:431,err,err,err,err,err,err,err,err,err,err
16:12:48:546,err,err,err,err,err,err,err,err,err,err
16:12:48:678,err,err,err,err,err,err,err,err,err,err
16:12:48:810,7.5777457784128375,5.41805818865261,340.4913778424297,0.7430323130405333,-0.039229459253619085,0.12834830849580822,340.6187839369023,42,-5,6
16:12:48:920,7.1096168419938035,4.092453957781609,373.07459624191563,0.11735418621847031,-0.06587190562246553,0.004288349085765707,373.1647748543596,7,-4,0
16:12:49:045,err,err,err,err,err,err,err,err,err,err
16:12:49:162,7.661009019109839,5.396047642437952,340.9891283220994,0.74845073012138,-0.048074959905243686,0.12998673132303123,341.11785943162744,43,-5,6
16:12:49:286,7.168352613069847,4.076708488446958,372.005486261154,0.11160916611230581,-0.08767244767210601,0.002898604528037434,372.09687803001344,6,-5,0
16:12:49:411,7.643998493218551,5.436249130794098,341.4288019830833,0.7473839990549658,-0.06134601133231571,0.1302387273466232,341.5576237491705,43,-6,6
16:12:49:558,7.574792993332576,5.36010289246861,338.864444528373,0.747729846986017,-0.038633054173664215,0.12800598363087792,338.9914747562724,43,-5,6
16:12:49:707,err,err,err,err,err,err,err,err,err,err
16:12:49:820,7.056539866880121,4.083183343176009,369.2249548989636,0.13013483220271627,-0.12336231435869528,0.004100112000158624,369.3149529348203,7,-7,0
16:12:49:985,7.084318554853049,4.14267291440979,371.2589650776438,0.11970370115013179,-0.08410417336261962,0.008018891357028428,371.3496579489276,7,-5,0
16:12:50:112,err,err,err,err,err,err,err,err,err,err
16:12:50:275,err,err,err,err,err,err,err,err,err,err
16:12:50:393,err,err,err,err,err,err,err,err,err,err
16:12:50:558,err,err,err,err,err,err,err,err,err,err
16:12:50:684,err,err,err,err,err,err,err,err,err,err
16:12:50:805,err,err,err,err,err,err,err,err,err,err
16:12:50:926,7.572834948922036,5.308458548398395,339.8330468171358,0.7448870864588608,-0.05182273542651055,0.13350642249697467,339.9588611440233,42,-5,6
16:12:51:050,err,err,err,err,err,err,err,err,err,err
16:12:51:172,err,err,err,err,err,err,err,err,err,err
16:12:51:333,7.146967583341871,4.141115534838431,370.6693893684889,0.1378306948783229,-0.09070786948027028,0.005367300918187186,370.76141142022675,8,-5,0
16:12:51:456,err,err,err,err,err,err,err,err,err,err
16:12:51:584,7.15293465966043,4.093531311356859,370.88522254124763,0.09613758923911855,-0.11064517120989541,0.0017776627875474716,370.9767779421149,6,-6,0
16:12:51:704,7.087017619244784,4.079023164291284,372.4437774588447,0.10112208618656622,-0.04463226949731626,9.996832935299301e-05,372.53353086202014,6,-3,0
16:12:51:831,err,err,err,err,err,err,err,err,err,err
16:12:51:949,7.067550010795452,4.12643707914763,370.06356986012935,0.1182505248811588,-0.10447437844275725,0.00679909472288276,370.1540537178353,7,-6,0
16:12:52:114,err,err,err,err,err,err,err,err,err,err
16:12:52:284,7.114695439847332,4.144784253197023,375.5820703694137,-0.08917066204543242,0.06908642236745113,0.0044027135575044635,375.67231693416346,-5,4,0
16:12:52:403,7.139506332094526,4.018140723279625,374.24643729846605,-0.08574223576739683,-0.10750484276938344,0.01077697079049973,374.3360974260067,-5,-6,1
16:12:52:521,7.139506332094526,4.018140723279625,374.24643729846605,-0.08574223576739683,-0.10750484276938344,0.01077697079049973,374.3360974260067,-5,-6,1
16:12:52:647,7.144359572768292,3.992212625787619,374.705652922763,-0.05988234418966271,-0.09629836292585753,0.007710297127557954,374.79501860033923,-3,-6,1
16:12:52:770,7.119870255119588,3.9777770668795958,370.8971713214473,-0.07153792745231596,-0.1484828267152175,0.005502492842860049,370.98682854933617,-4,-8,1
16:12:52:896,7.018862703045142,4.0399527509276405,371.5163790301085,0.008257097327640347,-0.11772178745317922,0.0048383119395034304,371.6046360576213,0,-7,0
16:12:53:027,7.009416981613441,4.029173332814149,371.69132667701655,-0.04684171992380422,-0.08978351601830208,0.0023264623945131718,371.7792469881672,-3,-5,0
16:12:53:142,7.024188510853603,4.004729280075288,371.3835312352628,0.01896506613653135,-0.13669782296095706,0.007006671537469539,371.4715390896268,1,-8,0
16:12:53:266,6.996196562731902,4.040054990003587,371.2970274900179,0.01955878808892822,-0.17138222944780754,0.007170385259349941,371.3849100779268,1,-10,0
16:12:53:391,7.097694934986118,4.0333829111110315,371.25186984963443,-0.004249702352037423,-0.16078949676981388,0.004470668070207735,371.3416167330935,0,-9,0
16:12:53:605,7.054383845427655,4.02853303973767,371.2964323265499,-0.02669994378129933,-0.144822943084391,0.0021911458728542743,371.38529059228387,-2,-8,0
16:12:53:735,7.054383845427655,4.02853303973767,371.2964323265499,-0.02669994378129933,-0.144822943084391,0.0021911458728542743,371.38529059228387,-2,-8,0
16:12:53:877,7.082262551689033,4.031400757253979,371.4681241345803,-0.023913113788217453,-0.10143266802857623,0.0020761728107079984,371.5575027946288,-1,-6,0
16:12:54:016,7.040251171353196,4.03276895103576,372.8265027285511,0.05344573921429727,0.017395187684878192,0.004526684356752529,372.91477511459703,3,1,0
16:12:54:136,7.082215532558213,3.9512482403584395,371.34148077666515,-0.049841477128341624,-0.10689288599321402,0.005088902765161584,371.4300277103521,-3,-6,0
16:12:54:291,7.081061700348721,3.9580263807676244,371.1439310897439,-0.008874748807619572,-0.11624036473327845,0.002098003590014389,371.23257533840365,-1,-7,0
16:12:54:411,7.088685226472563,4.093946423279325,371.8137537715166,-0.09693454390337365,-0.10286314190669925,0.006721945608589408,371.9038549803197,-6,-6,1
16:12:54:532,7.047378407842575,4.215374625368693,372.42733768962955,0.07107578147974557,-0.027121654511357184,0.004844486643141776,372.51786102714715,4,-2,0
16:12:54:658,7.0994889895350655,4.134695489157811,374.4020038688211,-0.06070155724048738,-0.09516464838869261,0.004973819561111839,374.4921346993676,-4,-5,0
16:12:54:784,7.05628676526756,4.1423564730307145,372.3488998486171,-0.07013685830513844,-0.06744093139676015,0.008908936280585889,372.4387916403699,-4,-4,1
16:12:54:905,7.032146355026283,4.0969824632331076,372.702157494226,0.14461002902291478,0.03959135257073047,0.006344033447227251,372.7910065284749,8,2,1
16:12:55:122,6.990294248092847,4.096252998023823,372.61495287326835,0.14585597539553977,0.04962876175878434,0.006056396659178068,372.70302736501446,8,3,1
16:12:55:240,7.053778930511419,4.213287632859663,374.3434895099904,0.10068164649760167,-0.05354654834804718,0.001915463626155822,374.4336466296719,6,-3,0
16:12:55:361,7.032146355026283,4.0969824632331076,372.702157494226,0.14461002902291478,0.03959135257073047,0.006344033447227251,372.7910065284749,8,2,1
16:12:55:479,7.03297995840785,4.158953124400924,372.65120837592417,0.11405163027614049,0.032119920758556346,0.005258754631481084,372.7407715855924,7,2,0
16:12:55:605,7.021943401023848,4.325924258293756,376.4373341587626,0.012752678617547083,-0.06286755938947329,0.005666933647634849,376.5276721017614,1,-4,0
16:12:55:728,6.907442418774469,4.3776066369461795,375.104539009365,0.12264257158836407,-0.009546022501948533,0.002643420646819988,375.1936718363794,7,-1,0
16:12:55:846,6.907442418774469,4.3776066369461795,375.104539009365,0.12264257158836407,-0.009546022501948533,0.002643420646819988,375.1936718363794,7,-1,0
16:12:55:974,7.016384967431483,4.204755133988667,374.9640652510606,0.1593671496456945,-0.01427344302936813,0.0013461742752960363,375.05327602002046,9,-1,0
16:12:56:097,7.114520579790515,4.082247024727475,373.781221365479,-0.10231700796217824,-0.039719983724807215,0.01270624735251856,373.8712112336551,-6,-2,1
16:12:56:224,7.0412182805337595,4.134559310955448,372.6999309022856,0.14757406980906457,0.007909992081639599,0.0038267517540752694,372.7893665733217,8,0,0
16:12:56:346,7.046759020894638,4.172694183123463,371.9246256100781,0.0726478209451136,-0.06085850392070751,0.002271508631220589,372.0147783686035,4,-3,0
16:12:56:470,7.03297995840785,4.158953124400924,372.65120837592417,0.11405163027614049,0.032119920758556346,0.005258754631481084,372.7407715855924,7,2,0
16:12:56:598,7.038069417949609,4.171514410792298,372.54698303256646,0.15446702669077528,0.008745905253710318,0.003754833803529422,372.6368077904794,9,0,0
16:12:56:716,7.1089811543184345,4.138467820434717,373.54537190314915,0.12717688668046506,-0.030990552031509487,0.006724107769258117,373.6359316222347,7,-2,0
16:12:56:840,7.12706021147488,4.095362972665061,375.90506116979674,0.0028703688491777584,-0.0664951451956764,0.010657725005400152,375.99492283567406,0,-4,1
16:12:56:969,7.110026539829952,4.161857681895324,373.7300971928232,0.0788301111310859,-0.022684568390920354,0.008412483157340982,373.8208917175691,5,-1,0
16:12:57:084,7.0645880104545435,4.12507449652951,371.40413063764333,0.16773527042684414,-0.01857702775957295,0.006231170805075273,371.49421650688316,10,-1,0
16:12:57:222,7.03297995840785,4.158953124400924,372.65120837592417,0.11405163027614049,0.032119920758556346,0.005258754631481084,372.7407715855924,7,2,0
16:12:57:363,7.053810414505564,4.173573762235784,372.5872539123847,0.04586335685192746,-0.03935945758274722,0.005130900358092895,372.677389624437,3,-2,0
16:12:57:489,7.055668240239065,4.033008449474238,373.06972852986644,-0.12243967166543254,-0.022264796637412227,0.007677836060371661,373.15823715525573,-7,-1,1
16:12:57:607,7.0412182805337595,4.134559310955448,372.6999309022856,0.14757406980906457,0.007909992081639599,0.0038267517540752694,372.7893665733217,8,0,0
16:12:57:734,7.104481536760604,4.109517524693734,374.158933824066,0.002945967863892416,-0.10536109367845876,0.009442293306350276,374.2489406164749,0,-6,1
16:12:57:856,7.106870541977701,4.117729633496156,372.7949064302577,-0.042032109159516474,-0.07796139861441648,0.011017593564995916,372.88537859049876,-2,-4,1
16:12:57:977,7.114520579790515,4.082247024727475,373.781221365479,-0.10231700796217824,-0.039719983724807215,0.01270624735251856,373.8712112336551,-6,-2,1
16:12:58:106,7.03297995840785,4.158953124400924,372.65120837592417,0.11405163027614049,0.032119920758556346,0.005258754631481084,372.7407715855924,7,2,0
16:12:58:221,7.1089811543184345,4.138467820434717,373.54537190314915,0.12717688668046506,-0.030990552031509487,0.006724107769258117,373.6359316222347,7,-2,0
16:12:58:345,7.1089811543184345,4.138467820434717,373.54537190314915,0.12717688668046506,-0.030990552031509487,0.006724107769258117,373.6359316222347,7,-2,0
16:12:58:468,7.03297995840785,4.158953124400924,372.65120837592417,0.11405163027614049,0.032119920758556346,0.005258754631481084,372.7407715855924,7,2,0
16:12:58:590,7.048488648443248,4.1204319937858,372.8383288605547,0.10038499268576208,-0.009442005843369163,0.0029597511490948433,372.92771232448496,6,-1,0
16:12:58:716,7.032146355026283,4.0969824632331076,372.702157494226,0.14461002902291478,0.03959135257073047,0.006344033447227251,372.7910065284749,8,2,1
16:12:58:837,7.1089811543184345,4.138467820434717,373.54537190314915,0.12717688668046506,-0.030990552031509487,0.006724107769258117,373.6359316222347,7,-2,0
16:12:58:964,7.114520579790515,4.082247024727475,373.781221365479,-0.10231700796217824,-0.039719983724807215,0.01270624735251856,373.8712112336551,-6,-2,1
16:12:59:093,7.112000107580338,4.197175768287951,375.37492139261457,0.12216055163465575,-0.049840973895341374,0.005431248748987594,375.4657486915041,7,-3,0
16:12:59:208,7.1089811543184345,4.138467820434717,373.54537190314915,0.12717688668046506,-0.030990552031509487,0.006724107769258117,373.6359316222347,7,-2,0
16:12:59:338,7.03297995840785,4.158953124400924,372.65120837592417,0.11405163027614049,0.032119920758556346,0.005258754631481084,372.7407715855924,7,2,0
16:12:59:452,7.03297995840785,4.158953124400924,372.65120837592417,0.11405163027614049,0.032119920758556346,0.005258754631481084,372.7407715855924,7,2,0
16:12:59:577,7.008887277226456,4.179054870945008,372.7110802731315,0.05915785075596375,-0.005517891666967711,0.004572757656865362,372.8004001591789,3,0,0
16:12:59:796,7.03297995840785,4.158953124400924,372.65120837592417,0.11405163027614049,0.032119920758556346,0.005258754631481084,372.7407715855924,7,2,0
16:12:59:919,7.110026539829952,4.161857681895324,373.7300971928232,0.0788301111310859,-0.022684568390920354,0.008412483157340982,373.8208917175691,5,-1,0
16:13:00:077,7.0412182805337595,4.134559310955448,372.6999309022856,0.14757406980906457,0.007909992081639599,0.0038267517540752694,372.7893665733217,8,0,0
16:13:00:204,7.105357879163073,4.200595927348407,373.53612977248144,0.09381678004751788,-0.01900095921932635,0.008263122946360545,373.62731613486176,5,-1,0
16:13:00:324,7.047265385780942,4.220017890598658,374.91083908324515,0.09818039211015608,0.003974896453719394,0.004174858366292304,375.0008130158087,6,0,0
16:13:00:452,7.039849838885927,4.164078597871755,372.87106257396493,-0.003528705375624442,-0.10259588594297676,0.005752753433987092,372.9607597876229,0,-6,0
16:13:00:605,7.1089811543184345,4.138467820434717,373.54537190314915,0.12717688668046506,-0.030990552031509487,0.006724107769258117,373.6359316222347,7,-2,0
16:13:00:730,7.106870541977701,4.117729633496156,372.7949064302577,-0.042032109159516474,-0.07796139861441648,0.011017593564995916,372.88537859049876,-2,-4,1
16:13:00:850,7.053564724076412,4.140006809882861,372.93079462951385,-0.1278342666706774,-0.024618737327619836,0.0077206847691851065,373.02046862699535,-7,-1,1
16:13:00:971,7.03297995840785,4.158953124400924,372.65120837592417,0.11405163027614049,0.032119920758556346,0.005258754631481084,372.7407715855924,7,2,0
16:13:01:096,7.1034387147513085,4.170586986814092,372.4829042460468,0.03999476750586298,-0.0825716483875498,0.007756218665803373,372.57397465866893,2,-5,0
16:13:01:216,7.12044490506972,4.114490410912282,373.6766998749958,0.044812472022744944,-0.06083850507503543,0.009021283362400285,373.76718127258755,3,-3,0
16:13:01:340,7.032146355026283,4.0969824632331076,372.702157494226,0.14461002902291478,0.03959135257073047,0.006344033447227251,372.7910065284749,8,2,1
16:13:01:467,7.01530448389671,4.118572585816867,372.288637278936,0.11687984515634003,0.06970137118845848,0.007677665046743313,372.3775054754967,7,4,1
16:13:01:626,7.050837416817066,4.2042102094606815,372.69696360729813,0.13791798306399458,-0.025689864416516113,0.0014405090419354373,372.7873608021917,8,-1,0
16:13:01:746,7.040579090606985,4.206860010648626,372.93784608174093,0.1363988855714395,0.022532416189148672,0.0036992726115655456,373.02802101875477,8,1,0
16:13:01:894,7.110026539829952,4.161857681895324,373.7300971928232,0.0788301111310859,-0.022684568390920354,0.008412483157340982,373.8208917175691,5,-1,0
16:13:02:094,7.0412182805337595,4.134559310955448,372.6999309022856,0.14757406980906457,0.007909992081639599,0.0038267517540752694,372.7893665733217,8,0,0
16:13:02:242,7.051450746197626,4.228904149730127,372.93349496841626,0.09283353962933376,-0.013004629560236132,0.003064332134592555,373.02412557003794,5,-1,0
16:13:02:366,7.0412182805337595,4.134559310955448,372.6999309022856,0.14757406980906457,0.007909992081639599,0.0038267517540752694,372.7893665733217,8,0,0
16:13:02:492,7.105357879163073,4.200595927348407,373.53612977248144,0.09381678004751788,-0.01900095921932635,0.008263122946360545,373.62731613486176,5,-1,0
16:13:02:614,7.03297995840785,4.158953124400924,372.65120837592417,0.11405163027614049,0.032119920758556346,0.005258754631481084,372.7407715855924,7,2,0
16:13:02:741,7.114520579790515,4.082247024727475,373.781221365479,-0.10231700796217824,-0.039719983724807215,0.01270624735251856,373.8712112336551,-6,-2,1
16:13:02:903,7.130139294860301,4.094710345252905,372.60510359707524,0.14122017541304108,-0.0262740723368268,0.011679652638731618,372.69581264854963,8,-2,1
16:13:03:022,7.105738779825699,4.175917047000644,373.3947781549405,0.13544543091268135,-0.029412449200208628,0.0066501996807668785,373.4857295268024,8,-2,0
16:13:03:188,7.109879754566004,4.185978794655215,373.6668914370457,0.15393575416409017,-0.028760976785304506,0.005042508834974262,373.75796789475754,9,-2,0
16:13:03:309,7.049209848038303,4.195166921526958,374.7666474592202,0.13951861272641067,-0.011913438301194691,0.0025877573213904078,374.8564136210085,8,-1,0
16:13:03:429,7.0412182805337595,4.134559310955448,372.6999309022856,0.14757406980906457,0.007909992081639599,0.0038267517540752694,372.7893665733217,8,0,0
16:13:03:552,7.040579090606985,4.206860010648626,372.93784608174093,0.1363988855714395,0.022532416189148672,0.0036992726115655456,373.02802101875477,8,1,0
16:13:03:677,7.03297995840785,4.158953124400924,372.65120837592417,0.11405163027614049,0.032119920758556346,0.005258754631481084,372.7407715855924,7,2,0
16:13:03:802,7.1089811543184345,4.138467820434717,373.54537190314915,0.12717688668046506,-0.030990552031509487,0.006724107769258117,373.6359316222347,7,-2,0
16:13:03:921,7.039849838885927,4.164078597871755,372.87106257396493,-0.003528705375624442,-0.10259588594297676,0.005752753433987092,372.9607597876229,0,-6,0
16:13:04:053,7.048408316357595,4.146808394958233,374.6017215432246,0.11147985429473761,-0.016348253140535285,0.004331033267950727,374.69097382083567,6,-1,0
16:13:04:170,7.110783202083516,4.212199775531752,373.9368702777925,0.11321019675667433,-0.015106962758706283,0.006605821076636808,374.02819254415385,6,-1,0
16:13:04:291,7.03297995840785,4.158953124400924,372.65120837592417,0.11405163027614049,0.032119920758556346,0.005258754631481084,372.7407715855924,7,2,0
16:13:04:413,7.0412182805337595,4.134559310955448,372.6999309022856,0.14757406980906457,0.007909992081639599,0.0038267517540752694,372.7893665733217,8,0,0
16:13:04:540,7.110026539829952,4.161857681895324,373.7300971928232,0.0788301111310859,-0.022684568390920354,0.008412483157340982,373.8208917175691,5,-1,0
16:13:04:666,7.044084999227833,4.184729976129663,374.4309219350039,0.1218958221767934,-0.012682039866988726,0.0042090317562698005,374.5205553765326,7,-1,0
16:13:04:786,7.040638412416283,4.110926699791743,374.7556596536825,0.10795171019480769,0.02124329481440801,0.006845739494215644,374.84433402420825,6,1,0
16:13:04:909,7.110026539829952,4.161857681895324,373.7300971928232,0.0788301111310859,-0.022684568390920354,0.008412483157340982,373.8208917175691,5,-1,0
16:13:05:029,7.03297995840785,4.158953124400924,372.65120837592417,0.11405163027614049,0.032119920758556346,0.005258754631481084,372.7407715855924,7,2,0
16:13:05:151,7.03297995840785,4.158953124400924,372.65120837592417,0.11405163027614049,0.032119920758556346,0.005258754631481084,372.7407715855924,7,2,0
16:13:05:280,7.029262100661402,4.196261263719465,372.4727198192777,0.12348527254771255,0.03299563478409546,0.005151189034870534,372.5626741151659,7,2,0
16:13:05:398,7.044916279379327,4.180875231597965,372.8452301966525,0.16948181722676792,0.002552079787798438,0.002244020727440969,372.9352172207399,10,0,0
16:13:05:519,7.108572491518135,4.1154471845365945,374.07333554083016,-0.15027373606058197,-0.00034889861308931233,0.011588190802007866,374.1635057979845,-9,0,1
16:13:05:650,7.015288588318027,4.180693990315023,374.8960141143589,0.09068918869677542,-0.018228369581769932,0.0014126557669631313,374.9849515314603,5,-1,0
16:13:05:772,7.110783202083516,4.212199775531752,373.9368702777925,0.11321019675667433,-0.015106962758706283,0.006605821076636808,374.02819254415385,6,-1,0
16:13:05:897,7.094267272679247,4.075005010964804,373.8617905836644,-0.1582225693563429,0.03419949224417665,0.008729202274579427,373.951297300062,-9,2,0
16:13:06:017,7.038069417949609,4.171514410792298,372.54698303256646,0.15446702669077528,0.008745905253710318,0.003754833803529422,372.6368077904794,9,0,0
16:13:06:139,7.110924052471003,4.144806409548244,375.0427476450969,0.08740600706973704,-0.06494616074257187,0.007267006778514293,375.13305269229005,5,-4,0
16:13:06:260,7.051403573390057,4.099476561147024,372.1073880398128,-0.087303693541154,-0.06872446685803246,0.008991653311047025,372.19677085413036,-5,-4,1
16:13:06:382,7.0412182805337595,4.134559310955448,372.6999309022856,0.14757406980906457,0.007909992081639599,0.0038267517540752694,372.7893665733217,8,0,0
16:13:06:548,7.110026539829952,4.161857681895324,373.7300971928232,0.0788301111310859,-0.022684568390920354,0.008412483157340982,373.8208917175691,5,-1,0
16:13:06:672,7.029262100661402,4.196261263719465,372.4727198192777,0.12348527254771255,0.03299563478409546,0.005151189034870534,372.5626741151659,7,2,0
16:13:06:796,7.032146355026283,4.0969824632331076,372.702157494226,0.14461002902291478,0.03959135257073047,0.006344033447227251,372.7910065284749,8,2,1
16:13:06:976,7.053810414505564,4.173573762235784,372.5872539123847,0.04586335685192746,-0.03935945758274722,0.005130900358092895,372.677389624437,3,-2,0
16:13:07:120,7.053564724076412,4.140006809882861,372.93079462951385,-0.1278342666706774,-0.024618737327619836,0.0077206847691851065,373.02046862699535,-7,-1,1
16:13:07:241,7.040579090606985,4.206860010648626,372.93784608174093,0.1363988855714395,0.022532416189148672,0.0036992726115655456,373.02802101875477,8,1,0
16:13:07:366,7.106749733944728,4.153764604504663,372.76396946443583,0.09357350640163334,-0.07371817737774203,0.005974562965965752,372.8548465328745,5,-4,0
16:13:07:488,7.03297995840785,4.158953124400924,372.65120837592417,0.11405163027614049,0.032119920758556346,0.005258754631481084,372.7407715855924,7,2,0
16:13:07:613,7.0412182805337595,4.134559310955448,372.6999309022856,0.14757406980906457,0.007909992081639599,0.0038267517540752694,372.7893665733217,8,0,0
16:13:07:733,7.110026539829952,4.161857681895324,373.7300971928232,0.0788301111310859,-0.022684568390920354,0.008412483157340982,373.8208917175691,5,-1,0
16:13:07:856,7.110924052471003,4.144806409548244,375.0427476450969,0.08740600706973704,-0.06494616074257187,0.007267006778514293,375.13305269229005,5,-4,0
16:13:07:986,7.040579090606985,4.206860010648626,372.93784608174093,0.1363988855714395,0.022532416189148672,0.0036992726115655456,373.02802101875477,8,1,0
16:13:08:106,7.053810414505564,4.173573762235784,372.5872539123847,0.04586335685192746,-0.03935945758274722,0.005130900358092895,372.677389624437,3,-2,0
16:13:08:278,7.049283216888361,4.113361422338282,372.0530929368756,0.1102209453247338,-0.06129343992395219,0.0006149182123385386,372.1426018342405,6,-4,0
16:13:08:391,7.111551444476541,4.151380493066773,374.1550361360876,0.14161487287846888,-0.0017046473712765573,0.007698689688198158,374.2456401749293,8,0,0
16:13:08:515,7.040579090606985,4.206860010648626,372.93784608174093,0.1363988855714395,0.022532416189148672,0.0036992726115655456,373.02802101875477,8,1,0
16:13:08:641,7.114520579790515,4.082247024727475,373.781221365479,-0.10231700796217824,-0.039719983724807215,0.01270624735251856,373.8712112336551,-6,-2,1
16:13:08:761,7.01530448389671,4.118572585816867,372.288637278936,0.11687984515634003,0.06970137118845848,0.007677665046743313,372.3775054754967,7,4,1
16:13:08:928,7.110026539829952,4.161857681895324,373.7300971928232,0.0788301111310859,-0.022684568390920354,0.008412483157340982,373.8208917175691,5,-1,0
16:13:09:051,7.1089811543184345,4.138467820434717,373.54537190314915,0.12717688668046506,-0.030990552031509487,0.006724107769258117,373.6359316222347,7,-2,0
16:13:09:170,7.0412182805337595,4.134559310955448,372.6999309022856,0.14757406980906457,0.007909992081639599,0.0038267517540752694,372.7893665733217,8,0,0
16:13:09:296,7.0938925091743155,4.131495194493123,371.75255186503495,0.06427674250848572,-0.09984883411775561,0.004904705976075835,371.8431825133269,4,-6,0
16:13:09:411,err,err,err,err,err,err,err,err,err,err
16:13:09:542,err,err,err,err,err,err,err,err,err,err
16:13:09:658,err,err,err,err,err,err,err,err,err,err
16:13:09:789,err,err,err,err,err,err,err,err,err,err
16:13:09:904,err,err,err,err,err,err,err,err,err,err
16:13:10:031,err,err,err,err,err,err,err,err,err,err
16:13:10:163,err,err,err,err,err,err,err,err,err,err
16:13:10:273,err,err,err,err,err,err,err,err,err,err
16:13:10:402,err,err,err,err,err,err,err,err,err,err
16:13:10:521,err,err,err,err,err,err,err,err,err,err
16:13:10:646,7.97945321615416,3.563295590317817,359.14059776241237,-0.2949142309069014,-0.46033650056266456,-0.07654901681684376,359.2469035499619,-17,-27,0
16:13:10:814,6.989162500694272,3.825239964635292,369.1881328762782,-0.2654225478763987,0.09091794110360016,0.0013448268356944049,369.27409645129535,-15,5,-1
16:13:10:941,7.1730823810269495,3.9684862227786306,373.94596166037076,-0.14106023533246828,-0.019106817759184245,-0.002143433924927775,374.03580608792635,-8,-1,0
16:13:11:096,err,err,err,err,err,err,err,err,err,err
16:13:11:246,7.573408460737262,5.4086912560182885,339.86338287264334,0.7443102138888837,-0.051559904610311506,0.13341466164769433,339.9907785138489,42,-5,6
16:13:11:399,7.113641953552817,4.044805201721905,370.87489294717466,0.16629115940680272,-0.08876033863095459,0.0036283287975965232,370.96516085684044,10,-5,0
16:13:11:517,7.026509979173975,4.058387916690832,370.24119367552396,-0.21281323824970766,0.03131419567201832,0.009223774797458699,370.33010119249906,-12,2,0
16:13:11:632,err,err,err,err,err,err,err,err,err,err
16:13:11:753,7.5580413957836985,5.338191592314855,339.36582250475107,0.7530873385153732,-0.04761751215741572,0.12968056939320843,339.4919465370907,43,-5,6
16:13:11:879,err,err,err,err,err,err,err,err,err,err
16:13:11:999,7.6623001214979505,5.4255851956699725,340.9902623068675,0.7414180076554386,-0.05237202696135638,0.12854918189205922,341.1194905102517,42,-5,6
16:13:12:123,err,err,err,err,err,err,err,err,err,err
16:13:12:247,7.252253023163252,4.1872221852731855,375.5092065802646,0.08568635065790998,-0.019820667625492283,0.006815211525983073,375.6025721824608,5,-1,0
16:13:12:369,7.179165783442222,4.279260584412925,373.12644971142,0.12705618216488496,-0.05168224265719572,0.0038520095332826173,373.2200422897252,7,-3,0
16:13:12:493,err,err,err,err,err,err,err,err,err,err
16:13:12:611,err,err,err,err,err,err,err,err,err,err
16:13:12:739,7.56933384176128,5.351394813947362,338.27102645845383,0.7485951313868049,-0.04395389534444029,0.13555620403260116,338.3980194719212,43,-5,6
16:13:12:858,err,err,err,err,err,err,err,err,err,err
16:13:12:985,err,err,err,err,err,err,err,err,err,err
16:13:13:148,7.116919444575813,4.091666460442222,370.30876306867754,0.11384938576043777,-0.13631188851684395,0.004437237302664041,370.3997466012336,7,-8,0
16:13:13:268,err,err,err,err,err,err,err,err,err,err
16:13:13:394,err,err,err,err,err,err,err,err,err,err
16:13:13:515,err,err,err,err,err,err,err,err,err,err
16:13:13:635,err,err,err,err,err,err,err,err,err,err
16:13:13:758,err,err,err,err,err,err,err,err,err,err
16:13:13:881,err,err,err,err,err,err,err,err,err,err
16:13:14:012,err,err,err,err,err,err,err,err,err,err
16:13:14:129,7.5777457784128375,5.41805818865261,340.4913778424297,0.7430323130405333,-0.039229459253619085,0.12834830849580822,340.6187839369023,42,-5,6
16:13:14:251,err,err,err,err,err,err,err,err,err,err
16:13:14:374,err,err,err,err,err,err,err,err,err,err
16:13:14:497,err,err,err,err,err,err,err,err,err,err
16:13:14:624,err,err,err,err,err,err,err,err,err,err
