timestamp,tx,ty,tz,rx,ry,rz,Distance,Angle X,Angle Y,Angle Z
15:10:34:416,err,err,err,err,err,err,err,err,err,err
15:10:34:645,4.045267686619718,2.084148088951534,222.3024363149681,0.1689165833588937,-0.02459281365293975,-0.002085367177372299,222.3490073184127,10,-1,0
15:10:34:837,4.007828472200678,2.1363726407019046,221.9766686071047,0.1930613485045355,-0.009537730297553067,-0.004702694027094645,222.02312533389602,11,-1,0
15:10:34:996,3.9358448071021988,2.139386199131578,219.93784547185743,0.20499401127359076,-0.01669997371034778,-5.367707193587641e-05,219.9834623749187,12,-1,0
15:10:35:150,3.9761027139102176,2.141653229485929,220.56572450898298,0.23490148079686474,0.0031617703209639264,-0.0043899002058106614,220.61195547730296,13,0,0
15:10:35:305,4.017221618206331,2.1437057305373535,221.93158317703077,0.20791386725956204,-0.022401481323019688,-0.0009859816654089852,221.97828982865025,12,-1,0
15:10:35:417,4.042518994941013,2.130524252910201,222.1489457398274,0.17809787011428513,-0.024381416987110747,-0.0021546491147187265,222.19593872691166,10,-1,0
15:10:35:538,3.9783538493028634,2.1211382652939244,221.73559146909304,0.21072633903450605,0.0014602613579052222,-0.0012257646626656297,221.78142178965146,12,0,0
15:10:35:661,4.060237656970686,2.1079184631823775,221.80938398571445,0.18433009719459473,-0.023970790512386028,0.0008602266954331148,221.8565565274117,11,-1,0
15:10:35:783,3.9598285128895903,2.1143509806447565,221.2190132575753,0.2099039616529373,-0.019351754217456704,-0.0002934362494968599,221.26455330345195,12,-1,0
15:10:35:907,4.0211460553765335,2.1289497872216847,221.7894517188484,0.18349636058371996,-0.03443790388579738,-0.0005943246583407454,221.8361172950486,11,-2,0
15:10:36:026,4.022803760251054,2.1470027083337904,221.5109058273125,0.1825793848060295,-0.005167783934391879,0.0007346597130984367,221.55783437098222,10,0,0
15:10:36:155,4.017189025681512,2.132880786801255,221.11889784749917,0.20622889642684158,-0.04315706071339384,0.0030187028071832042,221.1656708745992,12,-2,0
15:10:36:274,4.024073021450338,2.142289395982408,221.27955110757912,0.2200013201883131,-0.016470523262819742,-0.0011212496640063622,221.32650610785376,13,-1,0
15:10:36:398,4.006532379515343,2.1525035057103135,221.9766755695441,0.18238677868946715,0.00201765673545345,0.002315318193202731,222.02326470430265,10,0,0
15:10:36:521,4.036755646441333,2.1174088224581364,222.2171234758119,0.1929335005399795,-0.0105797395118029,-0.0016204173056029714,222.2638719678363,11,-1,0
15:10:36:644,4.042518994941013,2.130524252910201,222.1489457398274,0.17809787011428513,-0.024381416987110747,-0.0021546491147187265,222.19593872691166,10,-1,0
15:10:36:769,4.017221618206331,2.1437057305373535,221.93158317703077,0.20791386725956204,-0.022401481323019688,-0.0009859816654089852,221.97828982865025,12,-1,0
15:10:36:892,4.017216091018384,2.1655182850032637,221.81377643131898,0.16964460570821224,-0.025750987347265043,0.00022896397482796281,221.8607196177092,10,-1,0
15:10:37:017,3.9995544191501047,2.1556479247387865,221.4559144837995,0.20060616212181398,-0.043811330148889854,5.441823614117126e-06,221.50251762312564,12,-2,0
15:10:37:137,4.002664495676138,2.157829704135976,221.6560294666449,0.19993578904070175,-0.006606931166579403,-0.0018270179183631503,221.70266789331868,11,0,0
15:10:37:257,3.953518261756237,2.1557255293479876,220.88151312116844,0.21394992285580605,-0.022541559506148785,-0.0032483571661966622,220.9274095668096,12,-1,0
15:10:37:385,4.039039350053939,2.093491305319289,221.6803101331214,0.2009155856178311,0.009054516950775825,-0.00019202248696747326,221.72698628140333,12,1,0
15:10:37:505,4.044029705257114,2.098535595104983,221.26329519907688,0.21966251271315546,-0.014212007979306312,-0.001355614166452332,221.310198206623,13,-1,0
15:10:37:630,3.9953604219279653,2.0920036635111026,221.40483198340627,0.20426520925980746,0.0026936043498578125,0.0012458498059382962,221.45075978607437,12,0,0
15:10:37:752,3.9953604219279653,2.0920036635111026,221.40483198340627,0.20426520925980746,0.0026936043498578125,0.0012458498059382962,221.45075978607437,12,0,0
15:10:37:874,3.988745339079686,2.0930500856950847,222.07593294216122,0.1910681405779975,-0.0030640976749408285,0.0013955626123696046,222.12161295149227,11,0,0
15:10:37:999,4.038170238397352,2.1453676990838595,222.27549507960615,0.20317490406186692,-0.012130313367079837,-0.0025657988373804625,222.3225250268685,12,-1,0
15:10:38:119,4.024073021450338,2.142289395982408,221.27955110757912,0.2200013201883131,-0.016470523262819742,-0.0011212496640063622,221.32650610785376,13,-1,0
15:10:38:244,4.019346254498232,2.1286432519000664,221.3203905931317,0.193544497946449,-0.005032451892473833,0.0006379803997559155,221.36711941637535,11,0,0
15:10:38:367,4.016179054179435,2.0917456068988556,220.84885468914499,0.21644219255385166,-0.019552064814492627,-0.0033927270062341958,220.89527317574337,12,-1,0
15:10:38:487,4.019346254498232,2.1286432519000664,221.3203905931317,0.193544497946449,-0.005032451892473833,0.0006379803997559155,221.36711941637535,11,0,0
15:10:38:611,4.0295583094060206,2.1334940139078356,221.28490270264567,0.20347874795578944,-0.02730627757035187,-0.0016742575482329679,221.33187140806368,12,-2,0
15:10:38:776,4.022973459461072,2.1343364550509962,221.91702968230297,0.19060672518873445,-0.03453010899701983,-0.001529157717294441,221.96375328096934,11,-2,0
15:10:38:904,4.010618287962956,2.1571681203388966,221.52298360202263,0.2019481139551062,-0.027034994383493747,-0.003219592724905028,221.56978741988524,12,-2,0
15:10:39:023,4.022904381435429,2.135435181721324,221.70530031891354,0.19742843693897297,-0.004263131011436644,-0.0035545674048605555,221.75207785402407,11,0,0
15:10:39:143,4.007171187175132,2.0920338686605415,220.98998846142828,0.2136946498783203,0.004812381851050071,-0.00029068980676864485,221.0362165501689,12,0,0
15:10:39:311,4.019165920356587,2.1591089090488724,222.24427507174556,0.18874988680228427,-0.01941705492141017,-0.0032716015378166353,222.2911002450215,11,-1,0
15:10:39:433,3.9598285128895903,2.1143509806447565,221.2190132575753,0.2099039616529373,-0.019351754217456704,-0.0002934362494968599,221.26455330345195,12,-1,0
15:10:39:553,4.008143989493343,2.094599649185187,222.36711749142032,0.187429756899154,0.008389553099198161,-0.00019368215007976072,222.41310102458894,11,0,0
15:10:39:680,3.9903098036936138,2.170351069788157,220.98590806326035,0.19823669867665247,-0.006960344724040814,-0.0026770107560568236,221.03258709665266,11,0,0
15:10:39:799,4.000867261398935,2.0932400953276917,221.66508620196893,0.20084264540060714,-0.0011263959599613676,-0.00013964190308573589,221.71107106742852,12,0,0
15:10:39:927,3.9826562504807423,2.1067207989068586,221.66355568069775,0.18531112208799824,-0.00867717782837528,-0.0008304978330205998,221.70934067003995,11,0,0
15:10:40:047,3.994418064145516,2.1061893574447086,222.03774674488423,0.1755218845211068,-0.015669180050469293,0.0008491812442423136,222.08366078760935,10,-1,0
15:10:40:171,3.994418064145516,2.1061893574447086,222.03774674488423,0.1755218845211068,-0.015669180050469293,0.0008491812442423136,222.08366078760935,10,-1,0
15:10:40:293,4.003563658592022,2.128528450702913,221.20198532327618,0.1961840194681202,-0.021456474590665124,-0.000902653641727323,221.24845189581043,11,-1,0
15:10:40:416,4.044870586169102,2.107019301928975,221.67480457937512,0.18553537454077496,-0.0026083358428463732,-0.0007348797506714222,221.72171633311362,11,0,0
15:10:40:540,4.036946778403705,2.1681522241764846,222.2061709250985,0.20674579367647927,-0.01210618717922817,-0.002591570109119194,222.2534144182108,12,-1,0
15:10:40:662,4.018814312180777,2.105926409531219,222.0061545299821,0.17577101108969334,-0.02134084447336447,0.0010086274101668395,222.05251280656213,10,-1,0
15:10:40:785,3.93900443633264,2.1252817217836553,219.75542161867526,0.2231029402987242,-0.030656607604297743,-0.002565295205690251,219.80099615140082,13,-2,0
15:10:40:910,4.046463932103367,2.1350652702087207,221.73480963977445,0.19603719798821867,-0.004447107630833098,-0.0016791905619660042,221.78200598797207,11,0,0
15:10:41:030,3.9869541486541653,2.132938832011184,221.36264808630108,0.20066649132827147,-0.02453469723468103,-6.0845027753657626e-05,221.40882367065714,11,-1,0
15:10:41:154,4.0211460553765335,2.1289497872216847,221.7894517188484,0.18349636058371996,-0.03443790388579738,-0.0005943246583407454,221.8361172950486,11,-2,0
15:10:41:276,4.0393406226854385,2.107481862020378,222.33397294566993,0.17113535623801476,-0.010655348060951959,-0.0005573353789733641,222.38064951400494,10,-1,0
15:10:41:399,3.9691590422858627,2.132075557596464,220.75204328972083,0.21284687508980368,-0.011634782906724282,-0.00013227610090331448,220.79801762305985,12,-1,0
15:10:41:524,3.9995544191501047,2.1556479247387865,221.4559144837995,0.20060616212181398,-0.043811330148889854,5.441823614117126e-06,221.50251762312564,12,-2,0
15:10:41:645,3.9742912416333565,2.1331288091197105,221.7345092532848,0.1923619914678276,-0.02688296449083392,0.0014599055993724437,221.78038196194152,11,-2,0
15:10:41:773,4.036755646441333,2.1174088224581364,222.2171234758119,0.1929335005399795,-0.0105797395118029,-0.0016204173056029714,222.2638719678363,11,-1,0
15:10:41:893,3.9971252904762187,2.129297222769822,221.82983445707364,0.18317907730896585,-0.02913874921285387,-0.0007492194573488646,221.87606083690812,10,-2,0
15:10:42:055,4.0393406226854385,2.107481862020378,222.33397294566993,0.17113535623801476,-0.010655348060951959,-0.0005573353789733641,222.38064951400494,10,-1,0
15:10:42:179,4.017046498968915,2.1559870723291636,220.8784111837775,0.21444449198760895,-0.02012582789959894,-0.003362334494684241,220.92545681722785,12,-1,0
15:10:42:300,3.993362497930853,2.156200681811534,220.90253707076587,0.21426829512104342,-0.015859124903461363,-0.00350662230438463,220.94915032586394,12,-1,0
15:10:42:425,4.00655136994213,2.1545651670375183,220.83767031560038,0.21268689660472495,-0.0368391826977106,-0.0001330892441502171,220.88452013520728,12,-2,0
15:10:42:547,3.9974678000416835,2.104504295895954,221.64831476415645,0.18133292618343314,-0.03132720284083242,0.0025610524548123318,221.69434842804267,10,-2,0
15:10:42:672,4.010618287962956,2.1571681203388966,221.52298360202263,0.2019481139551062,-0.027034994383493747,-0.003219592724905028,221.56978741988524,12,-2,0
15:10:42:794,3.9886980924168984,2.142430627804072,220.92817248812244,0.1878450435729873,-0.005021073196347282,-0.0017396848490130725,220.97456215684417,11,0,0
15:10:42:914,3.99568493281479,2.154256096975446,220.52505828711185,0.2192773740172185,-0.029620414911498204,-0.0017939376917687107,220.57177437276005,13,-2,0
15:10:43:041,4.0259550417973315,2.1335080566958853,221.40850817850324,0.20056855775933777,-0.01494017378566422,-0.00010454238860806359,221.45538526858383,11,-1,0
15:10:43:163,3.9390552061951976,2.10944324825897,220.3846055476397,0.21929527441913027,-0.012459429738039662,-0.003472272434248472,220.42989876403752,13,-1,0
15:10:43:284,4.021731949002737,2.1572219599965137,221.84495572632966,0.19453747522871195,-0.03448740983845282,-0.0015512662211538276,221.89189330769045,11,-2,0
15:10:43:409,3.966705437471351,2.1537803736858314,220.77348216378445,0.2128535907172201,-0.04526865448242927,-0.00010050900240310965,220.8196185773551,12,-3,0
15:10:43:533,3.9971252904762187,2.129297222769822,221.82983445707364,0.18317907730896585,-0.02913874921285387,-0.0007492194573488646,221.87606083690812,10,-2,0
15:10:43:657,4.043308773150475,2.1588349293657956,222.21166816544397,0.1890254028009141,-0.024607112488124434,-0.003116740265306506,222.2589354400778,11,-1,0
15:10:43:775,4.041154369783181,2.153561664000668,222.07645453707292,0.18232847389654067,-0.02416054537759036,-0.0021842407290634095,222.123660190079,10,-1,0
15:10:43:941,4.01613682092017,2.115768780235611,221.8824449650115,0.19747530726850976,-0.021186189831502188,-4.266135061460636e-05,221.92887422808943,11,-1,0
15:10:44:094,4.010851650260966,2.114515178045792,220.87057270519225,0.218013381986516,-0.007429052886193478,-0.0018656078953577118,220.9171066090587,12,0,0
15:10:44:229,4.024143760615563,2.130093377576204,221.54117054774323,0.19133273326097716,-0.010781614538269743,-0.0024759052402688326,221.5879538207516,11,-1,0
15:10:44:350,3.968553252011764,2.104324376200169,220.6878132958168,0.20299812494049632,-0.012095122525230612,0.0005818920612363208,220.733523809329,12,-1,0
15:10:44:475,4.018905317795282,2.1163621524642804,221.57622506737732,0.20552690442930283,0.0007988284316491831,-0.0019209902687645985,221.6227743347304,12,0,0
15:10:44:597,3.9298498272447304,2.155958872560302,220.90633385541062,0.21379190970482803,-0.018290965350879432,-0.003392498746239513,220.95180518783502,12,-1,0
15:10:44:723,3.9974678000416835,2.104504295895954,221.64831476415645,0.18133292618343314,-0.03132720284083242,0.0025610524548123318,221.69434842804267,10,-2,0
15:10:44:844,4.012367913026467,2.1419531605792574,220.9190710111479,0.2275404393929019,-0.009456364117974429,-0.002794838351470517,220.96588649843716,13,-1,0
15:10:44:966,3.983846093009739,2.134807475151763,221.72240098120264,0.1959225073718813,-0.009841403294787273,-0.0017799040027241756,221.7684637849078,11,-1,0
15:10:45:092,3.984889931339452,2.129579470983271,221.51801968927006,0.19097599497211487,-0.01888087698901484,-0.0022042905917411012,221.5640934437346,11,-1,0
15:10:45:214,3.988745339079686,2.0930500856950847,222.07593294216122,0.1910681405779975,-0.0030640976749408285,0.0013955626123696046,222.12161295149227,11,0,0
15:10:45:339,3.9622609442611494,2.105109572780854,221.34144878314348,0.189630859242496,-0.019102554593733733,0.0007385701150405743,221.3869190975943,11,-1,0
15:10:45:458,4.022232526299267,2.135159812740822,221.7531384949966,0.19579103776301177,0.0005012910330901855,-0.001831365399345548,221.79989110525437,11,0,0
15:10:45:582,4.008285604385144,2.1417282126485278,221.1047134697342,0.1825038698415044,-0.034303191732798485,-0.0014588563456247264,221.15141345186206,10,-2,0
15:10:45:705,3.993421403114448,2.1439074445247,221.9609729438481,0.207599828748501,-0.017923407869124684,-0.001132076420056437,222.00724597141692,12,-1,0
15:10:45:829,4.009969635490337,2.129120757905743,221.46810025997164,0.19134157886004846,-0.026806850723708663,-0.0022637251206450893,221.51463257410367,11,-2,0
15:10:45:953,4.019603182904694,2.13434885442899,222.0617431759849,0.18713568440167216,-0.021817320497356775,4.987511669069134e-05,222.1083754322144,11,-1,0
15:10:46:073,3.990411001012508,2.121083392617915,222.1304253797795,0.20158158100962312,-0.005238202001199379,0.00045868860233510184,222.17638995653257,12,0,0
15:10:46:196,4.008452229682224,2.127603216966016,221.71798969859168,0.18234846255277787,-0.016186529757488157,-0.0023799609285910643,221.76442758186286,10,-1,0
15:10:46:321,4.019165920356587,2.1591089090488724,222.24427507174556,0.18874988680228427,-0.01941705492141017,-0.0032716015378166353,222.2911002450215,11,-1,0
15:10:46:442,4.0237088289847724,2.0828085721621235,221.93993908563328,0.17475114251772747,-0.03447533231303524,-0.0005342335864866034,221.98618174477286,10,-2,0
15:10:46:568,4.0102909179444834,2.12262196278582,222.43565469164733,0.19757303369917792,0.00575780959130044,-0.0011297806816482111,222.4819283342924,11,0,0
15:10:46:688,4.003563658592022,2.128528450702913,221.20198532327618,0.1961840194681202,-0.021456474590665124,-0.000902653641727323,221.24845189581043,11,-1,0
15:10:46:814,3.987270890297778,2.0904091123298296,220.69266539369744,0.21722590567436842,-0.005588580211937499,0.0012908197402102142,220.73857999449038,12,0,0
15:10:46:935,3.9859637070756495,2.1575639475881276,221.5720322698686,0.20148101933792906,-0.01993696137256421,-0.003151783757841705,221.6183847812761,12,-1,0
15:10:47:059,2.7292142860617026,0.11173992171912521,201.51756044501434,-0.8850763716131212,0.06301136523519409,0.17153929143879723,201.53607186838627,-50,7,7
15:10:47:183,4.018553203504772,2.142321787777708,221.89252236357586,0.16484284500884316,-0.025752429231982704,0.00025900077734863653,221.93924797872458,9,-1,0
15:10:47:303,4.034673387840966,2.122552027232439,222.42229929402777,0.197740456411178,0.0008139670544298727,-0.0009769017895086287,222.46901590940013,11,0,0
15:10:47:557,3.9884539655922273,2.127458361565227,221.10973332966364,0.19646889276084512,-0.03631840116821772,-0.0007053711127331268,221.15593597557088,11,-2,0
15:10:47:688,3.9632073380783166,2.133583402564411,221.30856331287143,0.2031551326248012,-0.024660978368070074,-0.001935162047177093,221.35432994668867,12,-1,0
15:10:47:807,3.977240109415096,2.116047786147902,222.0447164639555,0.19422117142305176,0.01236947959369261,-0.0016164394169904625,222.09041448626186,11,1,0
15:10:47:926,3.988745339079686,2.0930500856950847,222.07593294216122,0.1910681405779975,-0.0030640976749408285,0.0013955626123696046,222.12161295149227,11,0,0
15:10:48:083,3.9487145182958634,2.1304752559541367,220.38545464538478,0.21816024316757107,-0.023431481660842374,0.0012142535067167512,220.43112278082737,13,-1,0
15:10:48:203,3.9784847540444854,2.15795645666732,221.67423319710002,0.19974730431754456,-0.0017556447989530934,-0.001978648167089596,221.7204338362374,11,0,0
15:10:48:328,4.048361612274111,2.129887712277497,221.51485316999688,0.19157185214596367,-0.01600818067104896,-0.0023206098491291064,221.56208120600402,11,-1,0
15:10:48:479,3.9916775828262367,2.106655963471474,222.84118290393027,0.15742493635514831,0.01095927576614292,-0.0021537885792579374,222.88688675491113,9,1,0
15:10:48:615,3.988926089126627,2.1554602379095225,221.1583193444696,0.20715886041499654,-0.03639484176941019,-0.00165606477352552,221.20479143873018,12,-2,0
15:10:48:743,4.039039350053939,2.093491305319289,221.6803101331214,0.2009155856178311,0.009054516950775825,-0.00019202248696747326,221.72698628140333,12,1,0
15:10:48:865,4.008143989493343,2.094599649185187,222.36711749142032,0.187429756899154,0.008389553099198161,-0.00019368215007976072,222.41310102458894,11,0,0
15:10:48:984,4.034791051871634,2.1503901286521363,222.51392401513147,0.20690782599280577,0.004624128852879271,-0.00022084427882366177,222.5608907628413,12,0,0
15:10:49:112,3.986997354400836,2.1146510844141386,220.88618219213586,0.217910657895808,-0.0031394321830969553,-0.0020105028459960084,220.93228234128722,12,0,0
15:10:49:229,4.013080628315005,2.0929145908328635,222.05571612912516,0.1912704914723842,-0.008213749013605432,0.0015499515135001679,222.10183739274308,11,0,0
15:10:49:395,3.9774623511562934,2.1572089358141913,222.44441345629505,0.18023439757675372,-0.016392610282020804,-0.0031300380348356317,222.49042863697028,10,-1,0
15:10:49:522,3.9622609442611494,2.105109572780854,221.34144878314348,0.189630859242496,-0.019102554593733733,0.0007385701150405743,221.3869190975943,11,-1,0
15:10:49:642,3.9948826533442157,2.126601152016459,220.48347413221506,0.20906996215516666,-0.028711237563114576,-0.0008560750826010593,220.52991607780768,12,-2,0
15:10:49:764,3.992413442694736,2.1041240494940627,220.66525442987665,0.2031437852154777,-0.0166733707805088,0.0007295711416002422,220.71139801948442,12,-1,0
15:10:49:888,3.94177193183258,2.1316294795456368,221.03263334531107,0.20571433555464744,-0.029577540803509588,0.0013530468963010613,221.07805502528595,12,-2,0
15:10:50:009,4.019603182904694,2.13434885442899,222.0617431759849,0.18713568440167216,-0.021817320497356775,4.987511669069134e-05,222.1083754322144,11,-1,0
15:10:50:135,3.9647118701791975,2.1278192543870995,221.1449931629522,0.19630079523925215,-0.03160127267503256,-0.0008542315587543116,221.19076507855172,11,-2,0
15:10:50:297,3.943425746682282,2.1541197955978646,220.81250021473892,0.21255333784617736,-0.04123274595136092,-0.00024049994732343308,220.85821490222511,12,-2,0
15:10:50:418,3.9692377152111344,2.1328799424416287,221.10221367374012,0.20682852929287987,-0.04384915542623218,-0.0033478851126648116,221.14812437892607,12,-2,0
15:10:50:541,3.9287234726425018,2.128256367218714,220.8578011618186,0.2036831160290242,-0.016950449151130146,-0.002454971370545521,220.90299381702027,12,-1,0
15:10:50:664,3.9280074427172393,2.092863418504127,222.13504363301877,0.18940683255827942,0.02563097743652002,-0.001675446172514296,222.17962762053975,11,1,0
15:10:50:791,3.94206919712773,2.104931516190282,221.80188587683094,0.1785557692571674,-0.011453086009421043,-0.002387563770808635,221.84690041729573,10,-1,0
15:10:50:912,4.019603182904694,2.13434885442899,222.0617431759849,0.18713568440167216,-0.021817320497356775,4.987511669069134e-05,222.1083754322144,11,-1,0
15:10:51:036,3.942999293130307,2.108889976158247,221.1052909099108,0.20195509205930365,-0.029591229180762107,0.0013742603333125674,221.15050153394057,12,-2,0
15:10:51:157,3.933719700936727,2.1053491879748223,220.8102036111283,0.20246563383728455,-0.02937794352820189,-0.003985435746373048,220.85527538339846,12,-2,0
15:10:51:287,3.9427416843398655,2.096664323983418,221.9261223246032,0.20112093539583797,-0.008510096117298825,-0.002609766354217427,221.97104537148903,12,0,0
15:10:51:448,3.9287234726425018,2.128256367218714,220.8578011618186,0.2036831160290242,-0.016950449151130146,-0.002454971370545521,220.90299381702027,12,-1,0
15:10:51:569,3.9375453772126896,2.132302905190882,221.49499116708887,0.19665304745394657,-0.04870600280117535,-8.505558416204056e-05,221.5402493710474,11,-3,0
15:10:51:691,3.9620324623361096,2.1577715318282356,221.59982592238669,0.2012040832981868,-0.015214648511900679,-0.0033011503602367446,221.6457455672187,12,-1,0
15:10:51:815,3.9631440969882834,2.096063492662807,222.22941979737897,0.15158224497278688,-0.03765318942054219,-0.002653483740341828,222.27463871701255,9,-2,0
15:10:51:937,3.9397145794847384,2.110560138214118,221.5153372041005,0.19572793343002137,-0.012765215784492254,-0.00011223032745194944,221.5604216273998,11,-1,0
15:10:52:061,3.926819350911762,2.133456503541281,221.06193810617373,0.20850700586039916,-0.0061547723136138365,-0.0018113176022736051,221.10710532709024,12,0,0
15:10:52:185,3.9697653465205898,2.119579473678885,221.79481783926835,0.20633219221521498,-0.0156695046053966,0.002035177541573988,221.8404671704554,12,-1,0
15:10:52:305,4.005687953022334,2.1476287927139497,221.62924435976365,0.18162825802913524,-0.05523044121698282,-0.00381877375858668,221.67584397242769,10,-3,-1
15:10:52:430,3.965377453314139,2.155779998186034,221.1928115193729,0.20692738017969636,-0.032074479989509144,-0.0018002684311625588,221.23885615685293,12,-2,0
15:10:52:552,3.952607496441562,2.1279945635722983,220.8335197160402,0.20377159056060734,-0.02159080322209702,-0.002305944066807093,220.8791409279252,12,-1,0
15:10:52:679,3.9570154558831274,2.1068764408098932,221.70105619231325,0.1847049670829081,-0.00017127620137797063,-0.0007751899313588849,221.7463758811904,11,0,0
15:10:52:797,3.898816836794684,2.1047730374696063,221.3454431354431,0.18895787530507,-0.021912773984537403,0.0008539129196077715,221.38978305037432,11,-1,0
15:10:52:920,3.9491606579323397,2.0817791635304843,220.70568960480426,0.2008450952676048,-0.017269756167443338,-0.0008787646784826228,220.75083487570342,12,-1,0
15:10:53:042,3.8855089518780495,2.13180961048343,221.24732311273812,0.20103270090369055,-0.0039275949617922044,-0.0016649481176233467,221.29170742841407,12,0,0
15:10:53:165,3.9631403704239347,2.133193097041347,221.39044927933367,0.20048626087183272,-0.019979563615460213,-0.00020825160486618747,221.43619402999627,11,-1,0
15:10:53:292,3.999107195031014,2.1274548633546995,221.40599829740844,0.18956715809247224,-0.04386860504318774,0.000955821913734832,221.45233122418242,11,-3,0
15:10:53:414,3.935710235810623,2.1273671001619276,221.23584416942782,0.19360908440870053,-0.05459644207885509,-0.0008623942388140816,221.28107522153462,11,-3,0
15:10:53:542,3.980524027616753,2.131453798858645,221.85839280349694,0.18663417331511978,-0.002492108844250187,-0.0039437950218318505,221.9043355236257,11,0,0
15:10:53:666,3.9822662753047346,2.1594104988094576,221.9241361927868,0.1967848784486289,-0.00444366748170675,-0.004886060752190532,221.97036676841435,11,0,0
15:10:53:785,4.000010554411718,2.0920973286578564,221.3301384585082,0.2061467684028311,-0.009948819815190935,-0.0003120021177212828,221.37616661630582,12,-1,0
15:10:53:912,3.929485204335507,2.133284796881793,221.53194862629627,0.19731959466123541,0.001882531359992707,-0.003095436903922173,221.57706564570185,11,0,0
15:10:54:029,3.946590457552304,2.135114180969766,221.35865398083882,0.20488308009451006,0.004402109738134257,-0.0033967692598177108,221.40412819325243,12,0,0
15:10:54:156,3.960950703304971,2.1420138930957195,221.26327995981876,0.2199525667658177,-0.02080385038414253,-0.001227465229243543,221.30909699460923,13,-1,0
15:10:54:273,3.920446091314211,2.1560980948163753,221.7909699906975,0.19344139098317886,-0.012512488962991352,-0.00316087166211642,221.8360949574344,11,-1,0
15:10:54:396,3.9298498272447304,2.155958872560302,220.90633385541062,0.21379190970482803,-0.018290965350879432,-0.003392498746239513,220.95180518783502,12,-1,0
15:10:54:523,3.951124432910916,2.107366853490218,222.36396799043422,0.17025208869441663,-0.007898283808174417,-0.0006033834356940507,222.40905251313487,10,0,0
15:10:54:643,3.999107195031014,2.1274548633546995,221.40599829740844,0.18956715809247224,-0.04386860504318774,0.000955821913734832,221.45233122418242,11,-3,0
15:10:54:767,3.941073817708831,2.156160798491106,221.2480821770033,0.2062888736321243,-0.02538588251423251,-0.001727452372219706,221.29368486070177,12,-1,0
15:10:54:888,3.9623685582526713,2.133247152738163,221.41203990110574,0.20005159760313923,-0.017530293595680035,9.589275723138614e-06,221.45776690189697,11,-1,0
15:10:55:013,4.019879700776688,2.0599492044682313,221.04400877837898,0.19289159145836074,-0.019265242123064578,-0.002334493942091294,221.0901550054859,11,-1,0
15:10:55:137,3.9231262687186286,2.157162282925585,221.55393747663013,0.20125443866846582,-0.025021844099249107,-0.003253918710347154,221.5991685007724,12,-1,0
15:10:55:259,3.935054481754611,2.132392225426208,221.66937106911163,0.19261522817121876,-0.036807899538192045,0.0015024616034740035,221.71455031312883,11,-2,0
15:10:55:426,3.9389722002306615,2.156509848519567,222.38514353536834,0.1804454116959653,-0.027789101781324987,-0.0030734221481000874,222.43047925580552,10,-2,0
15:10:55:545,3.90873064594508,2.154252800877134,220.55550454011498,0.2186140143952296,-0.02790099320447647,-0.0018217870041323549,220.60065630758518,13,-2,0
15:10:55:670,3.983583763080732,2.1141036295902422,221.19302001648492,0.21004885296308753,-0.023755646294536793,-0.00014773438640723152,221.2389895062966,12,-1,0
15:10:55:792,3.926819350911762,2.133456503541281,221.06193810617373,0.20850700586039916,-0.0061547723136138365,-0.0018113176022736051,221.10710532709024,12,0,0
15:10:55:914,3.9647118701791975,2.1278192543870995,221.1449931629522,0.19630079523925215,-0.03160127267503256,-0.0008542315587543116,221.19076507855172,11,-2,0
15:10:56:039,3.978155538363151,2.132285169407971,222.26962722971908,0.17815595209398422,-0.018949714317283126,0.00019775671492494365,222.31545054352242,10,-1,0
15:10:56:157,3.9587287321441953,2.134937184406668,221.76159121586844,0.19522376344885606,-0.0022609556947377476,-0.001715169987256059,221.80719742278427,11,0,0
15:10:56:285,3.9294074442821687,2.1244060480526823,221.14323890790058,0.1895516837383867,-0.009413096936060487,-0.0025020439184205738,221.18834837892564,11,-1,0
15:10:56:405,3.9742912416333565,2.1331288091197105,221.7345092532848,0.1923619914678276,-0.02688296449083392,0.0014599055993724437,221.78038196194152,11,-2,0
15:10:56:529,3.9587287321441953,2.134937184406668,221.76159121586844,0.19522376344885606,-0.0022609556947377476,-0.001715169987256059,221.80719742278427,11,0,0
15:10:56:654,3.9567616578144795,2.091752285234316,221.37695449384117,0.2044853226241131,-0.007006403556109715,0.0012912951513553545,221.42219259010096,12,0,0
15:10:56:776,3.92816143826464,2.170221348365209,221.46326803959965,0.18717463002936818,-0.03817805809201453,-0.0038039138909005733,221.50873437353556,11,-2,0
15:10:56:901,3.924011062406536,2.1543292429412793,221.3789422089428,0.19973425579209905,-0.029838327607053388,-0.0016617717893469663,221.4241970762349,11,-2,0
15:10:57:061,3.9252429768099457,2.117704813934189,220.7438443115998,0.22652001768746208,-0.009945751403586252,0.000478666987582528,220.78889693000815,13,-1,0
15:10:57:183,3.957536687348862,2.1563406158042357,221.3758447764297,0.2035319665979383,-0.010003348275500973,-0.00017951339857309232,221.42171653196297,12,-1,0
15:10:57:310,3.9353186182347173,2.143890534346958,222.11909534939625,0.2038557857490052,0.00901292405275499,-0.004185053058564304,222.16429847769075,12,1,0
15:10:57:430,3.9727766887360576,2.076975290238032,221.52822387615308,0.17309784876424839,-0.031120434225789816,0.0016429330975632568,221.57357864758563,10,-2,0
15:10:57:595,3.925169348578242,2.141899343450587,220.94272740334316,0.2269545097438034,-0.007785041436934232,-0.0028209778514005435,220.9879713460452,13,0,0
15:10:57:721,3.9550126649296184,2.133496784701455,221.50789457743332,0.19825214342793354,0.00022197285751491115,0.0011891596806196403,221.55347276411038,11,0,0
15:10:57:841,3.9622609442611494,2.105109572780854,221.34144878314348,0.189630859242496,-0.019102554593733733,0.0007385701150405743,221.3869190975943,11,-1,0
15:10:57:969,3.9018316771224937,2.154723244310722,220.69788351697363,0.21607732458127288,-0.009370593184878345,-0.000418651026843776,220.7428886998805,12,-1,0
15:10:58:087,3.9120022059189767,2.102941316026217,220.03408657471672,0.2151331182810695,-0.00870712213747749,0.0005532589456446606,220.07890716333472,12,0,0
15:10:58:210,3.9424109233520297,2.0824885346489594,221.35050959063702,0.18763560685757077,-0.02392856015730594,-0.0007342071138226156,221.3954097501125,11,-1,0
15:10:58:336,3.9897451384157487,2.1046457154519067,221.17937623974373,0.19262572528390726,-0.03653779699598254,-0.0006822296523357371,221.22536941693463,11,-2,0
15:10:58:454,3.9697972178090333,2.1320672113184993,220.73221870422202,0.21331436985431176,-0.01377517486775904,-0.00035126260141878063,220.77820855925208,12,-1,0
15:10:58:606,3.938479304238232,2.133412705975722,221.43903069430846,0.199730796403836,-0.012883712102289422,-0.0001381912352056829,221.48432762576863,11,-1,0
15:10:58:742,3.905222239747519,2.1040614931226824,220.693386923127,0.20243105520688034,-0.014688338391960471,0.0006965693931711009,220.7379642633086,12,-1,0
15:10:58:867,3.967191257441762,2.0820959055031945,221.2891465183127,0.18837374634961215,-0.03169943227422001,-0.0007989497894569173,221.33449820720693,11,-2,0
15:10:58:991,3.941073817708831,2.156160798491106,221.2480821770033,0.2062888736321243,-0.02538588251423251,-0.001727452372219706,221.29368486070177,12,-1,0
15:10:59:112,3.943425746682282,2.1541197955978646,220.81250021473892,0.21255333784617736,-0.04123274595136092,-0.00024049994732343308,220.85821490222511,12,-2,0
15:10:59:236,3.96251731101033,2.121142267623442,221.61405952276624,0.21358363144004625,-0.01650898804596241,-0.004268312883502748,221.6596313407557,12,-1,0
15:10:59:363,3.943425746682282,2.1541197955978646,220.81250021473892,0.21255333784617736,-0.04123274595136092,-0.00024049994732343308,220.85821490222511,12,-2,0
15:10:59:481,3.941073817708831,2.156160798491106,221.2480821770033,0.2062888736321243,-0.02538588251423251,-0.001727452372219706,221.29368486070177,12,-1,0
15:10:59:605,3.9622609442611494,2.105109572780854,221.34144878314348,0.189630859242496,-0.019102554593733733,0.0007385701150405743,221.3869190975943,11,-1,0
15:10:59:727,3.8884910862797835,2.1545536387356186,221.08613551682225,0.20688824002129327,-0.016147797611261908,-0.0032525614008217475,221.13082503819535,12,-1,0
15:10:59:852,3.932191633643979,2.1833117245828353,220.93937553105687,0.18302668123314325,-0.021868411932351176,-0.003110471796420561,220.98515027300763,10,-1,0
15:11:00:017,3.9742912416333565,2.1331288091197105,221.7345092532848,0.1923619914678276,-0.02688296449083392,0.0014599055993724437,221.78038196194152,11,-2,0
15:11:00:139,3.898816836794684,2.1047730374696063,221.3454431354431,0.18895787530507,-0.021912773984537403,0.0008539129196077715,221.38978305037432,11,-1,0
15:11:00:264,3.941073817708831,2.156160798491106,221.2480821770033,0.2062888736321243,-0.02538588251423251,-0.001727452372219706,221.29368486070177,12,-1,0
15:11:00:384,3.9429205489848234,2.126230127661672,220.7701740247815,0.20190958252529717,-0.04090786436676885,0.0006999948019588578,220.81561814315512,12,-2,0
15:11:00:504,3.9587287321441953,2.134937184406668,221.76159121586844,0.19522376344885606,-0.0022609556947377476,-0.001715169987256059,221.80719742278427,11,0,0
15:11:00:689,3.953518261756237,2.1557255293479876,220.88151312116844,0.21394992285580605,-0.022541559506148785,-0.0032483571661966622,220.9274095668096,12,-1,0
15:11:00:851,3.9471455577713184,2.081376926788625,221.84836382774753,0.1739724485392285,-0.01922610171915814,-0.0022070455057389814,221.89323698800342,10,-1,0
15:11:01:010,3.966705437471351,2.1537803736858314,220.77348216378445,0.2128535907172201,-0.04526865448242927,-0.00010050900240310965,220.8196185773551,12,-3,0
15:11:01:136,3.973475406146181,2.1047886505264164,221.68778116889106,0.1809376945866519,-0.026088955846022263,0.002407838758548206,221.73337809552436,10,-1,0
15:11:01:299,3.9665408212242137,2.1086186147197674,221.0705999939945,0.2022591896299294,-0.033922032081044225,0.0015171940086604184,221.11623617512464,12,-2,0
15:11:01:418,3.9622609442611494,2.105109572780854,221.34144878314348,0.189630859242496,-0.019102554593733733,0.0007385701150405743,221.3869190975943,11,-1,0
15:11:01:544,3.9561081322519693,2.146626088331691,221.0068023387612,0.19392296098173836,-0.022522900727549703,-0.0022139381168900904,221.0526305546293,11,-1,0
15:11:01:667,3.938479304238232,2.133412705975722,221.43903069430846,0.199730796403836,-0.012883712102289422,-0.0001381912352056829,221.48432762576863,11,-1,0
15:11:01:787,3.953518261756237,2.1557255293479876,220.88151312116844,0.21394992285580605,-0.022541559506148785,-0.0032483571661966622,220.9274095668096,12,-1,0
15:11:01:903,3.984889931339452,2.129579470983271,221.51801968927006,0.19097599497211487,-0.01888087698901484,-0.0022042905917411012,221.5640934437346,11,-1,0
15:11:02:023,3.988926089126627,2.1554602379095225,221.1583193444696,0.20715886041499654,-0.03639484176941019,-0.00165606477352552,221.20479143873018,12,-2,0
15:11:02:147,3.94177193183258,2.1316294795456368,221.03263334531107,0.20571433555464744,-0.029577540803509588,0.0013530468963010613,221.07805502528595,12,-2,0
15:11:02:269,3.9645225094446745,2.091490313376992,221.16347864754917,0.2090129248196444,-0.03148293898400919,-0.00183142775666344,221.20889687791444,12,-2,0
15:11:02:393,3.9591192033905296,2.114407257094522,221.23888342207053,0.20952121410262356,-0.017078643759030024,-7.539494111340451e-05,221.28440722463935,12,-1,0
15:11:02:515,4.018814312180777,2.105926409531219,222.0061545299821,0.17577101108969334,-0.02134084447336447,0.0010086274101668395,222.05251280656213,10,-1,0
15:11:02:678,3.949961966363395,2.119244702499961,220.99046357876747,0.22396937235883868,-0.011780051303302492,-0.0026579612175072972,221.03592104090987,13,-1,0
15:11:02:803,3.9507270397703853,2.1332922145239857,221.04451314126246,0.20860530919982656,-0.010577592617473036,-0.0016646094886435929,221.09010825831416,12,-1,0
15:11:02:970,3.938479304238232,2.133412705975722,221.43903069430846,0.199730796403836,-0.012883712102289422,-0.0001381912352056829,221.48432762576863,11,-1,0
15:11:03:091,3.966453222271442,2.0901422456900374,221.19726338368622,0.20535113106169112,0.0068815644579978685,-0.00012993509706542075,221.24269654432334,12,0,0
15:11:03:212,3.9564230951961767,2.105379700186085,221.98314868910956,0.1753689065587723,-0.027691374573184026,0.0009122900004021031,222.0283860440405,10,-2,0
15:11:03:337,3.994418064145516,2.1061893574447086,222.03774674488423,0.1755218845211068,-0.015669180050469293,0.0008491812442423136,222.08366078760935,10,-1,0
15:11:03:457,3.9620324623361096,2.1577715318282356,221.59982592238669,0.2012040832981868,-0.015214648511900679,-0.0033011503602367446,221.6457455672187,12,-1,0
15:11:03:583,3.994418064145516,2.1061893574447086,222.03774674488423,0.1755218845211068,-0.015669180050469293,0.0008491812442423136,222.08366078760935,10,-1,0
15:11:03:703,3.953518261756237,2.1557255293479876,220.88151312116844,0.21394992285580605,-0.022541559506148785,-0.0032483571661966622,220.9274095668096,12,-1,0
15:11:03:853,3.9643308789607796,2.1001364546794474,220.98182387561755,0.18885099802204328,-0.03726134772605681,-0.0016079692798420854,221.02735798050117,11,-2,0
15:11:04:048,4.007089712161729,2.1064464366214017,221.64450656347003,0.18524139370143555,-0.014047513692796618,-0.0006717857097758019,221.69073317194784,11,-1,0
15:11:04:162,3.961967752819851,2.1068965611467845,221.61949673405962,0.18667623785314102,-0.013683864254099802,-0.0023312776574372263,221.66492174958947,11,-1,0
15:11:04:288,3.965978636280925,2.105003036621197,221.2157354798322,0.19243109066257286,-0.03174477986518908,-0.0008310466794128112,221.26129722165763,11,-2,0
15:11:04:416,3.988926089126627,2.1554602379095225,221.1583193444696,0.20715886041499654,-0.03639484176941019,-0.00165606477352552,221.20479143873018,12,-2,0
15:11:04:537,3.9444300502508587,2.1276471961671697,221.68804501238398,0.1832246308033822,-0.01921290134417444,-0.002274128105326986,221.7333414541563,11,-1,0
15:11:04:664,3.906329763693955,2.1318338923406555,220.73685273015755,0.212828777938028,-0.016171362171749526,-0.00023764467599673463,220.78170730652147,12,-1,0
15:11:04:784,4.013080628315005,2.0929145908328635,222.05571612912516,0.1912704914723842,-0.008213749013605432,0.0015499515135001679,222.10183739274308,11,0,0
15:11:04:945,3.9631403704239347,2.133193097041347,221.39044927933367,0.20048626087183272,-0.019979563615460213,-0.00020825160486618747,221.43619402999627,11,-1,0
15:11:05:066,3.9632393510871746,2.1349679382444346,221.67229922060446,0.19740135611940232,-0.015159652583193597,-0.003276310666642366,221.71800467260329,11,-1,0
15:11:05:194,3.9622609442611494,2.105109572780854,221.34144878314348,0.189630859242496,-0.019102554593733733,0.0007385701150405743,221.3869190975943,11,-1,0
15:11:05:314,3.9863136382795377,2.104813253574049,221.31393287651863,0.1897205912533639,-0.024104736952824203,0.0008913703234389538,221.35983786705157,11,-1,0
15:11:05:439,3.9078619663800596,2.1265919626057093,220.51446395821986,0.20838319552551246,-0.026821351007189423,-0.0008874387926695333,220.55934029939596,12,-2,0
15:11:05:559,3.991406483692189,2.1582220193233512,222.5040046677708,0.18105230743918369,-0.03778819322504577,-0.001548400383203807,222.5502669987123,10,-2,0
15:11:05:727,3.984889931339452,2.129579470983271,221.51801968927006,0.19097599497211487,-0.01888087698901484,-0.0022042905917411012,221.5640934437346,11,-1,0
15:11:05:880,3.9884539655922273,2.127458361565227,221.10973332966364,0.19646889276084512,-0.03631840116821772,-0.0007053711127331268,221.15593597557088,11,-2,0
15:11:06:013,3.943425746682282,2.1541197955978646,220.81250021473892,0.21255333784617736,-0.04123274595136092,-0.00024049994732343308,220.85821490222511,12,-2,0
15:11:06:132,3.9622609442611494,2.105109572780854,221.34144878314348,0.189630859242496,-0.019102554593733733,0.0007385701150405743,221.3869190975943,11,-1,0
15:11:06:247,3.921831211655712,2.1314418430430164,221.58513680793268,0.19253003810731767,-0.017601312119018515,-6.294123478674916e-05,221.63008969581102,11,-1,0
15:11:06:372,3.943425746682282,2.1541197955978646,220.81250021473892,0.21255333784617736,-0.04123274595136092,-0.00024049994732343308,220.85821490222511,12,-2,0
15:11:06:492,3.9647006358402845,2.155915871494756,221.21412565986896,0.2066415996763374,-0.02980718301998518,-0.0015824767096729022,221.26015505697606,12,-2,0
15:11:06:615,3.9554406051448847,2.158794717400866,222.24562374974587,0.1881855439212524,-0.02229105091008826,-0.003155934932344036,222.29130253099493,11,-1,0
15:11:06:736,3.9150359028877713,1.977047895097365,222.34235263352147,-0.22293131165528474,0.07017472132548254,0.0016093852434909172,222.38560654662348,-13,4,0
15:11:06:861,3.986084712947937,2.0769773615995555,221.16660939718224,0.1815558460048969,-0.029574293339125365,0.00013969772988506888,221.21227773011418,10,-2,0
15:11:06:986,3.9631403704239347,2.133193097041347,221.39044927933367,0.20048626087183272,-0.019979563615460213,-0.00020825160486618747,221.43619402999627,11,-1,0
15:11:07:107,4.021731949002737,2.1572219599965137,221.84495572632966,0.19453747522871195,-0.03448740983845282,-0.0015512662211538276,221.89189330769045,11,-2,0
15:11:07:234,3.941073817708831,2.156160798491106,221.2480821770033,0.2062888736321243,-0.02538588251423251,-0.001727452372219706,221.29368486070177,12,-1,0
15:11:07:353,3.9869541486541653,2.132938832011184,221.36264808630108,0.20066649132827147,-0.02453469723468103,-6.0845027753657626e-05,221.40882367065714,11,-1,0
15:11:07:476,3.94449563983634,2.1053933816560133,221.12326565869066,0.19538389976071946,-0.03667049720383693,-0.0023292142654352766,221.1684659772005,11,-2,0
15:11:07:693,3.963640753721562,2.082141056571206,221.41801560537948,0.18536362855161218,-0.019239425721619945,0.0007679179923401111,221.4632777550899,11,-1,0
15:11:07:821,3.91544888025793,2.104592365217671,221.90326082086176,0.17548469457516216,0.002894118911976279,-0.0006225077741848686,221.9477803716204,10,0,0
15:11:07:939,3.8923528496570534,1.9518743052423788,222.12819161122667,-0.22570108557356733,0.06033082652384104,0.0002882962273800009,222.17086607492786,-13,3,0
15:11:08:105,3.9704931700263972,2.1175750392905788,221.81082959345858,0.16070422295477962,-0.016035983879588538,0.0032551230749057487,221.85646951350904,9,-1,0
15:11:08:268,3.9742912416333565,2.1331288091197105,221.7345092532848,0.1923619914678276,-0.02688296449083392,0.0014599055993724437,221.78038196194152,11,-2,0
15:11:08:398,4.0015899080919155,2.0885697773670695,222.11356200274668,0.18157763963187054,-0.02925778511657224,-0.001624129603118368,222.15942309759328,10,-2,0
15:11:08:516,3.994527318538613,2.070126323882176,222.0593760486007,0.18923301330838282,-0.016061264128168475,-0.0001365862835775965,222.1049485324207,11,-1,0
15:11:08:624,3.9313281136288163,2.118752236666581,220.9790447949083,0.18284974863598688,-0.017065214104442644,-0.0014127716209192155,221.0241676610218,10,-1,0
15:11:08:747,3.973475406146181,2.1047886505264164,221.68778116889106,0.1809376945866519,-0.026088955846022263,0.002407838758548206,221.73337809552436,10,-1,0
15:11:08:873,3.929959517443416,2.131634136255617,220.71282147758802,0.21301639199347558,-0.020353854043021456,-9.480665699777346e-05,220.75809840297418,12,-1,0
15:11:08:993,3.9893342047982916,2.1350261521541203,222.74002209011633,0.17257659107797022,-0.024588963716918277,6.146755224788638e-05,222.78597479368727,10,-1,0
15:11:09:117,3.9884539655922273,2.127458361565227,221.10973332966364,0.19646889276084512,-0.03631840116821772,-0.0007053711127331268,221.15593597557088,11,-2,0
15:11:09:244,3.9794101789006437,2.133142322808031,221.3789102090907,0.2009649741856316,-0.05119055404524703,-0.001695414305717475,221.42494865508252,12,-3,0
15:11:09:367,3.9561081322519693,2.146626088331691,221.0068023387612,0.19392296098173836,-0.022522900727549703,-0.0022139381168900904,221.0526305546293,11,-1,0
15:11:09:488,3.960716311672904,2.1195082158816976,221.08134800876917,0.22234271697451793,0.012454249766233827,-0.0012801158970793423,221.12698167829552,13,1,0
15:11:09:611,3.9389358882772463,2.0969364862501143,221.44622183798447,0.21250467856061783,-0.014364039590672258,-0.0011021017068279049,221.4911770813392,12,-1,0
15:11:09:733,3.9459993204628274,2.081425303136235,221.87465095008875,0.17340883196335502,-0.01592412215641066,-0.001993314091456675,221.91949886423535,10,-1,0
15:11:09:857,3.929959517443416,2.131634136255617,220.71282147758802,0.21301639199347558,-0.020353854043021456,-9.480665699777346e-05,220.75809840297418,12,-1,0
15:11:09:980,3.9622609442611494,2.105109572780854,221.34144878314348,0.189630859242496,-0.019102554593733733,0.0007385701150405743,221.3869190975943,11,-1,0
15:11:10:103,3.930253375564125,2.134968999942692,222.93579864933287,0.16772048015559066,0.0055166887033688385,-0.0029907303074525322,222.98066127725681,10,0,0
15:11:10:226,3.9454045815261365,2.119488352894234,221.7481856690812,0.20736038374395954,-0.02076191670343911,-0.004204617605873322,221.79340904481202,12,-1,0
15:11:10:347,4.002708626221495,2.1364450465556297,222.04173537038764,0.19164727403053647,0.0037535504379287714,-0.00314884354324874,222.08808684861202,11,0,0
15:11:10:471,3.9631403704239347,2.133193097041347,221.39044927933367,0.20048626087183272,-0.019979563615460213,-0.00020825160486618747,221.43619402999627,11,-1,0
15:11:10:595,3.9456458164144737,2.108836169340708,220.94964400507138,0.20556970801863392,-0.04112226603883057,-0.0001969004917708954,220.99493319274424,12,-2,0
15:11:10:768,3.9884539655922273,2.127458361565227,221.10973332966364,0.19646889276084512,-0.03631840116821772,-0.0007053711127331268,221.15593597557088,11,-2,0
15:11:10:885,3.9342331977131306,2.1061097236861532,222.17252981434308,0.17218071879018018,0.01465874269378409,-0.0022103677696449927,222.21734156705088,10,1,0
15:11:11:003,3.9954993236682945,2.1345687844897507,222.09341490808282,0.18679835244076928,-0.016704645855988215,-0.00010319344441756171,222.13960777915085,11,-1,0
15:11:11:128,3.992105547313303,2.115990721290734,221.91164729371476,0.19720802452464375,-0.016275693616141573,-0.00019387088363076362,221.95763903962293,11,-1,0
15:11:11:252,3.9536553782673365,2.119029002529575,220.89250942158696,0.22588764005555137,-0.023290718838930892,-0.00421534501872142,220.93805103089315,13,-1,0
15:11:11:370,3.9631403704239347,2.133193097041347,221.39044927933367,0.20048626087183272,-0.019979563615460213,-0.00020825160486618747,221.43619402999627,11,-1,0
15:11:11:496,3.981484694730317,2.1325160833694876,222.12034049292225,0.18221431743528801,-0.0317425996608146,-0.001388403127522593,222.1662564520362,10,-2,0
15:11:11:616,3.9373295375468453,2.1179031899979086,221.0889006107831,0.2191474508128901,-0.018748810431103668,0.001931972682013483,221.1340997021811,13,-1,0
15:11:11:741,3.952023036557697,2.110576298204463,221.116432503425,0.20492167791804072,-0.010679690041801667,-0.0016369949283611194,221.16181800083334,12,-1,0
15:11:11:867,4.008108507756764,2.1562087895169064,221.75869807636056,0.19436414250798836,-0.01471212300343193,-0.003124764523491477,221.80539746064878,11,-1,0
15:11:11:994,3.928083318944028,2.1107385213756378,221.13438168530755,0.2048102305517573,-0.006187415830900788,-0.0017837763714173534,221.17933858977304,12,0,0
15:11:12:114,3.9035300823227512,2.0946528659915606,220.86306150969878,0.18061169872423494,-0.005581581381630709,0.0015644024589366369,220.9074852900408,10,0,0
15:11:12:236,3.947418284957483,2.1142936903919685,220.87756231849656,0.21749866553954578,-0.009875984798544213,-0.0017503176264100197,220.92295010860002,12,-1,0
15:11:12:359,3.9869541486541653,2.132938832011184,221.36264808630108,0.20066649132827147,-0.02453469723468103,-6.0845027753657626e-05,221.40882367065714,11,-1,0
15:11:12:552,4.018814312180777,2.105926409531219,222.0061545299821,0.17577101108969334,-0.02134084447336447,0.0010086274101668395,222.05251280656213,10,-1,0
15:11:12:684,4.047426687292615,2.1072938324301624,222.07209907830511,0.17718553348104857,-0.03788761269952102,-0.0036932493037235485,222.11897608968434,10,-2,0
15:11:12:807,3.9714274352810177,2.1107190251986303,222.25749682362496,0.17916840187118946,-0.046903958161667314,5.357523016527895e-05,222.30299652721888,10,-3,0
15:11:12:931,3.9901493996510324,2.132762262324971,221.22646684473563,0.2035948184357631,-0.036531830306541196,-0.0016356781538516513,221.27272674169322,12,-2,0
15:11:13:053,3.96647435469552,2.0769081519435653,222.11982980670476,0.15924604738667045,-0.0407133347172913,0.0018150505047692855,222.16495056519955,9,-2,0
15:11:13:176,3.949802384700773,2.0690382847453,221.0125083512018,0.2107279628527768,-0.009970994220210517,-0.0016956100423897989,221.05748280931812,12,-1,0
15:11:13:299,3.9400443937927117,2.128241087334941,221.20223942280825,0.19569700753062438,-0.02416583650675623,-0.000788466470763867,221.2475628919249,11,-1,0
15:11:13:422,3.9606984783753996,2.1298151304545905,221.54534144849123,0.19076687549941393,-0.013680166937565607,-0.002359381382068357,221.59097807098348,11,-1,0
15:11:13:547,3.9647006358402845,2.155915871494756,221.21412565986896,0.2066415996763374,-0.02980718301998518,-0.0015824767096729022,221.26015505697606,12,-2,0
15:11:13:667,3.942227903805929,2.1334463676405706,221.31909197212443,0.20264063933719106,-0.025313557384145226,-0.0017068130610229484,221.36448049679248,12,-1,0
15:11:13:795,3.9353186182347173,2.143890534346958,222.11909534939625,0.2038557857490052,0.00901292405275499,-0.004185053058564304,222.16429847769075,12,1,0
15:11:13:921,3.976330659233192,2.1286765724168504,222.38617480940673,0.16872933385516367,-0.015342591935222473,-0.0021718405846713313,222.431906919447,10,-1,0
15:11:14:037,3.96251731101033,2.121142267623442,221.61405952276624,0.21358363144004625,-0.01650898804596241,-0.004268312883502748,221.6596313407557,12,-1,0
15:11:14:164,3.9444300502508587,2.1276471961671697,221.68804501238398,0.1832246308033822,-0.01921290134417444,-0.002274128105326986,221.7333414541563,11,-1,0
15:11:14:281,3.9587287321441953,2.134937184406668,221.76159121586844,0.19522376344885606,-0.0022609556947377476,-0.001715169987256059,221.80719742278427,11,0,0
15:11:14:409,3.909055430075071,2.103956694430009,220.5831978328875,0.20482849598629993,-0.026899592321749564,-0.0008659788481389882,220.6278643197867,12,-2,0
15:11:14:528,3.9122267852898953,2.154352767711412,221.06014359860177,0.20713293547817518,-0.020526696729043458,-0.003107293644622163,221.10525512095302,12,-1,0
15:11:14:652,3.944112296139964,2.1035178807641777,220.83898525000387,0.19823077947686957,-0.041004124148444544,0.0007186998659267131,220.88421902782164,11,-2,0
15:11:14:779,3.9979427346598553,2.1575257803160195,221.88411428099704,0.1941626588604227,-0.02967582474899686,-0.0017007214921616518,221.93061671131565,11,-2,0
15:11:14:895,3.910065672884193,2.0822875729439096,221.51154272481034,0.18349017382365881,-0.004106366384279084,-0.003821528004191389,221.55583516447538,11,0,0
15:11:15:061,3.9631403704239347,2.133193097041347,221.39044927933367,0.20048626087183272,-0.019979563615460213,-0.00020825160486618747,221.43619402999627,11,-1,0
15:11:15:185,3.936227440267816,2.0901779179288034,221.04956775390303,0.20883050845780546,-0.01716104625496492,0.0028625498341584192,221.0944914157236,12,-1,0
15:11:15:307,3.9954993236682945,2.1345687844897507,222.09341490808282,0.18679835244076928,-0.016704645855988215,-0.00010319344441756171,222.13960777915085,11,-1,0
15:11:15:433,3.9688409032346224,2.104839657513089,221.05605952639615,0.19598347118636317,-0.04387071391305492,-0.0023982395122135506,221.1017039767822,11,-2,0
15:11:15:567,3.9197652548883206,2.0919203529136987,221.00979452946325,0.2130939649214419,0.006694790978573092,-0.0003212471461075579,221.05445023426225,12,0,0
15:11:15:682,3.9564230951961767,2.105379700186085,221.98314868910956,0.1753689065587723,-0.027691374573184026,0.0009122900004021031,222.0283860440405,10,-2,0
15:11:15:806,3.9341508718896527,2.1572094086764793,221.88187358759586,0.19368312076027508,-0.032349530747476304,-0.0015874260488876408,221.92723339477186,11,-2,0
15:11:15:929,3.926819350911762,2.133456503541281,221.06193810617373,0.20850700586039916,-0.0061547723136138365,-0.0018113176022736051,221.10710532709024,12,0,0
15:11:16:054,3.9631403704239347,2.133193097041347,221.39044927933367,0.20048626087183272,-0.019979563615460213,-0.00020825160486618747,221.43619402999627,11,-1,0
15:11:16:221,3.946590457552304,2.135114180969766,221.35865398083882,0.20488308009451006,0.004402109738134257,-0.0033967692598177108,221.40412819325243,12,0,0
15:11:16:375,3.9287234726425018,2.128256367218714,220.8578011618186,0.2036831160290242,-0.016950449151130146,-0.002454971370545521,220.90299381702027,12,-1,0
15:11:16:544,3.965658064885826,2.089111002665412,221.8248549718921,0.1892211570002676,-0.014820029220534466,-0.0032194924246484137,221.87013569196287,11,-1,0
15:11:16:663,3.9374626892141826,2.067454010674113,221.12153538603212,0.2051560261024052,-0.017176698029496593,0.0028866906760344506,221.1662528280286,12,-1,0
15:11:16:786,3.969988076458512,2.0575194106784327,220.94041242935572,0.19071391701035156,-0.045538340576125116,0.0009130368356871886,220.98565572431696,11,-3,0
15:11:16:912,3.977118148047899,2.0930036039782527,221.72491549199955,0.15746176835326223,-0.03944148729610232,-0.0025780160131285,221.77045854392813,9,-2,0
15:11:17:034,3.983583763080732,2.1141036295902422,221.19302001648492,0.21004885296308753,-0.023755646294536793,-0.00014773438640723152,221.2389895062966,12,-1,0
15:11:17:158,3.964931148780956,2.157493284064583,222.0927559720386,0.18907244760757375,-0.006834000028241117,-0.0045873311592257455,222.1386227371117,11,0,0
15:11:17:278,3.9711796468279985,2.1110599374868158,221.08542993579366,0.20651551233466703,-0.008989152317635847,-0.0033826988648828983,221.13116960695922,12,0,0
15:11:17:399,3.9863136382795377,2.104813253574049,221.31393287651863,0.1897205912533639,-0.024104736952824203,0.0008913703234389538,221.35983786705157,11,-1,0
15:11:17:528,3.929959517443416,2.131634136255617,220.71282147758802,0.21301639199347558,-0.020353854043021456,-9.480665699777346e-05,220.75809840297418,12,-1,0
15:11:17:647,3.9429205489848234,2.126230127661672,220.7701740247815,0.20190958252529717,-0.04090786436676885,0.0006999948019588578,220.81561814315512,12,-2,0
15:11:17:808,3.979350102483773,2.1408136047374833,220.9524215305568,0.2245967127714882,-0.022297433747352765,0.0003132915868784159,220.99862191956134,13,-1,0
15:11:17:931,3.9979427346598553,2.1575257803160195,221.88411428099704,0.1941626588604227,-0.02967582474899686,-0.0017007214921616518,221.93061671131565,11,-2,0
15:11:18:053,3.955490718715143,2.12730879263318,222.03453545671417,0.1743822453740011,-0.02602670222990162,-0.0006091633324822727,222.07995471227005,10,-1,0
15:11:18:177,3.9659842813084722,2.1068594783203305,221.49602554328814,0.18959872538286665,-0.02680131438772571,-0.003890463412187685,221.5415473893191,11,-2,0
15:11:18:300,3.94177193183258,2.1316294795456368,221.03263334531107,0.20571433555464744,-0.029577540803509588,0.0013530468963010613,221.07805502528595,12,-2,0
15:11:18:426,3.942466454250431,2.1329200464000277,221.9167247906245,0.1876848885725907,-0.007385544776790626,-0.0016306411451156569,221.96199028542026,11,0,0
15:11:18:545,4.019603182904694,2.13434885442899,222.0617431759849,0.18713568440167216,-0.021817320497356775,4.987511669069134e-05,222.1083754322144,11,-1,0
15:11:18:670,3.925169348578242,2.141899343450587,220.94272740334316,0.2269545097438034,-0.007785041436934232,-0.0028209778514005435,220.9879713460452,13,0,0
15:11:18:814,3.949376977021953,2.1045793346090673,221.62950124576088,0.18209053615128554,-0.03208730214274279,-0.003813043719313974,221.6746775234533,10,-2,0
15:11:18:964,3.9661625933704876,2.1262440694257188,220.60005836167917,0.20599208638294758,-0.05093180777694654,-0.0008591308419509907,220.64595420885485,12,-3,0
15:11:19:080,3.9621093573342296,2.1124261481049924,220.83354274810154,0.21499790085369377,-0.03320277925516137,0.001415913161588001,220.87918475372064,12,-2,0
15:11:19:248,3.9581761798754,2.1195106700248605,221.42560343576758,0.2146248908673657,-0.008896220894945543,0.00035843905823337223,221.47112078337685,12,-1,0
15:11:19:368,3.9620324623361096,2.1577715318282356,221.59982592238669,0.2012040832981868,-0.015214648511900679,-0.0033011503602367446,221.6457455672187,12,-1,0
15:11:19:491,3.9554406051448847,2.158794717400866,222.24562374974587,0.1881855439212524,-0.02229105091008826,-0.003155934932344036,222.29130253099493,11,-1,0
15:11:19:615,3.9631403704239347,2.133193097041347,221.39044927933367,0.20048626087183272,-0.019979563615460213,-0.00020825160486618747,221.43619402999627,11,-1,0
15:11:19:735,3.9732127112127205,2.069279729840195,222.59269903888801,0.17530437759269785,-0.0020148768662175973,-0.001562118184690616,222.63777308279438,10,0,0
15:11:19:862,3.994418064145516,2.1061893574447086,222.03774674488423,0.1755218845211068,-0.015669180050469293,0.0008491812442423136,222.08366078760935,10,-1,0
15:11:19:983,3.9937455916412077,2.1098293592695234,221.12719680118664,0.203633093251639,-0.04815813495157922,-0.00318931229965852,221.17332241689257,12,-3,0
15:11:20:104,3.9789402674789263,2.1301240253894895,222.14955664061603,0.17738405887844824,-0.02751033194256422,-0.002037374594746105,222.19539803883873,10,-2,0
15:11:20:229,3.9655928106313385,2.125029719667839,221.8127721985677,0.17511470779799712,-0.01421081360110446,-0.0022311957405096758,221.85839535177138,10,-1,0
15:11:20:348,3.967282767508444,2.1131842149046696,220.51266076249584,0.22352266409180566,-0.01769539605580671,-0.0018948217698145143,220.55846942849206,13,-1,0
15:11:20:477,3.9665798106218433,2.133077139869523,221.26194768651192,0.2033367037213893,-0.032147053196195256,-0.0017798474955124017,221.3077795006479,12,-2,0
15:11:20:596,3.9109475866264023,2.10910572010432,220.69146692341835,0.2118628540836737,-0.02778777835587368,-0.0017761542420055417,220.7361941566769,12,-2,0
15:11:20:722,3.9760762466851944,2.15597675056845,221.50002730932187,0.20016236230682904,-0.039349882526298334,-0.00013916240778542193,221.5462017640988,11,-2,0
15:11:20:884,3.9321683900633926,2.1106487651067125,221.04488763068827,0.20677634260434097,-0.018225443867196874,-0.0033416602944762617,221.0899344930046,12,-1,0
15:11:21:006,3.9078619663800596,2.1265919626057093,220.51446395821986,0.20838319552551246,-0.026821351007189423,-0.0008874387926695333,220.55934029939596,12,-2,0
15:11:21:134,3.963882573999859,2.1279712524292496,221.16775109984948,0.19601139641170262,-0.029006647715432248,-0.0006386551145465957,221.21350490708429,11,-2,0
15:11:21:257,3.9575365275396996,2.1194931083757083,221.4446564100746,0.214133540484321,-0.0067750339290698425,0.0005787340492458431,221.49015824406118,12,0,0
15:11:21:380,4.020260386352348,2.0827080913805913,222.08693103116667,0.17098511767775493,-0.02145523715499219,0.0010413165326356273,222.1330797099121,10,-1,0
15:11:21:501,3.9675651275246366,2.1031504001497074,220.79742940132036,0.1985265399259746,-0.045448916916975404,0.0008624995299911306,220.84308828867125,11,-3,0
15:11:21:622,3.9868589146522457,2.13334909248649,221.2741348032773,0.2035335630804556,-0.029142573202495834,-0.001789763314585437,221.32033109340563,12,-2,0
15:11:21:748,3.9759155219873743,2.108493119200755,221.97599667113496,0.18148600097437143,0.011558046601502685,-0.0023674636838543353,222.02161323982722,10,1,0
15:11:21:870,3.962077967261148,2.095237931840071,221.83542720688473,0.15934079764105438,-0.046281001587294326,-0.0013578686239418022,221.88069958396727,9,-3,0
15:11:21:991,3.9321877778996455,2.147302432652979,220.95567835907949,0.19641087550767736,-0.02218096324465631,-0.0040913864253854905,221.0010968470042,11,-1,0
15:11:22:118,3.967720260152488,2.110295241622924,221.33363556819674,0.19958599381985906,-0.03202014519526101,-0.0017509323062885516,221.3792546376127,11,-2,0
15:11:22:235,3.9863136382795377,2.104813253574049,221.31393287651863,0.1897205912533639,-0.024104736952824203,0.0008913703234389538,221.35983786705157,11,-1,0
15:11:22:359,3.988377562868274,2.1118818841733384,221.71743222593534,0.193763291251519,-0.01979979568814482,-0.003096191852867449,221.763358004741,11,-1,0
15:11:22:526,3.9897451384157487,2.1046457154519067,221.17937623974373,0.19262572528390726,-0.03653779699598254,-0.0006822296523357371,221.22536941693463,11,-2,0
15:11:22:647,3.952023036557697,2.110576298204463,221.116432503425,0.20492167791804072,-0.010679690041801667,-0.0016369949283611194,221.16181800083334,12,-1,0
15:11:22:781,3.898816836794684,2.1047730374696063,221.3454431354431,0.18895787530507,-0.021912773984537403,0.0008539129196077715,221.38978305037432,11,-1,0
15:11:22:949,3.9581761798754,2.1195106700248605,221.42560343576758,0.2146248908673657,-0.008896220894945543,0.00035843905823337223,221.47112078337685,12,-1,0
15:11:23:064,3.9631403704239347,2.133193097041347,221.39044927933367,0.20048626087183272,-0.019979563615460213,-0.00020825160486618747,221.43619402999627,11,-1,0
15:11:23:225,3.9620324623361096,2.1577715318282356,221.59982592238669,0.2012040832981868,-0.015214648511900679,-0.0033011503602367446,221.6457455672187,12,-1,0
15:11:23:344,3.976330659233192,2.1286765724168504,222.38617480940673,0.16872933385516367,-0.015342591935222473,-0.0021718405846713313,222.431906919447,10,-1,0
15:11:23:468,3.9298498272447304,2.155958872560302,220.90633385541062,0.21379190970482803,-0.018290965350879432,-0.003392498746239513,220.95180518783502,12,-1,0
15:11:23:590,4.003468056297213,2.0824383979070187,222.42214369419247,0.1626670432351828,-0.026070073746084606,-0.003670151146064172,222.46791748851984,9,-1,0
15:11:23:713,3.941073817708831,2.156160798491106,221.2480821770033,0.2062888736321243,-0.02538588251423251,-0.001727452372219706,221.29368486070177,12,-1,0
15:11:23:837,3.978155538363151,2.132285169407971,222.26962722971908,0.17815595209398422,-0.018949714317283126,0.00019775671492494365,222.31545054352242,10,-1,0
15:11:23:963,3.920446091314211,2.1560980948163753,221.7909699906975,0.19344139098317886,-0.012512488962991352,-0.00316087166211642,221.8360949574344,11,-1,0
15:11:24:088,3.9974678000416835,2.104504295895954,221.64831476415645,0.18133292618343314,-0.03132720284083242,0.0025610524548123318,221.69434842804267,10,-2,0
15:11:24:206,3.9863136382795377,2.104813253574049,221.31393287651863,0.1897205912533639,-0.024104736952824203,0.0008913703234389538,221.35983786705157,11,-1,0
15:11:24:486,3.9995544191501047,2.1556479247387865,221.4559144837995,0.20060616212181398,-0.043811330148889854,5.441823614117126e-06,221.50251762312564,12,-2,0
15:11:24:620,3.9954993236682945,2.1345687844897507,222.09341490808282,0.18679835244076928,-0.016704645855988215,-0.00010319344441756171,222.13960777915085,11,-1,0
15:11:24:778,3.9979427346598553,2.1575257803160195,221.88411428099704,0.1941626588604227,-0.02967582474899686,-0.0017007214921616518,221.93061671131565,11,-2,0
15:11:24:958,3.9497789038736935,2.1251576924311246,222.60871458398248,0.15638642449770712,0.002259303815777993,-0.0006709576939603977,222.6538947724476,9,0,0
15:11:25:119,3.925378588976046,2.105668076440894,221.00837913629553,0.19833679645871694,-0.00435409222762417,-0.0008752888034029675,221.05326526330137,11,0,0
15:11:25:240,3.914764500080511,2.1209315946964495,221.7457503182282,0.21015676323233673,-0.0010749435696787285,-0.0011097703730814877,221.79044505143696,12,0,0
15:11:25:371,3.9979427346598553,2.1575257803160195,221.88411428099704,0.1941626588604227,-0.02967582474899686,-0.0017007214921616518,221.93061671131565,11,-2,0
15:11:25:504,3.926819350911762,2.133456503541281,221.06193810617373,0.20850700586039916,-0.0061547723136138365,-0.0018113176022736051,221.10710532709024,12,0,0
15:11:25:644,3.946357317998652,2.1033635576212535,220.65782791881023,0.2022936845921801,-0.05260551264673611,-0.0008510472094983566,220.70313748604508,12,-3,0
15:11:25:771,3.9626038175209835,2.1092828401256765,220.36255238565303,0.21950822072824552,-0.016488406699954817,-0.003331524966682401,220.4082707092317,13,-1,0
15:11:25:888,3.9329596466407266,2.115979078434873,222.05377156173404,0.19386451508757646,0.012152622214978114,-0.0032546975627250514,222.09867852788597,11,1,0
15:11:26:113,3.967300917397406,2.104888875108935,222.310208756727,0.16665984825459423,-0.03487092138878876,0.0025801528267646776,222.3555687434099,10,-2,0
15:11:26:267,3.9444297314174306,2.1342684568196058,221.70812055470543,0.19530659597425673,-0.017424195094806597,-0.0015116904270170597,221.7534765176223,11,-1,0
15:11:26:379,3.988926089126627,2.1554602379095225,221.1583193444696,0.20715886041499654,-0.03639484176941019,-0.00165606477352552,221.20479143873018,12,-2,0
15:11:26:500,3.9344789538239198,2.1331440131721715,220.85358979557378,0.21289643069750397,-0.03016669928727255,-0.004928722351694313,220.8989328937797,12,-2,0
15:11:26:628,3.9403098903388223,2.136217733937095,222.035984196675,0.19142822955959116,-0.0019906466781142193,-0.0032461850045539574,222.0812188061494,11,0,0
15:11:26:746,3.977193252849096,2.113675789537221,221.34475593136278,0.20599839627979058,-0.04612769314062023,-3.56046627110182e-05,221.39057493449974,12,-3,0
15:11:26:871,3.9954993236682945,2.1345687844897507,222.09341490808282,0.18679835244076928,-0.016704645855988215,-0.00010319344441756171,222.13960777915085,11,-1,0
15:11:26:995,3.9979427346598553,2.1575257803160195,221.88411428099704,0.1941626588604227,-0.02967582474899686,-0.0017007214921616518,221.93061671131565,11,-2,0
15:11:27:115,3.906329763693955,2.1318338923406555,220.73685273015755,0.212828777938028,-0.016171362171749526,-0.00023764467599673463,220.78170730652147,12,-1,0
15:11:27:239,3.9507270397703853,2.1332922145239857,221.04451314126246,0.20860530919982656,-0.010577592617473036,-0.0016646094886435929,221.09010825831416,12,-1,0
15:11:27:363,3.973035361944041,2.1412734096745445,221.571490844499,0.1704233052816603,-0.030216734862204532,0.0016484719757922637,221.61745332183597,10,-2,0
15:11:27:487,3.9869541486541653,2.132938832011184,221.36264808630108,0.20066649132827147,-0.02453469723468103,-6.0845027753657626e-05,221.40882367065714,11,-1,0
15:11:27:610,3.9703778684650217,2.082888081787555,222.0527788832255,0.17247015540674643,-0.05277745088046314,-0.000713920086641801,222.09803901192439,10,-3,0
15:11:27:733,3.953518261756237,2.1557255293479876,220.88151312116844,0.21394992285580605,-0.022541559506148785,-0.0032483571661966622,220.9274095668096,12,-1,0
15:11:27:855,3.924011062406536,2.1543292429412793,221.3789422089428,0.19973425579209905,-0.029838327607053388,-0.0016617717893469663,221.4241970762349,11,-2,0
15:11:27:977,3.926819350911762,2.133456503541281,221.06193810617373,0.20850700586039916,-0.0061547723136138365,-0.0018113176022736051,221.10710532709024,12,0,0
15:11:28:101,3.9394958846411616,2.131572228699377,222.2089359027753,0.17834715961612893,-0.030037450392304255,0.0002489346602502033,222.25407627990757,10,-2,0
15:11:28:223,3.9298498272447304,2.155958872560302,220.90633385541062,0.21379190970482803,-0.018290965350879432,-0.003392498746239513,220.95180518783502,12,-1,0
15:11:28:386,3.9337006737159532,2.132030715245154,220.39050125109895,0.2209915001750374,-0.000844892448398445,-0.001945177807925313,220.43591494507376,13,0,0
15:11:28:512,3.952845173505751,2.103716532828065,222.2542845760297,0.16549389134096387,-0.012298195720110337,0.0010000450726342885,222.29938735997226,9,-1,0
15:11:28:632,4.0211460553765335,2.1289497872216847,221.7894517188484,0.18349636058371996,-0.03443790388579738,-0.0005943246583407454,221.8361172950486,11,-2,0
15:11:28:803,3.9869541486541653,2.132938832011184,221.36264808630108,0.20066649132827147,-0.02453469723468103,-6.0845027753657626e-05,221.40882367065714,11,-1,0
15:11:28:923,3.9697215629596694,2.169018078903173,221.08495535341606,0.1937368677219273,-0.044546613385127935,-0.0023649252511217505,221.1312298440363,11,-3,0
15:11:29:041,3.9371633293078134,2.105355861794409,221.39042681112144,0.1889205325480246,-0.011175171954269862,0.0008006944199075007,221.4354417476953,11,-1,0
15:11:29:168,3.9488070982035564,2.141753081252631,220.9250248409817,0.22709246154080695,-0.011730703593853474,-0.0026804824627979337,220.97069213981356,13,-1,0
15:11:29:294,3.958439668105622,2.1283086184341293,221.7608418043022,0.18307342936552803,-0.04027404674999098,-0.0006941585964225267,221.8063793039643,10,-2,0
15:11:29:414,3.9666936649822984,2.132737204214134,221.8950976774316,0.18785138989669362,-0.012415216983408368,-0.0014772475280826097,221.9407975111628,11,-1,0
15:11:29:535,3.921002924399156,2.069251220258225,221.0801641560545,0.20956518774246502,0.006676662690214408,-0.0002917643913567407,221.1246142965855,12,0,0
15:11:29:658,3.9954993236682945,2.1345687844897507,222.09341490808282,0.18679835244076928,-0.016704645855988215,-0.00010319344441756171,222.13960777915085,11,-1,0
15:11:29:782,3.9507270397703853,2.1332922145239857,221.04451314126246,0.20860530919982656,-0.010577592617473036,-0.0016646094886435929,221.09010825831416,12,-1,0
15:11:29:908,3.9371633293078134,2.105355861794409,221.39042681112144,0.1889205325480246,-0.011175171954269862,0.0008006944199075007,221.4354417476953,11,-1,0
15:11:30:029,3.9604771381690838,2.160920429968629,221.83370651097474,0.15996883507458598,-0.003374270244908737,-0.0014156654478008892,221.87958063026866,9,0,0
15:11:30:153,3.988926089126627,2.1554602379095225,221.1583193444696,0.20715886041499654,-0.03639484176941019,-0.00165606477352552,221.20479143873018,12,-2,0
15:11:30:286,3.9692377152111344,2.1328799424416287,221.10221367374012,0.20682852929287987,-0.04384915542623218,-0.0033478851126648116,221.14812437892607,12,-2,0
15:11:30:401,3.9078619663800596,2.1265919626057093,220.51446395821986,0.20838319552551246,-0.026821351007189423,-0.0008874387926695333,220.55934029939596,12,-2,0
15:11:30:523,3.903325050768898,2.105371795102012,221.47828340123624,0.1869166327214185,0.009019844055831927,-0.0023079142684955304,221.52268180754288,11,1,0
15:11:30:643,3.921716055293242,2.119443181485754,221.06627359074196,0.22260497805014373,0.0040551936431302915,-0.00124430120080744,221.11121458558964,13,0,0
15:11:30:806,3.9979427346598553,2.1575257803160195,221.88411428099704,0.1941626588604227,-0.02967582474899686,-0.0017007214921616518,221.93061671131565,11,-2,0
15:11:30:933,4.020957309720859,2.111290855736157,222.14039775975203,0.1827494433013443,-0.021827439618858423,7.831067358877569e-05,222.18681770893826,10,-1,0
15:11:31:058,3.8884910862797835,2.1545536387356186,221.08613551682225,0.20688824002129327,-0.016147797611261908,-0.0032525614008217475,221.13082503819535,12,-1,0
15:11:31:175,3.925169348578242,2.141899343450587,220.94272740334316,0.2269545097438034,-0.007785041436934232,-0.0028209778514005435,220.9879713460452,13,0,0
15:11:31:305,3.904817803564966,2.110391501629579,221.63719680688325,0.19259841640065592,0.012362878206920615,-0.00152077168860832,221.6816374054971,11,1,0
15:11:31:424,3.945323199580731,2.155876181879339,221.73898485824236,0.19429824955991346,-0.020055141490156216,-0.003227059269031046,221.7845593886657,11,-1,0
15:11:31:546,3.9668306538484654,2.1404743647250597,223.1291589432761,0.13086328626230279,-0.013543146039179919,-0.0011199624635491229,223.1746825844637,7,-1,0
15:11:31:668,3.9287234726425018,2.128256367218714,220.8578011618186,0.2036831160290242,-0.016950449151130146,-0.002454971370545521,220.90299381702027,12,-1,0
15:11:31:834,3.925378588976046,2.105668076440894,221.00837913629553,0.19833679645871694,-0.00435409222762417,-0.0008752888034029675,221.05326526330137,11,0,0
15:11:31:969,3.9887941960943794,2.10619743712502,222.67433677328734,0.16062482306960313,-0.02488977466235974,0.0010329739654079512,222.7200188672009,9,-1,0
15:11:32:087,3.9913087784910855,2.109988699232319,221.2972949498318,0.19987372615098456,-0.03646031097443736,-0.0016059194330639535,221.34334268323727,11,-2,0
15:11:32:205,3.994418064145516,2.1061893574447086,222.03774674488423,0.1755218845211068,-0.015669180050469293,0.0008491812442423136,222.08366078760935,10,-1,0
15:11:32:330,3.9760762466851944,2.15597675056845,221.50002730932187,0.20016236230682904,-0.039349882526298334,-0.00013916240778542193,221.5462017640988,11,-2,0
15:11:32:449,3.9622609442611494,2.105109572780854,221.34144878314348,0.189630859242496,-0.019102554593733733,0.0007385701150405743,221.3869190975943,11,-1,0
15:11:32:603,3.982952062553882,2.0836709098553654,221.76230247916843,0.1803839167492818,-0.005720225378198536,-0.0005817524860228156,221.80785466807836,10,0,0
15:11:32:741,3.9587114454328654,2.1566709706238143,221.81842167189362,0.19424195118074872,-0.03969546073942617,-0.0016550722621883483,221.8642260910797,11,-2,0
15:11:32:856,3.9373295375468453,2.1179031899979086,221.0889006107831,0.2191474508128901,-0.018748810431103668,0.001931972682013483,221.1340997021811,13,-1,0
15:11:32:980,3.941073817708831,2.156160798491106,221.2480821770033,0.2062888736321243,-0.02538588251423251,-0.001727452372219706,221.29368486070177,12,-1,0
15:11:33:151,3.960950703304971,2.1420138930957195,221.26327995981876,0.2199525667658177,-0.02080385038414253,-0.001227465229243543,221.30909699460923,13,-1,0
15:11:33:272,3.902862369097435,2.1131845461222505,221.05181099504617,0.2118017315555105,-0.0408399040679683,-0.0015855901270479071,221.09636140784337,12,-2,0
15:11:33:395,3.9971252904762187,2.129297222769822,221.82983445707364,0.18317907730896585,-0.02913874921285387,-0.0007492194573488646,221.87606083690812,10,-2,0
15:11:33:521,3.9622609442611494,2.105109572780854,221.34144878314348,0.189630859242496,-0.019102554593733733,0.0007385701150405743,221.3869190975943,11,-1,0
15:11:33:677,3.9390552061951976,2.10944324825897,220.3846055476397,0.21929527441913027,-0.012459429738039662,-0.003472272434248472,220.42989876403752,13,-1,0
15:11:33:800,3.9311790321633513,2.0827372249592107,220.9997258216052,0.19614764873334278,-0.017025707064166555,-0.0023981169023294265,221.04449953834143,11,-1,0
15:11:33:934,3.945204607627114,2.133380310343012,221.1658886150887,0.20620747791155633,-0.03735395487975243,-0.003272562646535641,221.21136100536614,12,-2,0
15:11:34:045,3.920311985296338,2.1345205488979007,221.72954962123114,0.19527090420583754,-0.012582920838578392,-0.0016637521774318204,221.77447598691273,11,-1,0
15:11:34:175,3.9428139712886434,2.094751288955525,222.2819493039227,0.1473453790670203,0.0014283021025613537,-0.0026700665100669063,222.32678370211363,8,0,0
15:11:34:293,3.931896986390672,2.0918100957655508,221.41365383761828,0.20374469722678715,6.59625125277447e-05,0.0013613787556216042,221.45844212653756,12,0,0
15:11:34:418,3.9884539655922273,2.127458361565227,221.10973332966364,0.19646889276084512,-0.03631840116821772,-0.0007053711127331268,221.15593597557088,11,-2,0
15:11:34:535,3.965377453314139,2.155779998186034,221.1928115193729,0.20692738017969636,-0.032074479989509144,-0.0018002684311625588,221.23885615685293,12,-2,0
15:11:34:658,3.9196618372033574,2.0644062769879143,220.92008292493242,0.2042580415457568,0.0030383388139758444,-0.0010774789672784938,220.96449615663036,12,0,0
15:11:34:784,3.9747894004130453,2.0816793001493035,221.7683025833854,0.1763321822213062,-0.02601080402769163,0.0024345580747781345,221.8136884193631,10,-1,0
15:11:34:905,3.9078619663800596,2.1265919626057093,220.51446395821986,0.20838319552551246,-0.026821351007189423,-0.0008874387926695333,220.55934029939596,12,-2,0
15:11:35:034,4.001459182526558,2.1427865103878654,221.56233713813734,0.17396858111667235,-0.048887229164511964,-0.00301835574666924,221.60882754920246,10,-3,0
15:11:35:178,3.9127196223363137,2.087487966016494,221.6425645707912,0.19019539590867418,-0.0057322165146048275,-0.0047397914847013695,221.68692656620198,11,0,0
15:11:35:320,3.9595333282582765,2.0914247609398884,221.84990575486563,0.19307375472523766,0.0010494823665864472,1.3554158392050748e-05,221.8950937834161,11,0,0
15:11:35:485,3.925378588976046,2.105668076440894,221.00837913629553,0.19833679645871694,-0.00435409222762417,-0.0008752888034029675,221.05326526330137,11,0,0
15:11:35:604,3.9567616578144795,2.091752285234316,221.37695449384117,0.2044853226241131,-0.007006403556109715,0.0012912951513553545,221.42219259010096,12,0,0
15:11:35:727,3.9971252904762187,2.129297222769822,221.82983445707364,0.18317907730896585,-0.02913874921285387,-0.0007492194573488646,221.87606083690812,10,-2,0
15:11:35:849,3.991658142577375,2.0981840994499463,222.20614788763285,0.197644045805702,-0.0051118474233928304,0.0004865317011325799,222.25190183731377,11,0,0
15:11:35:971,3.965377453314139,2.155779998186034,221.1928115193729,0.20692738017969636,-0.032074479989509144,-0.0018002684311625588,221.23885615685293,12,-2,0
15:11:36:097,3.926819350911762,2.133456503541281,221.06193810617373,0.20850700586039916,-0.0061547723136138365,-0.0018113176022736051,221.10710532709024,12,0,0
15:11:36:217,3.900195997931487,2.0817900274062375,221.42213817887946,0.18465792671184386,-0.022091955023933046,0.000882769136131239,221.46626978898453,11,-1,0
15:11:36:341,4.019574753269577,2.0980872384537372,222.0739650462301,0.20057471706895402,-0.02222375790278984,-0.0009338590666240763,222.12024874515944,11,-1,0
15:11:36:479,3.922390257265949,2.129118053175338,221.49949596780382,0.1906423140995238,-0.024575467330762046,-0.0023021582216084095,221.5444537852523,11,-1,0
15:11:36:590,3.977999160485138,2.0773225735111924,221.11990144265283,0.1836085519596305,-0.05742196000504614,-0.0015093367294138575,221.16543708365407,11,-3,0
15:11:36:716,3.9954993236682945,2.1345687844897507,222.09341490808282,0.18679835244076928,-0.016704645855988215,-0.00010319344441756171,222.13960777915085,11,-1,0
15:11:36:835,3.925378588976046,2.105668076440894,221.00837913629553,0.19833679645871694,-0.00435409222762417,-0.0008752888034029675,221.05326526330137,11,0,0
15:11:36:963,3.9371633293078134,2.105355861794409,221.39042681112144,0.1889205325480246,-0.011175171954269862,0.0008006944199075007,221.4354417476953,11,-1,0
15:11:37:078,3.907176858447119,1.943265248234013,221.66596640817272,-0.23880282049346876,0.060030972348513255,0.0017269207426979809,221.708914963962,-14,3,0
15:11:37:204,3.9587287321441953,2.134937184406668,221.76159121586844,0.19522376344885606,-0.0022609556947377476,-0.001715169987256059,221.80719742278427,11,0,0
15:11:37:329,3.942411762786579,2.080724671883012,221.06608273789786,0.19066976608338668,-0.02897539453843202,0.0023194765160024374,221.11102406426198,11,-2,0
15:11:37:448,3.984889931339452,2.129579470983271,221.51801968927006,0.19097599497211487,-0.01888087698901484,-0.0022042905917411012,221.5640934437346,11,-1,0
15:11:37:573,3.9669024405647755,2.134915476168744,221.5449913638655,0.20038656391758902,-0.027698897117480182,-0.004838743560120511,221.5907881151168,11,-2,0
15:11:37:694,3.9995544191501047,2.1556479247387865,221.4559144837995,0.20060616212181398,-0.043811330148889854,5.441823614117126e-06,221.50251762312564,12,-2,0
15:11:37:819,3.907416111279818,2.1282483683153464,221.3569292281578,0.19205748947079646,-0.004095828819436446,-0.0038891166224077132,221.40164285547564,11,0,0
15:11:37:944,3.978769201356764,2.134027603339813,222.5268507315986,0.17554615253247555,-0.016222806424592232,-0.0031008080019685478,222.572648756968,10,-1,0
15:11:38:104,3.965377453314139,2.155779998186034,221.1928115193729,0.20692738017969636,-0.032074479989509144,-0.0018002684311625588,221.23885615685293,12,-2,0
15:11:38:229,3.967693472670492,2.1336647535991267,222.36786726621708,0.17870347600563896,-0.03451084447071601,0.0016161255456318899,222.41349668871212,10,-2,0
15:11:38:353,3.965978636280925,2.105003036621197,221.2157354798322,0.19243109066257286,-0.03174477986518908,-0.0008310466794128112,221.26129722165763,11,-2,0
15:11:38:473,3.9647118701791975,2.1278192543870995,221.1449931629522,0.19630079523925215,-0.03160127267503256,-0.0008542315587543116,221.19076507855172,11,-2,0
15:11:38:598,3.9509201411883095,2.082649202673515,221.06654724939946,0.19437414940838432,-0.009389494229653142,-0.0006918768284219544,221.1116584679207,11,-1,0
15:11:38:719,3.960609073893048,2.09309987835305,221.62990899060793,0.2014290125344343,-0.009746540196255477,-0.0016098001865754337,221.67517689295326,12,-1,0
15:11:38:845,3.9631403704239347,2.133193097041347,221.39044927933367,0.20048626087183272,-0.019979563615460213,-0.00020825160486618747,221.43619402999627,11,-1,0
15:11:38:970,3.942466454250431,2.1329200464000277,221.9167247906245,0.1876848885725907,-0.007385544776790626,-0.0016306411451156569,221.96199028542026,11,0,0
15:11:39:133,3.9598285128895903,2.1143509806447565,221.2190132575753,0.2099039616529373,-0.019351754217456704,-0.0002934362494968599,221.26455330345195,12,-1,0
15:11:39:302,3.993421403114448,2.1439074445247,221.9609729438481,0.207599828748501,-0.017923407869124684,-0.001132076420056437,222.00724597141692,12,-1,0
15:11:39:424,3.9098688822909535,2.131714929677863,220.62251074967566,0.2153026482275028,-0.02793159435985356,-0.0018027684726339716,220.66745009789926,12,-2,0
15:11:39:540,3.9692377152111344,2.1328799424416287,221.10221367374012,0.20682852929287987,-0.04384915542623218,-0.0033478851126648116,221.14812437892607,12,-2,0
15:11:39:666,3.9053216909379205,2.140582055043595,220.60881860172364,0.19180674323178196,-0.018607221519819,-5.468220584546513e-05,220.65376605417885,11,-1,0
15:11:39:830,3.9754470420326635,2.1278191132721878,221.45204802758366,0.18914873326582257,-0.03899043666615363,0.0008067446090702356,221.497948904666,11,-2,0
15:11:39:950,3.9386336971683966,2.112701858436013,220.86515261933525,0.21477529091625516,-0.02906902903627745,0.0012743805656490006,220.9103709337915,12,-2,0
15:11:40:076,3.973475406146181,2.1047886505264164,221.68778116889106,0.1809376945866519,-0.026088955846022263,0.002407838758548206,221.73337809552436,10,-1,0
15:11:40:195,3.9754470420326635,2.1278191132721878,221.45204802758366,0.18914873326582257,-0.03899043666615363,0.0008067446090702356,221.497948904666,11,-2,0
15:11:40:320,3.9567616578144795,2.091752285234316,221.37695449384117,0.2044853226241131,-0.007006403556109715,0.0012912951513553545,221.42219259010096,12,0,0
15:11:40:447,3.988745339079686,2.0930500856950847,222.07593294216122,0.1910681405779975,-0.0030640976749408285,0.0013955626123696046,222.12161295149227,11,0,0
15:11:40:565,3.943425746682282,2.1541197955978646,220.81250021473892,0.21255333784617736,-0.04123274595136092,-0.00024049994732343308,220.85821490222511,12,-2,0
15:11:40:688,3.987727334449357,2.081846961696436,221.38951306612122,0.18547580862758592,-0.024332186161185463,0.0009207320240018296,221.43521073153678,11,-1,0
15:11:40:849,3.990411001012508,2.121083392617915,222.1304253797795,0.20158158100962312,-0.005238202001199379,0.00045868860233510184,222.17638995653257,12,0,0
15:11:40:975,3.968469506078042,2.0915725535015675,221.75125808248768,0.19559422127394308,-0.013855635128898576,0.002970300580254819,221.79662731234959,11,-1,0
15:11:41:102,3.966705437471351,2.1537803736858314,220.77348216378445,0.2128535907172201,-0.04526865448242927,-0.00010050900240310965,220.8196185773551,12,-3,0
15:11:41:223,3.9665798106218433,2.133077139869523,221.26194768651192,0.2033367037213893,-0.032147053196195256,-0.0017798474955124017,221.3077795006479,12,-2,0
15:11:41:349,3.9337006737159532,2.132030715245154,220.39050125109895,0.2209915001750374,-0.000844892448398445,-0.001945177807925313,220.43591494507376,13,0,0
15:11:41:470,3.9287825589818492,2.132171204839298,221.0553573648685,0.2066992349998374,-0.05036685448981894,-0.0030956962227382118,221.10054840762436,12,-3,0
15:11:41:590,3.9567616578144795,2.091752285234316,221.37695449384117,0.2044853226241131,-0.007006403556109715,0.0012912951513553545,221.42219259010096,12,0,0
15:11:41:714,3.911449191608714,2.0584708858882768,220.72725912031024,0.1972404279549541,-0.02686478322054285,-0.0008135485647490894,220.7715100639826,11,-2,0
15:11:41:837,3.9088927263520983,2.1561696831405555,221.41208968415344,0.2024220938061703,-0.00592155948403171,-0.004830709884622698,221.45708832266405,12,0,0
15:11:42:003,3.9051971634719984,2.1333717624911883,221.54186913268046,0.19725678238907265,0.006684103261561663,-0.003247253727467075,221.5865555911827,11,0,0
15:11:42:121,4.017221618206331,2.1437057305373535,221.93158317703077,0.20791386725956204,-0.022401481323019688,-0.0009859816654089852,221.97828982865025,12,-1,0
15:11:42:249,3.931816432685993,2.1342663569488076,222.09600971874704,0.1862187152027061,-0.0195353899183526,1.1696755970012277e-05,222.14106285496277,11,-1,0
15:11:42:369,3.9154319935105764,2.131876664813987,222.24466905230145,0.1780645157758804,-0.024886546344248573,9.572005661284626e-05,222.28937992620516,10,-1,0
15:11:42:494,3.943425746682282,2.1541197955978646,220.81250021473892,0.21255333784617736,-0.04123274595136092,-0.00024049994732343308,220.85821490222511,12,-2,0
15:11:42:617,3.90873064594508,2.154252800877134,220.55550454011498,0.2186140143952296,-0.02790099320447647,-0.0018217870041323549,220.60065630758518,13,-2,0
15:11:42:742,3.914764500080511,2.1209315946964495,221.7457503182282,0.21015676323233673,-0.0010749435696787285,-0.0011097703730814877,221.79044505143696,12,0,0
15:11:42:866,3.925169348578242,2.141899343450587,220.94272740334316,0.2269545097438034,-0.007785041436934232,-0.0028209778514005435,220.9879713460452,13,0,0
15:11:42:985,3.9514806848431117,2.1484822798196754,222.2008816964055,0.21049724682380175,-0.010438679525128976,0.001261560184346679,222.24639930124712,12,-1,0
15:11:43:105,3.9880533412586594,2.1666938563222304,221.98743497921882,0.20891405362674406,-0.005476962135653361,0.0004029184942847849,222.03382719840835,12,0,0
15:11:43:232,3.941073817708831,2.156160798491106,221.2480821770033,0.2062888736321243,-0.02538588251423251,-0.001727452372219706,221.29368486070177,12,-1,0
15:11:43:356,3.990411001012508,2.121083392617915,222.1304253797795,0.20158158100962312,-0.005238202001199379,0.00045868860233510184,222.17638995653257,12,0,0
15:11:43:478,3.9655288793023,2.1336984799112764,221.08781618399289,0.2082943943614202,0.0031440837338306007,-0.0018544246890931826,221.1336712341718,12,0,0
15:11:43:598,4.013080628315005,2.0929145908328635,222.05571612912516,0.1912704914723842,-0.008213749013605432,0.0015499515135001679,222.10183739274308,11,0,0
15:11:43:723,3.986019238336658,2.0686472787616084,221.33086879756678,0.2029011529265426,-0.023888064808505895,-9.350001590301095e-05,221.37642406909106,12,-1,0
15:11:43:846,3.9742912416333565,2.1331288091197105,221.7345092532848,0.1923619914678276,-0.02688296449083392,0.0014599055993724437,221.78038196194152,11,-2,0
15:11:43:969,3.9197652548883206,2.0919203529136987,221.00979452946325,0.2130939649214419,0.006694790978573092,-0.0003212471461075579,221.05445023426225,12,0,0
15:11:44:220,3.942466454250431,2.1329200464000277,221.9167247906245,0.1876848885725907,-0.007385544776790626,-0.0016306411451156569,221.96199028542026,11,0,0
15:11:44:349,3.9845126313979193,2.141788357974669,221.23697504746607,0.2201496139815616,-0.024852704142601077,-0.0010861746795759848,221.28321835700342,13,-1,0
15:11:44:464,3.981128211816189,2.143739344124482,221.61905506265418,0.21509413176727274,-0.008699654855863902,-0.002588543466403208,221.66517671271285,12,0,0
15:11:44:583,3.988926089126627,2.1554602379095225,221.1583193444696,0.20715886041499654,-0.03639484176941019,-0.00165606477352552,221.20479143873018,12,-2,0
15:11:44:705,3.9867679048604563,2.1574642181916635,221.55171672711242,0.20180808248065596,-0.022408301736261096,-0.003368446584845795,221.59808698386968,12,-1,0
15:11:44:831,3.960950703304971,2.1420138930957195,221.26327995981876,0.2199525667658177,-0.02080385038414253,-0.001227465229243543,221.30909699460923,13,-1,0
15:11:44:955,3.9858779198759327,2.1294653535515584,221.49674938408478,0.1912988076924897,-0.021721607597768706,-0.0024181917218894684,221.54284423831024,11,-1,0
15:11:45:076,3.9899429191204234,2.060456021298142,221.72154274047352,0.17853852774188617,-0.022141891253657644,-0.00232464333256901,221.76701206159848,10,-1,0
15:11:45:201,3.9995544191501047,2.1556479247387865,221.4559144837995,0.20060616212181398,-0.043811330148889854,5.441823614117126e-06,221.50251762312564,12,-2,0
15:11:45:322,4.000724294069063,2.1328755845332914,221.52577887907825,0.19689048640296214,-0.043821541166405235,2.308206394925167e-05,221.57216806521194,11,-2,0
15:11:45:449,4.018814312180777,2.105926409531219,222.0061545299821,0.17577101108969334,-0.02134084447336447,0.0010086274101668395,222.05251280656213,10,-1,0
15:11:45:564,3.9900586294327316,2.070028548570493,222.15375712743833,0.18681837742056495,-0.002985282880444352,0.0014271015405863479,222.19922905333192,11,0,0
15:11:45:688,3.946357317998652,2.1033635576212535,220.65782791881023,0.2022936845921801,-0.05260551264673611,-0.0008510472094983566,220.70313748604508,12,-3,0
15:11:45:816,3.9954993236682945,2.1345687844897507,222.09341490808282,0.18679835244076928,-0.016704645855988215,-0.00010319344441756171,222.13960777915085,11,-1,0
15:11:45:937,3.965377453314139,2.155779998186034,221.1928115193729,0.20692738017969636,-0.032074479989509144,-0.0018002684311625588,221.23885615685293,12,-2,0
15:11:46:062,4.002023846356199,2.11858350046621,221.41034607058359,0.21357774844073885,-0.05039721541630071,-0.0008245580582715347,221.45664573006346,12,-3,0
15:11:46:181,4.02391394780247,2.143386520338778,222.0744140455298,0.16277995645381452,-0.03400453629011513,-0.0028404071283314658,222.12120871924927,9,-2,0
15:11:46:307,3.9842227342445815,2.1278159861139523,220.46895806206365,0.2120439508230264,-0.048783838778191105,-0.001133802795305456,220.51522192501545,12,-3,0
15:11:46:430,3.9756269120487433,2.0932923367670266,221.69257408452847,0.2003040175344936,0.006300849202882834,-7.454624785790641e-05,221.73809976270456,11,0,0
15:11:46:551,3.9736167545156356,2.105386596073867,221.58304442634602,0.184580333986346,-0.03167002844227623,0.0006935234684988059,221.6286711147245,11,-2,0
15:11:46:677,4.001347905529898,2.384329448396978,223.11006628780032,0.26160470954142423,0.011559569494531432,0.004178285108497389,223.15868231132356,15,1,0
15:11:46:800,3.9863136382795377,2.104813253574049,221.31393287651863,0.1897205912533639,-0.024104736952824203,0.0008913703234389538,221.35983786705157,11,-1,0
15:11:46:925,3.992339400165396,2.0587748607408036,221.32650485491132,0.18436094066090153,-0.036754988820709995,-0.0006241580635915812,221.37208288107246,11,-2,0
15:11:47:045,3.943425746682282,2.1541197955978646,220.81250021473892,0.21255333784617736,-0.04123274595136092,-0.00024049994732343308,220.85821490222511,12,-2,0
15:11:47:166,3.994418064145516,2.1061893574447086,222.03774674488423,0.1755218845211068,-0.015669180050469293,0.0008491812442423136,222.08366078760935,10,-1,0
15:11:47:290,3.961014798781327,2.14720775196206,221.98828836430357,0.21281800698695977,0.0028851852878800585,-0.00017412407634691916,222.034007103145,12,0,0
15:11:47:413,3.9829404773703025,2.1348146431417,221.74231789082316,0.19544227257436286,-0.007196129378571952,-0.001562994227297021,221.78836036185874,11,0,0
15:11:47:539,3.9587287321441953,2.134937184406668,221.76159121586844,0.19522376344885606,-0.0022609556947377476,-0.001715169987256059,221.80719742278427,11,0,0
15:11:47:659,3.994788416128977,2.1141797371651334,221.5212712594553,0.2026948495189116,-0.03115790728427647,0.0015234166313137835,221.56737510485576,12,-2,0
15:11:47:783,3.9631403704239347,2.133193097041347,221.39044927933367,0.20048626087183272,-0.019979563615460213,-0.00020825160486618747,221.43619402999627,11,-1,0
15:11:47:906,4.014486143776216,2.107717944709457,222.35538383106189,0.17107941157181236,-0.004525089618893764,-0.0007238098545536703,222.40160811602033,10,0,0
15:11:48:069,3.942999293130307,2.108889976158247,221.1052909099108,0.20195509205930365,-0.029591229180762107,0.0013742603333125674,221.15050153394057,12,-2,0
15:11:48:192,3.977016120264029,2.1454732933787692,221.94091828340095,0.21104236232517729,0.006515582079125182,-0.004328980757389058,221.98691610397378,12,0,0
15:11:48:318,3.995152817276267,2.019221762991949,222.00072224781442,0.1764819997671437,-0.020338793592291075,-0.0008733808404011173,222.04584927692923,10,-1,0
15:11:48:436,3.9759155219873743,2.108493119200755,221.97599667113496,0.18148600097437143,0.011558046601502685,-0.0023674636838543353,222.02161323982722,10,1,0
15:11:48:560,3.970025862965876,2.1384756542244796,220.22939114387106,0.2365042737862695,-0.028403902456343253,0.00035397622184232754,220.27555222283857,14,-2,0
15:11:48:683,3.973475406146181,2.1047886505264164,221.68778116889106,0.1809376945866519,-0.026088955846022263,0.002407838758548206,221.73337809552436,10,-1,0
15:11:48:807,3.963466133193553,2.0905184093314158,220.7075845161634,0.2171018370365247,-0.001379842754735442,0.0011473312653925978,220.75306836818402,12,0,0
15:11:48:937,3.9900586294327316,2.070028548570493,222.15375712743833,0.18681837742056495,-0.002985282880444352,0.0014271015405863479,222.19922905333192,11,0,0
15:11:49:053,4.0237088289847724,2.0828085721621235,221.93993908563328,0.17475114251772747,-0.03447533231303524,-0.0005342335864866034,221.98618174477286,10,-2,0
15:11:49:176,3.9845126313979193,2.141788357974669,221.23697504746607,0.2201496139815616,-0.024852704142601077,-0.0010861746795759848,221.28321835700342,13,-1,0
15:11:49:298,3.9400963655879346,2.0742097239640627,221.51899398321456,0.2088852591064966,-0.014221306322352398,-0.0010796203873149576,221.5637411687313,12,-1,0
15:11:49:425,3.9682480799385655,2.0923014820389088,222.07837642383882,0.18990932191917034,-0.04650880688451699,-2.7757188164934648e-05,222.12368174817365,11,-3,0
15:11:49:543,3.960950703304971,2.1420138930957195,221.26327995981876,0.2199525667658177,-0.02080385038414253,-0.001227465229243543,221.30909699460923,13,-1,0
15:11:49:667,4.019574753269577,2.0980872384537372,222.0739650462301,0.20057471706895402,-0.02222375790278984,-0.0009338590666240763,222.12024874515944,11,-1,0
15:11:49:791,3.988745339079686,2.0930500856950847,222.07593294216122,0.1910681405779975,-0.0030640976749408285,0.0013955626123696046,222.12161295149227,11,0,0
15:11:49:917,4.014436887293072,2.0698998557894694,222.1327850581652,0.18704791409572546,-0.00823464385558494,0.0015815493131441732,222.17869921896673,11,0,0
15:11:50:036,4.025088566993856,2.059592115741972,222.01983005159957,0.16998436198726055,-0.034542935302820967,-0.0005066936994934216,222.06586453977235,10,-2,0
15:11:50:158,3.960950703304971,2.1420138930957195,221.26327995981876,0.2199525667658177,-0.02080385038414253,-0.001227465229243543,221.30909699460923,13,-1,0
15:11:50:312,3.9816255145502577,2.0932680978712477,221.61781816731428,0.2019983066736709,-0.00917093275859955,-0.0018445384001224859,221.6634666387505,12,-1,0
15:11:50:444,3.9807744158032894,2.091574353119915,221.35872637305468,0.20456416791437387,-0.01160223687825597,0.0014398697371330916,221.40439695210443,12,-1,0
15:11:50:570,4.018612103377404,2.128984932278724,221.9275016099687,0.2211394697628183,-0.023819622658102176,-0.00012636629361761296,221.97409261200266,13,-1,0
15:11:50:709,4.000867261398935,2.0932400953276917,221.66508620196893,0.20084264540060714,-0.0011263959599613676,-0.00013964190308573589,221.71107106742852,12,0,0
15:11:50:814,3.9756269120487433,2.0932923367670266,221.69257408452847,0.2003040175344936,0.006300849202882834,-7.454624785790641e-05,221.73809976270456,11,0,0
15:11:50:939,3.940237189614068,2.091846112003335,221.2179879754269,0.20837724701580929,-0.024851545617871992,-0.0017576738981461687,221.26296457645785,12,-1,0
15:11:51:062,4.020957309720859,2.111290855736157,222.14039775975203,0.1827494433013443,-0.021827439618858423,7.831067358877569e-05,222.18681770893826,10,-1,0
15:11:51:187,3.981962181724258,2.1193517000950024,221.40604151621088,0.21477444398943912,-0.013107985144071011,0.0005021275396510846,221.45198778589338,12,-1,0
15:11:51:305,3.988745339079686,2.0930500856950847,222.07593294216122,0.1910681405779975,-0.0030640976749408285,0.0013955626123696046,222.12161295149227,11,0,0
15:11:51:429,3.962106734992495,2.1194159358477775,221.33043731638898,0.21666411592004123,-0.02082252837230246,-0.0012067495929784402,221.37604363695857,12,-1,0
15:11:51:550,3.988926089126627,2.1554602379095225,221.1583193444696,0.20715886041499654,-0.03639484176941019,-0.00165606477352552,221.20479143873018,12,-2,0
15:11:51:678,3.9598285128895903,2.1143509806447565,221.2190132575753,0.2099039616529373,-0.019351754217456704,-0.0002934362494968599,221.26455330345195,12,-1,0
15:11:51:799,3.993421403114448,2.1439074445247,221.9609729438481,0.207599828748501,-0.017923407869124684,-0.001132076420056437,222.00724597141692,12,-1,0
15:11:51:925,3.965292281592605,2.131351049092086,220.99896996098204,0.2059868520852535,-0.03384290229260435,0.001496044310238862,221.0448165508252,12,-2,0
15:11:52:050,3.9845126313979193,2.141788357974669,221.23697504746607,0.2201496139815616,-0.024852704142601077,-0.0010861746795759848,221.28321835700342,13,-1,0
15:11:52:168,4.021731949002737,2.1572219599965137,221.84495572632966,0.19453747522871195,-0.03448740983845282,-0.0015512662211538276,221.89189330769045,11,-2,0
15:11:52:294,3.9444300502508587,2.1276471961671697,221.68804501238398,0.1832246308033822,-0.01921290134417444,-0.002274128105326986,221.7333414541563,11,-1,0
15:11:52:416,3.9581761798754,2.1195106700248605,221.42560343576758,0.2146248908673657,-0.008896220894945543,0.00035843905823337223,221.47112078337685,12,-1,0
15:11:52:537,3.960930061978977,2.1161692052050154,222.60444190151122,0.18171179702702855,-0.02286003383962816,-0.004319401134353825,222.64973544413706,10,-1,0
15:11:52:661,3.9581761798754,2.1195106700248605,221.42560343576758,0.2146248908673657,-0.008896220894945543,0.00035843905823337223,221.47112078337685,12,-1,0
15:11:52:783,4.019395698777037,2.1290960222687905,221.83854617273516,0.22342414787905826,-0.029984329212261764,-0.0018239274957071333,221.88517111264588,13,-2,0
15:11:52:907,3.9373295375468453,2.1179031899979086,221.0889006107831,0.2191474508128901,-0.018748810431103668,0.001931972682013483,221.1340997021811,13,-1,0
15:11:53:028,3.9754470420326635,2.1278191132721878,221.45204802758366,0.18914873326582257,-0.03899043666615363,0.0008067446090702356,221.497948904666,11,-2,0
15:11:53:152,3.9228961296216616,2.0968586557691875,221.13496721387617,0.21929382988618643,0.004080807416260358,-0.0012178427894154308,221.17969991603698,13,0,0
15:11:53:278,3.9971252904762187,2.129297222769822,221.82983445707364,0.18317907730896585,-0.02913874921285387,-0.0007492194573488646,221.87606083690812,10,-2,0
15:11:53:398,3.990411001012508,2.121083392617915,222.1304253797795,0.20158158100962312,-0.005238202001199379,0.00045868860233510184,222.17638995653257,12,0,0
15:11:53:564,3.921831211655712,2.1314418430430164,221.58513680793268,0.19253003810731767,-0.017601312119018515,-6.294123478674916e-05,221.63008969581102,11,-1,0
15:11:53:683,3.9298498272447304,2.155958872560302,220.90633385541062,0.21379190970482803,-0.018290965350879432,-0.003392498746239513,220.95180518783502,12,-1,0
15:11:53:807,3.9807744158032894,2.091574353119915,221.35872637305468,0.20456416791437387,-0.01160223687825597,0.0014398697371330916,221.40439695210443,12,-1,0
15:11:53:942,3.9298711167649665,2.183450936365983,221.0184271625531,0.22191467479433863,-0.013744589556877806,-0.002638995176640689,221.06414564644965,13,-1,0
15:11:54:052,3.994594303463606,2.121132313092233,222.03206787261564,0.20397666553156077,-0.017838853756267134,-0.0011095101574039264,222.07812848123677,12,-1,0
15:11:54:179,4.040629436616805,2.0995815436494163,222.42010940178852,0.19556176599671635,-0.01200973147602035,-0.0025076311422545824,222.466716600947,11,-1,0
15:11:54:300,3.9807744158032894,2.091574353119915,221.35872637305468,0.20456416791437387,-0.01160223687825597,0.0014398697371330916,221.40439695210443,12,-1,0
15:11:54:427,3.965377453314139,2.155779998186034,221.1928115193729,0.20692738017969636,-0.032074479989509144,-0.0018002684311625588,221.23885615685293,12,-2,0
15:11:54:545,3.9610660398260467,2.1194243203503103,221.9045714550358,0.20353228656334355,-0.0009099757421340523,-0.0009287721820602437,221.95004130719292,12,0,0
15:11:54:668,4.015753601106295,2.0980722518558093,222.1836949181448,0.1979443563085614,-0.009872518626399988,0.0006352460492233026,222.22988654012772,11,-1,0
15:11:54:798,3.9582939181077226,2.156348281725363,221.35384441430466,0.20408835276701998,-0.012432741233015425,-0.00039775208226411064,221.3997343396022,12,-1,0
15:11:54:917,4.013080628315005,2.0929145908328635,222.05571612912516,0.1912704914723842,-0.008213749013605432,0.0015499515135001679,222.10183739274308,11,0,0
15:11:55:041,3.9954993236682945,2.1345687844897507,222.09341490808282,0.18679835244076928,-0.016704645855988215,-0.00010319344441756171,222.13960777915085,11,-1,0
15:11:55:162,3.9648284341487106,2.1032788230294153,220.95691064251696,0.1949677423144156,-0.03355732662283806,0.0024427624427702374,221.0024886896183,11,-2,0
15:11:55:285,3.9351050382955894,2.1468051421771595,221.54282567747805,0.18149982146139865,-0.0027215918380267706,0.0006955918908559938,221.58817078793336,10,0,0
15:11:55:410,3.9631403704239347,2.133193097041347,221.39044927933367,0.20048626087183272,-0.019979563615460213,-0.00020825160486618747,221.43619402999627,11,-1,0
15:11:55:531,4.04043059286732,2.1358972490260473,222.39970325161218,0.1822324339241993,-0.011396567558633806,-0.0015193397387493698,222.4466568479718,10,-1,0
15:11:55:697,3.9697653465205898,2.119579473678885,221.79481783926835,0.20633219221521498,-0.0156695046053966,0.002035177541573988,221.8404671704554,12,-1,0
15:11:55:818,3.9725318743410227,2.1226490861218887,222.033561627821,0.20687424232114499,0.01941307199648206,-0.002752941923536201,222.07924067271765,12,1,0
15:11:55:944,3.960016806416038,2.1120032801407738,221.83881764425828,0.19108747057969352,-0.002170855429709585,-0.0016845863611572038,221.88421148149524,11,0,0
15:11:56:063,4.034673387840966,2.122552027232439,222.42229929402777,0.197740456411178,0.0008139670544298727,-0.0009769017895086287,222.46901590940013,11,0,0
15:11:56:187,3.984268564044643,2.1118876019259387,221.81883771614173,0.1913326447543004,-0.00719763816367466,-0.0015323576380884666,221.86466873067832,11,0,0
15:11:56:309,3.997293660837095,2.1298017946524412,221.72026075142307,0.18678388138181568,-0.03492868487543172,-0.0024607123181960423,221.76651785148837,11,-2,0
15:11:56:435,3.9620324623361096,2.1577715318282356,221.59982592238669,0.2012040832981868,-0.015214648511900679,-0.0033011503602367446,221.6457455672187,12,-1,0
15:11:56:583,3.9760762466851944,2.15597675056845,221.50002730932187,0.20016236230682904,-0.039349882526298334,-0.00013916240778542193,221.5462017640988,11,-2,0
15:11:56:675,4.016242441071141,2.1641104106582163,222.53051643081415,0.19126740207792534,-0.0018570476515383336,-0.0009219760064731145,222.57727718745195,11,0,0
15:11:56:805,4.021731949002737,2.1572219599965137,221.84495572632966,0.19453747522871195,-0.03448740983845282,-0.0015512662211538276,221.89189330769045,11,-2,0
15:11:56:927,4.012364891646517,2.117587253139297,222.23828583196942,0.19277445585233552,-0.0053275627294259555,-0.001776776463354242,222.28458996819936,11,0,0
15:11:57:048,4.013056674435427,2.125475528973792,222.59710958598959,0.15724222184076242,0.005835530191316993,-0.0007912857223341722,222.6434267301273,9,0,0
15:11:57:170,3.99681817214802,2.1114992162038093,222.17332467114232,0.18236518164843823,-0.0166129894334632,-7.470194866754586e-05,222.21930424666095,10,-1,0
15:11:57:296,4.00779973551025,2.13115896987941,222.30229217236678,0.17555973791810298,0.0058727787866898785,-0.000949703035343447,222.3486303136657,10,0,0
15:11:57:418,4.039456468596955,2.1220867063591586,221.81097954795223,0.2110314190217688,-0.02732988583380739,-0.0010875365129603411,221.85790747361943,12,-2,0
15:11:57:539,4.018275022870351,2.098498502152382,221.82554247860637,0.20686528157344156,0.010895497056113214,-0.0012388319621118896,221.8718583463233,12,1,0
15:11:57:667,3.99681817214802,2.1114992162038093,222.17332467114232,0.18236518164843823,-0.0166129894334632,-7.470194866754586e-05,222.21930424666095,10,-1,0
15:11:57:787,4.039366184125971,2.0713934063815715,222.36489860380607,0.18474926173021367,-0.010628074262252703,-0.0015550873281450384,222.41123011416133,11,-1,0
15:11:57:908,4.002046913945412,2.133649783077761,221.4346931791817,0.20022451645110556,-0.010273826361308797,-0.0002524433220937513,221.4811327952261,11,-1,0
15:11:58:034,4.032722630086265,2.131088602104009,222.28475299757397,0.17583313451517613,-0.00024284495766307214,-0.0007843455952844928,222.3315447830867,10,0,0
15:11:58:152,3.994418064145516,2.1061893574447086,222.03774674488423,0.1755218845211068,-0.015669180050469293,0.0008491812442423136,222.08366078760935,10,-1,0
15:11:58:284,3.990411001012508,2.121083392617915,222.1304253797795,0.20158158100962312,-0.005238202001199379,0.00045868860233510184,222.17638995653257,12,0,0
15:11:58:402,3.9589709251234844,1.9362710615062257,221.2200605466642,-0.24558381535696128,0.0777926507515021,0.0034247390648398744,221.2639550055078,-14,4,0
15:11:58:528,3.993526726990817,2.119416719360296,221.76617705628794,0.2066859220133344,-0.0200792513492224,0.002179840346538494,221.8122572562444,12,-1,0
15:11:58:644,4.04043059286732,2.1358972490260473,222.39970325161218,0.1822324339241993,-0.011396567558633806,-0.0015193397387493698,222.4466568479718,10,-1,0
15:11:58:773,3.9697653465205898,2.119579473678885,221.79481783926835,0.20633219221521498,-0.0156695046053966,0.002035177541573988,221.8404671704554,12,-1,0
15:11:58:899,4.04093466217235,2.1569417823830372,221.27413485193483,0.20741498837641162,-0.045966026474765796,-0.0001309962163029072,221.32154053609148,12,-3,0
15:11:59:058,4.0102909179444834,2.12262196278582,222.43565469164733,0.19757303369917792,0.00575780959130044,-0.0011297806816482111,222.4819283342924,11,0,0
15:11:59:185,4.0389208446870635,2.133778510833536,221.01879614380644,0.20997002650070282,-0.007873648769805298,0.0027222934705722775,221.06599499059192,12,0,0
15:11:59:310,4.011580287711404,2.0996550490213304,222.51177653312715,0.19353873964026214,0.005859602696149318,-0.0010975491893940163,222.5578397263461,11,0,0
15:11:59:428,4.035035826519223,2.1104776278197344,222.42548184899204,0.17454712394932645,-0.03592956792855323,0.0018889312769378409,222.47208949819998,10,-2,0
15:11:59:546,4.024153109656813,2.111358632816541,221.99238682602493,0.18646944717713965,-0.034348350606814404,-0.001497891317432098,222.03889625973602,11,-2,0
15:11:59:670,3.9933902103985024,2.1562412494441396,221.67471562737146,0.19639862518097723,-0.023873469875901755,0.001419508156124358,221.72116743823608,11,-1,0
15:11:59:797,3.921602558972667,2.10706122536099,221.72138008612848,0.184589066600545,0.02071629622459701,-0.00390796473361081,221.7660683263682,11,1,0
15:11:59:921,3.853812064122322,1.6967553212216424,224.05097771024984,-0.20248190093245447,0.020486603174102738,0.00031116155121404875,224.0905429931494,-12,1,0
15:12:00:048,3.752397920108283,1.3173341468903144,222.3141782044907,-0.2617243513877385,0.08785033990344153,-0.0023587566804553787,222.34974632354192,-15,5,-1
15:12:00:165,err,err,err,err,err,err,err,err,err,err
15:12:00:289,3.9001552325394844,1.715141009149722,222.65264354054602,-0.15361814632814966,0.00867367323732343,-0.00043107907413600794,222.69340492056028,-9,0,0
15:12:00:410,3.8971302855648875,1.788979154697547,222.9333994520729,-0.13570309189437163,0.023931611218822875,-0.002326964404681392,222.97463681355356,-8,1,0
15:12:00:535,3.884744031861768,1.8184022796580224,222.91656699194425,-0.18728939758662186,0.056852434645744215,-0.0002561924586474701,222.95782933666564,-11,3,0
15:12:00:699,3.9572153793313825,1.8436429309881084,223.83091126389334,-0.13510699694750092,0.03029902537963319,0.0017056390118768369,223.87348081012252,-8,2,0
15:12:00:819,3.9463120540672,1.9317912437117892,223.71433286965222,-0.12843628227069473,0.0013551821848519277,0.002095349084798076,223.75747569087142,-7,0,0
15:12:00:944,3.945469080630126,2.1111706263307046,223.83055883491699,0.0976216505358107,0.006008360743100869,-0.0024199380303232417,223.87528411155824,6,0,0
15:12:01:068,3.8973247422812993,1.9653151277511864,223.48785520309573,-0.1534546450980871,0.05303113007194928,0.0011320524348856335,223.53047449280388,-9,3,0
15:12:01:189,3.8630796750421186,1.7956804889766829,223.03761096071938,-0.19682870970468028,0.064183964542769,0.0006812543376346849,223.0782906426787,-11,4,0
15:12:01:316,3.9089232988306892,1.7187649670582021,223.79869113576106,-0.18972564221080448,0.03633656552154401,-3.007173279429006e-05,223.83942456244813,-11,2,0
15:12:01:480,2.654012460989161,0.019097093890943977,201.90928110808642,-0.8906374783693815,0.050116476584573945,0.16931992087433742,201.92672419574964,-51,7,7
15:12:01:601,3.9185491476647254,2.081252442778566,222.7102999477207,0.15333141866122849,0.016599255655495915,-0.005141670365681648,222.75449342708433,9,1,0
15:12:01:723,3.9107087961621327,2.069065375647989,222.63220328542886,0.17398692975972102,0.03143806377311599,-0.0028990018529241137,222.67616085818796,10,2,0
15:12:01:889,3.904091205939079,2.055805853738502,222.54838544184443,0.19235250443957036,0.041518847549595984,-0.0023702823790877543,222.5921205447855,11,2,0
15:12:02:010,3.8870650558074087,1.9528028885081905,223.12874020717146,0.14910675681300406,0.05400816407997385,-0.00039845446267099946,223.1711393086231,9,3,0
15:12:02:136,3.917791450677852,1.9475342784514662,222.35651711090273,0.1987352353453277,0.09105221303374131,-0.0011144100766830997,222.39955638739013,11,5,0
15:12:02:255,4.450958821680565,-0.05441406519343758,201.981726731483,-0.8988014562509721,-0.025068130304088266,-0.15765564772940147,202.03076975736707,-51,-5,-7
15:12:02:418,3.964966096084459,1.9956937997968733,222.61451240868396,0.20090146045457105,0.05267677111843761,-0.0018420116670819703,222.65876332370516,12,3,0
15:12:02:544,3.959639815372928,1.9814916258012494,222.517825404133,0.2173983093807655,0.05977418793542768,-0.001275345936246279,222.56187382189884,12,3,0
15:12:02:711,3.885184645485734,1.9943316968741889,222.233562793489,0.2066537804444549,0.06391524818885055,-0.0035416118363740165,222.2764685038304,12,4,0
15:12:02:828,3.8798309515341898,1.9215007324149405,222.58645823266556,0.26590659040898984,0.04775204712400383,-0.0015487613247825052,222.6285620531187,15,3,0
15:12:02:996,3.8887795095184714,1.849968436516936,222.3356164137743,0.2601575021141785,0.06565900043527981,0.0009085950383004265,222.37731744803187,15,4,1
15:12:03:121,3.9321301627231993,1.7846325860281755,222.69165272787868,0.2534547082397702,0.07346970763872936,-0.002356784220878811,222.73351511561484,15,4,0
15:12:03:245,3.856091907056288,1.8200453521722573,222.07941433829902,0.2501818770337993,0.0741754872403704,-0.0013691922945853838,222.12034639519524,14,4,0
15:12:03:362,3.910613464263156,1.8925879638020182,223.02858855043465,0.24418516818938416,0.04944502682868876,0.00111305276348134,223.07089926224504,14,3,0
15:12:03:486,3.8931405211362216,1.8608666255411874,223.51650773228786,0.2164942685220425,0.05721406352375212,0.0011953491990282525,223.55815484243305,12,3,0
15:12:03:609,3.8855169951812316,1.7994782905881084,223.3041204832396,0.22852558912291787,0.06101034600588898,-0.001139586019059583,223.3451714034385,13,3,0
15:12:03:730,3.8484828265950997,1.850375173319055,223.24227121434254,0.24353768482741447,0.08622781652783525,-0.0007198269836337278,223.28310810557682,14,5,1
15:12:03:854,3.842506635692545,1.9151427749216219,222.95601504635164,0.24705841271676995,0.0512584961918323,0.000830528747683601,222.99734813320686,14,3,0
15:12:03:982,3.8489555434892817,1.8130935944899342,222.58602445874016,0.2273879597815581,0.0656743745833058,-0.00041002574474507383,222.626683152548,13,4,0
15:12:04:105,2.6379072192888433,-0.13357701172003167,202.15318274017235,-0.8958897942911143,0.04329195282534851,0.17017317251147554,202.17043722883213,-51,6,7
15:12:04:268,2.681647428165471,-0.07640879739758122,202.44008487815356,-0.891391604771454,0.049109076730664135,0.1709416943069201,202.45785990350515,-51,7,7
15:12:04:432,3.866350052308185,1.814528139482706,222.40535549006748,0.23377354738981326,0.06747467436505566,-0.0007046245719594957,222.4463605585833,13,4,0
15:12:04:553,3.8984076054412298,1.7701437079832198,223.45007288417625,0.21147228910157612,0.03933864732386438,-0.0035053387629705455,223.491087210539,12,2,0
15:12:04:675,3.858590802165484,1.61277446081601,223.2618181882264,-0.24632772075315695,0.032594877146997055,0.0015289676984038942,223.30098348451733,-14,2,0
15:12:04:796,2.605291132450694,-0.17513875555396757,202.77627008464168,-0.8897064146563082,0.04465343283034197,0.169014007866236,202.7930815508953,-51,6,7
15:12:04:963,3.8936272913091723,1.5734166433854073,223.70688860951932,-0.24950342491861757,0.017088833660409527,0.0009246353059402217,223.74630272871372,-14,1,0
15:12:05:089,3.8671176066942197,1.7698437716752153,223.35881754288158,0.2128801822782438,0.05522651173749151,-0.0020792903232342685,223.39930241546057,12,3,0
15:12:05:213,3.899333989684593,1.7186231477548017,223.43087613998546,0.2381801835121716,0.036766985105827744,-0.003724269299899004,223.47150799099342,14,2,0
15:12:05:333,3.8962045242356047,1.843917700471283,223.34830012747275,0.22868720676589788,0.040934614692892876,-0.0028080996982638375,223.38989147231445,13,2,0
15:12:05:452,4.44265599917361,-0.21300381498415794,201.59942030269724,-0.8993348061384585,-0.031483516087690996,-0.15735693173262452,201.64847837099038,-51,-5,-7
15:12:05:574,4.44265599917361,-0.21300381498415794,201.59942030269724,-0.8993348061384585,-0.031483516087690996,-0.15735693173262452,201.64847837099038,-51,-5,-7
15:12:05:700,3.871620576154396,1.778807747845954,223.30411429812418,0.23065590530439534,0.04418841408141867,-0.002946592999445164,223.34475831180637,13,3,0
15:12:05:823,4.440219158721862,-0.21290400293380024,201.55537188451052,-0.8993199442953095,-0.028246719508466554,-0.15914069267941727,201.60438688132578,-51,-5,-7
15:12:05:950,3.895882430342907,1.8065429345729584,223.3539507175241,0.2404111054062783,0.042506387750895304,-0.0020454965248870296,223.39523002609454,14,2,0
15:12:06:071,2.654138062560703,-0.12178345046289085,201.86840659763027,-0.8860820174797102,0.04879437936572098,0.16996424005926203,201.88589069652716,-50,6,7
15:12:06:235,3.9168603581488286,1.6945872528994168,223.8954761107576,-0.20368709125339882,0.02723089892499311,0.0030610941729238878,223.9361463540126,-12,2,0
15:12:06:361,2.654550344382963,-0.07982360897804529,201.8516859169401,-0.8898356840619699,0.04667679907961262,0.17093770777518583,201.86915593237728,-51,6,7
15:12:06:479,2.6208998843522417,-0.13370848841004576,202.5322008549176,-0.8943545408375261,0.05218855267006963,0.16787759483313136,202.54920236155056,-51,7,7
15:12:06:605,3.8927532058069625,1.711412992646038,223.98376543334706,-0.2319187289395853,0.03323005383014462,0.0014677605479230633,224.02412736054427,-13,2,0
15:12:06:726,3.9070824796753323,1.8300000739173168,224.06630157444727,0.18794911183123356,0.04249830594482517,-0.004200941815815603,224.1078349701872,11,2,0
15:12:06:849,3.901238087880415,1.852483221924159,222.5372059797879,0.2203605451370696,0.045740129874294405,-0.0027430163822540926,222.57910817953328,13,3,0
15:12:06:974,3.8717024293129083,1.8351267423524038,223.41824324932833,0.21087427772734565,0.04894394735373958,-0.0019332523089482386,223.45932333755442,12,3,0
15:12:07:094,3.901356275049716,1.8303349794476316,223.37293860566777,0.20272455791309282,0.030737050577281832,-0.004145625316966497,223.4145035763195,12,2,0
15:12:07:214,3.8882067424339994,1.8646061912120482,221.84203266688112,0.2170600788125606,0.08877864512909242,-0.0005002910413022461,221.8839389538904,12,5,1
15:12:07:400,2.621451098037984,-0.15576778525311838,202.5094715197809,-0.890892351425506,0.051014148143407406,0.16870047458711043,202.5264978334521,-51,7,7
15:12:07:551,3.9403343740780876,1.8580188423724333,223.40682077258026,0.212897938604828,0.041653875202590125,-0.00341456538611567,223.44929186889348,12,2,0
15:12:07:670,3.8807879295318632,1.7064766604840722,223.2841347704962,-0.21634379812672438,0.03231526816005775,0.001333084400079669,223.3243771238507,-12,2,0
15:12:07:794,3.9015836408100104,1.858335155431987,223.4243159541561,0.21312006593701907,0.03289312103118529,-0.0033858703250459333,223.46610643235974,12,2,0
15:12:07:915,3.8614484151945656,1.682886013303538,223.3639317044398,-0.22870136221832085,0.031502633083938934,0.0022492027012020513,223.40364561855884,-13,2,0
15:12:08:036,3.8862675698304385,1.8289362520824743,223.05439997527384,0.2064745793000247,0.04547363027210755,-0.005939065717403074,223.09574947041895,12,3,0
15:12:08:159,3.910990646590622,1.718009239593723,223.95426466344256,-0.20014537423644932,0.04089676837665029,0.0013115702611073963,223.99500008823483,-11,2,0
15:12:08:287,3.899496617321978,1.6987288160545342,222.84771000747162,-0.22898041338802533,0.01798933158249558,-5.158536925543922e-05,222.8882985018127,-13,1,0
15:12:08:412,3.9373219490966274,1.6994743691053478,223.22752903694322,-0.2478231198533199,-0.006115260822964785,0.0002983959874484471,223.26871799963695,-14,0,0
15:12:08:526,3.890779918707846,1.8579465972269689,223.3387033145103,0.21430854958535292,0.051541509892386934,-0.0019761328317725855,223.3803181395819,12,3,0
15:12:08:655,3.9015836408100104,1.858335155431987,223.4243159541561,0.21312006593701907,0.03289312103118529,-0.0033858703250459333,223.46610643235974,12,2,0
15:12:08:778,3.889630476393764,1.8201517243400047,223.3791395594491,0.18333056013193336,0.055464109577067114,-0.0017019489649298073,223.42041573648177,11,3,0
15:12:08:898,2.6568324383369593,-0.14108006621151203,202.19170718460734,-0.8849381828951614,0.04460153674762112,0.1682429263640983,202.20921125511686,-50,6,7
15:12:09:022,3.9015836408100104,1.858335155431987,223.4243159541561,0.21312006593701907,0.03289312103118529,-0.0033858703250459333,223.46610643235974,12,2,0
15:12:09:142,3.969599038670357,1.6872659970077175,224.01864373278275,-0.24540668715769412,0.0016750343384985627,-0.0004717334632919605,224.0601645160244,-14,0,0
15:12:09:267,3.8963290135496713,1.8719417845579835,223.43368228940466,0.19734301960872078,0.043834315412477,-0.0025424261131324786,223.4754929007412,11,3,0
15:12:09:386,3.8937257600986297,1.8812561243049166,223.29098916223305,0.21795846244836534,0.044738170201558326,-0.0018617962405348847,223.33285935112318,12,3,0
15:12:09:512,4.460305651304869,-0.1930229010426259,201.57185992071203,-0.8996082445510363,-0.02812207140769175,-0.15900905726287765,201.62129425295964,-51,-5,-7
15:12:09:637,4.44050011345126,-0.19303282185467208,201.56748307633046,-0.8996125183599992,-0.028218782183456366,-0.1591480052745867,201.61648131205604,-51,-5,-7
15:12:09:756,4.462746318934164,-0.19311911348916533,201.615919789242,-0.8996221133764739,-0.0313590964951395,-0.15722487506270375,201.66539740907766,-51,-5,-7
15:12:09:883,4.443055938679771,-0.19101268967181864,201.5958202268292,-0.9028319900483295,-0.03291422950774665,-0.15671607323943226,201.6448659521236,-52,-5,-7
15:12:10:002,3.9111712598850894,1.623652024540895,223.7983891844637,-0.22265090598392667,0.03598816300026323,0.0024225936928645242,223.83845180862386,-13,2,0
15:12:10:125,3.871711271522247,1.806413195269791,223.33999054205992,0.24048736265833331,0.04601549714928656,-0.002180119772244301,223.3808511312675,14,3,0
15:12:10:248,4.460244472804736,-0.2719746837344779,201.56939563187726,-0.8991160495959313,-0.028081433380669072,-0.15898757501415392,201.61892025895295,-51,-5,-7
15:12:10:370,3.8905047494335783,1.793063273690307,223.30579270524362,0.21645401621806787,0.05092269686850357,-0.001978226400879817,223.34687855178558,12,3,0
15:12:10:498,4.461242191821437,-0.23011330270314562,201.58739542141043,-0.9028787199239007,-0.029437760817079304,-0.15828038707840617,201.63688558102226,-52,-5,-7
15:12:10:661,4.462746318934164,-0.19311911348916533,201.615919789242,-0.8996221133764739,-0.0313590964951395,-0.15722487506270375,201.66539740907766,-51,-5,-7
15:12:10:783,4.714119692973298,3.2671952105869946,201.63352137913725,0.7768821431459644,-0.03129127018502794,0.1353680333285249,201.715082313581,44,-4,6
15:12:10:906,3.8936186877021584,1.783097713445216,222.63163452176275,0.21112608858804133,0.06447776335456054,-0.0012247087068530409,222.6728191624938,12,4,0
15:12:11:027,3.887480303146143,1.6128823644432109,223.27375658642416,-0.24642402571147892,0.018351448145305857,0.003311341448056574,223.31342161375494,-14,1,0
15:12:11:154,3.8616487913398205,1.6598760202142904,223.13605873804906,-0.22215517812426955,0.022408438214494408,0.003006316499993894,223.17564434530087,-13,1,0
15:12:11:277,2.6208872879654335,-0.13853788954781066,202.52953261506028,-0.8872924729019805,0.05297711904410321,0.16757847664370093,202.5465374283101,-51,7,7
15:12:11:396,4.433404175306729,-0.12145478761780373,201.2689134628338,-0.8906579121371895,-0.020431299340812753,-0.1592894801603498,201.31777206783494,-51,-5,-7
15:12:11:524,4.438622000190498,-0.1207370386150904,201.52613769728163,-0.8898331811556613,-0.014389002990582322,-0.15994087237363372,201.5750483514187,-51,-5,-8
15:12:11:643,2.658799699908693,-0.020335268374516484,201.9923405711015,-0.8889460356198771,0.04629750082542256,0.1741136900936628,202.00983955926313,-51,6,8
15:12:11:767,2.6587325930339563,-0.022464800765428884,202.04361479660187,-0.8857372059090209,0.0483085006388046,0.17308428484467114,202.06110868681824,-50,7,8
15:12:11:888,2.6433061896126966,0.041729187033102286,202.2762400607707,-0.8914589158990889,0.05129359740475252,0.17523591384922618,202.29351473060038,-51,7,8
15:12:12:009,2.6580905164651396,0.05873399909268375,202.04937169996336,-0.8894270354046194,0.049607314975597186,0.17236060151205454,202.06686393178452,-51,7,7
15:12:12:137,2.6571562745872424,0.05656823186954893,202.124957334494,-0.8862989379266664,0.05519747204272663,0.16978886226396647,202.1424301251557,-50,7,7
15:12:12:258,2.6571562745872424,0.05656823186954893,202.124957334494,-0.8862989379266664,0.05519747204272663,0.16978886226396647,202.1424301251557,-50,7,7
15:12:12:382,2.6415028294292955,0.09613321514447301,202.36338442554103,-0.8846139239969675,0.0587287600238172,0.1713722453384426,202.3806466413037,-50,7,7
15:12:12:504,2.6420514112533384,0.0740858806888669,202.34143820259212,-0.881111201332831,0.05759012562224155,0.17218755312512052,202.35870017933703,-50,7,7
15:12:12:625,2.6574569666585495,0.07863304329844235,202.0980926506772,-0.8897642103880689,0.053084432538717884,0.17075286996534048,202.11557909702765,-51,7,7
15:12:12:890,2.6571562745872424,0.05656823186954893,202.124957334494,-0.8862989379266664,0.05519747204272663,0.16978886226396647,202.1424301251557,-50,7,7
15:12:13:010,2.6573152735506826,0.07650658138730049,202.13739874049665,-0.8865890301889872,0.05516908407706559,0.16979982898093776,202.15487910830788,-50,7,7
15:12:13:122,2.6571562745872424,0.05656823186954893,202.124957334494,-0.8862989379266664,0.05519747204272663,0.16978886226396647,202.1424301251557,-50,7,7
15:12:13:243,2.6586124123317934,0.11855882603484251,202.08505830469645,-0.8902983862361149,0.04963329729328208,0.17244370494523917,202.10258055296273,-51,7,7
15:12:13:363,2.6768471085135817,0.056562245498553286,202.11990781898638,-0.8863003237144806,0.05529048382682623,0.16992725457052865,202.13764084525556,-50,7,7
15:12:13:497,2.658186420211452,0.07656250860798444,202.10126235139455,-0.8865386627999315,0.051763181457931164,0.17146691952827173,202.1187573207631,-50,7,7
15:12:13:612,3.8799638493044895,1.968157781456327,222.63830293200476,-0.1841992661268468,0.06056197953643296,0.001492148311340871,222.6808067547981,-11,3,0
15:12:13:735,3.8829994822932115,1.9672730629974946,222.80049295950926,-0.19587141418016715,0.0588500355735728,0.0007257566113886032,222.84301090966306,-11,3,0
15:12:13:856,3.8829994822932115,1.9672730629974946,222.80049295950926,-0.19587141418016715,0.0588500355735728,0.0007257566113886032,222.84301090966306,-11,3,0
15:12:13:985,3.8814431821025335,1.943412216136112,222.70958851032705,-0.199828500424201,0.05893651182747548,0.0007736528596626518,222.75188723478175,-11,3,0
15:12:14:107,2.656720032302558,0.09374049806746736,202.1561607391316,-0.8829834375342833,0.057152944852002084,0.1686778616210711,202.1736389181256,-50,7,7
15:12:14:226,3.8799638493044895,1.968157781456327,222.63830293200476,-0.1841992661268468,0.06056197953643296,0.001492148311340871,222.6808067547981,-11,3,0
15:12:14:377,2.676251482202536,0.07379479544572588,202.13855162930898,-0.8826968684406368,0.05727308050274978,0.16880521956244493,202.15628069012013,-50,7,7
15:12:14:514,2.6584588644657248,0.09382803361228256,202.07049521288567,-0.8829304155246279,0.05045419775429873,0.17212263855631524,202.08800370832208,-50,7,7
15:12:14:637,3.860358409018729,1.9414425145522354,222.56288027274493,-0.19987624274804214,0.04826422384292015,-0.0005636892815534501,222.60482304160345,-11,3,0
15:12:14:761,3.8815406806722796,1.9923744520380984,222.73479102118813,-0.17939746890745864,0.060614799662748624,0.0014346556037899611,222.7775191648951,-10,3,0
15:12:14:880,3.922027230014751,2.147112455457332,223.10004835100764,0.10033793467722596,0.027211102407030525,-0.0018097183804102594,223.1448497360208,6,2,0
15:12:15:004,2.657592876398142,0.09377180613647927,202.107771776867,-0.8829734756587971,0.05387248519017771,0.17045770532225077,202.12526562915994,-50,7,7
15:12:15:128,3.8563101398402613,1.9744789630556892,222.89897335521,-0.1726964990784972,0.07815476443522532,0.002832729321684261,222.9410729719331,-10,4,0
15:12:15:249,2.658186420211452,0.07656250860798444,202.10126235139455,-0.8865386627999315,0.051763181457931164,0.17146691952827173,202.1187573207631,-50,7,7
15:12:15:376,3.850173061622721,2.0205840308362193,222.76582658998885,-0.15739117049294,0.08428612673534537,0.0017541783051566806,222.80825857393862,-9,5,0
15:12:15:496,2.628673724311442,0.07527864067633398,202.9663465587274,-0.8786919058238561,0.060629697384433696,0.1706035349693507,202.98338214696312,-50,7,7
15:12:15:619,2.6925514156571824,0.09348789659186141,201.85363847228112,-0.884551903995529,0.05029738834362983,0.16885782951375855,201.8716174641971,-50,7,7
15:12:15:743,3.9227184493047513,2.1509894215007854,221.52089665139152,0.1481651369993891,-0.02086567707102898,0.0011750332216529501,221.56606718710427,8,-1,0
15:12:15:867,3.925304973958743,2.2037110141425633,221.32976806808733,0.17109869489378493,-0.034287486969552396,-0.0014077550089492223,221.3755419969554,10,-2,0
15:12:15:992,3.9126005441955165,2.0551967143580097,221.5098084047261,-0.21215028125331062,0.03873749398766758,0.0015784088050230989,221.55389298329112,-12,2,0
15:12:16:150,3.910761500585847,2.0077539308030175,221.47640980770908,-0.22901225850819032,0.040366217036742216,0.000867755649521976,221.52003347930727,-13,2,0
15:12:16:274,2.606472888727414,0.13342786291433067,201.17356727786856,-0.8906138474992278,0.05727121540965734,0.17063260913002437,201.19049598630988,-51,7,7
15:12:16:399,3.8934414423941015,1.9948251695392292,221.99183080317326,-0.2200818745362506,0.04809023689663701,-0.0010553599801798276,222.03493229009504,-13,3,0
15:12:16:522,3.9305439043264228,2.167384324470438,221.08031585239954,0.19077972840179902,-0.054182943126382686,-0.0038146594575886347,221.12587543657241,11,-3,-1
15:12:16:647,3.901490936639494,2.00661188446154,221.25164477215392,-0.2210934237323691,0.05189032589736917,-2.770826632794037e-05,221.29513875629289,-13,3,0
15:12:16:809,3.8815339142852125,2.0358797686335337,221.62513017482468,-0.2089772220789273,0.06646616915828375,0.0013143983543441597,221.66846739436815,-12,4,0
15:12:16:932,3.928371494340592,2.1674162068450693,221.2794804570221,0.18593035222811985,-0.04210231632360119,-0.0022285727880370907,221.3249607860371,11,-2,0
15:12:17:061,3.8800223279743498,2.0123865564114922,221.5409845442161,-0.21225563407605685,0.06671436890572777,0.001357196205670642,221.5840971408792,-12,4,0
15:12:17:177,3.8905233687496676,2.038675744783693,221.7670486504865,-0.20469491587687932,0.053590814118709064,0.0029820021625076116,221.8105413140286,-12,3,0
15:12:17:339,3.9189478340880433,2.050496874602273,222.37119123915684,-0.18910679326251362,0.06310791585394665,0.0029445174050688233,222.41517345424236,-11,4,0
15:12:17:465,2.6584414382075674,0.11503758405562568,200.59048628463376,-0.8965604256829158,0.05462047102585862,0.17143834524876833,200.60813476136,-51,7,7
15:12:17:585,3.925304973958743,2.2037110141425633,221.32976806808733,0.17109869489378493,-0.034287486969552396,-0.0014077550089492223,221.3755419969554,10,-2,0
15:12:17:715,3.901495541603106,1.9828466316290414,221.30296098053907,-0.23425356030994932,0.052812713030033466,-0.0007730780393849897,221.34623079460764,-13,3,0
15:12:17:875,2.6704432003635894,0.13376786452711031,201.35085258682514,-0.8891253178585682,0.05797032080956061,0.17435609606145547,201.36860479769268,-51,7,7
15:12:17:996,3.921851846254187,2.2034470709803027,221.48925036704975,0.16657514258333486,-0.020988188781326984,0.0001712770306087021,221.53492756009427,10,-1,0
15:12:18:123,3.922990379616036,2.144418511234497,221.95851096393062,0.16737927419960882,-0.05106059256726057,-0.0020546810805928653,222.0035336961896,10,-3,0
15:12:18:244,3.9045687526751274,2.053433159078137,221.4182672445923,-0.2148871825029862,0.05137316680418923,-9.34009740043795e-05,221.46221193350542,-12,3,0
15:12:18:367,3.8905233687496676,2.038675744783693,221.7670486504865,-0.20469491587687932,0.053590814118709064,0.0029820021625076116,221.8105413140286,-12,3,0
15:12:18:491,3.9336018833352013,2.0651415730632943,222.03219906619674,-0.19998083776634162,0.06005785591692575,-0.0001250176735964848,222.0766432015411,-11,3,0
15:12:18:612,err,err,err,err,err,err,err,err,err,err
15:12:18:737,3.9222149081793183,2.1807882244083054,221.78360004176673,0.15794122128849267,-0.05652446364783703,-0.0028099679201717314,221.82899912895073,9,-3,0
15:12:18:860,2.6668252164687196,0.17042291328366935,201.2419309949544,-0.8867017734123087,0.055777124656854346,0.17134489006295742,201.25967254093044,-51,7,7
15:12:18:983,3.8665222331226206,2.018412515358286,221.88864401682432,-0.20597761228852185,0.05859529668446104,-4.803934843375259e-05,221.93150818864447,-12,3,0
15:12:19:107,2.6689158287372177,0.1508953933879212,201.40084821417213,-0.8856240074973839,0.06335365645404416,0.17156883521024058,201.4185878773571,-50,7,7
15:12:19:224,3.910761500585847,2.0077539308030175,221.47640980770908,-0.22901225850819032,0.040366217036742216,0.000867755649521976,221.52003347930727,-13,2,0
15:12:19:354,3.8800223279743498,2.0123865564114922,221.5409845442161,-0.21225563407605685,0.06671436890572777,0.001357196205670642,221.5840971408792,-12,4,0
15:12:19:482,3.9077198480547266,2.0232128463537884,222.11146341546572,-0.1983224383513558,0.07649325467729046,0.0013304064988056924,222.1550491102831,-11,4,0
15:12:19:600,3.932787471650715,2.1791409354545466,222.31447998281163,0.14114328045540278,-0.021436332065783752,-0.004117389289412467,222.35994127212234,8,-1,0
15:12:19:748,3.910761500585847,2.0077539308030175,221.47640980770908,-0.22901225850819032,0.040366217036742216,0.000867755649521976,221.52003347930727,-13,2,0
15:12:19:884,3.8800223279743498,2.0123865564114922,221.5409845442161,-0.21225563407605685,0.06671436890572777,0.001357196205670642,221.5840971408792,-12,4,0
15:12:20:007,3.8905233687496676,2.038675744783693,221.7670486504865,-0.20469491587687932,0.053590814118709064,0.0029820021625076116,221.8105413140286,-12,3,0
15:12:20:131,3.8999800087892336,2.1681771085256183,221.7151476277162,0.17735567142489966,-0.05821964508537034,-0.0038230149596812204,221.7600449215838,10,-3,-1
15:12:20:253,2.6581513497325506,0.14921970570327905,200.58085379126481,-0.8894427454236669,0.05528045512600382,0.1709746260087468,200.59852178605755,-51,7,7
15:12:20:474,3.9630500660433183,2.1689231345645625,221.7582110880668,0.17759609465593576,-0.05258548159313692,-0.003716725941204465,221.804224888457,10,-3,0
15:12:20:582,3.8800223279743498,2.0123865564114922,221.5409845442161,-0.21225563407605685,0.06671436890572777,0.001357196205670642,221.5840971408792,-12,4,0
15:12:20:704,3.8800223279743498,2.0123865564114922,221.5409845442161,-0.21225563407605685,0.06671436890572777,0.001357196205670642,221.5840971408792,-12,4,0
15:12:20:827,3.8723386832472446,2.0326129424263866,221.4537317214485,-0.2139151810623313,0.07878603192078537,-0.00032757869244647383,221.49691152611308,-12,4,-1
15:12:20:948,3.935894094600163,2.224834802567527,221.166234051637,0.1738876997842818,-0.021507655253079606,-0.003048514891160769,221.21244141504812,10,-1,0
15:12:21:075,3.955830328646178,2.228037424426023,221.9465228316295,0.1610176410529473,-0.03070177879482872,-0.0013323555814413817,221.99295426072584,9,-2,0
15:12:21:197,3.9077198480547266,2.0232128463537884,222.11146341546572,-0.1983224383513558,0.07649325467729046,0.0013304064988056924,222.1550491102831,-11,4,0
15:12:21:318,3.8723386832472446,2.0326129424263866,221.4537317214485,-0.2139151810623313,0.07878603192078537,-0.00032757869244647383,221.49691152611308,-12,4,-1
15:12:21:442,3.9182344356095,2.0470932362027994,222.27036024153554,-0.19796267261991526,0.05210672012725186,-0.0014865489635176546,222.31431846309874,-11,3,0
15:12:21:563,2.6691312212566407,0.17078847102483152,201.41198455530508,-0.8859105398674135,0.063421842545028,0.1716296384580191,201.42974197641365,-50,7,7
15:12:21:692,3.8800223279743498,2.0123865564114922,221.5409845442161,-0.21225563407605685,0.06671436890572777,0.001357196205670642,221.5840971408792,-12,4,0
15:12:21:811,3.9189478340880433,2.050496874602273,222.37119123915684,-0.18910679326251362,0.06310791585394665,0.0029445174050688233,222.41517345424236,-11,4,0
15:12:21:932,3.9189478340880433,2.050496874602273,222.37119123915684,-0.18910679326251362,0.06310791585394665,0.0029445174050688233,222.41517345424236,-11,4,0
15:12:22:140,3.942334695203885,2.204891206671853,221.82371018821837,0.16121033134605864,-0.010320745522361386,-0.001384863995601511,221.86969587969637,9,-1,0
15:12:22:262,2.6415244269169897,0.1125729213360005,200.8692784691109,-0.8912833217263069,0.06358947949780633,0.17038139680578454,200.88667789742016,-51,7,7
15:12:22:387,3.9570511737655525,2.204680679944075,222.03426648674505,0.15561374344617485,-0.03028695940097845,-0.001306424826438762,222.08046822086635,9,-2,0
15:12:22:507,3.9578109662582603,2.1683882603095546,222.1541472942184,0.16666637615045896,-0.02656580270045062,-0.0005456785335247583,222.19998050250447,10,-2,0
15:12:22:630,3.9440598761350407,2.0364096836835035,222.72644130802837,-0.17746198896900528,0.06358152127027358,-0.0003674186169852927,222.77066734748752,-10,4,0
15:12:22:754,3.9077198480547266,2.0232128463537884,222.11146341546572,-0.1983224383513558,0.07649325467729046,0.0013304064988056924,222.1550491102831,-11,4,0
15:12:22:876,3.9278879389489,2.2038815079750607,221.1350609150257,0.17637072666391568,-0.04703202883917201,-0.0029812789104963835,221.1809226928359,10,-3,0
15:12:23:001,3.9278879389489,2.2038815079750607,221.1350609150257,0.17637072666391568,-0.04703202883917201,-0.0029812789104963835,221.1809226928359,10,-3,0
15:12:23:121,3.8588064681149423,2.0066695300448916,222.63792895039836,-0.2049719481012754,0.053925926938588234,-0.0010737140926849612,222.68040892113478,-12,3,0
15:12:23:246,3.951714579747345,2.145728061961702,221.7418690886963,0.17491948574356844,-0.03290059834191878,-0.003751476637242246,221.78745840102005,10,-2,0
15:12:23:369,3.836808161953581,2.0301730533032,222.70792169818426,-0.20140340328688275,0.05723176415503322,-0.00120404853491042,222.75022129421683,-12,3,0
15:12:23:494,3.8661282301762148,2.0113289248282316,221.69778886973612,-0.22629080073199856,0.04714689036901039,-0.0022938924531785525,221.74061869956552,-13,3,0
15:12:23:617,3.8979481141355286,2.1390224783647924,221.86862869967325,0.1591867971049386,-0.047144764988943884,-0.0012556927335136765,221.91317630491642,9,-3,0
15:12:23:739,3.898829883200736,2.162384222606026,221.57286846360526,0.16980583753335804,-0.059766778764446596,-0.0028718382340432507,221.617717746516,10,-3,0
15:12:23:862,3.7889812118448765,1.9794034712149606,222.10914485187462,-0.19866170396026364,0.0432649528646099,-0.0005931311836185128,222.1502794136361,-11,2,0
15:12:23:987,3.7889812118448765,1.9794034712149606,222.10914485187462,-0.19866170396026364,0.0432649528646099,-0.0005931311836185128,222.1502794136361,-11,2,0
15:12:24:106,3.7889812118448765,1.9794034712149606,222.10914485187462,-0.19866170396026364,0.0432649528646099,-0.0005931311836185128,222.1502794136361,-11,2,0
15:12:24:233,3.8480090256180195,2.1133442888132463,221.8822477311645,0.15092012291053514,-0.037402007456267025,-0.002725059899468919,221.9256750711331,9,-2,0
15:12:24:354,3.7974154901849606,1.9812392352196504,222.19528922503136,-0.19541532113683668,0.029531811951873436,0.0010869991588744773,222.23656815903993,-11,2,0
15:12:24:477,3.845583491514693,2.1260315158566,222.07855004885306,0.17109809222845895,-0.029664770273045225,-0.005336261033719544,222.1220180760961,10,-2,0
15:12:24:597,3.899919227463346,2.138158675969003,222.84667428001578,0.13333815744976105,-0.024645842307126513,-0.004173794856547524,222.89105260231466,8,-1,0
15:12:24:720,3.884306618458487,2.1370246464048064,221.35821502738898,0.16708669370803864,-0.005179283538829495,-0.006098469300539339,221.40260629079623,10,0,0
15:12:24:846,3.8728759611823493,2.1106083589664606,221.35973328065396,0.15825039875580027,-0.02274390960730678,-0.005231071202558793,221.40367059725523,9,-1,0
15:12:24:966,3.870153563979335,2.150835840384115,221.61564575892643,0.14557687627787746,-0.0077779670310752745,-0.003611534222166795,221.6598714891061,8,0,0
15:12:25:093,3.893493099342065,2.1620450379160747,222.8691405718426,0.13684245012078547,-0.009761977647965017,-0.0026452133427863093,222.9136324823862,8,-1,0
15:12:25:214,3.8916688040781975,2.1859817547754505,222.77483888306742,0.14347458237308927,-0.00929348314263748,-0.0026975922228169896,222.8195513003504,8,-1,0
15:12:25:336,3.8605994349408124,2.221650774424143,222.09827323490507,0.14469600841945043,0.020848397057581163,-0.006757514916596114,222.14293356775298,8,1,0
15:12:25:460,3.9018264386031296,2.1841600329439728,222.60786930849486,0.14385043951359322,0.004589736017397605,-0.004330229195536634,222.65277515152246,8,0,0
15:12:25:583,3.881259313208108,2.044490612937001,221.8755359615656,-0.18652121621208478,0.02352751619294117,0.0007573628461990377,221.91889864082043,-11,1,0
15:12:25:748,3.88275498359042,2.1823110864604964,222.3402396705534,0.14681939588679693,-0.00674710524837264,-0.002752605636094338,222.384847605901,8,0,0
15:12:25:969,3.8892129624572895,2.2112532052118303,221.71695203932012,0.17590987273860792,0.0007130199856084504,-0.003908350298154438,221.76208521704308,10,0,0
15:12:26:082,3.83807923797431,2.1959013573858384,221.97736473435552,0.13973991980055922,0.022736557218305226,-0.00355610166255844,222.02140277328544,8,1,0
15:12:26:209,3.8676055127982996,2.0487013502047624,222.54443882904667,-0.20570149890366393,0.028572879584385303,-0.0009211219555336677,222.58747225160775,-12,2,0
15:12:26:336,3.886238198606906,2.2349831348613924,222.2075873072926,0.16796792562619872,-0.02013470631426035,-0.005345201382431147,222.25280617773421,10,-1,0
15:12:26:459,3.8829999486320506,2.247164840115296,222.32955489825835,0.1460565496708808,-0.009665156048722636,-0.004480285660647809,222.37481516502132,8,-1,0
15:12:26:622,3.897984546746894,2.2246319784644144,222.75825646014349,0.1335911937275062,0.01646851545907849,-0.004435916385683223,222.80346517083018,8,1,0
15:12:26:741,3.8832033268839172,2.1943113150902596,221.7424291583271,0.14238333577481033,0.014411760960847996,-0.002088821136071285,221.7872835833046,8,1,0
15:12:26:866,3.8695342216587956,2.0972714059776183,222.57294770851868,-0.18650616978432918,0.02677724480280213,-0.00021301237591501176,222.61646141761824,-11,2,0
15:12:26:991,3.8490789332112247,2.2357698833359745,221.87247090681007,0.17767186767364213,-0.004624853208647719,-0.006964248034654371,221.91711836155994,10,0,0
15:12:27:110,3.8435360187457426,2.1840666410431604,221.9339793518274,0.16030327327484,0.010318785390771024,-0.004414275489168457,221.97800365612187,9,1,0
15:12:27:250,3.88275498359042,2.1823110864604964,222.3402396705534,0.14681939588679693,-0.00674710524837264,-0.002752605636094338,222.384847605901,8,0,0
15:12:27:384,3.867775764985144,2.1956320514711636,222.5737845035817,0.12409680496677523,-0.008850153738311405,-0.0002588302519455813,222.61821587129944,7,-1,0
15:12:27:511,3.903950306006656,2.160104736480281,222.71018399167107,0.1367580136382302,0.0039030549703806647,-0.004265466000085884,222.75487185260016,8,0,0
15:12:27:632,3.8752026332731218,2.0360303648833424,221.8536554322316,-0.22139138937297992,0.034481659519570704,-0.0006406913379453734,221.89683874210328,-13,2,0
15:12:27:756,3.8555837737907614,2.2347682764202035,221.19629989239675,0.1920600486712698,0.0019518680540403168,-0.007110554236514394,221.24118694667396,11,0,0
15:12:27:923,3.8829999486320506,2.247164840115296,222.32955489825835,0.1460565496708808,-0.009665156048722636,-0.004480285660647809,222.37481516502132,8,-1,0
15:12:28:041,3.871544913983098,2.249595579749606,222.42074550212246,0.1487436663938085,-0.023468412369332413,-0.0028672618792995237,222.46581213753575,9,-1,0
15:12:28:165,3.8555837737907614,2.2347682764202035,221.19629989239675,0.1920600486712698,0.0019518680540403168,-0.007110554236514394,221.24118694667396,11,0,0
15:12:28:287,3.840239941646628,2.2247529569929076,222.07130023246944,0.1512564024803204,0.020645285222747934,-0.004518261301356058,222.11564410340088,9,1,0
15:12:28:412,3.8408331818006674,2.0500426388517896,221.2866302152013,-0.22234381800658085,0.04636978361740098,0.001727116900390605,221.32945440304772,-13,3,0
15:12:28:535,3.9066309681860623,2.2365968018134494,222.53282409376834,0.1630478491814282,-0.009580782445000728,-0.00691646111340841,222.57835009255396,9,-1,0
15:12:28:658,3.892465615524812,2.2171393195602938,222.0452603550167,0.13730447933736334,-0.03736157952393762,-0.004866654162156165,222.0904424811152,8,-2,0
15:12:28:781,3.886238198606906,2.2349831348613924,222.2075873072926,0.16796792562619872,-0.02013470631426035,-0.005345201382431147,222.25280617773421,10,-1,0
15:12:28:904,3.9117127563564775,2.2250420683663665,221.20166485550737,0.17339046281473372,-0.015987953250666508,-0.0032054566605710963,221.24743805012173,10,-1,0
15:12:29:025,3.8787767809437423,2.193029207253333,222.44314343838556,0.12204520090845049,0.004759099452749406,-0.0018565124770869672,222.48776674048943,7,0,0
15:12:29:153,3.8823416736466436,2.217739474663577,222.25614025253228,0.13285475834907937,-0.009891866198473386,-0.0034928019300657495,222.3011084659762,8,-1,0
15:12:29:274,3.8753424495025297,2.060074885299929,221.79502482088364,-0.20758673978009126,0.03323744186319108,0.00011217486179263591,221.83844396977352,-12,2,0
15:12:29:400,3.8768877233546366,2.083811548157207,221.88448465406717,-0.2038332986732084,0.03324189890619993,7.354062773620032e-05,221.92813489773823,-12,2,0
15:12:29:518,3.8829999486320506,2.247164840115296,222.32955489825835,0.1460565496708808,-0.009665156048722636,-0.004480285660647809,222.37481516502132,8,-1,0
15:12:29:682,3.90595067746305,2.220016747625231,221.85898204560752,0.14741724709613113,0.012010456945344897,-0.005278551510658396,221.90446782200604,8,1,0
15:12:29:805,3.897984546746894,2.2246319784644144,222.75825646014349,0.1335911937275062,0.01646851545907849,-0.004435916385683223,222.80346517083018,8,1,0
15:12:29:927,3.923945206907844,2.2355515755845197,222.26343079966537,0.1675429211763328,-0.007477476485888159,-0.005413582274091633,222.3093063901544,10,0,0
15:12:30:055,3.88275498359042,2.1823110864604964,222.3402396705534,0.14681939588679693,-0.00674710524837264,-0.002752605636094338,222.384847605901,8,0,0
15:12:30:175,3.8928782109293465,2.1827404234138714,221.58277080515677,0.16623514074331677,-0.01127614614674122,-0.004510964549013958,221.62771301038092,10,-1,0
15:12:30:338,3.9323223658191195,2.224892774350005,222.69792663646524,0.1356716688626974,-0.00415655863654763,-0.00135239787964159,222.74375375131518,8,0,0
15:12:30:462,3.86779284957601,2.0730565621149983,222.47470269207278,-0.19119342814994558,0.026878981144285777,-0.00016772314554292184,222.5179784263805,-11,2,0
15:12:30:654,3.8505253496980316,2.2125928380254614,221.9569104676131,0.17277750051108853,-0.004687587877430627,-0.006927959149288242,222.00133381775788,10,0,0
15:12:30:832,3.90624540757218,2.206870658955317,221.58388244121159,0.17124899735558743,-0.03342727647874515,-0.002959638858885181,221.62929857988138,10,-2,0
15:12:30:952,3.83807923797431,2.1959013573858384,221.97736473435552,0.13973991980055922,0.022736557218305226,-0.00355610166255844,222.02140277328544,8,1,0
15:12:31:075,3.872960307296285,2.082853947876685,221.8430422644913,-0.2056820807842685,0.03742938724037068,-0.001674515499761488,221.88662308322003,-12,2,0
15:12:31:197,3.8768877233546366,2.083811548157207,221.88448465406717,-0.2038332986732084,0.03324189890619993,7.354062773620032e-05,221.92813489773823,-12,2,0
15:12:31:322,3.911001525035363,2.2076571292237905,221.7960526263824,0.16731612738031817,-0.00012837060423273968,-0.006125186838504812,221.84151695202146,10,0,0
15:12:31:446,3.9076492320589606,2.1962197591767145,221.9569486140295,0.14080579435479743,0.012012783885364406,-0.005222558258477574,222.00220751560633,8,1,0
15:12:31:573,3.901417615008568,2.2249518213782493,221.97347223117075,0.15414635055110107,-0.010574937195651533,-0.0014629796874882138,222.0189042500131,9,-1,0
15:12:31:690,3.9066309681860623,2.2365968018134494,222.53282409376834,0.1630478491814282,-0.009580782445000728,-0.00691646111340841,222.57835009255396,9,-1,0
15:12:31:857,3.9078755543076285,2.212432931165013,221.71969639771606,0.1784479421387725,-0.03302045514488403,-0.0039004978028528378,221.76516886454067,10,-2,0
15:12:31:983,3.8478871159611163,2.207297802572588,221.8080525778535,0.1663883141349859,-0.0035461671737417907,-0.006003456107601404,221.85240721530664,10,0,0
15:12:32:105,3.8829999486320506,2.247164840115296,222.32955489825835,0.1460565496708808,-0.009665156048722636,-0.004480285660647809,222.37481516502132,8,-1,0
15:12:32:226,3.8829999486320506,2.247164840115296,222.32955489825835,0.1460565496708808,-0.009665156048722636,-0.004480285660647809,222.37481516502132,8,-1,0
15:12:32:350,3.890966498704147,2.186441846861022,221.68679072637752,0.17110118508559213,-0.006758503956701013,-0.006115980996495367,221.73171476088947,10,0,0
15:12:32:472,3.9059426685903187,2.207693346691942,222.4599342010265,0.15108864267356792,-0.009730121632626907,-0.005934463896842043,222.50517437302076,9,-1,0
15:12:32:599,3.8928782109293465,2.1827404234138714,221.58277080515677,0.16623514074331677,-0.01127614614674122,-0.004510964549013958,221.62771301038092,10,-1,0
15:12:32:815,3.8829999486320506,2.247164840115296,222.32955489825835,0.1460565496708808,-0.009665156048722636,-0.004480285660647809,222.37481516502132,8,-1,0
15:12:32:925,3.8659960884836058,2.0964620084806076,222.54163848369762,-0.18815789804594882,0.030370219390428773,-0.0019692024895260414,222.58508920796547,-11,2,0
15:12:33:050,3.9042679359864882,2.2246808156056814,222.72751422712355,0.13447896075628932,0.0016992664082975141,-0.00599448764169334,222.77283969694514,8,0,0
15:12:33:209,3.929230677018048,2.2139794592883573,222.0779190826818,0.17271324517015332,-0.023296200709359154,-0.0054585269387938985,222.12371035720957,10,-1,0
15:12:33:332,3.8888856738753645,2.247173873631945,221.6603509825105,0.1628476726084198,-0.001598694175414089,-0.004656815777662777,221.70585111785513,9,0,0
15:12:33:457,3.849467900380812,2.1839369478044817,221.89505187235395,0.16102672369773713,-0.0037733287947396437,-0.005961230040998477,221.9391854295737,9,0,0
15:12:33:577,3.867281939808758,2.2493891986255616,221.4489876131854,0.17259133127545678,-0.008451684914397128,-0.004687681499150232,221.4941754003333,10,0,0
15:12:33:700,3.944187186186978,2.207806940973216,221.65129235474487,0.17123920153504446,-0.021058955855968148,-0.003027658360238396,221.69737577738007,10,-1,0
15:12:33:825,3.8752026332731218,2.0360303648833424,221.8536554322316,-0.22139138937297992,0.034481659519570704,-0.0006406913379453734,221.89683874210328,-13,2,0
15:12:33:952,3.90595067746305,2.220016747625231,221.85898204560752,0.14741724709613113,0.012010456945344897,-0.005278551510658396,221.90446782200604,8,1,0
15:12:34:072,3.892467391141398,2.2344314933392444,221.55022571672595,0.18288740368299966,-0.012334962636831693,-0.0055027388335961444,221.5956824977006,10,-1,0
15:12:34:193,3.8823416736466436,2.217739474663577,222.25614025253228,0.13285475834907937,-0.009891866198473386,-0.0034928019300657495,222.3011084659762,8,-1,0
15:12:34:313,3.911001525035363,2.2076571292237905,221.7960526263824,0.16731612738031817,-0.00012837060423273968,-0.006125186838504812,221.84151695202146,10,0,0
15:12:34:441,3.8555837737907614,2.2347682764202035,221.19629989239675,0.1920600486712698,0.0019518680540403168,-0.007110554236514394,221.24118694667396,11,0,0
15:12:34:562,3.9042679359864882,2.2246808156056814,222.72751422712355,0.13447896075628932,0.0016992664082975141,-0.00599448764169334,222.77283969694514,8,0,0
15:12:34:685,3.845319181024735,2.1604977371640652,222.02819308002273,0.15436449841988634,0.010000425126615304,-0.004361126611916708,222.07199902836942,9,1,0
15:12:34:806,3.9292079184423163,2.1852067327663565,221.44782067452653,0.17435886352389046,-0.0007089879803348939,-0.003109432478007422,221.4934560767621,10,0,0
15:12:34:930,3.8610534959438296,2.18607516240485,222.15045639152075,0.15896619162676676,0.022665665297016416,-0.006023650713979336,222.19476126514593,9,1,0
15:12:35:055,3.896535016052791,2.1953284298398485,222.65633692694146,0.12126749225462982,0.016969495920987718,-0.003446093172666319,222.70125016660742,7,1,0
15:12:35:177,3.8614351349745912,2.174494128303092,221.52338296694853,0.15167014846458768,0.04286685185995669,-0.005313946628703758,221.56770592109532,9,2,0
15:12:35:303,3.8633168692971185,2.214448663014362,222.2447096000701,0.16934613035948048,0.020450345507473468,-0.006976928341672238,222.28931585960945,10,1,0
15:12:35:422,3.8823416736466436,2.217739474663577,222.25614025253228,0.13285475834907937,-0.009891866198473386,-0.0034928019300657495,222.3011084659762,8,-1,0
15:12:35:545,3.886238198606906,2.2349831348613924,222.2075873072926,0.16796792562619872,-0.02013470631426035,-0.005345201382431147,222.25280617773421,10,-1,0
15:12:35:670,3.8207914438737856,2.0820958034993438,221.86202189844067,-0.21077304677698816,0.05915183025604595,-0.0019891705127902197,221.9046874923031,-12,3,0
15:12:35:792,3.8832033268839172,2.1943113150902596,221.7424291583271,0.14238333577481033,0.014411760960847996,-0.002088821136071285,221.7872835833046,8,1,0
15:12:35:914,3.8829999486320506,2.247164840115296,222.32955489825835,0.1460565496708808,-0.009665156048722636,-0.004480285660647809,222.37481516502132,8,-1,0
15:12:36:042,3.8888856738753645,2.247173873631945,221.6603509825105,0.1628476726084198,-0.001598694175414089,-0.004656815777662777,221.70585111785513,9,0,0
15:12:36:164,3.9540587163900773,2.2209990564506796,221.34986520847852,0.16218304828234556,-0.010541185847970896,-0.003679150332560677,221.3963194024531,9,-1,0
15:12:36:286,3.8954929534950584,2.2349089008003276,221.20949957440877,0.19197559428778238,0.010353403679626472,-0.005644909337300711,221.2550844276939,11,1,0
15:12:36:409,3.8574149009528007,2.262546062884149,221.28638855381632,0.20131302416505775,0.004083305297759516,-0.004846903148229196,221.33157145693278,12,0,0
15:12:36:535,3.9269185901308274,2.26434795073775,221.98292825586034,0.18779632529989854,0.018535487598023852,-0.004806937484820158,222.02920618310998,11,1,0
15:12:36:655,3.925536006646296,2.2575992027870035,221.1206320055309,0.1961086143260046,0.03358376905342633,-0.004203366156871321,221.16699682734156,11,2,0
15:12:36:783,3.9066009047456496,2.2727560191101532,220.89298032738924,0.18963674191116647,-0.014192909784838725,-0.0015925737436947524,220.93921269993638,11,-1,0
15:12:36:900,3.9160211773240117,2.2499590348910266,222.18035526273056,0.1554197606380115,0.0005783011208553349,-0.007560356397759309,222.22625362947804,9,0,0
15:12:37:023,3.9491339757718302,2.2365443009240518,221.43844189807228,0.18965222663401932,0.0013791831448171214,-0.004113401361748274,221.4849460794447,11,0,0
15:12:37:211,3.9188171389630027,2.1970184611203583,220.81309584824,0.17076409549573754,-0.0011702312195707926,-0.0021997762216148307,220.85879497083914,10,0,0
15:12:37:376,3.900526094539375,2.1962937307208934,221.9475991980533,0.14123000280099718,0.026914664668695992,-0.0036871695081284895,221.99273546615325,8,2,0
15:12:37:502,3.90595067746305,2.220016747625231,221.85898204560752,0.14741724709613113,0.012010456945344897,-0.005278551510658396,221.90446782200604,8,1,0
15:12:37:643,3.8634193532479264,2.226240574298129,221.55143726579612,0.16712764847188846,0.038926619641458236,-0.006304947521559009,221.5963030168457,10,2,0
15:12:37:763,3.8832033268839172,2.1943113150902596,221.7424291583271,0.14238333577481033,0.014411760960847996,-0.002088821136071285,221.7872835833046,8,1,0
15:12:37:886,3.9305007023620417,2.2497016167553565,221.44178939697957,0.17330886690269948,-0.005272486539107576,-0.004806219421444948,221.48809467886068,10,0,0
15:12:38:008,3.8768877233546366,2.083811548157207,221.88448465406717,-0.2038332986732084,0.03324189890619993,7.354062773620032e-05,221.92813489773823,-12,2,0
15:12:38:140,3.8888856738753645,2.247173873631945,221.6603509825105,0.1628476726084198,-0.001598694175414089,-0.004656815777662777,221.70585111785513,9,0,0
15:12:38:259,3.912568964231703,2.218181991699475,221.5716090499964,0.15100365556672352,-0.0069407505183216155,-0.003522803447994711,221.61725218099022,9,0,0
15:12:38:377,3.9088174287878195,2.1942545367627617,221.734714465559,0.1424543838388881,0.007177816473201904,-0.0019108992064073634,221.78001985252567,8,0,0
15:12:38:499,3.8832033268839172,2.1943113150902596,221.7424291583271,0.14238333577481033,0.014411760960847996,-0.002088821136071285,221.7872835833046,8,1,0
15:12:38:622,3.887442708061498,2.218323838353784,221.596338551127,0.15064597149816344,-5.978353799457424e-05,-0.003695761006895471,221.64153588785194,9,0,0
15:12:38:744,3.9030826475035845,2.225057758282274,222.0468139991861,0.15242763690885458,0.024308396860785886,-0.004643073059819254,222.09226133156932,9,1,0
15:12:38:871,3.900526094539375,2.1962937307208934,221.9475991980533,0.14123000280099718,0.026914664668695992,-0.0036871695081284895,221.99273546615325,8,2,0
15:12:38:993,3.8832033268839172,2.1943113150902596,221.7424291583271,0.14238333577481033,0.014411760960847996,-0.002088821136071285,221.7872835833046,8,1,0
15:12:39:198,3.9305514103657995,2.1704459423327203,222.7360011495394,0.11285850841569736,0.03781418554720076,-0.003497555380369891,222.78125207940127,6,2,0
15:12:39:318,3.885102348303807,2.1989633160239923,221.06629562976732,0.16841041139201368,0.026595952022868543,-0.003924558920443327,221.11136678920354,10,2,0
15:12:39:439,3.9024970558455565,2.1722253998224152,222.0533907098114,0.133869525457485,0.026747391055746517,-0.003615724776358033,222.09830339780325,8,2,0
15:12:39:564,3.9024970558455565,2.1722253998224152,222.0533907098114,0.133869525457485,0.026747391055746517,-0.003615724776358033,222.09830339780325,8,2,0
15:12:39:686,3.8856741390818375,2.1981199913626184,221.4577956868976,0.15709714896013102,0.03622155573727414,-0.005197967412433213,221.50278884364243,9,2,0
15:12:39:810,3.9540587163900773,2.2209990564506796,221.34986520847852,0.16218304828234556,-0.010541185847970896,-0.003679150332560677,221.3963194024531,9,-1,0
15:12:39:973,3.9540587163900773,2.2209990564506796,221.34986520847852,0.16218304828234556,-0.010541185847970896,-0.003679150332560677,221.3963194024531,9,-1,0
15:12:40:097,3.9540587163900773,2.2209990564506796,221.34986520847852,0.16218304828234556,-0.010541185847970896,-0.003679150332560677,221.3963194024531,9,-1,0
15:12:40:222,3.9540587163900773,2.2209990564506796,221.34986520847852,0.16218304828234556,-0.010541185847970896,-0.003679150332560677,221.3963194024531,9,-1,0
15:12:40:343,3.9246440051531795,2.1978548339283535,221.50934495635596,0.15529890385307185,0.010470085187094441,-0.0022647933640040263,221.5550119032113,9,1,0
15:12:40:463,3.9556624713760344,2.195458266997513,222.63807790554227,0.12194845703183164,0.028506233807217788,-0.0033902657710547478,222.6840385749816,7,2,0
15:12:40:632,3.859757153578103,2.197984730648819,221.43226967532735,0.1575030758886565,0.042935966296680804,-0.005376168856484685,221.47681349461317,9,2,0
15:12:40:750,3.9267187796938523,2.196249825065199,221.95884591089853,0.14083881596865758,0.01926551600291102,-0.003500149615250954,222.00444119829427,8,1,0
15:12:40:873,3.950060148158439,2.1977026049040904,221.50166971653732,0.15518728620507496,0.003605569403721323,-0.002087971737996314,221.5477884320393,9,0,0
15:12:41:043,3.900801622971769,2.2193397656134892,221.16086181290763,0.1635351569382386,-0.0008242617188167906,-0.005200088098579885,221.2063934883552,9,0,0
15:12:41:161,3.9225693990101984,2.2085289986439283,221.38258467068962,0.17908157269593994,0.00918550440796211,-0.003334482951906883,221.42834720627565,10,1,0
15:12:41:284,3.9225693990101984,2.2085289986439283,221.38258467068962,0.17908157269593994,0.00918550440796211,-0.003334482951906883,221.42834720627565,10,1,0
15:12:41:410,3.8543094629209382,2.162052423418997,221.4182131930591,0.17230382266739427,0.05312494596096538,-0.0048191048350917295,221.46231125346034,10,3,0
15:12:41:531,3.9540587163900773,2.2209990564506796,221.34986520847852,0.16218304828234556,-0.010541185847970896,-0.003679150332560677,221.3963194024531,9,-1,0
15:12:41:655,3.9104578142386783,2.1989714363365196,221.07435916255375,0.1682072096391168,0.020319797713267522,-0.003752647644930142,221.11987571186037,10,1,0
15:12:41:777,3.950060148158439,2.1977026049040904,221.50166971653732,0.15518728620507496,0.003605569403721323,-0.002087971737996314,221.5477884320393,9,0,0
15:12:41:901,3.9540587163900773,2.2209990564506796,221.34986520847852,0.16218304828234556,-0.010541185847970896,-0.003679150332560677,221.3963194024531,9,-1,0
15:12:42:022,3.955635778360861,2.197649593809307,221.43544578395722,0.15676068855534364,-0.010753635573935563,-0.0036377748079840923,221.4816772730604,9,-1,0
15:12:42:143,3.9246440051531795,2.1978548339283535,221.50934495635596,0.15529890385307185,0.010470085187094441,-0.0022647933640040263,221.5550119032113,9,1,0
15:12:42:270,3.94735269021473,2.208448285127486,221.37177995641255,0.1791866744730649,0.003411307788112308,-0.0031705817260565517,221.4179843602578,10,0,0
15:12:42:391,3.8870410046453103,2.184423346559012,220.78901527569755,0.18858855649827377,0.017155461966361328,-0.0018540789486793147,220.83403283810443,11,1,0
15:12:42:517,3.9184409407821756,2.184562251302117,221.88007266100337,0.16256764522761458,0.03271175891836003,-0.0030353918398764433,221.9254224636924,9,2,0
15:12:42:641,3.9246440051531795,2.1978548339283535,221.50934495635596,0.15529890385307185,0.010470085187094441,-0.0022647933640040263,221.5550119032113,9,1,0
15:12:42:802,3.8614351349745912,2.174494128303092,221.52338296694853,0.15167014846458768,0.04286685185995669,-0.005313946628703758,221.56770592109532,9,2,0
15:12:42:928,3.8452777063557755,2.172438752112164,221.36848666573795,0.15136639556310635,0.030023038727387676,-0.0036952195289002136,221.41253925523205,9,2,0
15:12:43:049,3.8401352648118463,2.1717501317005663,222.08579388677248,0.13214078323474776,0.022422439591195203,-0.0034833883468653494,222.12960852575367,8,1,0
15:12:43:173,3.8452777063557755,2.172438752112164,221.36848666573795,0.15136639556310635,0.030023038727387676,-0.0036952195289002136,221.41253925523205,9,2,0
15:12:43:298,3.881259313208108,2.044490612937001,221.8755359615656,-0.18652121621208478,0.02352751619294117,0.0007573628461990377,221.91889864082043,-11,1,0
15:12:43:416,3.8691267925892197,2.196087268098791,221.2815007308711,0.15740373689114948,0.023436623793582495,-0.0035806499129534077,221.326219655812,9,1,0
15:12:43:544,3.9493631365108426,2.2207482114180452,221.9843610585018,0.14595745202894217,-0.021549179949215947,-0.0034726911949922524,222.03059641939856,8,-1,0
15:12:43:663,3.8888149420150273,2.226393708106442,221.56771316120697,0.16699175795209145,0.032902377577128945,-0.006136619921140073,221.61302133693232,10,2,0
15:12:43:786,3.925973435598728,2.247952924154103,221.21985268111442,0.17532561636926333,0.037195917372451266,-0.003167432889696803,221.26610626126228,10,2,0
15:12:43:911,3.9546397824335027,2.27142383630313,220.73616325038765,0.19068792479279795,0.009120469564230899,-0.0032936935037682436,220.78326999244013,11,1,0
15:12:44:034,3.924096240959733,2.2078344212388203,221.82359454377496,0.16693320429206784,0.0185599864475303,-0.004611957566853118,221.86928620352342,10,1,0
15:12:44:157,3.958179638028333,2.2234413746008292,221.61066328781865,0.1605168776021211,0.031727400494095795,-0.0022336641223153074,221.65716085987415,9,2,0
15:12:44:277,3.9330876592329256,2.248687745122361,221.9281329365903,0.15913842024479555,0.003522135376046654,-0.006067237704322873,221.97437231318207,9,0,0
15:12:44:402,3.946825757889518,2.2443861899171953,221.3307311734261,0.16595331327640475,0.004066354496934023,-0.0021830498292275046,221.3772961816456,10,0,0
15:12:44:527,3.9466132748509253,2.2563063777404175,220.69203847529727,0.16302438380181608,0.02416879812531313,-0.0015421415513221868,220.73885593885265,9,1,0
15:12:44:645,3.94163528032315,2.2213177380693834,221.4234639634469,0.16092888845828285,0.018489449933115375,-0.0006106234676402636,221.46968445985652,9,1,0
15:12:44:774,3.892800835016988,2.2501285380160843,221.0695846186165,0.183266400576273,0.009799921124094998,-0.006428137076026759,221.11530526000757,10,1,0
15:12:44:893,3.92863866953518,2.225094470512681,222.0494645643034,0.1524178457323794,0.017594191303783143,-0.004468778988057495,222.09536231198595,9,1,0
15:12:45:058,3.9371016584040945,2.2365092439673204,221.46330087556316,0.18902349127704812,0.027754584332151017,-0.001038846631863939,221.50958529546114,11,2,0
15:12:45:182,3.9471987443406307,2.2205344311444986,220.7358176364007,0.17628805927979496,0.025458604266653577,-0.0007970208847381514,220.7822736061425,10,1,0
15:12:45:304,3.9079663109716076,2.2238774789031437,221.21700108033866,0.1710620146521469,0.025016896756903582,-0.00710134127181958,221.26269319229445,10,1,0
15:12:45:429,3.9550532213967844,2.249515791158009,221.41713079069083,0.1735824349007201,-0.011081547703450156,-0.0046431507306517504,221.46387645586952,10,-1,0
15:12:45:551,3.9422021426652125,2.2594224157910254,221.39740490222903,0.19293096527310896,0.01452029267243367,-0.0026073143203273405,221.44402643744573,11,1,0
15:12:45:672,3.967367339568062,2.250292583712192,221.0315319909383,0.18452531296303842,0.03439490628881659,-0.00333376593291618,221.07858773427282,11,2,0
15:12:45:796,3.94955068630643,2.249830075160741,222.06271333731982,0.15824228740517796,-0.02021829324341064,-0.004463123874464867,222.10922840063057,9,-1,0
15:12:45:917,3.9316560771024993,2.2198968970571626,221.8500704157958,0.1474131681022349,0.004610198806259617,-0.00509674330926758,221.89601079162225,8,0,0
15:12:46:044,3.9540587163900773,2.2209990564506796,221.34986520847852,0.16218304828234556,-0.010541185847970896,-0.003679150332560677,221.3963194024531,9,-1,0
15:12:46:164,3.93973674238666,2.2314947644580108,221.3160606797312,0.18319029303412568,0.017366560422280873,-0.0016776397593271557,221.3623721622028,10,1,0
15:12:46:285,3.9540587163900773,2.2209990564506796,221.34986520847852,0.16218304828234556,-0.010541185847970896,-0.003679150332560677,221.3963194024531,9,-1,0
15:12:46:413,3.93973674238666,2.2314947644580108,221.3160606797312,0.18319029303412568,0.017366560422280873,-0.0016776397593271557,221.3623721622028,10,1,0
15:12:46:537,3.928619447924487,2.242952637363388,221.0821350788904,0.16924107306106986,0.027043609991490372,-0.0038056098831416507,221.12841368386108,10,2,0
15:12:46:663,3.9155477551601177,2.255461233055482,221.76364742773404,0.13406204234648264,0.034580657588560264,-0.002787979348328936,221.80967954543618,8,2,0
15:12:46:783,3.9314926129072485,2.271089047391083,221.1741643912045,0.17923613433942337,0.023750113100672078,-0.004737809264815321,221.22076185063207,10,1,0
15:12:46:902,3.946825757889518,2.2443861899171953,221.3307311734261,0.16595331327640475,0.004066354496934023,-0.0021830498292275046,221.3772961816456,10,0,0
15:12:47:044,3.9491339757718302,2.2365443009240518,221.43844189807228,0.18965222663401932,0.0013791831448171214,-0.004113401361748274,221.4849460794447,11,0,0
15:12:47:330,3.9491339757718302,2.2365443009240518,221.43844189807228,0.18965222663401932,0.0013791831448171214,-0.004113401361748274,221.4849460794447,11,0,0
15:12:47:493,3.8645256937760624,2.248124693296735,221.23317989436427,0.1753529722578629,0.030763160536749712,-0.003261541481898187,221.2783507477553,10,2,0
15:12:47:613,3.93973674238666,2.2314947644580108,221.3160606797312,0.18319029303412568,0.017366560422280873,-0.0016776397593271557,221.3623721622028,10,1,0
15:12:47:733,3.9462447428483114,2.230008612768798,220.63735656005278,0.19667765122645323,0.02288981758790942,-0.0018307599654448427,220.68391172849766,11,1,0
15:12:47:855,3.9113364893562896,2.257220725999646,220.28262739309702,0.21555050854006477,0.03214836919909855,-0.004361757573180623,220.328912151231,12,2,0
15:12:47:980,3.9230389847297604,2.243649421169615,221.7697213617806,0.15346173086619333,0.019879020871700036,-0.003620836803931884,221.81576479250214,9,1,0
15:12:48:098,3.924096240959733,2.2078344212388203,221.82359454377496,0.16693320429206784,0.0185599864475303,-0.004611957566853118,221.86928620352342,10,1,0
15:12:48:258,3.9316036506739933,2.222771603997409,221.9282242073512,0.15128433148826095,0.04894920940773124,-0.003705769520563726,221.97417624736866,9,3,0
15:12:48:380,3.9230389847297604,2.243649421169615,221.7697213617806,0.15346173086619333,0.019879020871700036,-0.003620836803931884,221.81576479250214,9,1,0
15:12:48:501,3.8928631398361486,2.2428567891609217,221.09732631889534,0.16871431188347177,0.013606008695229644,-0.0037175294231832482,221.14296845110465,10,1,0
15:12:48:672,3.937265806278663,2.1858694542406187,222.16137249581732,0.15830389027199165,0.009481312859751727,-0.0014039373013461293,222.2070105026517,9,1,0
15:12:48:797,3.892660824186289,2.271281408372802,220.73127141704828,0.19060892838041676,0.0033739047669362173,-0.00338889372145367,220.77727625123651,11,0,0
15:12:48:920,3.94848209155366,2.2726631008511955,221.40853756982557,0.17657829990451895,0.002589214582604821,-0.0031339969578749556,221.45540412734601,10,0,0
15:12:49:037,3.9037109267765793,2.207338362244424,220.69848639245055,0.19325552873814889,0.02527694659717734,-0.00021061525709463783,220.74404453475964,11,1,0
15:12:49:164,3.9147648325384616,2.2314746609891802,221.31386419307034,0.18323068370481027,0.023063541639316596,-0.0018422516769628992,221.35973289405078,10,1,0
15:12:49:286,3.9426124681130132,2.185414139431569,221.4736516850564,0.1741022591263896,0.017216918890335726,-0.0015947451173276908,221.51952198112977,10,1,0
15:12:49:452,3.9253598586496077,2.2720952826697722,221.86504262867763,0.16400899183041878,0.017652908016630768,-0.0045720879197790965,221.9113967501858,9,1,0
15:12:49:571,3.885403273523592,2.2299637086488513,221.04635503400843,0.18675109630471073,0.026316533961742234,-0.0032203401813837057,221.0917460480167,11,2,0
15:12:49:693,3.9546397824335027,2.27142383630313,220.73616325038765,0.19068792479279795,0.009120469564230899,-0.0032936935037682436,220.78326999244013,11,1,0
15:12:49:839,3.9184409407821756,2.184562251302117,221.88007266100337,0.16256764522761458,0.03271175891836003,-0.0030353918398764433,221.9254224636924,9,2,0
15:12:49:981,3.9490147002370084,2.2576939138473717,220.71578926661468,0.20603456633621522,0.01944408769054027,-0.0027481461399802226,220.7626588227637,12,1,0
15:12:50:108,3.9406816806217333,2.207151798278537,220.67665946628057,0.19344140950340505,0.036053140933573924,-0.0002729495583597478,220.72287721114319,11,2,0
15:12:50:237,3.9490147002370084,2.2576939138473717,220.71578926661468,0.20603456633621522,0.01944408769054027,-0.0027481461399802226,220.7626588227637,12,1,0
15:12:50:362,3.93973674238666,2.2314947644580108,221.3160606797312,0.18319029303412568,0.017366560422280873,-0.0016776397593271557,221.3623721622028,10,1,0
15:12:50:485,3.93973674238666,2.2314947644580108,221.3160606797312,0.18319029303412568,0.017366560422280873,-0.0016776397593271557,221.3623721622028,10,1,0
15:12:50:594,3.93973674238666,2.2314947644580108,221.3160606797312,0.18319029303412568,0.017366560422280873,-0.0016776397593271557,221.3623721622028,10,1,0
15:12:50:716,3.926482352528304,2.236144281015798,221.9053240462487,0.1774625319843619,0.01581793207077329,-0.005556296596636456,221.9513244947659,10,1,0
15:12:50:884,3.9189864383402586,2.162196088314918,221.5560136817174,0.16914987753192987,0.02319171760671103,-0.0017154022495608106,221.60122008951475,10,1,0
15:12:51:002,3.9225693990101984,2.2085289986439283,221.38258467068962,0.17908157269593994,0.00918550440796211,-0.003334482951906883,221.42834720627565,10,1,0
15:12:51:129,3.9316560771024993,2.2198968970571626,221.8500704157958,0.1474131681022349,0.004610198806259617,-0.00509674330926758,221.89601079162225,8,0,0
15:12:51:248,3.870740049292988,2.2559100104977303,220.43636749400994,0.20934349974688116,0.03217366957876127,-0.004433326176414357,220.48189012356292,12,2,0
15:12:51:374,3.9546397824335027,2.27142383630313,220.73616325038765,0.19068792479279795,0.009120469564230899,-0.0032936935037682436,220.78326999244013,11,1,0
15:12:51:500,3.9252039533563563,2.2484419494689813,220.82025101512104,0.18608004104047068,0.027614110541526293,-0.001883388403618486,220.86657958065237,11,2,0
15:12:51:623,3.9729935857713046,2.273199500818094,220.98612278813695,0.18800569888234567,0.02084323345743661,-0.004893335793427103,221.03352365407525,11,1,0
15:12:51:748,3.923210233685059,2.248075901436048,220.72378039866197,0.1878304913582778,-0.014742534319305394,-0.004741084031365501,220.77009004227241,11,-1,0
15:12:51:865,3.9104578142386783,2.1989714363365196,221.07435916255375,0.1682072096391168,0.020319797713267522,-0.003752647644930142,221.11987571186037,10,1,0
15:12:51:991,3.977698412635422,2.2046270853198684,221.88763397471058,0.15905181821368683,1.2618432849862017e-05,-0.006137439355743877,221.93423479973148,9,0,0
15:12:52:188,3.935349664507227,2.1990505115970014,222.28956117483375,0.1383990155105784,-0.021761425670308324,-0.00023631301903704092,222.3352689238364,8,-1,0
15:12:52:323,3.9485587671783264,2.1885207035559615,221.82423660609103,0.17188747397471643,0.05292475213538363,-0.004802980280163122,221.8701707870682,10,3,0
15:12:52:440,3.930201119083481,2.1754539663796084,221.9358748159334,0.18577227159125673,0.014441310652970664,-0.0023268042282085914,221.9813316725304,11,1,0
15:12:52:567,3.869229877882203,2.1875813535001423,221.28002897578372,0.1831335362691497,0.025978987646045344,-0.0017612825842359826,221.3246657640078,10,1,0
15:12:52:683,4.321667057915391,0.13060079858808002,201.48094219756504,-0.8848734871371184,-0.017018573492456616,-0.1569434589138467,201.5273280018038,-51,-5,-7
15:12:52:809,3.8098129019697002,2.09398249267419,223.04572613157384,0.1710625067986099,-0.04820135951076737,-0.0011402125702310148,223.0880888406835,10,-3,0
15:12:52:954,3.765885507735735,2.0959559697010155,223.64632006687074,0.16118993236977963,-0.06819846502504097,0.000499434936864956,223.6878436673247,9,-4,0
15:12:53:100,3.7862887367538627,2.1157704176089784,223.72485686048142,0.15451922707878046,-0.025114543414954418,-0.0012022122439180587,223.7668966672707,9,-1,0
15:12:53:221,4.2865681072949835,0.09827088019223587,202.49914319285332,-0.8881831901673264,-0.017573212028398493,-0.1548479885413896,202.54453168906852,-51,-5,-7
15:12:53:341,3.7389280128790534,2.153215120777623,223.13157383039223,0.15662039476414533,-0.03339562950637734,0.0011512705989338166,223.17328504565597,9,-2,0
15:12:53:468,3.7597909530573137,2.126594601209622,223.13079646112246,0.1897298872771177,-0.03083229652389147,0.000995894701800038,223.1726030721142,11,-2,0
15:12:53:588,3.735462331862724,2.1269863292051623,223.16133467076608,0.18974014776083428,-0.025583440632532664,0.0008390585946094923,223.20273081150924,11,-1,0
15:12:53:708,3.7906450463578993,2.1520647474714574,224.2787308602976,0.1260935973684362,-0.05428583031572077,0.0016765156526354064,224.32108569827,7,-3,0
15:12:53:883,3.7637311683642833,2.1526261988459225,223.08588732073358,0.15662074132566667,-0.04006496176822214,0.001322306065220084,223.1280183964773,9,-2,0
15:12:54:019,3.8605202271455497,2.1597155110574557,222.8801053926859,0.17512762442512908,-0.028452385879728547,-0.0030483392036377574,222.92399908347167,10,-2,0
15:12:54:167,err,err,err,err,err,err,err,err,err,err
15:12:54:335,err,err,err,err,err,err,err,err,err,err
15:12:54:492,err,err,err,err,err,err,err,err,err,err
15:12:54:613,err,err,err,err,err,err,err,err,err,err
15:12:54:732,err,err,err,err,err,err,err,err,err,err
15:12:54:907,3.9423364204613223,1.9395734628123953,220.47575545288757,-0.2977682289902044,0.02165511221897496,5.1391562898467445e-05,220.51952907665847,-17,1,0
15:12:55:024,3.8984062754656694,2.0174822040714884,220.7752635379632,-0.2419844353776244,0.040602513052783465,0.001001092476239833,220.81889592195103,-14,2,0
15:12:55:146,3.962091148196035,2.0797544803057293,220.4831616834926,-0.23477931996495213,0.029465771806290238,0.0005289144720897856,220.5285653399897,-13,2,0
15:12:55:271,4.020815668568915,2.1716362967326535,221.71106521518024,0.18355834977748559,0.0010030405506958261,-0.00237218374891097,221.75815520899295,11,0,0
15:12:55:401,3.9749507075378814,2.164480996945458,221.30638492607878,0.17988448067571186,-0.043950506827992446,5.004105862827366e-05,221.35266255494474,10,-3,0
15:12:55:524,3.9876365758441925,2.1018005865565477,221.8696112948575,0.17115461530763093,-0.009922032976776227,-0.00012970236194766125,221.91539655305087,10,-1,0
15:12:55:694,4.01508868924368,2.157610116177717,221.74286780228323,0.1974156251919736,0.008772664339390356,-0.004686000205591431,221.7897104010391,11,1,0
15:12:55:810,3.9861974926164243,2.106666517879907,221.59119745973152,0.18691472249561686,-0.01898279451163424,-0.002176130150442219,221.63706054246754,11,-1,0
15:12:55:935,3.993421403114448,2.1439074445247,221.9609729438481,0.207599828748501,-0.017923407869124684,-0.001132076420056437,222.00724597141692,12,-1,0
15:12:56:051,3.984889931339452,2.129579470983271,221.51801968927006,0.19097599497211487,-0.01888087698901484,-0.0022042905917411012,221.5640934437346,11,-1,0
15:12:56:172,4.013080628315005,2.0929145908328635,222.05571612912516,0.1912704914723842,-0.008213749013605432,0.0015499515135001679,222.10183739274308,11,0,0
15:12:56:485,3.9567616578144795,2.091752285234316,221.37695449384117,0.2044853226241131,-0.007006403556109715,0.0012912951513553545,221.42219259010096,12,0,0
15:12:56:657,3.9798179488239724,2.1361081296331825,222.50954869972085,0.2210723810645488,0.01925699970749173,-0.004348113132641147,222.55538899653882,13,1,0
15:12:56:887,3.9048398789127208,2.2852647785420293,222.37631888151245,0.21756883275561442,0.0017747649429490486,0.001986946584464791,222.42234017490262,12,0,0
15:12:57:049,3.986809246174705,2.0980386739171286,222.26673242410413,0.19599154493650775,0.007533571523721143,0.002051629014873994,222.31238552255908,11,0,0
15:12:57:211,3.920311985296338,2.1345205488979007,221.72954962123114,0.19527090420583754,-0.012582920838578392,-0.0016637521774318204,221.77447598691273,11,-1,0
15:12:57:421,3.91956192674839,2.140710583929051,221.4408517503191,0.21334673770854626,-0.01876954798402286,-0.0010875683056629623,221.4858831424896,12,-1,0
15:12:57:565,3.9231262687186286,2.157162282925585,221.55393747663013,0.20125443866846582,-0.025021844099249107,-0.003253918710347154,221.5991685007724,12,-1,0
15:12:57:685,3.941073817708831,2.156160798491106,221.2480821770033,0.2062888736321243,-0.02538588251423251,-0.001727452372219706,221.29368486070177,12,-1,0
15:12:57:814,3.9910263172910247,2.1295753558484187,222.43708785353678,0.1695412807912435,-0.03848673985938823,-0.0005803867074444135,222.48308123321107,10,-2,0
15:12:57:932,3.9342331977131306,2.1061097236861532,222.17252981434308,0.17218071879018018,0.01465874269378409,-0.0022103677696449927,222.21734156705088,10,1,0
15:12:58:054,3.924390362947011,2.134359347161222,221.62472772850415,0.19748441419300114,-0.025166871917856486,-0.0032296981604803764,221.6697459516684,11,-1,0
15:12:58:222,3.9564230951961767,2.105379700186085,221.98314868910956,0.1753689065587723,-0.027691374573184026,0.0009122900004021031,222.0283860440405,10,-2,0
15:12:58:344,3.935054481754611,2.132392225426208,221.66937106911163,0.19261522817121876,-0.036807899538192045,0.0015024616034740035,221.71455031312883,11,-2,0
15:12:58:469,3.9274993381361103,2.1509097074474344,220.78974162876952,0.20722219136041095,-0.01682935462968244,-0.0024797043529177494,220.83514591685685,12,-1,0
15:12:59:278,3.983846093009739,2.134807475151763,221.72240098120264,0.1959225073718813,-0.009841403294787273,-0.0017799040027241756,221.7684637849078,11,-1,0
15:12:59:421,3.9756269120487433,2.0932923367670266,221.69257408452847,0.2003040175344936,0.006300849202882834,-7.454624785790641e-05,221.73809976270456,11,0,0
15:12:59:544,3.9686154465734003,2.127344905633446,221.65785526546864,0.1833819816277545,-0.024489816553959223,-0.002118244133859084,221.70358658758263,11,-1,0
15:12:59:668,3.9587114454328654,2.1566709706238143,221.81842167189362,0.19424195118074872,-0.03969546073942617,-0.0016550722621883483,221.8642260910797,11,-2,0
15:12:59:796,3.9939208170388834,2.194201296603005,221.91815326349698,0.18036291699921106,-0.020539524202610685,-0.0008868416989412465,221.9649356783718,10,-1,0
15:12:59:951,4.046463932103367,2.1350652702087207,221.73480963977445,0.19603719798821867,-0.004447107630833098,-0.0016791905619660042,221.78200598797207,11,0,0
15:13:00:125,4.010618287962956,2.1571681203388966,221.52298360202263,0.2019481139551062,-0.027034994383493747,-0.003219592724905028,221.56978741988524,12,-2,0
15:13:00:293,4.0856358538620245,2.1331837109107683,220.85094016364803,0.21290019831446153,-0.029516871068158715,-0.0050047380217523975,220.899028210271,12,-2,0
15:13:00:458,4.038879619209804,2.1301619053822187,221.6218146287397,0.18951215217040204,0.00643232701367282,-0.0009456449303405326,221.66884954286445,11,0,0
15:13:00:614,3.9383324279382372,2.131449111096328,221.33601078141035,0.19894087051359097,-0.019109834861687675,-0.002392132715583801,221.3813072647615,11,-1,0
15:13:00:754,3.9634848028413407,2.197588083828868,221.4280886431526,0.19824492167166544,-0.019391156192821245,-0.00020266367609596047,221.4744613839898,11,-1,0
15:13:00:905,3.951260094595242,2.178207360924698,220.887682227503,0.2153797103714223,-0.016317882775120543,-0.0015835006831444434,220.9337575009321,12,-1,0
15:13:01:070,3.980050264072369,2.203147243861808,221.51057772708373,0.20705313635478456,-0.009617540736754502,-0.001867273158028733,221.55728537529313,12,-1,0
15:13:01:267,3.897211518466374,2.2433817415375334,221.4428828403015,0.2024811035344927,0.019905696316394383,-0.0017678351871607111,221.48853554954357,12,1,0
15:13:01:426,3.909670489028136,2.2058252317221734,221.3935991874171,0.1736370952025956,-0.008132930065529172,-0.004565121240451839,221.4391043818692,10,0,0
15:13:01:557,3.919202927067648,2.2300416718438694,221.53827336624045,0.17514723964683881,-0.016746647244307244,-0.0014504404562237204,221.5841596403876,10,-1,0
15:13:01:714,3.9631838296113777,2.2355806992943483,221.69243497237537,0.1817570611898003,-0.013510934262591737,-0.0022876630873294745,221.73912683852444,10,-1,0
15:13:01:839,3.9578478527340613,2.1926992894795503,221.33589429913533,0.1913043047181801,-0.011291618715122347,0.0005705678318128856,221.38213702780422,11,-1,0
15:13:01:970,3.9257402578922487,2.19283784200428,220.91938267330076,0.20150013889336701,-0.009702051649892785,-0.002588011154071534,220.96514117644452,12,-1,0
15:13:02:127,3.926954737260469,2.1701106542512933,220.99163818372185,0.19770528980444188,-0.009665165077211076,-0.0025615715466626816,221.03717900137346,11,-1,0
15:13:02:245,3.9698306767135203,2.168766792726481,220.65342275620677,0.2029710513847079,-0.017409688793532076,-0.001105170684226193,220.69978722017908,12,-1,0
15:13:02:375,3.961907904845267,2.1926359448140835,221.2226643696101,0.19398612320964456,-0.02412348283145169,-0.0009843848270882022,221.26900279393433,11,-1,0
15:13:02:496,3.9924960771516966,2.1577302574450106,221.72725349281646,0.19800165151553845,0.007670205999632869,-0.006527965333413432,221.77369268300885,11,0,0
15:13:02:610,4.008161787030175,2.171132808700691,221.6121434842115,0.18510159984017202,-0.01902772780712736,-0.002370749895951546,221.6590203854803,11,-1,0
15:13:02:727,4.019165920356587,2.1591089090488724,222.24427507174556,0.18874988680228427,-0.01941705492141017,-0.0032716015378166353,222.2911002450215,11,-1,0
15:13:02:856,4.026695029392444,2.126832212865402,220.66454380668134,0.20519135602275065,-0.0069795222193402996,-0.004056150424972195,220.71152797607152,12,0,0
15:13:02:979,4.013084176169155,2.1929118617557215,220.8915922965701,0.20224855425895194,-0.011793302955017201,-0.002553137086333817,220.93892652575417,12,-1,0
15:13:03:191,4.005632139769412,2.1435320762107986,221.580857619594,0.2156230303602593,-0.015134816873923703,-0.0026627489589480637,221.62742673693546,12,-1,0
15:13:03:318,3.9257402578922487,2.19283784200428,220.91938267330076,0.20150013889336701,-0.009702051649892785,-0.002588011154071534,220.96514117644452,12,-1,0
15:13:03:443,3.932191633643979,2.1833117245828353,220.93937553105687,0.18302668123314325,-0.021868411932351176,-0.003110471796420561,220.98515027300763,10,-1,0
15:13:03:563,3.9806797682126596,2.215305082842542,221.23748909612044,0.19547632460906259,-0.01627631317902909,0.0006963704490432851,221.28438708951685,11,-1,0
15:13:03:670,4.0068237767324515,2.194052144897117,221.53815604766973,0.18923563927930162,-0.018907891488639205,-0.0023998041043823038,221.5852501557673,11,-1,0
15:13:03:839,4.009353062240909,2.1798952662026,221.45513283784945,0.20552303505852332,-0.026845098301577355,-0.0032434870578351006,221.50215058906056,12,-2,0
15:13:03:967,3.956588431198748,2.21551837441371,221.26211697974335,0.19528262193962434,-0.011306140331336898,0.0005428041669231083,221.30857986991577,11,-1,0
15:13:04:083,3.947638215135708,2.191390562505808,221.10159688184538,0.19427956908738317,-0.004334752456093949,-0.0025619429684241093,221.14769314595415,11,0,0
15:13:04:205,3.9405098543552244,2.1910109772507993,220.8543743291744,0.1995847622677407,-0.033960964841251697,0.0005770071514101171,220.90039114348755,11,-2,0
15:13:04:329,3.961907904845267,2.1926359448140835,221.2226643696101,0.19398612320964456,-0.02412348283145169,-0.0009843848270882022,221.26900279393433,11,-1,0
15:13:04:456,3.941434589504218,2.220373245947571,221.87692775208293,0.1895609576561251,-0.006702203587058594,-0.0016566011908531364,221.92304078819237,11,0,0
15:13:04:575,3.949710664580939,2.192654369090487,220.89634775651456,0.20171214905573634,-0.01444346003991467,-0.0024373599378162683,220.94253641995516,12,-1,0
15:13:04:698,4.032469196976682,2.218668648958353,222.24230163828463,0.1777710555416366,-0.0010784185960430437,-0.0007835672958828125,222.28995464456042,10,0,0
15:13:04:820,4.02503782592085,2.220672047594494,221.37260488087608,0.20215446096707582,-0.014362378537088157,-0.00012514045188563008,221.42032992836846,12,-1,0
15:13:04:946,3.9298498272447304,2.155958872560302,220.90633385541062,0.21379190970482803,-0.018290965350879432,-0.003392498746239513,220.95180518783502,12,-1,0
15:13:05:068,3.9465653526692024,2.2050584555825994,221.69894524105507,0.1647266666392956,-0.02402545249682413,-0.0029494041678008744,221.74503372538416,9,-1,0
15:13:05:186,3.9642000257031196,2.1784243670504875,221.12566636539677,0.21037601378633497,-0.03198838844411134,-0.0018200594648404543,221.17192575032553,12,-2,0
15:13:05:340,3.98701835317453,2.169528045807577,221.26072911841976,0.19032984105675874,-0.02904936434522704,-0.0008091885409033025,221.30728279318967,11,-2,0
15:13:05:519,3.9872826302084197,2.1912479975805246,220.44425348829287,0.21011140186904845,-0.05501159365593815,-0.0009674081362649711,220.49119911363988,12,-3,0
15:13:05:638,3.9954993236682945,2.1345687844897507,222.09341490808282,0.18679835244076928,-0.016704645855988215,-0.00010319344441756171,222.13960777915085,11,-1,0
15:13:05:807,4.004091990695714,2.2029210281997544,221.49166909884934,0.2070855951400451,-0.014261345514116548,-0.0017163500598565697,221.5388117100943,12,-1,0
15:13:05:924,4.043756747005889,2.1574488890991814,222.17342640347184,0.18698411481786037,0.014380749618811318,-0.0016496758592534657,222.22069650281665,11,1,0
15:13:06:053,4.049593820248018,2.1578348839165282,221.569509906496,0.2019864821907174,-0.017307461327902115,-0.0032665490766720946,221.61701916075864,12,-1,0
15:13:06:171,4.067451777780494,2.1711473484346557,221.728738527071,0.1822133438737511,-0.0026547329719453657,-0.0009194620892645236,221.77667039970504,10,0,0
15:13:06:296,4.042491732707901,2.1484542386132794,221.81356889325127,0.17828636589941457,0.006159812492942036,-0.0008409312940778072,221.8608053266407,10,0,0
15:13:06:420,4.046291105163822,2.1716696847323447,221.65961649131683,0.18487983681837633,-0.007668783781766114,-0.0024301173198310677,221.70718121884317,11,0,0
15:13:06:540,4.053086243737833,2.1555151740850524,221.18919297745484,0.20645221739945185,-0.033876591638825275,-0.0017614895843973818,221.23682524340887,12,-2,0
15:13:06:665,4.024523215190723,2.141954856351007,221.26840778858138,0.17888912607554505,-0.01715605408380878,8.62339555058607e-05,221.3153701011527,10,-1,0
15:13:06:789,4.056778602097886,2.1698428644203442,221.48751834847354,0.18530214429616304,0.0046975678079362315,-0.004062862079927117,221.53529392592984,11,0,0
15:13:06:912,4.040242793966574,2.1723991088792007,222.30678425860646,0.17091737693442274,-0.015235241830948704,-0.002267317301067227,222.35410769114443,10,-1,0
15:13:07:036,4.049460823760626,2.1937415179864823,222.07886381792065,0.1754740690486999,-0.0020794991485558203,-0.003938275362868205,222.12661342007053,10,0,0
15:13:07:157,4.071264664384402,2.156757122912095,220.96335648351914,0.17326883613921948,-0.03445630154873392,-0.0005931281636877969,221.0113836564023,10,-2,0
15:13:07:284,4.085769468155214,2.1695385863108037,220.8376088230472,0.20028984814891676,-0.029388060832653842,-0.0040247513046395705,220.88605632883576,11,-2,0
15:13:07:400,4.053318578447902,2.1289391744672472,222.0161702795306,0.1779629729563093,-0.011099613214138304,-0.0037919672686315556,222.06337302467622,10,-1,0
15:13:07:524,4.023323842770027,2.107689235211022,222.11634097001533,0.17685992950924057,-0.032337358007220166,-0.0038508221903833743,222.16277459233385,10,-2,0
15:13:07:647,3.9570154558831274,2.1068764408098932,221.70105619231325,0.1847049670829081,-0.00017127620137797063,-0.0007751899313588849,221.7463758811904,11,0,0
15:13:07:770,3.9647118701791975,2.1278192543870995,221.1449931629522,0.19630079523925215,-0.03160127267503256,-0.0008542315587543116,221.19076507855172,11,-2,0
15:13:07:899,3.9971252904762187,2.129297222769822,221.82983445707364,0.18317907730896585,-0.02913874921285387,-0.0007492194573488646,221.87606083690812,10,-2,0
15:13:08:018,3.9466605942953565,2.1313012009296917,220.6999004704518,0.2130617000496494,-0.052516002960437666,-0.0017936856731308316,220.74547479466705,12,-3,0
15:13:08:182,3.9631403704239347,2.133193097041347,221.39044927933367,0.20048626087183272,-0.019979563615460213,-0.00020825160486618747,221.43619402999627,11,-1,0
15:13:08:304,3.962832478450864,2.1054786136549963,221.25763188594087,0.19231588970410735,-0.024779692033067346,-0.0009657407657562599,221.303133166296,11,-1,0
15:13:08:432,3.994418064145516,2.1061893574447086,222.03774674488423,0.1755218845211068,-0.015669180050469293,0.0008491812442423136,222.08366078760935,10,-1,0
15:13:08:553,3.9598285128895903,2.1143509806447565,221.2190132575753,0.2099039616529373,-0.019351754217456704,-0.0002934362494968599,221.26455330345195,12,-1,0
15:13:08:676,3.9859637070756495,2.1575639475881276,221.5720322698686,0.20148101933792906,-0.01993696137256421,-0.003151783757841705,221.6183847812761,12,-1,0
15:13:08:799,3.9622609442611494,2.105109572780854,221.34144878314348,0.189630859242496,-0.019102554593733733,0.0007385701150405743,221.3869190975943,11,-1,0
15:13:08:924,3.981536471475263,2.1067300918584086,221.68376545415677,0.18482748499921772,-0.0056275305462186506,-0.0006166126994187139,221.7295262482812,11,0,0
15:13:09:044,3.9903559279404486,2.142466496168403,221.42804106063667,0.17640622640877587,-0.03286458838219895,-0.0027404247529010384,221.47435623807525,10,-2,0
15:13:09:165,3.9915887453146177,2.133323594886512,222.322258755651,0.1791548297970121,-0.03966533522181501,0.0017682023669785415,222.36832190869018,10,-2,0
15:13:09:293,3.950619280256054,2.152807015796414,220.1855281575058,0.22426256001322853,-0.03486574503257265,-0.00037053716162372064,220.23148907625486,13,-2,0
15:13:09:412,3.9742912416333565,2.1331288091197105,221.7345092532848,0.1923619914678276,-0.02688296449083392,0.0014599055993724437,221.78038196194152,11,-2,0
15:13:09:533,4.018081297855885,2.1308508792052523,222.18171009237187,0.17792254711182726,-0.018619874021140133,-0.0023161979969847585,222.22825608449608,10,-1,0
15:13:09:660,3.9954993236682945,2.1345687844897507,222.09341490808282,0.18679835244076928,-0.016704645855988215,-0.00010319344441756171,222.13960777915085,11,-1,0
15:13:09:781,3.9884539655922273,2.127458361565227,221.10973332966364,0.19646889276084512,-0.03631840116821772,-0.0007053711127331268,221.15593597557088,11,-2,0
15:13:09:908,3.9631403704239347,2.133193097041347,221.39044927933367,0.20048626087183272,-0.019979563615460213,-0.00020825160486618747,221.43619402999627,11,-1,0
15:13:10:025,3.9691084205533262,2.1567559339876143,222.10746990703788,0.18759846157369398,-0.04715715756756037,5.466740935811611e-06,222.15340106853787,11,-3,0
15:13:10:149,3.9995544191501047,2.1556479247387865,221.4559144837995,0.20060616212181398,-0.043811330148889854,5.441823614117126e-06,221.50251762312564,12,-2,0
15:13:10:273,3.9231262687186286,2.157162282925585,221.55393747663013,0.20125443866846582,-0.025021844099249107,-0.003253918710347154,221.5991685007724,12,-1,0
15:13:10:397,3.966355308660993,2.125856435661286,220.72979021316715,0.20217311519475753,-0.045287449887708074,0.0008438821703439323,220.7756588203699,12,-3,0
15:13:10:526,3.94177193183258,2.1316294795456368,221.03263334531107,0.20571433555464744,-0.029577540803509588,0.0013530468963010613,221.07805502528595,12,-2,0
15:13:10:682,3.9354365704707823,2.126995248427032,220.20682022596816,0.21603333527989954,-0.010643154519671162,-0.0025932718932346896,220.25225411745254,12,-1,0
15:13:10:805,3.9321352905541365,2.1539890840596554,220.5252575002573,0.21884293797751733,-0.031903111571864214,-0.001681495515648852,220.57082887923386,13,-2,0
15:13:10:933,3.986221197761102,2.120962499283698,221.58638732719908,0.213897468361704,-0.02080077901508983,-0.004124527560087635,221.63238817934607,12,-1,0
15:13:11:051,3.941095580864161,2.121060699038766,221.34342855510846,0.21947208468084126,0.01465200523991447,-0.0028391840922315733,221.38867292026688,13,1,0
15:13:11:177,4.014240076985955,2.1352280899584493,221.31264369186562,0.20609872864068454,-0.003237791505788141,-0.00484438478446023,221.35934491291417,12,0,0
15:13:11:302,3.973475406146181,2.1047886505264164,221.68778116889106,0.1809376945866519,-0.026088955846022263,0.002407838758548206,221.73337809552436,10,-1,0
15:13:11:418,4.024143760615563,2.130093377576204,221.54117054774323,0.19133273326097716,-0.010781614538269743,-0.0024759052402688326,221.5879538207516,11,-1,0
15:13:11:543,4.01613682092017,2.115768780235611,221.8824449650115,0.19747530726850976,-0.021186189831502188,-4.266135061460636e-05,221.92887422808943,11,-1,0
15:13:11:664,3.954303681677054,2.1127287464829427,220.215601295666,0.2292907752222682,-0.00443030206184149,-0.0018821885997988366,220.26123397996042,13,0,0
15:13:11:793,4.002361332949409,2.170602618739147,221.76393948345194,0.18066457009772394,-0.042811788275282335,-0.0022607307404828745,221.81067437611767,10,-2,0
15:13:11:913,3.925378588976046,2.105668076440894,221.00837913629553,0.19833679645871694,-0.00435409222762417,-0.0008752888034029675,221.05326526330137,11,0,0
15:13:12:033,3.9867679048604563,2.1574642181916635,221.55171672711242,0.20180808248065596,-0.022408301736261096,-0.003368446584845795,221.59808698386968,12,-1,0
15:13:12:158,3.914764500080511,2.1209315946964495,221.7457503182282,0.21015676323233673,-0.0010749435696787285,-0.0011097703730814877,221.79044505143696,12,0,0
15:13:12:280,3.9622609442611494,2.105109572780854,221.34144878314348,0.189630859242496,-0.019102554593733733,0.0007385701150405743,221.3869190975943,11,-1,0
15:13:12:408,3.968292194899107,2.0767475357445266,220.5683975149376,0.19464659402561038,-0.016525829098861244,-0.00017431264252854787,220.61386675723458,11,-1,0
15:13:12:534,3.9974678000416835,2.104504295895954,221.64831476415645,0.18133292618343314,-0.03132720284083242,0.0025610524548123318,221.69434842804267,10,-2,0
15:13:12:655,3.987727334449357,2.081846961696436,221.38951306612122,0.18547580862758592,-0.024332186161185463,0.0009207320240018296,221.43521073153678,11,-1,0
15:13:12:778,4.04093466217235,2.1569417823830372,221.27413485193483,0.20741498837641162,-0.045966026474765796,-0.0001309962163029072,221.32154053609148,12,-3,0
15:13:12:899,4.017221618206331,2.1437057305373535,221.93158317703077,0.20791386725956204,-0.022401481323019688,-0.0009859816654089852,221.97828982865025,12,-1,0
15:13:13:024,4.01783335373234,2.092975989914214,222.13498103452372,0.189538360287948,0.020414007328071544,-0.0018432033656001546,222.18117231791027,11,1,0
15:13:13:144,3.955823787168213,2.0694889564661914,222.00653708915075,0.1893458932285022,-0.026691155310411763,-8.638926852488088e-05,222.05142160475472,11,-2,0
15:13:13:266,3.9578535136082653,2.041237175616114,221.3393602251799,0.19193054199750129,-0.011306888493326511,0.000561035465011925,221.38415399150463,11,-1,0
15:13:13:392,4.063193171491555,2.006972085257364,221.66402191154984,0.20233882326150973,-0.03680136030977755,-0.0017084382155734402,221.7103427576258,12,-2,0
15:13:13:518,3.9247248753805084,2.0552512582917988,221.49122967209615,0.1741522608113226,-0.030446551732623305,-0.0029904710297071857,221.53553291681988,10,-2,0
15:13:13:679,4.135632163502349,2.0197470353927844,221.64114056755645,0.18550954938851835,-0.013083264739059627,-0.0026039784961524987,221.68892174298222,11,-1,0
15:13:13:802,4.22610549537891,1.9960143487786217,221.13547653738505,0.19259230831250584,0.0045029925089636914,-0.0011215322637262034,221.18486165276994,11,0,0
15:13:13:992,4.096161962191311,2.0527848095018646,220.740805091163,0.22680820394052306,-0.0464262851184784,-0.0011738958906483271,220.78835001102172,13,-3,0
15:13:14:132,4.040248971512462,2.0202679098154843,222.31035179889264,0.17153234273931428,-0.015247591332868569,-0.002278329483731882,222.35624032422982,10,-1,0
15:13:14:256,3.898864520598853,2.018460228657328,222.16819450881763,0.17121002707496288,-0.0027184985592185484,-0.0038447977518317354,222.21157030531168,10,0,0
15:13:14:374,4.00097474333567,2.0598984384796015,222.06502007287648,0.1694942905168399,-0.028925511895590804,-0.0006623715473796313,222.11061235438683,10,-2,0
15:13:14:493,4.081044877677856,2.0048345384126844,220.90699526106226,0.21443829469749864,-0.017653517192346656,-0.0034808065338326312,220.95378440771503,12,-1,0
15:13:14:619,4.166703854150903,1.9555957147939729,222.3563913276979,0.17170289266355743,-0.00391865999797837,-0.0007921197215156817,222.40402545791352,10,0,0
15:13:14:744,4.040930747625988,2.0055240398832295,221.27734074783572,0.20805630771346867,-0.045977413898395145,-0.00015270404437652126,221.3233218086505,12,-3,0
15:13:14:867,3.705905391568451,2.0040068762530057,221.77767908473024,0.19405973121422043,-0.01856307232757782,-0.003205627618355272,221.81769252821317,11,-1,0
15:13:14:991,4.036663940067435,1.9501003422671106,222.56132239419614,0.1570776139144344,-0.04175725205089281,-0.002735269790332931,222.60646839874906,9,-2,0
15:13:15:114,4.0428045386053695,1.979023927836785,222.0554087913213,0.18194209468161238,-0.030064302246375095,-0.0038855816912060108,222.10102516135564,10,-2,0
15:13:15:234,3.9914068799914295,2.0059585271186764,222.50739986519147,0.18167921552131094,-0.03780025627841098,-0.001567100829011608,222.55223699900742,10,-2,0
15:13:15:366,3.988801559490443,1.9538139811352848,222.6779655056312,0.16123323133657366,-0.02490494098604249,0.001018980215426539,222.722258089938,9,-1,0
15:13:15:483,3.878929182846071,1.9807638970682535,221.92822421960375,0.18762231729467288,-0.010213631666319365,-0.0015237581740826704,221.97095806093233,11,-1,0
15:13:15:608,3.898864520598853,2.018460228657328,222.16819450881763,0.17121002707496288,-0.0027184985592185484,-0.0038447977518317354,222.21157030531168,10,0,0
15:13:15:727,3.8369129797336776,2.0304100063299773,221.5461939232115,0.20767478863563119,-0.023248319213731702,-0.0009463694346376604,221.58871927033894,12,-1,0
15:13:15:847,3.8043439373415295,2.003789746696224,222.08980966561992,0.18665760254665634,-0.027475701967906562,-0.0015109390297011068,222.13142903122431,11,-2,0
15:13:15:972,3.7758235442863244,2.0464426749849634,221.1038443583326,0.2069931002603358,-0.006246907130404115,-0.0017406471971759103,221.1455510768719,12,0,0
15:13:16:231,3.812937278992693,1.991363585640264,222.2401362773162,0.2012326590416043,-0.035167636947874545,0.0006338899146855348,222.28176306702227,12,-2,0
15:13:16:355,3.8366444537217173,2.0027733626069155,221.41754352038157,0.19950245900964403,-0.027850690609012813,-0.0017105849377350032,221.45983726266556,11,-2,0
15:13:16:519,3.823364057880789,1.9994977685827375,221.23197184748867,0.1976543974344634,-0.01493847397723964,-0.005517068703186417,221.27404156740502,11,-1,0
15:13:16:641,4.003456317913358,1.9399546545187794,221.58971048561108,0.15866329041812577,-0.009691579274322055,-0.0005733992676841224,221.63436303887528,9,-1,0
15:13:16:779,3.878044658526761,2.005390416531,222.10402783759577,0.18937051067160637,-0.007421010479480771,-0.004849780403146007,222.146933363438,11,0,0
15:13:16:919,4.363901416367401,1.9562137259676144,221.80792305471172,0.18495742377750443,-0.022718349495375666,0.0007147805094845085,221.85947159758214,11,-1,0
15:13:17:038,3.878044658526761,2.005390416531,222.10402783759577,0.18937051067160637,-0.007421010479480771,-0.004849780403146007,222.146933363438,11,0,0
15:13:17:167,3.6434908883624506,1.961586194225324,221.09879634385445,0.2106076120589407,-0.002262115841728448,-0.0017147739593722877,221.13751511435635,12,0,0
15:13:17:289,3.879208392493416,1.975939231147528,222.51766696542006,0.16538327022181587,0.002342950124504348,-0.005162034344451646,222.56024960745162,9,0,0
15:13:17:411,3.762117686485557,2.002671597327319,221.0774756081991,0.2068345650624217,-0.02337692557028711,-0.0032567274979553953,221.118552917451,12,-1,0
15:13:17:530,3.6092629754329066,2.003648444313541,221.91021157238237,0.1904121870416946,-0.0016767459247424758,-0.0061920940142427515,221.94860528152398,11,0,0
15:13:17:653,3.575427370704315,2.045101058827046,221.97533301314684,0.18502933681685485,-0.010814904537270702,-0.001384236557384748,222.013545950515,11,-1,0
15:13:17:777,3.846075146759284,2.00565075601335,221.89031468453578,0.19478763613965755,-0.03033102406972531,-0.0016472474920699999,221.93270754846372,11,-2,0
15:13:17:953,3.9921095759567695,1.9641349129944818,221.9150437279964,0.19784070202461826,-0.016289670329169767,-0.00020524844214672442,221.95963911851507,11,-1,0
15:13:18:079,3.935510509776158,1.92392352306449,222.38510425833758,0.15200859796231794,-0.020083147980151265,-0.0012536811150615976,222.42824533023418,9,-1,0
15:13:18:228,4.147113552231027,1.8673458602402018,222.0015228313434,0.17711304397230784,-0.019717499438621767,-0.0009493912505681459,222.04810665892276,10,-1,0
15:13:18:351,4.171360919555166,1.8255592524840614,222.08281229290853,0.17866975946805969,0.013429853174733036,-0.0043557024100280214,222.12948573846012,10,1,0
15:13:18:476,4.176318940360843,1.8381546988426107,222.11046480144785,0.1603558420696175,0.006413180029741807,-0.003171285185850685,222.15732944673172,9,0,0
15:13:18:686,3.9813874329217236,1.8870906438964155,221.62699644440508,0.18121744607714094,0.031587027091958396,-0.0008555102340041314,221.67078767838953,10,2,0
15:13:18:802,4.128203861465818,1.9400590701607214,221.63870274641886,0.15759954412849433,0.0024086612766529483,-0.0005948763217781153,221.68563429196973,9,0,0
15:13:18:929,4.271396576002204,1.8207007150487244,223.49396165177004,0.04648376165725598,0.0036688084186973103,0.0010716862766775995,223.54218992084273,3,0,0
15:13:19:046,4.348148990345591,1.7859449737323403,222.11063772544483,0.14315829590743973,0.01182103839952897,-0.0021916264628073813,222.16037313142783,8,1,0
15:13:19:181,4.791644858542244,1.5421135515194526,221.9295570158603,0.13763233507381228,0.033050007747087724,0.00011901770008813695,221.98663530021838,8,2,0
15:13:19:295,4.737582674715654,1.489608833050008,221.88097151159087,0.1204520257794644,0.007222707453692325,-0.0019706031423719515,221.93654305454672,7,0,0
15:13:19:421,5.032866160231727,1.3444866865851066,222.4113366465673,0.07997255958968817,-0.04135426279118489,-0.005169880936546539,222.47233548275142,5,-2,0
15:13:19:542,5.015398301657591,1.4023933571190317,223.05217116204062,0.09717648874762522,0.021650015955765423,-0.0041946920270834655,223.11295791000717,6,1,0
15:13:19:661,5.114418336812037,1.3490558210363999,222.83904229512973,0.08103955646842298,0.029742942812832136,-0.005479506630565529,222.90180797279956,5,2,0
15:13:19:803,4.954381788307507,1.401449562878307,223.07833156698246,0.09474159021687985,0.014140269846400648,-0.004041380364785253,223.13774215602828,5,1,0
15:13:19:951,4.884804345642145,1.5829644809588672,221.7275796229644,0.045205809706563314,-0.0761585203057288,-0.0018209538456375291,221.78702995328922,3,-4,0
15:13:20:071,5.246844186076801,1.6823600701245696,222.4960374626429,0.054493886624611736,-0.07119427071206964,-0.00359032430229847,222.5642522866067,3,-4,0
15:13:20:197,4.718781343821203,1.8988667601901599,222.6971843056009,0.04595088812648432,0.02919232295062338,-0.005107343926830167,222.75526590854486,3,2,0
15:13:20:367,4.365374729346323,2.147913508373423,221.26686888886923,0.1047145340311954,-0.013570701096784484,-0.0040575583139430505,221.32034993838934,6,-1,0
15:13:20:482,4.276445379486454,2.1987407296695927,222.0654881144943,0.05260511818010552,0.062254127461579,-0.003218769016630758,222.11754423594874,3,4,0
15:13:20:605,4.18780486134554,2.3196844787116113,221.72467940021897,0.08856406586452718,0.007983961665266487,-0.005450321215082136,221.77635604538048,5,0,0
15:13:20:725,4.204438105042009,2.347454653800209,221.1803613713499,0.11637180335946591,0.002838044866108265,-0.002586553578331109,221.23277356551787,7,0,0
15:13:20:854,4.161506822972996,2.2007212496510364,221.54344713358773,0.07177856385949744,0.05472895420954031,-0.0031875545951838263,221.5934572158869,4,3,0
15:13:20:975,3.9818503264870273,2.3086905135411353,220.8136449524351,0.13527743123975017,0.000369958073734203,-0.0034982047018658996,220.86161047382123,8,0,0
15:13:21:097,4.17399685067166,2.222737950170275,221.27204007243222,0.12459823027324514,-0.02319493889462691,-0.006552515737030558,221.3225667019082,7,-1,0
15:13:21:221,4.300462580477377,2.2096597894847885,222.34606879209915,-0.09246083358081404,0.028462161226988768,-0.00077382735835198,222.39863057602724,-5,2,0
15:13:21:385,4.262365525681978,2.317690679230098,221.3872033596447,0.09386471288512216,-0.01975839700856116,-0.003978720534322083,221.4403605067599,5,-1,0
15:13:21:507,4.229625602768126,2.3573221861651676,221.54407195078213,0.03421744277796426,0.048746297477097605,-0.003637316526341793,221.59698219326523,2,3,0
15:13:21:635,4.383059743690096,2.485108235661057,221.5981639298714,0.11963407504005966,0.047785583155101466,-0.0037665132157060095,221.6554380852179,7,3,0
15:13:21:763,3.9942470833073456,2.332896625354493,221.705418815818,0.07102689541503021,0.04493549377446215,-0.005241524183764563,221.75366772327436,4,3,0
15:13:21:876,4.049827002644247,2.328285749981353,222.0483362089638,0.0011196217601362165,0.03557930363303211,-0.0039188449125806876,222.09746875291924,0,2,0
15:13:22:047,4.141148118244413,2.264000032970523,221.14224990812556,-0.14109547686711907,-0.0005209234174131631,0.0031793565150409074,221.19260724154952,-8,0,0
15:13:22:166,4.171995618278197,2.1903600416169886,220.29263479825016,-0.21059673105058635,-0.02052740110398395,-0.0008827957658597734,220.3430238761964,-12,-1,0
15:13:22:284,4.164727031346504,2.371079679750389,221.59378307181086,0.1086217681181749,0.01165156958018032,-0.0016306399434617338,221.64559924837246,6,1,0
15:13:22:408,4.142832523129867,2.3667208330811054,221.98091021632072,0.08863997138039939,-0.013424232331472935,0.00020940812071772852,222.03217994084255,5,-1,0
15:13:22:531,4.020215497863104,2.2662882437052887,221.33499268899416,-0.14266041326470583,0.024180572479600555,-0.0034283956292413195,221.38310049253965,-8,1,0
15:13:22:653,3.958131435371067,2.3610678455712883,222.7716415496519,0.05337893339309114,0.029028607205475117,-0.0027570523118646576,222.81931183036548,3,2,0
15:13:22:783,3.9308006720840876,2.358438832006979,221.77451467696156,0.12241751705990873,-0.030929666026980603,-0.0005837186464189187,221.82188527701638,7,-2,0
15:13:22:904,3.777783292419753,2.3161064866629086,222.17670191356714,-0.1620620527736487,0.06692478543201051,-0.0036026538182558454,222.2208875624704,-9,4,-1
15:13:23:024,3.8021951768030933,2.3247786524823715,221.70466714744376,-0.18570788380025088,0.03916649485177157,-0.004817625324390288,221.74945483338706,-11,2,0
15:13:23:152,3.8820410113353687,2.42907349320647,222.00872284210055,0.08203786792021829,-0.022352049598901687,-0.005928080682193862,222.05594713591822,5,-1,0
15:13:23:275,3.7445850599607495,2.4860078950976208,221.1631283567959,-0.12404528954264386,0.05892658902316348,2.000648379373158e-05,221.20879615668622,-7,3,0
15:13:23:396,3.7588539283327296,2.492854144791796,222.39687740739998,-0.09355721199083798,0.012915412613351355,-0.007104442180595287,222.4426091943804,-5,1,0
15:13:23:519,3.8358220420100038,2.4628656013218855,222.91549461917757,-0.07661985257401069,-0.028464175210368318,-0.0004306537465078346,222.96209762876902,-4,-2,0
15:13:23:682,err,err,err,err,err,err,err,err,err,err
15:13:23:800,3.793756720361797,2.4730542344473103,222.38256620198914,-0.15591885048806625,0.040181687491514545,-0.002245712712745282,222.42867247250723,-9,2,0
15:13:23:926,3.7807878264613546,2.4411925174718485,221.94234831116293,-0.16860862094280266,0.056160928881029755,-0.0006048387177402957,221.98797208715982,-10,3,0
15:13:24:050,3.808776175295948,2.3598172690187313,221.96430636749523,-0.15019514047305502,0.03524122052409553,-0.004274386295039166,222.00952415313165,-9,2,0
15:13:24:176,3.7452405154946695,2.2963024277963355,222.17887388661788,-0.15453135021535555,-0.006481705773605418,-0.0016873868714382663,222.22230273508657,-9,0,0
15:13:24:296,3.816859261675826,2.350335547404138,222.4928489416922,-0.13476742294046212,0.04070694074245797,-0.002688968816147325,222.53799747908107,-8,2,0
15:13:24:420,3.9115934478257133,2.2160978267224465,222.23253637988302,-0.13473140472147066,0.06178544993816091,-0.0030636445705283584,222.27800583664302,-8,4,0
15:13:24:542,4.094010275962633,2.2180435995358074,222.2019985366335,0.09014809691056606,0.03886013297803924,-0.00446010290170117,222.25077905650457,5,2,0
15:13:24:664,4.253105375086103,2.229928292063357,220.97860406627905,0.10267673465662525,0.02805258222124739,-0.0010933808525508044,221.03077826538242,6,2,0
15:13:24:782,4.5387748878365946,2.066639515354601,222.18125058700926,-0.12381643441047653,0.031137886550376703,0.003494772407650933,222.23721468011672,-7,2,0
15:13:24:910,4.661473428798751,2.0509118985156696,222.19675020770813,-0.10601466213275985,-0.007534208511013812,-0.0015826303336255135,222.25510427661612,-6,0,0
15:13:25:030,4.530538268249388,2.0215511388323186,221.359172042634,0.1095783470948678,0.004371040629918783,-0.00489974023862637,221.41475897827456,6,0,0
15:13:25:164,4.2138752412081315,1.9543509925421232,221.0827797544312,0.11234883391499195,0.019518194983878374,-0.004175634754848014,221.1315710980611,6,1,0
15:13:25:279,4.437550806982581,1.8898607507405618,222.47114108559205,-0.14463766994062913,0.02288364209106161,0.001476144687141934,222.5234190972877,-8,1,0
15:13:25:405,4.420139513744043,1.9751892838674934,222.38721369682045,-0.14734112812342068,0.05295009735593314,-0.00199262941577879,222.4399060912033,-8,3,0
15:13:25:570,4.383220141472063,2.205543421926033,222.14284760474192,0.06500850033324952,0.028388870615176708,-0.0023509058099013313,222.19703369428268,4,2,0
15:13:25:691,4.3542007340497815,2.2030505253023525,221.00117660132128,0.09132414222597228,0.03917996665258097,-0.0033768839092589414,221.05504417411024,5,2,0
15:13:25:821,4.283020729138899,2.275511538795036,222.48311330277804,0.016437207487334474,0.024318155889509366,-0.0019369537374348115,222.53596995592912,1,1,0
15:13:25:936,4.202731235265545,2.2816347360899,220.92701632933645,0.12143982737794529,0.03699172739959012,-0.0027662402544134006,220.97876674261647,7,2,0
15:13:26:058,4.114316645371168,2.3193452682826794,220.80765230948188,0.11330427402113195,-0.006010885636183168,-0.004198874159887725,220.85815874075587,6,0,0
15:13:26:179,4.15820558595116,2.373402296177599,221.7181560658865,0.11005228841550613,-0.010485401695349438,-0.00019953220282537847,221.76984565402785,6,-1,0
15:13:26:303,3.9501901187053114,2.4157605187351656,221.02682295713382,0.0830642085933177,-0.016966555007930727,-0.00421563115212974,221.07531831342453,5,-1,0
15:13:26:430,3.6916946301780573,2.3739266725527433,221.37588959302,0.07621690664525692,0.03653968837795154,-0.0015641905449249407,221.4193953342618,4,2,0
15:13:26:547,3.6885301697484554,2.4962053176577377,222.0928380582193,0.03642260908042804,0.024199439853620802,-0.0011526467111303551,222.1374912358458,2,1,0
15:13:26:674,3.748401601943318,2.4407188503898847,222.46157319462102,-0.12226664865053023,0.001989405221026302,0.00015799759053023558,222.506537367561,-7,0,0
15:13:26:796,3.786193370590331,2.4922114614074484,220.52329217788622,0.12127060826724176,-0.004010858828001311,-0.0010548792569376035,220.56987276412264,7,0,0
15:13:26:916,3.9523716044857196,2.5479664670812463,222.06546593259077,0.05524508100049961,0.021534845245710137,0.0008960649649260775,222.11525056662802,3,1,0
15:13:27:044,4.0845051958794905,2.461076374011921,220.9879688845495,0.08824280424698157,-0.01985128382073271,0.00014024023441795076,221.03941384136112,5,-1,0
15:13:27:211,4.213454648217346,2.5490398804528476,221.0367281457713,0.13344785508628876,0.020199919849100467,-0.0035342173621512943,221.09157829680515,8,1,0
15:13:27:328,4.137598898563921,2.4375768054798077,220.57928544851688,0.0961251040018197,0.026750748538359435,-0.0014629444031202404,220.63155412203918,6,2,0
15:13:27:452,3.8938633874130235,2.399030319688511,221.1322193652164,-0.12404574989352289,0.06262281721026898,-0.00023726435844308402,221.17951071457955,-7,4,0
15:13:27:573,3.825565681882265,2.439730722751268,220.79148605805076,0.09482160759765149,0.012808025908216543,0.00020305594581851726,220.83810258763853,5,1,0
15:13:27:704,3.880319886629504,2.489804901995248,221.2781461414868,-0.0011674033439203497,-0.04132066710407088,-0.0017076543859747197,221.32617100263076,0,-2,0
15:13:27:829,3.9646748281703927,2.517434251841469,221.5269038321463,0.09942639461800536,-0.023982669922588032,-0.0024056541839669646,221.57668027832366,6,-1,0
15:13:27:948,3.9504262686027376,2.523164630285211,220.90281877313947,0.12899682455445216,0.025564342178752496,-0.00038394094842228167,220.95254596716845,7,1,0
15:13:28:065,3.9692169758195766,2.5516635843460285,221.84771455822187,0.07033870584135131,0.017693973540654218,-0.0032420518089011437,221.89789121385337,4,1,0
15:13:28:189,3.962766252736351,2.432457150578634,221.3508239075506,-0.09790679358288039,0.06519162549521923,0.0014788679054029525,221.39965584597167,-6,4,0
15:13:28:347,3.9420748447283196,2.461458177844963,222.05064701032293,-0.10692396670627731,0.04425925272804061,0.0023210324457222462,222.09927637915834,-6,3,0
15:13:28:475,3.6679435202103767,2.558589679880831,220.43713241022056,0.08296140363208904,0.0053169689735320675,-0.005419687244272112,220.4824925840112,5,0,0
15:13:28:601,3.7302407708358993,2.5075292881075564,220.88467221240828,0.09822229723701252,-0.010623891768370775,-0.0016172983669700432,220.93039812964213,6,-1,0
15:13:28:720,3.795244105314852,2.538930711455456,221.8096424062679,-0.12495363905414471,0.06590552592261383,-0.0009856477150638808,221.8566372939357,-7,4,0
15:13:28:844,3.6737490121155814,2.6437864154993536,222.09321195193874,0.07371752224751482,0.00957821681506288,-0.002260234482623616,222.13932752564006,4,1,0
15:13:28:974,3.810675847731131,2.6122911891335114,221.12138859384163,0.0835470709637187,0.010798656572118155,-1.535779508400217e-06,221.1696493855837,5,1,0
15:13:29:094,3.792489559036989,2.61552981424213,221.285802272399,0.08531524236064951,0.005196042979471399,-0.0029916043633406247,221.33375309835566,5,0,0
15:13:29:224,3.780329904772272,2.609408309094838,221.18153963011036,0.12024694493754969,-0.013651192849543399,-0.0018574686515906683,221.2292326503407,7,-1,0
15:13:29:382,3.7585978222941256,2.605193126990591,221.58829647920723,0.05346571414439174,-0.0013542595035959698,-0.00106771636519303,221.63548277605668,3,0,0
15:13:29:500,3.803032107172904,2.5221333335650757,221.14739928295384,-0.1469179527811055,0.07300011844529211,-0.0006467669333160796,221.19447646669363,-8,4,0
15:13:29:625,3.7222563479651747,2.6452823959992027,220.7445347387933,0.11845872058489486,-0.0031876676943201334,-0.004222368632178408,220.7917623651772,7,0,0
15:13:29:746,3.7473519033756397,2.592482638069747,220.62237441040446,0.10278586936225884,-0.014667156319218074,-0.004748398023809261,220.66942629870843,6,-1,0
15:13:29:872,3.772205463770657,2.523953717598086,221.15904175801182,0.07887964259599574,0.002444569297303694,-1.9566032463801482e-05,221.20560939486026,5,0,0
15:13:29:995,3.8062850646238924,2.5784349012533037,221.80220078887953,0.08244474010275618,-0.0012060785954162803,-0.0007938421050932957,221.8498420268169,5,0,0
15:13:30:118,3.763314174824644,2.4653764951702835,222.14908693228708,-0.09931241891814205,0.009750049085904438,0.0021378862258269035,222.1946386384924,-6,1,0
15:13:30:285,3.728804521388833,2.556037067872212,220.67529168575277,0.11526257591837574,-0.014087460219898287,-0.001695546639052182,220.7215931195748,7,-1,0
15:13:30:406,3.884577109578353,2.4502594349264704,221.89744199503744,-0.06998963040505349,-0.02857443291646962,0.0003645945544648846,221.94496722061464,-4,-2,0
15:13:30:529,3.8754253267590455,2.5119539924859158,221.80817990045244,0.07959032143312794,-0.01279234309997077,-0.003397906774981879,221.85625414911144,5,-1,0
15:13:30:655,3.9259692155256296,2.4424125452932106,220.81080568732784,0.10002590451150853,-0.05306082373552598,0.0001928962344656482,220.85920972784794,6,-3,0
15:13:30:812,3.9885807791452748,2.459723399409736,221.57001556211728,0.06800950789257859,-0.023953314304017426,0.000508783354754149,221.6195632430275,4,-1,0
15:13:30:933,3.991550147576745,2.4869554073072697,221.24179039553434,0.0898588649884668,-0.042212122687236224,-0.0011606758348772987,221.29176947460135,5,-2,0
15:13:31:063,3.9591708028481425,2.4691647706814654,221.38937101849604,0.09334541277692257,-0.020779987121857642,-0.0038979692843420385,221.4385364115203,5,-1,0
15:13:31:181,3.9667519663863984,2.4984840688272163,221.66098276467463,0.054984793089008596,-0.02353011830455268,-0.0012195968893237354,221.71055190045962,3,-1,0
15:13:31:306,3.9345776880311196,2.446187641361468,222.60410977835585,0.004256553362119351,-0.014383606576753229,-0.0005919317292636962,222.65231735999112,0,-1,0
15:13:31:428,3.971871992812045,2.5198928847567745,221.73938482895906,0.051828730755318894,0.050825327269448765,-0.0031122110701466703,221.7892702806047,3,3,0
15:13:31:553,3.914017601624233,2.4726294270661513,221.38335959144942,0.05494884014655932,-0.051143257183761344,0.002942548367637457,221.4317622520907,3,-3,0
15:13:31:676,3.8747050049141794,2.4590299971106426,222.05965530011008,0.05126074524169683,-0.006077381386959446,-0.00501649759994902,222.10707030485432,3,0,0
15:13:31:798,3.8483298132990145,2.4731447791121832,221.29908819421073,-0.04343520421386314,-0.02306209910984721,-0.002524825963773572,221.346363247828,-2,-1,0
15:13:31:924,3.857229011534321,2.494850921008965,221.2943371071385,0.058604289822630835,0.0473832175448458,-0.002966630411845329,221.3420116752654,3,3,0
15:13:32:048,3.935419493451491,2.4895499006272033,221.201569219296,0.09611725545496672,-0.01630246944833167,0.0009465228785786152,221.25058103963514,6,-1,0
15:13:32:169,3.926146713426306,2.3731034616816653,221.14513509903318,0.12559247880857408,-0.04171015947554497,-0.00010459033263965428,221.1927146766476,7,-2,0
15:13:32:290,3.7466467000207353,2.3455142122100874,221.73415168905447,0.09701525593575668,0.019342892218429424,-0.006131326543632237,221.77820637672917,6,1,0
15:13:32:413,3.8104314287697307,2.3436902542368467,221.08083297608755,0.11195352240927638,-0.03831840219795112,-0.00551463802861416,221.12608842260536,6,-2,0
15:13:32:536,3.807391759243026,2.3397552308786618,221.0716489108277,0.10387598607889059,-0.026444612589944367,-0.0006326475087507926,221.1168122027383,6,-2,0
15:13:32:661,3.835781282639136,2.3455135760890244,221.54749593421047,0.10241194585969648,-0.027191280237396358,-0.002902931233645111,221.59311272398082,6,-2,0
15:13:32:781,3.8658456165369617,2.396050766221422,221.41338066643672,0.1206526977402211,-0.005968353900577653,-0.003172699433840403,221.46008886421413,7,0,0
15:13:32:906,3.831003332857305,2.342913164360894,220.76755289477936,0.11863015799293763,-0.0013612221750863539,-0.0024196993615480593,220.81322025590157,7,0,0
15:13:33:030,3.968033249858767,2.344759615021207,221.39459485104297,0.1052871542876204,-0.03236966051645894,-0.0006037753405597957,221.44256549900626,6,-2,0
15:13:33:150,4.030938257425054,2.4082432878606417,221.51121865997882,0.0984980986739788,-0.02451593085240763,-0.0007078493392095583,221.56098052499598,6,-1,0
15:13:33:272,3.934458715306544,2.4022962263186067,221.69165476625787,0.03337012446712186,-0.04291949838495022,0.0006950672687715099,221.73957875296665,2,-2,0
15:13:33:400,3.9930425940689913,2.3442581200760175,222.09210367796462,0.036914545131559555,0.02456916619828119,-0.0011729758760784176,222.14036655096115,2,1,0
15:13:33:520,3.994331946187617,2.429572761851156,221.7714755124424,0.09032952647101516,-0.03326164172174736,-0.0036477698658624715,221.82074939569407,5,-2,0
15:13:33:645,3.9692118497276523,2.401692590856021,222.16534636287108,0.06538314981741299,0.03199736144705436,-0.0007312910756059056,222.213779713463,4,2,0
15:13:33:766,4.018261327167452,2.405692347634313,220.88191506403646,0.1108722822453898,0.01620203960797533,-0.002756918678099289,220.93155995040883,6,1,0
15:13:33:922,4.041157909038791,2.431583246617689,221.66196951540417,0.09758779968966691,-0.03666476100982539,0.0006811952333826149,221.71213833207008,6,-2,0
15:13:34:056,3.999620051477598,2.4175020867501655,221.18089571076786,0.1263880903876202,0.01752179780462759,-0.005080571670713725,221.23026444027317,7,1,0
15:13:34:177,3.9692118497276523,2.401692590856021,222.16534636287108,0.06538314981741299,0.03199736144705436,-0.0007312910756059056,222.213779713463,4,2,0
15:13:34:298,3.9717716232011964,2.3723842959066204,222.3237193056695,0.04393252770455406,0.03275418147561115,-0.0005285109210464709,222.37184925925416,3,2,0
15:13:34:426,4.003650981575228,2.3723714897887285,222.33953134814223,0.043375944670107684,0.013856390463960738,-0.00025586013622640175,222.388229382266,2,1,0
15:13:34:568,3.9311438720067198,2.2595609925341233,222.16386685535906,-0.13134701038064306,0.014796192458150942,-0.0028202375709365252,222.21013308161062,-8,1,0
15:13:34:706,3.934748163143257,2.3687094830679625,221.3109315155325,0.11181800830234571,-0.01245030704405968,-9.729034517086644e-05,221.35858112120988,6,-1,0
15:13:34:835,3.934748163143257,2.3687094830679625,221.3109315155325,0.11181800830234571,-0.01245030704405968,-9.729034517086644e-05,221.35858112120988,6,-1,0
15:13:34:954,3.9521311656926663,2.395251731655876,221.4705364545747,0.11738954391487576,-0.0012840573892415961,-0.0017144927605417365,221.51874658612064,7,0,0
15:13:35:076,3.6761455989099248,2.3633738327085267,220.90038796123585,-0.1591413631113494,0.053997100015602074,-0.0019461780158858922,220.94361494227894,-9,3,0
15:13:35:200,3.69547394200425,2.4716967444521707,220.6141443263726,-0.14343305126211553,0.05146608985378548,4.67080151334091e-05,220.65893702569613,-8,3,0
15:13:35:364,3.781638308902861,2.484651772749768,222.04686618562465,-0.10220893407217065,0.05883406618344528,0.00045261921813173465,222.0929649169192,-6,3,0
15:13:35:490,3.6881448469041778,2.381471330684533,221.49027661925444,-0.12720780264847048,0.04540022651102619,-0.003776892299087256,221.53378174667733,-7,3,0
15:13:35:614,3.6875040521110027,2.514752670641268,221.16012632952913,0.10482363071078511,0.0339631377026076,-0.004178304615558604,221.2051607563036,6,2,0
15:13:35:780,3.7153161562260566,2.486640496106428,221.97253693068387,0.06691413980972223,0.007233858433268121,-0.003523379466058107,222.01755360002824,4,0,0
15:13:35:901,3.8420950181832447,2.4594258412841734,221.2249156267444,0.030564689949466196,-0.008424487832577314,-0.0014272982768373731,221.27194527019847,2,0,0
15:13:36:020,3.954801625876561,2.4015061258152834,221.2894512359947,0.09070003802034503,-0.009146734139959842,0.0009584879345231489,221.33781628067996,5,-1,0
15:13:36:146,3.978189327491679,2.462636981054937,221.88880824869375,0.0645833848810578,0.004321183913936347,-0.001285774887371997,221.9381305617658,4,0,0
15:13:36:268,3.9380172953388346,2.430137259261696,221.82164640156824,0.04299324994042011,-0.009299507435290523,-0.004089137058062797,221.86990863931868,2,-1,0
15:13:36:389,3.938022155521576,2.4681862433481556,221.05432152010826,0.10108518911949867,-0.030462427908397594,-0.0023967934747932363,221.10317280524183,6,-2,0
15:13:36:514,3.88412584569561,2.380359356480234,221.58078145236396,-0.13549357276943286,0.05008475579219442,-0.0022714490394258454,221.62760489905463,-8,3,0
15:13:36:635,3.906115815856649,2.389861844245455,221.34189279968228,-0.16507971981664726,0.04441464403134721,0.0001986063734750365,221.38925603684456,-9,3,0
15:13:36:760,3.8984438422093644,2.4373229754423837,221.2079900222853,0.07763836839620424,-0.03422300124697623,-0.002702992954062821,221.25576434835986,4,-2,0
15:13:36:883,3.8581043243904793,2.4934153764292453,221.45158071748847,0.09684585121131865,0.010627655642933893,-0.002332381922324012,221.49922052118288,6,1,0
15:13:37:099,3.83571086368912,2.4375400364311153,221.13917079522454,0.08028436074920979,-0.04070292302022767,-0.002591986797231998,221.18586559556311,5,-2,0
15:13:37:221,3.8404568012745974,2.3666704905630223,222.02779722087942,-0.1303274847303872,0.07242941229885501,-0.00014561418010482712,222.07362062255234,-7,4,0
15:13:37:335,3.927879126695365,2.4780746371490783,221.69981096235804,0.10250008108786314,0.011181265024091103,-0.001574116702731756,221.74845043221046,6,1,0
15:13:37:473,4.008884818537326,2.343359113252593,221.29833564188615,0.05890579125826088,0.04777903088970585,-0.0029741997491949754,221.34704842687844,3,3,0
15:13:37:624,4.017670315481377,2.467061584117782,221.5765207175994,0.08309038159346818,0.034566618505796814,-0.007199040125088669,221.62667393827056,5,2,0
15:13:37:784,4.0169604748712695,2.439540793664553,221.31149836947438,0.07897620605815586,-0.00841463293805148,-0.0028407938263999696,221.36139374625037,5,0,0
15:13:37:904,4.023202789754267,2.4340684456061488,221.26415803203426,0.06851700572778914,0.014512621053402229,-0.006186299215216843,221.3141172169331,4,1,0
15:13:38:039,3.987804289922665,2.438864167798707,221.3870760463144,0.07525301553007226,0.008076910649087728,-0.003081280288334439,221.43641995349432,4,0,0
15:13:38:156,4.133748369563978,2.405714347515652,222.13194746847913,0.026847613703081752,0.006253122638508373,-0.0009975885589641456,222.18343192786426,2,0,0
15:13:38:276,4.05831393037652,2.383571898206088,221.99669079771448,-0.1450734434820537,0.01958898625860621,-0.0006967632260681475,222.04657631246525,-8,1,0
15:13:38:403,3.980604918260208,2.3563260865715945,221.54570158755146,-0.1416193540527144,0.029988217516247966,-0.00037432775557814035,221.59398768933676,-8,2,0
15:13:38:523,4.016082586065702,2.437323173952982,221.75347148058884,0.061037838732724906,-0.03357016850341222,-0.0025065760886894906,221.80322715705628,4,-2,0
15:13:38:646,3.987804289922665,2.438864167798707,221.3870760463144,0.07525301553007226,0.008076910649087728,-0.003081280288334439,221.43641995349432,4,0,0
15:13:38:767,3.977371723005008,2.4223340434870804,222.0003446992354,0.06800945493417389,-0.035197379861700365,-0.0032751710743263874,222.04918426920764,4,-2,0
15:13:38:892,3.906070056761226,2.3935674929361856,222.06271788499052,-0.11605686772434534,0.06832814739174416,-0.002430016171255003,222.10996651006107,-7,4,0
15:13:39:017,3.9093210394862132,2.400906831222404,221.35293850003944,0.040957649794440595,-0.010797852886484488,-0.003499797243392063,221.40047544484682,2,-1,0
15:13:39:135,3.9195580792394926,2.308452748512161,221.616985943873,-0.16048092539377798,0.02536880298234305,0.0007157435527899181,221.66366492611152,-9,1,0
15:13:39:259,3.9194853323632244,2.3511340603286595,222.59155699878525,-0.07099549630767918,0.0629184351205921,0.00035861356906203727,222.63847700652218,-4,4,0
15:13:39:379,3.9591708028481425,2.4691647706814654,221.38937101849604,0.09334541277692257,-0.020779987121857642,-0.0038979692843420385,221.4385364115203,5,-1,0
15:13:39:506,3.9741134130153317,2.442214684263136,221.0618526227386,0.09246401000707379,-0.05628161293094453,-0.0010777492826188585,221.11105959445118,5,-3,0
15:13:39:627,4.002259686264997,2.41611050266303,221.26201533383554,0.07739319174352216,-0.06350346117098088,-0.0017239489855038596,221.3113984912387,4,-4,0
15:13:39:748,3.9456051109200723,2.4259224945363087,222.7078535480848,-0.0503648690648622,0.04976293265493124,-0.004509631256806259,222.75601211108986,-3,3,0
15:13:39:872,4.016082586065702,2.437323173952982,221.75347148058884,0.061037838732724906,-0.03357016850341222,-0.0025065760886894906,221.80322715705628,4,-2,0
15:13:39:994,3.949559587004273,2.400767346587956,221.368882589311,0.08682166492105546,0.005610689447851497,0.002548223503818754,221.41712870422626,5,0,0
15:13:40:121,3.945657181738778,2.4165209464158606,221.4844844379027,0.0711531330083894,-0.027980868615334758,0.0003770383527653259,221.53280712075997,4,-2,0
15:13:40:241,3.938022155521576,2.4681862433481556,221.05432152010826,0.10108518911949867,-0.030462427908397594,-0.0023967934747932363,221.10317280524183,6,-2,0
15:13:40:362,3.929484279057186,2.439529936800361,221.59889970387917,0.07038395094651556,0.041324928548553186,-0.004797664666733241,221.64716218120594,4,2,0
15:13:40:491,3.8821479445025515,2.3681604410610424,221.82658037386673,0.05001055438613541,0.02166525805059264,0.00012321399288256875,221.87318679124158,3,1,0
15:13:40:612,3.9871557948631717,2.443275646420299,221.432186801185,0.08326156881621444,-0.03141308203215896,-0.0036245074633019132,221.4815576041757,5,-2,0
15:13:40:779,4.0169604748712695,2.439540793664553,221.31149836947438,0.07897620605815586,-0.00841463293805148,-0.0028407938263999696,221.36139374625037,5,0,0
15:13:40:898,3.987976315603004,2.4318712511592278,222.01147532439222,-0.0657111425522339,0.03048184640705263,-0.0017499257322763225,222.0606068815206,-4,2,0
15:13:41:019,3.9576156118120545,2.411116647472832,220.94176348810606,0.07598030626350384,-0.03322133589607428,-0.0036295484167619746,220.99035964958466,4,-2,0
15:13:41:145,3.8904188103017274,2.427843588732127,220.55593588143788,0.12122759253266285,0.008221842892826459,0.0020751752386774596,220.6036052188355,7,0,0
15:13:41:266,3.9367545914253377,2.407385434318122,221.27335757913477,0.05757037686695145,-0.018521333019265843,0.00036837379836470894,221.32146826660562,3,-1,0
15:13:41:393,3.987131294810398,2.437552615739931,221.13565415415653,0.08026754121989589,-0.040207514983377705,-0.002621517997890489,221.18502756041894,5,-2,0
15:13:41:512,3.9624820731891197,2.4406599825852053,220.68976071963348,0.09959063891408933,-0.008292005552519308,-0.0031471325575883847,220.7388243418453,6,0,0
15:13:41:637,3.9088230698910666,2.4508239295452965,220.0396179968441,0.13880419962600413,-0.048185156306045134,-0.002420991536720772,220.0879799623833,8,-3,0
15:13:41:759,3.9894566059806533,2.4282471671953134,221.05633912831587,0.10836633382216597,-0.04735333711969981,-0.003563184231803085,221.10566979869373,6,-3,0
15:13:41:881,3.9358125804862776,2.4288608407152688,220.47231235359902,0.1255504267342765,-0.002529434742684432,-0.0011487485885597413,220.520816478162,7,0,0
15:13:42:007,3.8937452997543986,2.459425765667857,220.84809114973524,0.13293217246966094,0.00429416309601354,-0.0035524443690880467,220.8961054252382,8,0,0
15:13:42:128,3.9132966208810815,2.452080479435866,221.68620804442034,0.09429563535024328,0.03684555633378686,-0.0024468627866076047,221.73430367499444,5,2,0
15:13:42:254,3.938022155521576,2.4681862433481556,221.05432152010826,0.10108518911949867,-0.030462427908397594,-0.0023967934747932363,221.10317280524183,6,-2,0
15:13:42:372,3.933177706535106,2.461048629163465,220.99127002000216,0.08823330097456109,-0.020340408970659262,0.00017255275887022084,221.03996939983455,5,-1,0
15:13:42:495,3.9656661453042976,2.411650949557712,220.9192853988756,0.07751309276608864,-0.04584411412202217,-0.001115799646196459,220.9680366691716,4,-3,0
15:13:42:621,3.9024520061138306,2.414543853016374,220.81317898967328,0.08666602663686418,-0.013579844475058575,-0.0029342038717309073,220.86085929653458,5,-1,0
15:13:42:837,3.914361250937234,2.3173675690159317,221.30711695608528,-0.11625220950162994,0.026394168948343427,0.0014931171349655702,221.35386247334193,-7,2,0
15:13:42:948,4.016082586065702,2.437323173952982,221.75347148058884,0.061037838732724906,-0.03357016850341222,-0.0025065760886894906,221.80322715705628,4,-2,0
15:13:43:075,4.000826395247149,2.4364091509766816,220.57654768714067,0.09394818826771222,-0.005093393357706602,-0.0044833006535278785,220.62628150556614,5,0,0
15:13:43:193,3.954542067986386,2.394291096520521,220.92235592540092,0.0863180801193323,0.018678952138941295,9.26622388298649e-05,220.97071837791515,5,1,0
15:13:43:317,3.9708838963719097,2.4348542135296487,221.66057484092858,0.05855189433726176,0.009235840028703611,-0.002161471163644978,221.7095101089949,3,1,0
15:13:43:444,4.02386441749355,2.3558972375445015,221.41631391352243,-0.13668969381516544,0.022669125112060214,-0.0017331086400626061,221.46540543320924,-8,1,0
15:13:43:562,4.017424553241008,2.4694639195314707,221.46905116315637,0.09146160432603498,-0.004907168512288777,-0.0038613208297494117,221.51925102617972,5,0,0
15:13:43:690,3.9992276807471288,2.440958858072021,221.4236068925778,0.03117290082616214,0.03036543117857414,-0.001964747938308119,221.4731717195292,2,2,0
15:13:43:809,3.969305211714462,2.43715591447771,221.13344410321528,0.07913961368730456,-0.004288480738925039,-0.001543879143395371,221.18249300920056,5,0,0
15:13:43:934,3.990522437964643,2.3847395474517623,221.22975063512592,0.05696849828639384,-0.0432698537955074,-0.001826623992793526,221.27858870238006,3,-2,0
15:13:44:053,3.941657157754273,2.3522928030373844,220.93683696810686,-0.12634679152488912,0.0910996519808433,-0.001702170655349149,220.98451500512954,-7,5,0
15:13:44:174,3.9835536988616798,2.4589518543503077,221.55134009573447,0.11210291281800974,0.021643440867221996,-0.0036032686352513044,221.60079296453236,6,1,0
15:13:44:344,3.9375946484044575,2.455896403942972,222.1583253513093,-0.06530941189803816,0.05327986958113282,-0.0002337020216482842,222.20679017901372,-4,3,0
15:13:44:465,3.9624820731891197,2.4406599825852053,220.68976071963348,0.09959063891408933,-0.008292005552519308,-0.0031471325575883847,220.7388243418453,6,0,0
15:13:44:597,4.0069597261095256,2.470734309008182,221.75711975598423,0.08560242117510314,0.02216195851850456,-0.005650377782376673,221.80707927553237,5,1,0
15:13:44:711,3.9385281424077245,2.437570469639411,220.90644270751233,0.08694052196963117,-0.03558294530069998,-0.0013682947712931697,220.95499583265914,5,-2,0
15:13:44:836,3.970897556783142,2.526750933085032,221.33299666999966,0.07940806914383015,-0.000499374834828441,-0.0013569684904123796,221.38303438295898,5,0,0
15:13:44:957,3.7327310650939642,2.418172684528045,221.0300956821987,-0.12715453673740945,0.07707152422951775,-0.00200450006907189,221.07483809248492,-7,4,0
15:13:45:079,3.93580360767673,2.579753744558797,220.46817262691215,0.12501021129698078,-0.002526111696796418,-0.0011426513801706605,220.51839111709188,7,0,0
15:13:45:247,3.8736516286465945,2.4821762457997285,221.5295135410528,-0.15487713487757812,0.021852955849859385,-0.0024998674217038296,221.57728165493597,-9,1,0
15:13:45:364,4.212934306752805,2.5235438815610483,221.76688233525468,0.05859643356729736,0.04915883952342118,-0.0025240516168954564,221.82125053721492,3,3,0
15:13:45:492,4.188328191359503,2.4990912492502417,221.63988638415884,0.05685904496108614,0.08877855173478318,-0.004780066017279265,221.69354250066343,3,5,0
15:13:45:614,4.182465776821679,2.442712138586293,221.53592286748943,0.0788457670398069,0.010227101778222674,-0.006261173942614602,221.58886475478977,5,1,0
15:13:45:734,4.040275420628249,2.4124366231155423,221.48960237813813,0.06184932927520959,0.03372227985011386,-0.004275272730076404,221.5395848094891,4,2,0
15:13:45:888,3.982163655744868,2.3383848715395645,220.70384862197582,-0.16096176665798212,-0.008348817646737212,3.14740856628709e-05,220.7521562017925,-9,0,0
15:13:46:023,4.186958799613208,2.456433107571743,222.2505366204804,0.08641449586637917,0.03181367292684713,-0.003364307389287199,222.30354409161617,5,2,0
15:13:46:147,4.241874354954887,2.3974105176053713,221.70603122113235,0.11494528104546188,0.029238989512798078,-0.0051687536966513944,221.7595665468772,7,2,0
15:13:46:273,4.25303023001945,2.371361629112689,221.53232536414723,0.110774648811677,0.04273882746362624,-0.004966519408455337,221.5858361975329,6,2,0
15:13:46:390,4.267632089917025,2.4637527823298058,221.2870712021549,0.1291619058680099,0.009044852595076733,-0.003728089411527044,221.34193150565687,7,1,0
15:13:46:520,4.3284929734457815,2.3977513435849978,222.3165189492929,0.09840864951096517,0.011420876096809357,-0.0048305205582969786,222.37158015505972,6,1,0
15:13:46:650,4.345676050256223,2.411806890567082,221.9479140903928,0.09273210423746706,0.006684349682071899,-0.004625801027906755,222.0035546604773,5,0,0
15:13:46:765,4.2736379526749575,2.4018203552053947,222.16103645798773,0.06548678663057933,0.03275234773770141,-0.0007790880122537143,222.21511839309355,4,2,0
15:13:46:880,3.9869456030225003,2.2732133614567362,221.67165534134782,-0.07053889074532033,0.06561795623442918,-0.001974042636255676,221.71916023655118,-4,4,0
15:13:47:005,3.689185230613497,2.337991046084376,221.2892382165731,0.09407805627114395,0.034854924350262016,-0.004075278709893333,221.33233663490878,5,2,0
15:13:47:130,4.368291551144243,2.3526626764222724,221.29225025497544,0.07880009044543014,-0.010792274380222198,0.0014629820300530445,221.34786426721067,5,-1,0
15:13:47:254,4.132080554996853,2.345662125114264,221.69524671061663,0.09819154219539634,0.0377379931498574,-0.00019549800948387736,221.74615810561264,6,2,0
15:13:47:380,4.163464023429527,2.2829766953096597,221.64630455683834,0.10454827982642285,0.013478113517886118,-0.003375428114786166,221.69715997046163,6,1,0
15:13:47:499,4.153437464276699,2.3317924792458116,221.44110543691454,0.12131683411509933,0.027180131310699046,-0.00197313539158062,221.49232825553716,7,2,0
15:13:47:619,4.006260946398352,2.371233206825594,221.14714880873623,0.07678281203546651,0.047165577504329016,-0.0031623236216660223,221.1961444056499,4,3,0
15:13:47:745,3.711696562446445,2.4895977991540055,221.10028632473745,0.09968330888361909,-0.011700988322018067,-0.0029033995869310984,221.14545304268435,6,-1,0
15:13:47:869,3.7155920544726606,2.46052867922149,221.14008511670298,0.08282742217839056,0.022752334162956876,-0.0028775359765552053,221.18498382828605,5,1,0
15:13:47:994,4.107686422688242,2.4560838509889864,220.79960945977945,0.1277929592374973,0.04842888838239881,-0.0027596578010289537,220.85147265350383,7,3,0
15:13:48:114,4.158810600202083,2.452110566507456,221.04654214912767,0.11256275441255693,0.04269947247554664,-0.0026456945395982967,221.09925903974624,6,2,0
15:13:48:235,4.214241601457544,2.461486909193986,221.0858039739651,0.13018574966485036,0.01822339724561804,-0.005233934490982663,221.13966507366814,7,1,0
15:13:48:360,4.146292058610741,2.401332519344577,222.18639387075817,0.06375488736055404,0.025015391552536764,-0.002332583917971337,222.23805200054161,4,1,0
15:13:48:482,4.1337039558017485,2.326585907355796,220.91853277195378,0.0803680914968148,0.0028718205757338085,-0.0030908416177697156,220.9694518083695,5,0,0
15:13:48:608,4.161420550039988,2.3419295534589524,221.44996900202165,0.09742395234865922,0.01160172585461118,-0.002404369413973936,221.50144655515007,6,1,0
15:13:48:729,4.133333585940696,2.3412906708804995,221.47638142033156,0.09537567583152996,0.024327751147063453,-0.002619067546690558,221.52732024647074,5,1,0
15:13:48:854,4.1163776341218306,2.3440255897141657,221.47767657705174,0.055072420202357926,0.058278629828252895,-0.0017120805294825315,221.52832830760283,3,3,0
15:13:48:982,4.133333585940696,2.3412906708804995,221.47638142033156,0.09537567583152996,0.024327751147063453,-0.002619067546690558,221.52732024647074,5,1,0
15:13:49:102,4.177237135210606,2.407292391925369,221.65735346887973,0.09211118837064583,-0.006538265430331583,0.0008361188343361702,221.70978037419073,5,0,0
15:13:49:223,4.128824116147719,2.3658083809286032,221.9714887422187,0.08725900095495635,0.009186520243159033,-0.002435899069928139,222.02248996962962,5,1,0
15:13:49:343,4.109290172119628,2.265826022901223,222.1498887869031,-0.04985404138516292,0.05718731153110767,-0.000593870154185889,222.19944491676424,-3,3,0
15:13:49:514,4.1007208983436705,2.3593901512780993,222.68704514907935,0.0021400835395750635,0.04830705169254807,-0.0015509219123460104,222.73729528527585,0,3,0
15:13:49:635,4.159623891327989,2.340069176451281,222.03943702396242,0.07678743859284397,-0.005524154776368374,-0.0020973339375454088,222.09072467932123,4,0,0
15:13:49:765,4.080139191022701,2.3586566737698758,222.26543968385556,0.014359591049630511,0.06943386631694974,-0.004469658402457772,222.31539864566392,1,4,0
15:13:49:885,4.084109180739118,2.3400885144606387,221.1310053640454,0.10258993707367516,-0.015195086081636703,-0.0009054451538454435,221.18109660495216,6,-1,0
15:13:50:005,4.046667704402722,2.3714279575498374,220.93038076401788,0.12766888986697825,0.006618904954604984,-0.0018188204969153676,220.9801627626372,7,0,0
15:13:50:125,4.130172901616496,2.3398481528402497,222.09252117198233,0.074760361370224,0.010781150385096297,-0.0023427852086411443,222.14324472759242,4,1,0
15:13:50:249,4.13925092464407,2.3316796018678256,221.99724225430316,0.1059757834540088,-0.010413501796293358,-0.003218871853407128,222.04807068853063,6,-1,0
15:13:50:373,4.083951118622048,2.3365209989903435,221.64609427309787,0.12516318394107706,0.0009992490120945188,-0.0025168038620549927,221.6960285923882,7,0,0
15:13:50:495,4.092181036222193,2.373193855284944,221.7973065051855,0.10740973110222003,0.030105190747064227,-0.0033077717726522093,221.8477477182565,6,2,0
15:13:50:615,4.024693998123596,2.3575700008037073,221.31730016414426,0.08867083679568862,0.025808583050592443,0.0023095300850339267,221.36644653161224,5,1,0
15:13:50:739,4.135050563044423,2.36892958015033,222.2712900067241,0.08500436710814706,0.009064447823732212,-0.0015372843521251232,222.32237141540185,5,1,0
15:13:50:863,4.0349127070392905,2.2706645645334302,221.9622062941966,-0.1582862626019757,0.07303208434696844,-0.0004450411110528354,222.0104895294489,-9,4,0
15:13:51:019,4.120928865698011,2.358707762646574,221.87376647112262,0.11996616349841635,-0.017476279495216004,-0.0009186991312974905,221.92456782679102,7,-1,0
15:13:51:153,4.115974446646974,2.36656971828594,222.04281846903342,0.08653737205212174,-0.0018008439886836487,8.287687636056964e-06,222.09357291814882,5,0,0
15:13:51:276,4.152447839822085,2.36048106384326,222.23310110493904,0.11369634237714013,0.017240054946798263,-0.0009563658661638637,222.28442572666503,7,1,0
15:13:51:402,4.062132964397321,2.3977150628844095,221.04304931574376,0.13399471102463595,0.0196138671252963,-0.00348384125686941,221.09337306338594,8,1,0
15:13:51:573,4.099438551207797,2.370813107125445,221.60816598690187,0.10777579081645558,0.01424875414269749,-0.00012984313328249313,221.65875886890257,6,1,0
15:13:51:728,4.052066322519245,2.3188058863727057,220.80854758459768,0.11225449627203195,-0.010924666783959813,-0.004070522944113511,220.85789727478686,6,-1,0
15:13:51:848,4.10839621780849,2.2890507714979433,221.68843704579808,0.07067330176880388,-0.003594579801042645,-0.0022178713375170093,221.73831827793268,4,0,0
15:13:51:972,4.140809235046975,2.362427612310514,222.53181908467215,0.06349103852619309,-0.03253628208738477,0.0005374602227118137,222.58287865529485,4,-2,0
15:13:52:097,4.0425533729358545,2.259330241335347,222.15721486128027,-0.13188439352279654,0.020178661248478492,0.003561495917618519,222.2054790634864,-8,1,0
15:13:52:214,4.069290662267106,2.324570296817813,221.37714353878326,0.10826675343840182,0.017721745727170033,-0.0032222919132427106,221.42674281791238,6,1,0
15:13:52:336,4.071931544874349,2.34093739466897,221.49438728044183,0.09417627932087434,0.01801737034679624,-0.0024777146229097366,221.54418117190588,5,1,0
15:13:52:461,4.05620754657923,2.3436937518596355,221.5294016713063,0.0528034687123621,0.05067363157416292,-0.0015611026402629188,221.57892843163222,3,3,0
15:13:52:586,4.111537414553902,2.337597577454583,221.86449978285523,0.07649937113019366,-0.0009275128567472784,-0.0007971113943428867,221.91490568738723,4,0,0
15:13:52:709,4.070343843960384,2.350804564058621,221.52985626480606,0.06831831686601371,0.06256794365708924,-0.003283773308392068,221.57971747841023,4,4,0
15:13:52:874,4.130172901616496,2.3398481528402497,222.09252117198233,0.074760361370224,0.010781150385096297,-0.0023427852086411443,222.14324472759242,4,1,0
15:13:52:992,4.080243086107058,2.3493201743485845,221.442124714758,0.0675558211944563,-0.0007895244908588015,-0.00288596062615389,221.49217206734363,4,0,0
15:13:53:121,4.163253053715295,2.368580663660513,222.2448888454522,0.0850355660227608,-0.00386738517794288,-0.0013061180065673296,222.2964990013944,5,0,0
15:13:53:238,4.084109180739118,2.3400885144606387,221.1310053640454,0.10258993707367516,-0.015195086081636703,-0.0009054451538454435,221.18109660495216,6,-1,0
15:13:53:360,4.135050563044423,2.36892958015033,222.2712900067241,0.08500436710814706,0.009064447823732212,-0.0015372843521251232,222.32237141540185,5,1,0
15:13:53:489,4.028775732742972,2.309451883253773,222.1470422430659,-0.049269988037755744,0.09163956239812242,0.0007677372845319568,222.19557371659837,-3,5,0
15:13:53:606,4.110091410896654,2.341531561360789,222.06626830175955,0.03146469483971547,0.050071623672849105,-0.0014457317877272196,222.1166430930556,2,3,0
15:13:53:731,4.0623084828877865,2.3448103805206584,221.02139448717858,0.11535273283204223,0.01745797248474792,-0.004157492241684309,221.07115892170953,7,1,0
15:13:53:854,4.127656513369604,2.3220853640801282,222.0347431547395,0.0850689708738435,-0.027621684050464224,-0.002303342957260834,222.0852466881165,5,-2,0
15:13:53:984,4.1698932986526485,2.3436749516855286,222.24537542212806,0.07837849744248525,-0.018941366723831083,-0.0028234204766809426,222.29684594911362,4,-1,0
15:13:54:100,4.105242056681025,2.257630311236575,222.1146808227187,-0.1356260206249797,0.02434288473699761,0.003566102191232251,222.16408653052895,-8,1,0
15:13:54:223,4.140569699620324,2.348107158419488,221.91856114597869,0.050725174868291215,-0.01679513902365194,-0.00271242729085498,221.96960536471275,3,-1,0
15:13:54:349,4.132758349027894,2.3946878051027807,222.14397693541136,0.09709311367556181,0.009022626372170882,-0.0016431475346062104,222.19532108020624,6,1,0
15:13:54:471,4.101065217816447,2.3438800546953593,221.82548103716817,0.09102582765674828,-0.02104029319336897,0.0007497571253240907,221.8757682736054,5,-1,0
15:13:54:593,4.104201000874676,2.3384645628463496,223.01833385024173,0.04407387055290271,0.008393169458605333,-0.002795940298271252,223.06835301249063,3,0,0
15:13:54:715,4.097777469738553,2.3185954631090495,221.774184500469,0.08491855738767042,0.015421474839816521,-0.00553130945856051,221.82415688098786,5,1,0
15:13:54:840,4.103958193507066,2.3417299869804196,221.4140667686862,0.09812054605434013,-0.0043047050658211955,-0.0024334406352882173,221.46447826961824,6,0,0
15:13:55:005,4.094821186956888,2.348676828524745,221.4901040842552,0.06474579966198235,0.016497205000748652,-0.0015220029893352448,221.54040275004513,4,1,0
15:13:55:141,4.130172901616496,2.3398481528402497,222.09252117198233,0.074760361370224,0.010781150385096297,-0.0023427852086411443,222.14324472759242,4,1,0
15:13:55:246,4.115974446646974,2.36656971828594,222.04281846903342,0.08653737205212174,-0.0018008439886836487,8.287687636056964e-06,222.09357291814882,5,0,0
15:13:55:374,4.087822374511909,2.343693418708429,221.65837599386552,0.09535405007603324,0.03238291063741256,-0.004090435224657188,221.70845459486725,5,2,0
15:13:55:494,4.102664701430036,2.289467432477933,222.12722252351898,-0.044096787177640366,0.06711458040170369,-0.0024536650728154944,222.1769036258937,-3,4,0
15:13:55:618,4.115974446646974,2.36656971828594,222.04281846903342,0.08653737205212174,-0.0018008439886836487,8.287687636056964e-06,222.09357291814882,5,0,0
15:13:55:738,4.110674245990264,2.3638232018074605,221.72148907666903,0.09019616611599775,-0.004042498841235517,-0.0008733258965040168,221.77218946761903,5,0,0
15:13:55:901,4.130172901616496,2.3398481528402497,222.09252117198233,0.074760361370224,0.010781150385096297,-0.0023427852086411443,222.14324472759242,4,1,0
15:13:56:028,4.104449579251547,2.3486239570100995,222.55161992591457,0.03240565468115616,0.04213233155946131,0.00266548960940553,222.60185550100158,2,2,0
15:13:56:192,4.137597186992867,2.3709254992476763,221.60448371650577,0.1080296468059155,0.021959232823865527,-0.0018359185717232486,221.6557876561401,6,1,0
15:13:56:312,4.110091410896654,2.341531561360789,222.06626830175955,0.03146469483971547,0.050071623672849105,-0.0014457317877272196,222.1166430930556,2,3,0
15:13:56:439,4.110674245990264,2.3638232018074605,221.72148907666903,0.09019616611599775,-0.004042498841235517,-0.0008733258965040168,221.77218946761903,5,0,0
15:13:56:561,4.149955878032791,2.3503047279171434,222.1529225740584,0.04833803814294225,-0.0279483299329988,-0.0034494328852971825,222.2041112902713,3,-2,0
15:13:56:681,4.12042434928094,2.3450623712272862,222.14332784874253,0.08451388190262112,-0.007851018127904258,-0.0007852523100190101,222.19391378266192,5,0,0
15:13:56:851,4.017358874742862,2.320249888542221,221.72639337318563,-0.06294101210422816,0.09884148572754126,2.804416282246562e-05,221.77492250061638,-4,6,0
15:13:56:974,4.110091410896654,2.341531561360789,222.06626830175955,0.03146469483971547,0.050071623672849105,-0.0014457317877272196,222.1166430930556,2,3,0
15:13:57:094,4.1163776341218306,2.3440255897141657,221.47767657705174,0.055072420202357926,0.058278629828252895,-0.0017120805294825315,221.52832830760283,3,3,0
15:13:57:265,4.13364269295952,2.3315911737961903,222.5671546717137,0.04251202786998329,0.019007375302113792,-0.0033593556271092596,222.61774785038435,2,1,0
15:13:57:381,4.101065217816447,2.3438800546953593,221.82548103716817,0.09102582765674828,-0.02104029319336897,0.0007497571253240907,221.8757682736054,5,-1,0
15:13:57:505,4.079739992686377,2.381758977397395,221.7253502224083,0.0821625256381624,0.0524687681799432,-0.002456777993927406,221.77567040927633,5,3,0
15:13:57:623,4.070343843960384,2.350804564058621,221.52985626480606,0.06831831686601371,0.06256794365708924,-0.003283773308392068,221.57971747841023,4,4,0
15:13:57:789,4.072759294242005,2.2790019595258704,222.40112733379286,-0.08277204356967342,0.052023135259706525,-0.0009561138376249366,222.45009026193338,-5,3,0
15:13:58:010,4.106575157001255,2.321607714891431,221.66193417421172,0.09455363317428518,-0.03924270829653797,-0.000796413053377479,221.71212615406156,5,-2,0
15:13:58:126,4.120253921250538,2.3731062741105955,221.8141419366733,0.10673449214344533,0.019025763223028538,-0.0030817342374940123,221.8650979511344,6,1,0
15:13:58:245,4.099467920106854,2.3761008339203755,222.12943526242296,0.05823948808720221,0.03256101272476896,-0.0001286089982751765,222.1799664740363,3,2,0
15:13:58:366,4.044893967378919,2.342555229581006,220.80088440052018,0.1167687670215113,0.004361884055662494,-0.002572051204049269,220.85035495616222,7,0,0
15:13:58:486,4.122723378023815,2.3776134664196458,222.1663496834404,0.06005828322984274,-0.0071591476578709455,0.002659290167764704,222.21731891441792,3,0,0
15:13:58:612,4.110674245990264,2.3638232018074605,221.72148907666903,0.09019616611599775,-0.004042498841235517,-0.0008733258965040168,221.77218946761903,5,0,0
15:13:58:738,4.068872248449862,2.2927885957744594,221.46290584170492,-0.13254343199438937,0.028538601732897604,0.002563597415640401,221.51214699147081,-8,2,0
15:13:58:854,4.104026284231534,2.3808881100812656,221.8467708853024,0.07668602112138441,0.008513076629540324,-0.003622993090984699,221.8975020413034,4,0,0
15:13:58:989,4.079304289508652,2.3000514612788314,221.89469176435338,-0.06503468278352724,0.06756926411328631,0.0009557333006602347,221.94410375905085,-4,4,0
15:13:59:102,4.044658177862568,2.2875297527944003,221.68643032140344,-0.09200651254470373,0.03887951177810628,-2.904407692364488e-05,221.73512450848227,-5,2,0
15:13:59:232,4.01956141122487,2.306640192518651,221.98430426205869,-0.05060888074149858,0.05884251288560225,0.000867375992381388,222.03267507649994,-3,3,0
15:13:59:394,4.111964364943046,2.368339919211192,221.26334694587194,0.11226612052262099,-0.020741154477740924,5.2107692086061645e-05,221.3142245464597,6,-1,0
15:13:59:521,4.110091410896654,2.341531561360789,222.06626830175955,0.03146469483971547,0.050071623672849105,-0.0014457317877272196,222.1166430930556,2,3,0
15:13:59:637,4.111537414553902,2.337597577454583,221.86449978285523,0.07649937113019366,-0.0009275128567472784,-0.0007971113943428867,221.91490568738723,4,0,0
15:13:59:804,4.115974446646974,2.36656971828594,222.04281846903342,0.08653737205212174,-0.0018008439886836487,8.287687636056964e-06,222.09357291814882,5,0,0
15:13:59:986,4.136668770212218,2.2939654649392858,222.75504386622688,-8.068429971266249e-05,0.017244245920767988,-0.00469016045571936,222.8052599781106,0,1,0
15:14:00:193,4.124117712857726,2.3724571975973308,222.32159685700805,0.044006180242920266,0.033080702831731895,-0.0005450486763187928,222.3725012880728,3,2,0
15:14:00:342,4.084109180739118,2.3400885144606387,221.1310053640454,0.10258993707367516,-0.015195086081636703,-0.0009054451538454435,221.18109660495216,6,-1,0
15:14:00:469,4.142636543281001,2.3435181421610123,222.3224062203439,0.07577179579776219,-0.005996205687482489,-0.003030838685057818,222.3733478239152,4,0,0
15:14:00:593,4.014715461423806,2.3752400790303834,220.8721743508835,0.09336832009880047,0.0668402216279287,-3.02483013691397e-05,220.9214274536454,5,4,0
15:14:00:708,4.114140021069727,2.3924948800559998,221.9011139333856,0.09939831531568381,-0.0030633234449492243,-8.114236991188414e-05,221.95214471759772,6,0,0
15:14:00:836,4.110101789669468,2.3398153467883107,221.06520994117957,0.10389575864333024,-0.02536277387401049,-0.0007087789108005014,221.11579482008133,6,-1,0
15:14:00:956,4.078666199263012,2.3469167650490186,221.84217746231946,0.09700861553777305,0.017379303139845058,-0.0024970241772219602,221.8920801594557,6,1,0
15:14:01:074,4.072682459526665,2.2343016081979576,221.74972832667362,-0.12475872793500116,0.07469523723275955,-0.0009662892015318807,221.79837884674922,-7,4,0
15:14:01:193,4.130172901616496,2.3398481528402497,222.09252117198233,0.074760361370224,0.010781150385096297,-0.0023427852086411443,222.14324472759242,4,1,0
15:14:01:314,4.055315626400257,2.3652085013507183,221.85844034572983,0.08928563704898138,0.05761241508435501,-0.0056426834992261655,221.9081056399796,5,3,0
15:14:01:441,4.110091410896654,2.341531561360789,222.06626830175955,0.03146469483971547,0.050071623672849105,-0.0014457317877272196,222.1166430930556,2,3,0
15:14:01:563,4.106137309633031,2.370603769645464,221.58090827326683,0.10809504074807258,-0.001386923017779165,-0.0016735544989592932,221.63162914404637,6,0,0
15:14:01:692,4.130172901616496,2.3398481528402497,222.09252117198233,0.074760361370224,0.010781150385096297,-0.0023427852086411443,222.14324472759242,4,1,0
15:14:01:813,4.145503295287779,2.325222001460947,221.81361537029392,0.05137289224053374,-0.032515173568983764,-0.00429689426721165,221.86453483729213,3,-2,0
15:14:01:935,4.1124476547192765,2.316875073976389,222.3767006544366,0.06396277870836814,0.01761437321589177,0.000856487327767127,222.42679049470215,4,1,0
15:14:02:059,4.071570426810128,2.361850180205809,221.82611799233175,0.08303026099993834,0.028286776651144787,-0.0037217822038176757,221.87605243820727,5,2,0
15:14:02:181,4.115974446646974,2.36656971828594,222.04281846903342,0.08653737205212174,-0.0018008439886836487,8.287687636056964e-06,222.09357291814882,5,0,0
15:14:02:306,4.096384047250862,2.3610116956939384,221.55101806909508,0.133364532905285,0.01679098265666956,-0.001276659139994898,221.60146286959,8,1,0
15:14:02:426,4.111537414553902,2.337597577454583,221.86449978285523,0.07649937113019366,-0.0009275128567472784,-0.0007971113943428867,221.91490568738723,4,0,0
15:14:02:545,4.140569699620324,2.348107158419488,221.91856114597869,0.050725174868291215,-0.01679513902365194,-0.00271242729085498,221.96960536471275,3,-1,0
15:14:02:698,4.087822374511909,2.343693418708429,221.65837599386552,0.09535405007603324,0.03238291063741256,-0.004090435224657188,221.70845459486725,5,2,0
15:14:02:877,4.092181036222193,2.373193855284944,221.7973065051855,0.10740973110222003,0.030105190747064227,-0.0033077717726522093,221.8477477182565,6,2,0
15:14:03:039,4.049938422982074,2.2607716179851467,221.85287144165227,-0.11392719687310447,0.0327144790749263,-0.0006653142433634264,221.90135118210733,-7,2,0
15:14:03:162,4.118551056674525,2.346761202316559,221.6614093063232,0.055437604778470054,-0.02306693930216912,-0.0012533968189430357,221.71208836374367,3,-1,0
15:14:03:281,4.070061015995177,2.2476684956299833,222.23959106061886,-0.10432600698417312,0.05211084839273254,-0.0007154299497666896,222.28822111198622,-6,3,0
15:14:03:405,4.077134971772324,2.3354043918817373,222.2124752653429,0.012613656326433763,0.07613111820231153,-0.002762687991495336,222.2621454652193,1,4,0
15:14:03:533,4.049938422982074,2.2607716179851467,221.85287144165227,-0.11392719687310447,0.0327144790749263,-0.0006653142433634264,221.90135118210733,-7,2,0
15:14:03:696,4.111537414553902,2.337597577454583,221.86449978285523,0.07649937113019366,-0.0009275128567472784,-0.0007971113943428867,221.91490568738723,4,0,0
15:14:03:817,4.084237591500673,2.393321837691103,221.1921160653714,0.12100349514164588,-0.011879533888971897,-0.00020672268595548675,221.24276529549917,7,-1,0
15:14:03:947,4.080360826932464,2.3441638951420956,222.42527411499262,-0.08416409932295339,0.039626744439579496,0.000839212255634309,222.47504807050802,-5,2,0
15:14:04:065,4.084109180739118,2.3400885144606387,221.1310053640454,0.10258993707367516,-0.015195086081636703,-0.0009054451538454435,221.18109660495216,6,-1,0
15:14:04:191,4.110324663252411,2.403923006932114,221.45266397743913,0.09100741492939352,-0.014539822480348028,-0.0019580006791125593,221.5038509763773,5,-1,0
15:14:04:311,4.093381968190857,2.326536104951543,221.54422710219643,0.10783411011716268,-0.021349392760452793,-0.0029536472362236862,221.59425332913023,6,-1,0
15:14:04:432,4.086267393774996,2.3687452122823336,221.3079840142146,0.11183172116515284,-0.011895520870151496,-0.00013831776883899382,221.35837983579933,6,-1,0
15:14:04:557,4.139691527711234,2.3749167989623707,221.7995639735783,0.06548286029139364,-0.018905256716416588,-0.0027982579652467954,221.85090456118508,4,-1,0
15:14:04:678,4.084109180739118,2.3400885144606387,221.1310053640454,0.10258993707367516,-0.015195086081636703,-0.0009054451538454435,221.18109660495216,6,-1,0
15:14:04:806,4.019620221189721,2.3237488545842364,221.7589095977393,0.04975079241639452,0.040970114377683525,-0.004546543932886888,221.80750920886354,3,2,0
15:14:04:925,4.046667704402722,2.3714279575498374,220.93038076401788,0.12766888986697825,0.006618904954604984,-0.0018188204969153676,220.9801627626372,7,0,0
15:14:05:051,4.1170444109720075,2.340746640256202,221.65467958381592,0.08925616054211935,-0.020680689404368728,-0.0024057245888018854,221.70526861335497,5,-1,0
15:14:05:170,4.064625311427396,2.3243469260409326,221.96675988257368,0.044887202117549874,0.04764446890380245,-0.0031820987213395805,222.01613963926815,3,3,0
15:14:05:307,4.106137309633031,2.370603769645464,221.58090827326683,0.10809504074807258,-0.001386923017779165,-0.0016735544989592932,221.63162914404637,6,0,0
15:14:05:423,4.065596524305126,2.373429680117856,221.9169567460346,0.05860801196664709,0.03957179875189953,-0.005971442410526826,221.96688477105386,3,2,0
15:14:05:607,4.048758941238243,2.360135889134035,221.12952682028674,0.09936326347421079,0.05097002270472262,-0.0009575056913806291,221.1791814844773,6,3,0
15:14:05:788,4.220899112113785,2.3867177148581296,221.91285524625363,0.0870492574564674,0.03640802001556569,-0.003916202545795845,221.96582560004543,5,2,0
15:14:05:912,4.178272812634956,2.4195503562132434,221.3752016594938,0.12576254347122678,0.09942263977769993,-0.0023279409425754445,221.42784851369666,7,6,0
15:14:06:039,4.294595255556213,2.420056353163494,222.49997545618467,0.0946941585019407,0.08653001151881376,-0.0022218694869948334,222.55457600140312,5,5,0
15:14:06:162,4.32068057627963,2.446725835455498,222.70956190278193,0.09845857920896608,0.04271541007447799,-0.0034677391281949196,222.76490682081229,6,2,0
15:14:06:283,4.08936837406796,2.3169158116659183,221.05521535138553,0.10161381029467233,-0.029911018810447824,-0.0024499637517607256,221.10517693311616,6,-2,0
15:14:06:402,4.137713618418407,2.315185892293098,222.1114436444511,0.06793525522144736,-0.005375486547688456,-0.003849414772613483,222.16204481757475,4,0,0
15:14:06:524,4.12042434928094,2.3450623712272862,222.14332784874253,0.08451388190262112,-0.007851018127904258,-0.0007852523100190101,222.19391378266192,5,0,0
15:14:06:652,4.080246939118506,2.348248262000795,220.687096489014,0.08707294209815636,0.01834026529778255,-0.00025629989590519555,220.73730369318085,5,1,0
15:14:06:773,4.130172901616496,2.3398481528402497,222.09252117198233,0.074760361370224,0.010781150385096297,-0.0023427852086411443,222.14324472759242,4,1,0
15:14:06:938,4.106776102310781,2.3899352942430614,222.59816481253685,0.07381645647937801,0.030802826658953203,-0.0029944403584359174,222.6488723945722,4,2,0
15:14:07:105,4.10358516094919,2.265175823367548,221.4879145029541,-0.15370252317547745,0.04887822633171432,0.0020893064824538464,221.53750631338218,-9,3,0
15:14:07:225,4.10358516094919,2.265175823367548,221.4879145029541,-0.15370252317547745,0.04887822633171432,0.0020893064824538464,221.53750631338218,-9,3,0
15:14:07:353,4.10450830494791,2.3959318640223377,222.06836658788927,0.055550811944235674,0.02198134436476299,0.0008796009160868882,222.11921780191736,3,1,0
15:14:07:466,4.042987311628971,2.45064344679403,221.0162888057305,0.11062287041543861,-0.02094986202732403,0.0007124049602038752,221.0668480735259,6,-1,0
15:14:07:592,4.084323939388599,2.2514202401277337,221.90252180938552,-0.14675342904099145,0.05720237015470361,0.00016503709099225479,221.95152574493451,-8,3,0
15:14:07:758,4.130303219156807,2.394712302489372,221.44707914326696,0.11682480168474532,-0.0102704340490573,-0.001547479625161212,221.49853930168075,7,-1,0
15:14:07:877,4.159623891327989,2.340069176451281,222.03943702396242,0.07678743859284397,-0.005524154776368374,-0.0020973339375454088,222.09072467932123,4,0,0
15:14:07:998,4.094102294730037,2.3093704934084798,222.04747339928684,-0.10670252796163797,0.04464741039524504,0.0023677181805131097,222.0972203983709,-6,3,0
15:14:08:127,4.110472808785908,2.371214763465186,221.9529673323184,0.05276336240750821,0.044801910805086,-0.0016287861805056778,222.0036899553416,3,3,0
15:14:08:245,4.161420550039988,2.3419295534589524,221.44996900202165,0.09742395234865922,0.01160172585461118,-0.002404369413973936,221.50144655515007,6,1,0
15:14:08:372,4.110472808785908,2.371214763465186,221.9529673323184,0.05276336240750821,0.044801910805086,-0.0016287861805056778,222.0036899553416,3,3,0
15:14:08:493,4.10450830494791,2.3959318640223377,222.06836658788927,0.055550811944235674,0.02198134436476299,0.0008796009160868882,222.11921780191736,3,1,0
15:14:08:747,4.080750071447717,2.334582631609591,221.78551900104688,-0.027643133323427386,0.008379903031101242,-0.002789820648882282,221.83534262099255,-2,0,0
15:14:08:887,4.106776102310781,2.3899352942430614,222.59816481253685,0.07381645647937801,0.030802826658953203,-0.0029944403584359174,222.6488723945722,4,2,0
15:14:09:058,4.0939214680341705,2.440995344871068,221.75082978530853,0.11418327364018921,0.03169690087855707,0.0010569498203733879,221.80204949849536,7,2,0
15:14:09:234,4.322253984782124,2.4673331685464617,221.75967686429453,0.07819455133382548,0.08659386466067778,-0.004257910649548659,221.8155177065615,4,5,0
15:14:09:372,err,err,err,err,err,err,err,err,err,err
15:14:09:534,4.286562198920887,2.4125878159606375,221.5978546129276,0.10467670515655698,0.02410861127241725,-0.004238891690305435,221.65244046594012,6,1,0
15:14:09:693,4.1778714774773995,2.344532223168738,221.6378432987577,0.09760328234693258,0.02584959401545946,-0.004008150924416405,221.68961415355585,6,1,0
15:14:09:808,4.131107848798384,2.341207951145879,221.37074596744338,0.09828975411768291,-0.015869899533068686,-0.0022140575921019328,221.42166668352775,6,-1,0
15:14:09:932,4.146644146838253,2.374165627203461,221.36776105227108,0.07653459278614784,0.03770953263436771,-0.0016485625955437123,221.41932380305312,4,2,0
15:14:10:056,4.11803517105194,2.3905780086331982,221.87921617113844,0.09632979158452751,0.028516351532442693,-0.0010102275808950552,221.93030357660524,6,2,0
15:14:10:177,4.1453043833014735,2.3443515965403727,222.08938578101305,0.03705335636932382,0.02472649506719887,-0.0011861977404210014,222.1404393833461,2,1,0
15:14:10:295,4.204438105042009,2.347454653800209,221.1803613713499,0.11637180335946591,0.002838044866108265,-0.002586553578331109,221.23277356551787,7,0,0
15:14:10:419,4.1778714774773995,2.344532223168738,221.6378432987577,0.09760328234693258,0.02584959401545946,-0.004008150924416405,221.68961415355585,6,1,0
15:14:10:543,4.116983573653739,2.3439554984049673,221.6661825978749,0.0956580059704846,0.018864489661162713,-0.003850928720275729,221.71680177343043,5,1,0
15:14:10:666,4.0931934380417925,2.3453817440365166,221.46469865108836,0.10441754726017324,-0.0206583563162418,-0.0008541429637297489,221.51493808920395,6,-1,0
15:14:10:787,4.075950690858927,2.316691544487811,222.02075115942753,0.07392379655190343,-0.015111167419117156,-0.0037386719157527113,222.07024649678547,4,-1,0
15:14:10:912,4.088046358906106,2.3232399800680135,221.85482095132252,0.0925607852875342,-0.0020844836893109202,-0.003966591826270524,221.90464426501066,5,0,0
15:14:11:035,4.06190871904522,2.345067895945951,221.59942506192587,0.0999230506446591,0.001994325300626164,-0.0009064567211035188,221.64905511563668,6,0,0
15:14:11:157,4.121227413963823,2.399863756721127,221.8485255476827,0.07090064833286341,0.01802423915050542,-0.003265920559243403,221.89977951572925,4,1,0
15:14:11:281,4.2835659080474295,2.383988308783135,221.72996675765032,0.03955131811908358,-0.007262367523249381,-0.0036011717474163634,221.78415294040673,2,0,0
15:14:11:444,4.258771961455231,2.44245115668633,221.52910711781928,0.07848868106776924,0.036978851159895375,-0.0013076112153714312,221.58350120595784,4,2,0
15:14:11:562,4.230081174233977,2.4221329045713516,221.50369187577448,0.12686670681654694,0.04813046535164004,-0.002043627879868066,221.55731951155678,7,3,0
15:14:11:689,4.305545476779074,2.4656673402685403,222.45701808780433,0.05338128077835843,0.06311411108122074,-0.003189226495156881,222.51234153143773,3,4,0
15:14:11:835,4.386007070585169,2.496869671970975,221.86622826849572,0.04476709676356691,0.09627975894775966,-0.0033267725006086812,221.92362348851077,3,6,0
15:14:11:975,4.404023038450588,2.537577900609167,222.6620695064357,0.061019681389082286,0.09026614690030758,-0.004127284404506477,222.72007524561783,3,5,0
15:14:12:098,4.163383864182784,2.378659777258025,222.41377546506357,0.05489666920931463,0.040046020780653585,-0.0038286555125370434,222.46545642899304,3,2,0
15:14:12:260,4.114140021069727,2.3924948800559998,221.9011139333856,0.09939831531568381,-0.0030633234449492243,-8.114236991188414e-05,221.95214471759772,6,0,0
15:14:12:383,4.334800798510167,2.457101086034854,223.15263751551245,0.06088842885565124,-0.012924064592129275,-0.005177777651089499,223.2082603172191,3,-1,0
15:14:12:552,4.412426483264174,2.498717784132975,222.50702643403798,0.07620178992698394,0.06750374849296158,-0.004288906808593817,222.56479935190254,4,4,0
15:14:12:673,4.187521049212393,2.374002146918899,221.06461285914907,0.12917361253608536,-0.0065388580453681535,-0.000262744414937378,221.11701489776092,7,0,0
15:14:12:792,4.14611676845331,2.349562856214572,221.76041114103307,0.10454425996921415,0.05209219503294698,-0.0018690310473338035,221.81161078562363,6,3,0
15:14:12:917,4.198033431991743,2.3179026322358123,220.9150449196812,0.10728236412803702,0.005272251085284646,-0.0025355476879442528,220.9670863028551,6,0,0
15:14:13:043,4.214327993300217,2.3520801176115844,221.34876466925843,0.12098997352223965,-0.01060521232543611,-0.003309577946333751,221.40137411931644,7,-1,0
15:14:13:168,4.191462865016738,2.368451660746561,222.28889511076807,0.08343068050156632,0.026975787863011018,-0.0015088465627426451,222.34102368610286,5,2,0
15:14:13:288,4.18235074983809,2.339111728092927,221.85693187897584,0.12468644391453253,0.025070258543890094,-0.004274736007602716,221.9086787942817,7,1,0
15:14:13:411,4.229250632783594,2.3585921418376037,223.26741824617866,0.032345625741388565,-0.008734754754804524,0.0005613167487487694,223.31992649139153,2,-1,0
15:14:13:534,4.20503723492801,2.4066966525795452,221.73310808839636,0.08864195957637397,0.025767053452663904,0.0006182220453612582,221.78603596589468,5,1,0
15:14:13:655,4.219243933612783,2.3604548482221857,221.56577166793292,0.13175239006957665,0.03130966560899608,-0.0013145030117653002,221.6185121808835,8,2,0
15:14:13:781,4.1610891428635846,2.3536313834016607,221.09963530303813,0.13082568099381373,0.03892019709601683,-0.003661870105710156,221.15131239646817,7,2,0
15:14:13:902,4.205874511762646,2.3801898277872904,221.86726095143527,0.0745432436118553,0.02905778690712128,0.0007238902506100347,221.91988681981,4,2,0
15:14:14:032,4.241898805788257,2.3977836125256795,221.6874124316976,0.1162634620008348,0.030762338612287953,-0.0034404082960565316,221.74095675448103,7,2,0
15:14:14:148,4.2577618616561095,2.357641232844221,221.5734054821191,0.12631253039184992,-0.038371170110307384,-0.00017070050299660612,221.6268508669402,7,-2,0
15:14:14:273,4.27642365604199,2.3399010401927707,222.45149263419083,0.06406374569442327,0.036912250905849986,-0.0016850904315233758,222.5048977243946,4,2,0
15:14:14:393,4.254582207765957,2.3704645288631463,221.61158792484392,0.10677131864439907,0.006830307527132071,-0.0015290284739575808,221.6650998114409,6,0,0
15:14:14:516,4.287281851972556,2.368974177115607,222.26864165779264,0.08502550250505801,0.009534746197093035,-0.0015683044245527588,222.3226076869609,5,1,0
15:14:14:642,4.239224350575879,2.3679505213134218,222.3041835232744,0.08193206804028642,0.02601830606753841,0.0028596382328023705,222.35720861873483,5,1,0
15:14:14:763,4.214517164829216,2.349347253772227,221.5133371401034,0.11117727683900284,0.07995958399494055,-0.0005614104054782679,221.56588211725324,6,5,0
15:14:14:889,4.213743450137972,2.3745120562301536,221.92195501843028,0.10680344943994276,0.05555951293748761,-0.0005016898042545441,221.9746563474555,6,3,0
15:14:15:009,4.089880556702655,2.3737000128221095,222.75049172851405,0.0334456879631559,-0.008018192462313374,0.002729878966107247,222.80068029522212,2,0,0
15:14:15:131,4.1106812498335845,2.378621819420586,222.45035266182555,0.053825836389886375,0.023680277552281363,0.0008848262826582894,222.5010448098348,3,1,0
15:14:15:256,4.110771557346475,2.3176556600666043,221.3904195502163,0.09384947459369253,-0.020267632223349156,-0.003944391144563644,221.44070953457523,5,-1,0
15:14:15:381,4.125285910425833,2.4038406907984995,221.53297096927432,0.08856387841490518,-0.040411708179910515,-0.0021474430373083233,221.58441655581927,5,-2,0
15:14:15:547,4.114140021069727,2.3924948800559998,221.9011139333856,0.09939831531568381,-0.0030633234449492243,-8.114236991188414e-05,221.95214471759772,6,0,0
15:14:15:672,4.063732410463254,2.40324897920053,221.54412423341824,0.08695107636198471,0.03750444523361034,-0.0009094446044453179,221.59442346122373,5,2,0
15:14:15:788,4.000841977513188,2.408156804887841,221.075846963399,0.11060669894916474,0.019257915543285997,0.00036748250262851924,221.1251592793325,6,1,0
15:14:15:912,4.069168822880595,2.380659448364236,221.5113983487355,0.08593153879039306,-0.010637096139898066,0.002332477207367737,221.56156090967215,5,-1,0
15:14:16:032,4.0404047466613795,2.380476363329826,221.0109675539195,0.09986288859544283,0.02201303459359653,-0.0009150188102156752,221.0607140976272,6,1,0
15:14:16:159,4.046667704402722,2.3714279575498374,220.93038076401788,0.12766888986697825,0.006618904954604984,-0.0018188204969153676,220.9801627626372,7,0,0
15:14:16:280,4.058034968495504,2.3528513911685756,221.7819356013454,0.06542907179053277,0.055758261340627883,-0.0017486537529452886,221.8315363435816,4,3,0
15:14:16:404,3.9218836930339602,2.453105782543124,223.0753118490012,0.05479496328830403,0.02837718815736216,-0.0005403441617823197,223.12327009124613,3,2,0
15:14:16:526,4.0200049422546575,2.409067996168675,225.11932340709248,0.03996645415502085,-0.0937572314044583,0.0011246672555842434,225.1681012479632,2,-5,0
15:14:16:647,3.974598355662859,2.3854533544612377,224.83505161031368,0.04520443753159893,-0.09587450592815282,0.00425957461210496,224.88283227584887,3,-5,0
15:14:16:772,3.970143460796375,2.347030127753376,223.36033955455514,0.05440859729558704,-0.14193723472823513,0.0011685725100150464,223.40794944550666,3,-8,0
15:14:16:894,4.020810998339712,2.4183295747077684,224.34734707225033,0.035700334161967745,-0.12422237307446976,0.0005512083860476704,224.3964067835602,2,-7,0
15:14:17:022,4.022966025265331,2.405963604089491,223.58039018931322,0.03179772014755731,-0.11096718559673267,0.0005114933003345592,223.6295235287823,2,-6,0
15:14:17:234,4.796834233764219,4.0091649892764805,204.51456001584552,0.724081653318173,-0.05491210349395123,0.13648460162808254,204.61008841465352,41,-6,6
15:14:17:344,4.8228963531387405,4.035157759125656,204.84992431634296,0.7231566691732341,-0.055198279935914044,0.13342291570505493,204.94641816773864,41,-6,6
15:14:17:471,4.042994869850604,2.412482616970214,222.13666749393627,0.04343415072972672,-0.15661085622764137,0.0013890567742633718,222.18655433037893,3,-9,0
15:14:17:635,4.059573790614028,2.406469634195616,222.2772287098877,0.024907027007337205,-0.14569537446539002,-0.00012614640167400842,222.32732094461417,1,-8,0
15:14:17:756,3.888280328682011,2.4546665602166198,223.12633016649474,-0.0479757006943461,0.15190265402002487,0.001691745438005757,223.1737066175222,-3,9,0
15:14:17:919,4.077298018716395,2.5282003803402238,222.62829680300473,0.04271902982915771,-0.12208262800052141,-0.0002963225957333175,222.6799826964771,2,-7,0
15:14:18:045,4.032928089812878,2.498105921990112,223.06112964336705,0.008376405420521905,-0.1058959366338402,0.0015451929602168341,223.11156984780078,0,-6,0
15:14:18:165,3.9702830887786793,2.4760608309661065,222.9528574226886,-0.04235084236550492,0.10949531622801628,0.0018033031100186396,223.0019521394048,-2,6,0
15:14:18:288,4.05842446639207,2.5326774087585977,222.43937925204133,0.058145506258135894,-0.0874662981264644,0.0008174777183483756,222.49081488016472,3,-5,0
15:14:18:417,4.03193450777084,2.5131515316732447,221.96421561177172,0.030069356324727126,-0.09838384788898727,0.0003214628161055757,222.01505678364518,2,-6,0
15:14:18:537,4.075127588686374,2.5368405041716535,221.87545187682832,0.03738870246762695,-0.10252925994289856,-0.0012323407525061086,221.92737183627088,2,-6,0
15:14:18:660,3.9497549497052216,2.504040678938904,222.28123643512924,-0.05807451626956487,0.12174992096539805,-0.0022065602125137824,222.3304271911839,-3,7,0
15:14:18:781,4.04602468851069,2.5344423036601937,221.8729706131812,0.03216764816673911,-0.0909990219712907,-0.002923868044387555,221.92433125344365,2,-5,0
15:14:18:905,4.047751914339195,2.5243746690953186,221.60485062484864,0.06671074054564932,-0.0999818294232723,-0.002304747793995016,221.65619004099904,4,-6,0
15:14:19:034,4.044935252089733,2.534380637368272,221.48795368126693,0.04462135247638759,-0.09902111448978763,-0.0013670696523650392,221.5393829826284,3,-6,0
15:14:19:150,4.032175437849809,2.5288719542368026,221.40780364446522,0.08277642918605396,-0.11501688198083679,-0.0007541344990633224,221.45895589654666,5,-7,0
15:14:19:275,4.044935252089733,2.534380637368272,221.48795368126693,0.04462135247638759,-0.09902111448978763,-0.0013670696523650392,221.5393829826284,3,-6,0
15:14:19:394,4.075127588686374,2.5368405041716535,221.87545187682832,0.03738870246762695,-0.10252925994289856,-0.0012323407525061086,221.92737183627088,2,-6,0
15:14:19:518,4.060414096532886,2.542064632871669,221.6482546973414,0.05673908823935834,-0.12032538908396347,0.0003185038532469592,221.7000177393104,3,-7,0
15:14:19:644,4.078415455255844,2.5262818618577345,222.03270073933317,0.057326585178360256,-0.10311252434672968,-0.0021696139923280773,222.0845239323837,3,-6,0
15:14:19:762,4.032909496731498,2.5263243682269083,222.85144340499934,0.03073694367688105,-0.11370251874610215,-0.00020538953896971981,222.90224875831547,2,-7,0
15:14:19:895,4.019784117600718,2.5355899727771942,221.2243860665862,0.055631628120190575,-0.09822214934966567,2.3921112932516878e-05,221.27543214600246,3,-6,0
15:14:20:052,3.947112814017684,2.4889181245728706,221.97213352577486,-0.08745320123173544,0.12071738897180968,-0.0002790929011834777,222.02117573551814,-5,7,0
15:14:20:176,4.046271505630013,2.509402092620424,220.11963057336106,0.08044116910179155,-0.098308107488557,0.0021697605884671203,220.17111794173337,5,-6,0
15:14:20:300,4.0350467154594725,2.497014322539647,220.54173889023826,0.08778931868126183,-0.14435705060432955,0.0032071377909402956,220.5927815574502,5,-8,0
15:14:20:420,4.0298742331666775,2.5399284131225217,221.2799006530559,0.06381716376768572,-0.11529965743302861,0.0001706338685452631,221.33116715841268,4,-7,0
15:14:20:588,4.075127588686374,2.5368405041716535,221.87545187682832,0.03738870246762695,-0.10252925994289856,-0.0012323407525061086,221.92737183627088,2,-6,0
15:14:20:709,3.918526458517822,2.486949182292336,221.8412573244013,-0.08760757251212564,0.13057590103241315,-0.0004054587460961608,221.8897997139856,-5,7,0
15:14:20:834,4.060414096532886,2.542064632871669,221.6482546973414,0.05673908823935834,-0.12032538908396347,0.0003185038532469592,221.7000177393104,3,-7,0
15:14:20:953,4.075127588686374,2.5368405041716535,221.87545187682832,0.03738870246762695,-0.10252925994289856,-0.0012323407525061086,221.92737183627088,2,-6,0
15:14:21:076,4.039582443830019,2.5398034702119037,221.11624469389565,0.06844152999913872,-0.09748729619937244,-0.0002452668737591546,221.1677248052223,4,-6,0
15:14:21:245,4.044935252089733,2.534380637368272,221.48795368126693,0.04462135247638759,-0.09902111448978763,-0.0013670696523650392,221.5393829826284,3,-6,0
15:14:21:362,3.947112814017684,2.4889181245728706,221.97213352577486,-0.08745320123173544,0.12071738897180968,-0.0002790929011834777,222.02117573551814,-5,7,0
15:14:21:488,4.044935252089733,2.534380637368272,221.48795368126693,0.04462135247638759,-0.09902111448978763,-0.0013670696523650392,221.5393829826284,3,-6,0
15:14:21:617,4.075127588686374,2.5368405041716535,221.87545187682832,0.03738870246762695,-0.10252925994289856,-0.0012323407525061086,221.92737183627088,2,-6,0
15:14:21:736,4.044935252089733,2.534380637368272,221.48795368126693,0.04462135247638759,-0.09902111448978763,-0.0013670696523650392,221.5393829826284,3,-6,0
15:14:21:858,4.044935252089733,2.534380637368272,221.48795368126693,0.04462135247638759,-0.09902111448978763,-0.0013670696523650392,221.5393829826284,3,-6,0
15:14:21:981,4.0298742331666775,2.5399284131225217,221.2799006530559,0.06381716376768572,-0.11529965743302861,0.0001706338685452631,221.33116715841268,4,-7,0
15:14:22:102,4.075127588686374,2.5368405041716535,221.87545187682832,0.03738870246762695,-0.10252925994289856,-0.0012323407525061086,221.92737183627088,2,-6,0
15:14:22:255,3.947112814017684,2.4889181245728706,221.97213352577486,-0.08745320123173544,0.12071738897180968,-0.0002790929011834777,222.02117573551814,-5,7,0
15:14:22:390,4.044935252089733,2.534380637368272,221.48795368126693,0.04462135247638759,-0.09902111448978763,-0.0013670696523650392,221.5393829826284,3,-6,0
15:14:22:512,4.044935252089733,2.534380637368272,221.48795368126693,0.04462135247638759,-0.09902111448978763,-0.0013670696523650392,221.5393829826284,3,-6,0
15:14:22:639,4.044935252089733,2.534380637368272,221.48795368126693,0.04462135247638759,-0.09902111448978763,-0.0013670696523650392,221.5393829826284,3,-6,0
15:14:22:759,4.0552432256703925,2.538686900433749,221.53466509028934,0.05315459148859612,-0.11693790001879434,-0.0012245453127522597,221.58632125080382,3,-7,0
15:14:22:885,4.044935252089733,2.534380637368272,221.48795368126693,0.04462135247638759,-0.09902111448978763,-0.0013670696523650392,221.5393829826284,3,-6,0
15:14:23:005,4.075212593955309,2.534717192130761,221.3276832099618,0.050627163679487365,-0.11904402652798617,0.00013559594549977284,221.3797088805097,3,-7,0
15:14:23:131,4.0298742331666775,2.5399284131225217,221.2799006530559,0.06381716376768572,-0.11529965743302861,0.0001706338685452631,221.33116715841268,4,-7,0
15:14:23:290,4.019784117600718,2.5355899727771942,221.2243860665862,0.055631628120190575,-0.09822214934966567,2.3921112932516878e-05,221.27543214600246,3,-6,0
15:14:23:412,4.044935252089733,2.534380637368272,221.48795368126693,0.04462135247638759,-0.09902111448978763,-0.0013670696523650392,221.5393829826284,3,-6,0
15:14:23:541,4.0632857349817675,2.538387417829639,220.96566978447785,0.07023441958910413,-0.10644269326737603,-6.904701903599871e-05,221.01760320153238,4,-6,0
15:14:23:659,4.047622435757586,2.542349512256772,220.76091589438772,0.0853399456120776,-0.12150297627310658,0.0014870938878487245,220.81265537770668,5,-7,0
15:14:23:829,4.019784117600718,2.5355899727771942,221.2243860665862,0.055631628120190575,-0.09822214934966567,2.3921112932516878e-05,221.27543214600246,3,-6,0
15:14:23:956,4.075127588686374,2.5368405041716535,221.87545187682832,0.03738870246762695,-0.10252925994289856,-0.0012323407525061086,221.92737183627088,2,-6,0
15:14:24:077,4.020291439235342,2.5357955638356624,221.67171264530066,0.041656457201129884,-0.08712399101755243,-0.001559584450919993,221.7226672884365,2,-5,0
15:14:24:200,4.0298742331666775,2.5399284131225217,221.2799006530559,0.06381716376768572,-0.11529965743302861,0.0001706338685452631,221.33116715841268,4,-7,0
15:14:24:317,4.044935252089733,2.534380637368272,221.48795368126693,0.04462135247638759,-0.09902111448978763,-0.0013670696523650392,221.5393829826284,3,-6,0
15:14:24:437,4.044935252089733,2.534380637368272,221.48795368126693,0.04462135247638759,-0.09902111448978763,-0.0013670696523650392,221.5393829826284,3,-6,0
15:14:24:563,4.075127588686374,2.5368405041716535,221.87545187682832,0.03738870246762695,-0.10252925994289856,-0.0012323407525061086,221.92737183627088,2,-6,0
15:14:24:685,4.044935252089733,2.534380637368272,221.48795368126693,0.04462135247638759,-0.09902111448978763,-0.0013670696523650392,221.5393829826284,3,-6,0
15:14:24:809,4.075127588686374,2.5368405041716535,221.87545187682832,0.03738870246762695,-0.10252925994289856,-0.0012323407525061086,221.92737183627088,2,-6,0
15:14:24:931,4.044935252089733,2.534380637368272,221.48795368126693,0.04462135247638759,-0.09902111448978763,-0.0013670696523650392,221.5393829826284,3,-6,0
15:14:25:094,4.075127588686374,2.5368405041716535,221.87545187682832,0.03738870246762695,-0.10252925994289856,-0.0012323407525061086,221.92737183627088,2,-6,0
15:14:25:221,4.0298742331666775,2.5399284131225217,221.2799006530559,0.06381716376768572,-0.11529965743302861,0.0001706338685452631,221.33116715841268,4,-7,0
15:14:25:347,4.044935252089733,2.534380637368272,221.48795368126693,0.04462135247638759,-0.09902111448978763,-0.0013670696523650392,221.5393829826284,3,-6,0
15:14:25:467,4.0298742331666775,2.5399284131225217,221.2799006530559,0.06381716376768572,-0.11529965743302861,0.0001706338685452631,221.33116715841268,4,-7,0
15:14:25:589,4.0298742331666775,2.5399284131225217,221.2799006530559,0.06381716376768572,-0.11529965743302861,0.0001706338685452631,221.33116715841268,4,-7,0
15:14:25:803,4.075127588686374,2.5368405041716535,221.87545187682832,0.03738870246762695,-0.10252925994289856,-0.0012323407525061086,221.92737183627088,2,-6,0
15:14:25:930,4.044935252089733,2.534380637368272,221.48795368126693,0.04462135247638759,-0.09902111448978763,-0.0013670696523650392,221.5393829826284,3,-6,0
15:14:26:055,4.075127588686374,2.5368405041716535,221.87545187682832,0.03738870246762695,-0.10252925994289856,-0.0012323407525061086,221.92737183627088,2,-6,0
15:14:26:210,4.044935252089733,2.534380637368272,221.48795368126693,0.04462135247638759,-0.09902111448978763,-0.0013670696523650392,221.5393829826284,3,-6,0
15:14:26:336,4.044935252089733,2.534380637368272,221.48795368126693,0.04462135247638759,-0.09902111448978763,-0.0013670696523650392,221.5393829826284,3,-6,0
15:14:26:454,4.019784117600718,2.5355899727771942,221.2243860665862,0.055631628120190575,-0.09822214934966567,2.3921112932516878e-05,221.27543214600246,3,-6,0
15:14:26:573,4.044935252089733,2.534380637368272,221.48795368126693,0.04462135247638759,-0.09902111448978763,-0.0013670696523650392,221.5393829826284,3,-6,0
15:14:26:695,4.075127588686374,2.5368405041716535,221.87545187682832,0.03738870246762695,-0.10252925994289856,-0.0012323407525061086,221.92737183627088,2,-6,0
15:14:26:862,4.019784117600718,2.5355899727771942,221.2243860665862,0.055631628120190575,-0.09822214934966567,2.3921112932516878e-05,221.27543214600246,3,-6,0
15:14:26:982,4.004790628449412,2.540653883550169,220.97897217292362,0.07467091114477678,-0.11573145920316,0.0015851417315611571,221.02986090737934,4,-7,0
15:14:27:133,4.019784117600718,2.5355899727771942,221.2243860665862,0.055631628120190575,-0.09822214934966567,2.3921112932516878e-05,221.27543214600246,3,-6,0
15:14:27:271,4.044935252089733,2.534380637368272,221.48795368126693,0.04462135247638759,-0.09902111448978763,-0.0013670696523650392,221.5393829826284,3,-6,0
15:14:27:394,4.044935252089733,2.534380637368272,221.48795368126693,0.04462135247638759,-0.09902111448978763,-0.0013670696523650392,221.5393829826284,3,-6,0
15:14:27:524,4.020291439235342,2.5357955638356624,221.67171264530066,0.041656457201129884,-0.08712399101755243,-0.001559584450919993,221.7226672884365,2,-5,0
15:14:27:643,4.0298742331666775,2.5399284131225217,221.2799006530559,0.06381716376768572,-0.11529965743302861,0.0001706338685452631,221.33116715841268,4,-7,0
15:14:27:760,3.9953323553880584,2.5366491022021243,221.4108299763437,0.051852503873390646,-0.08676099847578883,-0.00016694923727687613,221.46140273219416,3,-5,0
15:14:27:882,4.044935252089733,2.534380637368272,221.48795368126693,0.04462135247638759,-0.09902111448978763,-0.0013670696523650392,221.5393829826284,3,-6,0
15:14:28:025,3.947112814017684,2.4889181245728706,221.97213352577486,-0.08745320123173544,0.12071738897180968,-0.0002790929011834777,222.02117573551814,-5,7,0
15:14:28:179,4.0298742331666775,2.5399284131225217,221.2799006530559,0.06381716376768572,-0.11529965743302861,0.0001706338685452631,221.33116715841268,4,-7,0
15:14:28:303,4.0298742331666775,2.5399284131225217,221.2799006530559,0.06381716376768572,-0.11529965743302861,0.0001706338685452631,221.33116715841268,4,-7,0
15:14:28:421,4.044935252089733,2.534380637368272,221.48795368126693,0.04462135247638759,-0.09902111448978763,-0.0013670696523650392,221.5393829826284,3,-6,0
15:14:28:543,4.075127588686374,2.5368405041716535,221.87545187682832,0.03738870246762695,-0.10252925994289856,-0.0012323407525061086,221.92737183627088,2,-6,0
15:14:28:669,4.0298742331666775,2.5399284131225217,221.2799006530559,0.06381716376768572,-0.11529965743302861,0.0001706338685452631,221.33116715841268,4,-7,0
15:14:28:790,4.044935252089733,2.534380637368272,221.48795368126693,0.04462135247638759,-0.09902111448978763,-0.0013670696523650392,221.5393829826284,3,-6,0
15:14:28:914,4.044935252089733,2.534380637368272,221.48795368126693,0.04462135247638759,-0.09902111448978763,-0.0013670696523650392,221.5393829826284,3,-6,0
15:14:29:032,4.019784117600718,2.5355899727771942,221.2243860665862,0.055631628120190575,-0.09822214934966567,2.3921112932516878e-05,221.27543214600246,3,-6,0
15:14:29:186,4.019784117600718,2.5355899727771942,221.2243860665862,0.055631628120190575,-0.09822214934966567,2.3921112932516878e-05,221.27543214600246,3,-6,0
15:14:29:334,4.044935252089733,2.534380637368272,221.48795368126693,0.04462135247638759,-0.09902111448978763,-0.0013670696523650392,221.5393829826284,3,-6,0
15:14:29:536,4.036752413124234,2.543793096757535,221.82848655302803,0.05462179751060009,-0.11046859993601314,0.0001375714345329906,221.87979560962938,3,-6,0
15:14:29:666,4.020291439235342,2.5357955638356624,221.67171264530066,0.041656457201129884,-0.08712399101755243,-0.001559584450919993,221.7226672884365,2,-5,0
15:14:29:775,4.0352829646272825,2.5428587391075688,221.37416488738896,0.06701022493593081,-0.11986535577770407,0.0017279702263401173,221.42554170366284,4,-7,0
15:14:29:939,4.020291439235342,2.5357955638356624,221.67171264530066,0.041656457201129884,-0.08712399101755243,-0.001559584450919993,221.7226672884365,2,-5,0
15:14:30:060,3.9813866799494724,2.5420058796615734,221.1372180154065,0.07250939285601056,-0.10721925675929955,0.0014123460142573417,221.18766336615823,4,-6,0
15:14:30:235,4.075127588686374,2.5368405041716535,221.87545187682832,0.03738870246762695,-0.10252925994289856,-0.0012323407525061086,221.92737183627088,2,-6,0
15:14:30:349,4.075127588686374,2.5368405041716535,221.87545187682832,0.03738870246762695,-0.10252925994289856,-0.0012323407525061086,221.92737183627088,2,-6,0
15:14:30:474,4.0298742331666775,2.5399284131225217,221.2799006530559,0.06381716376768572,-0.11529965743302861,0.0001706338685452631,221.33116715841268,4,-7,0
15:14:30:599,4.104272133297987,2.5045207140680747,221.11160874104544,0.038878936489362956,-0.14135059925266266,0.001326129738072719,221.16387859188157,2,-8,0
15:14:30:711,3.947112814017684,2.4889181245728706,221.97213352577486,-0.08745320123173544,0.12071738897180968,-0.0002790929011834777,222.02117573551814,-5,7,0
15:14:30:840,4.044935252089733,2.534380637368272,221.48795368126693,0.04462135247638759,-0.09902111448978763,-0.0013670696523650392,221.5393829826284,3,-6,0
15:14:30:958,4.020291439235342,2.5357955638356624,221.67171264530066,0.041656457201129884,-0.08712399101755243,-0.001559584450919993,221.7226672884365,2,-5,0
15:14:31:085,3.947112814017684,2.4889181245728706,221.97213352577486,-0.08745320123173544,0.12071738897180968,-0.0002790929011834777,222.02117573551814,-5,7,0
15:14:31:210,3.947112814017684,2.4889181245728706,221.97213352577486,-0.08745320123173544,0.12071738897180968,-0.0002790929011834777,222.02117573551814,-5,7,0
15:14:31:370,4.006268014584241,2.5414914569145375,221.4419006938296,0.06195483594127631,-0.10619317899614258,-5.359701520743691e-06,221.49271939530234,4,-6,0
15:14:31:494,4.075127588686374,2.5368405041716535,221.87545187682832,0.03738870246762695,-0.10252925994289856,-0.0012323407525061086,221.92737183627088,2,-6,0
15:14:31:623,4.020291439235342,2.5357955638356624,221.67171264530066,0.041656457201129884,-0.08712399101755243,-0.001559584450919993,221.7226672884365,2,-5,0
15:14:31:739,4.044935252089733,2.534380637368272,221.48795368126693,0.04462135247638759,-0.09902111448978763,-0.0013670696523650392,221.5393829826284,3,-6,0
15:14:31:861,4.019784117600718,2.5355899727771942,221.2243860665862,0.055631628120190575,-0.09822214934966567,2.3921112932516878e-05,221.27543214600246,3,-6,0
15:14:31:986,3.9989419897264415,2.5263054565680805,221.42499594644633,0.07620037066753818,-0.09278282580688979,-0.0010603914362707439,221.47551238496064,4,-5,0
15:14:32:108,4.044935252089733,2.534380637368272,221.48795368126693,0.04462135247638759,-0.09902111448978763,-0.0013670696523650392,221.5393829826284,3,-6,0
15:14:32:233,4.044935252089733,2.534380637368272,221.48795368126693,0.04462135247638759,-0.09902111448978763,-0.0013670696523650392,221.5393829826284,3,-6,0
15:14:32:412,4.019784117600718,2.5355899727771942,221.2243860665862,0.055631628120190575,-0.09822214934966567,2.3921112932516878e-05,221.27543214600246,3,-6,0
15:14:32:559,4.044935252089733,2.534380637368272,221.48795368126693,0.04462135247638759,-0.09902111448978763,-0.0013670696523650392,221.5393829826284,3,-6,0
15:14:32:683,4.044935252089733,2.534380637368272,221.48795368126693,0.04462135247638759,-0.09902111448978763,-0.0013670696523650392,221.5393829826284,3,-6,0
15:14:32:847,3.9497549497052216,2.504040678938904,222.28123643512924,-0.05807451626956487,0.12174992096539805,-0.0022065602125137824,222.3304271911839,-3,7,0
15:14:32:966,3.947112814017684,2.4889181245728706,221.97213352577486,-0.08745320123173544,0.12071738897180968,-0.0002790929011834777,222.02117573551814,-5,7,0
15:14:33:093,4.044935252089733,2.534380637368272,221.48795368126693,0.04462135247638759,-0.09902111448978763,-0.0013670696523650392,221.5393829826284,3,-6,0
15:14:33:209,4.019784117600718,2.5355899727771942,221.2243860665862,0.055631628120190575,-0.09822214934966567,2.3921112932516878e-05,221.27543214600246,3,-6,0
15:14:33:341,4.047751914339195,2.5243746690953186,221.60485062484864,0.06671074054564932,-0.0999818294232723,-0.002304747793995016,221.65619004099904,4,-6,0
15:14:33:464,3.947112814017684,2.4889181245728706,221.97213352577486,-0.08745320123173544,0.12071738897180968,-0.0002790929011834777,222.02117573551814,-5,7,0
15:14:33:583,4.059743171871969,2.5093352015925823,221.11133286502894,0.04991007643152529,-0.13739686350311445,0.0013747583237435869,221.16283548355304,3,-8,0
15:14:33:712,4.0352829646272825,2.5428587391075688,221.37416488738896,0.06701022493593081,-0.11986535577770407,0.0017279702263401173,221.42554170366284,4,-7,0
15:14:33:830,4.044935252089733,2.534380637368272,221.48795368126693,0.04462135247638759,-0.09902111448978763,-0.0013670696523650392,221.5393829826284,3,-6,0
15:14:33:953,4.044935252089733,2.534380637368272,221.48795368126693,0.04462135247638759,-0.09902111448978763,-0.0013670696523650392,221.5393829826284,3,-6,0
15:14:34:076,4.032175437849809,2.5288719542368026,221.40780364446522,0.08277642918605396,-0.11501688198083679,-0.0007541344990633224,221.45895589654666,5,-7,0
15:14:34:196,4.019784117600718,2.5355899727771942,221.2243860665862,0.055631628120190575,-0.09822214934966567,2.3921112932516878e-05,221.27543214600246,3,-6,0
15:14:34:323,3.9891283211182342,2.5268143037960638,221.6368641392171,0.07097006477918774,-0.10879743816826906,-0.0006562708048166512,221.68716128985457,4,-6,0
15:14:34:442,4.044935252089733,2.534380637368272,221.48795368126693,0.04462135247638759,-0.09902111448978763,-0.0013670696523650392,221.5393829826284,3,-6,0
15:14:34:571,4.075127588686374,2.5368405041716535,221.87545187682832,0.03738870246762695,-0.10252925994289856,-0.0012323407525061086,221.92737183627088,2,-6,0
15:14:34:691,4.0608031365346795,2.5156048057457796,221.95446561604754,0.035806578621218915,-0.1098464441382823,0.002014891401153096,222.00586297788988,2,-6,0
15:14:34:813,4.0298742331666775,2.5399284131225217,221.2799006530559,0.06381716376768572,-0.11529965743302861,0.0001706338685452631,221.33116715841268,4,-7,0
15:14:34:936,4.044935252089733,2.534380637368272,221.48795368126693,0.04462135247638759,-0.09902111448978763,-0.0013670696523650392,221.5393829826284,3,-6,0
15:14:35:059,4.044935252089733,2.534380637368272,221.48795368126693,0.04462135247638759,-0.09902111448978763,-0.0013670696523650392,221.5393829826284,3,-6,0
15:14:35:186,4.044935252089733,2.534380637368272,221.48795368126693,0.04462135247638759,-0.09902111448978763,-0.0013670696523650392,221.5393829826284,3,-6,0
15:14:35:304,4.00425873489556,2.508747513890814,220.54261060596164,0.06645077125203687,-0.1292250463567804,0.002617422997281209,220.59322517928166,4,-7,0
15:14:35:431,4.019784117600718,2.5355899727771942,221.2243860665862,0.055631628120190575,-0.09822214934966567,2.3921112932516878e-05,221.27543214600246,3,-6,0
15:14:35:548,4.044935252089733,2.534380637368272,221.48795368126693,0.04462135247638759,-0.09902111448978763,-0.0013670696523650392,221.5393829826284,3,-6,0
15:14:35:678,4.0298742331666775,2.5399284131225217,221.2799006530559,0.06381716376768572,-0.11529965743302861,0.0001706338685452631,221.33116715841268,4,-7,0
15:14:35:794,4.0298742331666775,2.5399284131225217,221.2799006530559,0.06381716376768572,-0.11529965743302861,0.0001706338685452631,221.33116715841268,4,-7,0
15:14:35:915,4.075127588686374,2.5368405041716535,221.87545187682832,0.03738870246762695,-0.10252925994289856,-0.0012323407525061086,221.92737183627088,2,-6,0
15:14:36:042,4.044935252089733,2.534380637368272,221.48795368126693,0.04462135247638759,-0.09902111448978763,-0.0013670696523650392,221.5393829826284,3,-6,0
15:14:36:162,4.044935252089733,2.534380637368272,221.48795368126693,0.04462135247638759,-0.09902111448978763,-0.0013670696523650392,221.5393829826284,3,-6,0
15:14:36:291,3.947112814017684,2.4889181245728706,221.97213352577486,-0.08745320123173544,0.12071738897180968,-0.0002790929011834777,222.02117573551814,-5,7,0
15:14:36:412,4.044935252089733,2.534380637368272,221.48795368126693,0.04462135247638759,-0.09902111448978763,-0.0013670696523650392,221.5393829826284,3,-6,0
15:14:36:534,4.044935252089733,2.534380637368272,221.48795368126693,0.04462135247638759,-0.09902111448978763,-0.0013670696523650392,221.5393829826284,3,-6,0
15:14:36:657,4.0428609449812996,2.5139948702907957,221.38962327733506,0.05011505936521525,-0.05103205617136883,0.0011449495901723655,221.4408051595474,3,-3,0
15:14:36:781,err,err,err,err,err,err,err,err,err,err
15:14:36:902,err,err,err,err,err,err,err,err,err,err
15:14:37:027,err,err,err,err,err,err,err,err,err,err
15:14:37:149,4.074817424925952,2.3415474446755304,221.14969184497704,-0.17475947238825087,0.0008143195391363632,0.0029151191547616595,221.19962293053408,-10,0,0
15:14:37:276,4.050533375317317,2.3091791740175305,220.7736911412387,-0.1948045380984099,0.037515110191406166,0.0005289572548297271,220.82291961933964,-11,2,0
15:14:37:394,4.101274687253361,2.2590291631150987,220.42435989486546,-0.20314575147787545,0.05075413838590213,-0.0023055296583971477,220.47408487593566,-12,3,0
15:14:37:521,4.068580509429801,2.3291776988431865,221.5557083703933,-0.16115471111878438,0.029791982291495593,0.0007596416780459832,221.6053030223358,-9,2,0
15:14:37:768,4.1901893582663865,2.4225332819232057,221.2494918115221,0.09023341036060331,-0.006683397880227573,-0.0008154884907524814,221.30242651452545,5,0,0
15:14:37:888,err,err,err,err,err,err,err,err,err,err
15:14:38:017,4.15120594014059,2.342963100811731,221.70038518142067,-0.12201912504552527,0.04345541399797278,-0.0004500316471881496,221.7516240671971,-7,2,0
15:14:38:134,4.112693230242984,2.433104354509253,220.88535568573408,0.12259451220618638,0.041854423238804395,-0.002876872814635826,220.93703763475077,7,2,0
15:14:38:259,4.039539423028188,2.4381439900245425,221.37663828992166,0.07422428777801912,0.07894240700182949,-0.0001568697723718673,221.42691436546983,4,5,0
15:14:38:381,4.090967368426929,2.4064057760389206,220.78615914652525,0.11508631646802467,0.04307209353237486,0.0003437674382941575,220.83716823361792,7,2,0
15:14:38:503,4.092816711316171,2.469638520975858,221.7438542532424,0.08371776374194474,-0.006049162925700345,0.002629646739367633,221.79537227394968,5,0,0
15:14:38:632,4.101752048521652,2.3811381441976622,220.97615473042453,0.10217505454342656,0.02754252839712501,-0.0010609582283414396,221.0270461915777,6,2,0
15:14:38:751,4.050499739937911,2.40413424687393,222.06226568755503,0.0736954847392159,0.041819933738341,0.0008534303931494414,222.11221544955717,4,2,0
15:14:38:881,4.067745475812838,2.4061834878005715,221.38113588712216,0.0977590849434803,-0.012171383021892978,0.002261228070582634,221.43157769140652,6,-1,0
15:14:39:007,4.076797117687923,2.432782644057769,221.58790583516452,0.10212324106481928,0.01864191921682746,0.0021527289431609513,221.63875725726706,6,1,0
15:14:39:122,4.015970991670098,2.422536383478567,221.50677249673137,0.12777916910251205,0.04266361269416825,-0.001881446735812316,221.55641937766987,7,2,0
15:14:39:245,4.013123356370338,2.4228864839820337,222.1898493821311,0.10935897413510189,0.03077991126578946,-0.001606843679530807,222.2392960446955,6,2,0
15:14:39:366,4.080042602459173,2.4327718606454862,220.93882864763745,0.12052112221549124,0.03063325054966298,0.0018809723147072187,220.9898892048094,7,2,0
15:14:39:493,4.084224006629313,2.4668348188380658,221.46643400630245,0.08620778973648746,0.03380742750440896,-0.0031438983601043786,221.51782671204518,5,2,0
15:14:39:615,4.813246192455879,3.976940492144298,200.3534579064132,0.7467575757904654,-0.04566392933342207,0.13551353954985426,200.45072085089677,43,-5,6
15:14:39:734,4.8760464942672375,3.944294926241805,200.72069835065415,0.7455351294107335,-0.038317666224180515,0.1355194876270423,200.81865460721951,43,-5,6
15:14:39:857,4.093266352978695,2.4019576346901306,221.33240492002219,0.09023166969074892,0.010987089625007253,-0.0037664183148957042,221.38328233540113,5,1,0
15:14:39:982,4.077074442330036,2.384433660349484,220.5142127363312,0.12179847672359013,0.013106920738562435,-0.004066500818817606,220.56478884584646,7,1,0
15:14:40:101,4.07609853096818,2.376301379319165,221.37976443778325,0.08049944510234523,0.047312351798201514,-0.002381832590114572,221.43003746106334,5,3,0
15:14:40:229,4.090967368426929,2.4064057760389206,220.78615914652525,0.11508631646802467,0.04307209353237486,0.0003437674382941575,220.83716823361792,7,2,0
15:14:40:351,4.133785206348613,2.361302425292826,221.85559063412208,-0.017733929765619758,0.039577423082962464,-0.0007558456250779843,221.90666286727642,-1,2,0
15:14:40:483,4.056261171298154,2.432102574478674,220.25039151554637,0.13818988012706143,0.04429734420900739,-0.002949889976180014,220.30116509082296,8,3,0
15:14:40:598,4.0940150272713,2.32234524759854,220.6718177152279,0.07873378355683477,0.03157784834899381,-0.0008727727632510549,220.722009279173,5,2,0
15:14:40:721,4.122934511056439,2.362405369815009,221.0010980336554,0.0621334805567035,0.02504215522185593,-0.0037949713993037596,221.0521768275426,4,1,0
15:14:40:840,4.069466601065583,2.2998348495971106,220.63898354546632,-0.14206901845582287,0.040633230290201605,0.0018606922756218025,220.6884928099541,-8,2,0
15:14:40:967,4.133785206348613,2.361302425292826,221.85559063412208,-0.017733929765619758,0.039577423082962464,-0.0007558456250779843,221.90666286727642,-1,2,0
15:14:41:089,4.0643661166625265,2.363732605481005,220.40799313000963,0.08241074981080218,0.03316602545755831,-0.00395673111389656,220.45813602441362,5,2,0
15:14:41:218,4.101752048521652,2.3811381441976622,220.97615473042453,0.10217505454342656,0.02754252839712501,-0.0010609582283414396,221.0270461915777,6,2,0
15:14:41:345,4.134454858017169,2.3940868034090483,220.4661005467187,0.09885788346223671,-0.009794996071969845,-0.00012179576817510036,220.51786063462325,6,-1,0
15:14:41:502,4.159650334892299,2.4273250284914036,221.18449153107107,0.10213481985595256,0.0011897614053208423,-0.0055391136097185205,221.23691801225436,6,0,0
15:14:41:616,4.108880540115443,2.4357987474585725,220.94287837859142,0.12606003395394957,0.009917266402657646,-0.0036697066834380666,220.99450563543,7,1,0
15:14:41:743,4.105697729598068,2.357323596453606,220.8757664329784,0.05480294699210002,0.014348977404931167,-0.002192313575608556,220.92649892156635,3,1,0
15:14:41:868,4.1396249822418145,2.4110632246628443,221.5421071296062,0.05717621859571763,0.0136124992323151,-0.003001515216230816,221.59389646895247,3,1,0
15:14:41:988,4.151083277747443,2.38131895673109,220.521788015212,0.07047592448837749,-0.006492119267506321,-0.005172970076103882,220.57370913546922,4,0,0
15:14:42:113,4.109540849660515,2.4142703346992023,220.90104031519834,0.08329024359101303,0.009297152067061554,-0.0015214023333787587,220.95245334591993,5,1,0
15:14:42:235,4.096055622764536,2.374928047658427,220.37863484661995,0.10644933734371027,0.05645417035118396,-0.0020350523833311774,220.4294913385144,6,3,0
15:14:42:362,4.125036788365183,2.4108090383590866,221.49529364328373,0.05816917870330942,0.04468635785487369,0.00013787104049689815,221.54681905829585,3,3,0
15:14:42:480,4.1123550258334545,2.3796269404051054,221.25280270002855,0.04490553163963458,0.059410414517498546,-0.0007353750297053465,221.30381106264701,3,3,0
15:14:42:603,4.090967368426929,2.4064057760389206,220.78615914652525,0.11508631646802467,0.04307209353237486,0.0003437674382941575,220.83716823361792,7,2,0
15:14:42:729,4.1396249822418145,2.4110632246628443,221.5421071296062,0.05717621859571763,0.0136124992323151,-0.003001515216230816,221.59389646895247,3,1,0
15:14:42:848,4.116223512597811,2.380266195397226,220.605496413823,0.0657109872693182,0.02376322017310783,-0.0038147316443033004,220.65673343715548,4,1,0
15:14:42:974,4.161781056503098,2.4017782764518376,221.31649506613374,0.09022458808462396,0.0016580731214839081,-0.005445014859524164,221.36865168494276,5,0,0
15:14:43:096,4.09959664250699,2.4061045023483953,220.8533894070426,0.11250741664664522,0.027254718451498856,-0.0011599675728964415,220.90453966382466,6,2,0
15:14:43:218,4.1428628729360755,2.4302312840927898,221.373411206577,0.10280990836987759,0.003085125738701587,-0.0024078928076368008,221.42551010693046,6,0,0
15:14:43:344,4.133785206348613,2.361302425292826,221.85559063412208,-0.017733929765619758,0.039577423082962464,-0.0007558456250779843,221.90666286727642,-1,2,0
15:14:43:471,4.115333608734252,2.415415227843415,220.8092278732969,0.08838322152697636,-0.007011493637674291,-0.003104954557727317,220.86078265603342,5,0,0
15:14:43:591,4.113597600245158,2.4406975724548943,220.68661735720463,0.09961439631699383,-0.007787804953956421,-0.0031835229972460894,220.73844651628357,6,0,0
15:14:43:711,4.102183212746018,2.4144608239630965,220.8990327061268,0.0837607535791238,0.025359783914865167,1.9532074908761843e-05,220.9503115605042,5,1,0
15:14:43:842,4.109540849660515,2.4142703346992023,220.90104031519834,0.08329024359101303,0.009297152067061554,-0.0015214023333787587,220.95245334591993,5,1,0
15:14:43:959,4.078745287968615,2.461500910556439,221.09146574120183,0.08598460235177267,0.031087293396218844,-0.003108796830588152,221.14278503593513,5,2,0
15:14:44:080,4.130159561212169,2.4637911132392647,221.30547774360008,0.08448654980380813,0.02559190566682591,-0.0016562864567794648,221.35772623510076,5,1,0
15:14:44:200,4.1427009550286895,2.4618493323434225,220.49299782098996,0.10414725723591188,0.012013685102179775,-0.003083486744544473,220.54565232945544,6,1,0
15:14:44:325,4.063001557310273,2.4671898796001135,220.2213523096175,0.12295676617207756,0.03014236044111211,-0.003453871059040662,220.2726470096398,7,2,0
15:14:44:448,4.084496293869546,2.3349878166919193,221.11693206010642,-0.1208291508095575,0.07202057952643995,-5.902740776430115e-05,221.1669797274278,-7,4,0
15:14:44:571,4.100420854112273,2.291703791310155,221.3918831227151,-0.13295097347978194,0.05300887550629928,0.0027309408682045155,221.441710772993,-8,3,0
15:14:44:696,4.142737221293617,2.396143758396013,221.44489101185408,0.1196710076665745,0.00476058348468765,-0.003458509502300469,221.49659936858518,7,0,0
15:14:44:819,4.161773793166332,2.391560392081381,221.17749312011819,0.07285779524856588,0.004281278452765759,-8.35832791743923e-07,221.2295716786397,4,0,0
15:14:44:942,4.137207212594436,2.4197020954475583,220.19759030460423,0.11484826325855502,-0.025999825374219444,-0.0017661333515988384,220.24974510247452,7,-1,0
15:14:45:062,4.209832733575851,2.3944366247059783,221.34355427830639,0.07414962501996335,-0.0007095962203207828,-0.0012998829652207148,221.39653348448792,4,0,0
15:14:45:196,4.261514630553522,2.41255393351914,220.48274337881892,0.09198275212571233,-0.009763857876895711,-0.003997320870619232,220.5371194408748,5,-1,0
15:14:45:314,4.486670567717427,2.4517005631653364,221.19252161772064,0.06194478485293095,-0.03708226650734985,-0.0003607697436939916,221.25160489370572,4,-2,0
15:14:45:431,4.4383051083415745,2.405821536505046,222.12537988200066,0.026975365326739525,0.006569557312392362,-0.0010162564578741664,222.1827421678456,2,0,0
15:14:45:559,4.313741450627689,2.416519661028271,220.53815742947774,0.09868637217601925,-0.022222293086865182,-0.00253295001635086,220.59357836293447,6,-1,0
15:14:45:774,4.341772709051394,2.472558622269117,221.45044950509833,0.05229127986818317,0.044917071823510415,0.0007613959553115892,221.50680829809212,3,3,0
15:14:45:896,4.517621377928832,2.475473541916318,221.23424690282192,0.06517788550797529,0.06902876722331786,-0.0025162328575642585,221.29421337854683,4,4,0
15:14:46:020,4.262378265823524,2.4245461110738122,221.6019466701823,-0.06986945716511098,0.07769118150408882,-0.002104379860243639,221.6561956281394,-4,4,0
15:14:46:136,4.005348931738679,2.4779525671973315,221.16524383303218,0.02522731760776798,0.010645063181475942,-0.0008536228122152782,221.21538858929964,1,1,0
15:14:46:252,3.966584326257744,2.3935923220377733,221.2632808917106,0.1196289747318769,0.0077261371200713375,-0.0002921244840486216,221.31177679099108,7,0,0
15:14:46:376,4.0224702747901775,2.337014732162983,221.17746500037788,-0.11704915728816738,0.06766202093380273,-6.698621362162248e-05,221.22638388981386,-7,4,0
15:14:46:525,4.115649561757237,2.4060322968078705,220.80147268760214,0.11383203415306593,-0.006371252468220313,-0.002439657975089243,220.8529327487919,7,0,0
15:14:46:662,4.119917123357508,2.375153244722606,221.29781021143287,0.08077032517275463,0.04689505344521806,-0.00012765239734543313,221.3489007752571,5,3,0
15:14:46:782,4.038225100512791,2.277073529598458,220.82940264639024,-0.1549627364362515,0.018367775755573586,0.0002886077393732313,220.8780600217757,-9,1,0
15:14:46:908,4.139454515970766,2.4389289186613587,221.3834344748055,0.07535182715169811,0.008457696803617649,-0.0031088065970893554,221.43556290221446,4,0,0
15:14:47:033,4.107127492157137,2.37320878589388,221.21369042832654,0.07923369385465774,0.06813587556130465,-0.00036266157697854346,221.26454177996476,5,4,0
15:14:47:153,4.080808956214377,2.294757747428106,220.788138738392,-0.09713634751321061,0.02239236433908144,0.0023141769936825146,220.83777105019863,-6,1,0
15:14:47:273,4.090792244624206,2.4112629411027724,220.1699318547743,0.09844843947340493,-0.02227417664292579,-0.0024405850301259793,220.2211335523813,6,-1,0
15:14:47:405,4.063001557310273,2.4671898796001135,220.2213523096175,0.12295676617207756,0.03014236044111211,-0.003453871059040662,220.2726470096398,7,2,0
15:14:47:543,3.997383324028255,2.381224999966144,221.19587920845632,0.0967817184708994,0.06957618218762114,-0.00014861853550680876,221.24481075212066,6,4,0
15:14:47:730,4.00492851374197,2.419216712153698,220.41268929533302,0.10777492533564796,0.024343878583434505,-0.00317461179312718,220.462345229977,6,1,0
15:14:47:852,3.9620184691109026,2.429318032004397,221.27480003063334,0.10414914248309803,0.05808859270536223,0.0003673553519782966,221.32360087674107,6,3,0
15:14:48:015,4.872438767700999,3.9400750107450815,200.36377369941553,0.7509356411867527,-0.046452955514911264,0.13463642482642876,200.46173365933433,43,-5,6
15:14:48:146,4.069721871784119,2.463199499568748,221.8363691597444,0.06735800713707289,-0.0060300136562018245,-0.001163851256260214,221.88736933378328,4,0,0
15:14:48:260,4.14645274321506,2.466678518526085,221.21490092617634,0.09352056928799786,0.07323517530244077,-0.0019548893509651367,221.2675077028787,5,4,0
15:14:48:386,4.1096116004459695,2.4642303268363617,221.61450554536475,0.07624948763456843,0.07123092698692292,-0.004832076587728116,221.66630417527767,4,4,0
15:14:48:516,3.9841212214450525,2.4452264969616673,221.23391613281734,0.04693090511037105,0.057620946930596564,0.0010749921542536594,221.28329806379665,3,3,0
15:14:48:630,4.0169604748712695,2.439540793664553,221.31149836947438,0.07897620605815586,-0.00841463293805148,-0.0028407938263999696,221.36139374625037,5,0,0
15:14:48:798,4.3985109067708015,2.474089893706217,221.94580123909603,0.03988690529184826,0.03822245624141603,0.0008461715704571322,222.00316823564353,2,2,0
15:14:48:918,4.1581841047046675,2.388201847595545,221.3336960595124,0.06122773610238304,0.0550584582810424,-0.002215806995272421,221.3856341646361,4,3,0
15:14:49:047,4.225657412943441,2.456498168576261,221.41389595568293,0.11118520933667135,0.05232503522943179,-0.0028094044065999227,221.4678393945671,6,3,0
15:14:49:167,4.121197766029721,2.4677034489959238,221.92325229031346,0.07441528700373816,-0.015844143610808735,0.00026769100161993685,221.97523226353212,4,-1,0
15:14:49:284,3.9424624927820435,2.4669314609725093,221.29341465013914,0.0918306593006075,-0.027636822601734497,0.00023388806309291156,221.34227822279806,5,-2,0
15:14:49:410,3.8270945709824176,2.4252282624099735,221.8700326317628,0.07814469944048158,0.00695946634595597,0.0024312569201273937,221.91628999467238,4,0,0
15:14:49:573,4.049915640854418,2.4607537526934102,221.58908597623355,0.06956680146386507,-0.01602110478780067,0.00035814198088867196,221.63975308935906,4,-1,0
15:14:49:701,4.110482052945837,2.5232040696572864,221.94842677273107,0.052432335502956326,0.04473988740156455,-0.0016406097834622425,222.000826053362,3,3,0
15:14:49:819,4.255090970042939,2.6830022879414486,221.24224898928514,-0.005099755607970803,0.11929290529475028,-0.0030190496975374187,221.2994284635125,0,7,0
15:14:49:944,4.240786819094747,2.88018631925579,220.6798528244699,0.06940226819315587,0.11967915496150877,-0.004273311894137911,220.73938748829653,4,7,0
15:14:50:070,4.437583864121025,2.8042541788118753,221.60258704099468,-0.101180945531698,-0.018845926594873406,-0.0015611838535556448,221.66475266787933,-6,-1,0
15:14:50:195,4.52963604784027,2.9228504179453845,222.1113074871072,0.015374387692880867,0.08466564268519156,-0.0012634102368627635,222.17671698655525,1,5,0
15:14:50:335,4.554289409545996,2.7442563576115435,221.67858542253657,-0.15857636732794964,-0.029873003203533043,0.002894517699832601,221.7423453693927,-9,-2,0
15:14:50:497,4.11586180092453,2.7469035832976796,220.82376456984892,0.05692426651518892,0.07888754377978309,-0.0008475117367303979,220.8791995559118,3,5,0
15:14:50:685,4.3088230191780665,2.743523470392355,222.1569961927685,-0.052816211106706173,0.004015347791181709,-0.0008292716271158866,222.21571464285992,-3,0,0
15:14:50:831,4.195141669742563,2.7010476262159577,221.11331617425503,-0.12678341612907545,-0.025643692823419433,0.002665432360728443,221.16960338501394,-7,-1,0
15:14:51:056,4.149486151090627,2.6757393644297625,221.50840447678468,-0.03325074679338539,0.08309133134650366,-0.001403919973250326,221.56342448679405,-2,5,0
15:14:51:231,4.180071244968347,2.673575729504514,221.5946486653766,-0.1017040113232362,0.019883074124074463,-0.0026730744066293124,221.65019584905875,-6,1,0
15:14:51:397,4.155177656661263,2.615824073101864,220.79617293144696,-0.17895185930450225,-0.0025368321908466065,0.00122528213743902,220.8507596050176,-10,0,0
15:14:51:554,4.2737351950156315,2.652033740827397,220.89023462028493,-0.1336928744196059,-0.02317544561568664,-0.000474688453149402,220.94749115136864,-8,-1,0
15:14:51:680,4.286338835622774,2.6803393868916117,221.72518411762906,-0.08816943180449466,-0.015096133233545398,-0.001720367992665815,221.7828086030096,-5,-1,0
15:14:51:832,4.231113741632,2.7341892650731583,221.86645412464594,0.04070452294600853,0.01949070290066241,-0.000912372846214889,221.92363907496537,2,1,0
15:14:51:993,4.141920285713084,2.7101053477022816,221.49946170703058,-0.11773276569079383,0.007624289551559455,-0.0006199895988165207,221.55476007333525,-7,0,0
15:14:52:118,4.161016729069099,2.684158093957589,220.92237234440506,-0.10280497823527428,-0.0046672616655210036,0.002654761889298845,220.97785718748588,-6,0,0
15:14:52:254,4.203856947278823,2.7707026411322047,222.26012700412434,-0.10311862525911616,0.049517599802708916,0.0008993519750057294,222.3171456776293,-6,3,0
15:14:52:404,4.136700473507667,2.720887760340519,221.93405381283682,-0.10612323458924663,-0.01105523334970477,-0.0007517412097458063,221.98927848617157,-6,-1,0
15:14:52:524,4.139498592171607,2.7094735580424434,220.35374055977567,-0.1298508404541855,-0.03181507045114029,0.0016389514715677517,220.40927311309125,-7,-2,0
15:14:52:693,4.09708350463117,2.7486843869514406,220.40101956655442,0.07474025508566011,0.05755944492124154,-0.0008778300345086361,220.45623326429148,4,3,0
15:14:52:819,4.0987126580847715,2.789780134065684,222.05641079656218,0.011817426788304636,0.06884614199058423,-0.004198193083884252,222.1117554171808,1,4,0
15:14:52:935,4.139498592171607,2.7094735580424434,220.35374055977567,-0.1298508404541855,-0.03181507045114029,0.0016389514715677517,220.40927311309125,-7,-2,0
15:14:53:058,4.133236627177135,2.8546335513935155,221.9400331056265,0.06391965131624285,0.04160991875332076,-0.0023158398176163675,221.99687131276326,4,2,0
15:14:53:181,4.172641057910436,2.7689789811656924,221.65803674733633,0.028611734564794298,0.08406445882899653,-0.0012659560516343205,221.71459905175345,2,5,0
15:14:53:303,err,err,err,err,err,err,err,err,err,err
15:14:53:426,4.156005800791017,2.7735268140557827,221.33493587815997,-0.11452913862063378,0.01671397264365574,-0.0011319571440265238,221.3913247518829,-7,1,0
15:14:53:550,4.127987407887197,2.7400373815846324,220.98788545809657,-0.13414859400929227,-0.030123054961007274,0.0007111767703095653,221.04342017832823,-8,-2,0
15:14:53:673,4.240751110643253,2.7306179543369664,221.94838038997617,-0.0786349264244478,0.0025519859510288166,0.00031573288690952157,222.0056841662585,-5,0,0
15:14:53:794,4.215043181252782,2.7919497596202882,221.8554148503936,0.02409659821981107,0.08879116928981058,-0.004633059586890044,221.91301600158633,1,5,0
15:14:53:923,4.0980647202314024,2.784424995521648,220.8858733695372,0.08883086181212244,0.11033513672582765,-0.0035132380923205823,220.94143163116806,5,6,0
15:14:54:044,4.025000188150424,2.774828397798449,221.4906347994023,-0.11830425302306956,0.027111415325382707,0.00012839157577972747,221.54458152478935,-7,2,0
15:14:54:165,4.01644338018134,2.7343231931394887,220.75264181977676,-0.1397464954805525,0.02539517557389665,0.005327002573302748,220.80610773065447,-8,1,0
15:14:54:288,4.256849827034408,2.785444486797756,221.41759456058898,-0.1509252333137676,0.03856695713268248,-0.000327697044374287,221.47602726353097,-9,2,0
15:14:54:409,4.547939338324002,2.792971393897934,221.87094267867343,-0.08362054617112362,-0.009660892517830734,-0.001274761931321007,221.93512485984593,-5,-1,0
15:14:54:532,4.495918237376602,2.761338094949255,221.7006655607323,-0.1044012603819776,-0.046468898431829664,-0.0006957871262848927,221.76344013146863,-6,-3,0
15:14:54:699,4.580026744324838,2.7064003207221736,221.25255274604817,-0.11752279298372265,-0.010846709196455055,0.0006557105911583146,221.31650038873642,-7,-1,0
15:14:54:820,4.252369176459929,2.68210490239059,221.33040184255157,-0.12940581209003066,-0.00783492637442184,-0.002362281908188168,221.38749537881694,-7,0,0
15:14:54:946,4.09708350463117,2.7486843869514406,220.40101956655442,0.07474025508566011,0.05755944492124154,-0.0008778300345086361,220.45623326429148,4,3,0
15:14:55:067,4.271851346637646,2.6666721493441203,220.647209975657,-0.14404679773195922,0.018663541776771247,-0.0008880776630811828,220.7046694665102,-8,1,0
15:14:55:192,4.265187175732441,2.810140432888712,222.41143297392162,-0.06018166264732221,0.0131357330263334,-0.0015718449495284242,222.47007490538996,-3,1,0
15:14:55:337,4.227631937211281,2.761112674646127,221.27027086378249,-0.15128007194191562,3.8423829059787084e-05,8.951729146155476e-05,221.3278775552919,-9,0,0
15:14:55:474,4.171949840404389,2.67992001505764,220.78133210387477,-0.1809174275570928,0.00880272318336595,0.0013327584076606276,220.83700718475473,-10,1,0
15:14:55:612,4.164840135717185,2.7163766269144967,220.64221710948706,-0.12295847994010181,-0.025547881197586032,0.0028715029151472663,220.69823870236334,-7,-1,0
15:14:55:729,4.179824069111701,2.656753942701282,221.04387341330676,-0.12625959878713475,-0.0030342226363097974,-0.0023866463842182,221.09935152396707,-7,0,0
15:14:55:902,4.232433447858452,2.6576918172786486,220.6045323782756,-0.17300314814217635,0.00948775053216424,0.00037585612969245923,220.6611350567286,-10,1,0
15:14:56:019,4.377451928692862,2.7706336128715976,222.1148811215069,0.0156377865605534,0.08422755464759969,-0.0012278072666469322,222.17528870607086,1,5,0
15:14:56:138,4.68934601534579,2.7300903685821067,220.6576528078515,-0.15033047319828305,-0.04777679094059556,-0.0015489921184344048,220.7243600107215,-9,-3,0
15:14:56:261,4.5696230229580115,2.7895251917330373,221.20607895268856,-0.12636825360532003,-0.04099902762130564,-0.0004907372990303299,221.27085725641854,-7,-2,0
15:14:56:400,4.3603011626085815,2.83202085353043,220.91903217612602,0.0009284740010986707,0.11253607358541706,-0.0029599471193036226,220.98020577866174,0,6,0
15:14:56:639,4.531200124902896,2.8270805019933487,221.0393706978969,-0.13572830117183715,-0.01642367298866457,-0.003491614335925072,221.10388408451573,-8,-1,0
15:14:56:792,4.548391741605858,2.831173007902002,222.08054450257237,-0.04842481093033779,0.04631901484691472,-0.000999140330265214,222.14515897177412,-3,3,0
15:14:56:914,4.55081122755531,2.7807620727360227,221.65868250699876,-0.10920802228078066,-0.020078716381067764,0.0024851170380367645,221.72283159673134,-6,-1,0
15:14:57:046,4.112741781807826,2.7555479684597617,220.80499206717442,-0.14424332038246485,-0.008662486398306031,-0.0021941754463483632,220.86048132555374,-8,-1,0
15:14:57:161,4.11016607682014,2.753160727931344,221.17184019462488,-0.10261099613157018,-0.03301139113689525,-0.0016497353408898177,221.2271598476316,-6,-2,0
15:14:57:280,4.073936424433964,2.7080040188201067,220.6275639528087,-0.14901485497313505,0.025797144441168346,-0.0007780129923146072,220.68178950585607,-9,1,0
15:14:57:403,3.975868809961883,2.7661549614269587,220.330013514209,-0.1547692426432615,0.042883407931680786,0.0006743327383686749,220.38324346745645,-9,2,0
15:14:57:523,3.978328204922982,2.707516931709435,220.88589734990023,-0.16512633232219892,0.015012141988322769,0.003328679468419044,220.93831128012235,-9,1,0
15:14:57:652,4.029202971420137,2.751507427288475,221.671451956647,-0.13261236284761543,0.02682590310146558,0.0011454022387300288,221.7251403929545,-8,2,0
15:14:57:812,4.0547771994845405,2.6982082355266614,220.69272502843975,-0.11439561306163737,0.02415259198705965,-0.0003403768029746209,220.74646186586602,-7,1,0
15:14:57:938,3.980964355344837,2.742503550163183,220.4617677949473,-0.16955992436640113,0.03869395658496961,0.0017134335182666977,220.5147624586491,-10,2,0
15:14:58:063,4.712149268956245,4.34796736923792,200.2967539711754,0.7447296095885965,-0.046052501877467816,0.1324208302228314,200.39934835813827,42,-5,6
15:14:58:178,3.7489563555115533,2.8900143150536834,219.84914403629062,0.11747537055064788,0.04264632978226755,-0.001815885145960933,219.90009774892417,7,2,0
15:14:58:308,4.399145244226265,2.7571781895417753,221.587355065351,-0.11132443258220963,-0.027459820004716,0.0007385230178770305,221.64816812982377,-6,-2,0
15:14:58:427,4.260848684906492,2.7451414639369593,221.46762489901482,-0.14300513157667194,-0.02015347717969952,-0.001367046043203906,221.5256181835036,-8,-1,0
15:14:58:554,3.960129189860987,2.6747397518260208,221.77697093771383,-0.10645630311293765,-0.009279654258734883,0.0006217661676479094,221.82845104775885,-6,-1,0
15:14:58:671,4.257242963249655,2.66843387858148,220.79983537743993,-0.1464186834911964,0.007080589347555685,-0.002141532900136308,220.85699436449158,-8,0,0
15:14:58:796,4.384024172799688,2.748605650995688,222.27157760529636,-0.044650719085174706,0.07486478083398596,-0.003852668195527503,222.33179869762142,-3,4,0
15:14:58:923,4.2343325977102895,2.727229619459039,221.12190130108854,-0.11333469757725699,-0.022734731008601655,-0.0016708390048949394,221.1792544271583,-6,-1,0
15:14:59:047,4.3148548201151105,2.782087900087389,221.13277070560116,0.07530704019039697,0.078552670932623,-0.0033144552542144173,221.19236032272556,4,5,0
15:14:59:168,4.227537094609672,2.831090254976128,221.36097098797026,0.07950113968245033,0.047894335670996074,-0.002453183105193154,221.41943595505597,5,3,0
15:14:59:297,4.2486289448334,2.7559456434095093,222.53984922174976,-0.09563989328267485,0.011308618525071997,0.0012993848409681536,222.59746309412293,-5,1,0
15:14:59:413,4.309882894622249,2.755991359279432,221.58906428353876,-0.11490216131157399,-0.02225129450741521,0.0006844429828647559,221.648108471496,-7,-1,0
15:14:59:538,4.32272545325833,2.777218564307104,221.68780590105155,0.0459299488787802,0.04239399567313368,-0.003477863343099088,221.7473386165446,3,2,0
15:14:59:656,4.121732261723181,2.7740507468607825,221.50279329951502,-0.05930854263542435,0.04634594176403123,-0.003992430391611881,221.55850575834629,-3,3,0
15:14:59:785,3.946389640878253,2.7235666835390644,221.20350104371914,-0.1285226194322153,0.04087569842307054,-0.0027215088717902317,221.2554647475989,-7,2,0
15:14:59:902,3.8488991271992212,2.7925076947897196,220.5836818072982,-0.15250635644456295,-0.0022546830894882436,0.0008963703794159427,220.63493105893318,-9,0,0
15:15:00:026,4.017671393416916,2.7996083983641284,220.8959736427314,-0.1463561600228748,-0.034108024493429166,-0.0017562272556254758,220.95024476605576,-8,-2,0
15:15:00:154,4.236646090657528,2.745777786498132,221.50308420828748,-0.14273686085667125,-0.012909912677998295,-0.001477323006250826,221.56061197679972,-8,-1,0
15:15:00:314,4.0559809274186005,2.63331112189808,220.51711884468102,-0.17804330724612924,0.013920112175948168,0.0002709538648337257,220.57013626578615,-10,1,0
15:15:00:441,4.037372816503249,2.6720736656563733,221.0965310484919,-0.14957604814894698,0.034169040955688935,0.001398518245662189,221.14953402304712,-9,2,0
15:15:00:558,4.259822901157904,2.664121130686941,221.12751791415207,-0.10800733307011341,-0.030694372841104725,-0.0015935985652035516,221.1845899049521,-6,-2,0
15:15:00:684,4.295391646734846,2.698015516717573,221.58981738952698,-0.09357826156396568,-0.03762819880979274,0.00015748294774641782,221.6478667793832,-5,-2,0
15:15:00:803,4.1995879368637885,2.716450936308948,220.43676875915983,0.09613128074662271,0.06117469835502233,-0.006376634917381015,220.49350254714565,6,4,0
15:15:00:925,4.2920583463627775,2.701331362633099,221.84359695795578,-0.09572345373112413,0.025162086350128263,-0.0013972501988883644,221.90155580171864,-5,1,0
15:15:01:051,4.286338835622774,2.6803393868916117,221.72518411762906,-0.08816943180449466,-0.015096133233545398,-0.001720367992665815,221.7828086030096,-5,-1,0
15:15:01:174,4.1323893192566015,2.7848508640257945,220.89789061009412,0.0892171651417322,0.0887992030501392,-0.0019280832329404802,220.9540905070777,5,5,0
15:15:01:294,4.19712448501478,2.6999522047930062,221.38078065613428,-0.14431217272843125,0.021855566601193255,-0.0018476912714084663,221.43702409436935,-8,1,0
15:15:01:423,4.237304220177159,2.710489274493131,220.93806206699975,-0.1581011993088745,-0.042613421547946714,-0.0025385437795043832,220.99531390751912,-9,-2,0
15:15:01:541,4.165955107962695,2.749739528704633,221.93833074487796,0.024517221891833644,0.10871127677084629,-0.0008644707426003943,221.9944569201225,1,6,0
15:15:01:670,4.229527652897319,2.716547950808634,221.64990830871713,-0.10560579074712746,-0.03068033405396417,0.0023162515334404885,221.70690199043958,-6,-2,0
15:15:01:789,4.100785867685348,2.682111354583272,221.334186116124,-0.12934096953016466,-0.008222231782693126,-0.002402881788759763,221.38841909580094,-7,0,0
15:15:01:911,4.224657285241167,2.775742445049525,221.63640248767123,-0.12335684781529155,0.021500296533172637,-0.0010949234916099967,221.69404002583377,-7,1,0
15:15:02:038,4.203209040087995,2.640761715336804,220.2177018859276,-0.13568721327425862,-0.043620996241544176,-0.002752378061643876,220.27364075756122,-8,-3,0
15:15:02:161,4.959570169201904,4.269365341739487,200.37814746910706,0.7418898044079015,-0.031467164591431736,0.13105285159572205,200.48497898804214,42,-4,6
15:15:02:284,4.185013443754598,2.790602238675389,220.3267253343106,0.11857913351232724,0.04488564887121568,-0.005864584516680783,220.38413666804524,7,3,0
15:15:02:403,4.187598268011468,2.6615464229036787,220.74005793679868,-0.16687325099116881,-0.031029228818772948,0.0005716761117356644,220.79581741182682,-10,-2,0
15:15:02:537,4.150633938994244,2.659441103103432,221.41746485021102,-0.13677918583167842,0.030726043530260396,-0.0018146979305597194,221.47233265076437,-8,2,0
15:15:02:654,4.064252864145192,2.6715527392463865,220.99840982532655,-0.1464971930388125,0.013723000092818748,-0.0008819117478024701,221.0519226125511,-8,1,0
15:15:02:815,4.179358640953111,2.6669420013620773,220.95190513076366,-0.1595296211918588,-0.005155025075223211,-0.0012270677479618657,221.00752023223626,-9,0,0
15:15:02:937,4.1595653300871005,2.6970193170374483,221.29808136050386,-0.1495900655562093,0.0003119288382475178,-0.004359733029143578,221.35360107929557,-9,0,0
15:15:03:062,4.687602869862848,4.275714370782703,199.4623995184509,0.7542433331141203,-0.038897829903715014,0.13138739794982374,199.56328363630467,43,-5,6
15:15:03:183,3.754394847776741,2.7649014038293904,220.31592767091286,-0.15777528957182843,0.00022882587427424197,-0.0020689241755358903,220.36526075119193,-9,0,0
15:15:03:350,3.704396246621375,2.8893408281250075,221.27446697608943,0.020730542250401152,0.0033848434727573105,-0.0048430389595472195,221.3243334509912,1,0,0
15:15:03:469,4.267715155559096,2.7259962427476863,220.54789453012486,-0.15749932843841086,-0.02550317058726671,-0.00027682412371773864,220.60602491735247,-9,-1,0
15:15:03:590,4.448799620829476,2.7778565597847775,220.52578586946208,0.08622518953895549,0.04638362958467509,-0.003983731714045531,220.58814686758868,5,3,0
15:15:03:759,4.305316885469804,2.7547977140203743,220.80512896134712,0.07439204147154933,0.08550086765808519,-0.0025053120771899454,220.8642787767334,4,5,0
15:15:03:880,4.744831451428726,2.7205940660126418,221.91308315875335,-0.1069268163147427,-0.010108537353050754,-0.0006121377114531246,221.9804755707093,-6,-1,0
15:15:04:048,4.1441549408552545,2.5970537698782716,221.60475949306604,-0.1376290961234127,0.004948895115009172,-0.0013123552478649804,221.65871996931926,-8,0,0
15:15:04:172,4.544943461974639,2.730312253734867,221.93802055923905,-0.07945740264747878,0.0028431360476524645,0.0003729070761075537,222.0013425315907,-5,0,0
15:15:04:292,4.663681264148671,4.340119549239077,200.78345136683407,0.7466784013386826,-0.04423281591675749,0.13365003135114842,200.88449642372376,43,-5,6
15:15:04:413,4.6970716435391795,2.882408355253511,221.93600464261317,-0.07971208855407064,0.0032244615142060524,0.00039871256427248736,222.00441643507227,-5,0,0
15:15:04:539,5.078985120030554,2.811711534608642,222.29647359266667,-0.11381546923773275,-0.015706840723520982,-0.004509347028423777,222.3722644201351,-7,-1,0
15:15:04:659,4.714200155080705,4.358278612665107,199.68757596468095,0.7522392988989415,-0.038642170829136555,0.13445165939283252,199.79075621814437,43,-5,6
15:15:04:783,4.639661757555583,2.713444776563988,221.62311699889136,0.0967495050028504,0.054936024720937046,-0.00506483420911896,221.68828393057734,6,3,0
15:15:04:906,4.767565566985952,4.212872365739403,200.27756774037476,0.7496734402314277,-0.039133026979279915,0.13476354147891104,200.37859694839148,43,-5,6
15:15:05:029,5.5666711860320115,2.2503017644490315,222.37114930093398,-0.1769702233420248,0.026331065786600688,0.0012901448123757656,222.45219649970363,-10,2,0
15:15:05:155,5.397513176161998,2.4718791390196686,222.79640937577784,-0.11116272669115561,-0.015710490601989504,-0.0024031000588754826,222.8754884811337,-6,-1,0
15:15:05:273,4.72271134727184,2.5051397269824474,222.40150001840473,-0.060556593909639155,0.01295118439653216,-0.001499580698845224,222.46574329086678,-3,1,0
15:15:05:400,4.2394799021848995,2.5979731760811564,220.5090502835537,-0.14970803974508548,-0.01720204700424643,-0.003388274332487101,220.56510129986447,-9,-1,0
15:15:05:520,4.073852541585333,2.5569336926364707,220.6265925146195,-0.14854429453186593,0.025792815434995023,-0.0007737172126506708,220.6790146548853,-9,1,0
15:15:05:643,4.118209844007776,2.550982811832106,220.67353998467314,-0.17228615548663453,-0.023488512064346597,0.0006437153452677453,220.72670526013087,-10,-1,0
15:15:05:768,4.333789512512072,2.5786200158757535,221.92528047701208,-0.07786261050474064,0.08144377675450572,-0.0003464170980185177,221.98256942274884,-4,5,0
15:15:05:890,4.267788781525872,2.7165997052152973,220.69092974091464,-0.12518616611181732,-0.06534835202936781,0.00035696981238749875,220.7489080492844,-7,-4,0
15:15:06:056,4.233129690582975,2.746629984032138,220.8339941584965,0.05585807461159462,0.10160257521056398,-0.002415729128428881,220.8916393602106,3,6,0
15:15:06:176,4.134404758898954,2.437399962147441,221.22101780699307,0.07725820425198407,0.052147302452666515,-0.004184048102954765,221.273073239488,4,3,0
15:15:06:383,3.590626411510978,2.442898904998965,220.8366718569549,-0.10835508232570656,0.05046562483289056,-0.0007914077391385329,220.87936976988922,-6,3,0
15:15:06:517,3.9709530382157285,2.621778297768989,220.57533660198212,0.02767838799271521,0.012449545458176628,-0.0024730416232653877,220.62665592931438,2,1,0
15:15:06:641,3.8794526630939004,2.4949970420400374,221.34910369281937,0.05718347203786285,0.004304254994892206,-0.004209729364480623,221.39715641538731,3,0,0
15:15:06:751,3.8146603804365147,2.6423565918879413,220.60381401015715,0.1165386993473884,0.021476669796708432,-0.004218495344558051,220.65261484515605,7,1,0
15:15:06:875,3.8159809516421848,2.5493684595651556,219.77090460256076,0.12775222119382124,0.03104347096287806,-0.005251939496982,219.8188151637475,7,2,0
15:15:06:997,3.809762619424083,2.502726305722653,220.3941885524251,-0.17433486055516134,0.028087500904137197,-0.00011469461011570313,220.44132162065176,-10,2,0
15:15:07:115,3.8224878035153784,2.55497306437382,220.25849534759323,0.08064405752125973,-0.002078737786071067,-0.002106616900386729,220.30647760143924,5,0,0
15:15:07:242,4.742155720537431,4.202486926420274,200.77773782522766,0.7474047068379718,-0.04416320622983001,0.1335381499714359,200.8776964808697,43,-5,6
15:15:07:406,3.9674790928144095,2.671865484335304,220.69684659237265,0.12932503483994573,0.02298823012306581,-0.003519714908211826,220.74867576349257,7,1,0
15:15:07:536,3.95902946116408,2.608340118886228,221.3752095926774,0.06691757058476971,0.06062454719527606,-0.0046078074185783476,221.42597131920186,4,3,0
15:15:07:682,3.956122187750093,2.63438171687314,221.251008750707,0.08024868915851645,0.0614890896620936,-0.004771650889293794,221.30205544232984,5,4,0
15:15:07:819,4.030163683140613,2.5453025907518083,221.15339559189948,-0.14213719574619516,0.04959989256467698,-0.000424050964964984,221.2047584624223,-8,3,0
15:15:07:979,3.999406548228642,2.674354884664176,221.20319547529004,0.07448809470921487,0.01888642955081815,-0.004629470845494395,221.25551092631912,4,1,0
15:15:08:147,3.9851976464449907,2.6506504870208896,220.65674085161172,0.0874562105813095,0.029244192865193232,-0.003146812768409883,220.70864285646113,5,2,0
15:15:08:269,4.005379615549911,2.629433655759778,221.1610612854567,0.02497656945467646,0.010569142821783308,-0.0008538855303099861,221.21295625736806,1,1,0
15:15:08:415,3.9581103737342924,2.541480395228112,221.48105280056785,-0.10179058814484518,0.02838152479907361,-0.0011930441090988529,221.53099672501344,-6,2,0
15:15:08:556,3.9794194499692326,2.6042905260218068,221.56965312472636,0.0023873087565654226,0.027819586397783147,-0.004476823734072452,221.6206878748333,0,2,0
15:15:08:677,3.9372812032780167,2.6104546695921225,220.84326670306436,0.08809557064815897,0.04207367357743056,-0.004674789262583998,220.8937869314945,5,2,0
15:15:08:802,4.121959899480163,2.6218966163518527,221.50207271825414,-0.06009757780084922,0.045730636287105574,-0.003963690121220951,221.5559367603642,-3,3,0
15:15:08:920,3.9552413804785833,2.736787300273395,221.20658225579533,-0.15667554661622732,0.022693694767133614,-0.001554071923912058,221.2588664266242,-9,1,0
15:15:09:051,4.0227199238859805,2.7622130417343644,220.30232346176433,-0.1671790282154242,-0.02135929870179333,-0.0015267300074029576,220.3563609681504,-10,-1,0
15:15:09:171,3.9052380670108984,2.764898041531034,220.3123966383166,-0.15783482316437644,0.0007062078147210708,-0.0020192101811356655,220.36435205826515,-9,0,0
15:15:09:291,3.7320793947012603,2.700365073706932,220.97594728658882,0.04472882015073757,0.02192917270151133,-0.006571872163870375,221.02395722487853,3,1,0
15:15:09:416,3.7098026795328725,2.6835460526079777,220.3147683911308,0.12129547800535456,0.01084775095435806,-0.0009650158649770193,220.3623407630604,7,1,0
15:15:09:538,3.8667711949032175,2.585083854993858,221.20742492885043,-0.08891210331407397,0.026072902658125428,-0.0022305747784195943,221.256320636641,-5,1,0
15:15:09:660,3.8599808657257952,2.6460663327446956,220.89452625071306,-0.08639268780994813,0.07493587616550935,-0.0029065181757036954,220.9440943923327,-5,4,0
15:15:09:785,3.8583241003429354,2.6048660985082144,220.0275904244272,-0.1747983110157791,0.04975501630394557,-0.0010127049088110769,220.07683326564367,-10,3,0
15:15:10:005,3.8459234322352844,2.6528674098768827,221.49368675209564,-0.09364020112698407,0.03355170425424448,-0.003187699659885383,221.54295769348317,-5,2,0
15:15:10:167,3.836704593427616,2.6286523322002666,221.34888927045748,-0.03584529572204803,0.04793363285304304,-0.0029612670494354476,221.39774365717022,-2,3,0
15:15:10:336,3.931887115122501,2.6572736768675305,221.14544278290256,-0.1295470371326225,-0.020698936120124654,0.0007301748150084367,221.19635553807362,-7,-1,0
15:15:10:498,3.911813952528862,2.70105362810007,220.88639478528825,0.049053813766353406,0.04790525739808033,-0.007038058299323308,220.93754180841086,3,3,0
15:15:10:655,3.8585570345803837,2.6108027815299146,221.37438604053295,-0.08479009226716715,0.05207223944635581,-0.0011821200229967304,221.42340334385628,-5,3,0
15:15:10:778,3.925808377197386,2.59372817413901,220.44762642446958,-0.16086826287984496,0.010683901735002993,-0.0007117867705757123,220.49783534864528,-9,1,0
15:15:10:899,3.899376290607011,2.6058955080896187,220.44371927073624,-0.12020464151623453,0.018001787837684097,-0.0032329180059464378,220.49360351894563,-7,1,0
15:15:11:012,3.8609643523520987,2.5794955368815913,220.8329173649033,-0.1557190715765318,0.02492617636265573,-0.0016224821839719268,220.88172906523783,-9,1,0
15:15:11:138,3.8129330982936427,2.6421786618271588,221.25777456543278,0.09631228743955908,0.009876616812954951,-0.0009736675303615072,221.30639930318543,6,1,0
15:15:11:302,3.8724573796590134,2.5679731725214436,220.62913858851934,-0.11311655170402247,0.0393535290542359,-0.0019435473589240104,220.6780623593658,-6,2,0
15:15:11:421,3.8724573796590134,2.5679731725214436,220.62913858851934,-0.11311655170402247,0.0393535290542359,-0.0019435473589240104,220.6780623593658,-6,2,0
15:15:11:548,3.8860956323547655,2.580500505449465,221.30911517980917,0.006899913041984881,-0.009419614315915875,-0.0028099762206850788,221.35827335745208,0,-1,0
15:15:11:669,3.8504185218513562,2.6037161004099665,220.68472444794986,-0.13914253637824756,-0.005036072942221443,-0.0009454382615687219,220.73366907880754,-8,0,0
15:15:11:796,3.961458487518014,2.604360998099447,220.80788901802822,-0.14370926686890714,-0.009097191951645434,-0.0022472976274221473,220.85877773399594,-8,-1,0
15:15:11:919,3.969358255816366,2.6727056864988277,220.65650220976488,-0.12453052747771769,-0.027355133027458265,0.00026754303576100453,220.70838481602286,-7,-2,0
15:15:12:039,err,err,err,err,err,err,err,err,err,err
15:15:12:161,4.002471899327265,2.7439527053094666,220.97167515298798,-0.12066047416872032,-0.0002713198895250424,-0.004631058970121253,221.02495397052235,-7,0,0
15:15:12:287,3.92458323955948,2.6833435425925223,220.73758647578734,-0.16546703475576152,0.02408865749738428,-0.0015468648638577859,220.78877863090665,-9,1,0
15:15:12:413,3.951847024815736,2.7003507529387525,221.37974473320523,-0.1426309456776833,0.03764392790286391,-0.0016937744682380238,221.43148007281067,-8,2,0
15:15:12:530,3.951847024815736,2.7003507529387525,221.37974473320523,-0.1426309456776833,0.03764392790286391,-0.0016937744682380238,221.43148007281067,-8,2,0
15:15:12:655,3.9436739348913648,2.6703250361814366,220.2560159632892,-0.18507176910429673,0.006966457418501923,-0.002778516347107565,220.30750274996151,-11,0,0
15:15:12:779,3.9095935374794926,2.7887396897519,221.69692179770072,0.0707528432751134,0.0401714757809172,-0.005535788049070504,221.7489281265218,4,2,0
15:15:12:904,3.9063664728143244,2.6750597838287566,220.20563616461374,-0.16441109821954636,-0.0030835335877459603,-0.00021025443807644033,220.25652735510297,-9,0,0
15:15:13:025,3.9121676216830257,2.676208239155348,220.41348321544763,-0.17212252168724038,-0.010328120676890023,-0.0010468583248457682,220.4644432311158,-10,-1,0
15:15:13:191,3.903838875628254,2.7164906055028504,220.33209333198414,-0.17804452684431343,0.0025307755170376834,-0.0027379965695010526,220.38341732360632,-10,0,0
15:15:13:350,3.8832925073092444,2.7904945494441185,220.33139960242394,0.11850534841121632,0.043780017355933995,-0.0057761122332216554,220.38328537185123,7,3,0
15:15:13:472,3.9939844484009575,2.686176507127377,221.66789245991652,-0.1329720879197398,0.0034927651588819884,-0.0013951108813613066,221.72014343226152,-8,0,0
15:15:13:598,3.933065916700832,2.723748176987151,221.10217708081325,-0.12244647362106818,0.015239870895842424,-0.004311332144168986,221.1539294733694,-7,1,0
15:15:13:719,4.743560528158627,4.304804879328056,199.85381759977716,0.7552929941073406,-0.0485531272149595,0.1339731428890932,199.95644805991725,43,-5,6
15:15:13:844,3.9061077521664274,2.6921999259130636,220.41076020079547,-0.19331011653542654,0.0018524720143603668,-0.001737389866191514,220.46180809951002,-11,0,0
15:15:14:014,3.899572557106058,2.7040487441606027,220.42239000701883,-0.15073177632461152,0.015025541570408509,-0.0038353812578026383,220.47346453064424,-9,1,0
15:15:14:128,3.8837758245748173,2.6525097169165397,220.3599952979267,-0.1768567608256847,0.003535941124062576,-0.0010876677773278502,220.41017909832604,-10,0,0
15:15:14:253,3.87597973619812,2.707063395420816,221.04911604456686,-0.17601814003991578,-0.0027010302833923856,-0.0020831513730787364,221.09966783156105,-10,0,0
15:15:14:372,3.8829504498917355,2.6923984747299357,220.421087315597,-0.19314431075131688,0.006034763329114168,-0.0018328522324653285,220.47172618531627,-11,0,0
15:15:14:500,err,err,err,err,err,err,err,err,err,err
15:15:14:759,4.051706716928855,2.6835354299446186,220.73627893736347,-0.16496936994682976,0.030188572400004297,-0.0015989935527873352,220.7897699823008,-9,2,0
15:15:14:882,4.002724097376088,2.7611088139240985,220.12843515900204,0.10917442761969154,0.05683210825267261,-0.005090157689500035,220.18213707663256,6,3,0
15:15:14:993,err,err,err,err,err,err,err,err,err,err
15:15:15:114,3.993423265175324,2.7935532367076723,221.2336408414616,0.09615172154436208,0.03457715589011933,-0.002431007316131942,221.287313710095,6,2,0
15:15:15:237,3.986057462726176,2.767505285753426,221.3033790795818,0.08478550542044132,0.05092697040688622,-0.0025444554531850482,221.35657508112087,5,3,0
15:15:15:361,4.058576725106931,2.732995597530527,221.08388957866728,0.06471770904920646,0.03295754477730139,0.00021456902368568572,221.1380282565666,4,2,0
15:15:15:482,4.0818236501383955,2.7465544001481677,220.83377053627072,0.05586051196045218,0.10114354228565926,-0.002394094079916433,220.88856705282433,3,6,0
15:15:15:605,4.122492149757908,2.6520546033901837,220.8944996961798,-0.1336061781139209,-0.023626065280563484,-0.0005168179295347293,220.94888171513733,-8,-1,0
15:15:15:731,4.116309327968781,2.7880671666556354,221.6204590583464,0.07169372058990098,0.057987498097987825,-0.005557864169515803,221.67621702438333,4,3,0
15:15:15:849,4.10161434703296,2.6742130975716782,221.25616802908377,-0.1514470622592207,0.03731050247910756,-0.0015527910307382648,221.31033990046004,-9,2,0
15:15:15:977,4.155912405974915,2.621899757841652,221.33331444158773,-0.11422388472177786,0.01669983706557972,-0.001129235998438113,221.38785433705493,-7,1,0
15:15:16:096,4.110773153064253,2.6450804117919646,221.42441341826884,-0.11389915020603926,-0.026478368658202547,-0.0024851319427616502,221.47836409890073,-7,-2,0
15:15:16:221,4.132970023653208,2.7389025037146015,221.08830832485052,0.07720564712653272,0.05393463810807051,-0.0016426823694776034,221.14389683209762,4,3,0
15:15:16:347,4.166470827412924,2.767758638930929,221.35462979916807,0.08343125159188967,0.039985544766964136,-0.002335441195010184,221.41113815832708,5,2,0
15:15:16:466,4.122492149757908,2.6520546033901837,220.8944996961798,-0.1336061781139209,-0.023626065280563484,-0.0005168179295347293,220.94888171513733,-8,-1,0
15:15:16:592,4.156826411687327,2.6651899416405787,221.78768098833032,-0.13752159881209,0.032461439703069514,-0.0018188947050958276,221.8426421620138,-8,2,0
15:15:16:714,4.1855909584513125,2.624408554723194,219.8870859782318,-0.1737797978481484,-0.009312396391249594,0.0028051561217333544,219.94257721489916,-10,-1,0
15:15:16:839,4.262997743974769,2.6198721590750145,221.59060048736174,-0.1333032964227622,-0.019423794628552295,-0.0014507409510881096,221.64708683906628,-8,-1,0
15:15:17:002,4.2432553224357195,2.6381713713625463,221.6500496843994,-0.1483029419037289,0.02769496146216634,-0.0016280601872083174,221.70635915330163,-9,2,0
15:15:17:123,4.2737351950156315,2.652033740827397,220.89023462028493,-0.1336928744196059,-0.02317544561568664,-0.000474688453149402,220.94749115136864,-8,-1,0
15:15:17:248,4.196819188650685,2.624811338981085,221.27227825192443,-0.17400961499920342,0.019447038266401633,-0.0006775861657325689,221.32763959493298,-10,1,0
15:15:17:368,4.108500826808626,2.740079615975649,220.51515360626888,0.09806162287689758,0.038531005844382606,-0.0017368142034824886,220.57044404303613,6,2,0
15:15:17:491,4.173609524756815,2.6490940476142137,221.6970457883906,-0.1149921518683726,-0.004334327640743151,0.00067941351132127,221.7521517979882,-7,0,0
15:15:17:614,4.122492149757908,2.6520546033901837,220.8944996961798,-0.1336061781139209,-0.023626065280563484,-0.0005168179295347293,220.94888171513733,-8,-1,0
15:15:17:736,4.0925111372733225,2.728900723368445,221.09815270805404,0.10143342978963349,0.08791190294844928,-0.002815600393593245,221.15286269338839,6,5,0
15:15:17:862,4.083564738695919,2.645494077520375,220.96370483159805,-0.1595350019439356,0.013442802335107008,-0.003055649472921611,221.0172685398019,-9,1,0
15:15:17:982,4.1368612206851765,2.6273493868325786,220.72168529532888,-0.13476580164958962,-0.012272162986314956,0.0007603979351125264,220.77608327255447,-8,-1,0
15:15:18:104,4.072889230122446,2.7565189242150256,221.2904917360124,0.10745830445267915,0.08937452336962873,-0.0038793876484202005,221.3451344756116,6,5,0
15:15:18:239,4.108500826808626,2.740079615975649,220.51515360626888,0.09806162287689758,0.038531005844382606,-0.0017368142034824886,220.57044404303613,6,2,0
15:15:18:352,4.131340448158501,2.6869327889666375,221.45690819194866,-0.12044818913774795,0.026288348101155417,-0.0023907407899261307,221.51173731350713,-7,1,0
15:15:18:481,4.090045628113817,2.6174818387415204,220.69506169165558,-0.16690369768085633,-0.004196026066554337,0.0020125185837038847,220.7484766414026,-10,0,0
15:15:18:599,3.9507710283599304,2.7369213241836463,221.26150882647062,0.06743545518388981,0.07491322696299693,-0.003069982265525871,221.31370183117815,4,4,0
15:15:18:723,4.19278902647806,2.6190930640608965,219.88435554271587,-0.1941685119538919,0.015873441309381533,-0.0012575464043430157,219.9399212074385,-11,1,0
15:15:18:845,4.214912002382487,2.6430354503144193,220.61848238499613,-0.14918237171419685,0.0024522419505872274,0.0009325094458227213,220.67457010140134,-9,0,0
15:15:18:970,4.261113837933323,2.7223382444056634,221.06614285238766,-0.12548019673427518,0.01022728911384429,-0.0023471107320222778,221.12396462683336,-7,1,0
15:15:19:094,4.135887845273445,2.768934970602423,220.64573775504206,0.06356916481094103,0.07069127278324036,-0.003989217015145956,220.70186713892318,4,4,0
15:15:19:218,4.2761543758701395,2.7086414858147956,221.09351946767458,-0.17364015191891582,0.031647385704753554,0.0008905985960232899,221.1514562139439,-10,2,0
15:15:19:425,4.311739293179143,2.7632762639801816,221.85742942412335,0.05709362737031135,0.07211255167845193,-0.002451898421017478,221.91652886191983,3,4,0
15:15:19:551,4.24677556071822,2.6807356750557263,220.86883361921716,-0.18358893678771493,-0.014069267378245445,-0.00018683415328404372,220.9259222244779,-11,-1,0
15:15:19:684,4.134383426222562,2.6786560544332185,220.724830955878,-0.18224731815109096,-0.00801057935481388,0.0011370258723018463,220.7797982721107,-10,0,0
15:15:19:841,4.207055092876797,2.681571164994012,220.49194761978376,-0.15840733625558445,0.015156446839832785,0.0010176074985751731,220.5483826774363,-9,1,0
15:15:19:964,4.319885630954504,2.745620957118941,220.8773316314225,-0.11125458642652271,0.014360750434472795,-0.003392531265434471,220.9366322612031,-6,1,0
15:15:20:089,4.111404609873306,2.840570467388051,221.4250071617184,-0.1866534750140267,0.021963778162086608,-0.0012287775419085668,221.48139038080228,-11,1,0
15:15:20:196,4.270665621608601,2.973497528095098,220.8498324327718,-0.22403587064028405,0.025920560639279926,-0.0030543485859657812,220.91113316893868,-13,1,0
15:15:20:322,4.34313083305155,2.8856335961865063,219.89344757723117,-0.2557891294950221,0.01733826491487582,-0.0006110778098093639,219.9552635289389,-15,1,0
15:15:20:442,2.95804487250261,4.526114098113827,201.0568089618871,0.749054555409137,0.0809032260182383,-0.15158178071809333,201.12950098937162,43,7,-6
15:15:20:568,4.347891537396701,2.8674139197826927,219.92000355095485,-0.24095354484704606,0.008231651711815313,8.072571565352849e-05,219.9816678390732,-14,0,0
15:15:20:692,4.236847533532395,2.887922264815145,221.59723218931828,-0.1828342949971253,-0.010119659381349054,-0.0008562484025346834,221.65654577746324,-10,-1,0
15:15:20:811,3.997690644289838,2.822357219947818,220.50816922086193,-0.19763862860010206,-0.0006556323465520557,0.0013135647449948552,220.56246263564594,-11,0,0
15:15:20:943,3.9375861291084404,2.7671483166074795,220.15278330833723,-0.2239763409031712,0.013233579468963579,-0.004209715562394167,220.20538070796079,-13,1,0
15:15:21:084,3.9236004688823187,2.7136823697199186,220.63224087168692,-0.20902974953696934,0.022163118221751297,-0.0011496526896076073,220.68381097104793,-12,1,0
15:15:21:222,4.041956801970741,2.7283922125387603,220.76850899907996,-0.160797933930971,0.00688056428836549,1.981792674146138e-05,220.82236323464,-9,0,0
15:15:21:344,3.9468454711470455,2.711880822664363,221.09407956684686,-0.16193467636048603,0.037828255580001476,-0.0015012500818772465,221.14593350609152,-9,2,0
15:15:21:471,3.9520070345371976,2.752122194732551,221.18595618640157,-0.17843367924943043,0.031643093657423606,-0.00045616427006616486,221.2383776614458,-10,2,0
15:15:21:594,3.9927263721260817,2.6966822437172273,220.6463610215161,-0.1911530193719888,0.013963607816680549,-0.00047420692120101105,220.69895919791617,-11,1,0
15:15:21:754,4.000096859852846,2.728200084410513,220.96894364051408,-0.17391125433175325,0.012267383052036809,0.0002521442250495319,221.02198511504116,-10,1,0
15:15:21:878,4.0196025662395884,2.7055550610096084,219.90771359092318,-0.1938830755974552,0.019447164567103145,-0.001120392657130096,219.96108685348455,-11,1,0
15:15:22:003,3.9766811431245084,2.7010699095574875,219.67872697946459,-0.19648260743015747,0.014365011121245622,0.0016468887909697684,219.73131970406163,-11,1,0
15:15:22:127,3.959043342194503,2.7130432353557787,221.33087690244048,-0.17117434563790823,0.020766981916674074,-0.0005383155515276053,221.38290742102367,-10,1,0
15:15:22:249,3.9468473070220895,2.7750660790997426,221.04574822522872,-0.16538863543824966,0.03590863511976502,-0.001471240384952442,221.09839756058733,-9,2,0
15:15:22:371,3.978030913612158,2.7001750093845263,220.84110559372309,-0.19001098135520614,0.00332697675608815,-0.0017863192002710014,220.89343492935436,-11,0,0
15:15:22:534,3.9871221840508966,2.7129800960968433,220.60561510333739,-0.21036667572275417,0.024240022015698495,-0.0011505177752091777,220.65832143709017,-12,1,0
15:15:22:659,3.9692000649004524,2.7491778908448237,220.86150643342157,-0.16961510667362556,0.0203611217460748,-0.004587012563141087,220.9142764790701,-10,1,0
15:15:22:780,3.9993672296789065,2.7056556741046442,219.91178161092475,-0.19365998507455473,0.02008087393364822,0.0005404778136615236,219.9647862776124,-11,1,0
15:15:22:905,3.9871221840508966,2.7129800960968433,220.60561510333739,-0.21036667572275417,0.024240022015698495,-0.0011505177752091777,220.65832143709017,-12,1,0
15:15:23:027,3.928986996049651,2.720884221485599,220.5625338305547,-0.17590031390209973,0.009742818113833814,0.000292906298645343,220.61430479349352,-10,1,0
15:15:23:150,3.9293853730367307,2.697511719155823,220.67350505516401,-0.18945318895089439,0.01150705803324044,-0.0004719319560560172,220.72497020549423,-11,1,0
15:15:23:270,3.903317146440313,2.6972723337700106,219.87565637651036,-0.22689451386635734,0.04479956508084461,0.0017792747851920168,219.92684108536974,-13,3,0
15:15:23:393,3.8866215317039217,2.6774335376438634,219.75525660094902,-0.21016394607133232,0.02619656674093584,0.0011487757559021216,219.8059309505277,-12,1,0
15:15:23:519,3.8547052137569073,2.6437210936073057,220.03936615510696,-0.19174241899322902,0.058090597621676066,-0.0016982717861218583,220.08900624848798,-11,3,0
15:15:23:683,3.765657697096965,2.662819420656746,220.14681853793908,-0.2081791784912267,0.02246869793844748,0.0011559638873733119,220.19512369154546,-12,1,0
15:15:23:803,3.7928668143768323,2.693152378170741,220.45019531043508,-0.1918980340519668,0.021005247410325403,0.0007906719723261677,220.49926875346463,-11,1,0
15:15:23:930,3.7613889825771323,2.632696088437338,220.48783630276276,-0.17839039903753068,0.038668719445609845,-0.0032162068871417903,220.53563225303577,-10,2,0
15:15:24:055,3.824452603084673,2.708198485057239,220.34559843036809,-0.21220552555528666,0.04440841141400107,0.0003578540505549361,220.3954253708201,-12,3,0
15:15:24:217,3.885587578726443,2.6573882628727867,220.01018585254096,-0.22206490890210073,0.040713223417456236,0.0016019746562462545,220.06054026581236,-13,2,0
15:15:24:337,3.8714562413348528,2.686537852205846,220.22451415573858,-0.20443089470774287,0.030750448359444908,0.0009990423314242746,220.27492434271997,-12,2,0
15:15:24:486,3.8716225602412546,2.6630483990646248,220.298279056442,-0.21775344726984686,0.031848707856836043,0.00024546791710313467,220.34839015353555,-12,2,0
15:15:24:628,3.922121106755967,2.689953780283185,220.54768685785012,-0.21248676427776444,0.02209115226656741,-0.0011158221980248223,220.59895979733096,-12,1,0
15:15:24:749,3.8802273808757235,2.67825794118532,220.0219883665156,-0.2269769819470594,0.04917917742864178,-0.0012470142305273599,220.07249849738594,-13,3,0
15:15:24:871,3.951847024815736,2.7003507529387525,221.37974473320523,-0.1426309456776833,0.03764392790286391,-0.0016937744682380238,221.43148007281067,-8,2,0
15:15:25:035,3.9470839350722686,2.6854591199813274,220.17941016880098,-0.2059380967345909,-0.0034930443645920677,-0.0017583363433168189,220.23115997641364,-12,0,0
15:15:25:157,3.9264854241056772,2.648546803012904,219.47989466590715,-0.2236581223359463,0.021581660555665426,0.0011442647163306435,219.5309915490548,-13,1,0
15:15:25:281,3.893379177318076,2.6470260182583605,220.35321066293173,-0.19796214250822108,0.035601237597217915,0.0010672095552592398,220.4034995131023,-11,2,0
15:15:25:403,3.9673712366424922,2.722937938860942,221.01202302750332,-0.19651710582848655,0.04020804696336711,0.00014721721746315626,221.06439954967394,-11,2,0
15:15:25:525,3.9293853730367307,2.697511719155823,220.67350505516401,-0.18945318895089439,0.01150705803324044,-0.0004719319560560172,220.72497020549423,-11,1,0
15:15:25:650,3.8442422589177143,2.698963643433464,219.9534344007858,-0.22471721573678438,0.029185530184799798,-0.0009606042272990286,220.00358157992477,-13,2,0
15:15:25:771,3.8634159653285547,2.6724732915311127,220.55269238174648,-0.19546804870912035,0.009008651776341914,-0.00040278028438335214,220.6027157884789,-11,1,0
15:15:25:897,3.858358299792766,2.6614486385047575,219.78458129571862,-0.18962377922639118,0.04179039409181984,1.4899680473445196e-05,219.83455691260036,-11,2,0
15:15:26:017,3.8364280123713366,2.531153190007154,220.70689651686706,-0.16702897755923174,0.026523106955848884,-0.0015987253194049832,220.7547487291552,-10,2,0
15:15:26:141,3.8024495136043246,2.69329785840702,220.32649421268334,0.14013490499974665,-0.0032578956199182598,-0.0034864418144469854,220.37576211486868,8,0,0
15:15:26:268,3.8049295712699815,2.6275337766840368,220.00766815749955,-0.168803028653415,0.019399141076069253,-0.0025518195542780383,220.05625524145043,-10,1,0
15:15:26:389,3.8812817261714483,2.6075565863258148,220.32372897820898,-0.1816178292581731,0.016229803921246108,0.0034007831895367224,220.37334060646285,-10,1,0
15:15:26:515,3.938846275334996,2.678542373405645,220.49507104763524,-0.16857041578014148,0.033527928140426363,-0.00022473432897694416,220.54651540101142,-10,2,0
15:15:26:634,3.9449520307576833,2.6541566500519806,220.41203820104624,-0.17397519864262143,0.01897121364200719,0.0015669593852296786,220.46331617298026,-10,1,0
15:15:26:754,4.131119192630208,2.6705794978951403,220.26075286390608,-0.18481389980601426,0.028105124647388048,-0.00013276235556102423,220.31567668419106,-11,2,0
15:15:26:881,4.205636595968639,2.6512733340077492,220.28025746380996,-0.17778406936008698,0.053918538918456674,-0.0018541241774732518,220.33635301009994,-10,3,0
15:15:27:002,4.099601386215998,2.645496782968204,220.43223070345005,-0.20977591443095023,0.010996523445206371,0.00192116592244643,220.48622115146694,-12,1,0
15:15:27:129,4.148574150745652,2.6714262785149105,220.50485663499407,-0.19708643876243864,-0.00011725052169295261,0.0013703744449209212,220.56005754774608,-11,0,0
15:15:27:250,4.148574150745652,2.6714262785149105,220.50485663499407,-0.19708643876243864,-0.00011725052169295261,0.0013703744449209212,220.56005754774608,-11,0,0
15:15:27:373,4.075730186004855,2.6833665129274227,220.73503635841882,-0.16550134282753196,0.024577954083020697,-0.001494601146715662,220.78896781439124,-9,1,0
15:15:27:497,4.094726478789966,2.6932061811383003,220.44517233765058,-0.19193762915094145,0.02206064594040655,0.0009126104596315725,220.49964660163673,-11,1,0
15:15:27:620,4.081078368741089,2.6583716491197666,219.90461841078553,-0.21090959842754628,0.024667453382776094,-0.0021500153677092753,219.95854913794517,-12,1,0
15:15:27:744,3.9303374212443596,2.6576601211467974,220.61045841984853,-0.17292858137614264,0.008498878849954586,0.0002663956999248818,220.66147165688005,-10,0,0
15:15:27:863,4.097631375266539,2.6178611884144285,219.83916383638535,-0.19631762708683143,0.03214112559652855,-0.003035210279511449,219.8929324384266,-11,2,0
15:15:28:027,4.078712483170261,2.618938424240227,220.55250765546384,-0.15408594132660552,0.01132213841310072,-0.0007233904545349509,220.60576458266854,-9,1,0
15:15:28:246,3.834337945315089,2.641382082009495,219.89871800122438,-0.1916761563385451,0.04688391282464008,-0.0029904392165201643,219.94800573172753,-11,3,0
15:15:28:366,3.9148854728990976,2.6784999662135944,220.48755829218356,-0.16829101867791568,0.03869948993554695,-0.0003251946553458867,220.53857724213233,-10,2,0
15:15:28:492,3.9771325857734805,2.6563084118474376,220.55062086330253,-0.1748624083089492,0.04196477601498898,-0.003220637018993245,220.60247034240547,-10,2,0
15:15:28:616,4.154916576937158,2.646361930856057,220.08312675956412,-0.18411910616156515,-0.03536162391259108,0.0005892634794638755,220.13825030534053,-11,-2,0
15:15:28:733,4.137598172650825,2.5853536675344806,220.5139371223841,-0.19674194553658786,0.023708266925798537,-0.0003260921687120595,220.56790391496068,-11,1,0
15:15:28:861,4.108925720376196,2.666619399452175,220.04953570342096,-0.18665297314753562,0.017784073530751145,-0.0014073595577253665,220.10404878804079,-11,1,0
15:15:28:990,4.176657565577487,2.655656443974689,219.7748000039746,-0.21409713799572694,0.05427824478239295,0.0008219856401517507,219.83052494218256,-12,3,0
15:15:29:142,4.206967399573685,2.633328728696333,220.51423540055782,-0.17808309905741618,0.0144135274655183,0.00032745823306246894,220.57008185424215,-10,1,0
15:15:29:280,4.2128491422343055,2.6288552207490263,220.26967268353633,-0.18023256936423337,0.03966257898362024,-9.275567457133166e-05,220.3256400916133,-10,2,0
15:15:29:433,4.128158535152289,2.6563454966266717,220.54865381857152,-0.17488586690260124,0.04246077686635935,-0.0031653943722415004,220.6032786825094,-10,2,0
15:15:29:545,4.094470319640931,2.670341799594988,220.2530519329086,-0.18510488820263943,0.007477613409262035,-0.0027198037758269845,220.3072906153712,-11,0,0
15:15:29:670,3.9876361900036685,2.682277142426598,220.70503289549487,-0.16758614552804546,0.02699923044101853,-0.0015501180514151509,220.75734959102513,-10,2,0
15:15:29:789,3.9466743398759805,2.662880925115826,220.2878772411411,-0.2177762300311486,2.6576524111775353e-05,-0.002547328237215813,220.33932021446927,-12,0,0
15:15:29:913,4.0040849405350505,2.9506268325760128,220.96224650673255,0.1585517723097456,0.04178777294145237,-0.005491178715655488,221.01821933093703,9,2,0
15:15:30:070,3.7430088430950947,2.6753708516324055,221.01662759076086,-0.21429890250795716,0.002622023598857439,-0.0017242181945096961,221.0645095803176,-12,0,0
15:15:30:199,3.769370921050352,2.6690233637555645,220.51614672889855,-0.2065206167636881,0.02654703966798527,-5.330720834112613e-05,220.56450940941937,-12,2,0
15:15:30:322,3.837866789422201,2.547656862729464,220.9294282660267,-0.2002262148113455,0.03562554516680402,0.00023090292162154655,220.97744692827138,-11,2,0
15:15:30:448,3.9235229190392036,2.56265437247174,220.63198064413046,-0.20844329485536367,0.022178267738363767,-0.0011475027223041634,220.68174394924682,-12,1,0
15:15:30:570,3.8728899232127683,2.5596229826887753,220.31268944999243,-0.19996940898046786,0.030841226032581,0.0009650888798667842,220.3615939288415,-11,2,0
15:15:30:693,3.83005784486615,2.5850899788372446,220.66121289650664,-0.20678971756165443,0.037220362846773554,-0.002962209835755502,220.70958952943374,-12,2,0
15:15:30:813,3.8930277289777457,2.654261916595288,220.40919888242283,-0.17354454845165238,0.028198452615519804,-0.004497076760290502,220.45955575391125,-10,2,0
15:15:30:945,3.958264877858303,2.666593630642793,220.05211382720847,-0.1866294562164476,0.017265970631719467,-0.0014665808797162524,220.1038649870942,-11,1,0
15:15:31:060,3.9831079700811216,2.593428671365005,220.62401932296336,-0.17197681576039142,0.030645127549458303,-0.0032594479776067594,220.67521139356384,-10,2,0
15:15:31:184,3.9885692668758077,2.5857364911550467,220.69206075098617,-0.2061508141832796,0.02436209032580515,-0.0011841152985029367,220.74324541538147,-12,1,0
15:15:31:311,3.977132385512264,2.6349474313199224,220.65453033878322,-0.18020801634929268,-0.0005844457850606494,-0.0009852329595328687,220.70609934708807,-10,0,0
15:15:31:430,3.97829447248759,2.662710688460669,220.71013776031745,-0.16059688844895753,0.053835196099136,0.0010799866484644035,220.76204783725524,-9,3,0
15:15:31:557,3.992549759302074,2.589347399642179,220.73610502007855,-0.19469174481827303,0.012381578094166032,-0.0033839427472449023,220.78739373653488,-11,1,0
15:15:31:673,4.028289709720457,2.7928819992075398,220.6182787197548,0.11426946061370583,0.02690298199220261,-0.00437369558081627,220.67272648226003,7,2,0
15:15:31:799,3.9951406044225926,2.7377101299582933,220.0581465041398,0.10774936532367467,0.07074115541150028,-0.0035383164786415267,220.1114355231055,6,4,0
15:15:31:926,4.074946939359039,2.621743212322509,220.34686498947087,-0.2134387200249788,0.0145688970277169,0.0018625581328272894,220.40013530104298,-12,1,0
15:15:32:045,4.029035705311431,2.6159177768545954,219.90894562120818,-0.20863748872368473,0.0524232919385494,0.0007029548890295571,219.9614068848475,-12,3,0
15:15:32:169,4.000564277391275,2.6423810139305695,219.95667774659492,-0.19126744867863188,0.01906123730784771,0.0005173732460373951,220.0089243128099,-11,1,0
15:15:32:289,3.991038083168344,2.658226740813983,219.89459988957972,-0.2107577342659688,0.03446731636709558,-0.0018945396343494922,219.94687907534683,-12,2,0
15:15:32:413,3.981583948101536,2.780419105411024,220.32356187300184,0.14148818408543326,0.020163858224075525,-0.006746662573009525,220.37707607086537,8,1,0
15:15:32:538,3.9951406044225926,2.7377101299582933,220.0581465041398,0.10774936532367467,0.07074115541150028,-0.0035383164786415267,220.1114355231055,6,4,0
15:15:32:659,3.955731404059625,2.6379103014735756,219.7486920052029,-0.19628863067418784,0.0643579252892905,-0.00026521505211815133,219.80012288371728,-11,4,0
15:15:32:834,4.0420551659872945,2.689794476176215,220.6955748201195,-0.1410689217593384,0.005553254167862271,0.0007279977514785153,220.7489749681115,-8,0,0
15:15:32:965,4.008018927915056,2.653163510022391,220.38113529988422,-0.17597964170986136,0.02169705051697329,0.001564539151547445,220.43354619568075,-10,1,0
15:15:33:111,3.9824445604037075,2.673990191409703,220.66432336241,-0.19705981021018232,-0.01188147739789534,5.49286058543138e-06,220.71645542009477,-11,-1,0
15:15:33:238,4.02731581284443,2.7070694806586926,221.04575082479127,-0.17606197936023021,-0.0021919093353760122,-0.002027351512786986,221.09900826445426,-10,0,0
15:15:33:357,4.067868337086328,2.644947947839526,220.25600553086898,-0.20053363730149903,0.02629370787061279,0.0009014302864586213,220.30944436149085,-11,2,0
15:15:33:524,4.059515975663569,2.746241455118658,220.75544914920903,-0.10296470522655482,0.013068464407076546,-0.002144734305091527,220.80984996407088,-6,1,0
15:15:33:642,err,err,err,err,err,err,err,err,err,err
15:15:33:768,4.171988431927684,2.736187881139666,221.1857776730794,-0.15795444254489419,0.025277449497446314,0.00024171132331119984,221.24204043635547,-9,1,0
15:15:33:891,4.160996062254643,2.596452762851939,220.6226494792529,-0.16160757844143656,0.026254670309942014,0.0006023202895610927,220.67715993827977,-9,2,0
15:15:34:016,4.070610037611254,2.566477175310499,220.35845416321604,-0.17630685863649154,0.025807958958933525,0.0015548260743188627,220.41099108794887,-10,1,0
15:15:34:137,4.008756015020325,2.5674774870549864,220.79014451901492,-0.19852373553065353,0.03666549238406552,0.001252023505431535,220.84145892961763,-11,2,0
15:15:34:261,3.902680596962185,2.4454817108739095,220.96200361450627,-0.1787209952382826,0.03853834297642277,0.000893001346240619,221.00999601370344,-10,2,0
15:15:34:381,3.877338356544709,2.3838743754006964,220.46578505588957,-0.22368140897139083,0.017635798316789908,-0.003291378155215011,220.51276378041823,-13,1,0
15:15:34:508,3.789412646538187,2.3433746213723614,220.26226981560046,-0.1993818832969992,0.02121137115770444,0.0008719186448477449,220.30732751577332,-11,1,0
15:15:34:629,3.8137009427422934,2.4513529991280927,220.49258508638357,-0.21368219022189405,0.028889180562640556,0.003188300254185519,220.5391881831506,-12,2,0
15:15:34:756,3.858968346149347,2.5505366255627573,221.0986844713946,-0.19956754130489368,0.04663878070660475,0.0015340573777907875,221.14706678759322,-11,3,0
15:15:34:873,3.9400367909660914,2.590195861837605,220.2463810796832,-0.16204722006533478,0.021737749206987265,0.0005841841457852491,220.2968483279184,-9,1,0
15:15:35:000,3.900054991279735,2.5387821232773757,219.5050462642083,-0.23657312541007092,0.03348607722412738,0.0003477031238547431,219.55436952849902,-14,2,0
15:15:35:120,err,err,err,err,err,err,err,err,err,err
15:15:35:243,3.9277781318454514,2.6490335520472033,220.31847829828519,-0.18872074807930625,0.04742628791392911,-0.0029574401114224966,220.36940962730023,-11,3,0
15:15:35:369,4.006607054533825,2.716257637485884,220.32974409433348,-0.17900449022649068,0.022936030369251348,0.0015920264436123932,220.3829101548419,-10,1,0
15:15:35:487,3.8810070733799322,2.7403779788183384,220.73446365975198,-0.19523000515019928,0.029226330303552765,0.0009207504457895091,220.7855867907341,-11,2,0
15:15:35:616,3.9448164690449707,2.7312917424421275,219.95254556433144,-0.18060440780685838,-0.006870819731203075,-0.001948518532881391,220.0048722910156,-10,0,0
15:15:35:736,3.9759795523399344,2.771224845464181,220.6892923717885,-0.15794753366647107,0.0025082719589904845,-0.0020466766831692094,220.7425012726491,-9,0,0
15:15:35:858,4.033929409768262,2.8433018834846546,220.4183691698745,-0.1937539091775613,0.006553673258519806,-0.001768041202696349,220.47361388517834,-11,0,0
15:15:36:013,4.0731558574401685,2.866565796092342,220.1348310262094,-0.16960492164885949,0.011944515417815186,0.0023410649943080915,220.19117064278507,-10,1,0
15:15:36:185,3.9772169610839376,2.8073007707839395,220.55123867278132,-0.1754039736273906,0.04195157371922204,-0.003230071838707077,220.6049593106903,-10,2,0
15:15:36:306,3.921292218130283,2.731518768575673,219.96738429785617,-0.18061232522085122,-0.0016006109648788948,-0.002046111479535879,220.01928979588084,-10,0,0
15:15:36:432,3.8993536123441945,2.6160507929108094,219.7636169938773,-0.19836035571575633,0.04853969889975919,0.0014925351220720095,219.81377580710628,-11,3,0
15:15:36:555,3.943514719626621,2.7172045873815134,220.3597233294262,-0.17712763596242437,0.020256297431169967,0.00159509358934859,220.41175598169636,-10,1,0
15:15:36:680,3.929152124323667,2.631644357565728,219.5165688875115,-0.2061442029525689,0.018430588614921296,0.0018577235924318674,219.56750170411462,-12,1,0
15:15:36:799,3.9470839350722686,2.6854591199813274,220.17941016880098,-0.2059380967345909,-0.0034930443645920677,-0.0017583363433168189,220.23115997641364,-12,0,0
15:15:36:923,3.9663723498660888,2.695115660373577,221.12480892184283,-0.1463322859534488,0.0459079209898144,-0.0003674959161940458,221.1768000463929,-8,3,0
15:15:37:051,3.959463621989655,2.7055130395702824,219.9048950834355,-0.19371554168514968,0.007773288438284573,-0.001431748918052969,219.95717772929783,-11,0,0
15:15:37:171,3.943514719626621,2.7172045873815134,220.3597233294262,-0.17712763596242437,0.020256297431169967,0.00159509358934859,220.41175598169636,-10,1,0
15:15:37:294,3.94538693440625,2.7421336379018197,220.46732499789465,-0.17108448196694723,0.020391620575285388,0.0015382835483838634,220.51967433015494,-10,1,0
15:15:37:415,3.928986996049651,2.720884221485599,220.5625338305547,-0.17590031390209973,0.009742818113833814,0.000292906298645343,220.61430479349352,-10,1,0
15:15:37:540,3.92458323955948,2.6833435425925223,220.73758647578734,-0.16546703475576152,0.02408865749738428,-0.0015468648638577859,220.78877863090665,-9,1,0
15:15:37:659,3.8999319975019704,2.6727147162613822,221.2306859689342,-0.15465290065315643,0.003907131567289088,-8.098338104676616e-05,221.28119958058988,-9,0,0
15:15:37:822,3.7832340479717725,2.5171442404926583,220.31253104029787,-0.1972413943199042,0.03508801063061549,-0.0008749298523103514,220.3593887456838,-11,2,0
15:15:37:947,3.746915613120029,2.481815153181347,219.71117588401887,-0.21674491467021076,0.049333617723036204,0.0007586998208674606,219.7571377484806,-12,3,0
15:15:38:072,3.7496023993665375,2.407099802144629,220.38843663683377,-0.21101851296934482,0.011787002933329665,-0.0024970054813179938,220.43347443353179,-12,1,0
15:15:38:194,3.6766602852664154,2.3744702051641977,219.87855367715915,-0.22670121571511895,0.012927027310649831,-0.001155482960638662,219.92210963604325,-13,1,0
15:15:38:317,3.6669081849409184,2.3450219835866886,220.42668423517702,-0.20341787216776286,0.06600911947218535,0.002097943791993607,220.46965429885068,-12,4,0
15:15:38:441,3.7527025267383487,2.2727792513336036,220.31802532992418,-0.228638632476643,0.0022244108642698697,-0.0015224035292210145,220.3617039938124,-13,0,0
15:15:38:568,3.682110353337239,2.3211532759423164,219.184759814042,-0.22700445935639246,0.022540266402118307,-0.00188380984182954,219.22797409072558,-13,1,0
15:15:38:689,3.712560993255845,2.478556406159949,219.72454399609882,-0.2325043162705147,0.025351262402091023,-0.0008576430275176163,219.76988325355393,-13,1,0
15:15:38:813,3.540712420459741,2.5123624497986694,220.05623444027657,-0.19991691141360415,0.043995540124429924,0.0022824836623052307,220.09905707557567,-11,3,0
15:15:38:936,3.6643311965492185,2.575484152299197,219.19279850417573,-0.24217938167747668,0.015353977984691779,-0.0010399004602978051,219.23855353889957,-14,1,0
15:15:39:058,3.593301378631481,2.5470866986937244,220.02438839582513,-0.23477591804936895,0.01394176639547042,-0.0003139518875490253,220.06846878734183,-13,1,0
15:15:39:180,3.6488416034651303,2.64854426203964,219.48666120654792,-0.2235606975975553,0.017195915402031227,0.0010921809085364578,219.53296627010965,-13,1,0
15:15:39:303,3.7153743853516983,2.6423828786942254,219.95823020655357,-0.1909734200351003,0.027899499463364598,-0.0012361502215359015,220.0054754539081,-11,2,0
15:15:39:425,3.8378102721830203,2.7436630106422935,220.4246674284141,-0.16342362806118527,0.013589558149248029,-0.0007693640530387415,220.4751470922022,-9,1,0
15:15:39:553,3.8842702781052614,2.7485489160024295,219.9667682885962,-0.19836923332299158,0.03935806120093626,0.00017934023282786091,220.0182293085416,-11,2,0
15:15:39:672,4.013126669373879,2.796755277747776,221.22092257703528,-0.17531153259847765,-0.014690121062983704,-0.003327961105231654,221.2749954504184,-10,-1,0
15:15:39:840,4.0282152124297985,2.8708287004973196,220.52443059699246,-0.17820799099482185,0.033829208435976366,0.0028631399223390985,220.57990086441012,-10,2,0
15:15:39:958,4.030352578276818,2.9736238428654183,220.7049605071934,0.12696059557251888,0.027190452925356955,-0.003636089679402073,220.76178512855407,7,2,0
15:15:40:082,3.953683029098447,2.8089078660572495,219.9090217289561,-0.2114714382365603,0.020442836273598348,-0.002126374134055163,219.9624954638428,-12,1,0
15:15:40:207,3.962183828711822,2.855371041104029,219.88236958043524,-0.1954137563688041,0.004032921652677613,0.00033923702765897113,219.9366010849081,-11,0,0
15:15:40:328,3.9732301406961956,2.8372758656335724,220.91542706428794,-0.16688295854807542,0.016783301753506504,-0.0028548124851479457,220.9693702916433,-10,1,0
15:15:40:453,3.985804731590017,2.791181497559562,220.69951075336257,-0.16405760108341338,0.03933537739239661,0.002847679098840343,220.75314579929383,-9,2,0
15:15:40:574,3.983641899691548,2.823441646008409,220.54763020086278,-0.1960786914126899,0.0283732908201938,-0.002168446636634107,220.60167363991127,-11,2,0
15:15:40:697,3.981973060222864,2.7806971052942386,220.53234696680954,-0.19328000079731716,0.04020493525573844,0.0022639239826396057,220.58582104145543,-11,2,0
15:15:40:817,3.993832159206893,2.7584620748031465,220.37315088120206,-0.18567072550093022,0.0012129164737711667,0.0003376585116321271,220.42659875260765,-11,0,0
15:15:40:940,3.961311250291059,2.752977457902287,219.88645773196393,-0.17561036183954618,0.0047583666555170755,-0.0007024471969007882,219.93936702104097,-10,0,0
15:15:41:069,3.8946852149543747,2.686543858108315,220.22689718448495,-0.20458409884554102,0.026843843111463737,0.0010938085308694423,220.27771638168676,-12,2,0
15:15:41:185,3.9927263721260817,2.6966822437172273,220.6463610215161,-0.1911530193719888,0.013963607816680549,-0.00047420692120101105,220.69895919791617,-11,1,0
15:15:41:313,3.7736726492738106,2.625419714674599,220.4055552657973,-0.20179165639991073,0.010813787241101533,-0.0004260174764782809,220.45349220633022,-12,1,0
15:15:41:433,3.8275130491142924,2.5858018761442048,220.02149455652537,-0.1647364198116294,0.025730989744837878,0.0019419669901928767,220.06997590396318,-9,1,0
15:15:41:556,3.7870808064284196,2.4885047021740365,220.05966254437917,-0.21096303451201107,0.009835140699517967,-0.003497658198802749,220.10631457510073,-12,1,0
15:15:41:681,3.8166698049182264,2.47936480149218,219.71091019758381,-0.2271399341812293,0.03149031429644866,-0.0016003769729507785,219.75804485403805,-13,2,0
15:15:41:870,3.867308863100209,2.3858895105450806,220.43758803154364,-0.21364859807976558,0.051484485726176844,0.0018147366372009753,220.48441841491587,-12,3,0
15:15:42:009,3.9021380771414518,2.397164554799832,220.95098715886311,-0.1980563346987418,0.03797274627753795,0.00020908708988224555,220.99844299440656,-11,2,0
15:15:42:126,3.8746550003518823,2.358227627740778,221.1256675252162,-0.1905104561140692,0.009631185303801216,0.0016352435864475283,221.17218411768792,-11,1,0
15:15:42:256,3.863521958975141,2.367787380333219,220.4122458113553,-0.1974136703233109,0.057100353369665596,0.0007693359137282174,220.45882001546514,-11,3,0
15:15:42:377,3.8393437943083977,2.420347056010127,221.0194482264389,-0.1956009969971519,0.03562343770000949,0.00019554218832990513,221.0660424736507,-11,2,0
15:15:42:502,3.8667880786310302,2.4085111070581826,221.27662060610746,-0.17255740695855423,0.03600438580097112,0.0021319538902606545,221.323509376336,-10,2,0
15:15:42:624,3.8370586803062245,2.3345740189404367,220.16400028813803,-0.232622854842397,0.05403802194377151,-0.0018896594479719555,220.20980967713783,-13,3,0
15:15:42:743,3.8426226731292257,2.520607184972741,220.7141073223505,0.1292030947657962,0.01443960838564338,-0.0032725314504133585,220.76194504644823,7,1,0
15:15:42:871,3.887375004473332,2.398696294675737,220.8773764427335,-0.18747710710649304,0.01926711691065045,0.0008394059947628995,220.9246044526605,-11,1,0
15:15:42:990,3.810658943427073,2.466725704488596,221.11515750376998,-0.18891458440918515,0.05311356077982161,-0.001693195945736793,221.16174790230184,-11,3,0
15:15:43:115,3.8524751538057265,2.4049211993049453,220.15129741701057,-0.20680746632743888,0.06999222415904692,-0.0008554199357640965,220.19813569868978,-12,4,0
15:15:43:238,3.9565472687059917,2.4841063129131444,220.64454580590836,-0.17859454985453127,0.045897740796741644,-0.0017566822094784084,220.69399775335748,-10,3,0
15:15:43:361,3.8740821276758988,2.5680932511990746,220.86890606459576,-0.20125200168466076,0.055284766457612704,0.002860259352153403,220.91780661922672,-12,3,0
15:15:43:489,3.8295071304409745,2.5420394998335456,220.43069413859737,-0.1911327686815574,0.036520231281361594,0.0010126924312881017,220.4786112259071,-11,2,0
15:15:43:609,3.820143950769126,2.532464671602217,220.9956727637362,-0.17869738170554506,0.030076938762390055,0.0007868192628093902,221.04319545603272,-10,2,0
15:15:43:730,3.9106641988166513,2.4575641184466837,220.3913465064803,-0.18267777922501513,0.03914758973836869,-0.0030991640344874274,220.43973900096063,-10,2,0
15:15:43:856,3.9125510053578116,2.472148703608845,221.0504029994972,-0.16535871408517155,0.01404267713202944,-0.001639057333969118,221.09884721730776,-9,1,0
15:15:43:980,3.883070435173333,2.4675386263480488,220.03917522482266,-0.20735995327387988,0.05228809482972204,0.0038853820389207995,220.0872681835486,-12,3,0
15:15:44:101,3.8621050772352397,2.494928606860886,220.32730087740973,-0.20167467132476544,0.05721657624018308,0.0007994536640559135,220.37527092735604,-12,3,0
15:15:44:245,3.9722477736816892,2.4608042787600306,220.91378262429112,-0.20090692568895901,0.027253944887271297,0.0019403900421555475,220.96319526890994,-12,2,0
15:15:44:386,3.8888463909177897,2.4249349177986312,220.09080622493363,-0.20869384431365573,0.0353245041884496,0.0011883403993888657,220.13851643987473,-12,2,0
15:15:44:508,3.8798872099971216,2.4585253106723672,220.77371302043267,-0.20091686645068785,0.03816231626979996,0.003392470494823983,220.82148951651848,-12,2,0
15:15:44:628,3.9332412687244602,2.4588758447148713,220.7957818621212,-0.20085634273351977,0.008818373434005936,0.0005071324252295101,220.8445012795273,-12,1,0
15:15:44:754,3.9234471180787507,2.4116301548702945,220.63174536076568,-0.20785986933312275,0.022193275953187378,-0.00114531409643279,220.6798052795724,-12,1,0
15:15:44:877,3.9081170718067813,2.3821242222371484,221.0248266609179,-0.17633419442054155,0.02790863772130367,0.0008498689837258919,221.0722096857629,-10,2,0
15:15:45:006,3.7941795488382275,2.3436941875016335,220.43938029955845,-0.20864168312260772,0.01886239951844984,0.0018334136927652559,220.48448718163078,-12,1,0
15:15:45:122,3.8473796503645334,2.3574251672856406,221.0998435181272,-0.1922071228900616,0.022830052090718707,0.0018958728385757182,221.14588078310146,-11,1,0
15:15:45:246,3.952435597572321,2.3137801440781183,221.31445799026972,-0.2071931374116504,0.03253956061000405,-0.0019097481697546933,221.36184097814814,-12,2,0
15:15:45:370,3.862967118369255,2.320416096961584,220.40114641521652,-0.21472815003129747,0.05692790735759451,8.099259393873821e-05,220.44720952409978,-12,3,0
15:15:45:492,3.8392662548155467,2.2690539846044038,221.01904540381193,-0.19503821683947786,0.035639898546192594,0.00020267630257820137,221.06403371551124,-11,2,0
15:15:45:617,3.844259807312281,2.286001125725938,220.99910453309448,-0.21356864533610162,0.02437812434722706,0.0012114003002116716,221.04435830629689,-12,1,0
15:15:45:738,3.8382796729045485,2.308712435495046,221.0398209457664,-0.21144241705184805,0.03752511991461651,-0.000519245041256513,221.08519848170232,-12,2,0
15:15:45:861,3.7634308228066464,2.2515992617212217,221.6437373277961,-0.21503581707848665,0.03155621051521048,-0.0014859721336361203,221.68712052671555,-12,2,0
15:15:45:988,3.5340276617846076,2.196197051935434,220.65598714915902,-0.20641008821199958,0.023802295236826587,-0.0013529411965007882,220.69521358147986,-12,1,0
15:15:46:107,3.1477458836988936,2.1923293097353094,220.29000354868194,-0.20128275152834846,0.06064199657472057,0.00041212322464285274,220.32339929165255,-12,3,0
15:15:46:234,3.0530748643129693,2.265969650901957,222.03902697496818,-0.17831387268102003,0.03271208335518313,-0.0004504680754615182,222.07157716505856,-10,2,0
15:15:46:395,3.0703044426732964,2.317013658380157,221.0602258182134,-0.17828989642223161,0.06399822762440287,0.00011964028482426988,221.09368774450195,-10,4,0
15:15:46:517,3.356096425320895,2.355373295051623,220.83912963445346,-0.18494865843304806,0.04339326235448506,-0.0010453963485677023,220.8771883746215,-11,2,0
15:15:46:641,3.8604337287907278,2.423044553142405,221.18608564316278,-0.19511751177502867,0.04652786710632084,0.0015014508091058371,221.2330413288789,-11,3,0
15:15:46:763,4.029936216302296,2.43097179550919,220.4761385457897,-0.20721270702359643,0.016642697623874266,-0.0024884955132891784,220.5263650401926,-12,1,0
15:15:46:886,4.084375140852825,2.5066366173414085,220.18970087855453,-0.23628172840369743,0.023559502221504987,-0.004854178376592898,220.2418437091597,-14,1,0
15:15:47:009,4.1793536087509,2.558135219634254,220.38533773980475,-0.21151103421380474,0.016941225742938864,-0.002385349214513281,220.43980616729982,-12,1,0
15:15:47:132,4.4095248327875884,2.601150606345397,221.36816134701996,-0.1877822906611683,0.03278841100192596,-0.001060895386452691,221.42735321519817,-11,2,0
15:15:47:298,4.401727801732736,2.591312412339339,221.92197445412782,-0.17580429918939297,0.02538195831694922,-0.0012961488096892705,221.98074883484253,-10,1,0
15:15:47:416,4.369991487233436,2.5726012761375636,221.8170664254967,-0.15865241466579164,-0.010070117797935166,-0.0031788162522624138,221.87502351670344,-9,-1,0
15:15:47:539,4.266587139351611,2.556665984671677,221.06351956649704,-0.17352846517492035,-0.003891381734290375,-0.0019200673360254472,221.1194699475871,-10,0,0
15:15:47:666,4.237731492997387,2.6003327291977363,221.65246448738682,-0.12967302554610455,0.04608663408435688,0.0014109499431552751,221.70822066816007,-7,3,0
15:15:47:788,4.202288302161875,2.558014942962121,220.37999704723651,-0.21169376032190376,0.013400834825311982,-0.0022921749846097172,220.43490142434996,-12,1,0
15:15:47:915,4.295747578151317,2.6593619284170735,221.5284508522656,-0.14315134439275035,0.002488218011975275,-0.001215499578038593,221.58605594695294,-8,0,0
15:15:48:035,4.218793502532244,2.6214837960555233,220.33191012785002,-0.21390687458891258,0.02841782846997935,0.00021822967749842424,220.3878876356343,-12,2,0
15:15:48:158,4.177670223897025,2.605727032756468,220.39627575115486,-0.19379675310821845,0.019832834003842687,-0.0034325322964672365,220.45126696584887,-11,1,0
15:15:48:282,4.256801644520138,2.6395315700920627,221.03363624907422,-0.18646828951722816,0.021031164270554063,-0.00027639517573066686,221.09037934889514,-11,1,0
15:15:48:403,4.272265616747954,2.6593195320517653,220.88994293973602,-0.18439203731111076,0.03160258058983335,0.001001867623111229,220.94725869716834,-11,2,0
15:15:48:527,4.19709700684359,2.756308851005983,220.7452789761815,0.12379089589928194,0.08053517894996848,-0.0037948293571912995,220.8023800868985,7,5,0
15:15:48:648,4.252587548782969,2.7120816107442396,221.6688739378198,-0.12038527709289815,0.012296993027353636,0.0007539160032400843,221.7262491460685,-7,1,0
15:15:48:772,4.256801644520138,2.6395315700920627,221.03363624907422,-0.18646828951722816,0.021031164270554063,-0.00027639517573066686,221.09037934889514,-11,1,0
15:15:48:897,4.229984557064784,2.6452943742011015,220.95339582167182,-0.16002543301806127,0.02562460422996748,-0.002696070513521365,221.0097135349656,-9,1,0
15:15:49:023,4.238621818524998,2.621521043396805,221.44909771989416,-0.12133490126735307,0.032850201963698776,0.00016221837659971365,221.50517187744552,-7,2,0
15:15:49:144,4.232715718673021,2.5769820196688804,221.27555581102607,-0.19182387129695755,0.03644397260324427,-0.0011689542286720234,221.33103785543344,-11,2,0
15:15:49:264,4.198581203824162,2.6447881839864498,220.6592450094051,-0.14564100030754865,0.03525513867318314,-0.002622112499250126,220.71503210425868,-8,2,0
15:15:49:386,4.2266542819566695,2.6490803337230564,221.14089349780625,-0.15751178593317305,0.04394410694117465,-0.0015457535568548174,221.19714512181613,-9,3,0
15:15:49:510,4.221893816833696,2.5858618591625353,220.52782131376108,-0.19577461938807644,0.025847023073310025,-0.0020190285020722804,220.58338795645838,-11,1,0
15:15:49:633,4.266860736618226,2.6189992591338256,220.97730236164983,-0.1784814937132892,0.045022850115748296,-0.0007974638772020555,221.0340096381031,-10,3,0
15:15:49:760,4.209926180337346,2.6379241895000667,221.6759513806926,-0.15021881585731162,0.06031996700697763,0.000655755698537766,221.73161602037862,-9,3,0
15:15:49:879,4.1691536659127095,2.7361862714366274,220.56532717941684,0.08848896177687868,0.08714620126976848,-0.0034842324025990195,220.62169456190202,5,5,0
15:15:50:007,4.2439445066100605,2.6875083563639706,221.1993227409033,-0.17827766706236522,0.010981999136333149,0.0012885695789187118,221.25635391367865,-10,1,0
15:15:50:126,4.262794734961125,2.658763539615982,220.86167856164175,-0.18463915597590977,-0.004296148126119417,-0.0018187072203222647,220.91881200924914,-11,0,0
15:15:50:248,4.230598906435425,2.6330867746308293,220.50409242755723,-0.17842244112664593,0.009183546577983643,0.0004267528679694574,220.5603905744877,-10,1,0
15:15:50:373,4.297582824513666,2.686123930900006,221.65996587247878,-0.13321641512584712,0.004305979500402507,-0.0013102834792863114,221.71789497127688,-8,0,0
15:15:50:496,4.289762051045943,2.6896870107108453,221.74229864387692,-0.1261303873166001,0.022454632095345733,-0.003163737662856122,221.80009802193615,-7,1,0
15:15:50:619,4.272265616747954,2.6593195320517653,220.88994293973602,-0.18439203731111076,0.03160258058983335,0.001001867623111229,220.94725869716834,-11,2,0
15:15:50:737,4.232551223713993,2.6258032507759017,221.2856258017577,-0.17133370893941588,0.03872679836555428,-0.0005087998845115725,221.34167596512114,-10,2,0
15:15:50:862,4.201145795274454,2.755993813482908,221.57178424726368,0.09733887300328338,0.06948445513932684,0.0011040393191561867,221.62874520785672,6,4,0
15:15:50:989,4.238319278321769,2.621040508051608,221.05984158887912,-0.1753539878078171,0.011841748342058877,-0.001978778959956441,221.11600296439462,-10,1,0
15:15:51:108,4.234332547205251,2.621052587601395,221.06041388791107,-0.17542779666147754,0.02202685779331879,-0.001659656052245416,221.1164988803003,-10,1,0
15:15:51:236,4.2623010132187,2.7600467930463433,221.36801971395903,0.06659854448588333,0.06152974949672343,-0.0046764025452639,221.42625232864066,4,4,0
15:15:51:357,4.257952272661271,2.7192334133301603,221.31760791943356,0.11872494278391264,0.06855928912717633,-0.0036500902078782788,221.37526502094255,7,4,0
15:15:51:482,4.239228071954274,2.5925495325520402,220.58339391389006,-0.17307882977880107,-0.004258100073313852,0.002117802900971383,220.63935740999423,-10,0,0
15:15:51:602,4.2272761808870785,2.586520110776773,220.71460838931515,-0.20477835377263523,0.023329983990180575,-0.0010529632340763218,220.7702387248827,-12,1,0
15:15:51:728,4.208723230999698,2.6579730666672234,220.61553965475036,-0.17258126984646774,0.014885853375710054,0.00027420287610104347,220.67168941487492,-10,1,0
15:15:51:847,4.226875609032334,2.6101593641523078,220.628847103008,-0.19107372257953292,0.022155827437032816,-0.000306190900791865,220.68476971309778,-11,1,0
15:15:51:969,4.261857359064935,2.6206479553329847,221.04460808928744,-0.17594727150960343,0.006722130962519878,-0.0018766672261336778,221.10122113910063,-10,0,0
15:15:52:096,4.268159374186648,2.6605318439229366,221.26211041658573,-0.12550303566156856,0.00854151779162592,0.0008960502645868373,221.3192651355443,-7,0,0
15:15:52:216,4.267468842522132,2.6678743465564185,220.96932235786244,-0.15735935406344162,-0.007793364480436696,-0.0011706799952043467,221.02662795949234,-9,0,0
15:15:52:339,4.249520185225691,2.6237900393868934,221.0407545691349,-0.16493543800362093,0.03683673716464018,-0.0013596597197581795,221.09716840445503,-9,2,0
15:15:52:463,4.204107281071585,2.5865736672441924,220.7153207781982,-0.20458848563999074,0.02711888823074486,-0.0011473879934167921,220.77050914374811,-12,2,0
15:15:52:584,4.241921189816641,2.6065117305284677,220.47717433539162,-0.19619513997063154,-0.014844505425174794,0.0031670259425940193,220.53338115056567,-11,-1,0
15:15:52:709,4.2660537500976075,2.7427695034338884,221.38198507782155,0.12037116307851978,0.0536492112887657,-0.00519626429204783,221.44007161339272,7,3,0
15:15:52:834,4.297582824513666,2.686123930900006,221.65996587247878,-0.13321641512584712,0.004305979500402507,-0.0013102834792863114,221.71789497127688,-8,0,0
15:15:52:957,4.230622377408952,2.595180815933601,220.6748474215205,-0.16868051765174627,0.013376425758826018,-0.001421402238510687,220.73065354336035,-10,1,0
15:15:53:083,4.234459430178079,2.648218136138844,220.4356447410094,-0.19950499405639457,-0.0021113103011157586,0.0014686015193653486,220.49221568651106,-11,0,0
15:15:53:199,4.2174879299805745,2.6056601020345687,220.38554745091622,-0.19348102548919915,0.035947358480739426,0.0009286931562145435,220.4412987492292,-11,2,0
15:15:53:323,4.2065961251026724,2.6024576400453814,220.4933081019129,-0.21431359260085892,0.014043690587432222,0.0006706842184237426,220.54878633638646,-12,1,0
15:15:53:447,4.218248146147795,2.6014055953085022,220.16724191655535,-0.19635815853673594,0.02163955828253504,-0.00024874090473365345,220.2230127430755,-11,1,0
15:15:53:569,4.227745249234036,2.642242082612163,220.3964434625281,-0.14034788386185404,0.011521566099016795,7.42569962785103e-05,220.45282389673963,-8,1,0
15:15:53:692,4.266075517650109,2.6306319862449015,220.92269130758527,-0.13468461261131842,-0.007623183616437059,-0.0022341597897186337,220.97953561259007,-8,0,0
15:15:53:816,err,err,err,err,err,err,err,err,err,err
15:15:53:937,4.23093480293811,2.569922299750903,220.55612739938812,-0.17543165999536472,0.010740993362043514,0.00040236696295949234,220.61167386008518,-10,1,0
15:15:54:145,4.208723230999698,2.6579730666672234,220.61553965475036,-0.17258126984646774,0.014885853375710054,0.00027420287610104347,220.67168941487492,-10,1,0
15:15:54:268,4.164535763271909,2.7279132910314243,219.96578981487417,0.13409626902377583,0.0736816240350328,-0.003000173505414209,220.02212061047035,8,4,0
15:15:54:394,4.234244957767561,2.609781376090524,220.60945248612018,-0.1913272176566524,0.002978828722859718,-0.00036079720765667196,220.66551682448954,-11,0,0
15:15:54:515,4.261898581971357,2.6740233605405788,221.26232346552948,-0.15251398091610693,0.021155294642012937,0.00026624098237021924,221.31952007407824,-9,1,0
15:15:54:639,4.273460991526417,2.642206251867371,220.76578215919037,-0.160191834359754,0.01843658775752785,-0.0016096829942279871,220.8229478452876,-9,1,0
15:15:54:757,4.2323564075081554,2.6084170254057457,220.38958227817744,-0.18340737215801656,-0.0005447815358965607,0.0004528336216888798,220.4456501201331,-11,0,0
15:15:54:907,4.237621197492515,2.6435764618699786,220.90709886387685,-0.1634222601162731,0.009001542296990264,-0.0009092784266450717,220.9635541404461,-9,1,0
15:15:55:050,4.251220705079748,2.6487505655126844,221.1426228160868,-0.15873228265886755,0.03735529596535974,-0.0014298637699849705,221.19934082862824,-9,2,0
15:15:55:170,4.17752469178798,2.644763382621152,220.9093356674528,-0.1594523994397778,0.04956417399979051,-0.00020566989819699599,220.96466023085205,-9,3,0
15:15:55:293,4.256801644520138,2.6395315700920627,221.03363624907422,-0.18646828951722816,0.021031164270554063,-0.00027639517573066686,221.09037934889514,-11,1,0
15:15:55:424,4.188634208216031,2.7514187076329457,220.15373009836296,0.08885758265605706,0.11593507003039118,-0.004349911664851458,220.21076231114998,5,7,0
15:15:55:538,4.292523185456416,2.6392467164146796,222.2706315898855,-0.10608908137544419,-0.0064233895764543025,-0.0016183977677148153,222.32774241172513,-6,0,0
15:15:55:664,4.263540119566669,2.665059982202258,221.66014880207206,-0.13135184100366562,0.03233392931029578,-0.0014718491909539956,221.71716642158455,-8,2,0
15:15:55:786,4.25649726209607,2.62540550414085,221.2806092453506,-0.17249462552525877,0.033206448743641336,-0.00039836824914897886,221.33711516823595,-10,2,0
15:15:55:913,4.232807106446352,2.594670514149919,220.66003198887924,-0.1696520728795304,0.011104813346781393,0.00034742413965946107,220.71587774424066,-10,1,0
15:15:56:030,4.26791464985841,2.6238470894662975,221.2387223414938,-0.17570205207977235,0.007352743478232575,0.00136492743630609,221.29544037847677,-10,0,0
15:15:56:155,4.262070590190087,2.6113744567068773,221.32488074483993,-0.14781812353490784,0.023479043653924,0.00022058280575355688,221.38131664389957,-8,1,0
15:15:56:279,4.264300530153645,2.6246534253581104,221.2664245787004,-0.17436530199680103,0.01741047894013184,0.0013687104391276168,221.32307541342456,-10,1,0
15:15:56:400,4.251220705079748,2.6487505655126844,221.1426228160868,-0.15873228265886755,0.03735529596535974,-0.0014298637699849705,221.19934082862824,-9,2,0
15:15:56:525,4.26019706544198,2.676068554513678,221.50672454311675,-0.15883076245551253,0.034587971317664584,-0.0005449686217085078,221.5638500292073,-9,2,0
15:15:56:647,4.228540835317604,2.570395642163329,220.57063342457008,-0.17455353200341786,0.0135015629032404,-0.0013654838936728363,220.6261358512841,-10,1,0
15:15:56:805,4.239047729357799,2.642540674107964,220.59541543705106,-0.14967752493114259,-0.004310428635232264,0.0010406642041381061,220.65196545399553,-9,0,0
15:15:56:974,4.28343879930343,2.588692953483918,220.43023067596778,-0.1785340631215573,-0.02250288747395076,-0.0024024224326636653,220.4870421929941,-10,-1,0
15:15:57:101,4.266075517650109,2.6306319862449015,220.92269130758527,-0.13468461261131842,-0.007623183616437059,-0.0022341597897186337,220.97953561259007,-8,0,0
15:15:57:218,4.243289342823722,2.6723222499166943,221.1726221062651,-0.1538539234543946,0.05376042850247758,-0.003243816857908867,221.2294636345147,-9,3,0
15:15:57:347,4.277171293114388,2.724301353109159,221.7395563222165,0.022521119981736885,0.04534874321277057,-0.005738152237641339,221.7975357169385,1,3,0
15:15:57:465,4.2660323102522835,2.6496245556804503,221.3737127566776,-0.1682987734748591,0.018237110300394287,0.0013072928263321334,221.4306668951575,-10,1,0
15:15:57:589,4.251220705079748,2.6487505655126844,221.1426228160868,-0.15873228265886755,0.03735529596535974,-0.0014298637699849705,221.19934082862824,-9,2,0
15:15:57:708,4.298982531399518,2.634581765802445,221.6418939707718,-0.15979552751394327,0.0014130318377500155,-0.000185135747243982,221.69923643268785,-9,0,0
15:15:57:838,4.267952672558254,2.6052710060177824,221.0369272089544,-0.15299853072484915,-0.005818338592977114,-0.001209549524072788,221.09347807433534,-9,0,0
15:15:57:960,4.292176435575622,2.725518710177863,221.3074549443723,0.13134716555384043,0.045747423492623375,-0.0030378909085255184,221.36585293298742,8,3,0
15:15:58:081,4.251220705079748,2.6487505655126844,221.1426228160868,-0.15873228265886755,0.03735529596535974,-0.0014298637699849705,221.19934082862824,-9,2,0
15:15:58:248,4.2660323102522835,2.6496245556804503,221.3737127566776,-0.1682987734748591,0.018237110300394287,0.0013072928263321334,221.4306668951575,-10,1,0
15:15:58:368,4.22117925636074,2.60928621607613,220.42641193676135,-0.1823792644057916,0.024678808539453197,-0.001270215900743006,220.48226642563918,-10,1,0
15:15:58:493,4.257443405151213,2.6353788189757648,221.17607622235997,-0.13249395979291173,0.025739604430501134,-0.0008165703200891932,221.23274562999654,-8,1,0
15:15:58:618,4.268159374186648,2.6605318439229366,221.26211041658573,-0.12550303566156856,0.00854151779162592,0.0008960502645868373,221.3192651355443,-7,0,0
15:15:58:744,4.262070590190087,2.6113744567068773,221.32488074483993,-0.14781812353490784,0.023479043653924,0.00022058280575355688,221.38131664389957,-8,1,0
15:15:58:864,4.268916851239049,2.639070381470644,221.1820755716809,-0.1973934702371599,0.0037329162190593945,0.0024439795698390234,221.23900853547033,-11,0,0
15:15:58:988,4.263659579849797,2.6497919775768084,221.37806678434356,-0.1679851156138586,0.020467775759612686,-0.0004610987207196828,221.43497610745814,-10,1,0
15:15:59:114,4.286146232422912,2.652899574376106,222.33338461189334,-0.13467805615247394,0.008502241882419662,-0.0022755760635493547,222.3905187697028,-8,0,0
15:15:59:237,4.301732792908397,2.6431434556449034,221.42628067498444,-0.12026708171738704,-0.013373698150976861,-0.00051298257134884,221.48383436699322,-7,-1,0
15:15:59:359,4.267468842522132,2.6678743465564185,220.96932235786244,-0.15735935406344162,-0.007793364480436696,-0.0011706799952043467,221.02662795949234,-9,0,0
15:15:59:480,4.262063720818604,2.5615583612984008,221.32490987149455,-0.1707197825437382,0.021753337778702697,-0.0004278793018530659,221.3807636133362,-10,1,0
15:15:59:601,4.272265616747954,2.6593195320517653,220.88994293973602,-0.18439203731111076,0.03160258058983335,0.001001867623111229,220.94725869716834,-11,2,0
15:15:59:723,4.256458521246506,2.6268023422744213,221.92314389439045,-0.1279196673399563,0.012725294825566256,-5.196867106920236e-05,221.97950203939732,-7,1,0
15:15:59:846,4.292060534141236,2.6376292779928048,221.73153995358453,-0.1541054554783953,0.01837253025342672,-0.002000090372553207,221.78876139702146,-9,1,0
15:15:59:967,4.236641209510867,2.7090352735351826,221.7872703590009,0.03566833497341416,0.0884186872035847,-0.0029481877588773803,221.8442726196643,2,5,0
15:16:00:093,err,err,err,err,err,err,err,err,err,err
15:16:00:269,4.262070590190087,2.6113744567068773,221.32488074483993,-0.14781812353490784,0.023479043653924,0.00022058280575355688,221.38131664389957,-8,1,0
15:16:00:422,4.25483513862879,2.6007453886258114,221.1803836013494,-0.17797338258622675,0.03262637494785753,-0.0003374374356081398,221.23659188451046,-10,2,0
15:16:00:587,4.311399694808204,2.6033093083312195,220.86565881614194,-0.15108348011168063,-0.017694589563751178,-0.0034021206524711104,220.92307401213586,-9,-1,0
15:16:00:702,err,err,err,err,err,err,err,err,err,err
15:16:00:831,4.249585209825401,2.649545968980467,221.33858819273428,-0.16691519998012508,0.048749221570941546,-0.002208965913181435,221.3952341209045,-10,3,0
15:16:00:952,4.253952840650576,2.737048052809578,221.26060934669417,0.06742488435785125,0.07581144137246221,-0.003120531000604005,221.31842398518086,4,4,0
15:16:01:072,4.236634910806616,2.6289003203368773,220.27664393547695,-0.18047430474202064,0.034786690295087165,5.6211090251067425e-06,220.33306618784803,-10,2,0
15:16:01:193,4.256907245414473,2.66581556988051,220.8739829311257,-0.1597910170038815,0.061569743514844476,-0.0018785636008103168,220.93108465720232,-9,4,0
15:16:01:330,4.270942065318565,2.754585583367122,221.74839163036424,0.08827471865234192,0.05627383846631508,-0.006633076276676085,221.80662271112374,5,3,0
15:16:01:529,4.310096764877858,2.6192609112442793,221.32183142590526,-0.19943373698577405,0.009712068631947294,-0.0005924805550142391,221.37929109914643,-11,1,0
15:16:01:655,4.257945698139623,2.601114974424092,221.37035803845654,-0.1877564846081359,0.03227173407775122,-0.0011205868323302367,221.42658223156704,-11,2,0
15:16:01:772,4.220144315271259,2.7295696604695165,220.59461324259263,0.1181999215624523,0.07346896211044839,-0.0029249115646610797,220.65186054103893,7,4,0
15:16:01:896,4.257443405151213,2.6353788189757648,221.17607622235997,-0.13249395979291173,0.025739604430501134,-0.0008165703200891932,221.23274562999654,-8,1,0
15:16:02:018,4.290147912789015,2.637702752233268,221.73231339631621,-0.1539506601302624,0.019357318029315212,-0.003766109718260391,221.78949850929584,-9,1,0
15:16:02:139,4.260119522342433,2.648579826395246,221.1510953936919,-0.15968551453412375,0.02029633977921522,0.00034010731289232265,221.20798038784957,-9,1,0
15:16:02:265,4.297582824513666,2.686123930900006,221.65996587247878,-0.13321641512584712,0.004305979500402507,-0.0013102834792863114,221.71789497127688,-8,0,0
15:16:02:388,4.275830373520093,2.646009053284816,221.24681813079522,-0.17423986196407196,-0.007687102397936325,0.0030961216650395897,221.30395076070008,-10,0,0
15:16:02:519,4.28128510605331,2.5962369251398623,220.79893616847698,-0.17221434339266872,0.0027145620812173503,-0.000942570411412933,220.8556996354451,-10,0,0
15:16:02:649,4.249520185225691,2.6237900393868934,221.0407545691349,-0.16493543800362093,0.03683673716464018,-0.0013596597197581795,221.09716840445503,-9,2,0
15:16:02:796,4.287739419554797,2.66221707257572,221.60361629001162,-0.1377004286119521,0.020946672379690598,-0.003044603179524468,221.6610810717168,-8,1,0
15:16:02:921,4.2649277674615504,2.6436537925408907,220.8844903179351,-0.16213378197739825,0.0466409330645373,-0.0001007662613371213,220.94147772034668,-9,3,0
15:16:03:050,4.283056161240051,2.6868974530456344,221.45350253488175,-0.12062567980533151,0.026591469523949012,-0.0023515254250118488,221.5112136506195,-7,2,0
15:16:03:169,4.300441637465631,2.6577260772020836,221.46461127783758,-0.14522900394662308,-0.011336270131500185,-0.001185765340553262,221.52230441791272,-8,-1,0
15:16:03:291,4.257443405151213,2.6353788189757648,221.17607622235997,-0.13249395979291173,0.025739604430501134,-0.0008165703200891932,221.23274562999654,-8,1,0
15:16:03:415,4.287739419554797,2.66221707257572,221.60361629001162,-0.1377004286119521,0.020946672379690598,-0.003044603179524468,221.6610810717168,-8,1,0
15:16:03:536,4.294200225794428,2.6497683462004358,221.58620990603302,-0.10766575754225298,0.007415123066687535,-0.002426072243285017,221.64365510518965,-6,0,0
15:16:03:660,4.263074950403786,2.618749665325749,220.78155372427756,-0.16823390518014744,0.04646694422602626,-2.884654774405395e-05,220.83823519207098,-10,3,0
15:16:03:779,4.263074950403786,2.618749665325749,220.78155372427756,-0.16823390518014744,0.04646694422602626,-2.884654774405395e-05,220.83823519207098,-10,3,0
15:16:04:090,4.274400026770593,2.589149762641373,220.724428206457,-0.19525107051900573,0.013798762427066956,-0.0015858604448678326,220.78099419820907,-11,1,0
15:16:04:263,4.2414981668436385,2.6471234782111117,221.06754517605995,-0.16057382010503024,0.053438887243829225,-0.0031612224830712943,221.12407625488805,-9,3,0
15:16:04:437,4.25649726209607,2.62540550414085,221.2806092453506,-0.17249462552525877,0.033206448743641336,-0.00039836824914897886,221.33711516823595,-10,2,0
15:16:04:572,4.203758039709024,2.60523519111422,220.37992485268484,-0.19467083688055584,0.011908471353032232,-0.0015703966146011744,220.4354102909341,-11,1,0
15:16:04:684,4.274435189620852,2.58205669456794,220.99721472995745,-0.1565906101274332,0.03269553822738288,0.0016009792701124229,221.05362863197507,-9,2,0
15:16:04:810,4.251220705079748,2.6487505655126844,221.1426228160868,-0.15873228265886755,0.03735529596535974,-0.0014298637699849705,221.19934082862824,-9,2,0
15:16:04:933,4.2660323102522835,2.6496245556804503,221.3737127566776,-0.1682987734748591,0.018237110300394287,0.0013072928263321334,221.4306668951575,-10,1,0
15:16:05:051,4.252851845295018,2.7521905586612796,221.231731570212,0.1002464827281026,0.07443570019830036,-0.0043862574130132115,221.28972040120513,6,4,0
15:16:05:221,4.281017532550525,2.6324185649421366,220.98986205418984,-0.13242342810657565,0.01868720169488022,0.002234495162677373,221.04699923171296,-8,1,0
15:16:05:420,4.253952840650576,2.737048052809578,221.26060934669417,0.06742488435785125,0.07581144137246221,-0.003120531000604005,221.31842398518086,4,4,0
15:16:05:545,4.273782059946636,2.6822576485446503,222.12126611841717,-0.10068898901779509,0.031272736368555196,-0.00028709844333541765,222.1785691313134,-6,2,0
15:16:05:699,4.25649726209607,2.62540550414085,221.2806092453506,-0.17249462552525877,0.033206448743641336,-0.00039836824914897886,221.33711516823595,-10,2,0
15:16:05:831,err,err,err,err,err,err,err,err,err,err
15:16:05:955,4.290275379041393,2.612002200978224,221.61448586481654,-0.16157917285260723,0.017208631802290906,-0.0019231567093083706,221.6713995161597,-9,1,0
15:16:06:080,4.298982531399518,2.634581765802445,221.6418939707718,-0.15979552751394327,0.0014130318377500155,-0.000185135747243982,221.69923643268785,-9,0,0
15:16:06:202,4.251220705079748,2.6487505655126844,221.1426228160868,-0.15873228265886755,0.03735529596535974,-0.0014298637699849705,221.19934082862824,-9,2,0
15:16:06:324,4.292060534141236,2.6376292779928048,221.73153995358453,-0.1541054554783953,0.01837253025342672,-0.002000090372553207,221.78876139702146,-9,1,0
15:16:06:447,4.261898581971357,2.6740233605405788,221.26232346552948,-0.15251398091610693,0.021155294642012937,0.00026624098237021924,221.31952007407824,-9,1,0
15:16:06:569,4.295912581475974,2.597036258194702,221.60096313688203,-0.13773782313418131,0.0053596677188212484,-0.0012684343546809575,221.65781358983898,-8,0,0
15:16:06:692,4.249495818411549,2.7596929403064343,221.23303354514894,0.11557352481354799,0.08357997012264495,-0.0020994138614853384,221.29105099715278,7,5,0
15:16:06:813,4.297582824513666,2.686123930900006,221.65996587247878,-0.13321641512584712,0.004305979500402507,-0.0013102834792863114,221.71789497127688,-8,0,0
15:16:06:938,4.257625949041884,2.596760164771207,220.8196719997465,-0.17145144733971235,0.008402110051768512,-0.0010475105822106256,220.8759789659141,-10,0,0
15:16:07:059,4.295912581475974,2.597036258194702,221.60096313688203,-0.13773782313418131,0.0053596677188212484,-0.0012684343546809575,221.65781358983898,-8,0,0
15:16:07:183,4.240273739675279,2.7582718857926936,220.6707669531104,0.12966622154525909,0.03578677338704909,-0.005367818219213963,220.7287370798313,7,2,0
15:16:07:308,4.307289782266611,2.646120064168237,221.06886294350628,-0.16380050801947466,-0.0009557332542608361,-0.004178881707116327,221.12665343598263,-9,0,0
15:16:07:429,4.292513258673257,2.6213539119032276,221.44401781401658,-0.12158871648139948,0.004828276534817567,-0.002289201305793881,221.50112909875162,-7,0,0
15:16:07:557,4.287739419554797,2.66221707257572,221.60361629001162,-0.1377004286119521,0.020946672379690598,-0.003044603179524468,221.6610810717168,-8,1,0
15:16:07:674,4.290610329844291,2.577656430743852,221.971803814928,-0.1494272870101104,0.035118956356805855,-0.0005611085160659842,222.0282309494232,-9,2,0
15:16:07:795,4.251220705079748,2.6487505655126844,221.1426228160868,-0.15873228265886755,0.03735529596535974,-0.0014298637699849705,221.19934082862824,-9,2,0
15:16:07:920,4.236972888738749,2.7660714762326,221.09732910276605,0.08856839093262747,0.10231465760048652,-0.002896318381912403,221.1552215685815,5,6,0
15:16:08:045,4.311399694808204,2.6033093083312195,220.86565881614194,-0.15108348011168063,-0.017694589563751178,-0.0034021206524711104,220.92307401213586,-9,-1,0
15:16:08:172,4.292513258673257,2.6213539119032276,221.44401781401658,-0.12158871648139948,0.004828276534817567,-0.002289201305793881,221.50112909875162,-7,0,0
15:16:08:288,4.25483513862879,2.6007453886258114,221.1803836013494,-0.17797338258622675,0.03262637494785753,-0.0003374374356081398,221.23659188451046,-10,2,0
15:16:08:409,4.267878906644309,2.645553850863067,220.93675167199427,-0.1582819112841132,0.045511731215408815,0.0016156791490426466,220.9938053089092,-9,3,0
15:16:08:538,4.299711035183651,2.6620924294184185,221.80627533521675,-0.14855094925428106,0.003860956399182301,-0.002053990704982754,221.86391781714042,-9,0,0
15:16:08:660,4.294200225794428,2.6497683462004358,221.58620990603302,-0.10766575754225298,0.007415123066687535,-0.002426072243285017,221.64365510518965,-6,0,0
15:16:08:783,4.240518317917803,2.6437190892685845,220.87339502954063,-0.16130941858833103,0.052529829405598846,-0.00021041168980734192,220.9299162134976,-9,3,0
15:16:08:947,4.274435189620852,2.58205669456794,220.99721472995745,-0.1565906101274332,0.03269553822738288,0.0016009792701124229,221.05362863197507,-9,2,0
15:16:09:072,4.098936375105312,2.7054684019016593,221.49657276075035,-0.012311623792506369,-0.07940613173738569,-0.00021468465192152325,221.551015758085,-1,-5,0
15:16:09:195,4.032593027509852,2.7406691241384995,223.994627894025,-0.02199075811354442,-0.12297487083671513,0.0002274021063030374,224.04768777908924,-1,-7,0
15:16:09:314,4.049093218674657,2.6654529099514708,224.83736495749346,-0.08234722648149645,-0.0858268633433892,0.0004783343263831193,224.8896184267691,-5,-5,0
15:16:09:438,4.033026439710965,2.6958968619815313,224.71808300282552,0.002821448019575382,-0.09616866140033535,-0.0009697244630730979,224.77043842689508,0,-6,0
15:16:09:563,4.084527426422182,2.6765953098027144,223.28885539906273,-0.04645760272697544,-0.12174931431874865,0.0011035463823067966,223.34224963533703,-3,-7,0
15:16:09:683,4.08810986960623,2.7106105494192563,224.18187479598205,-0.05064432649416985,-0.046978551048877305,0.001621483948026841,224.23553027764794,-3,-3,0
15:16:09:803,4.106563368241223,2.683386803421619,223.78736739701512,-0.11102592265790776,-0.015422849453337814,-0.0012158083540144886,223.84112721732077,-6,-1,0
15:16:09:926,4.0371260094506285,2.666261897575373,222.6266208443983,-0.10771507066489093,0.049004478347099194,0.001700264838375833,222.67918548332742,-6,3,0
15:16:10:057,4.08726188948744,2.7000382589495726,223.0065540022679,-0.08970518087866929,-0.00033369056405161215,0.00031166498291676503,223.06034843584254,-5,0,0
15:16:10:220,4.120489018667106,2.675950220899134,222.40854577938902,-0.06969746538546004,-0.044018951730452165,0.002560555584701089,222.46280672292227,-4,-3,0
15:16:10:338,4.130905017706819,2.6423969055744343,222.0987201133214,-0.08983183479691027,-0.08268659891654037,0.001645830428727348,222.15284853822467,-5,-5,0
15:16:10:463,4.105233444328495,2.644183082426094,222.25660097674577,-0.09160056253524991,-0.0679783732208344,0.0014988252446302035,222.3102366593635,-5,-4,0
15:16:10:589,err,err,err,err,err,err,err,err,err,err
15:16:10:708,4.1319987191477585,2.699204531061261,222.82477127644756,-0.08387275805274688,-0.007472148696879355,0.0016942458082755106,222.87942438214594,-5,0,0
15:16:10:831,4.108436111769398,2.7275964833916886,222.91606409664521,-0.06946403549430546,0.04367834761029441,-0.0004588284706932125,222.97060492854285,-4,2,0
15:16:10:953,4.938166634640536,4.32807168841447,202.4604679359334,0.7293856760267236,-0.04224419569751362,0.13222102674675928,202.56692417837777,42,-5,6
15:16:11:118,4.137238629006677,2.750387258420522,222.5333338943161,-0.050502832789555994,-0.03309424065849527,-0.0010240510049063665,222.58878243897152,-3,-2,0
15:16:11:241,4.927457379266657,4.330969687408147,202.6154266668786,0.7284591059096659,-0.05043988394916453,0.13250137193481593,202.7216028400994,42,-5,6
15:16:11:363,4.12484330866885,2.732662156009191,221.73080663790734,-0.1274236016492493,-0.04077332463219363,0.0006255586609508785,221.78600584138985,-7,-2,0
15:16:11:488,4.084248147923218,2.7250843067461243,222.29908940289386,-0.11116343217997736,-0.024557587527075077,-0.0003063731058413182,222.35330516268132,-6,-1,0
15:16:11:618,4.079508511080214,2.749606578637415,221.5134899205035,-0.06710192514242926,-0.04411059993472187,-0.0013594394657252206,221.56811355154485,-4,-3,0
15:16:11:736,4.039573441490664,2.720660645417254,221.32010994123567,-0.14461490897825152,-0.012588211965859346,0.0007033979859666841,221.373691328345,-8,-1,0
15:16:11:856,4.057516329823203,2.7064011225751496,221.3073960674786,-0.11997993057337512,-0.005331745997991511,-0.0002813794355786872,221.36113389656032,-7,0,0
15:16:11:978,4.077863780337986,2.7158336866647357,222.30029179754632,-0.07472871872329306,-0.010641115321792355,-0.0015064987423763164,222.35427690714397,-4,-1,0
15:16:12:103,4.074696772486833,2.72640062249093,221.48742001875675,-0.1346123561314479,-0.03839590796911899,-0.000731164821014468,221.54167472669155,-8,-2,0
15:16:12:268,4.842973386346787,4.297984879798137,201.79235927112745,0.7376885724223758,-0.04318183512351306,0.13135199218215005,201.89621919554514,42,-5,6
15:16:12:432,4.884149451505731,4.29917262966422,201.85923862208912,0.7370459598778819,-0.04332071355339142,0.131274667742696,201.96408101009894,42,-5,6
15:16:12:559,4.117921975151032,2.7526819269868574,222.49529474795835,-0.10333729831163015,-0.03725250367078818,0.0027395799522370277,222.5504228802216,-6,-2,0
15:16:12:680,4.108756002979083,2.730371166781007,222.5506386773501,-0.10753127892586468,-0.018010467332825415,0.0009499097787015816,222.60530896251518,-6,-1,0
15:16:12:798,4.081137991541626,2.729954433171354,222.58085705673324,-0.11017354549170093,-0.004052945166593295,0.0008260451689582401,222.6350068309634,-6,0,0
15:16:12:920,4.081137991541626,2.729954433171354,222.58085705673324,-0.11017354549170093,-0.004052945166593295,0.0008260451689582401,222.6350068309634,-6,0,0
15:16:13:050,4.084248147923218,2.7250843067461243,222.29908940289386,-0.11116343217997736,-0.024557587527075077,-0.0003063731058413182,222.35330516268132,-6,-1,0
15:16:13:168,4.100704613937841,2.713677078803089,222.06877949849078,-0.13584369154171752,-0.023563585196543665,-0.00034442177773658783,222.1232150171794,-8,-1,0
15:16:13:297,4.100284799256998,2.7066566806642,221.72716334214553,-0.14081494445587966,-0.03942841635841297,-0.0014838144065895435,221.7815891582899,-8,-2,0
15:16:13:414,4.884149451505731,4.29917262966422,201.85923862208912,0.7370459598778819,-0.04332071355339142,0.131274667742696,201.96408101009894,42,-5,6
15:16:13:541,4.871846469951053,4.302327223834255,202.0240630735192,0.7359861696928791,-0.04718824609392415,0.13298972298248285,202.1285901803626,42,-5,6
15:16:13:660,4.891759901894421,4.302181862062198,202.01683662496018,0.7359722123924838,-0.04761113170432859,0.13305106139958037,202.12184534005198,42,-5,6
15:16:13:781,4.058118256863913,2.7255325707085625,222.34530494287694,-0.11197378467694545,-0.01311758916828608,-0.00043289124519348485,222.39903660250334,-6,-1,0
15:16:13:908,4.884149451505731,4.29917262966422,201.85923862208912,0.7370459598778819,-0.04332071355339142,0.131274667742696,201.96408101009894,42,-5,6
15:16:14:039,4.881992097324158,4.31868021775556,201.83715233768532,0.7371972569138411,-0.03933187692460939,0.13281795383456757,201.94237026797413,42,-5,6
15:16:14:196,4.100704613937841,2.713677078803089,222.06877949849078,-0.13584369154171752,-0.023563585196543665,-0.00034442177773658783,222.1232150171794,-8,-1,0
15:16:14:316,4.1340514178314,2.7438950840074505,223.09370786193654,-0.09318825825725179,-0.0029551568980976817,0.0008701108443696927,223.14887817092963,-5,0,0
15:16:14:439,4.108756002979083,2.730371166781007,222.5506386773501,-0.10753127892586468,-0.018010467332825415,0.0009499097787015816,222.60530896251518,-6,-1,0
15:16:14:607,4.1258066898659,2.713529342373188,222.0306147973369,-0.13443115630018437,-0.0326661402304207,-0.0002377010461407917,222.08552278259262,-8,-2,0
15:16:14:725,4.127228004485109,2.7368177327684546,221.78107535735887,-0.1169185386587366,-0.04667854362493259,-0.0011773337956121521,221.8363576354649,-7,-3,0
15:16:14:889,4.884149451505731,4.29917262966422,201.85923862208912,0.7370459598778819,-0.04332071355339142,0.131274667742696,201.96408101009894,42,-5,6
15:16:15:017,4.081137991541626,2.729954433171354,222.58085705673324,-0.11017354549170093,-0.004052945166593295,0.0008260451689582401,222.6350068309634,-6,0,0
15:16:15:140,4.081137991541626,2.729954433171354,222.58085705673324,-0.11017354549170093,-0.004052945166593295,0.0008260451689582401,222.6350068309634,-6,0,0
15:16:15:261,4.881992097324158,4.31868021775556,201.83715233768532,0.7371972569138411,-0.03933187692460939,0.13281795383456757,201.94237026797413,42,-5,6
15:16:15:383,4.884149451505731,4.29917262966422,201.85923862208912,0.7370459598778819,-0.04332071355339142,0.131274667742696,201.96408101009894,42,-5,6
15:16:15:509,4.100704613937841,2.713677078803089,222.06877949849078,-0.13584369154171752,-0.023563585196543665,-0.00034442177773658783,222.1232150171794,-8,-1,0
15:16:15:755,4.8697486843643984,4.321903408362285,202.00439173845467,0.7361204069105111,-0.04319324357159791,0.13453464917734326,202.10929613192744,42,-5,6
15:16:15:888,4.081137991541626,2.729954433171354,222.58085705673324,-0.11017354549170093,-0.004052945166593295,0.0008260451689582401,222.6350068309634,-6,0,0
15:16:16:029,4.100704613937841,2.713677078803089,222.06877949849078,-0.13584369154171752,-0.023563585196543665,-0.00034442177773658783,222.1232150171794,-8,-1,0
15:16:16:162,4.100704613937841,2.713677078803089,222.06877949849078,-0.13584369154171752,-0.023563585196543665,-0.00034442177773658783,222.1232150171794,-8,-1,0
15:16:16:288,4.081137991541626,2.729954433171354,222.58085705673324,-0.11017354549170093,-0.004052945166593295,0.0008260451689582401,222.6350068309634,-6,0,0
15:16:16:501,4.108756002979083,2.730371166781007,222.5506386773501,-0.10753127892586468,-0.018010467332825415,0.0009499097787015816,222.60530896251518,-6,-1,0
15:16:16:614,4.8628728899870195,4.297848000091878,201.78551018318137,0.7376744565816381,-0.04360322379650687,0.13141326059916464,201.88984905156292,42,-5,6
15:16:16:780,4.100704613937841,2.713677078803089,222.06877949849078,-0.13584369154171752,-0.023563585196543665,-0.00034442177773658783,222.1232150171794,-8,-1,0
15:16:16:901,4.081137991541626,2.729954433171354,222.58085705673324,-0.11017354549170093,-0.004052945166593295,0.0008260451689582401,222.6350068309634,-6,0,0
15:16:17:025,4.884149451505731,4.29917262966422,201.85923862208912,0.7370459598778819,-0.04332071355339142,0.131274667742696,201.96408101009894,42,-5,6
15:16:17:147,4.1219531357213155,2.7001549435047676,222.03197313957926,-0.10809980581823868,-0.024031023274307586,-0.001314010283837066,222.0866462231056,-6,-1,0
15:16:17:360,4.083556145673589,2.7528280575082613,222.31301302210315,-0.09427862493924948,-0.021120463392916927,-9.874795056440057e-05,222.36755440503202,-5,-1,0
15:16:17:496,4.100704613937841,2.713677078803089,222.06877949849078,-0.13584369154171752,-0.023563585196543665,-0.00034442177773658783,222.1232150171794,-8,-1,0
15:16:17:653,4.100704613937841,2.713677078803089,222.06877949849078,-0.13584369154171752,-0.023563585196543665,-0.00034442177773658783,222.1232150171794,-8,-1,0
15:16:17:803,4.100704613937841,2.713677078803089,222.06877949849078,-0.13584369154171752,-0.023563585196543665,-0.00034442177773658783,222.1232150171794,-8,-1,0
15:16:17:922,4.081137991541626,2.729954433171354,222.58085705673324,-0.11017354549170093,-0.004052945166593295,0.0008260451689582401,222.6350068309634,-6,0,0
15:16:18:050,4.100704613937841,2.713677078803089,222.06877949849078,-0.13584369154171752,-0.023563585196543665,-0.00034442177773658783,222.1232150171794,-8,-1,0
15:16:18:171,4.101239100709736,2.736620616049728,221.83698466860332,-0.1202115498436245,-0.035108213273716785,-0.0012889266295084169,221.89176871036818,-7,-2,0
15:16:18:304,4.871846469951053,4.302327223834255,202.0240630735192,0.7359861696928791,-0.04718824609392415,0.13298972298248285,202.1285901803626,42,-5,6
15:16:18:462,4.081137991541626,2.729954433171354,222.58085705673324,-0.11017354549170093,-0.004052945166593295,0.0008260451689582401,222.6350068309634,-6,0,0
15:16:18:584,4.075983815589,2.7071050959479206,221.77073343769564,-0.14154721797363096,-0.031782650415927594,-0.0015892666638383742,221.82470617935888,-8,-2,0
15:16:18:709,4.081137991541626,2.729954433171354,222.58085705673324,-0.11017354549170093,-0.004052945166593295,0.0008260451689582401,222.6350068309634,-6,0,0
15:16:18:829,4.100704613937841,2.713677078803089,222.06877949849078,-0.13584369154171752,-0.023563585196543665,-0.00034442177773658783,222.1232150171794,-8,-1,0
15:16:18:950,4.100704613937841,2.713677078803089,222.06877949849078,-0.13584369154171752,-0.023563585196543665,-0.00034442177773658783,222.1232150171794,-8,-1,0
15:16:19:078,4.100704613937841,2.713677078803089,222.06877949849078,-0.13584369154171752,-0.023563585196543665,-0.00034442177773658783,222.1232150171794,-8,-1,0
15:16:19:194,4.083576018579439,2.7153618029466577,222.05259449619854,-0.1292535388910512,0.01760295674467531,0.0010156139779276495,222.10673899121926,-7,1,0
15:16:19:342,4.100704613937841,2.713677078803089,222.06877949849078,-0.13584369154171752,-0.023563585196543665,-0.00034442177773658783,222.1232150171794,-8,-1,0
15:16:19:520,4.075983815589,2.7071050959479206,221.77073343769564,-0.14154721797363096,-0.031782650415927594,-0.0015892666638383742,221.82470617935888,-8,-2,0
15:16:19:647,4.129105247960318,2.7280718377453295,222.65798558152724,-0.12004670278666137,-0.013093533018447066,-0.0003963704953175922,222.71297768501103,-7,-1,0
15:16:19:768,4.081137991541626,2.729954433171354,222.58085705673324,-0.11017354549170093,-0.004052945166593295,0.0008260451689582401,222.6350068309634,-6,0,0
15:16:19:893,4.904054294506613,4.2990352705766455,201.8523700692386,0.7370316256059305,-0.043742767826908384,0.13133605269912466,201.95769545959365,42,-5,6
15:16:20:016,4.100704613937841,2.713677078803089,222.06877949849078,-0.13584369154171752,-0.023563585196543665,-0.00034442177773658783,222.1232150171794,-8,-1,0
15:16:20:140,4.100704613937841,2.713677078803089,222.06877949849078,-0.13584369154171752,-0.023563585196543665,-0.00034442177773658783,222.1232150171794,-8,-1,0
15:16:20:261,4.100704613937841,2.713677078803089,222.06877949849078,-0.13584369154171752,-0.023563585196543665,-0.00034442177773658783,222.1232150171794,-8,-1,0
15:16:20:382,4.852986882693635,4.314192888438815,201.59967681896416,0.7389267840413021,-0.03535140237056441,0.13118024119354685,201.70422265156733,42,-4,6
15:16:20:512,4.100704613937841,2.713677078803089,222.06877949849078,-0.13584369154171752,-0.023563585196543665,-0.00034442177773658783,222.1232150171794,-8,-1,0
15:16:20:632,4.884149451505731,4.29917262966422,201.85923862208912,0.7370459598778819,-0.04332071355339142,0.131274667742696,201.96408101009894,42,-5,6
15:16:20:759,4.081137991541626,2.729954433171354,222.58085705673324,-0.11017354549170093,-0.004052945166593295,0.0008260451689582401,222.6350068309634,-6,0,0
15:16:20:876,4.101239100709736,2.736620616049728,221.83698466860332,-0.1202115498436245,-0.035108213273716785,-0.0012889266295084169,221.89176871036818,-7,-2,0
15:16:21:004,4.87509272851527,4.294635699530002,201.61782269618342,0.7387456589975578,-0.0397528566544783,0.12969982366534175,201.72247483523734,42,-5,6
15:16:21:122,4.102864084745869,2.723785123473112,221.39959594315263,-0.13855600368938634,-0.008429457146406893,-0.0011359047785204398,221.45436004488147,-8,0,0
15:16:21:246,4.127228004485109,2.7368177327684546,221.78107535735887,-0.1169185386587366,-0.04667854362493259,-0.0011773337956121521,221.8363576354649,-7,-3,0
15:16:21:370,4.100704613937841,2.713677078803089,222.06877949849078,-0.13584369154171752,-0.023563585196543665,-0.00034442177773658783,222.1232150171794,-8,-1,0
15:16:21:535,4.100704613937841,2.713677078803089,222.06877949849078,-0.13584369154171752,-0.023563585196543665,-0.00034442177773658783,222.1232150171794,-8,-1,0
15:16:21:660,4.100704613937841,2.713677078803089,222.06877949849078,-0.13584369154171752,-0.023563585196543665,-0.00034442177773658783,222.1232150171794,-8,-1,0
15:16:21:781,4.100704613937841,2.713677078803089,222.06877949849078,-0.13584369154171752,-0.023563585196543665,-0.00034442177773658783,222.1232150171794,-8,-1,0
15:16:21:907,4.081137991541626,2.729954433171354,222.58085705673324,-0.11017354549170093,-0.004052945166593295,0.0008260451689582401,222.6350068309634,-6,0,0
15:16:22:035,4.100704613937841,2.713677078803089,222.06877949849078,-0.13584369154171752,-0.023563585196543665,-0.00034442177773658783,222.1232150171794,-8,-1,0
15:16:22:151,4.081137991541626,2.729954433171354,222.58085705673324,-0.11017354549170093,-0.004052945166593295,0.0008260451689582401,222.6350068309634,-6,0,0
15:16:22:273,4.100284799256998,2.7066566806642,221.72716334214553,-0.14081494445587966,-0.03942841635841297,-0.0014838144065895435,221.7815891582899,-8,-2,0
15:16:22:395,4.1258066898659,2.713529342373188,222.0306147973369,-0.13443115630018437,-0.0326661402304207,-0.0002377010461407917,222.08552278259262,-8,-2,0
15:16:22:518,4.108429781620371,2.7342180583270785,221.98468487353298,-0.13540498552794422,-0.041498564624720305,0.0014393146018817173,222.0395358085193,-8,-2,0
15:16:22:642,4.9055805666716,4.316593720232346,201.86170227302512,0.7326823645723186,-0.04642658194946039,0.1305152124021533,201.96743437149735,42,-5,6
15:16:22:809,4.129105247960318,2.7280718377453295,222.65798558152724,-0.12004670278666137,-0.013093533018447066,-0.0003963704953175922,222.71297768501103,-7,-1,0
15:16:22:928,4.884149451505731,4.29917262966422,201.85923862208912,0.7370459598778819,-0.04332071355339142,0.131274667742696,201.96408101009894,42,-5,6
15:16:23:057,4.1258066898659,2.713529342373188,222.0306147973369,-0.13443115630018437,-0.0326661402304207,-0.0002377010461407917,222.08552278259262,-8,-2,0
15:16:23:190,4.100704613937841,2.713677078803089,222.06877949849078,-0.13584369154171752,-0.023563585196543665,-0.00034442177773658783,222.1232150171794,-8,-1,0
15:16:23:337,4.100704613937841,2.713677078803089,222.06877949849078,-0.13584369154171752,-0.023563585196543665,-0.00034442177773658783,222.1232150171794,-8,-1,0
15:16:23:467,4.100704613937841,2.713677078803089,222.06877949849078,-0.13584369154171752,-0.023563585196543665,-0.00034442177773658783,222.1232150171794,-8,-1,0
15:16:23:579,4.108429781620371,2.7342180583270785,221.98468487353298,-0.13540498552794422,-0.041498564624720305,0.0014393146018817173,222.0395358085193,-8,-2,0
15:16:23:709,4.108756002979083,2.730371166781007,222.5506386773501,-0.10753127892586468,-0.018010467332825415,0.0009499097787015816,222.60530896251518,-6,-1,0
15:16:23:829,4.10559176812334,2.7221376650604765,222.38040565694538,-0.12453688774345416,-0.023139558648205123,-0.001636724924879292,222.4349584426459,-7,-1,0
15:16:24:003,4.075983815589,2.7071050959479206,221.77073343769564,-0.14154721797363096,-0.031782650415927594,-0.0015892666638383742,221.82470617935888,-8,-2,0
15:16:24:118,4.100704613937841,2.713677078803089,222.06877949849078,-0.13584369154171752,-0.023563585196543665,-0.00034442177773658783,222.1232150171794,-8,-1,0
15:16:24:241,4.1020556775242,2.7441208754528716,223.11918478470434,-0.09366750015020332,0.020106974448431802,0.0006784407067067747,223.17376117982965,-5,1,0
15:16:24:370,4.081137991541626,2.729954433171354,222.58085705673324,-0.11017354549170093,-0.004052945166593295,0.0008260451689582401,222.6350068309634,-6,0,0
15:16:24:521,4.855202257245141,4.294764643686627,201.62431684812023,0.7387601462447317,-0.03933236641264659,0.12963851541350876,201.72848865932298,42,-5,6
15:16:24:686,4.108805566185992,2.7568712970506075,221.72771828282552,-0.11935350277493409,-0.05340875338490303,0.0005062018513674379,221.78292016617795,-7,-3,0
15:16:24:824,4.081137991541626,2.729954433171354,222.58085705673324,-0.11017354549170093,-0.004052945166593295,0.0008260451689582401,222.6350068309634,-6,0,0
15:16:24:963,4.108429781620371,2.7342180583270785,221.98468487353298,-0.13540498552794422,-0.041498564624720305,0.0014393146018817173,222.0395358085193,-8,-2,0
15:16:25:118,4.108429781620371,2.7342180583270785,221.98468487353298,-0.13540498552794422,-0.041498564624720305,0.0014393146018817173,222.0395358085193,-8,-2,0
15:16:25:356,4.100704613937841,2.713677078803089,222.06877949849078,-0.13584369154171752,-0.023563585196543665,-0.00034442177773658783,222.1232150171794,-8,-1,0
15:16:25:490,4.081137991541626,2.729954433171354,222.58085705673324,-0.11017354549170093,-0.004052945166593295,0.0008260451689582401,222.6350068309634,-6,0,0
15:16:25:638,4.100704613937841,2.713677078803089,222.06877949849078,-0.13584369154171752,-0.023563585196543665,-0.00034442177773658783,222.1232150171794,-8,-1,0
15:16:25:753,4.904054294506613,4.2990352705766455,201.8523700692386,0.7370316256059305,-0.043742767826908384,0.13133605269912466,201.95769545959365,42,-5,6
15:16:25:879,4.100704613937841,2.713677078803089,222.06877949849078,-0.13584369154171752,-0.023563585196543665,-0.00034442177773658783,222.1232150171794,-8,-1,0
15:16:26:001,4.100704613937841,2.713677078803089,222.06877949849078,-0.13584369154171752,-0.023563585196543665,-0.00034442177773658783,222.1232150171794,-8,-1,0
15:16:26:154,4.058118256863913,2.7255325707085625,222.34530494287694,-0.11197378467694545,-0.01311758916828608,-0.00043289124519348485,222.39903660250334,-6,-1,0
15:16:26:294,4.884149451505731,4.29917262966422,201.85923862208912,0.7370459598778819,-0.04332071355339142,0.131274667742696,201.96408101009894,42,-5,6
15:16:26:409,4.1020556775242,2.7441208754528716,223.11918478470434,-0.09366750015020332,0.020106974448431802,0.0006784407067067747,223.17376117982965,-5,1,0
15:16:26:541,4.108429781620371,2.7342180583270785,221.98468487353298,-0.13540498552794422,-0.041498564624720305,0.0014393146018817173,222.0395358085193,-8,-2,0
15:16:26:660,4.100704613937841,2.713677078803089,222.06877949849078,-0.13584369154171752,-0.023563585196543665,-0.00034442177773658783,222.1232150171794,-8,-1,0
15:16:26:780,4.871846469951053,4.302327223834255,202.0240630735192,0.7359861696928791,-0.04718824609392415,0.13298972298248285,202.1285901803626,42,-5,6
15:16:26:904,4.081137991541626,2.729954433171354,222.58085705673324,-0.11017354549170093,-0.004052945166593295,0.0008260451689582401,222.6350068309634,-6,0,0
15:16:27:029,4.1258066898659,2.713529342373188,222.0306147973369,-0.13443115630018437,-0.0326661402304207,-0.0002377010461407917,222.08552278259262,-8,-2,0
15:16:27:149,4.108756002979083,2.730371166781007,222.5506386773501,-0.10753127892586468,-0.018010467332825415,0.0009499097787015816,222.60530896251518,-6,-1,0
15:16:27:273,4.884149451505731,4.29917262966422,201.85923862208912,0.7370459598778819,-0.04332071355339142,0.131274667742696,201.96408101009894,42,-5,6
15:16:27:400,4.101239100709736,2.736620616049728,221.83698466860332,-0.1202115498436245,-0.035108213273716785,-0.0012889266295084169,221.89176871036818,-7,-2,0
15:16:27:520,4.081137991541626,2.729954433171354,222.58085705673324,-0.11017354549170093,-0.004052945166593295,0.0008260451689582401,222.6350068309634,-6,0,0
15:16:27:645,4.108756002979083,2.730371166781007,222.5506386773501,-0.10753127892586468,-0.018010467332825415,0.0009499097787015816,222.60530896251518,-6,-1,0
15:16:27:766,4.100704613937841,2.713677078803089,222.06877949849078,-0.13584369154171752,-0.023563585196543665,-0.00034442177773658783,222.1232150171794,-8,-1,0
15:16:28:047,4.127228004485109,2.7368177327684546,221.78107535735887,-0.1169185386587366,-0.04667854362493259,-0.0011773337956121521,221.8363576354649,-7,-3,0
15:16:28:238,4.884149451505731,4.29917262966422,201.85923862208912,0.7370459598778819,-0.04332071355339142,0.131274667742696,201.96408101009894,42,-5,6
15:16:28:389,4.100704613937841,2.713677078803089,222.06877949849078,-0.13584369154171752,-0.023563585196543665,-0.00034442177773658783,222.1232150171794,-8,-1,0
15:16:28:514,4.1258066898659,2.713529342373188,222.0306147973369,-0.13443115630018437,-0.0326661402304207,-0.0002377010461407917,222.08552278259262,-8,-2,0
15:16:28:638,4.100704613937841,2.713677078803089,222.06877949849078,-0.13584369154171752,-0.023563585196543665,-0.00034442177773658783,222.1232150171794,-8,-1,0
15:16:28:828,4.101239100709736,2.736620616049728,221.83698466860332,-0.1202115498436245,-0.035108213273716785,-0.0012889266295084169,221.89176871036818,-7,-2,0
15:16:28:966,4.081137991541626,2.729954433171354,222.58085705673324,-0.11017354549170093,-0.004052945166593295,0.0008260451689582401,222.6350068309634,-6,0,0
15:16:29:118,4.100704613937841,2.713677078803089,222.06877949849078,-0.13584369154171752,-0.023563585196543665,-0.00034442177773658783,222.1232150171794,-8,-1,0
15:16:29:251,4.884149451505731,4.29917262966422,201.85923862208912,0.7370459598778819,-0.04332071355339142,0.131274667742696,201.96408101009894,42,-5,6
15:16:29:370,4.100704613937841,2.713677078803089,222.06877949849078,-0.13584369154171752,-0.023563585196543665,-0.00034442177773658783,222.1232150171794,-8,-1,0
15:16:29:487,4.108429781620371,2.7342180583270785,221.98468487353298,-0.13540498552794422,-0.041498564624720305,0.0014393146018817173,222.0395358085193,-8,-2,0
15:16:29:610,4.081137991541626,2.729954433171354,222.58085705673324,-0.11017354549170093,-0.004052945166593295,0.0008260451689582401,222.6350068309634,-6,0,0
15:16:29:730,4.100704613937841,2.713677078803089,222.06877949849078,-0.13584369154171752,-0.023563585196543665,-0.00034442177773658783,222.1232150171794,-8,-1,0
15:16:29:851,4.117921975151032,2.7526819269868574,222.49529474795835,-0.10333729831163015,-0.03725250367078818,0.0027395799522370277,222.5504228802216,-6,-2,0
15:16:29:978,4.081137991541626,2.729954433171354,222.58085705673324,-0.11017354549170093,-0.004052945166593295,0.0008260451689582401,222.6350068309634,-6,0,0
15:16:30:099,4.891759901894421,4.302181862062198,202.01683662496018,0.7359722123924838,-0.04761113170432859,0.13305106139958037,202.12184534005198,42,-5,6
15:16:30:227,4.884149451505731,4.29917262966422,201.85923862208912,0.7370459598778819,-0.04332071355339142,0.131274667742696,201.96408101009894,42,-5,6
15:16:30:348,4.081137991541626,2.729954433171354,222.58085705673324,-0.11017354549170093,-0.004052945166593295,0.0008260451689582401,222.6350068309634,-6,0,0
15:16:30:471,4.129105247960318,2.7280718377453295,222.65798558152724,-0.12004670278666137,-0.013093533018447066,-0.0003963704953175922,222.71297768501103,-7,-1,0
15:16:30:594,4.100704613937841,2.713677078803089,222.06877949849078,-0.13584369154171752,-0.023563585196543665,-0.00034442177773658783,222.1232150171794,-8,-1,0
15:16:30:714,4.842973386346787,4.297984879798137,201.79235927112745,0.7376885724223758,-0.04318183512351306,0.13135199218215005,201.89621919554514,42,-5,6
15:16:30:837,4.058118256863913,2.7255325707085625,222.34530494287694,-0.11197378467694545,-0.01311758916828608,-0.00043289124519348485,222.39903660250334,-6,-1,0
15:16:30:958,4.075983815589,2.7071050959479206,221.77073343769564,-0.14154721797363096,-0.031782650415927594,-0.0015892666638383742,221.82470617935888,-8,-2,0
15:16:31:086,4.129105247960318,2.7280718377453295,222.65798558152724,-0.12004670278666137,-0.013093533018447066,-0.0003963704953175922,222.71297768501103,-7,-1,0
15:16:31:208,4.075983815589,2.7071050959479206,221.77073343769564,-0.14154721797363096,-0.031782650415927594,-0.0015892666638383742,221.82470617935888,-8,-2,0
15:16:31:329,4.081137991541626,2.729954433171354,222.58085705673324,-0.11017354549170093,-0.004052945166593295,0.0008260451689582401,222.6350068309634,-6,0,0
15:16:31:451,4.100704613937841,2.713677078803089,222.06877949849078,-0.13584369154171752,-0.023563585196543665,-0.00034442177773658783,222.1232150171794,-8,-1,0
15:16:31:576,4.100284799256998,2.7066566806642,221.72716334214553,-0.14081494445587966,-0.03942841635841297,-0.0014838144065895435,221.7815891582899,-8,-2,0
15:16:31:701,4.1258066898659,2.713529342373188,222.0306147973369,-0.13443115630018437,-0.0326661402304207,-0.0002377010461407917,222.08552278259262,-8,-2,0
15:16:31:823,4.132725945699983,2.7337598271656174,221.93308247676734,-0.13431811076584274,-0.049370171744361535,0.0015453763955528142,221.98839150769686,-8,-3,0
15:16:31:945,4.100704613937841,2.713677078803089,222.06877949849078,-0.13584369154171752,-0.023563585196543665,-0.00034442177773658783,222.1232150171794,-8,-1,0
15:16:32:069,4.108429781620371,2.7342180583270785,221.98468487353298,-0.13540498552794422,-0.041498564624720305,0.0014393146018817173,222.0395358085193,-8,-2,0
15:16:32:186,4.904054294506613,4.2990352705766455,201.8523700692386,0.7370316256059305,-0.043742767826908384,0.13133605269912466,201.95769545959365,42,-5,6
15:16:32:317,4.1048555792954105,2.7006700457007837,221.56856083383568,-0.152399234414819,-0.004619519686899164,-0.000157812950050461,221.62303717799682,-9,0,0
15:16:32:438,4.1258066898659,2.713529342373188,222.0306147973369,-0.13443115630018437,-0.0326661402304207,-0.0002377010461407917,222.08552278259262,-8,-2,0
15:16:32:559,4.081137991541626,2.729954433171354,222.58085705673324,-0.11017354549170093,-0.004052945166593295,0.0008260451689582401,222.6350068309634,-6,0,0
15:16:32:685,4.113490691120583,2.7544836701451128,222.2387104471555,-0.08617967998841908,-0.041340998233307814,3.3909117065158264e-05,222.29384248595295,-5,-2,0
15:16:32:848,4.1258066898659,2.713529342373188,222.0306147973369,-0.13443115630018437,-0.0326661402304207,-0.0002377010461407917,222.08552278259262,-8,-2,0
15:16:32:971,4.100704613937841,2.713677078803089,222.06877949849078,-0.13584369154171752,-0.023563585196543665,-0.00034442177773658783,222.1232150171794,-8,-1,0
15:16:33:096,4.075983815589,2.7071050959479206,221.77073343769564,-0.14154721797363096,-0.031782650415927594,-0.0015892666638383742,221.82470617935888,-8,-2,0
15:16:33:217,4.100704613937841,2.713677078803089,222.06877949849078,-0.13584369154171752,-0.023563585196543665,-0.00034442177773658783,222.1232150171794,-8,-1,0
15:16:33:342,4.884149451505731,4.29917262966422,201.85923862208912,0.7370459598778819,-0.04332071355339142,0.131274667742696,201.96408101009894,42,-5,6
15:16:33:460,4.904054294506613,4.2990352705766455,201.8523700692386,0.7370316256059305,-0.043742767826908384,0.13133605269912466,201.95769545959365,42,-5,6
15:16:33:584,4.881992097324158,4.31868021775556,201.83715233768532,0.7371972569138411,-0.03933187692460939,0.13281795383456757,201.94237026797413,42,-5,6
15:16:33:712,4.066577568986523,2.7465478077159546,222.28366014162862,-0.11124308357772386,-0.03128145250901063,0.0013686804303214696,222.33781986864878,-6,-2,0
15:16:33:837,4.100704613937841,2.713677078803089,222.06877949849078,-0.13584369154171752,-0.023563585196543665,-0.00034442177773658783,222.1232150171794,-8,-1,0
15:16:33:956,4.87509272851527,4.294635699530002,201.61782269618342,0.7387456589975578,-0.0397528566544783,0.12969982366534175,201.72247483523734,42,-5,6
15:16:34:080,4.100704613937841,2.713677078803089,222.06877949849078,-0.13584369154171752,-0.023563585196543665,-0.00034442177773658783,222.1232150171794,-8,-1,0
15:16:34:202,4.075983815589,2.7071050959479206,221.77073343769564,-0.14154721797363096,-0.031782650415927594,-0.0015892666638383742,221.82470617935888,-8,-2,0
15:16:34:321,4.871846469951053,4.302327223834255,202.0240630735192,0.7359861696928791,-0.04718824609392415,0.13298972298248285,202.1285901803626,42,-5,6
15:16:34:444,4.100704613937841,2.713677078803089,222.06877949849078,-0.13584369154171752,-0.023563585196543665,-0.00034442177773658783,222.1232150171794,-8,-1,0
15:16:34:570,4.100704613937841,2.713677078803089,222.06877949849078,-0.13584369154171752,-0.023563585196543665,-0.00034442177773658783,222.1232150171794,-8,-1,0
15:16:34:688,4.855202257245141,4.294764643686627,201.62431684812023,0.7387601462447317,-0.03933236641264659,0.12963851541350876,201.72848865932298,42,-5,6
15:16:34:820,4.871846469951053,4.302327223834255,202.0240630735192,0.7359861696928791,-0.04718824609392415,0.13298972298248285,202.1285901803626,42,-5,6
15:16:34:937,4.901902592968262,4.318549328046738,201.83058333450745,0.7371825741894884,-0.03975471186998038,0.13287938346235056,201.93628422469618,42,-5,6
15:16:35:059,4.884149451505731,4.29917262966422,201.85923862208912,0.7370459598778819,-0.04332071355339142,0.131274667742696,201.96408101009894,42,-5,6
15:16:35:186,4.884149451505731,4.29917262966422,201.85923862208912,0.7370459598778819,-0.04332071355339142,0.131274667742696,201.96408101009894,42,-5,6
15:16:35:305,4.100704613937841,2.713677078803089,222.06877949849078,-0.13584369154171752,-0.023563585196543665,-0.00034442177773658783,222.1232150171794,-8,-1,0
15:16:35:435,4.129105247960318,2.7280718377453295,222.65798558152724,-0.12004670278666137,-0.013093533018447066,-0.0003963704953175922,222.71297768501103,-7,-1,0
15:16:35:553,4.081137991541626,2.729954433171354,222.58085705673324,-0.11017354549170093,-0.004052945166593295,0.0008260451689582401,222.6350068309634,-6,0,0
15:16:35:675,4.100704613937841,2.713677078803089,222.06877949849078,-0.13584369154171752,-0.023563585196543665,-0.00034442177773658783,222.1232150171794,-8,-1,0
15:16:35:828,4.100704613937841,2.713677078803089,222.06877949849078,-0.13584369154171752,-0.023563585196543665,-0.00034442177773658783,222.1232150171794,-8,-1,0
15:16:35:963,4.081137991541626,2.729954433171354,222.58085705673324,-0.11017354549170093,-0.004052945166593295,0.0008260451689582401,222.6350068309634,-6,0,0
15:16:36:088,4.101239100709736,2.736620616049728,221.83698466860332,-0.1202115498436245,-0.035108213273716785,-0.0012889266295084169,221.89176871036818,-7,-2,0
15:16:36:209,4.068031864441767,2.716570277182756,222.50827879479812,-0.08205238798098634,0.020538104857651177,-0.00039045680070349414,222.56204251746206,-5,1,0
15:16:36:327,4.081137991541626,2.729954433171354,222.58085705673324,-0.11017354549170093,-0.004052945166593295,0.0008260451689582401,222.6350068309634,-6,0,0
15:16:36:460,4.100704613937841,2.713677078803089,222.06877949849078,-0.13584369154171752,-0.023563585196543665,-0.00034442177773658783,222.1232150171794,-8,-1,0
15:16:36:580,4.100704613937841,2.713677078803089,222.06877949849078,-0.13584369154171752,-0.023563585196543665,-0.00034442177773658783,222.1232150171794,-8,-1,0
15:16:36:697,4.100704613937841,2.713677078803089,222.06877949849078,-0.13584369154171752,-0.023563585196543665,-0.00034442177773658783,222.1232150171794,-8,-1,0
15:16:36:826,4.101239100709736,2.736620616049728,221.83698466860332,-0.1202115498436245,-0.035108213273716785,-0.0012889266295084169,221.89176871036818,-7,-2,0
15:16:36:947,4.09458882445286,2.700369839954277,222.081311691517,-0.10975223560265279,-0.00974662067378834,-0.0014469168337112154,222.13546915686067,-6,-1,0
15:16:37:071,4.1258066898659,2.713529342373188,222.0306147973369,-0.13443115630018437,-0.0326661402304207,-0.0002377010461407917,222.08552278259262,-8,-2,0
15:16:37:197,4.1258066898659,2.713529342373188,222.0306147973369,-0.13443115630018437,-0.0326661402304207,-0.0002377010461407917,222.08552278259262,-8,-2,0
15:16:37:315,4.884149451505731,4.29917262966422,201.85923862208912,0.7370459598778819,-0.04332071355339142,0.131274667742696,201.96408101009894,42,-5,6
15:16:37:438,4.100704613937841,2.713677078803089,222.06877949849078,-0.13584369154171752,-0.023563585196543665,-0.00034442177773658783,222.1232150171794,-8,-1,0
15:16:37:563,4.081137991541626,2.729954433171354,222.58085705673324,-0.11017354549170093,-0.004052945166593295,0.0008260451689582401,222.6350068309634,-6,0,0
15:16:37:684,4.081137991541626,2.729954433171354,222.58085705673324,-0.11017354549170093,-0.004052945166593295,0.0008260451689582401,222.6350068309634,-6,0,0
15:16:37:811,4.084248147923218,2.7250843067461243,222.29908940289386,-0.11116343217997736,-0.024557587527075077,-0.0003063731058413182,222.35330516268132,-6,-1,0
15:16:37:927,4.108429781620371,2.7342180583270785,221.98468487353298,-0.13540498552794422,-0.041498564624720305,0.0014393146018817173,222.0395358085193,-8,-2,0
15:16:38:054,4.100704613937841,2.713677078803089,222.06877949849078,-0.13584369154171752,-0.023563585196543665,-0.00034442177773658783,222.1232150171794,-8,-1,0
15:16:38:178,4.100704613937841,2.713677078803089,222.06877949849078,-0.13584369154171752,-0.023563585196543665,-0.00034442177773658783,222.1232150171794,-8,-1,0
15:16:38:337,4.1258066898659,2.713529342373188,222.0306147973369,-0.13443115630018437,-0.0326661402304207,-0.0002377010461407917,222.08552278259262,-8,-2,0
15:16:38:464,4.881992097324158,4.31868021775556,201.83715233768532,0.7371972569138411,-0.03933187692460939,0.13281795383456757,201.94237026797413,42,-5,6
15:16:38:590,4.091773781924246,2.7530906169168903,222.55700843855038,-0.10496056352487856,-0.025288210756251813,0.002612444139866217,222.61164418274348,-6,-1,0
15:16:38:709,4.881992097324158,4.31868021775556,201.83715233768532,0.7371972569138411,-0.03933187692460939,0.13281795383456757,201.94237026797413,42,-5,6
15:16:38:837,4.100704613937841,2.713677078803089,222.06877949849078,-0.13584369154171752,-0.023563585196543665,-0.00034442177773658783,222.1232150171794,-8,-1,0
15:16:38:954,4.081137991541626,2.729954433171354,222.58085705673324,-0.11017354549170093,-0.004052945166593295,0.0008260451689582401,222.6350068309634,-6,0,0
15:16:39:080,4.871846469951053,4.302327223834255,202.0240630735192,0.7359861696928791,-0.04718824609392415,0.13298972298248285,202.1285901803626,42,-5,6
15:16:39:206,4.100704613937841,2.713677078803089,222.06877949849078,-0.13584369154171752,-0.023563585196543665,-0.00034442177773658783,222.1232150171794,-8,-1,0
15:16:39:325,4.881992097324158,4.31868021775556,201.83715233768532,0.7371972569138411,-0.03933187692460939,0.13281795383456757,201.94237026797413,42,-5,6
15:16:39:489,4.100704613937841,2.713677078803089,222.06877949849078,-0.13584369154171752,-0.023563585196543665,-0.00034442177773658783,222.1232150171794,-8,-1,0
15:16:39:614,4.100704613937841,2.713677078803089,222.06877949849078,-0.13584369154171752,-0.023563585196543665,-0.00034442177773658783,222.1232150171794,-8,-1,0
15:16:39:771,4.100704613937841,2.713677078803089,222.06877949849078,-0.13584369154171752,-0.023563585196543665,-0.00034442177773658783,222.1232150171794,-8,-1,0
15:16:39:925,4.1258066898659,2.713529342373188,222.0306147973369,-0.13443115630018437,-0.0326661402304207,-0.0002377010461407917,222.08552278259262,-8,-2,0
15:16:40:108,4.108429781620371,2.7342180583270785,221.98468487353298,-0.13540498552794422,-0.041498564624720305,0.0014393146018817173,222.0395358085193,-8,-2,0
15:16:40:225,4.1258066898659,2.713529342373188,222.0306147973369,-0.13443115630018437,-0.0326661402304207,-0.0002377010461407917,222.08552278259262,-8,-2,0
15:16:40:344,4.081137991541626,2.729954433171354,222.58085705673324,-0.11017354549170093,-0.004052945166593295,0.0008260451689582401,222.6350068309634,-6,0,0
15:16:40:518,4.842973386346787,4.297984879798137,201.79235927112745,0.7376885724223758,-0.04318183512351306,0.13135199218215005,201.89621919554514,42,-5,6
15:16:40:637,4.100704613937841,2.713677078803089,222.06877949849078,-0.13584369154171752,-0.023563585196543665,-0.00034442177773658783,222.1232150171794,-8,-1,0
15:16:40:758,4.100704613937841,2.713677078803089,222.06877949849078,-0.13584369154171752,-0.023563585196543665,-0.00034442177773658783,222.1232150171794,-8,-1,0
15:16:40:917,4.108756002979083,2.730371166781007,222.5506386773501,-0.10753127892586468,-0.018010467332825415,0.0009499097787015816,222.60530896251518,-6,-1,0
15:16:41:052,4.081137991541626,2.729954433171354,222.58085705673324,-0.11017354549170093,-0.004052945166593295,0.0008260451689582401,222.6350068309634,-6,0,0
15:16:41:174,4.108756002979083,2.730371166781007,222.5506386773501,-0.10753127892586468,-0.018010467332825415,0.0009499097787015816,222.60530896251518,-6,-1,0
15:16:41:298,4.871846469951053,4.302327223834255,202.0240630735192,0.7359861696928791,-0.04718824609392415,0.13298972298248285,202.1285901803626,42,-5,6
15:16:41:418,4.100704613937841,2.713677078803089,222.06877949849078,-0.13584369154171752,-0.023563585196543665,-0.00034442177773658783,222.1232150171794,-8,-1,0
15:16:41:546,4.872882635318399,4.314070421687637,201.59348073962613,0.7389119628028433,-0.03577260068215049,0.13124159089726942,201.6985068499489,42,-5,6
15:16:41:665,4.100704613937841,2.713677078803089,222.06877949849078,-0.13584369154171752,-0.023563585196543665,-0.00034442177773658783,222.1232150171794,-8,-1,0
15:16:41:786,4.884149451505731,4.29917262966422,201.85923862208912,0.7370459598778819,-0.04332071355339142,0.131274667742696,201.96408101009894,42,-5,6
15:16:41:913,4.884149451505731,4.29917262966422,201.85923862208912,0.7370459598778819,-0.04332071355339142,0.131274667742696,201.96408101009894,42,-5,6
15:16:42:097,4.081137991541626,2.729954433171354,222.58085705673324,-0.11017354549170093,-0.004052945166593295,0.0008260451689582401,222.6350068309634,-6,0,0
15:16:42:257,4.100704613937841,2.713677078803089,222.06877949849078,-0.13584369154171752,-0.023563585196543665,-0.00034442177773658783,222.1232150171794,-8,-1,0
15:16:42:435,4.075983815589,2.7071050959479206,221.77073343769564,-0.14154721797363096,-0.031782650415927594,-0.0015892666638383742,221.82470617935888,-8,-2,0
15:16:42:571,4.1258066898659,2.713529342373188,222.0306147973369,-0.13443115630018437,-0.0326661402304207,-0.0002377010461407917,222.08552278259262,-8,-2,0
15:16:42:732,4.100704613937841,2.713677078803089,222.06877949849078,-0.13584369154171752,-0.023563585196543665,-0.00034442177773658783,222.1232150171794,-8,-1,0
15:16:42:850,4.886994245611429,4.32544324667162,202.18914526624405,0.7358099128816897,-0.03536732251802427,0.13144972635925362,202.29444538971197,42,-4,6
15:16:42:982,4.889668038596707,4.321764488153173,201.99746509729837,0.7361061002868413,-0.04361698386754355,0.13459603520612087,202.10285106240588,42,-5,6
15:16:43:099,4.108429781620371,2.7342180583270785,221.98468487353298,-0.13540498552794422,-0.041498564624720305,0.0014393146018817173,222.0395358085193,-8,-2,0
15:16:43:225,4.100704613937841,2.713677078803089,222.06877949849078,-0.13584369154171752,-0.023563585196543665,-0.00034442177773658783,222.1232150171794,-8,-1,0
15:16:43:343,4.091773781924246,2.7530906169168903,222.55700843855038,-0.10496056352487856,-0.025288210756251813,0.002612444139866217,222.61164418274348,-6,-1,0
15:16:43:472,4.100704613937841,2.713677078803089,222.06877949849078,-0.13584369154171752,-0.023563585196543665,-0.00034442177773658783,222.1232150171794,-8,-1,0
15:16:43:595,4.075983815589,2.7071050959479206,221.77073343769564,-0.14154721797363096,-0.031782650415927594,-0.0015892666638383742,221.82470617935888,-8,-2,0
15:16:43:717,4.1048555792954105,2.7006700457007837,221.56856083383568,-0.152399234414819,-0.004619519686899164,-0.000157812950050461,221.62303717799682,-9,0,0
15:16:43:837,4.1258066898659,2.713529342373188,222.0306147973369,-0.13443115630018437,-0.0326661402304207,-0.0002377010461407917,222.08552278259262,-8,-2,0
15:16:43:960,4.100704613937841,2.713677078803089,222.06877949849078,-0.13584369154171752,-0.023563585196543665,-0.00034442177773658783,222.1232150171794,-8,-1,0
15:16:44:082,4.885676724749077,4.316736958364437,201.86878085620788,0.7326972174616859,-0.04600003881323145,0.13045359901425674,201.97402986373802,42,-5,6
15:16:44:207,4.100704613937841,2.713677078803089,222.06877949849078,-0.13584369154171752,-0.023563585196543665,-0.00034442177773658783,222.1232150171794,-8,-1,0
15:16:44:366,4.100704613937841,2.713677078803089,222.06877949849078,-0.13584369154171752,-0.023563585196543665,-0.00034442177773658783,222.1232150171794,-8,-1,0
15:16:44:492,4.100704613937841,2.713677078803089,222.06877949849078,-0.13584369154171752,-0.023563585196543665,-0.00034442177773658783,222.1232150171794,-8,-1,0
15:16:44:616,4.871846469951053,4.302327223834255,202.0240630735192,0.7359861696928791,-0.04718824609392415,0.13298972298248285,202.1285901803626,42,-5,6
15:16:44:737,4.108429781620371,2.7342180583270785,221.98468487353298,-0.13540498552794422,-0.041498564624720305,0.0014393146018817173,222.0395358085193,-8,-2,0
15:16:44:863,4.081137991541626,2.729954433171354,222.58085705673324,-0.11017354549170093,-0.004052945166593295,0.0008260451689582401,222.6350068309634,-6,0,0
15:16:45:077,4.075983815589,2.7071050959479206,221.77073343769564,-0.14154721797363096,-0.031782650415927594,-0.0015892666638383742,221.82470617935888,-8,-2,0
15:16:45:204,4.100284799256998,2.7066566806642,221.72716334214553,-0.14081494445587966,-0.03942841635841297,-0.0014838144065895435,221.7815891582899,-8,-2,0
15:16:45:360,4.100704613937841,2.713677078803089,222.06877949849078,-0.13584369154171752,-0.023563585196543665,-0.00034442177773658783,222.1232150171794,-8,-1,0
15:16:45:561,4.100704613937841,2.713677078803089,222.06877949849078,-0.13584369154171752,-0.023563585196543665,-0.00034442177773658783,222.1232150171794,-8,-1,0
15:16:45:683,4.1258066898659,2.713529342373188,222.0306147973369,-0.13443115630018437,-0.0326661402304207,-0.0002377010461407917,222.08552278259262,-8,-2,0
15:16:45:895,4.918293545966924,4.310382128170795,202.4497905669396,0.7339136879484274,-0.0433905993623863,0.1315451761930009,202.5553916984015,42,-5,6
15:16:46:024,4.081137991541626,2.729954433171354,222.58085705673324,-0.11017354549170093,-0.004052945166593295,0.0008260451689582401,222.6350068309634,-6,0,0
15:16:46:184,4.100284799256998,2.7066566806642,221.72716334214553,-0.14081494445587966,-0.03942841635841297,-0.0014838144065895435,221.7815891582899,-8,-2,0
15:16:46:304,4.1258066898659,2.713529342373188,222.0306147973369,-0.13443115630018437,-0.0326661402304207,-0.0002377010461407917,222.08552278259262,-8,-2,0
15:16:46:426,4.100704613937841,2.713677078803089,222.06877949849078,-0.13584369154171752,-0.023563585196543665,-0.00034442177773658783,222.1232150171794,-8,-1,0
15:16:46:558,4.108756002979083,2.730371166781007,222.5506386773501,-0.10753127892586468,-0.018010467332825415,0.0009499097787015816,222.60530896251518,-6,-1,0
15:16:46:713,4.082307828672068,2.7264787156982253,221.65899712089376,-0.14340819057133808,-0.047926762248466516,0.00019606916236976902,221.71335081143755,-8,-3,0
15:16:46:841,4.901902592968262,4.318549328046738,201.83058333450745,0.7371825741894884,-0.03975471186998038,0.13287938346235056,201.93628422469618,42,-5,6
15:16:46:958,4.881992097324158,4.31868021775556,201.83715233768532,0.7371972569138411,-0.03933187692460939,0.13281795383456757,201.94237026797413,42,-5,6
15:16:47:073,4.1258066898659,2.713529342373188,222.0306147973369,-0.13443115630018437,-0.0326661402304207,-0.0002377010461407917,222.08552278259262,-8,-2,0
15:16:47:196,4.100704613937841,2.713677078803089,222.06877949849078,-0.13584369154171752,-0.023563585196543665,-0.00034442177773658783,222.1232150171794,-8,-1,0
15:16:47:320,4.904054294506613,4.2990352705766455,201.8523700692386,0.7370316256059305,-0.043742767826908384,0.13133605269912466,201.95769545959365,42,-5,6
15:16:47:444,4.100704613937841,2.713677078803089,222.06877949849078,-0.13584369154171752,-0.023563585196543665,-0.00034442177773658783,222.1232150171794,-8,-1,0
15:16:47:694,4.100704613937841,2.713677078803089,222.06877949849078,-0.13584369154171752,-0.023563585196543665,-0.00034442177773658783,222.1232150171794,-8,-1,0
15:16:47:820,err,err,err,err,err,err,err,err,err,err
15:16:47:945,4.904054294506613,4.2990352705766455,201.8523700692386,0.7370316256059305,-0.043742767826908384,0.13133605269912466,201.95769545959365,42,-5,6
15:16:48:072,4.058118256863913,2.7255325707085625,222.34530494287694,-0.11197378467694545,-0.01311758916828608,-0.00043289124519348485,222.39903660250334,-6,-1,0
15:16:48:276,4.091773781924246,2.7530906169168903,222.55700843855038,-0.10496056352487856,-0.025288210756251813,0.002612444139866217,222.61164418274348,-6,-1,0
15:16:48:403,4.129105247960318,2.7280718377453295,222.65798558152724,-0.12004670278666137,-0.013093533018447066,-0.0003963704953175922,222.71297768501103,-7,-1,0
15:16:48:550,4.058118256863913,2.7255325707085625,222.34530494287694,-0.11197378467694545,-0.01311758916828608,-0.00043289124519348485,222.39903660250334,-6,-1,0
15:16:48:673,4.108805566185992,2.7568712970506075,221.72771828282552,-0.11935350277493409,-0.05340875338490303,0.0005062018513674379,221.78292016617795,-7,-3,0
15:16:48:797,4.8697486843643984,4.321903408362285,202.00439173845467,0.7361204069105111,-0.04319324357159791,0.13453464917734326,202.10929613192744,42,-5,6
15:16:48:923,4.100704613937841,2.713677078803089,222.06877949849078,-0.13584369154171752,-0.023563585196543665,-0.00034442177773658783,222.1232150171794,-8,-1,0
15:16:49:128,4.091773781924246,2.7530906169168903,222.55700843855038,-0.10496056352487856,-0.025288210756251813,0.002612444139866217,222.61164418274348,-6,-1,0
15:16:49:247,4.100704613937841,2.713677078803089,222.06877949849078,-0.13584369154171752,-0.023563585196543665,-0.00034442177773658783,222.1232150171794,-8,-1,0
15:16:49:372,4.100284799256998,2.7066566806642,221.72716334214553,-0.14081494445587966,-0.03942841635841297,-0.0014838144065895435,221.7815891582899,-8,-2,0
15:16:49:493,4.100704613937841,2.713677078803089,222.06877949849078,-0.13584369154171752,-0.023563585196543665,-0.00034442177773658783,222.1232150171794,-8,-1,0
15:16:49:614,4.101239100709736,2.736620616049728,221.83698466860332,-0.1202115498436245,-0.035108213273716785,-0.0012889266295084169,221.89176871036818,-7,-2,0
15:16:49:738,4.100704613937841,2.713677078803089,222.06877949849078,-0.13584369154171752,-0.023563585196543665,-0.00034442177773658783,222.1232150171794,-8,-1,0
15:16:49:862,4.87509272851527,4.294635699530002,201.61782269618342,0.7387456589975578,-0.0397528566544783,0.12969982366534175,201.72247483523734,42,-5,6
15:16:49:985,4.100704613937841,2.713677078803089,222.06877949849078,-0.13584369154171752,-0.023563585196543665,-0.00034442177773658783,222.1232150171794,-8,-1,0
15:16:50:115,4.132725945699983,2.7337598271656174,221.93308247676734,-0.13431811076584274,-0.049370171744361535,0.0015453763955528142,221.98839150769686,-8,-3,0
15:16:50:232,4.1258066898659,2.713529342373188,222.0306147973369,-0.13443115630018437,-0.0326661402304207,-0.0002377010461407917,222.08552278259262,-8,-2,0
15:16:50:358,4.129105247960318,2.7280718377453295,222.65798558152724,-0.12004670278666137,-0.013093533018447066,-0.0003963704953175922,222.71297768501103,-7,-1,0
15:16:50:475,4.108429781620371,2.7342180583270785,221.98468487353298,-0.13540498552794422,-0.041498564624720305,0.0014393146018817173,222.0395358085193,-8,-2,0
15:16:50:639,4.100704613937841,2.713677078803089,222.06877949849078,-0.13584369154171752,-0.023563585196543665,-0.00034442177773658783,222.1232150171794,-8,-1,0
15:16:50:827,4.884149451505731,4.29917262966422,201.85923862208912,0.7370459598778819,-0.04332071355339142,0.131274667742696,201.96408101009894,42,-5,6
15:16:50:970,4.100704613937841,2.713677078803089,222.06877949849078,-0.13584369154171752,-0.023563585196543665,-0.00034442177773658783,222.1232150171794,-8,-1,0
15:16:51:094,4.885676724749077,4.316736958364437,201.86878085620788,0.7326972174616859,-0.04600003881323145,0.13045359901425674,201.97402986373802,42,-5,6
15:16:51:212,4.100704613937841,2.713677078803089,222.06877949849078,-0.13584369154171752,-0.023563585196543665,-0.00034442177773658783,222.1232150171794,-8,-1,0
15:16:51:338,4.881992097324158,4.31868021775556,201.83715233768532,0.7371972569138411,-0.03933187692460939,0.13281795383456757,201.94237026797413,42,-5,6
15:16:51:460,4.11322333817294,2.741191951749608,222.25985357136642,-0.12704243535367699,-0.04237040003769167,0.000180294160609276,222.31481113302206,-7,-2,0
15:16:51:587,4.100704613937841,2.713677078803089,222.06877949849078,-0.13584369154171752,-0.023563585196543665,-0.00034442177773658783,222.1232150171794,-8,-1,0
15:16:51:711,4.100704613937841,2.713677078803089,222.06877949849078,-0.13584369154171752,-0.023563585196543665,-0.00034442177773658783,222.1232150171794,-8,-1,0
15:16:51:830,4.871846469951053,4.302327223834255,202.0240630735192,0.7359861696928791,-0.04718824609392415,0.13298972298248285,202.1285901803626,42,-5,6
15:16:52:012,4.100704613937841,2.713677078803089,222.06877949849078,-0.13584369154171752,-0.023563585196543665,-0.00034442177773658783,222.1232150171794,-8,-1,0
15:16:52:160,4.1258066898659,2.713529342373188,222.0306147973369,-0.13443115630018437,-0.0326661402304207,-0.0002377010461407917,222.08552278259262,-8,-2,0
15:16:52:278,4.100704613937841,2.713677078803089,222.06877949849078,-0.13584369154171752,-0.023563585196543665,-0.00034442177773658783,222.1232150171794,-8,-1,0
15:16:52:406,4.100704613937841,2.713677078803089,222.06877949849078,-0.13584369154171752,-0.023563585196543665,-0.00034442177773658783,222.1232150171794,-8,-1,0
15:16:52:527,4.100704613937841,2.713677078803089,222.06877949849078,-0.13584369154171752,-0.023563585196543665,-0.00034442177773658783,222.1232150171794,-8,-1,0
15:16:52:654,4.1639269618110415,2.747648559881208,222.49690244074384,-0.11905721755629835,-0.045774763520472196,0.0015424659831451914,222.55282396787914,-7,-3,0
15:16:52:816,4.113490691120583,2.7544836701451128,222.2387104471555,-0.08617967998841908,-0.041340998233307814,3.3909117065158264e-05,222.29384248595295,-5,-2,0
15:16:52:933,4.081137991541626,2.729954433171354,222.58085705673324,-0.11017354549170093,-0.004052945166593295,0.0008260451689582401,222.6350068309634,-6,0,0
15:16:53:061,4.100284799256998,2.7066566806642,221.72716334214553,-0.14081494445587966,-0.03942841635841297,-0.0014838144065895435,221.7815891582899,-8,-2,0
15:16:53:186,4.058118256863913,2.7255325707085625,222.34530494287694,-0.11197378467694545,-0.01311758916828608,-0.00043289124519348485,222.39903660250334,-6,-1,0
15:16:53:308,4.881992097324158,4.31868021775556,201.83715233768532,0.7371972569138411,-0.03933187692460939,0.13281795383456757,201.94237026797413,42,-5,6
15:16:53:431,4.101239100709736,2.736620616049728,221.83698466860332,-0.1202115498436245,-0.035108213273716785,-0.0012889266295084169,221.89176871036818,-7,-2,0
15:16:53:554,4.1258066898659,2.713529342373188,222.0306147973369,-0.13443115630018437,-0.0326661402304207,-0.0002377010461407917,222.08552278259262,-8,-2,0
15:16:53:681,4.100704613937841,2.713677078803089,222.06877949849078,-0.13584369154171752,-0.023563585196543665,-0.00034442177773658783,222.1232150171794,-8,-1,0
15:16:53:802,4.100704613937841,2.713677078803089,222.06877949849078,-0.13584369154171752,-0.023563585196543665,-0.00034442177773658783,222.1232150171794,-8,-1,0
15:16:53:925,4.108429781620371,2.7342180583270785,221.98468487353298,-0.13540498552794422,-0.041498564624720305,0.0014393146018817173,222.0395358085193,-8,-2,0
15:16:54:053,4.100704613937841,2.713677078803089,222.06877949849078,-0.13584369154171752,-0.023563585196543665,-0.00034442177773658783,222.1232150171794,-8,-1,0
15:16:54:228,4.100704613937841,2.713677078803089,222.06877949849078,-0.13584369154171752,-0.023563585196543665,-0.00034442177773658783,222.1232150171794,-8,-1,0
15:16:54:477,4.1258066898659,2.713529342373188,222.0306147973369,-0.13443115630018437,-0.0326661402304207,-0.0002377010461407917,222.08552278259262,-8,-2,0
15:16:54:636,4.081137991541626,2.729954433171354,222.58085705673324,-0.11017354549170093,-0.004052945166593295,0.0008260451689582401,222.6350068309634,-6,0,0
15:16:54:791,4.100704613937841,2.713677078803089,222.06877949849078,-0.13584369154171752,-0.023563585196543665,-0.00034442177773658783,222.1232150171794,-8,-1,0
15:16:54:911,4.100704613937841,2.713677078803089,222.06877949849078,-0.13584369154171752,-0.023563585196543665,-0.00034442177773658783,222.1232150171794,-8,-1,0
15:16:55:035,4.881992097324158,4.31868021775556,201.83715233768532,0.7371972569138411,-0.03933187692460939,0.13281795383456757,201.94237026797413,42,-5,6
15:16:55:164,4.855202257245141,4.294764643686627,201.62431684812023,0.7387601462447317,-0.03933236641264659,0.12963851541350876,201.72848865932298,42,-5,6
15:16:55:365,4.100704613937841,2.713677078803089,222.06877949849078,-0.13584369154171752,-0.023563585196543665,-0.00034442177773658783,222.1232150171794,-8,-1,0
15:16:55:501,4.871846469951053,4.302327223834255,202.0240630735192,0.7359861696928791,-0.04718824609392415,0.13298972298248285,202.1285901803626,42,-5,6
15:16:55:662,4.129105247960318,2.7280718377453295,222.65798558152724,-0.12004670278666137,-0.013093533018447066,-0.0003963704953175922,222.71297768501103,-7,-1,0
15:16:55:819,4.100704613937841,2.713677078803089,222.06877949849078,-0.13584369154171752,-0.023563585196543665,-0.00034442177773658783,222.1232150171794,-8,-1,0
15:16:55:946,4.083556145673589,2.7528280575082613,222.31301302210315,-0.09427862493924948,-0.021120463392916927,-9.874795056440057e-05,222.36755440503202,-5,-1,0
15:16:56:110,4.100704613937841,2.713677078803089,222.06877949849078,-0.13584369154171752,-0.023563585196543665,-0.00034442177773658783,222.1232150171794,-8,-1,0
15:16:56:260,4.100704613937841,2.713677078803089,222.06877949849078,-0.13584369154171752,-0.023563585196543665,-0.00034442177773658783,222.1232150171794,-8,-1,0
15:16:56:380,4.852986882693635,4.314192888438815,201.59967681896416,0.7389267840413021,-0.03535140237056441,0.13118024119354685,201.70422265156733,42,-4,6
15:16:56:511,4.100704613937841,2.713677078803089,222.06877949849078,-0.13584369154171752,-0.023563585196543665,-0.00034442177773658783,222.1232150171794,-8,-1,0
15:16:56:630,4.081137991541626,2.729954433171354,222.58085705673324,-0.11017354549170093,-0.004052945166593295,0.0008260451689582401,222.6350068309634,-6,0,0
15:16:56:751,4.100704613937841,2.713677078803089,222.06877949849078,-0.13584369154171752,-0.023563585196543665,-0.00034442177773658783,222.1232150171794,-8,-1,0
15:16:56:875,4.108756002979083,2.730371166781007,222.5506386773501,-0.10753127892586468,-0.018010467332825415,0.0009499097787015816,222.60530896251518,-6,-1,0
15:16:56:994,4.881992097324158,4.31868021775556,201.83715233768532,0.7371972569138411,-0.03933187692460939,0.13281795383456757,201.94237026797413,42,-5,6
15:16:57:117,4.081137991541626,2.729954433171354,222.58085705673324,-0.11017354549170093,-0.004052945166593295,0.0008260451689582401,222.6350068309634,-6,0,0
15:16:57:243,4.871846469951053,4.302327223834255,202.0240630735192,0.7359861696928791,-0.04718824609392415,0.13298972298248285,202.1285901803626,42,-5,6
15:16:57:367,4.100704613937841,2.713677078803089,222.06877949849078,-0.13584369154171752,-0.023563585196543665,-0.00034442177773658783,222.1232150171794,-8,-1,0
15:16:57:495,4.075983815589,2.7071050959479206,221.77073343769564,-0.14154721797363096,-0.031782650415927594,-0.0015892666638383742,221.82470617935888,-8,-2,0
15:16:57:609,4.100704613937841,2.713677078803089,222.06877949849078,-0.13584369154171752,-0.023563585196543665,-0.00034442177773658783,222.1232150171794,-8,-1,0
15:16:57:743,4.091773781924246,2.7530906169168903,222.55700843855038,-0.10496056352487856,-0.025288210756251813,0.002612444139866217,222.61164418274348,-6,-1,0
15:16:57:861,4.884149451505731,4.29917262966422,201.85923862208912,0.7370459598778819,-0.04332071355339142,0.131274667742696,201.96408101009894,42,-5,6
15:16:57:981,4.108429781620371,2.7342180583270785,221.98468487353298,-0.13540498552794422,-0.041498564624720305,0.0014393146018817173,222.0395358085193,-8,-2,0
15:16:58:116,4.904054294506613,4.2990352705766455,201.8523700692386,0.7370316256059305,-0.043742767826908384,0.13133605269912466,201.95769545959365,42,-5,6
15:16:58:268,4.101239100709736,2.736620616049728,221.83698466860332,-0.1202115498436245,-0.035108213273716785,-0.0012889266295084169,221.89176871036818,-7,-2,0
15:16:58:395,4.904054294506613,4.2990352705766455,201.8523700692386,0.7370316256059305,-0.043742767826908384,0.13133605269912466,201.95769545959365,42,-5,6
15:16:58:518,4.075983815589,2.7071050959479206,221.77073343769564,-0.14154721797363096,-0.031782650415927594,-0.0015892666638383742,221.82470617935888,-8,-2,0
15:16:58:678,4.859648222785682,4.292698771467266,201.52189284397056,0.7382936062045099,-0.04689362593513537,0.13274092712915456,201.62618068844267,42,-5,6
15:16:58:836,4.100704613937841,2.713677078803089,222.06877949849078,-0.13584369154171752,-0.023563585196543665,-0.00034442177773658783,222.1232150171794,-8,-1,0
15:16:59:011,4.101239100709736,2.736620616049728,221.83698466860332,-0.1202115498436245,-0.035108213273716785,-0.0012889266295084169,221.89176871036818,-7,-2,0
15:16:59:130,4.101239100709736,2.736620616049728,221.83698466860332,-0.1202115498436245,-0.035108213273716785,-0.0012889266295084169,221.89176871036818,-7,-2,0
15:16:59:253,4.847272483985472,4.295784475946512,201.68322235008972,0.7372518413451963,-0.050753456198368185,0.13445394523344198,201.7871948174946,42,-5,6
15:16:59:385,4.884149451505731,4.29917262966422,201.85923862208912,0.7370459598778819,-0.04332071355339142,0.131274667742696,201.96408101009894,42,-5,6
15:16:59:497,4.904054294506613,4.2990352705766455,201.8523700692386,0.7370316256059305,-0.043742767826908384,0.13133605269912466,201.95769545959365,42,-5,6
15:16:59:630,4.075983815589,2.7071050959479206,221.77073343769564,-0.14154721797363096,-0.031782650415927594,-0.0015892666638383742,221.82470617935888,-8,-2,0
15:16:59:753,4.101239100709736,2.736620616049728,221.83698466860332,-0.1202115498436245,-0.035108213273716785,-0.0012889266295084169,221.89176871036818,-7,-2,0
15:16:59:868,4.100704613937841,2.713677078803089,222.06877949849078,-0.13584369154171752,-0.023563585196543665,-0.00034442177773658783,222.1232150171794,-8,-1,0
15:16:59:994,4.101239100709736,2.736620616049728,221.83698466860332,-0.1202115498436245,-0.035108213273716785,-0.0012889266295084169,221.89176871036818,-7,-2,0
15:17:00:113,4.100704613937841,2.713677078803089,222.06877949849078,-0.13584369154171752,-0.023563585196543665,-0.00034442177773658783,222.1232150171794,-8,-1,0
15:17:00:239,4.101239100709736,2.736620616049728,221.83698466860332,-0.1202115498436245,-0.035108213273716785,-0.0012889266295084169,221.89176871036818,-7,-2,0
15:17:00:359,4.10559176812334,2.7221376650604765,222.38040565694538,-0.12453688774345416,-0.023139558648205123,-0.001636724924879292,222.4349584426459,-7,-1,0
15:17:00:480,4.1048555792954105,2.7006700457007837,221.56856083383568,-0.152399234414819,-0.004619519686899164,-0.000157812950050461,221.62303717799682,-9,0,0
15:17:00:608,4.100704613937841,2.713677078803089,222.06877949849078,-0.13584369154171752,-0.023563585196543665,-0.00034442177773658783,222.1232150171794,-8,-1,0
15:17:00:729,4.081137991541626,2.729954433171354,222.58085705673324,-0.11017354549170093,-0.004052945166593295,0.0008260451689582401,222.6350068309634,-6,0,0
15:17:00:852,4.100704613937841,2.713677078803089,222.06877949849078,-0.13584369154171752,-0.023563585196543665,-0.00034442177773658783,222.1232150171794,-8,-1,0
15:17:00:984,4.108429781620371,2.7342180583270785,221.98468487353298,-0.13540498552794422,-0.041498564624720305,0.0014393146018817173,222.0395358085193,-8,-2,0
15:17:01:173,4.075983815589,2.7071050959479206,221.77073343769564,-0.14154721797363096,-0.031782650415927594,-0.0015892666638383742,221.82470617935888,-8,-2,0
15:17:01:350,4.100704613937841,2.713677078803089,222.06877949849078,-0.13584369154171752,-0.023563585196543665,-0.00034442177773658783,222.1232150171794,-8,-1,0
15:17:01:492,4.091773781924246,2.7530906169168903,222.55700843855038,-0.10496056352487856,-0.025288210756251813,0.002612444139866217,222.61164418274348,-6,-1,0
15:17:01:691,4.1258066898659,2.713529342373188,222.0306147973369,-0.13443115630018437,-0.0326661402304207,-0.0002377010461407917,222.08552278259262,-8,-2,0
15:17:01:875,4.100284799256998,2.7066566806642,221.72716334214553,-0.14081494445587966,-0.03942841635841297,-0.0014838144065895435,221.7815891582899,-8,-2,0
15:17:02:110,4.100704613937841,2.713677078803089,222.06877949849078,-0.13584369154171752,-0.023563585196543665,-0.00034442177773658783,222.1232150171794,-8,-1,0
15:17:02:315,4.100704613937841,2.713677078803089,222.06877949849078,-0.13584369154171752,-0.023563585196543665,-0.00034442177773658783,222.1232150171794,-8,-1,0
15:17:02:501,4.100704613937841,2.713677078803089,222.06877949849078,-0.13584369154171752,-0.023563585196543665,-0.00034442177773658783,222.1232150171794,-8,-1,0
15:17:02:665,4.100704613937841,2.713677078803089,222.06877949849078,-0.13584369154171752,-0.023563585196543665,-0.00034442177773658783,222.1232150171794,-8,-1,0
15:17:02:790,4.081137991541626,2.729954433171354,222.58085705673324,-0.11017354549170093,-0.004052945166593295,0.0008260451689582401,222.6350068309634,-6,0,0
15:17:02:952,4.101239100709736,2.736620616049728,221.83698466860332,-0.1202115498436245,-0.035108213273716785,-0.0012889266295084169,221.89176871036818,-7,-2,0
15:17:03:075,4.1258066898659,2.713529342373188,222.0306147973369,-0.13443115630018437,-0.0326661402304207,-0.0002377010461407917,222.08552278259262,-8,-2,0
15:17:03:191,4.100704613937841,2.713677078803089,222.06877949849078,-0.13584369154171752,-0.023563585196543665,-0.00034442177773658783,222.1232150171794,-8,-1,0
15:17:03:309,4.127228004485109,2.7368177327684546,221.78107535735887,-0.1169185386587366,-0.04667854362493259,-0.0011773337956121521,221.8363576354649,-7,-3,0
15:17:03:430,4.108429781620371,2.7342180583270785,221.98468487353298,-0.13540498552794422,-0.041498564624720305,0.0014393146018817173,222.0395358085193,-8,-2,0
15:17:03:559,4.10148058835752,2.692763294778146,222.30658632949454,-0.14557270526437943,-0.017598981594498023,-0.0011758655437725716,222.36072369609562,-8,-1,0
15:17:03:681,4.101239100709736,2.736620616049728,221.83698466860332,-0.1202115498436245,-0.035108213273716785,-0.0012889266295084169,221.89176871036818,-7,-2,0
15:17:03:805,4.101239100709736,2.736620616049728,221.83698466860332,-0.1202115498436245,-0.035108213273716785,-0.0012889266295084169,221.89176871036818,-7,-2,0
15:17:03:924,4.110422149837487,2.7458173990385,223.12454849336225,-0.08901560713639081,-0.0010353347715741422,-0.001023964048480306,223.17929837645224,-5,0,0
15:17:04:058,4.100704613937841,2.713677078803089,222.06877949849078,-0.13584369154171752,-0.023563585196543665,-0.00034442177773658783,222.1232150171794,-8,-1,0
15:17:04:174,4.102864084745869,2.723785123473112,221.39959594315263,-0.13855600368938634,-0.008429457146406893,-0.0011359047785204398,221.45436004488147,-8,0,0
15:17:04:295,4.175769416968895,2.791955740471293,222.04753774312385,-0.09440661404678191,0.00477793403351976,-6.348622813440142e-05,222.10434728943164,-5,0,0
15:17:04:463,3.9677220669618056,2.9296794072142727,221.81009953751266,-0.1260155029553612,0.022594386517119095,0.0002309589273261349,221.86492759485665,-7,1,0
15:17:04:579,3.9565345209545506,2.9491438785536905,222.30566250372055,-0.09234698845479669,-0.03352765280780099,-0.002713078399050016,222.36042632683098,-5,-2,0
15:17:04:824,3.86587038088861,3.0418650743180162,222.13302296881128,-0.06820774277574213,-0.028062987485434045,-0.001077439906171504,222.18748342378476,-4,-2,0
15:17:04:964,4.186747250122241,2.8070595598919326,222.35201682981855,-0.0657550704985384,-0.008378986009846712,-0.0017519749102466778,222.4091451001894,-4,0,0
15:17:05:122,4.136896890826061,2.739566644603314,222.09162880466488,-0.12357967101534136,0.04295935457931714,-0.0008836337851292266,222.14704753022176,-7,2,0
15:17:05:248,4.150058185005609,2.805909441053932,222.258653610109,-0.12891784719682275,0.01827556092602939,-0.001976088713437432,222.31510343498653,-7,1,0
15:17:05:360,4.225141417889597,2.758230004358587,222.72223032436685,-0.09770621739213403,0.01810909800118892,-0.0010853040886839903,222.77937860901403,-6,1,0
15:17:05:486,4.368336142169796,2.7285435429759186,222.07403983113807,-0.09059743542720386,0.005331247508499856,-0.004652286132696289,222.1337580770622,-5,0,0
15:17:05:603,4.598132753513525,2.8545015482323497,222.45280064165897,-0.12382659889888112,0.004445649801683312,0.0009999799099084513,222.5186273488704,-7,0,0
15:17:05:729,4.55169246885556,2.8949322562183655,222.2783768651096,-0.12421493312956404,-0.002782328735465221,-0.0021176979682493383,222.34382239874986,-7,0,0
15:17:05:846,4.5617291536703855,2.9180337952503996,222.26572211013678,-0.11928766658681783,-0.02254587353546992,-0.00034666807738437246,222.3316790726014,-7,-1,0
15:17:05:974,4.190920370402698,2.9379027732371137,222.2005412903118,-0.05839163647326622,-0.026137090572545943,-0.0037716150206623853,222.2594781690167,-3,-2,0
15:17:06:142,4.370386996978592,2.83883863685578,222.33873820877665,-0.038895565874013924,-0.02735075189663377,-0.0017282712845827228,222.39980619501534,-2,-2,0
15:17:06:260,4.216287120096963,2.806012300309003,222.26500375477596,-0.06480124190239495,-0.028182733093551165,-0.0015549488993434693,222.32269941735404,-4,-2,0
15:17:06:384,4.216287120096963,2.806012300309003,222.26500375477596,-0.06480124190239495,-0.028182733093551165,-0.0015549488993434693,222.32269941735404,-4,-2,0
15:17:06:510,4.315260559391069,2.7547881789572037,221.49659774878006,-0.11405651615703248,-0.038773449383920494,0.00042431650769623655,221.5557562914835,-7,-2,0
15:17:06:630,4.48676391400151,2.809105569940185,222.37596388311377,-0.06188224431784204,-0.04040194333830738,-0.00012060779949352526,222.43896114994553,-4,-2,0
15:17:06:756,4.6186970170283494,2.805196010541498,222.6793588753074,-0.08664827614407478,0.021593705355539144,0.0027472550692956275,222.7449176881722,-5,1,0
15:17:06:876,5.478589210978459,4.379767995131188,202.82514558179147,0.7363106227209724,-0.03545962402887369,0.13005554865457405,202.94638944240603,42,-4,6
15:17:06:998,5.027026898247618,2.7386867007562863,223.5667256760128,-0.13434646681838572,0.0187246894219972,-0.003732410661638211,223.64000588842364,-8,1,0
15:17:07:122,4.795121431137911,2.800463461507722,223.0837471853172,-0.057429481126795356,-0.06262596077264733,-0.0007227397453164915,223.15284905952046,-3,-4,0
15:17:07:247,4.244236391996221,2.8101341040624663,222.44571139154496,-0.061789268350612644,-0.031751756839811004,-0.0002488197349372831,222.50394358915187,-4,-2,0
15:17:07:369,4.155570176150149,2.7739502515489165,222.2578654332618,-0.0936693761645009,-0.03483315836404046,0.0016716711636701907,222.31401735031665,-5,-2,0
15:17:07:496,4.183930382050959,2.7264549200312262,222.38601032475103,-0.11131504423591723,-0.0005201365499150815,-0.0005393000945292012,222.44207429808122,-6,0,0
15:17:07:614,4.228119791892781,2.7527569696610095,222.0261382959434,-0.0812040623518132,-0.015158291096651219,-0.0001994932113117571,222.08345448168353,-5,-1,0
15:17:07:787,4.181088831578279,2.7119313423615505,221.94828874248958,-0.13520048177336183,-0.007452144899959843,0.0029413843558242143,222.00423183160893,-8,0,0
15:17:07:899,4.191133103499978,2.757297739706946,221.05524886675286,-0.15304245275142891,0.02225442704148054,-0.0011466783735688505,221.1121691338102,-9,1,0
15:17:08:026,err,err,err,err,err,err,err,err,err,err
15:17:08:143,err,err,err,err,err,err,err,err,err,err
15:17:08:267,err,err,err,err,err,err,err,err,err,err
15:17:08:393,err,err,err,err,err,err,err,err,err,err
15:17:08:513,err,err,err,err,err,err,err,err,err,err
15:17:08:639,err,err,err,err,err,err,err,err,err,err
15:17:08:761,err,err,err,err,err,err,err,err,err,err
15:17:08:884,4.244830379547278,2.6697125720149337,220.85663142716118,-0.23156090181088304,0.05053687257694924,0.004135045349624292,220.91355231293804,-13,3,0
15:17:09:012,4.489156008846912,2.8388479448360733,222.82351783789795,-0.20266765160537883,0.015495025876231068,-0.0010782932608582483,222.8868136094679,-12,1,0
15:17:09:131,4.363570198088275,2.8209053112364937,220.9669429345615,-0.24029479721084518,0.019325101117519592,-0.0007893213437914819,221.02802564718885,-14,1,0
15:17:09:256,4.299253047459616,2.827819928823472,221.44276316128972,-0.24669957101936255,0.0454492537252576,0.0011773283041231035,221.50254512944764,-14,3,0
15:17:09:377,4.339885983122242,2.79418289033021,220.81920939608653,-0.25315503939768463,0.021665352166053104,0.0016494411722061118,220.87952668068587,-15,1,0
15:17:09:503,4.341327913110763,2.8173766945152794,220.89075626788795,-0.2510244267520767,0.021602020199911455,0.0016290792934501028,220.9513768775552,-14,1,0
15:17:09:622,4.469336739073524,2.825053281357454,221.23088637256734,-0.24131119793384895,-0.012037199934957315,0.0015247858573657492,221.2940599792989,-14,-1,0
15:17:09:746,4.455386749477331,2.909104621367395,222.3892560511544,-0.24557203793923202,0.028722189917616582,0.0016857673129947214,222.4529041567482,-14,2,0
15:17:09:872,4.539891749062481,2.932026484058628,220.89236077998018,-0.4032778254780078,0.003011506115867305,0.0011046566122338843,220.95846317203907,-23,0,0
15:17:09:991,4.622855193565203,2.9457140455899182,221.66026560256708,-0.4185027797035099,-0.003394422831987,0.002018401187239986,221.7280346920065,-24,0,0
15:17:10:117,4.759250574265498,2.9385757527322203,221.2553437772895,-0.40807003717266943,0.008014236725770863,-0.002577154686827947,221.32603290957383,-23,0,0
15:17:10:236,5.110169967392474,3.050002659108299,221.41613682883985,-0.3884920884678383,0.006749088721541395,-0.0026617444618466566,221.49609929189214,-22,0,0
15:17:10:357,5.09738337092171,3.0972249926823965,221.6204036148869,-0.3868875972314557,6.418117927680269e-05,9.81700614002494e-05,221.7006527241425,-22,0,0
15:17:10:488,4.896365188054092,3.0662138149476292,222.30348367003415,-0.38732264215255663,0.00029333777860115866,0.0012142568674161282,222.3785396818832,-22,0,0
15:17:10:604,4.602305413912516,3.1026547916746097,223.05565521080328,-0.36062293487119707,0.012860590802392453,-0.0008941967467668313,223.12470280854154,-21,1,0
15:17:10:772,5.105009284586097,3.298391501636535,221.88878942233117,-0.36631162070690426,-0.0059231201354647735,-0.0013416467579760447,221.97201485232637,-21,0,0
15:17:10:892,4.780672538008757,3.3854362436345293,222.94485141016693,-0.3443621811309194,-0.000536930861395091,0.0008076400047348676,223.0217988869626,-20,0,0
15:17:11:014,4.721778720500154,3.2186690512823595,222.28947964710903,-0.3708603317667074,0.00207311988301109,0.0008968737306005441,222.36291909068282,-21,0,0
15:17:11:141,4.533246517410042,3.031091618476278,221.56005747486438,-0.37904237772002747,-0.0008365640003344742,0.0007097329504672038,221.62715742582725,-22,0,0
15:17:11:260,4.288308866634242,3.0262430599681633,221.3290952817075,-0.39806207179233755,0.008391869271049233,0.0022519090329318897,221.39131906696977,-23,0,0
15:17:11:386,4.28782141711137,2.9810590016886565,221.2228342460475,-0.40066384469192573,-0.004195175862011333,-0.0005582075374972402,221.2844651509247,-23,0,0
15:17:11:511,4.313223287438651,3.0106887222628136,221.65192445478155,-0.38651295656513374,0.01995175648749659,0.002708150592874134,221.71432916304227,-22,1,0
15:17:11:631,4.371541271821745,2.8936149161509888,221.1674112964929,-0.4087029386581923,-0.0011656073383372947,-0.0012609115019847064,221.2295350986533,-23,0,0
15:17:11:756,4.342116273119572,2.84498962586634,220.86002909163915,-0.41276350165793035,0.009281241786034048,0.00039243307027183797,220.921027496389,-24,1,0
15:17:11:877,4.372988654723291,2.7685203585464833,221.45480903530634,-0.411602149847292,0.018701666710989075,0.0008874137149029877,221.51528204531178,-24,1,0
15:17:12:004,4.425235255238056,2.8373362926925796,221.66543931661815,-0.39403136354477497,0.004599015665539644,0.0010333060793246962,221.72776139160237,-23,0,0
15:17:12:124,4.673871234402922,2.9358416569131314,222.3227421209055,-0.3951930007926364,0.023024423251263068,0.0033106120233717127,222.39124511254684,-23,1,0
15:17:12:249,5.234401725508859,3.101980981522874,221.8677118692118,-0.38460866458050336,-0.00635223543543838,-0.0011858696952555215,221.9511270922347,-22,0,0
15:17:12:370,4.743221392229651,2.895055518655714,221.06791744199626,-0.33612420793106673,-0.007577534971705786,0.0012498425609630372,221.13774806163934,-19,0,0
15:17:12:490,5.157525218343549,4.3873674308461394,200.1843705149715,0.7857020612860708,-0.04201520129131159,0.13079349315907465,200.29885485899936,45,-5,6
15:17:12:616,4.548551893621612,2.8764377536239416,222.33509516101822,-0.3096480136848734,0.004669655051297534,0.0004763197943635112,222.4002197812279,-18,0,0
15:17:12:735,4.979247649844679,4.304875358062368,199.87944138591158,0.7910178209154775,-0.05201448214018239,0.13056537173246152,199.9877894966365,45,-5,6
15:17:12:863,4.884328691709312,4.271810717133498,199.2904904085991,0.7896370877839035,-0.04644390743106012,0.13249649171514374,199.3960997634397,45,-5,6
15:17:12:990,3.9478289474673147,2.6237004057982753,220.40881059817698,-0.34458946486929243,0.011734855746012402,0.0039245713310805015,220.45977625526362,-20,1,0
15:17:13:147,3.8172625761598384,2.5404033533361425,220.63233415077468,-0.35341258571880224,0.016558266497880277,-0.00011849758139410711,220.67997647179521,-20,1,0
15:17:13:317,4.611649916704798,4.0572181168813515,199.30124129501166,0.790473251879835,-0.047779199374602004,0.133028097727113,199.3958703572736,45,-5,6
15:17:13:453,4.6643757204227105,4.01258349801157,199.85079000959448,0.7959963148251886,-0.050911180562747696,0.13186448844323195,199.945481305902,45,-5,6
15:17:13:598,4.648659442160279,4.005559348414728,199.45977215362237,0.7984305140282616,-0.043636520870671186,0.12851109655406323,199.5541411443967,46,-5,6
15:17:13:724,3.8748012742005784,2.4890514529606302,220.22080480453204,-0.4009325184838873,0.023061618696955742,0.0027958842615522705,220.2689545324212,-23,1,0
15:17:13:848,4.155204487341482,2.7228846276694543,221.30699772589267,-0.38999316095989045,0.015271333432295767,0.0013980855400474537,221.36274995462875,-22,1,0
15:17:13:966,4.1190294903656905,2.7955234799128403,220.4991634501227,-0.3997201322525206,0.012799132303020645,0.0013343692387180384,220.555350054523,-23,1,0
15:17:14:098,4.524687273121255,2.934472489011757,222.18148358676711,-0.36206666389827913,-0.010412094687447223,-0.0029552194207391426,222.24692477630634,-21,-1,0
15:17:14:216,4.52449760522059,3.0009228315974226,222.27746225409365,-0.36996473452944767,-0.00646258652684877,-0.003769926669313,222.3437582720524,-21,0,0
15:17:14:336,4.637331810022104,2.98724193991721,221.54323137481362,-0.38758855132273173,-0.002087090604130003,-0.004437671749125693,221.6118946011654,-22,0,0
15:17:14:462,4.599744362457666,2.9715928884158993,223.01277210638787,-0.35135640288827774,0.01560004277504639,-0.001875634941372353,223.07999582004243,-20,1,0
15:17:14:624,4.604088181988847,3.067175013767778,222.32769773836202,-0.3697014683949725,0.02458608302673495,-0.002345943020522572,222.39651609724706,-21,1,0
15:17:14:752,4.643196619190952,3.102953986469341,221.89993185929782,-0.36724865711525284,0.008562334434644062,-0.002964931113799695,221.97019475021332,-21,0,0
15:17:14:869,4.5296339036271425,3.097356881379475,221.60950395978392,-0.36987277214619046,0.0018699843919887326,-0.004416424697808875,221.677431075545,-21,0,0
15:17:14:993,5.166370061861712,4.4396750310869955,199.6722519647314,0.7953251438523604,-0.048732270968747465,0.12766835047858283,199.7884138248886,45,-5,6
15:17:15:120,5.068709012773767,4.399079608018025,199.69977225590964,0.7914613750374722,-0.04712156966053189,0.12849329275405716,199.8125190059823,45,-5,6
15:17:15:239,5.0092703297297385,4.420480780463205,199.69582342323503,0.7948659802187515,-0.04551145418960132,0.12961419712480718,199.8075457340153,45,-5,6
15:17:15:364,4.2665581622289155,2.899110238319523,220.24426045492538,-0.38575272344117384,0.005673175367971325,6.182597583308377e-05,220.30465864811532,-22,0,0
15:17:15:486,4.356560367142357,2.905458305597017,221.72780160416428,-0.34858061458889894,0.014124837183360167,-0.0019907482037642534,221.789628500554,-20,1,0
15:17:15:607,4.517607182551137,2.950446286604102,221.66616882547967,-0.32203872369349257,-0.012963408453466399,-0.0011816919738374715,221.73182971714283,-18,-1,0
15:17:15:731,4.571455806420394,3.033068190103101,221.54957114292614,-0.3427709137470359,0.012604604118038473,-0.0010377424517286362,221.61748618836546,-20,1,0
15:17:15:857,4.622062388661002,3.072765559643144,221.39334147879615,-0.3544779667305536,-0.020986121123912255,-0.0014163256669327076,221.46290208532906,-20,-1,0
15:17:15:978,4.742213406790899,3.116118864617465,221.26775474158956,-0.3261952367012023,0.010942229010424876,0.0019696151343165003,221.3405025591977,-19,1,0
15:17:16:104,4.774393665377074,3.186640792736376,220.54758196607276,-0.3555542996579854,-0.011022204626441717,-0.0007721561716019222,220.62226865277108,-20,-1,0
15:17:16:264,4.923017793270586,3.1245025726219913,220.59717582236283,-0.3352893984705873,-0.0029776103513629295,-0.002554430381081642,220.67422278399815,-19,0,0
15:17:16:390,4.692163819080217,3.1075207352258927,220.83858991115162,-0.33325345138359835,0.00013618038550140536,0.0005467124808416916,220.9102892134514,-19,0,0
15:17:16:510,4.573988193594178,3.082978299961053,220.63837219518845,-0.3244737814697684,0.008586323809382861,-0.0035110232448579822,220.70731163270437,-19,0,0
15:17:16:676,4.574544943643972,3.008552509591017,221.30377473329168,-0.3243617701102316,-0.010830595913871406,-0.0011500884361443362,221.37149446314874,-19,-1,0
15:17:16:799,4.548618648647143,3.028635243338877,222.33471942526816,-0.31029937562910453,0.0046648714770250255,0.00048164212011738425,222.4018660554824,-18,0,0
15:17:16:920,4.391893626915354,3.0015076235874907,220.95085461353494,-0.3307658013312667,-0.001004855961822657,0.0003052605524794159,221.0148816982604,-19,0,0
15:17:17:046,5.140946119008608,4.604631176572422,200.28467549817046,0.7831738135714206,-0.042688831944978786,0.1309157462578303,200.4035508534673,45,-5,6
15:17:17:205,4.360635230464217,2.973721208169166,220.62692431739816,-0.33450501168791524,0.0011805362780450688,-0.002709007614354184,220.69004937058676,-19,0,0
15:17:17:332,5.188151364183087,4.545233255421816,200.45209751317338,0.7749686044635942,-0.04668986724877785,0.13222912526618147,200.57073429928565,44,-5,6
15:17:17:497,5.2021061783485925,4.52407115674408,200.2784633561151,0.7802126087421376,-0.04834388364650434,0.12850434165075056,200.39708583911303,45,-5,6
15:17:17:619,5.179516104993376,4.583114311025844,200.2858711654822,0.77952105020729,-0.040565821261868085,0.13156385613595134,200.40524572072945,44,-5,6
15:17:17:741,4.3908299278224625,2.9789025878025917,220.8977623007805,-0.331672322924927,-0.0010386500945756127,0.0003129960117626154,220.96147772309723,-19,0,0
15:17:17:866,5.092724572840846,4.460482405458201,200.03576303063895,0.7821770992565683,-0.04091943258617483,0.1283497562196719,200.15028912823024,45,-5,6
15:17:17:986,5.018121487010541,4.365455285194164,200.08943599355723,0.7861303781926071,-0.047274261052174534,0.12643964009832007,200.1999528954122,45,-5,6
15:17:18:112,4.245695016923497,2.77303987003287,220.35791208709585,-0.35699424671279795,0.008493274732007968,-0.0011820560466478066,220.41625415490978,-20,0,0
15:17:18:229,4.179537628217139,2.777147633221921,220.5477860100297,-0.3463191990111789,0.026200681088916333,-0.00044016562915428814,220.60486621488712,-20,1,0
15:17:18:354,4.9187848535268355,4.304733213078167,199.8818925016492,0.7903925422935353,-0.04780567409827471,0.13204586236939497,199.98873998931015,45,-5,6
15:17:18:481,4.096549575765773,2.663657281615437,220.26616804440528,-0.3580378234470779,0.001870272904679163,0.00047030529565613246,220.3203612322447,-21,0,0
15:17:18:605,4.096549575765773,2.663657281615437,220.26616804440528,-0.3580378234470779,0.001870272904679163,0.00047030529565613246,220.3203612322447,-21,0,0
15:17:18:726,4.046832210862972,2.6855579879847586,220.24847449534596,-0.3491116048038036,0.02662905896757209,0.0026043724871994797,220.30201903336422,-20,2,0
15:17:18:847,err,err,err,err,err,err,err,err,err,err
15:17:19:011,err,err,err,err,err,err,err,err,err,err
15:17:19:134,4.1912762460843,2.8446323431906695,220.8397854912342,-0.39684026178937093,0.006085083251792445,3.744550484962401e-05,220.89787139208303,-23,0,0
15:17:19:256,4.24977187392976,2.9251180549193014,220.50067045449867,-0.39223472154888994,0.012639114909429304,0.0025013025219266204,220.56101774225445,-22,1,0
15:17:19:383,4.011256238116041,2.931580584291952,220.87473808391226,-0.3968397068670961,0.022168948989270954,-0.0035921211569990615,220.93060961525197,-23,1,0
15:17:19:503,4.88819297379813,4.506404620532086,199.32957111176697,0.7881482442173107,-0.053503143284575075,0.12929141062435565,199.44041724974906,45,-6,6
15:17:19:630,4.686583750311496,4.327589838384164,199.96265741884704,0.7932877349021936,-0.050463607681835894,0.1318032184996934,200.06438079544583,45,-5,6
15:17:19:745,4.904261059152835,4.433233513274747,198.59912670439905,0.7920498096637407,-0.04566495533851219,0.12892276710021186,198.70913029770296,45,-5,6
15:17:19:870,4.230919980856467,2.8642199896276916,220.62475394292198,-0.3532733579678277,0.011999640544234531,0.0020555171317471373,220.68390628319108,-20,1,0
15:17:19:996,4.238535846226736,2.943411529380927,220.24382432471637,-0.35958422427499825,0.020136469112272046,-0.002778202901969688,220.304269161375,-21,1,0
15:17:20:117,4.281427404946882,2.9818965985742683,219.96786524780046,-0.35328395988880196,0.014473897991472952,0.0012009861070858237,220.0297345124584,-20,1,0
15:17:20:243,5.0226633093365045,4.603812335274976,199.30751373395702,0.7879927451219612,-0.04913519704206626,0.13057097504289591,199.4239385468777,45,-5,6
15:17:20:364,4.246899753144084,3.029427386083241,220.2389764414093,-0.36003156941718056,0.0028610006601651255,0.0006140358909889422,220.30074973036395,-21,0,0
15:17:20:489,4.026363767407699,2.948117233568848,220.502006283104,-0.35740784450753676,0.02694544052265826,-0.001665048921708818,220.55846792921918,-20,1,0
15:17:20:610,4.825788838612304,4.5193666474572,199.96955889882568,0.7847665007799964,-0.05433486658222411,0.1297491317978379,200.0788279628805,45,-6,6
15:17:20:737,3.9903883501409276,2.9731961777132296,220.69142294493759,-0.352910845413607,0.020160777594929954,0.0001254216061961146,220.74751925255566,-20,1,0
15:17:20:853,4.005105824702322,2.8957573226157503,221.23962488051956,-0.36555630036400094,0.008935162052760208,0.0018664366346770977,221.2948212236598,-21,1,0
15:17:20:979,4.791305020207771,4.394335480295051,199.3800851114973,0.7959721815865479,-0.05330971960384585,0.1296966984103345,199.4860524627673,45,-6,6
15:17:21:104,4.713820068194096,4.392914547935152,200.30301696237905,0.7920165290482785,-0.05439730884793422,0.12719223862228504,200.40662764013538,45,-6,5
15:17:21:224,4.824310357822933,4.4430221044572455,199.95702288858485,0.7892390854900734,-0.05191321119976467,0.1305808602759589,200.0645531280225,45,-5,6
15:17:21:354,4.0877843895239385,2.9433771568847,220.24625958214773,-0.3595735924130001,0.019516282946408864,-0.002895498159265323,220.30385450606556,-21,1,0
15:17:21:471,3.9091635734662677,2.846990533407713,220.95769737257532,-0.3769638071612668,0.011249892992038033,-0.0023315846259920033,221.01061273869183,-22,1,0
15:17:21:592,4.039065063022114,2.817590633426135,220.46872147155543,-0.36625677791205874,0.0019770135344032123,0.0047745840978098706,220.5237175699321,-21,0,0
15:17:21:759,3.935479102595969,2.7686049716229255,220.1779260371659,-0.38766950760169094,0.028863372622764054,0.0009366294395449805,220.23049807709094,-22,2,0
15:17:21:881,3.8617329964056992,2.935216988123956,220.93186964030755,-0.3409923736793406,0.03045144779561731,0.0003909410441051506,220.98511149682628,-20,2,0
15:17:22:035,4.7140826698178415,4.468238373219786,199.37495724203552,0.7880541660514806,-0.05462709036977596,0.129854032965426,199.48072915658116,45,-6,6
15:17:22:170,3.846501446005857,2.878618682564925,221.32718077622926,-0.3256999509021939,0.02617928044232477,-0.0019930562686502284,221.37931919953002,-19,1,0
15:17:22:291,3.8824658574679947,2.8634877314374516,220.56303970601294,-0.3467708404604209,0.01457335081909862,0.0007072791018236897,220.61579179079348,-20,1,0
15:17:22:414,3.757304565294699,2.8096187517701274,219.97600808738503,-0.35388146583914876,0.026679746179881465,-0.0029209561712307077,220.02603352600795,-20,1,0
15:17:22:621,3.8334095648353137,2.834786923363979,220.21021620992428,-0.3612653128347175,0.007365364619225237,-0.0015645778799803652,220.2618223138414,-21,0,0
15:17:22:742,3.8950056007300926,2.8973327244149494,221.30138827821744,-0.35542080958843725,0.004106534508609528,-0.0038761802632331682,221.35462511411873,-20,0,0
15:17:22:865,3.9172646270766927,2.9072328642534697,220.54716511013928,-0.3373206560855478,0.033415560032247785,-0.001661105580751699,220.60110834536752,-19,2,0
15:17:22:991,4.62716006617639,4.481255787554788,199.15684974296576,0.7854615535099329,-0.04986818245219221,0.12884440293171617,199.26099232728356,45,-5,6
15:17:23:112,4.737630822790699,4.476171611148315,198.79605476525782,0.7908552017249935,-0.050344497400397904,0.1309770023830196,198.90287239840677,45,-5,6
15:17:23:237,4.6036093285221895,4.452699545865649,198.8098055116093,0.783350422671518,-0.05527868595763527,0.12921152862654633,198.91294206174553,45,-6,6
15:17:23:358,3.818641171955354,2.7770439250029826,220.55453712575465,-0.34629706396616533,0.01064202313967591,0.0006287460037327249,220.60507210877412,-20,1,0
15:17:23:485,3.8926451853286435,2.7871539244999397,219.92054361900506,-0.3548859962727828,0.014693234402935757,0.000864452106624954,219.97264925262056,-20,1,0
15:17:23:607,3.8202348258912973,2.809054910976005,222.30045275264516,-0.32088750769455965,0.03033166474282487,0.00020220809841532407,222.351020410631,-18,2,0
15:17:23:726,4.731760986377174,4.351600556322066,200.29636127307168,0.78811472592061,-0.04988166011534067,0.12955184773248818,200.39949682737938,45,-5,6
15:17:23:855,3.8142504584114127,2.777115949571621,220.55716876134994,-0.34628542151749203,0.01981324205316058,-0.001060876987558728,220.6076280901897,-20,1,0
15:17:23:974,3.84896113709466,2.8322441572734594,221.2542099673139,-0.34657577180345384,0.019682653741136678,-4.5927767690380425e-05,221.30580999391205,-20,1,0
15:17:24:098,3.8927082055605893,2.7718094335215153,220.25780952713524,-0.349379046449224,0.032060139614719166,0.0007305535738322252,220.30964291742018,-20,2,0
15:17:24:217,4.586065329137003,4.365416287021841,200.09573060799738,0.78588808660991,-0.04508270762276132,0.12874508060041281,200.19587973310132,45,-5,6
15:17:24:342,3.864272119842094,2.827038319990641,220.9659269811853,-0.34951972673573983,0.02686002585923344,0.0013517224855933193,221.01779482958696,-20,2,0
15:17:24:466,3.8677195950827263,2.716242750302086,220.84798864218826,-0.36175216769128926,0.0046693244636838065,-0.0006073106377371068,220.89855435662062,-21,0,0
15:17:24:680,4.687406640260623,4.3059584791150325,199.95887486729126,0.7898796546355333,-0.0525851761868289,0.13084184618971204,200.06015269820242,45,-6,6
15:17:24:792,3.85136164841508,2.6971282673552768,221.02124428649404,-0.3663024614941039,-0.000723649595595859,0.00015949517109142367,221.07125076180196,-21,0,0
15:17:25:008,4.708777415783275,4.276787152609017,200.2545902502628,0.7968426811931253,-0.04489861850215269,0.1312637727051821,200.35559490416225,45,-5,6
15:17:25:126,3.8214204298517482,2.6905310894296846,220.64013853419635,-0.37205889679005083,0.008382633392309914,0.0017292094073658372,220.68963035003307,-21,0,0
15:17:25:279,3.80239376835691,2.667788844234666,220.57003604442232,-0.3729864367551733,0.0007407954649054531,0.0033241611108207596,220.61893866194902,-21,0,0
15:17:25:448,3.822227107145215,2.6892130444084015,220.53390924289312,-0.3646457405379547,0.002240453238588747,0.002469808681325963,220.58342279693056,-21,0,0
15:17:25:568,3.824260620638578,2.6677714028466024,220.56808576326452,-0.37295896501820536,-0.00018150555783966069,0.003423610574308029,220.61736656669444,-21,0,0
15:17:25:691,3.7941718965706466,2.6890041687675303,221.76728771718598,-0.3471439719869694,0.020107000808730128,0.002063927774744625,221.81604176713083,-20,1,0
15:17:25:820,3.7374921041193803,2.675271096178025,221.00861529121593,-0.36646850998752906,0.012991052002943223,-0.0013420187552955116,221.05640446638745,-21,1,0
15:17:25:981,3.985553142265503,2.7071063891956224,220.32066819338405,-0.3665241580492088,0.01863466335302257,0.002292095580217161,220.3733420630351,-21,1,0
15:17:26:104,3.923986304893036,2.7272204952175856,220.26256170946206,-0.3762554497599514,0.0006206801750966024,0.0003407365658823515,220.31439238271545,-22,0,0
15:17:26:227,5.067862206663773,4.344354428421156,199.691815275197,0.7994301291853178,-0.04623634087883122,0.12869114332400003,199.8033476462516,46,-5,6
15:17:26:346,5.446600331210449,4.463465308489712,200.94973480085338,0.7857629892344388,-0.035876614288439905,0.12687729925313243,201.0730809786863,45,-5,6
15:17:26:474,4.864415640860784,4.319228690823536,199.5116682600001,0.796840407706903,-0.042114095012321606,0.12808031733086322,199.61769472644207,45,-5,6
15:17:26:594,4.853632118089025,4.279946557731182,199.7175171280632,0.7879277602383992,-0.046441269056937996,0.12947813567851235,199.82232691837268,45,-5,6
15:17:26:715,4.095205114908558,2.706791870426958,220.2996969133899,-0.366764622172081,0.005379894540114095,-0.00032865689635753066,220.35438250076726,-21,0,0
15:17:26:849,4.033469608911365,2.756367685667107,221.92368670056757,-0.35618458389201896,0.02320875962136714,0.00029759792577198216,221.9774519150003,-20,1,0
15:17:26:965,4.034381541492762,2.7116366659943916,220.57938446976365,-0.3643078456720408,0.012432679629870574,0.0009086802044890881,220.63293965518955,-21,1,0
15:17:27:093,4.875743419519681,4.31766063423055,199.54217710790607,0.7918782070471888,-0.054370675235692605,0.13188329701486062,199.64842977646563,45,-6,6
15:17:27:251,4.074836179177509,2.7796274047669804,220.68447071270862,-0.342420049827576,0.02330418481903504,-0.0007304508728327673,220.73958918178863,-20,1,0
15:17:27:373,4.197164460318965,2.750673591186796,220.30994337785464,-0.3576753134102292,0.030128834847096112,0.0019254380419214128,220.36708816396728,-20,2,0
15:17:27:500,4.2459888283038465,2.7068230168899783,220.2971273468418,-0.3667747503398623,0.006000447208026624,-0.00020848095418240421,220.35466781814603,-21,0,0
15:17:27:617,4.265659521210632,2.747701819094011,221.35146096108957,-0.34287740293937236,0.015075588967774391,0.0021056525751031925,221.40960906439068,-20,1,0
15:17:27:747,5.140928470604215,4.312371260693214,200.27195086145363,0.7887466055453359,-0.044267354760886134,0.13027802987971998,200.3843307079733,45,-5,6
15:17:27:910,4.390616092927433,2.738847705010275,220.91575733232813,-0.36800797861016443,-0.001723675748699471,0.0005730423175116445,220.9763576361571,-21,0,0
15:17:28:030,4.418646443854684,2.7068525471141247,220.2935634434032,-0.3667475181274697,0.005655481690075394,1.040811414363818e-05,220.3544997990745,-21,0,0
15:17:28:247,5.192410343926558,4.304892920790948,199.88164397664048,0.7904762344564561,-0.046544779938969064,0.131496200512892,199.9954120149851,45,-5,6
15:17:28:372,5.16521542115959,4.283525249108818,199.68553138056342,0.7956865421921243,-0.045201507743853134,0.12923369346280117,199.79824694337213,45,-5,6
15:17:28:490,4.423979603162124,2.730490448077259,221.6409379369175,-0.34946103503779796,0.00591371035509852,-0.0002719777585126776,221.70190017943634,-20,0,0
15:17:28:655,5.149777916118707,4.306236823859957,199.8348642586636,0.7946616427247801,-0.04121953007475322,0.1339520973834168,199.94758528536178,45,-5,6
15:17:28:781,4.423979603162124,2.730490448077259,221.6409379369175,-0.34946103503779796,0.00591371035509852,-0.0002719777585126776,221.70190017943634,-20,0,0
15:17:28:903,4.467508769129584,2.7510680632956546,221.61139077193766,-0.3594015519904871,0.0065014375374101725,0.000940338642506793,221.67348855910487,-21,0,0
15:17:29:028,5.250195541914008,4.327445691410217,200.031905937899,0.7906196612353558,-0.04352145984805112,0.1267811134664359,200.14758238007502,45,-5,6
15:17:29:135,4.559988792755069,2.7996227424532556,221.86547413864997,-0.34776865332981405,-0.0005691721407754149,-0.0015433551769380605,221.9299889606136,-20,0,0
15:17:29:266,5.163641157385759,4.328498008085708,200.09097972347365,0.7892882781992522,-0.05435559502862468,0.13172911116029842,200.20439368732096,45,-6,6
15:17:29:384,4.575698242392866,2.730529499494929,221.63864273996936,-0.34946813955781686,0.006529847354831678,-0.00015778355403825935,221.70268550779628,-20,0,0
15:17:29:545,4.506214544569352,2.795449701586021,221.6325605977899,-0.3498939487737315,0.02706130735920288,0.0027857971251686498,221.69599100048876,-20,2,0
15:17:29:669,5.249067796256947,4.445051325025545,200.03984173212947,0.789625096816169,-0.03988657761782747,0.12836930008959396,200.15806122718922,45,-5,6
15:17:29:795,4.433517036149581,2.8279651636584164,221.04106416988813,-0.3575074398631229,0.006446677665715071,-0.00010883178112756817,221.1036080882293,-20,0,0
15:17:29:917,4.417238963837274,2.899256932329879,221.34855159202482,-0.34354409865598634,0.015685394003496753,0.002219138350162105,221.4116053478466,-20,1,0
15:17:30:036,5.441843812585689,4.491975409173983,200.62782496736605,0.7787101222413514,-0.04049300651642313,0.12806165154367513,200.7518758524893,44,-5,6
15:17:30:164,4.6853552099092,3.1671977199820183,221.7046555544041,-0.32891132561632164,0.009249052947608596,-0.000107544807036621,221.77677513512873,-19,1,0
15:17:30:290,4.7379310958960446,3.1807321254856644,221.2496772007734,-0.32638522569505884,0.007146893609967655,-0.004340660911847354,221.3232584013031,-19,0,0
15:17:30:411,5.4925016385180125,4.8518610197585215,201.00900270419132,0.772217150385669,-0.04656549232220673,0.12266438040848769,201.14255466643,44,-5,5
15:17:30:533,4.777774546753274,3.324321915008185,221.9603304380164,-0.32661932715027253,0.0007603549363273933,-0.0034559487925409503,222.0366333152429,-19,0,0
15:17:30:683,4.615157415651282,2.829533397994639,222.31636471946877,-0.3408103179284454,0.0004936778967577484,0.0016067598545363058,222.38226538845552,-20,0,0
15:17:30:849,5.256200370137747,4.3497541483379045,200.27307350319765,0.7846729895599555,-0.03801223446904116,0.13211541638116736,200.38925114361604,45,-5,6
15:17:30:983,5.436236418896638,4.467236758230665,200.27279753022475,0.7840719377871624,-0.045762318290574006,0.12897634703849836,200.39636299403895,45,-5,6
15:17:31:151,4.438135079270136,2.8741630299253504,222.2790560330297,-0.3214335687936483,0.01345269489883598,0.004041548151899121,222.3419362312004,-18,1,0
15:17:31:270,4.4283587944094185,2.8046499406157426,220.90658957613638,-0.35030999487336845,0.012273468403117658,-0.0009806027582313652,220.9687709633671,-20,1,0
15:17:31:394,5.151786974182665,4.423823709721052,199.85311874717004,0.7939140397121387,-0.044888889538237275,0.13240886148268044,199.96844800671056,45,-5,6
15:17:31:517,4.567320403741482,2.882581600990351,221.65355261822532,-0.34991460735738517,0.0247263304531359,-0.0035540730981477634,221.71934304574597,-20,1,0
15:17:31:640,4.458879585305599,2.8306914150288716,221.18937697698706,-0.3535852768482849,0.016101643206345738,0.004609351048441236,221.2524235087857,-20,1,0
15:17:31:766,err,err,err,err,err,err,err,err,err,err
15:17:31:881,5.247840991930709,4.366175712622721,199.99742042238967,0.7908928974632623,-0.03977795485088444,0.12834619763430635,200.1138963216702,45,-5,6
15:17:32:011,4.464138620465937,2.7757120982897856,220.52909851848497,-0.3651133499096142,0.005288344941527171,-0.0031311538520642735,220.5917414697363,-21,0,0
15:17:32:134,4.482737915568928,2.706565631628429,220.2752289082783,-0.36725409194426084,0.006457850312513206,2.6088713513076115e-05,220.33746142527013,-21,0,0
15:17:32:252,4.387990849128688,2.7617444043156594,220.99170596741482,-0.367086059470553,0.006928906063812237,-0.0011270287054167653,221.05251819926215,-21,0,0
15:17:32:374,4.331408197356736,2.875063709897927,221.25401202680018,-0.3560757713437392,0.008943401537583346,0.003073809758745393,221.315080657111,-20,1,0
15:17:32:502,5.143350182353908,4.522263486678983,200.29962279247474,0.7758666884638212,-0.04730295952583575,0.12912281249923624,200.4166754762411,44,-5,6
15:17:32:625,4.662828259668403,3.1626073322918584,222.55953906472814,-0.3178347593296603,-0.0028853993931811216,-0.0017339846410354069,222.63084350831014,-18,0,0
15:17:32:747,4.569089187521001,3.3835153274829017,221.63880751601167,-0.32254120377117507,0.021629562533237542,-0.0029667241582408293,221.7117176630376,-18,1,0
15:17:32:871,5.385915190572137,4.982244710265842,200.6831930148991,0.772304526995351,-0.042689357015859665,0.1275424696809967,200.81726719445282,44,-5,6
15:17:32:990,4.6972395785786905,3.515724307647808,222.5808689202861,-0.2857535850866174,0.025287060491681865,-0.0019833763606670863,222.65818553643055,-16,1,0
15:17:33:115,5.202582974178264,5.068437084179546,200.25916144628056,0.7699247642558728,-0.049306724846201466,0.1283079565040748,200.39083728366163,44,-5,6
15:17:33:239,5.154268024466344,5.145542274189936,200.1188926159582,0.7736247793311899,-0.04007466028492602,0.12928620380619932,200.25137768814704,44,-5,6
15:17:33:363,5.340770947569901,4.963492773414596,199.85420560389477,0.7768534084077704,-0.039186552442782706,0.12554052983292735,199.98715856871908,44,-5,6
15:17:33:529,4.693113113387473,2.8901498388434828,220.91073711597812,-0.3686800078470215,-0.00048418953669857143,0.0008211078082716962,220.9794833234769,-21,0,0
15:17:33:645,4.594671455484883,2.723350267749002,221.2582063833714,-0.3629383620813584,-0.00031431800520326583,0.003861701777062451,221.32266385178735,-21,0,0
15:17:33:770,4.588798998721403,2.6916859423134367,220.6943025259754,-0.37936262437703566,-0.02908493351962858,0.0003343177582995191,220.7584141474328,-22,-2,0
15:17:33:896,5.362345625915869,4.319183012408816,200.61480212269325,0.7875603837440579,-0.03982351672236686,0.12851293258365126,200.7329293445244,45,-5,6
15:17:34:020,4.623124845853801,2.7271658321658534,221.50451206335714,-0.3695818828529441,-0.01898505707585199,-0.0013041450504398947,221.56953667244605,-21,-1,0
15:17:34:145,4.587381172324692,2.7132865827409867,220.67352710036835,-0.3708925433300385,-0.027510233493674447,-0.0006228692284999307,220.7378797420535,-21,-2,0
15:17:34:263,4.539107686421625,2.759994292482152,220.9067471310685,-0.37711662968933257,0.004736241094550863,-3.319694629001408e-05,220.97061341977877,-22,0,0
15:17:34:385,4.545439936888468,2.758591102320653,220.82276195318238,-0.378103099865944,-0.012153887213724762,0.0033561813752759333,220.88676521177433,-22,-1,0
15:17:34:511,4.51668386970834,2.7760564355306907,221.8235061399756,-0.3665600058881529,-0.0058169052991900606,-0.001681383906055481,221.88685134262445,-21,0,0
15:17:34:630,4.527899392415041,2.786046709770688,221.15997093871096,-0.37481693295603025,-0.010827656351276577,0.0002538044395616338,221.22386099783253,-21,-1,0
15:17:34:755,4.505808984374598,2.7838877210527615,220.98383123228984,-0.356445679208156,-0.011213021826700425,0.003301413989515161,221.04729360828705,-20,-1,0
15:17:34:877,err,err,err,err,err,err,err,err,err,err
15:17:34:998,4.546611906761617,2.78137792320672,220.84237808926113,-0.3601120170037921,-0.013255354352653124,0.0031958708589009,220.9066855102004,-21,-1,0
15:17:35:128,4.49962815952142,2.7599159591610496,220.88316157787494,-0.3685921178637473,-0.012619879140707483,-0.0019890935152371593,220.94622616897803,-21,-1,0
15:17:35:247,4.563882098212274,2.802725527216567,222.0344838449973,-0.34345493489128276,0.00980525322940482,0.0030619709705672986,222.09906867544868,-20,1,0
15:17:35:370,err,err,err,err,err,err,err,err,err,err
15:17:35:492,4.577692214652849,2.7719661136443094,221.52834121191498,-0.35138002949125574,-0.00217950908842757,0.0015669663919568165,221.5929715091386,-20,0,0
15:17:35:616,4.572741500198981,2.751350402316184,221.62376139993378,-0.35917427241304606,0.012501195452437825,-0.0008808161521843977,221.68800488731623,-21,1,0
15:17:35:738,4.595089539251839,2.8098949030982934,221.30381624926184,-0.3803994110143411,0.0007180924938374395,0.0040343959261086035,221.36935073249694,-22,0,0
15:17:35:859,4.590927753519902,2.8513153201289616,222.3879261237357,-0.35695942312474144,0.0071437131608461345,-9.009202425962692e-05,222.45358235440705,-20,0,0
15:17:35:987,4.627523694366464,2.7784780381305136,221.95826514918085,-0.3630718220582746,-0.003210204240918779,-0.0014558174128879453,222.0238847146504,-21,0,0
15:17:36:107,5.360292247181577,4.3385473906164425,200.59308678659497,0.7876507644686115,-0.036071710720172546,0.130070067648102,200.71158958318833,45,-5,6
15:17:36:235,4.58444456066638,2.761634066963961,220.98023970013605,-0.36734504053055617,0.0068721586485173645,0.0010546362071315839,221.04504086855064,-21,0,0
15:17:36:384,5.368729879175658,4.287458589791168,200.09466226688005,0.7864480365109435,-0.041921525728965736,0.1270693993164441,200.21258559184415,45,-5,6
15:17:36:558,5.353821468203071,4.320153559039508,200.66669125359886,0.7863301877227087,-0.050514469571915604,0.13321174347702439,200.78458135463052,45,-5,6
15:17:36:683,4.577050890868019,2.75084504238484,221.59475602401366,-0.3594962861611255,0.0012102842540941145,0.0007559047815662031,221.65909058878444,-21,0,0
15:17:36:809,5.276034593450048,4.331833703095656,200.25238462478887,0.7888638756880909,-0.03989956442542881,0.1315591439966217,200.36870731772697,45,-5,6
15:17:36:927,4.546016298981407,2.760540976205545,220.91629748132334,-0.36793824549834153,-0.009653655902041026,0.0023823440054127204,220.98030985481142,-21,-1,0
15:17:37:052,4.516081939982338,2.776123527286307,220.5959608334227,-0.3801982174706908,-0.010132058326564077,0.0003104432138706909,220.65964695419132,-22,-1,0
15:17:37:174,4.57425443113213,2.771903236056289,221.58674281409924,-0.36883834537294097,0.007148021443125404,2.9446609232230493e-05,221.65128432317408,-21,0,0
15:17:37:294,4.541832887383934,2.7388851034625126,220.913452333633,-0.3680139153330124,-0.001102629344979869,0.0006935207539181043,220.9771100352958,-21,0,0
15:17:37:421,4.493047564811819,2.7916588994519755,221.47810730736688,-0.3701084638248816,-0.020942145450943056,-0.0013275669075413917,221.54126670280658,-21,-1,0
15:17:37:542,4.484015828455266,2.727013598106289,220.2339031844704,-0.37668910792288074,0.0014654110471533925,0.0009264917268553283,220.29642555652322,-22,0,0
15:17:37:668,4.467548647859481,2.7109721232617803,220.5282882819102,-0.3648789595057288,-0.000693430017027431,-0.0013728089660897261,220.59019536988353,-21,0,0
15:17:37:788,5.21284107634234,4.326553132529832,199.89021173078933,0.7939966103671824,-0.048202618564204026,0.13083245354279605,200.0049737378438,45,-5,6
15:17:37:914,4.4645079057131145,2.744112711898055,221.18543915174465,-0.3563968828659688,-0.013052773141710612,7.54932153197224e-05,221.2475095411605,-20,-1,0
15:17:38:037,4.422573225044321,2.7718637896495557,221.58901851619495,-0.3688318322582871,0.006527154061218338,-9.122879849898585e-05,221.65048050877274,-21,0,0
15:17:38:159,4.427392360117468,2.7291800407308178,221.6293548037186,-0.36802175964288086,-0.0017184975946486576,0.0016058372639929453,221.69037222558345,-21,0,0
15:17:38:282,4.43833291195428,2.722550862672209,221.1905236503341,-0.35645442020920354,-0.003183895110847668,-0.0017145785609825272,221.25179961967808,-20,0,0
15:17:38:405,4.439432698805643,2.7428327296997126,221.1414314579405,-0.36627866789524127,-0.008178411886224438,-0.0008109392338877369,221.2029936536514,-21,0,0
15:17:38:526,4.433154831079932,2.758912815404974,220.8221692095747,-0.3695433006868743,0.006122243588133285,0.005100454433107824,220.88389456024487,-21,0,0
15:17:38:677,4.464779574533439,2.708991953925776,220.4144485057806,-0.3633279882286876,0.0035347665434117726,-0.00016582266845779694,220.476307126555,-21,0,0
15:17:38:814,4.44242978538619,2.7015491146698003,221.2520549824176,-0.36263334310628687,0.0013545389871557254,0.0038028328602308804,221.31313875131727,-21,0,0
15:17:38:941,4.531375503109719,2.767236696607772,222.4792607274295,-0.3394329732970002,0.00290527659073365,0.0027240312584907744,222.54260809271736,-19,0,0
15:17:39:063,4.492488596875116,2.777395342578611,222.98892527807928,-0.3210014959996835,0.022159635332775693,0.0034590204459113635,223.05146754808598,-18,1,0
15:17:39:182,4.48218981107385,2.7061992227179705,220.29598981064228,-0.38448183593623747,0.009478888349909892,0.00026600416538684053,220.3582008149144,-22,1,0
15:17:39:307,4.432733985943543,2.7391128543147993,220.9305826122828,-0.36794455059284104,0.00394691202600756,0.0008775532637343147,220.99202294024442,-21,0,0
15:17:39:427,5.198063432874624,4.332007562219854,200.2638835394383,0.7887148232722545,-0.040107199843086694,0.13181914952102608,200.3781654853368,45,-5,6
15:17:39:552,4.489522585406139,2.751055671283992,221.60983001365463,-0.3593733391230535,0.005474572700872253,0.0010390938451701837,221.6723728366534,-21,0,0
15:17:39:672,4.515786133368464,2.7394173833396303,220.94536449299335,-0.3677471031360881,0.01078611906133097,-0.0010354562091113308,221.0084858618423,-21,1,0
15:17:39:795,4.460305646713592,2.72253351620449,221.18846875349578,-0.3563947047047819,-0.004232657442775709,-0.0016164699935298436,221.2501869484524,-20,0,0
15:17:39:920,4.426419142649281,2.7309577400916742,220.45989430441196,-0.37450257129715614,-0.011111912216916963,-0.0007781302060691295,220.52123778293344,-21,-1,0
15:17:40:043,4.51668386970834,2.7760564355306907,221.8235061399756,-0.3665600058881529,-0.0058169052991900606,-0.001681383906055481,221.88685134262445,-21,0,0
15:17:40:168,4.436833641182052,2.764122921283143,221.1451719528789,-0.375265659589653,-0.0021850158071577063,-0.0015447165133837635,221.20694597220918,-22,0,0
15:17:40:289,4.487146974884348,2.7280361345767914,221.50175776033913,-0.3531730608544095,0.002670529790309185,-0.0002785089824200843,221.56399833918354,-20,0,0
15:17:40:411,4.414039742455465,2.6965233241266735,219.7098619427746,-0.38371540999445714,-0.01510885575940566,0.001052703697180613,219.77074059073152,-22,-1,0
15:17:40:534,4.440579465115693,2.7462684759667737,221.33851814693531,-0.3619555319658683,0.007868468372560255,0.0020404515793218743,221.40009112918023,-21,0,0
15:17:40:655,4.523742617929302,2.6921434371003556,221.95997207892307,-0.3536573428730261,-0.010159152772751104,0.0012283142042026586,222.02238871076833,-20,-1,0
15:17:40:783,4.462570553118405,2.7462675681397952,221.33760015624287,-0.36191380676544255,0.006866042636289854,0.0021391486638159566,221.39961554714185,-21,0,0
15:17:40:903,4.458754373501214,2.7641095889997986,221.1434979529405,-0.3752140225595852,-0.00309662406978759,-0.001444893364763261,221.20571303482515,-21,0,0
15:17:41:028,4.554741422689181,2.7668837775117736,222.5018677451508,-0.34854522372328506,-0.01008385027200537,-0.0008882458967913953,222.56568123892416,-20,-1,0
15:17:41:150,4.468662915293886,2.7313326830757814,220.4816811206597,-0.3744248690850091,-0.005610075327595082,-0.00047254528589863923,220.54387508218954,-21,0,0
15:17:41:274,4.439432698805643,2.7428327296997126,221.1414314579405,-0.36627866789524127,-0.008178411886224438,-0.0008109392338877369,221.2029936536514,-21,0,0
15:17:41:494,4.446810983188729,2.731349572967248,220.4836311198679,-0.37447927557502164,-0.004696885586064489,-0.0005719682719107947,220.5453830625614,-21,0,0
15:17:41:690,4.513420092166066,2.709120449628563,221.69270250787372,-0.3576600155684168,0.0032318805809220664,0.000800222975579173,221.7551907843051,-20,0,0
15:17:41:818,4.511244787444376,2.7308358286292527,221.65738776481183,-0.3489162487711142,0.005657907861300015,-0.00017136166324025547,221.72010811961852,-20,0,0
15:17:41:934,4.543629843310058,2.7229725381021517,221.26723905643985,-0.3734565577385172,0.018852208890039725,0.0016763812220865332,221.33063554613486,-21,1,0
15:17:42:064,4.445662091345564,2.7109877458163907,220.5301110488986,-0.3649225518077357,0.0002891772840036407,-0.0014714692328185684,220.59157564428415,-21,0,0
15:17:42:175,4.481315276299566,2.7444118585839936,221.23179365664956,-0.36489336808852607,0.009815057294302963,0.002320529590060615,221.29419447331532,-21,1,0
15:17:42:303,4.522818081002589,2.736769847894918,222.06221934213173,-0.3613749926284611,0.0019357667224362974,0.0028774558960186075,222.12513376866477,-21,0,0
15:17:42:424,4.485526274144662,2.7455417224124252,221.2947597159692,-0.3622410672549367,-0.006391134618734277,-0.0006003530250352012,221.3572420840441,-21,0,0
15:17:42:544,4.449174961058586,2.6913368818659382,220.63823377160566,-0.36167876310960395,0.007597676777606247,0.003069701869737847,220.6994985356775,-21,0,0
15:17:42:683,4.498225301003345,2.712757501067283,221.9013752207525,-0.3561087256427839,-0.008217842566480952,-0.000988058570370649,221.96354072004567,-20,0,0
15:17:42:831,4.499639007642607,2.7209330732081387,221.09450908413044,-0.35459381495627185,0.0060216899840711035,-0.00010804288695270202,221.15703058040143,-20,0,0
15:17:42:956,4.467548647859481,2.7109721232617803,220.5282882819102,-0.3648789595057288,-0.000693430017027431,-0.0013728089660897261,220.59019536988353,-21,0,0
15:17:43:076,4.516459291060923,2.7117978356488504,220.62037779360423,-0.379606557311172,-0.009753335683086192,0.0003137181002506902,220.6832647706253,-22,-1,0
15:17:43:242,4.509237944500513,2.711745439904337,220.57158643921497,-0.3643102164460222,0.01329844535920532,0.0013651208282733798,220.63433897397533,-21,1,0
15:17:43:402,4.508799799476536,2.7113079284798767,220.5915300447252,-0.38163683022638045,0.016137993327716163,0.0016115594529185879,220.65426257787928,-22,1,0
15:17:43:574,4.512085961589032,2.754548603473372,220.59538255818885,-0.38016174919851564,-0.00184418887506354,-0.0013765425832897083,220.65871671821023,-22,0,0
15:17:43:736,4.49514502252828,2.736699421183119,220.82528422044862,-0.3882102503139053,0.004286284335562058,0.0011045591145126712,220.8879851950698,-22,0,0
15:17:43:861,4.490574435005519,2.7511500349453826,221.61468236269127,-0.35901722143414205,0.0014007972119814737,0.0006427900196652563,221.67724629286528,-21,0,0
15:17:43:988,4.451922617583875,2.760148474584282,220.91842558751992,-0.37702634168822013,0.008687511532970194,0.0002505184573781947,220.98051678522089,-22,0,0
15:17:44:108,4.518234272439416,2.688480045637525,220.51359902961778,-0.38089101409969883,-0.01809767657108314,0.002012927965935826,220.57626736095497,-22,-1,0
15:17:44:231,4.496481313249127,2.694884591573766,220.8723777956581,-0.3701201729399561,0.003678929472423422,0.000930320094670867,220.9345785979873,-21,0,0
15:17:44:351,4.505511132644942,2.762952004789907,222.28089094191662,-0.35023472479813467,-0.0033066095139980835,0.0005004587250252388,222.343715927119,-20,0,0
15:17:44:481,5.260423413908503,4.295778591975706,200.32158324945667,0.7923744807239034,-0.04571316978506842,0.12947586415088005,200.43667948699877,45,-5,6
15:17:44:601,4.532727882033973,2.728742097065676,221.60154460549606,-0.36850673232538556,-0.004100505723548993,-0.002660757740327429,221.66469323513505,-21,0,0
15:17:44:720,4.468662915293886,2.7313326830757814,220.4816811206597,-0.3744248690850091,-0.005610075327595082,-0.00047254528589863923,220.54387508218954,-21,0,0
15:17:44:844,4.528656401274096,2.730039709134413,221.67492145448915,-0.36735843610485264,0.027930065278617473,0.0031340889370653556,221.73798196851206,-21,2,0
15:17:44:963,4.528420530851833,2.719737841187234,221.04989096153008,-0.367102368324399,-0.01711598513078333,0.0009990225065451418,221.112997945696,-21,-1,0
15:17:45:087,4.483031076126185,2.676914099069632,219.8350942977798,-0.388858389443108,-0.019777682229365396,0.001935664691158404,219.8970943910743,-22,-1,0
15:17:45:212,4.484877250743987,2.7729388883777415,221.58557488746743,-0.35061044338288033,0.02233013076651371,0.0026534700960627383,221.64830320181193,-20,1,0
15:17:45:334,4.508272572780082,2.7516478426605437,221.64244598921024,-0.3586582685473638,0.011672041747802963,-0.0008952802888082325,221.70536743958294,-21,1,0
15:17:45:485,4.480937261148818,2.7196562871146144,221.07932174528128,-0.37306934804298225,-0.00048211368071626943,0.0016682920488247529,221.14145208986034,-21,0,0
15:17:45:665,4.497538012520517,2.6964844548161495,220.9325918520671,-0.3586628363564958,0.013529813586989079,0.004510636308230019,220.99481672442275,-21,1,0
15:17:45:786,4.441264751952273,2.721261745636259,221.1698445281857,-0.3747014643269521,-0.010275005628278332,0.00015039437544115783,221.2311692025042,-21,-1,0
15:17:45:914,4.478744987499787,2.7170574492526516,220.92632114996198,-0.37679878383831367,-0.004046341625353076,0.001651679074076574,220.9884181008175,-22,0,0
15:17:46:029,4.454415152650643,2.6934895049914584,219.51854967551407,-0.376546244210003,-0.01264947213816846,0.0033302731033351906,219.58025947636276,-22,-1,0
15:17:46:148,4.494650414198525,2.710965909731423,221.79719946861755,-0.35457311087113436,0.00023016400026408505,0.0006178215449677641,221.85929980650192,-20,0,0
15:17:46:280,4.498246816943471,2.717204464375558,220.8825477696329,-0.3593080813388245,-0.010166866548267334,-0.002947537189956,220.94505501081377,-21,-1,0
15:17:46:403,4.495608575544574,2.7384084609316077,220.8878358196536,-0.3684704694194083,-0.004078640826059477,-0.0036790614141909875,220.95054964958484,-21,0,0
15:17:46:526,4.517852855708023,2.7346125435670956,220.6444872450205,-0.3614998746456466,-0.011452622840571648,0.00013745206079264968,220.70767737395835,-21,-1,0
15:17:46:645,4.495703551181964,2.7312370828236343,221.74505888061492,-0.3646187176009445,-0.00478557110874391,0.0015290103075769077,221.80744384350604,-21,0,0
15:17:46:767,4.484857182493775,2.6851531064596665,220.30838590379554,-0.37555545025195386,0.004030507710500777,0.0009895231528383285,220.37039023128355,-22,0,0
15:17:46:929,4.518801883028878,2.736686826060242,222.05878365637287,-0.36164481136005006,0.0047737667052843045,-0.0012126866655521175,222.1216162920435,-21,0,0
15:17:47:067,4.485246814175647,2.683688131084556,220.19531776443057,-0.3682675811903471,-0.002182438253216406,0.0017210825178180574,220.25734400093802,-21,0,0
15:17:47:182,4.500894140104935,2.741219476935629,221.0484906380434,-0.36453530231489567,0.0008722064780330711,0.0008006511004333989,221.1113012616911,-21,0,0
15:17:47:441,4.471197668549857,2.777147844726113,221.88809704265316,-0.36585791815439694,0.012467871495163145,0.0013557030558454613,221.9505164849872,-21,1,0
15:17:47:598,4.540603375122803,2.7185259285717343,220.95764082840878,-0.3582818521326005,0.003942684974358272,-0.00021265682696401523,221.02100918847194,-21,0,0
15:17:47:712,4.514162334286204,2.667601129653403,220.53786503180578,-0.3734466432225564,0.002161031381830236,0.004028084165602104,220.60018964215377,-21,0,0
15:17:47:939,4.467548647859481,2.7109721232617803,220.5282882819102,-0.3648789595057288,-0.000693430017027431,-0.0013728089660897261,220.59019536988353,-21,0,0
15:17:48:080,4.439432698805643,2.7428327296997126,221.1414314579405,-0.36627866789524127,-0.008178411886224438,-0.0008109392338877369,221.2029936536514,-21,0,0
15:17:48:207,4.4961161855754685,2.759280033520489,220.84793375609271,-0.3707404117541939,0.003282446494613451,0.000926031390596186,220.91092895416716,-21,0,0
15:17:48:328,5.224080908211057,4.301578400888367,199.71250211162737,0.7914168011893258,-0.04329681783988606,0.1298335220348948,199.827120526122,45,-5,6
15:17:48:479,4.513328661078434,2.7095114921178123,220.46317461851757,-0.374566946938772,-0.0004622514813895425,0.003964807244706227,220.5260142273555,-21,0,0
15:17:48:621,4.488460145942913,2.7484247904587624,221.4594593797295,-0.3629744307267223,-0.002458785915780585,0.000630017566524916,221.5219904706361,-21,0,0
15:17:48:783,4.463751251082767,2.769598401297933,221.45746742786542,-0.3721933948905715,0.0045322748997801325,-0.0002000173406400059,221.5197635203236,-21,0,0
15:17:48:900,4.488547887157309,2.750915707946512,221.65223231419134,-0.3766839542340484,0.016859242923842912,0.003737667785481482,221.7147417048126,-22,1,0
15:17:49:028,4.4640308771561905,2.719243812676537,221.0215076052838,-0.3673065168810914,-0.021824454787495177,0.0005969820250990373,221.08330711000664,-21,-1,0
15:17:49:146,4.460305646713592,2.72253351620449,221.18846875349578,-0.3563947047047819,-0.004232657442775709,-0.0016164699935298436,221.2501869484524,-20,0,0
15:17:49:271,4.467548647859481,2.7109721232617803,220.5282882819102,-0.3648789595057288,-0.000693430017027431,-0.0013728089660897261,220.59019536988353,-21,0,0
15:17:49:403,4.491799420101792,2.713077235631021,220.64768012742363,-0.3615394405384247,-0.0018427912407586063,-0.0016476731385668595,220.71007180400895,-21,0,0
15:17:49:516,4.4965914047324365,2.7587956647534035,220.83819172013546,-0.37798568405974736,-0.00889771131204545,-0.0027800405875716546,220.90119331954793,-22,-1,0
15:17:49:637,4.474565833198021,2.69841699454944,219.82174696353033,-0.38237245343838155,0.007861124439379204,0.0022694681292034277,219.88384122479408,-22,0,0
15:17:49:759,4.511426952811355,2.7662469238793936,221.2387135197271,-0.3630085376144242,-0.01990795117397122,0.0008054985774647421,221.30199604851805,-21,-1,0
15:17:49:884,4.469771548505899,2.734526389559873,220.66707505548771,-0.3703851740847874,0.010075272229971104,0.002378233441336845,220.7292787688468,-21,1,0
15:17:50:007,4.47632802984068,2.7172308445911955,220.88519357016995,-0.3593730529282235,-0.0091502074742517,-0.0030457134276240306,220.94725523215936,-21,-1,0
15:17:50:129,4.509787322853272,2.7261409770470593,222.6657676933435,-0.3460782941195672,0.012218026213513169,0.00219918365848429,222.7281170593199,-20,1,0
15:17:50:252,4.499885991867424,2.7585195513437495,220.8024443008907,-0.3712008104995625,-0.0075501848109535315,0.002556972139922935,220.86551974743114,-21,0,0
15:17:50:390,4.454657629245859,2.7391029713996877,220.92913687423817,-0.36790616550106975,0.0029874319570026156,0.000976660407439457,220.99101832354543,-21,0,0
15:17:50:543,4.504554692688363,2.7464092727207743,221.3448095220051,-0.3619038218465202,0.01269161891025629,0.0024428296091489523,221.4076748425976,-21,1,0
15:17:50:664,4.49282282331832,2.733334019545109,220.59695749376158,-0.37128981807369854,-0.006761252542837192,-0.0007463484531742383,220.65963434051227,-21,0,0
15:17:50:784,4.484015828455266,2.727013598106289,220.2339031844704,-0.37668910792288074,0.0014654110471533925,0.0009264917268553283,220.29642555652322,-22,0,0
15:17:50:911,5.233267762515677,4.306098083708109,199.94652450113733,0.7899216063483223,-0.04664416264218782,0.1314198736544412,200.0613461722794,45,-5,6
15:17:51:033,4.51402339331595,2.733792920209166,220.60015593243824,-0.3638924311231128,0.004599762524884106,0.0030480068328701026,220.66327022942005,-21,0,0
15:17:51:156,4.504521369854684,2.743167513742844,221.15891387756506,-0.3658349247077013,-0.007401505575951535,-0.0008054829129531143,221.2217911243921,-21,0,0
15:17:51:281,4.381502406851391,2.970111794083444,223.87869236243313,-0.2992628981012269,0.008122112659738808,0.00035334963672805915,223.9412602030353,-17,0,0
15:17:51:438,2.6410615689080337,4.548035922277527,204.2487744626165,0.7649735470077536,0.08819746662566556,-0.1523331048004567,204.31647438824376,44,8,-6
15:17:51:566,err,err,err,err,err,err,err,err,err,err
15:17:51:686,2.6422824978052595,4.507833547029505,204.2253612212072,0.7654458571613951,0.08430499190326665,-0.15390342617094854,204.2921936492398,44,8,-6
15:17:51:815,4.292458725448518,2.9226977936994545,224.88349330671676,-0.2899088224149811,0.00028785568003521396,-0.001232892757480997,224.94344383896834,-17,0,0
15:17:51:936,4.314213781543923,2.922034398157932,223.65089906999341,-0.3006979344435277,-0.003745746216756804,-0.0012141455791615486,223.71158973194318,-17,0,0
15:17:52:055,4.2722650165135,2.93087673187782,223.09282716423232,-0.32992305614093176,0.013945244338190822,-0.004532023049078076,223.15297851231747,-19,1,0
15:17:52:224,4.318615259251233,2.9030474863291125,222.65261387241662,-0.3142547305059384,-0.012969191869896826,-0.002585777270467652,222.71341357602324,-18,-1,0
15:17:52:351,4.37995416551922,2.9224871744166117,223.6712071522364,-0.30005383774794375,-0.002642510937519084,-0.001219750193386452,223.73317554335864,-17,0,0
15:17:52:510,4.3813944975095,2.941959440592229,223.61446670954834,-0.3120964760398828,-0.008643244536552581,-0.0002812029163652558,223.6767342950281,-18,0,0
15:17:52:669,4.4009929697994306,2.9427034385168884,223.6511145683842,-0.31119904527238224,-0.004334913064262673,-0.0019837796427882703,223.71376643006974,-18,0,0
15:17:52:795,4.347207038647118,2.956844771563824,223.19513342985667,-0.3094672168632384,0.0047632208890833,0.0003132669539801658,223.2570463094312,-18,0,0
15:17:52:922,4.347207038647118,2.956844771563824,223.19513342985667,-0.3094672168632384,0.0047632208890833,0.0003132669539801658,223.2570463094312,-18,0,0
15:17:53:043,4.347207038647118,2.956844771563824,223.19513342985667,-0.3094672168632384,0.0047632208890833,0.0003132669539801658,223.2570463094312,-18,0,0
15:17:53:163,4.343725169336707,2.977246245206418,223.18261865100075,-0.3205598334423124,0.012064099177610574,-0.0004172442302630562,223.2447383735378,-18,1,0
15:17:53:283,4.339952215006875,3.0001509694751056,223.23803417635946,-0.3196465892427601,0.022185722482882624,-0.0021439860584031283,223.30037168350978,-18,1,0
15:17:53:414,4.340681606529102,3.0220431836057897,223.18075613079796,-0.3103020270802317,0.019173910888458476,-0.0013369796595158116,223.24341909433198,-18,1,0
15:17:53:535,4.340948841337491,2.999095191164313,223.12325038133835,-0.31135998803327497,0.014693877980756127,-0.0013958655161214108,223.18562514091758,-18,1,0
15:17:53:656,4.348998379662433,3.0290137585996213,223.4590972905698,-0.29467880320518214,0.015325560403134843,0.0005606500879111328,223.52193823688185,-17,1,0
15:17:53:778,4.328319318609212,3.007448548270689,223.54542033273782,-0.30362095798363425,0.019692831247611602,0.0018192424500712353,223.6075446997144,-17,1,0
15:17:53:905,4.356268356371438,3.0156496389915968,222.7845601046724,-0.3050433643694196,0.019781806390922512,0.0008032749285932542,222.84755201206556,-17,1,0
15:17:54:030,4.32667272192289,2.985513985315857,222.423331065097,-0.3218808946708668,0.027683335363975332,0.003362692439640515,222.48544130502762,-18,2,0
15:17:54:148,4.307987524218452,3.013549865694337,222.75073882172902,-0.3180570731382981,0.029983256156543726,0.0002457197964194365,222.8127731637663,-18,2,0
15:17:54:269,4.301390383082895,2.9804106892377513,222.15577373930967,-0.32460980913953585,0.01970102878283662,0.0020278514605463227,222.21739943761278,-19,1,0
15:17:54:395,4.307987524218452,3.013549865694337,222.75073882172902,-0.3180570731382981,0.029983256156543726,0.0002457197964194365,222.8127731637663,-18,2,0
15:17:54:517,4.307987524218452,3.013549865694337,222.75073882172902,-0.3180570731382981,0.029983256156543726,0.0002457197964194365,222.8127731637663,-18,2,0
15:17:54:642,4.340681606529102,3.0220431836057897,223.18075613079796,-0.3103020270802317,0.019173910888458476,-0.0013369796595158116,223.24341909433198,-18,1,0
15:17:54:762,4.322303987396064,3.0077531246457574,222.44715284295287,-0.32144142970623796,0.03773437189919137,0.001646586296265252,222.50947103113234,-18,2,0
15:17:54:892,4.300766424793249,3.0068354734310105,221.2200786913245,-0.32659108117115426,0.022082110968093364,-0.002035053353113156,221.28231033591618,-19,1,0
15:17:55:010,4.25407058434785,3.004015497557288,221.08212983884886,-0.3308462998352293,0.02465377907062931,-0.001854421942632676,221.1434587767131,-19,1,0
15:17:55:184,4.283733399822999,3.0073122630014746,222.3679287355966,-0.31266681963087567,0.014490564554502806,-0.00034036905746282175,222.42951699144456,-18,1,0
15:17:55:296,4.295991713823455,2.9982369568016436,221.9498793237854,-0.32598064027213497,0.015693269950779517,-0.001309870274306232,222.0116976681573,-19,1,0
15:17:55:422,4.321464608396101,3.003494098412013,222.22436470826932,-0.32318466782338257,0.023471513561075727,2.164735335417007e-05,222.2866714473783,-19,1,0
15:17:55:541,4.297415887557346,3.002957495929206,222.1973722482588,-0.32388067534381126,0.029628752064181165,0.0003114492981383354,222.25921301728818,-19,2,0
15:17:55:664,4.278467582500095,3.025147500924802,222.16226045561922,-0.3138998511455206,0.010256642933019035,-0.003674959777283687,222.22404634289072,-18,1,0
15:17:55:884,4.326936585908777,3.0331985371090524,222.56472950259428,-0.30692244070160496,0.022052677050863875,-0.0022494793053643475,222.62744999695556,-18,1,0
15:17:56:033,4.312293610367556,3.0385013571344364,222.83801565740632,-0.3038733268437131,0.013767203918138056,-0.0036429943858896532,222.900447708859,-17,1,0
15:17:56:158,4.312100443519145,2.9909379106276894,222.70903576558229,-0.31881936711628833,0.019719351028014972,0.001968353506972615,222.77085655770964,-18,1,0
15:17:56:281,4.288952614829283,2.994959138141185,221.78565982781743,-0.3308083379058886,0.03373456660976226,0.0016015966514906965,221.84734345948732,-19,2,0
15:17:56:406,4.351901299267506,3.038229451279165,222.82315292881702,-0.30432883892127477,0.030401341615140805,-0.0009219246223421559,222.88635526710954,-17,2,0
15:17:56:532,4.3183950443033625,3.025080382947711,222.15816396271035,-0.31422761103503344,0.02638504943956967,-0.0009554701166774029,222.2207223963698,-18,1,0
15:17:56:646,4.317546097424882,3.0031499998605575,222.20590427153397,-0.3236491444750701,0.0293282451329531,-0.0017557092549718412,222.26813538461866,-19,2,0
15:17:56:773,4.278467582500095,3.025147500924802,222.16226045561922,-0.3138998511455206,0.010256642933019035,-0.003674959777283687,222.22404634289072,-18,1,0
15:17:56:900,4.249182853830045,2.9954579709335936,221.8135627978928,-0.33024721125771567,0.01827960474889151,-0.0011291789327101552,221.8744802010264,-19,1,0
15:17:57:018,4.303922129695658,3.030582637292267,222.44262826808458,-0.3109911026824155,0.01826116129124502,-0.0023502713584992695,222.50490117665544,-18,1,0
15:17:57:148,4.314305109254398,2.9948041990612118,222.95784131152416,-0.32253410974992325,0.014286730586986832,-0.0034776483285531056,223.01968765797616,-18,1,0
15:17:57:264,4.303922129695658,3.030582637292267,222.44262826808458,-0.3109911026824155,0.01826116129124502,-0.0023502713584992695,222.50490117665544,-18,1,0
15:17:57:390,4.306792089151911,3.008844817300335,222.50453560646343,-0.3201270234590385,0.015547774553687969,-0.0013748504331576373,222.56655177874714,-18,1,0
15:17:57:511,4.281859199266523,3.001860713780309,222.08209802342935,-0.3152202140594637,6.874762526260062e-06,-0.0019507997375239946,222.14365565650388,-18,0,0
15:17:57:635,4.307987524218452,3.013549865694337,222.75073882172902,-0.3180570731382981,0.029983256156543726,0.0002457197964194365,222.8127731637663,-18,2,0
15:17:57:802,4.281030834604536,3.003298225495427,222.21539063076105,-0.3231745094186465,0.00778329254962899,-0.002703783263864765,222.27691481217707,-19,0,0
15:17:57:921,4.281030834604536,3.003298225495427,222.21539063076105,-0.3231745094186465,0.00778329254962899,-0.002703783263864765,222.27691481217707,-19,0,0
15:17:58:086,4.355221666546796,3.016573784285931,222.8958850951875,-0.31345441155542364,0.027251367794535214,6.143612560042791e-05,222.95883760355372,-18,2,0
15:17:58:209,4.277628156040821,3.0034697112402258,222.22323973538224,-0.32305519511125436,0.013620269870620937,-0.004487068878423622,222.28469855443683,-19,1,0
15:17:58:329,4.295991713823455,2.9982369568016436,221.9498793237854,-0.32598064027213497,0.015693269950779517,-0.001309870274306232,222.0116976681573,-19,1,0
15:17:58:458,4.307987524218452,3.013549865694337,222.75073882172902,-0.3180570731382981,0.029983256156543726,0.0002457197964194365,222.8127731637663,-18,2,0
15:17:58:575,4.303922129695658,3.030582637292267,222.44262826808458,-0.3109911026824155,0.01826116129124502,-0.0023502713584992695,222.50490117665544,-18,1,0
15:17:58:701,4.310300227198665,2.985753584610771,222.43512786333605,-0.32124134784091013,0.005436961459907825,0.00034836503831100113,222.49692024856267,-18,0,0
15:17:58:918,4.284765399380495,2.994325135770809,221.7517142554901,-0.331565735995141,0.03958359418308317,-0.00016994018522140214,221.8133178436204,-19,2,0
15:17:59:159,4.329901068620116,3.011387003714468,222.62683528983814,-0.31623447238120933,0.0191690327971019,-0.0012699802177146046,222.6892998913933,-18,1,0
15:17:59:297,4.292614074702963,3.018465802113824,221.92103571518197,-0.33666787609942717,0.022100227717989755,-0.0020359067829741583,221.9830708957148,-19,1,0
15:17:59:436,4.282822869400841,3.0084622935072844,222.48616602206653,-0.32074755330607074,0.02185304981247909,-0.0010866059210193411,222.54771957560175,-18,1,0
15:17:59:556,4.295120303104403,2.976547536973849,222.00132879285027,-0.33503314751259566,0.018780218848583153,-0.0021171641084684317,222.06282417246075,-19,1,0
15:17:59:682,4.263899835849761,2.99007142167317,221.52954207413495,-0.33328518299440546,0.02592100182793597,0.0002667535095989478,221.59074750650757,-19,1,0
15:17:59:806,4.307987524218452,3.013549865694337,222.75073882172902,-0.3180570731382981,0.029983256156543726,0.0002457197964194365,222.8127731637663,-18,2,0
15:17:59:931,4.315897759276605,3.0151449778952144,222.75963847786235,-0.3053085600265129,0.003124152164817744,-0.0019105305501156617,222.82184499616324,-17,0,0
15:18:00:052,4.281030834604536,3.003298225495427,222.21539063076105,-0.3231745094186465,0.00778329254962899,-0.002703783263864765,222.27691481217707,-19,0,0
15:18:00:175,4.321464608396101,3.003494098412013,222.22436470826932,-0.32318466782338257,0.023471513561075727,2.164735335417007e-05,222.2866714473783,-19,1,0
15:18:00:299,4.321464608396101,3.003494098412013,222.22436470826932,-0.32318466782338257,0.023471513561075727,2.164735335417007e-05,222.2866714473783,-19,1,0
15:18:00:422,4.303922129695658,3.030582637292267,222.44262826808458,-0.3109911026824155,0.01826116129124502,-0.0023502713584992695,222.50490117665544,-18,1,0
15:18:00:551,4.326936585908777,3.0331985371090524,222.56472950259428,-0.30692244070160496,0.022052677050863875,-0.0022494793053643475,222.62744999695556,-18,1,0
15:18:00:669,4.351901299267506,3.038229451279165,222.82315292881702,-0.30432883892127477,0.030401341615140805,-0.0009219246223421559,222.88635526710954,-17,2,0
15:18:00:799,4.249182853830045,2.9954579709335936,221.8135627978928,-0.33024721125771567,0.01827960474889151,-0.0011291789327101552,221.8744802010264,-19,1,0
15:18:00:918,4.262332692551685,3.0336149962247037,222.5860040206428,-0.30623493881526775,0.020936561548168153,-0.0022574471881584663,222.64747805848808,-18,1,0
15:18:01:041,4.3183950443033625,3.025080382947711,222.15816396271035,-0.31422761103503344,0.02638504943956967,-0.0009554701166774029,222.2207223963698,-18,1,0
15:18:01:164,4.303102325184279,3.008757413955604,222.49921845184747,-0.32030315888379035,0.02145635847094895,-0.0031574005423600023,222.5611635539318,-18,1,0
15:18:01:288,4.354458944376344,2.994574570104481,222.9442717369148,-0.322918657332069,0.030016532060830152,-0.0007385873202659722,223.00689919788914,-19,2,0
15:18:01:404,4.355221666546796,3.016573784285931,222.8958850951875,-0.31345441155542364,0.027251367794535214,6.143612560042791e-05,222.95883760355372,-18,2,0
15:18:01:584,4.2932416045219455,3.019953500331694,221.89316556912468,-0.3168657479184758,0.018368221768513878,-0.002283056060131395,221.95524091335608,-18,1,0
15:18:01:732,4.282822869400841,3.0084622935072844,222.48616602206653,-0.32074755330607074,0.02185304981247909,-0.0010866059210193411,222.54771957560175,-18,1,0
15:18:01:863,4.320616645681081,2.9816720072238434,222.2719491227008,-0.33237998113290373,0.026399819028708204,-0.0007809260117849005,222.33393232469507,-19,1,0
15:18:01:989,4.296932528295165,2.9970630642132017,221.83204738654857,-0.31784337777374316,0.008280572965429773,-0.0005651653145045318,221.89390091634226,-18,0,0
15:18:02:115,4.3183950443033625,3.025080382947711,222.15816396271035,-0.31422761103503344,0.02638504943956967,-0.0009554701166774029,222.2207223963698,-18,1,0
15:18:02:278,4.249182853830045,2.9954579709335936,221.8135627978928,-0.33024721125771567,0.01827960474889151,-0.0011291789327101552,221.8744802010264,-19,1,0
15:18:02:432,4.306792089151911,3.008844817300335,222.50453560646343,-0.3201270234590385,0.015547774553687969,-0.0013748504331576373,222.56655177874714,-18,1,0
15:18:02:555,4.249182853830045,2.9954579709335936,221.8135627978928,-0.33024721125771567,0.01827960474889151,-0.0011291789327101552,221.8744802010264,-19,1,0
15:18:02:675,4.321464608396101,3.003494098412013,222.22436470826932,-0.32318466782338257,0.023471513561075727,2.164735335417007e-05,222.2866714473783,-19,1,0
15:18:02:795,4.326936585908777,3.0331985371090524,222.56472950259428,-0.30692244070160496,0.022052677050863875,-0.0022494793053643475,222.62744999695556,-18,1,0
15:18:02:927,4.281030834604536,3.003298225495427,222.21539063076105,-0.3231745094186465,0.00778329254962899,-0.002703783263864765,222.27691481217707,-19,0,0
15:18:03:053,4.288952614829283,2.994959138141185,221.78565982781743,-0.3308083379058886,0.03373456660976226,0.0016015966514906965,221.84734345948732,-19,2,0
15:18:03:198,4.326936585908777,3.0331985371090524,222.56472950259428,-0.30692244070160496,0.022052677050863875,-0.0022494793053643475,222.62744999695556,-18,1,0
15:18:03:361,4.297415887557346,3.002957495929206,222.1973722482588,-0.32388067534381126,0.029628752064181165,0.0003114492981383354,222.25921301728818,-19,2,0
15:18:03:498,4.307987524218452,3.013549865694337,222.75073882172902,-0.3180570731382981,0.029983256156543726,0.0002457197964194365,222.8127731637663,-18,2,0
15:18:03:622,4.31862869656525,3.029057536100805,222.36457824191842,-0.3127888405909017,0.0412494202093263,0.0006642735793418603,222.4271372833856,-18,2,0
15:18:03:743,4.303922129695658,3.030582637292267,222.44262826808458,-0.3109911026824155,0.01826116129124502,-0.0023502713584992695,222.50490117665544,-18,1,0
15:18:03:865,4.295120303104403,2.976547536973849,222.00132879285027,-0.33503314751259566,0.018780218848583153,-0.0021171641084684317,222.06282417246075,-19,1,0
15:18:04:043,4.33757420386674,3.0438634696903235,223.11276193535033,-0.30098344370769725,0.022117380181883008,-0.0023186781204518887,223.1756801114684,-17,1,0
15:18:04:201,4.322303987396064,3.0077531246457574,222.44715284295287,-0.32144142970623796,0.03773437189919137,0.001646586296265252,222.50947103113234,-18,2,0
15:18:04:365,4.321464608396101,3.003494098412013,222.22436470826932,-0.32318466782338257,0.023471513561075727,2.164735335417007e-05,222.2866714473783,-19,1,0
15:18:04:484,4.322500948843219,3.0025044016097344,222.11497257218502,-0.314898696757767,0.01613283898852415,0.0007621911567700178,222.1773167717104,-18,1,0
15:18:04:604,4.312293610367556,3.0385013571344364,222.83801565740632,-0.3038733268437131,0.013767203918138056,-0.0036429943858896532,222.900447708859,-17,1,0
15:18:04:724,4.278467582500095,3.025147500924802,222.16226045561922,-0.3138998511455206,0.010256642933019035,-0.003674959777283687,222.22404634289072,-18,1,0
15:18:04:846,4.263899835849761,2.99007142167317,221.52954207413495,-0.33328518299440546,0.02592100182793597,0.0002667535095989478,221.59074750650757,-19,1,0
15:18:04:974,4.278467582500095,3.025147500924802,222.16226045561922,-0.3138998511455206,0.010256642933019035,-0.003674959777283687,222.22404634289072,-18,1,0
15:18:05:096,4.263899835849761,2.99007142167317,221.52954207413495,-0.33328518299440546,0.02592100182793597,0.0002667535095989478,221.59074750650757,-19,1,0
15:18:05:219,4.355221666546796,3.016573784285931,222.8958850951875,-0.31345441155542364,0.027251367794535214,6.143612560042791e-05,222.95883760355372,-18,2,0
15:18:05:340,4.27989579456509,3.006322449696778,222.36268055082664,-0.31875048600877737,0.025997223796932,0.00011865895685518344,222.42418300273212,-18,1,0
15:18:05:465,4.2855487199738596,3.0162207999680763,221.71034602709625,-0.32228875706766485,0.036997277423738276,0.000625197585728757,221.77227295403767,-18,2,0
15:18:05:589,4.278467582500095,3.025147500924802,222.16226045561922,-0.3138998511455206,0.010256642933019035,-0.003674959777283687,222.22404634289072,-18,1,0
15:18:05:749,4.271291638941288,3.022045472425424,222.01330863550132,-0.31883690261043346,0.029200491404005314,-0.0007720013592299917,222.07495559469254,-18,2,0
15:18:05:875,4.33757420386674,3.0438634696903235,223.11276193535033,-0.30098344370769725,0.022117380181883008,-0.0023186781204518887,223.1756801114684,-17,1,0
15:18:06:004,4.281030834604536,3.003298225495427,222.21539063076105,-0.3231745094186465,0.00778329254962899,-0.002703783263864765,222.27691481217707,-19,0,0
15:18:06:120,4.295120303104403,2.976547536973849,222.00132879285027,-0.33503314751259566,0.018780218848583153,-0.0021171641084684317,222.06282417246075,-19,1,0
15:18:06:244,4.295991713823455,2.9982369568016436,221.9498793237854,-0.32598064027213497,0.015693269950779517,-0.001309870274306232,222.0116976681573,-19,1,0
15:18:06:365,4.306792089151911,3.008844817300335,222.50453560646343,-0.3201270234590385,0.015547774553687969,-0.0013748504331576373,222.56655177874714,-18,1,0
15:18:06:491,4.3183950443033625,3.025080382947711,222.15816396271035,-0.31422761103503344,0.02638504943956967,-0.0009554701166774029,222.2207223963698,-18,1,0
15:18:06:610,4.280210622122065,2.981728780669285,222.27616075547112,-0.3321003547976632,0.011096831010826487,-0.0035177929153219403,222.33736201925947,-19,1,0
15:18:06:733,4.2855487199738596,3.0162207999680763,221.71034602709625,-0.32228875706766485,0.036997277423738276,0.000625197585728757,221.77227295403767,-18,2,0
15:18:06:861,4.280210622122065,2.981728780669285,222.27616075547112,-0.3321003547976632,0.011096831010826487,-0.0035177929153219403,222.33736201925947,-19,1,0
15:18:06:981,4.3183950443033625,3.025080382947711,222.15816396271035,-0.31422761103503344,0.02638504943956967,-0.0009554701166774029,222.2207223963698,-18,1,0
15:18:07:106,4.278467582500095,3.025147500924802,222.16226045561922,-0.3138998511455206,0.010256642933019035,-0.003674959777283687,222.22404634289072,-18,1,0
15:18:07:223,4.2932416045219455,3.019953500331694,221.89316556912468,-0.3168657479184758,0.018368221768513878,-0.002283056060131395,221.95524091335608,-18,1,0
15:18:07:345,4.33757420386674,3.0438634696903235,223.11276193535033,-0.30098344370769725,0.022117380181883008,-0.0023186781204518887,223.1756801114684,-17,1,0
15:18:07:472,4.303922129695658,3.030582637292267,222.44262826808458,-0.3109911026824155,0.01826116129124502,-0.0023502713584992695,222.50490117665544,-18,1,0
15:18:07:596,4.326134681117106,3.011215139999172,222.617037871987,-0.31648462917536474,0.025015274143025713,-0.0030520961310629984,222.67942969389026,-18,1,0
15:18:07:716,4.3183950443033625,3.025080382947711,222.15816396271035,-0.31422761103503344,0.02638504943956967,-0.0009554701166774029,222.2207223963698,-18,1,0
15:18:07:841,4.2932416045219455,3.019953500331694,221.89316556912468,-0.3168657479184758,0.018368221768513878,-0.002283056060131395,221.95524091335608,-18,1,0
15:18:07:967,4.2630542293294456,2.9683804321673932,221.57361632698402,-0.34224459728334783,0.028695105532176836,-0.000535225270975499,221.63450174999784,-20,2,0
15:18:08:089,4.3511554211964825,3.016121746358269,222.87205790241603,-0.3140284497257978,0.03315838160461233,-0.0017193512634318213,222.934931622539,-18,2,0
15:18:08:211,4.326134681117106,3.011215139999172,222.617037871987,-0.31648462917536474,0.025015274143025713,-0.0030520961310629984,222.67942969389026,-18,1,0
15:18:08:333,4.33685286794122,3.0218640864692534,223.17068142252077,-0.31056280545555215,0.025141886787655658,-0.003123354195622401,223.23327037417053,-18,1,0
15:18:08:455,4.288952614829283,2.994959138141185,221.78565982781743,-0.3308083379058886,0.03373456660976226,0.0016015966514906965,221.84734345948732,-19,2,0
15:18:08:582,4.277628156040821,3.0034697112402258,222.22323973538224,-0.32305519511125436,0.013620269870620937,-0.004487068878423622,222.28469855443683,-19,1,0
15:18:08:704,4.301396020159649,3.0327171002428632,222.53978087367716,-0.30729246775233693,0.03731892854864819,0.0004699650995420523,222.60200684638178,-18,2,0
15:18:08:826,4.295991713823455,2.9982369568016436,221.9498793237854,-0.32598064027213497,0.015693269950779517,-0.001309870274306232,222.0116976681573,-19,1,0
15:18:08:952,4.2932416045219455,3.019953500331694,221.89316556912468,-0.3168657479184758,0.018368221768513878,-0.002283056060131395,221.95524091335608,-18,1,0
15:18:09:088,4.278467582500095,3.025147500924802,222.16226045561922,-0.3138998511455206,0.010256642933019035,-0.003674959777283687,222.22404634289072,-18,1,0
15:18:09:232,4.2932416045219455,3.019953500331694,221.89316556912468,-0.3168657479184758,0.018368221768513878,-0.002283056060131395,221.95524091335608,-18,1,0
15:18:09:387,4.351901299267506,3.038229451279165,222.82315292881702,-0.30432883892127477,0.030401341615140805,-0.0009219246223421559,222.88635526710954,-17,2,0
15:18:09:524,4.2932416045219455,3.019953500331694,221.89316556912468,-0.3168657479184758,0.018368221768513878,-0.002283056060131395,221.95524091335608,-18,1,0
15:18:09:649,4.306792089151911,3.008844817300335,222.50453560646343,-0.3201270234590385,0.015547774553687969,-0.0013748504331576373,222.56655177874714,-18,1,0
15:18:09:772,4.277628156040821,3.0034697112402258,222.22323973538224,-0.32305519511125436,0.013620269870620937,-0.004487068878423622,222.28469855443683,-19,1,0
15:18:09:892,4.2932416045219455,3.019953500331694,221.89316556912468,-0.3168657479184758,0.018368221768513878,-0.002283056060131395,221.95524091335608,-18,1,0
15:18:10:019,4.282822869400841,3.0084622935072844,222.48616602206653,-0.32074755330607074,0.02185304981247909,-0.0010866059210193411,222.54771957560175,-18,1,0
15:18:10:134,4.322303987396064,3.0077531246457574,222.44715284295287,-0.32144142970623796,0.03773437189919137,0.001646586296265252,222.50947103113234,-18,2,0
15:18:10:260,4.351901299267506,3.038229451279165,222.82315292881702,-0.30432883892127477,0.030401341615140805,-0.0009219246223421559,222.88635526710954,-17,2,0
15:18:10:382,4.317546097424882,3.0031499998605575,222.20590427153397,-0.3236491444750701,0.0293282451329531,-0.0017557092549718412,222.26813538461866,-19,2,0
15:18:10:510,4.301390383082895,2.9804106892377513,222.15577373930967,-0.32460980913953585,0.01970102878283662,0.0020278514605463227,222.21739943761278,-19,1,0
15:18:10:674,4.355221666546796,3.016573784285931,222.8958850951875,-0.31345441155542364,0.027251367794535214,6.143612560042791e-05,222.95883760355372,-18,2,0
15:18:10:789,4.33685286794122,3.0218640864692534,223.17068142252077,-0.31056280545555215,0.025141886787655658,-0.003123354195622401,223.23327037417053,-18,1,0
15:18:10:912,4.2932416045219455,3.019953500331694,221.89316556912468,-0.3168657479184758,0.018368221768513878,-0.002283056060131395,221.95524091335608,-18,1,0
15:18:11:067,4.351901299267506,3.038229451279165,222.82315292881702,-0.30432883892127477,0.030401341615140805,-0.0009219246223421559,222.88635526710954,-17,2,0
15:18:11:212,4.278978762761359,3.0082245609543095,222.47271634850486,-0.32104995284781784,0.027764698281899373,-0.0028677670780520377,222.53419645920397,-18,2,0
15:18:11:326,4.303922129695658,3.030582637292267,222.44262826808458,-0.3109911026824155,0.01826116129124502,-0.0023502713584992695,222.50490117665544,-18,1,0
15:18:11:449,4.278467582500095,3.025147500924802,222.16226045561922,-0.3138998511455206,0.010256642933019035,-0.003674959777283687,222.22404634289072,-18,1,0
15:18:11:570,4.303922129695658,3.030582637292267,222.44262826808458,-0.3109911026824155,0.01826116129124502,-0.0023502713584992695,222.50490117665544,-18,1,0
15:18:11:699,4.249182853830045,2.9954579709335936,221.8135627978928,-0.33024721125771567,0.01827960474889151,-0.0011291789327101552,221.8744802010264,-19,1,0
15:18:11:818,4.3511554211964825,3.016121746358269,222.87205790241603,-0.3140284497257978,0.03315838160461233,-0.0017193512634318213,222.934931622539,-18,2,0
15:18:11:941,4.263899835849761,2.99007142167317,221.52954207413495,-0.33328518299440546,0.02592100182793597,0.0002667535095989478,221.59074750650757,-19,1,0
15:18:12:067,4.278467582500095,3.025147500924802,222.16226045561922,-0.3138998511455206,0.010256642933019035,-0.003674959777283687,222.22404634289072,-18,1,0
15:18:12:184,4.312293610367556,3.0385013571344364,222.83801565740632,-0.3038733268437131,0.013767203918138056,-0.0036429943858896532,222.900447708859,-17,1,0
15:18:12:314,4.320616645681081,2.9816720072238434,222.2719491227008,-0.33237998113290373,0.026399819028708204,-0.0007809260117849005,222.33393232469507,-19,1,0
15:18:12:432,4.303922129695658,3.030582637292267,222.44262826808458,-0.3109911026824155,0.01826116129124502,-0.0023502713584992695,222.50490117665544,-18,1,0
15:18:12:551,4.315057993837568,3.016545879110708,222.8961555763741,-0.31335714544386395,0.011093981364796949,-0.002665521054628527,222.95832670088402,-18,1,0
15:18:12:721,4.249182853830045,2.9954579709335936,221.8135627978928,-0.33024721125771567,0.01827960474889151,-0.0011291789327101552,221.8744802010264,-19,1,0
15:18:12:843,4.263899835849761,2.99007142167317,221.52954207413495,-0.33328518299440546,0.02592100182793597,0.0002667535095989478,221.59074750650757,-19,1,0
15:18:12:966,4.340681606529102,3.0220431836057897,223.18075613079796,-0.3103020270802317,0.019173910888458476,-0.0013369796595158116,223.24341909433198,-18,1,0
15:18:13:089,4.355221666546796,3.016573784285931,222.8958850951875,-0.31345441155542364,0.027251367794535214,6.143612560042791e-05,222.95883760355372,-18,2,0
15:18:13:210,4.292356518158865,2.998151310686943,221.9445809717987,-0.32615121105296546,0.0214861885858923,-0.003088174306173973,222.00632932082829,-19,1,0
15:18:13:341,4.314305109254398,2.9948041990612118,222.95784131152416,-0.32253410974992325,0.014286730586986832,-0.0034776483285531056,223.01968765797616,-18,1,0
15:18:13:464,err,err,err,err,err,err,err,err,err,err
15:18:13:579,4.306792089151911,3.008844817300335,222.50453560646343,-0.3201270234590385,0.015547774553687969,-0.0013748504331576373,222.56655177874714,-18,1,0
15:18:13:699,4.351901299267506,3.038229451279165,222.82315292881702,-0.30432883892127477,0.030401341615140805,-0.0009219246223421559,222.88635526710954,-17,2,0
15:18:13:824,4.278467582500095,3.025147500924802,222.16226045561922,-0.3138998511455206,0.010256642933019035,-0.003674959777283687,222.22404634289072,-18,1,0
15:18:13:948,4.321464608396101,3.003494098412013,222.22436470826932,-0.32318466782338257,0.023471513561075727,2.164735335417007e-05,222.2866714473783,-19,1,0
15:18:14:077,4.278467582500095,3.025147500924802,222.16226045561922,-0.3138998511455206,0.010256642933019035,-0.003674959777283687,222.22404634289072,-18,1,0
15:18:14:199,4.277628156040821,3.0034697112402258,222.22323973538224,-0.32305519511125436,0.013620269870620937,-0.004487068878423622,222.28469855443683,-19,1,0
15:18:14:318,4.315057993837568,3.016545879110708,222.8961555763741,-0.31335714544386395,0.011093981364796949,-0.002665521054628527,222.95832670088402,-18,1,0
15:18:14:442,4.326936585908777,3.0331985371090524,222.56472950259428,-0.30692244070160496,0.022052677050863875,-0.0022494793053643475,222.62744999695556,-18,1,0
15:18:14:565,4.295991713823455,2.9982369568016436,221.9498793237854,-0.32598064027213497,0.015693269950779517,-0.001309870274306232,222.0116976681573,-19,1,0
15:18:14:711,4.2932416045219455,3.019953500331694,221.89316556912468,-0.3168657479184758,0.018368221768513878,-0.002283056060131395,221.95524091335608,-18,1,0
15:18:14:853,4.301396020159649,3.0327171002428632,222.53978087367716,-0.30729246775233693,0.03731892854864819,0.0004699650995420523,222.60200684638178,-18,2,0
15:18:14:974,4.281030834604536,3.003298225495427,222.21539063076105,-0.3231745094186465,0.00778329254962899,-0.002703783263864765,222.27691481217707,-19,0,0
15:18:15:096,4.315057993837568,3.016545879110708,222.8961555763741,-0.31335714544386395,0.011093981364796949,-0.002665521054628527,222.95832670088402,-18,1,0
15:18:15:222,4.263899835849761,2.99007142167317,221.52954207413495,-0.33328518299440546,0.02592100182793597,0.0002667535095989478,221.59074750650757,-19,1,0
15:18:15:340,err,err,err,err,err,err,err,err,err,err
15:18:15:466,4.296648427651947,2.9810958614510694,222.2420669415977,-0.3330926762477646,0.03224803262867081,-0.00048815358222698,222.30358620301112,-19,2,0
15:18:15:588,4.325255955880444,2.9807802207722767,222.17324572300367,-0.32397608873457,0.013529401417237033,0.001738697494357458,222.23533473528147,-19,1,0
15:18:15:710,4.332754090801549,2.966695164313084,222.62440540461606,-0.32642477220519,0.012321683400980612,-0.0003545621666784048,222.68632629770548,-19,1,0
15:18:15:840,4.2932416045219455,3.019953500331694,221.89316556912468,-0.3168657479184758,0.018368221768513878,-0.002283056060131395,221.95524091335608,-18,1,0
15:18:15:957,4.3183950443033625,3.025080382947711,222.15816396271035,-0.31422761103503344,0.02638504943956967,-0.0009554701166774029,222.2207223963698,-18,1,0
15:18:16:081,4.2932416045219455,3.019953500331694,221.89316556912468,-0.3168657479184758,0.018368221768513878,-0.002283056060131395,221.95524091335608,-18,1,0
15:18:16:200,4.295120303104403,2.976547536973849,222.00132879285027,-0.33503314751259566,0.018780218848583153,-0.0021171641084684317,222.06282417246075,-19,1,0
15:18:16:327,4.249182853830045,2.9954579709335936,221.8135627978928,-0.33024721125771567,0.01827960474889151,-0.0011291789327101552,221.8744802010264,-19,1,0
15:18:16:450,4.2932416045219455,3.019953500331694,221.89316556912468,-0.3168657479184758,0.018368221768513878,-0.002283056060131395,221.95524091335608,-18,1,0
15:18:16:571,4.305980769125334,2.9871259622934185,222.56081720715116,-0.329213325253193,0.018708450757129496,-0.0021840693915504807,222.6225095263586,-19,1,0
15:18:16:739,4.307736536471332,3.0076052178917445,222.38024302368268,-0.31200935691482096,0.007820281880639676,-0.0006259983212202206,222.44229537227517,-18,0,0
15:18:16:859,4.281859199266523,3.001860713780309,222.08209802342935,-0.3152202140594637,6.874762526260062e-06,-0.0019507997375239946,222.14365565650388,-18,0,0
15:18:16:980,4.278467582500095,3.025147500924802,222.16226045561922,-0.3138998511455206,0.010256642933019035,-0.003674959777283687,222.22404634289072,-18,1,0
15:18:17:105,4.303922129695658,3.030582637292267,222.44262826808458,-0.3109911026824155,0.01826116129124502,-0.0023502713584992695,222.50490117665544,-18,1,0
15:18:17:229,4.295991713823455,2.9982369568016436,221.9498793237854,-0.32598064027213497,0.015693269950779517,-0.001309870274306232,222.0116976681573,-19,1,0
15:18:17:360,4.295991713823455,2.9982369568016436,221.9498793237854,-0.32598064027213497,0.015693269950779517,-0.001309870274306232,222.0116976681573,-19,1,0
15:18:17:479,4.322500948843219,3.0025044016097344,222.11497257218502,-0.314898696757767,0.01613283898852415,0.0007621911567700178,222.1773167717104,-18,1,0
15:18:17:596,4.278467582500095,3.025147500924802,222.16226045561922,-0.3138998511455206,0.010256642933019035,-0.003674959777283687,222.22404634289072,-18,1,0
15:18:17:766,4.278467582500095,3.025147500924802,222.16226045561922,-0.3138998511455206,0.010256642933019035,-0.003674959777283687,222.22404634289072,-18,1,0
15:18:17:885,4.281030834604536,3.003298225495427,222.21539063076105,-0.3231745094186465,0.00778329254962899,-0.002703783263864765,222.27691481217707,-19,0,0
15:18:18:006,4.3183950443033625,3.025080382947711,222.15816396271035,-0.31422761103503344,0.02638504943956967,-0.0009554701166774029,222.2207223963698,-18,1,0
15:18:18:174,4.3183950443033625,3.025080382947711,222.15816396271035,-0.31422761103503344,0.02638504943956967,-0.0009554701166774029,222.2207223963698,-18,1,0
15:18:18:292,4.303922129695658,3.030582637292267,222.44262826808458,-0.3109911026824155,0.01826116129124502,-0.0023502713584992695,222.50490117665544,-18,1,0
15:18:18:450,4.326936585908777,3.0331985371090524,222.56472950259428,-0.30692244070160496,0.022052677050863875,-0.0022494793053643475,222.62744999695556,-18,1,0
15:18:18:582,4.278467582500095,3.025147500924802,222.16226045561922,-0.3138998511455206,0.010256642933019035,-0.003674959777283687,222.22404634289072,-18,1,0
15:18:18:703,4.3183950443033625,3.025080382947711,222.15816396271035,-0.31422761103503344,0.02638504943956967,-0.0009554701166774029,222.2207223963698,-18,1,0
15:18:18:830,4.3183950443033625,3.025080382947711,222.15816396271035,-0.31422761103503344,0.02638504943956967,-0.0009554701166774029,222.2207223963698,-18,1,0
15:18:18:948,4.312100443519145,2.9909379106276894,222.70903576558229,-0.31881936711628833,0.019719351028014972,0.001968353506972615,222.77085655770964,-18,1,0
15:18:19:081,4.288952614829283,2.994959138141185,221.78565982781743,-0.3308083379058886,0.03373456660976226,0.0016015966514906965,221.84734345948732,-19,2,0
15:18:19:195,4.311534411015618,3.016648548746181,222.90016621988698,-0.31329118427655855,0.016992661611798285,-0.00445299356623881,222.96226945000643,-18,1,0
15:18:19:322,4.326134681117106,3.011215139999172,222.617037871987,-0.31648462917536474,0.025015274143025713,-0.0030520961310629984,222.67942969389026,-18,1,0
15:18:19:501,4.303922129695658,3.030582637292267,222.44262826808458,-0.3109911026824155,0.01826116129124502,-0.0023502713584992695,222.50490117665544,-18,1,0
15:18:19:650,4.295991713823455,2.9982369568016436,221.9498793237854,-0.32598064027213497,0.015693269950779517,-0.001309870274306232,222.0116976681573,-19,1,0
15:18:19:813,4.3183950443033625,3.025080382947711,222.15816396271035,-0.31422761103503344,0.02638504943956967,-0.0009554701166774029,222.2207223963698,-18,1,0
15:18:19:937,4.281030834604536,3.003298225495427,222.21539063076105,-0.3231745094186465,0.00778329254962899,-0.002703783263864765,222.27691481217707,-19,0,0
15:18:20:055,4.297415887557346,3.002957495929206,222.1973722482588,-0.32388067534381126,0.029628752064181165,0.0003114492981383354,222.25921301728818,-19,2,0
15:18:20:181,4.303578042584848,2.9852951175911397,221.27620676124587,-0.33544378339113723,0.019234302596612,-0.0010645959494671126,221.33818570132306,-19,1,0
15:18:20:308,4.284146516427987,2.979929137788142,222.1294643563795,-0.32455783892839885,-0.002151616730453259,-0.0009810195973226166,222.19075773823835,-19,0,0
15:18:20:423,4.340681606529102,3.0220431836057897,223.18075613079796,-0.3103020270802317,0.019173910888458476,-0.0013369796595158116,223.24341909433198,-18,1,0
15:18:20:549,4.33757420386674,3.0438634696903235,223.11276193535033,-0.30098344370769725,0.022117380181883008,-0.0023186781204518887,223.1756801114684,-17,1,0
15:18:20:673,4.306792089151911,3.008844817300335,222.50453560646343,-0.3201270234590385,0.015547774553687969,-0.0013748504331576373,222.56655177874714,-18,1,0
15:18:20:800,4.295991713823455,2.9982369568016436,221.9498793237854,-0.32598064027213497,0.015693269950779517,-0.001309870274306232,222.0116976681573,-19,1,0
15:18:20:915,4.33757420386674,3.0438634696903235,223.11276193535033,-0.30098344370769725,0.022117380181883008,-0.0023186781204518887,223.1756801114684,-17,1,0
15:18:21:040,4.303922129695658,3.030582637292267,222.44262826808458,-0.3109911026824155,0.01826116129124502,-0.0023502713584992695,222.50490117665544,-18,1,0
15:18:21:194,4.321464608396101,3.003494098412013,222.22436470826932,-0.32318466782338257,0.023471513561075727,2.164735335417007e-05,222.2866714473783,-19,1,0
15:18:21:328,4.2932416045219455,3.019953500331694,221.89316556912468,-0.3168657479184758,0.018368221768513878,-0.002283056060131395,221.95524091335608,-18,1,0
15:18:21:454,4.340681606529102,3.0220431836057897,223.18075613079796,-0.3103020270802317,0.019173910888458476,-0.0013369796595158116,223.24341909433198,-18,1,0
15:18:21:578,4.2932416045219455,3.019953500331694,221.89316556912468,-0.3168657479184758,0.018368221768513878,-0.002283056060131395,221.95524091335608,-18,1,0
15:18:21:696,4.3511554211964825,3.016121746358269,222.87205790241603,-0.3140284497257978,0.03315838160461233,-0.0017193512634318213,222.934931622539,-18,2,0
15:18:21:824,4.281091919134076,2.980432154288348,222.15511709702767,-0.32408365614427465,0.003696228242531642,-0.0027670261533793063,222.21635128009925,-19,0,0
15:18:21:944,4.2932416045219455,3.019953500331694,221.89316556912468,-0.3168657479184758,0.018368221768513878,-0.002283056060131395,221.95524091335608,-18,1,0
15:18:22:065,4.2932416045219455,3.019953500331694,221.89316556912468,-0.3168657479184758,0.018368221768513878,-0.002283056060131395,221.95524091335608,-18,1,0
15:18:22:189,4.278467582500095,3.025147500924802,222.16226045561922,-0.3138998511455206,0.010256642933019035,-0.003674959777283687,222.22404634289072,-18,1,0
15:18:22:310,4.282822869400841,3.0084622935072844,222.48616602206653,-0.32074755330607074,0.02185304981247909,-0.0010866059210193411,222.54771957560175,-18,1,0
15:18:22:481,4.329901068620116,3.011387003714468,222.62683528983814,-0.31623447238120933,0.0191690327971019,-0.0012699802177146046,222.6892998913933,-18,1,0
15:18:22:599,4.3183950443033625,3.025080382947711,222.15816396271035,-0.31422761103503344,0.02638504943956967,-0.0009554701166774029,222.2207223963698,-18,1,0
15:18:22:722,4.322303987396064,3.0077531246457574,222.44715284295287,-0.32144142970623796,0.03773437189919137,0.001646586296265252,222.50947103113234,-18,2,0
15:18:22:845,4.278467582500095,3.025147500924802,222.16226045561922,-0.3138998511455206,0.010256642933019035,-0.003674959777283687,222.22404634289072,-18,1,0
15:18:22:970,4.278467582500095,3.025147500924802,222.16226045561922,-0.3138998511455206,0.010256642933019035,-0.003674959777283687,222.22404634289072,-18,1,0
15:18:23:093,4.303102325184279,3.008757413955604,222.49921845184747,-0.32030315888379035,0.02145635847094895,-0.0031574005423600023,222.5611635539318,-18,1,0
15:18:23:214,4.295991713823455,2.9982369568016436,221.9498793237854,-0.32598064027213497,0.015693269950779517,-0.001309870274306232,222.0116976681573,-19,1,0
15:18:23:340,4.310300227198665,2.985753584610771,222.43512786333605,-0.32124134784091013,0.005436961459907825,0.00034836503831100113,222.49692024856267,-18,0,0
15:18:23:460,4.33757420386674,3.0438634696903235,223.11276193535033,-0.30098344370769725,0.022117380181883008,-0.0023186781204518887,223.1756801114684,-17,1,0
15:18:23:587,4.3183950443033625,3.025080382947711,222.15816396271035,-0.31422761103503344,0.02638504943956967,-0.0009554701166774029,222.2207223963698,-18,1,0
15:18:23:706,4.3592421039101215,2.9938371171076064,222.8484448488182,-0.3143036651943175,0.016969900545300353,0.001785944011969743,222.91118281490733,-18,1,0
15:18:23:830,4.2932416045219455,3.019953500331694,221.89316556912468,-0.3168657479184758,0.018368221768513878,-0.002283056060131395,221.95524091335608,-18,1,0
15:18:23:954,4.329901068620116,3.011387003714468,222.62683528983814,-0.31623447238120933,0.0191690327971019,-0.0012699802177146046,222.6892998913933,-18,1,0
15:18:24:081,4.2855487199738596,3.0162207999680763,221.71034602709625,-0.32228875706766485,0.036997277423738276,0.000625197585728757,221.77227295403767,-18,2,0
15:18:24:203,4.322303987396064,3.0077531246457574,222.44715284295287,-0.32144142970623796,0.03773437189919137,0.001646586296265252,222.50947103113234,-18,2,0
15:18:24:320,4.329098711654818,2.989518924020963,222.6789042156259,-0.3255518062594358,0.022119566375380335,-0.0020750295110838093,222.7410440438049,-19,1,0
15:18:24:445,4.321464608396101,3.003494098412013,222.22436470826932,-0.32318466782338257,0.023471513561075727,2.164735335417007e-05,222.2866714473783,-19,1,0
15:18:24:614,4.277628156040821,3.0034697112402258,222.22323973538224,-0.32305519511125436,0.013620269870620937,-0.004487068878423622,222.28469855443683,-19,1,0
15:18:24:730,4.282822869400841,3.0084622935072844,222.48616602206653,-0.32074755330607074,0.02185304981247909,-0.0010866059210193411,222.54771957560175,-18,1,0
15:18:24:854,4.3183950443033625,3.025080382947711,222.15816396271035,-0.31422761103503344,0.02638504943956967,-0.0009554701166774029,222.2207223963698,-18,1,0
15:18:24:977,4.276787548749793,3.027996914641055,222.2966393763476,-0.30959414537892566,0.02900413658588845,-0.0008614302695688168,222.35839438858645,-18,2,0
15:18:25:101,4.295991713823455,2.9982369568016436,221.9498793237854,-0.32598064027213497,0.015693269950779517,-0.001309870274306232,222.0116976681573,-19,1,0
15:18:25:224,4.278467582500095,3.025147500924802,222.16226045561922,-0.3138998511455206,0.010256642933019035,-0.003674959777283687,222.22404634289072,-18,1,0
15:18:25:347,4.315057993837568,3.016545879110708,222.8961555763741,-0.31335714544386395,0.011093981364796949,-0.002665521054628527,222.95832670088402,-18,1,0
15:18:25:472,4.2932416045219455,3.019953500331694,221.89316556912468,-0.3168657479184758,0.018368221768513878,-0.002283056060131395,221.95524091335608,-18,1,0
15:18:25:592,4.314305109254398,2.9948041990612118,222.95784131152416,-0.32253410974992325,0.014286730586986832,-0.0034776483285531056,223.01968765797616,-18,1,0
15:18:25:714,4.277628156040821,3.0034697112402258,222.22323973538224,-0.32305519511125436,0.013620269870620937,-0.004487068878423622,222.28469855443683,-19,1,0
15:18:25:865,4.277628156040821,3.0034697112402258,222.22323973538224,-0.32305519511125436,0.013620269870620937,-0.004487068878423622,222.28469855443683,-19,1,0
15:18:26:001,4.329098711654818,2.989518924020963,222.6789042156259,-0.3255518062594358,0.022119566375380335,-0.0020750295110838093,222.7410440438049,-19,1,0
15:18:26:129,4.280210622122065,2.981728780669285,222.27616075547112,-0.3321003547976632,0.011096831010826487,-0.0035177929153219403,222.33736201925947,-19,1,0
15:18:26:246,4.292356518158865,2.998151310686943,221.9445809717987,-0.32615121105296546,0.0214861885858923,-0.003088174306173973,222.00632932082829,-19,1,0
15:18:26:371,4.27989579456509,3.006322449696778,222.36268055082664,-0.31875048600877737,0.025997223796932,0.00011865895685518344,222.42418300273212,-18,1,0
15:18:26:496,4.317546097424882,3.0031499998605575,222.20590427153397,-0.3236491444750701,0.0293282451329531,-0.0017557092549718412,222.26813538461866,-19,2,0
15:18:26:615,4.298622903274493,2.9563711438679037,222.03149341238938,-0.3241375471389231,0.012160587484042442,-0.0013917258915199023,222.09277871227772,-19,1,0
15:18:26:741,4.295120303104403,2.976547536973849,222.00132879285027,-0.33503314751259566,0.018780218848583153,-0.0021171641084684317,222.06282417246075,-19,1,0
15:18:26:862,4.292356518158865,2.998151310686943,221.9445809717987,-0.32615121105296546,0.0214861885858923,-0.003088174306173973,222.00632932082829,-19,1,0
15:18:26:984,4.284765399380495,2.994325135770809,221.7517142554901,-0.331565735995141,0.03958359418308317,-0.00016994018522140214,221.8133178436204,-19,2,0
15:18:27:110,4.280210622122065,2.981728780669285,222.27616075547112,-0.3321003547976632,0.011096831010826487,-0.0035177929153219403,222.33736201925947,-19,1,0
15:18:27:266,4.280210622122065,2.981728780669285,222.27616075547112,-0.3321003547976632,0.011096831010826487,-0.0035177929153219403,222.33736201925947,-19,1,0
15:18:27:394,4.292356518158865,2.998151310686943,221.9445809717987,-0.32615121105296546,0.0214861885858923,-0.003088174306173973,222.00632932082829,-19,1,0
15:18:27:522,4.292356518158865,2.998151310686943,221.9445809717987,-0.32615121105296546,0.0214861885858923,-0.003088174306173973,222.00632932082829,-19,1,0
15:18:27:641,4.281091919134076,2.980432154288348,222.15511709702767,-0.32408365614427465,0.003696228242531642,-0.0027670261533793063,222.21635128009925,-19,0,0
15:18:27:770,4.245473662620579,2.995309033834157,221.8047587306207,-0.3304690465832844,0.024131422228882555,-0.0029066123056178234,221.86560553266708,-19,1,0
15:18:27:888,4.332707526622217,2.9694779818620542,222.71194132637262,-0.31426806353479425,0.01538850837675955,-0.0013511165282677781,222.77387405922997,-18,1,0
15:18:28:011,4.326134681117106,3.011215139999172,222.617037871987,-0.31648462917536474,0.025015274143025713,-0.0030520961310629984,222.67942969389026,-18,1,0
15:18:28:137,4.332754090801549,2.966695164313084,222.62440540461606,-0.32642477220519,0.012321683400980612,-0.0003545621666784048,222.68632629770548,-19,1,0
15:18:28:256,4.329961656667093,2.991431754318568,222.65444903394942,-0.30476301265902594,0.017961561732851385,-0.0023303309015491273,222.7166381447523,-17,1,0
15:18:28:383,4.292356518158865,2.998151310686943,221.9445809717987,-0.32615121105296546,0.0214861885858923,-0.003088174306173973,222.00632932082829,-19,1,0
15:18:28:502,4.314305109254398,2.9948041990612118,222.95784131152416,-0.32253410974992325,0.014286730586986832,-0.0034776483285531056,223.01968765797616,-18,1,0
15:18:28:665,4.326134681117106,3.011215139999172,222.617037871987,-0.31648462917536474,0.025015274143025713,-0.0030520961310629984,222.67942969389026,-18,1,0
15:18:28:792,4.329961656667093,2.991431754318568,222.65444903394942,-0.30476301265902594,0.017961561732851385,-0.0023303309015491273,222.7166381447523,-17,1,0
15:18:28:909,4.2737170621356695,2.978890451303704,222.13204868606545,-0.33653907809609185,0.028922572842338262,-0.0006005196829520021,222.19312657982155,-19,2,0
15:18:29:037,4.281091919134076,2.980432154288348,222.15511709702767,-0.32408365614427465,0.003696228242531642,-0.0027670261533793063,222.21635128009925,-19,0,0
15:18:29:163,4.292356518158865,2.998151310686943,221.9445809717987,-0.32615121105296546,0.0214861885858923,-0.003088174306173973,222.00632932082829,-19,1,0
15:18:29:287,4.295120303104403,2.976547536973849,222.00132879285027,-0.33503314751259566,0.018780218848583153,-0.0021171641084684317,222.06282417246075,-19,1,0
15:18:29:408,4.326134681117106,3.011215139999172,222.617037871987,-0.31648462917536474,0.025015274143025713,-0.0030520961310629984,222.67942969389026,-18,1,0
15:18:29:528,4.295120303104403,2.976547536973849,222.00132879285027,-0.33503314751259566,0.018780218848583153,-0.0021171641084684317,222.06282417246075,-19,1,0
15:18:29:694,4.314305109254398,2.9948041990612118,222.95784131152416,-0.32253410974992325,0.014286730586986832,-0.0034776483285531056,223.01968765797616,-18,1,0
15:18:29:814,4.292356518158865,2.998151310686943,221.9445809717987,-0.32615121105296546,0.0214861885858923,-0.003088174306173973,222.00632932082829,-19,1,0
15:18:29:936,4.277628156040821,3.0034697112402258,222.22323973538224,-0.32305519511125436,0.013620269870620937,-0.004487068878423622,222.28469855443683,-19,1,0
15:18:30:061,4.280210622122065,2.981728780669285,222.27616075547112,-0.3321003547976632,0.011096831010826487,-0.0035177929153219403,222.33736201925947,-19,1,0
15:18:30:185,4.330092270949068,2.988519018801723,222.57013502825683,-0.3172498131498928,0.014922194378493351,-0.0013309454765965548,222.63231111295852,-18,1,0
15:18:30:309,4.295120303104403,2.976547536973849,222.00132879285027,-0.33503314751259566,0.018780218848583153,-0.0021171641084684317,222.06282417246075,-19,1,0
15:18:30:431,4.305980769125334,2.9871259622934185,222.56081720715116,-0.329213325253193,0.018708450757129496,-0.0021840693915504807,222.6225095263586,-19,1,0
15:18:30:552,4.329961656667093,2.991431754318568,222.65444903394942,-0.30476301265902594,0.017961561732851385,-0.0023303309015491273,222.7166381447523,-17,1,0
15:18:30:677,4.311534411015618,3.016648548746181,222.90016621988698,-0.31329118427655855,0.016992661611798285,-0.00445299356623881,222.96226945000643,-18,1,0
15:18:30:798,4.314305109254398,2.9948041990612118,222.95784131152416,-0.32253410974992325,0.014286730586986832,-0.0034776483285531056,223.01968765797616,-18,1,0
15:18:30:926,4.329098711654818,2.989518924020963,222.6789042156259,-0.3255518062594358,0.022119566375380335,-0.0020750295110838093,222.7410440438049,-19,1,0
15:18:31:044,4.329098711654818,2.989518924020963,222.6789042156259,-0.3255518062594358,0.022119566375380335,-0.0020750295110838093,222.7410440438049,-19,1,0
15:18:31:168,4.295120303104403,2.976547536973849,222.00132879285027,-0.33503314751259566,0.018780218848583153,-0.0021171641084684317,222.06282417246075,-19,1,0
15:18:31:292,4.295120303104403,2.976547536973849,222.00132879285027,-0.33503314751259566,0.018780218848583153,-0.0021171641084684317,222.06282417246075,-19,1,0
15:18:31:412,4.295120303104403,2.976547536973849,222.00132879285027,-0.33503314751259566,0.018780218848583153,-0.0021171641084684317,222.06282417246075,-19,1,0
15:18:31:540,4.295120303104403,2.976547536973849,222.00132879285027,-0.33503314751259566,0.018780218848583153,-0.0021171641084684317,222.06282417246075,-19,1,0
15:18:31:660,4.326134681117106,3.011215139999172,222.617037871987,-0.31648462917536474,0.025015274143025713,-0.0030520961310629984,222.67942969389026,-18,1,0
15:18:31:785,4.295120303104403,2.976547536973849,222.00132879285027,-0.33503314751259566,0.018780218848583153,-0.0021171641084684317,222.06282417246075,-19,1,0
15:18:31:906,4.295120303104403,2.976547536973849,222.00132879285027,-0.33503314751259566,0.018780218848583153,-0.0021171641084684317,222.06282417246075,-19,1,0
15:18:32:028,4.295120303104403,2.976547536973849,222.00132879285027,-0.33503314751259566,0.018780218848583153,-0.0021171641084684317,222.06282417246075,-19,1,0
15:18:32:191,4.329098711654818,2.989518924020963,222.6789042156259,-0.3255518062594358,0.022119566375380335,-0.0020750295110838093,222.7410440438049,-19,1,0
15:18:32:313,4.326563734931334,2.9692575380192765,222.69865785731207,-0.3145560703960878,0.02870111238654365,-0.0030055527179225984,222.7604719323598,-18,2,0
15:18:32:442,4.283619902052447,2.961333908937617,222.2937612368949,-0.32130356229202156,0.004196757867228679,-0.0027861055365963907,222.3547507539048,-18,0,0
15:18:32:562,4.351490833947608,2.9740558581257326,222.94984645537838,-0.31208421425639477,0.036894265056161224,-0.0016726429983960683,223.01213983817559,-18,2,0
15:18:32:690,4.2599821387228705,2.989686858579798,221.50846196938696,-0.33376664641538845,0.03171795040234985,-0.0015057905498436076,221.56959267773624,-19,2,0
15:18:32:808,4.29335593159351,3.002470295948866,222.17111545093863,-0.32446366472785165,0.03547696653046852,-0.0014644806654690765,222.23287847154324,-19,2,0
15:18:32:929,4.339952215006875,3.0001509694751056,223.23803417635946,-0.3196465892427601,0.022185722482882624,-0.0021439860584031283,223.30037168350978,-18,1,0
15:18:33:080,4.326134681117106,3.011215139999172,222.617037871987,-0.31648462917536474,0.025015274143025713,-0.0030520961310629984,222.67942969389026,-18,1,0
15:18:33:261,4.295120303104403,2.976547536973849,222.00132879285027,-0.33503314751259566,0.018780218848583153,-0.0021171641084684317,222.06282417246075,-19,1,0
15:18:33:381,4.288151540864509,2.973159819763456,221.82676013770447,-0.3398835072427329,0.036339962332738035,0.0008040857603630726,221.8881236933197,-19,2,0
15:18:33:504,4.362928623426057,2.9809544873371525,221.12434502017263,-0.3588793288425383,0.03388513865545343,0.001972625356224378,221.18747070399132,-21,2,0
15:18:33:627,4.354639777040047,2.9510001993880204,221.7456420284961,-0.3273803743815103,0.02680951587847294,0.00029590480198644014,221.8080274660827,-19,2,0
15:18:33:750,4.314305109254398,2.9948041990612118,222.95784131152416,-0.32253410974992325,0.014286730586986832,-0.0034776483285531056,223.01968765797616,-18,1,0
15:18:33:878,4.292840508365751,2.956253962191775,222.0243036881722,-0.3244047733085564,0.02493743356248346,-0.003038163293265492,222.08547756514147,-19,1,0
15:18:33:991,4.329098711654818,2.989518924020963,222.6789042156259,-0.3255518062594358,0.022119566375380335,-0.0020750295110838093,222.7410440438049,-19,1,0
15:18:34:121,4.329098711654818,2.989518924020963,222.6789042156259,-0.3255518062594358,0.022119566375380335,-0.0020750295110838093,222.7410440438049,-19,1,0
15:18:34:243,4.295120303104403,2.976547536973849,222.00132879285027,-0.33503314751259566,0.018780218848583153,-0.0021171641084684317,222.06282417246075,-19,1,0
15:18:34:365,4.344808944940098,2.981369072811443,222.25636737106643,-0.332706359281978,0.012064010569760449,-0.0035068237568951365,222.31882233247546,-19,1,0
15:18:34:488,4.295120303104403,2.976547536973849,222.00132879285027,-0.33503314751259566,0.018780218848583153,-0.0021171641084684317,222.06282417246075,-19,1,0
15:18:34:614,4.280210622122065,2.981728780669285,222.27616075547112,-0.3321003547976632,0.011096831010826487,-0.0035177929153219403,222.33736201925947,-19,1,0
15:18:34:773,4.329901068620116,3.011387003714468,222.62683528983814,-0.31623447238120933,0.0191690327971019,-0.0012699802177146046,222.6892998913933,-18,1,0
15:18:34:902,4.295991713823455,2.9982369568016436,221.9498793237854,-0.32598064027213497,0.015693269950779517,-0.001309870274306232,222.0116976681573,-19,1,0
15:18:35:021,4.303922129695658,3.030582637292267,222.44262826808458,-0.3109911026824155,0.01826116129124502,-0.0023502713584992695,222.50490117665544,-18,1,0
15:18:35:148,4.278467582500095,3.025147500924802,222.16226045561922,-0.3138998511455206,0.010256642933019035,-0.003674959777283687,222.22404634289072,-18,1,0
15:18:35:311,4.321464608396101,3.003494098412013,222.22436470826932,-0.32318466782338257,0.023471513561075727,2.164735335417007e-05,222.2866714473783,-19,1,0
15:18:35:430,4.267661624136564,2.9675439438207594,221.4842676712161,-0.3339666190526609,0.01629794329107133,0.0019761143620569493,221.5452551481334,-19,1,0
15:18:35:558,4.295120303104403,2.976547536973849,222.00132879285027,-0.33503314751259566,0.018780218848583153,-0.0021171641084684317,222.06282417246075,-19,1,0
15:18:35:676,4.3183950443033625,3.025080382947711,222.15816396271035,-0.31422761103503344,0.02638504943956967,-0.0009554701166774029,222.2207223963698,-18,1,0
15:18:35:799,err,err,err,err,err,err,err,err,err,err
15:18:35:925,4.278467582500095,3.025147500924802,222.16226045561922,-0.3138998511455206,0.010256642933019035,-0.003674959777283687,222.22404634289072,-18,1,0
15:18:36:045,4.281030834604536,3.003298225495427,222.21539063076105,-0.3231745094186465,0.00778329254962899,-0.002703783263864765,222.27691481217707,-19,0,0
15:18:36:172,4.321464608396101,3.003494098412013,222.22436470826932,-0.32318466782338257,0.023471513561075727,2.164735335417007e-05,222.2866714473783,-19,1,0
15:18:36:293,4.277628156040821,3.0034697112402258,222.22323973538224,-0.32305519511125436,0.013620269870620937,-0.004487068878423622,222.28469855443683,-19,1,0
15:18:36:414,4.277628156040821,3.0034697112402258,222.22323973538224,-0.32305519511125436,0.013620269870620937,-0.004487068878423622,222.28469855443683,-19,1,0
15:18:36:540,4.278467582500095,3.025147500924802,222.16226045561922,-0.3138998511455206,0.010256642933019035,-0.003674959777283687,222.22404634289072,-18,1,0
15:18:36:662,4.271291638941288,3.022045472425424,222.01330863550132,-0.31883690261043346,0.029200491404005314,-0.0007720013592299917,222.07495559469254,-18,2,0
15:18:36:788,4.2932416045219455,3.019953500331694,221.89316556912468,-0.3168657479184758,0.018368221768513878,-0.002283056060131395,221.95524091335608,-18,1,0
15:18:36:905,4.326936585908777,3.0331985371090524,222.56472950259428,-0.30692244070160496,0.022052677050863875,-0.0022494793053643475,222.62744999695556,-18,1,0
15:18:37:034,4.307987524218452,3.013549865694337,222.75073882172902,-0.3180570731382981,0.029983256156543726,0.0002457197964194365,222.8127731637663,-18,2,0
15:18:37:154,4.29410427587323,3.024435870879543,222.12612720821403,-0.31503157096170087,0.03288109861041128,-0.0006673854987230119,222.1882151068972,-18,2,0
15:18:37:277,4.311534411015618,3.016648548746181,222.90016621988698,-0.31329118427655855,0.016992661611798285,-0.00445299356623881,222.96226945000643,-18,1,0
15:18:37:403,4.33685286794122,3.0218640864692534,223.17068142252077,-0.31056280545555215,0.025141886787655658,-0.003123354195622401,223.23327037417053,-18,1,0
15:18:37:522,4.304865516389253,3.0112159603185518,222.6170599728742,-0.31624245419860897,0.03405233695799153,0.0014535791004535888,222.6790396055276,-18,2,0
15:18:37:641,4.320616645681081,2.9816720072238434,222.2719491227008,-0.33237998113290373,0.026399819028708204,-0.0007809260117849005,222.33393232469507,-19,1,0
15:18:37:770,4.292356518158865,2.998151310686943,221.9445809717987,-0.32615121105296546,0.0214861885858923,-0.003088174306173973,222.00632932082829,-19,1,0
15:18:37:890,err,err,err,err,err,err,err,err,err,err
15:18:38:013,4.295991713823455,2.9982369568016436,221.9498793237854,-0.32598064027213497,0.015693269950779517,-0.001309870274306232,222.0116976681573,-19,1,0
15:18:38:139,4.322500948843219,3.0025044016097344,222.11497257218502,-0.314898696757767,0.01613283898852415,0.0007621911567700178,222.1773167717104,-18,1,0
15:18:38:301,err,err,err,err,err,err,err,err,err,err
15:18:38:423,4.312293610367556,3.0385013571344364,222.83801565740632,-0.3038733268437131,0.013767203918138056,-0.0036429943858896532,222.900447708859,-17,1,0
15:18:38:577,4.326936585908777,3.0331985371090524,222.56472950259428,-0.30692244070160496,0.022052677050863875,-0.0022494793053643475,222.62744999695556,-18,1,0
15:18:38:707,err,err,err,err,err,err,err,err,err,err
15:18:38:835,4.326134681117106,3.011215139999172,222.617037871987,-0.31648462917536474,0.025015274143025713,-0.0030520961310629984,222.67942969389026,-18,1,0
15:18:38:957,4.351901299267506,3.038229451279165,222.82315292881702,-0.30432883892127477,0.030401341615140805,-0.0009219246223421559,222.88635526710954,-17,2,0
15:18:39:090,4.329901068620116,3.011387003714468,222.62683528983814,-0.31623447238120933,0.0191690327971019,-0.0012699802177146046,222.6892998913933,-18,1,0
15:18:39:204,4.263899835849761,2.99007142167317,221.52954207413495,-0.33328518299440546,0.02592100182793597,0.0002667535095989478,221.59074750650757,-19,1,0
15:18:39:324,4.306792089151911,3.008844817300335,222.50453560646343,-0.3201270234590385,0.015547774553687969,-0.0013748504331576373,222.56655177874714,-18,1,0
15:18:39:447,4.33757420386674,3.0438634696903235,223.11276193535033,-0.30098344370769725,0.022117380181883008,-0.0023186781204518887,223.1756801114684,-17,1,0
15:18:39:569,4.304516746854964,3.0350311855069663,222.67350282373073,-0.3092079331675366,0.033331588511826896,-0.0007354077009654603,222.73578324667767,-18,2,0
15:18:39:700,4.274501577176828,3.0006199823752544,222.0837248688889,-0.32753887563619194,0.026103932634688097,0.00020312854717793107,222.1451235918814,-19,1,0
15:18:39:823,4.351901299267506,3.038229451279165,222.82315292881702,-0.30432883892127477,0.030401341615140805,-0.0009219246223421559,222.88635526710954,-17,2,0
15:18:39:942,4.2932416045219455,3.019953500331694,221.89316556912468,-0.3168657479184758,0.018368221768513878,-0.002283056060131395,221.95524091335608,-18,1,0
15:18:40:066,4.322500948843219,3.0025044016097344,222.11497257218502,-0.314898696757767,0.01613283898852415,0.0007621911567700178,222.1773167717104,-18,1,0
15:18:40:215,4.280210622122065,2.981728780669285,222.27616075547112,-0.3321003547976632,0.011096831010826487,-0.0035177929153219403,222.33736201925947,-19,1,0
15:18:40:393,4.314305109254398,2.9948041990612118,222.95784131152416,-0.32253410974992325,0.014286730586986832,-0.0034776483285531056,223.01968765797616,-18,1,0
15:18:40:519,4.305980769125334,2.9871259622934185,222.56081720715116,-0.329213325253193,0.018708450757129496,-0.0021840693915504807,222.6225095263586,-19,1,0
15:18:40:730,4.295120303104403,2.976547536973849,222.00132879285027,-0.33503314751259566,0.018780218848583153,-0.0021171641084684317,222.06282417246075,-19,1,0
15:18:40:854,4.295120303104403,2.976547536973849,222.00132879285027,-0.33503314751259566,0.018780218848583153,-0.0021171641084684317,222.06282417246075,-19,1,0
15:18:40:985,4.295120303104403,2.976547536973849,222.00132879285027,-0.33503314751259566,0.018780218848583153,-0.0021171641084684317,222.06282417246075,-19,1,0
15:18:41:137,4.292356518158865,2.998151310686943,221.9445809717987,-0.32615121105296546,0.0214861885858923,-0.003088174306173973,222.00632932082829,-19,1,0
15:18:41:267,4.329098711654818,2.989518924020963,222.6789042156259,-0.3255518062594358,0.022119566375380335,-0.0020750295110838093,222.7410440438049,-19,1,0
15:18:41:471,4.292356518158865,2.998151310686943,221.9445809717987,-0.32615121105296546,0.0214861885858923,-0.003088174306173973,222.00632932082829,-19,1,0
15:18:41:599,4.284146516427987,2.979929137788142,222.1294643563795,-0.32455783892839885,-0.002151616730453259,-0.0009810195973226166,222.19075773823835,-19,0,0
15:18:41:755,4.330370636612302,2.9495943877366546,222.74153885505376,-0.30267036385187235,0.021951045324300984,-0.002287711506410703,222.80315381165505,-17,1,0
15:18:41:871,4.280210622122065,2.981728780669285,222.27616075547112,-0.3321003547976632,0.011096831010826487,-0.0035177929153219403,222.33736201925947,-19,1,0
15:18:41:996,4.277628156040821,3.0034697112402258,222.22323973538224,-0.32305519511125436,0.013620269870620937,-0.004487068878423622,222.28469855443683,-19,1,0
15:18:42:115,4.277628156040821,3.0034697112402258,222.22323973538224,-0.32305519511125436,0.013620269870620937,-0.004487068878423622,222.28469855443683,-19,1,0
15:18:42:239,4.311534411015618,3.016648548746181,222.90016621988698,-0.31329118427655855,0.016992661611798285,-0.00445299356623881,222.96226945000643,-18,1,0
15:18:42:363,4.280210622122065,2.981728780669285,222.27616075547112,-0.3321003547976632,0.011096831010826487,-0.0035177929153219403,222.33736201925947,-19,1,0
15:18:42:578,4.33685286794122,3.0218640864692534,223.17068142252077,-0.31056280545555215,0.025141886787655658,-0.003123354195622401,223.23327037417053,-18,1,0
15:18:42:692,4.339952215006875,3.0001509694751056,223.23803417635946,-0.3196465892427601,0.022185722482882624,-0.0021439860584031283,223.30037168350978,-18,1,0
15:18:42:819,4.262332692551685,3.0336149962247037,222.5860040206428,-0.30623493881526775,0.020936561548168153,-0.0022574471881584663,222.64747805848808,-18,1,0
15:18:42:936,4.296099460905547,2.9754825224266233,221.89436355807166,-0.3268650551774693,0.011716426689465218,-0.001374262649289906,221.95589324381757,-19,1,0
15:18:43:059,4.303102325184279,3.008757413955604,222.49921845184747,-0.32030315888379035,0.02145635847094895,-0.0031574005423600023,222.5611635539318,-18,1,0
15:18:43:185,4.317546097424882,3.0031499998605575,222.20590427153397,-0.3236491444750701,0.0293282451329531,-0.0017557092549718412,222.26813538461866,-19,2,0
15:18:43:308,4.311534411015618,3.016648548746181,222.90016621988698,-0.31329118427655855,0.016992661611798285,-0.00445299356623881,222.96226945000643,-18,1,0
15:18:43:431,4.277628156040821,3.0034697112402258,222.22323973538224,-0.32305519511125436,0.013620269870620937,-0.004487068878423622,222.28469855443683,-19,1,0
15:18:43:548,4.292356518158865,2.998151310686943,221.9445809717987,-0.32615121105296546,0.0214861885858923,-0.003088174306173973,222.00632932082829,-19,1,0
15:18:43:717,4.311534411015618,3.016648548746181,222.90016621988698,-0.31329118427655855,0.016992661611798285,-0.00445299356623881,222.96226945000643,-18,1,0
15:18:43:841,4.296068048838661,2.9782153711078028,221.97894181878985,-0.3148473105231624,0.014558838374543678,-0.0023645880523027853,222.040484097983,-18,1,0
15:18:43:960,4.326134681117106,3.011215139999172,222.617037871987,-0.31648462917536474,0.025015274143025713,-0.0030520961310629984,222.67942969389026,-18,1,0
15:18:44:089,4.329098711654818,2.989518924020963,222.6789042156259,-0.3255518062594358,0.022119566375380335,-0.0020750295110838093,222.7410440438049,-19,1,0
15:18:44:208,4.295120303104403,2.976547536973849,222.00132879285027,-0.33503314751259566,0.018780218848583153,-0.0021171641084684317,222.06282417246075,-19,1,0
15:18:44:360,4.314305109254398,2.9948041990612118,222.95784131152416,-0.32253410974992325,0.014286730586986832,-0.0034776483285531056,223.01968765797616,-18,1,0
15:18:44:536,4.317819359957578,2.974531999594029,222.97764333832987,-0.3113624436947292,0.007248955253283276,-0.002747061674740097,223.03928092010446,-18,0,0
15:18:44:660,4.295120303104403,2.976547536973849,222.00132879285027,-0.33503314751259566,0.018780218848583153,-0.0021171641084684317,222.06282417246075,-19,1,0
15:18:44:781,4.344808944940098,2.981369072811443,222.25636737106643,-0.332706359281978,0.012064010569760449,-0.0035068237568951365,222.31882233247546,-19,1,0
15:18:44:906,4.329098711654818,2.989518924020963,222.6789042156259,-0.3255518062594358,0.022119566375380335,-0.0020750295110838093,222.7410440438049,-19,1,0
15:18:45:026,4.301932980828668,2.933309378807336,221.95946505948368,-0.32520736609846634,0.0024257878088523176,0.00032476648418131943,222.02052846702148,-19,0,0
15:18:45:154,4.292840508365751,2.956253962191775,222.0243036881722,-0.3244047733085564,0.02493743356248346,-0.003038163293265492,222.08547756514147,-19,1,0
15:18:45:271,4.329098711654818,2.989518924020963,222.6789042156259,-0.3255518062594358,0.022119566375380335,-0.0020750295110838093,222.7410440438049,-19,1,0
15:18:45:392,4.329098711654818,2.989518924020963,222.6789042156259,-0.3255518062594358,0.022119566375380335,-0.0020750295110838093,222.7410440438049,-19,1,0
15:18:45:520,4.314305109254398,2.9948041990612118,222.95784131152416,-0.32253410974992325,0.014286730586986832,-0.0034776483285531056,223.01968765797616,-18,1,0
15:18:45:643,4.3152738749273905,2.996624515537316,222.92376084055465,-0.301679634260356,0.009595997860960742,-0.0037241576735240357,222.98565984026766,-17,1,0
15:18:45:766,4.280210622122065,2.981728780669285,222.27616075547112,-0.3321003547976632,0.011096831010826487,-0.0035177929153219403,222.33736201925947,-19,1,0
15:18:45:932,4.282082070185516,2.986689258529758,222.5388604938508,-0.32985967523978194,0.02469447656902803,-0.00189272927924557,222.60009202487856,-19,1,0
15:18:46:053,4.329098711654818,2.989518924020963,222.6789042156259,-0.3255518062594358,0.022119566375380335,-0.0020750295110838093,222.7410440438049,-19,1,0
15:18:46:179,4.329098711654818,2.989518924020963,222.6789042156259,-0.3255518062594358,0.022119566375380335,-0.0020750295110838093,222.7410440438049,-19,1,0
15:18:46:299,4.320616645681081,2.9816720072238434,222.2719491227008,-0.33237998113290373,0.026399819028708204,-0.0007809260117849005,222.33393232469507,-19,1,0
15:18:46:421,4.330092270949068,2.988519018801723,222.57013502825683,-0.3172498131498928,0.014922194378493351,-0.0013309454765965548,222.63231111295852,-18,1,0
15:18:46:546,4.329098711654818,2.989518924020963,222.6789042156259,-0.3255518062594358,0.022119566375380335,-0.0020750295110838093,222.7410440438049,-19,1,0
15:18:46:663,4.298622903274493,2.9563711438679037,222.03149341238938,-0.3241375471389231,0.012160587484042442,-0.0013917258915199023,222.09277871227772,-19,1,0
15:18:46:791,4.329098711654818,2.989518924020963,222.6789042156259,-0.3255518062594358,0.022119566375380335,-0.0020750295110838093,222.7410440438049,-19,1,0
15:18:46:912,4.329098711654818,2.989518924020963,222.6789042156259,-0.3255518062594358,0.022119566375380335,-0.0020750295110838093,222.7410440438049,-19,1,0
15:18:47:035,4.329098711654818,2.989518924020963,222.6789042156259,-0.3255518062594358,0.022119566375380335,-0.0020750295110838093,222.7410440438049,-19,1,0
15:18:47:159,4.311534411015618,3.016648548746181,222.90016621988698,-0.31329118427655855,0.016992661611798285,-0.00445299356623881,222.96226945000643,-18,1,0
15:18:47:281,4.329098711654818,2.989518924020963,222.6789042156259,-0.3255518062594358,0.022119566375380335,-0.0020750295110838093,222.7410440438049,-19,1,0
15:18:47:406,4.292356518158865,2.998151310686943,221.9445809717987,-0.32615121105296546,0.0214861885858923,-0.003088174306173973,222.00632932082829,-19,1,0
15:18:47:555,4.292356518158865,2.998151310686943,221.9445809717987,-0.32615121105296546,0.0214861885858923,-0.003088174306173973,222.00632932082829,-19,1,0
15:18:47:690,4.292356518158865,2.998151310686943,221.9445809717987,-0.32615121105296546,0.0214861885858923,-0.003088174306173973,222.00632932082829,-19,1,0
15:18:47:814,4.326134681117106,3.011215139999172,222.617037871987,-0.31648462917536474,0.025015274143025713,-0.0030520961310629984,222.67942969389026,-18,1,0
15:18:47:937,4.298622903274493,2.9563711438679037,222.03149341238938,-0.3241375471389231,0.012160587484042442,-0.0013917258915199023,222.09277871227772,-19,1,0
15:18:48:061,4.329098711654818,2.989518924020963,222.6789042156259,-0.3255518062594358,0.022119566375380335,-0.0020750295110838093,222.7410440438049,-19,1,0
15:18:48:183,4.292356518158865,2.998151310686943,221.9445809717987,-0.32615121105296546,0.0214861885858923,-0.003088174306173973,222.00632932082829,-19,1,0
15:18:48:305,4.314305109254398,2.9948041990612118,222.95784131152416,-0.32253410974992325,0.014286730586986832,-0.0034776483285531056,223.01968765797616,-18,1,0
15:18:48:427,4.277628156040821,3.0034697112402258,222.22323973538224,-0.32305519511125436,0.013620269870620937,-0.004487068878423622,222.28469855443683,-19,1,0
15:18:48:552,4.314305109254398,2.9948041990612118,222.95784131152416,-0.32253410974992325,0.014286730586986832,-0.0034776483285531056,223.01968765797616,-18,1,0
15:18:48:674,4.277628156040821,3.0034697112402258,222.22323973538224,-0.32305519511125436,0.013620269870620937,-0.004487068878423622,222.28469855443683,-19,1,0
15:18:48:795,4.295120303104403,2.976547536973849,222.00132879285027,-0.33503314751259566,0.018780218848583153,-0.0021171641084684317,222.06282417246075,-19,1,0
15:18:48:919,4.277628156040821,3.0034697112402258,222.22323973538224,-0.32305519511125436,0.013620269870620937,-0.004487068878423622,222.28469855443683,-19,1,0
15:18:49:093,4.289820501211286,2.977883460290402,221.96072164334234,-0.3153585514038072,0.02786443900986091,-0.004011772657951083,222.02214372055096,-18,2,0
15:18:49:207,4.295120303104403,2.976547536973849,222.00132879285027,-0.33503314751259566,0.018780218848583153,-0.0021171641084684317,222.06282417246075,-19,1,0
15:18:49:328,4.282082070185516,2.986689258529758,222.5388604938508,-0.32985967523978194,0.02469447656902803,-0.00189272927924557,222.60009202487856,-19,1,0
15:18:49:456,4.280210622122065,2.981728780669285,222.27616075547112,-0.3321003547976632,0.011096831010826487,-0.0035177929153219403,222.33736201925947,-19,1,0
15:18:49:579,4.298622903274493,2.9563711438679037,222.03149341238938,-0.3241375471389231,0.012160587484042442,-0.0013917258915199023,222.09277871227772,-19,1,0
15:18:49:704,4.295120303104403,2.976547536973849,222.00132879285027,-0.33503314751259566,0.018780218848583153,-0.0021171641084684317,222.06282417246075,-19,1,0
15:18:49:859,4.292356518158865,2.998151310686943,221.9445809717987,-0.32615121105296546,0.0214861885858923,-0.003088174306173973,222.00632932082829,-19,1,0
15:18:49:986,4.305980769125334,2.9871259622934185,222.56081720715116,-0.329213325253193,0.018708450757129496,-0.0021840693915504807,222.6225095263586,-19,1,0
15:18:50:108,4.296648427651947,2.9810958614510694,222.2420669415977,-0.3330926762477646,0.03224803262867081,-0.00048815358222698,222.30358620301112,-19,2,0
15:18:50:229,4.314305109254398,2.9948041990612118,222.95784131152416,-0.32253410974992325,0.014286730586986832,-0.0034776483285531056,223.01968765797616,-18,1,0
15:18:50:354,4.323302658462613,2.9909685560059858,222.62887322646802,-0.30532180693912203,0.031856891771794106,-0.003985576477037044,222.69093388116735,-18,2,-1
15:18:50:478,4.292356518158865,2.998151310686943,221.9445809717987,-0.32615121105296546,0.0214861885858923,-0.003088174306173973,222.00632932082829,-19,1,0
15:18:50:602,4.277628156040821,3.0034697112402258,222.22323973538224,-0.32305519511125436,0.013620269870620937,-0.004487068878423622,222.28469855443683,-19,1,0
15:18:50:771,4.326134681117106,3.011215139999172,222.617037871987,-0.31648462917536474,0.025015274143025713,-0.0030520961310629984,222.67942969389026,-18,1,0
15:18:50:888,4.314305109254398,2.9948041990612118,222.95784131152416,-0.32253410974992325,0.014286730586986832,-0.0034776483285531056,223.01968765797616,-18,1,0
15:18:51:011,4.326134681117106,3.011215139999172,222.617037871987,-0.31648462917536474,0.025015274143025713,-0.0030520961310629984,222.67942969389026,-18,1,0
15:18:51:134,4.285226747412083,2.9905036783079626,221.5499610904031,-0.3325925364426081,0.017393593440510613,-0.004236664420630326,221.61157808130383,-19,1,0
15:18:51:256,4.33685286794122,3.0218640864692534,223.17068142252077,-0.31056280545555215,0.025141886787655658,-0.003123354195622401,223.23327037417053,-18,1,0
15:18:51:382,4.329098711654818,2.989518924020963,222.6789042156259,-0.3255518062594358,0.022119566375380335,-0.0020750295110838093,222.7410440438049,-19,1,0
15:18:51:498,4.295120303104403,2.976547536973849,222.00132879285027,-0.33503314751259566,0.018780218848583153,-0.0021171641084684317,222.06282417246075,-19,1,0
15:18:51:624,4.292356518158865,2.998151310686943,221.9445809717987,-0.32615121105296546,0.0214861885858923,-0.003088174306173973,222.00632932082829,-19,1,0
15:18:51:750,4.2737170621356695,2.978890451303704,222.13204868606545,-0.33653907809609185,0.028922572842338262,-0.0006005196829520021,222.19312657982155,-19,2,0
15:18:51:873,4.311534411015618,3.016648548746181,222.90016621988698,-0.31329118427655855,0.016992661611798285,-0.00445299356623881,222.96226945000643,-18,1,0
15:18:51:998,4.326134681117106,3.011215139999172,222.617037871987,-0.31648462917536474,0.025015274143025713,-0.0030520961310629984,222.67942969389026,-18,1,0
15:18:52:121,4.295120303104403,2.976547536973849,222.00132879285027,-0.33503314751259566,0.018780218848583153,-0.0021171641084684317,222.06282417246075,-19,1,0
15:18:52:241,4.329098711654818,2.989518924020963,222.6789042156259,-0.3255518062594358,0.022119566375380335,-0.0020750295110838093,222.7410440438049,-19,1,0
15:18:52:365,4.295120303104403,2.976547536973849,222.00132879285027,-0.33503314751259566,0.018780218848583153,-0.0021171641084684317,222.06282417246075,-19,1,0
15:18:52:488,4.296648427651947,2.9810958614510694,222.2420669415977,-0.3330926762477646,0.03224803262867081,-0.00048815358222698,222.30358620301112,-19,2,0
15:18:52:612,4.329098711654818,2.989518924020963,222.6789042156259,-0.3255518062594358,0.022119566375380335,-0.0020750295110838093,222.7410440438049,-19,1,0
15:18:52:734,4.329098711654818,2.989518924020963,222.6789042156259,-0.3255518062594358,0.022119566375380335,-0.0020750295110838093,222.7410440438049,-19,1,0
15:18:52:854,4.317819359957578,2.974531999594029,222.97764333832987,-0.3113624436947292,0.007248955253283276,-0.002747061674740097,223.03928092010446,-18,0,0
15:18:52:978,4.295120303104403,2.976547536973849,222.00132879285027,-0.33503314751259566,0.018780218848583153,-0.0021171641084684317,222.06282417246075,-19,1,0
15:18:53:103,4.295120303104403,2.976547536973849,222.00132879285027,-0.33503314751259566,0.018780218848583153,-0.0021171641084684317,222.06282417246075,-19,1,0
15:18:53:228,4.295120303104403,2.976547536973849,222.00132879285027,-0.33503314751259566,0.018780218848583153,-0.0021171641084684317,222.06282417246075,-19,1,0
15:18:53:348,4.295120303104403,2.976547536973849,222.00132879285027,-0.33503314751259566,0.018780218848583153,-0.0021171641084684317,222.06282417246075,-19,1,0
15:18:53:471,4.329098711654818,2.989518924020963,222.6789042156259,-0.3255518062594358,0.022119566375380335,-0.0020750295110838093,222.7410440438049,-19,1,0
15:18:53:594,4.329098711654818,2.989518924020963,222.6789042156259,-0.3255518062594358,0.022119566375380335,-0.0020750295110838093,222.7410440438049,-19,1,0
15:18:53:716,4.314305109254398,2.9948041990612118,222.95784131152416,-0.32253410974992325,0.014286730586986832,-0.0034776483285531056,223.01968765797616,-18,1,0
15:18:53:879,4.295120303104403,2.976547536973849,222.00132879285027,-0.33503314751259566,0.018780218848583153,-0.0021171641084684317,222.06282417246075,-19,1,0
15:18:54:005,4.295120303104403,2.976547536973849,222.00132879285027,-0.33503314751259566,0.018780218848583153,-0.0021171641084684317,222.06282417246075,-19,1,0
15:18:54:171,4.292356518158865,2.998151310686943,221.9445809717987,-0.32615121105296546,0.0214861885858923,-0.003088174306173973,222.00632932082829,-19,1,0
15:18:54:290,4.292840508365751,2.956253962191775,222.0243036881722,-0.3244047733085564,0.02493743356248346,-0.003038163293265492,222.08547756514147,-19,1,0
15:18:54:443,4.326563734931334,2.9692575380192765,222.69865785731207,-0.3145560703960878,0.02870111238654365,-0.0030055527179225984,222.7604719323598,-18,2,0
15:18:54:623,4.280210622122065,2.981728780669285,222.27616075547112,-0.3321003547976632,0.011096831010826487,-0.0035177929153219403,222.33736201925947,-19,1,0
15:18:54:740,4.295120303104403,2.976547536973849,222.00132879285027,-0.33503314751259566,0.018780218848583153,-0.0021171641084684317,222.06282417246075,-19,1,0
15:18:54:864,4.329098711654818,2.989518924020963,222.6789042156259,-0.3255518062594358,0.022119566375380335,-0.0020750295110838093,222.7410440438049,-19,1,0
15:18:54:989,4.326563734931334,2.9692575380192765,222.69865785731207,-0.3145560703960878,0.02870111238654365,-0.0030055527179225984,222.7604719323598,-18,2,0
15:18:55:111,4.320616645681081,2.9816720072238434,222.2719491227008,-0.33237998113290373,0.026399819028708204,-0.0007809260117849005,222.33393232469507,-19,1,0
15:18:55:239,4.292356518158865,2.998151310686943,221.9445809717987,-0.32615121105296546,0.0214861885858923,-0.003088174306173973,222.00632932082829,-19,1,0
15:18:55:357,4.298586968609419,2.953765339419774,221.94423273985203,-0.3358442862984533,0.009282358496786342,-0.0004038378227631316,222.0055067472171,-19,1,0
15:18:55:479,4.295120303104403,2.976547536973849,222.00132879285027,-0.33503314751259566,0.018780218848583153,-0.0021171641084684317,222.06282417246075,-19,1,0
15:18:55:608,4.2630542293294456,2.9683804321673932,221.57361632698402,-0.34224459728334783,0.028695105532176836,-0.000535225270975499,221.63450174999784,-20,2,0
15:18:55:723,4.292356518158865,2.998151310686943,221.9445809717987,-0.32615121105296546,0.0214861885858923,-0.003088174306173973,222.00632932082829,-19,1,0
15:18:55:852,4.295120303104403,2.976547536973849,222.00132879285027,-0.33503314751259566,0.018780218848583153,-0.0021171641084684317,222.06282417246075,-19,1,0
15:18:55:971,4.292356518158865,2.998151310686943,221.9445809717987,-0.32615121105296546,0.0214861885858923,-0.003088174306173973,222.00632932082829,-19,1,0
15:18:56:095,4.295120303104403,2.976547536973849,222.00132879285027,-0.33503314751259566,0.018780218848583153,-0.0021171641084684317,222.06282417246075,-19,1,0
15:18:56:219,4.295120303104403,2.976547536973849,222.00132879285027,-0.33503314751259566,0.018780218848583153,-0.0021171641084684317,222.06282417246075,-19,1,0
15:18:56:343,4.295120303104403,2.976547536973849,222.00132879285027,-0.33503314751259566,0.018780218848583153,-0.0021171641084684317,222.06282417246075,-19,1,0
15:18:56:476,4.292356518158865,2.998151310686943,221.9445809717987,-0.32615121105296546,0.0214861885858923,-0.003088174306173973,222.00632932082829,-19,1,0
15:18:56:606,4.350931200220749,3.014583107666743,222.899356828231,-0.33392285914775993,0.03618211167399393,-0.0014606119564541979,222.96219766601945,-19,2,0
15:18:56:751,4.259764235888567,2.9885813148784206,221.53133544626286,-0.35252411016438145,0.03446278765404908,-0.0012586166189000603,221.5924407425164,-20,2,0
15:18:56:879,4.2630542293294456,2.9683804321673932,221.57361632698402,-0.34224459728334783,0.028695105532176836,-0.000535225270975499,221.63450174999784,-20,2,0
15:18:56:993,4.295120303104403,2.976547536973849,222.00132879285027,-0.33503314751259566,0.018780218848583153,-0.0021171641084684317,222.06282417246075,-19,1,0
15:18:57:121,4.295120303104403,2.976547536973849,222.00132879285027,-0.33503314751259566,0.018780218848583153,-0.0021171641084684317,222.06282417246075,-19,1,0
15:18:57:242,4.320616645681081,2.9816720072238434,222.2719491227008,-0.33237998113290373,0.026399819028708204,-0.0007809260117849005,222.33393232469507,-19,1,0
15:18:57:465,4.295120303104403,2.976547536973849,222.00132879285027,-0.33503314751259566,0.018780218848583153,-0.0021171641084684317,222.06282417246075,-19,1,0
15:18:57:634,4.295120303104403,2.976547536973849,222.00132879285027,-0.33503314751259566,0.018780218848583153,-0.0021171641084684317,222.06282417246075,-19,1,0
15:18:57:780,4.295120303104403,2.976547536973849,222.00132879285027,-0.33503314751259566,0.018780218848583153,-0.0021171641084684317,222.06282417246075,-19,1,0
15:18:57:903,4.295120303104403,2.976547536973849,222.00132879285027,-0.33503314751259566,0.018780218848583153,-0.0021171641084684317,222.06282417246075,-19,1,0
15:18:58:023,4.292356518158865,2.998151310686943,221.9445809717987,-0.32615121105296546,0.0214861885858923,-0.003088174306173973,222.00632932082829,-19,1,0
15:18:58:149,4.281859199266523,3.001860713780309,222.08209802342935,-0.3152202140594637,6.874762526260062e-06,-0.0019507997375239946,222.14365565650388,-18,0,0
15:18:58:266,4.295120303104403,2.976547536973849,222.00132879285027,-0.33503314751259566,0.018780218848583153,-0.0021171641084684317,222.06282417246075,-19,1,0
15:18:58:386,err,err,err,err,err,err,err,err,err,err
15:18:58:513,4.2932416045219455,3.019953500331694,221.89316556912468,-0.3168657479184758,0.018368221768513878,-0.002283056060131395,221.95524091335608,-18,1,0
15:18:58:639,4.326134681117106,3.011215139999172,222.617037871987,-0.31648462917536474,0.025015274143025713,-0.0030520961310629984,222.67942969389026,-18,1,0
15:18:58:762,4.330854437158864,3.010269607241728,222.50666386229895,-0.3079777253281562,0.011602405046606206,-0.00052375789252236,222.56916562361965,-18,1,0
15:18:58:883,4.312293610367556,3.0385013571344364,222.83801565740632,-0.3038733268437131,0.013767203918138056,-0.0036429943858896532,222.900447708859,-17,1,0
15:18:59:007,4.351901299267506,3.038229451279165,222.82315292881702,-0.30432883892127477,0.030401341615140805,-0.0009219246223421559,222.88635526710954,-17,2,0
15:18:59:130,4.295991713823455,2.9982369568016436,221.9498793237854,-0.32598064027213497,0.015693269950779517,-0.001309870274306232,222.0116976681573,-19,1,0
15:18:59:250,4.2932416045219455,3.019953500331694,221.89316556912468,-0.3168657479184758,0.018368221768513878,-0.002283056060131395,221.95524091335608,-18,1,0
15:18:59:416,err,err,err,err,err,err,err,err,err,err
15:18:59:624,4.281859199266523,3.001860713780309,222.08209802342935,-0.3152202140594637,6.874762526260062e-06,-0.0019507997375239946,222.14365565650388,-18,0,0
15:18:59:745,4.2932416045219455,3.019953500331694,221.89316556912468,-0.3168657479184758,0.018368221768513878,-0.002283056060131395,221.95524091335608,-18,1,0
15:18:59:864,4.317546097424882,3.0031499998605575,222.20590427153397,-0.3236491444750701,0.0293282451329531,-0.0017557092549718412,222.26813538461866,-19,2,0
15:18:59:989,4.281030834604536,3.003298225495427,222.21539063076105,-0.3231745094186465,0.00778329254962899,-0.002703783263864765,222.27691481217707,-19,0,0
15:19:00:109,4.312293610367556,3.0385013571344364,222.83801565740632,-0.3038733268437131,0.013767203918138056,-0.0036429943858896532,222.900447708859,-17,1,0
15:19:00:238,4.3183950443033625,3.025080382947711,222.15816396271035,-0.31422761103503344,0.02638504943956967,-0.0009554701166774029,222.2207223963698,-18,1,0
15:19:00:358,4.278467582500095,3.025147500924802,222.16226045561922,-0.3138998511455206,0.010256642933019035,-0.003674959777283687,222.22404634289072,-18,1,0
15:19:00:484,4.311534411015618,3.016648548746181,222.90016621988698,-0.31329118427655855,0.016992661611798285,-0.00445299356623881,222.96226945000643,-18,1,0
15:19:00:603,4.2932416045219455,3.019953500331694,221.89316556912468,-0.3168657479184758,0.018368221768513878,-0.002283056060131395,221.95524091335608,-18,1,0
15:19:00:728,4.260824741658735,3.0114812088673766,221.4644065994441,-0.32459640005499335,0.02894563565616244,-0.0007060675405536573,221.52586087631934,-19,2,0
15:19:00:849,4.295120303104403,2.976547536973849,222.00132879285027,-0.33503314751259566,0.018780218848583153,-0.0021171641084684317,222.06282417246075,-19,1,0
15:19:00:980,4.312293610367556,3.0385013571344364,222.83801565740632,-0.3038733268437131,0.013767203918138056,-0.0036429943858896532,222.900447708859,-17,1,0
15:19:01:100,4.288952614829283,2.994959138141185,221.78565982781743,-0.3308083379058886,0.03373456660976226,0.0016015966514906965,221.84734345948732,-19,2,0
15:19:01:221,4.326936585908777,3.0331985371090524,222.56472950259428,-0.30692244070160496,0.022052677050863875,-0.0022494793053643475,222.62744999695556,-18,1,0
15:19:01:405,4.286913975275641,3.0368978343145203,222.87710377147587,-0.32409387457330385,0.03267283377026385,-0.0006688109355958234,222.93901355628338,-19,2,0
15:19:01:554,4.295991713823455,2.9982369568016436,221.9498793237854,-0.32598064027213497,0.015693269950779517,-0.001309870274306232,222.0116976681573,-19,1,0
15:19:01:673,4.312293610367556,3.0385013571344364,222.83801565740632,-0.3038733268437131,0.013767203918138056,-0.0036429943858896532,222.900447708859,-17,1,0
15:19:01:795,4.277628156040821,3.0034697112402258,222.22323973538224,-0.32305519511125436,0.013620269870620937,-0.004487068878423622,222.28469855443683,-19,1,0
15:19:01:918,4.301396020159649,3.0327171002428632,222.53978087367716,-0.30729246775233693,0.03731892854864819,0.0004699650995420523,222.60200684638178,-18,2,0
15:19:02:040,4.326936585908777,3.0331985371090524,222.56472950259428,-0.30692244070160496,0.022052677050863875,-0.0022494793053643475,222.62744999695556,-18,1,0
15:19:02:165,4.303102325184279,3.008757413955604,222.49921845184747,-0.32030315888379035,0.02145635847094895,-0.0031574005423600023,222.5611635539318,-18,1,0
15:19:02:282,4.3183950443033625,3.025080382947711,222.15816396271035,-0.31422761103503344,0.02638504943956967,-0.0009554701166774029,222.2207223963698,-18,1,0
15:19:02:419,4.312293610367556,3.0385013571344364,222.83801565740632,-0.3038733268437131,0.013767203918138056,-0.0036429943858896532,222.900447708859,-17,1,0
15:19:02:546,4.295991713823455,2.9982369568016436,221.9498793237854,-0.32598064027213497,0.015693269950779517,-0.001309870274306232,222.0116976681573,-19,1,0
15:19:02:758,4.2932416045219455,3.019953500331694,221.89316556912468,-0.3168657479184758,0.018368221768513878,-0.002283056060131395,221.95524091335608,-18,1,0
15:19:02:908,4.31835685553485,2.9930954492552813,222.81134177889302,-0.3148611099682535,0.0007985435190554037,-0.0009346721279641876,222.87328429313993,-18,0,0
15:19:03:079,4.351901299267506,3.038229451279165,222.82315292881702,-0.30432883892127477,0.030401341615140805,-0.0009219246223421559,222.88635526710954,-17,2,0
15:19:03:237,4.322303987396064,3.0077531246457574,222.44715284295287,-0.32144142970623796,0.03773437189919137,0.001646586296265252,222.50947103113234,-18,2,0
15:19:03:511,4.321464608396101,3.003494098412013,222.22436470826932,-0.32318466782338257,0.023471513561075727,2.164735335417007e-05,222.2866714473783,-19,1,0
15:19:03:644,4.340681606529102,3.0220431836057897,223.18075613079796,-0.3103020270802317,0.019173910888458476,-0.0013369796595158116,223.24341909433198,-18,1,0
15:19:03:791,4.33757420386674,3.0438634696903235,223.11276193535033,-0.30098344370769725,0.022117380181883008,-0.0023186781204518887,223.1756801114684,-17,1,0
15:19:03:936,4.2932416045219455,3.019953500331694,221.89316556912468,-0.3168657479184758,0.018368221768513878,-0.002283056060131395,221.95524091335608,-18,1,0
15:19:04:083,4.280210622122065,2.981728780669285,222.27616075547112,-0.3321003547976632,0.011096831010826487,-0.0035177929153219403,222.33736201925947,-19,1,0
15:19:04:227,4.278467582500095,3.025147500924802,222.16226045561922,-0.3138998511455206,0.010256642933019035,-0.003674959777283687,222.22404634289072,-18,1,0
15:19:04:384,4.271291638941288,3.022045472425424,222.01330863550132,-0.31883690261043346,0.029200491404005314,-0.0007720013592299917,222.07495559469254,-18,2,0
15:19:04:501,4.2932416045219455,3.019953500331694,221.89316556912468,-0.3168657479184758,0.018368221768513878,-0.002283056060131395,221.95524091335608,-18,1,0
15:19:04:622,4.351901299267506,3.038229451279165,222.82315292881702,-0.30432883892127477,0.030401341615140805,-0.0009219246223421559,222.88635526710954,-17,2,0
15:19:04:746,4.312293610367556,3.0385013571344364,222.83801565740632,-0.3038733268437131,0.013767203918138056,-0.0036429943858896532,222.900447708859,-17,1,0
15:19:04:868,4.278467582500095,3.025147500924802,222.16226045561922,-0.3138998511455206,0.010256642933019035,-0.003674959777283687,222.22404634289072,-18,1,0
15:19:04:993,4.33685286794122,3.0218640864692534,223.17068142252077,-0.31056280545555215,0.025141886787655658,-0.003123354195622401,223.23327037417053,-18,1,0
15:19:05:113,4.280210622122065,2.981728780669285,222.27616075547112,-0.3321003547976632,0.011096831010826487,-0.0035177929153219403,222.33736201925947,-19,1,0
15:19:05:240,4.29410427587323,3.024435870879543,222.12612720821403,-0.31503157096170087,0.03288109861041128,-0.0006673854987230119,222.1882151068972,-18,2,0
15:19:05:362,4.296099460905547,2.9754825224266233,221.89436355807166,-0.3268650551774693,0.011716426689465218,-0.001374262649289906,221.95589324381757,-19,1,0
15:19:05:490,4.263899835849761,2.99007142167317,221.52954207413495,-0.33328518299440546,0.02592100182793597,0.0002667535095989478,221.59074750650757,-19,1,0
15:19:05:609,4.278467582500095,3.025147500924802,222.16226045561922,-0.3138998511455206,0.010256642933019035,-0.003674959777283687,222.22404634289072,-18,1,0
15:19:05:732,4.311534411015618,3.016648548746181,222.90016621988698,-0.31329118427655855,0.016992661611798285,-0.00445299356623881,222.96226945000643,-18,1,0
15:19:05:857,4.2932416045219455,3.019953500331694,221.89316556912468,-0.3168657479184758,0.018368221768513878,-0.002283056060131395,221.95524091335608,-18,1,0
15:19:05:979,4.278467582500095,3.025147500924802,222.16226045561922,-0.3138998511455206,0.010256642933019035,-0.003674959777283687,222.22404634289072,-18,1,0
15:19:06:138,4.307987524218452,3.013549865694337,222.75073882172902,-0.3180570731382981,0.029983256156543726,0.0002457197964194365,222.8127731637663,-18,2,0
15:19:06:259,4.306792089151911,3.008844817300335,222.50453560646343,-0.3201270234590385,0.015547774553687969,-0.0013748504331576373,222.56655177874714,-18,1,0
15:19:06:384,4.2932416045219455,3.019953500331694,221.89316556912468,-0.3168657479184758,0.018368221768513878,-0.002283056060131395,221.95524091335608,-18,1,0
15:19:06:508,err,err,err,err,err,err,err,err,err,err
15:19:06:627,4.322303987396064,3.0077531246457574,222.44715284295287,-0.32144142970623796,0.03773437189919137,0.001646586296265252,222.50947103113234,-18,2,0
15:19:06:785,4.281030834604536,3.003298225495427,222.21539063076105,-0.3231745094186465,0.00778329254962899,-0.002703783263864765,222.27691481217707,-19,0,0
15:19:06:919,4.278467582500095,3.025147500924802,222.16226045561922,-0.3138998511455206,0.010256642933019035,-0.003674959777283687,222.22404634289072,-18,1,0
15:19:07:038,4.28723885663782,3.0386565184976586,222.8450254142577,-0.3036460730082316,0.029268162084338203,-0.0009293653923100285,222.9069743241167,-17,2,0
15:19:07:163,4.306792089151911,3.008844817300335,222.50453560646343,-0.3201270234590385,0.015547774553687969,-0.0013748504331576373,222.56655177874714,-18,1,0
15:19:07:285,4.295991713823455,2.9982369568016436,221.9498793237854,-0.32598064027213497,0.015693269950779517,-0.001309870274306232,222.0116976681573,-19,1,0
15:19:07:449,4.274501577176828,3.0006199823752544,222.0837248688889,-0.32753887563619194,0.026103932634688097,0.00020312854717793107,222.1451235918814,-19,1,0
15:19:07:575,4.3183950443033625,3.025080382947711,222.15816396271035,-0.31422761103503344,0.02638504943956967,-0.0009554701166774029,222.2207223963698,-18,1,0
15:19:07:700,4.303922129695658,3.030582637292267,222.44262826808458,-0.3109911026824155,0.01826116129124502,-0.0023502713584992695,222.50490117665544,-18,1,0
15:19:07:821,4.280210622122065,2.981728780669285,222.27616075547112,-0.3321003547976632,0.011096831010826487,-0.0035177929153219403,222.33736201925947,-19,1,0
15:19:07:948,4.29410427587323,3.024435870879543,222.12612720821403,-0.31503157096170087,0.03288109861041128,-0.0006673854987230119,222.1882151068972,-18,2,0
15:19:08:064,4.3183950443033625,3.025080382947711,222.15816396271035,-0.31422761103503344,0.02638504943956967,-0.0009554701166774029,222.2207223963698,-18,1,0
15:19:08:190,4.33757420386674,3.0438634696903235,223.11276193535033,-0.30098344370769725,0.022117380181883008,-0.0023186781204518887,223.1756801114684,-17,1,0
15:19:08:316,4.326936585908777,3.0331985371090524,222.56472950259428,-0.30692244070160496,0.022052677050863875,-0.0022494793053643475,222.62744999695556,-18,1,0
15:19:08:435,4.278467582500095,3.025147500924802,222.16226045561922,-0.3138998511455206,0.010256642933019035,-0.003674959777283687,222.22404634289072,-18,1,0
15:19:08:587,4.281030834604536,3.003298225495427,222.21539063076105,-0.3231745094186465,0.00778329254962899,-0.002703783263864765,222.27691481217707,-19,0,0
15:19:08:727,4.303922129695658,3.030582637292267,222.44262826808458,-0.3109911026824155,0.01826116129124502,-0.0023502713584992695,222.50490117665544,-18,1,0
15:19:08:842,4.267661624136564,2.9675439438207594,221.4842676712161,-0.3339666190526609,0.01629794329107133,0.0019761143620569493,221.5452551481334,-19,1,0
15:19:08:972,4.303922129695658,3.030582637292267,222.44262826808458,-0.3109911026824155,0.01826116129124502,-0.0023502713584992695,222.50490117665544,-18,1,0
15:19:09:097,4.281030834604536,3.003298225495427,222.21539063076105,-0.3231745094186465,0.00778329254962899,-0.002703783263864765,222.27691481217707,-19,0,0
15:19:09:219,4.33757420386674,3.0438634696903235,223.11276193535033,-0.30098344370769725,0.022117380181883008,-0.0023186781204518887,223.1756801114684,-17,1,0
15:19:09:338,4.281030834604536,3.003298225495427,222.21539063076105,-0.3231745094186465,0.00778329254962899,-0.002703783263864765,222.27691481217707,-19,0,0
15:19:09:461,4.3183950443033625,3.025080382947711,222.15816396271035,-0.31422761103503344,0.02638504943956967,-0.0009554701166774029,222.2207223963698,-18,1,0
15:19:09:583,4.3183950443033625,3.025080382947711,222.15816396271035,-0.31422761103503344,0.02638504943956967,-0.0009554701166774029,222.2207223963698,-18,1,0
15:19:09:704,4.263899835849761,2.99007142167317,221.52954207413495,-0.33328518299440546,0.02592100182793597,0.0002667535095989478,221.59074750650757,-19,1,0
15:19:09:832,4.306792089151911,3.008844817300335,222.50453560646343,-0.3201270234590385,0.015547774553687969,-0.0013748504331576373,222.56655177874714,-18,1,0
15:19:09:950,4.326936585908777,3.0331985371090524,222.56472950259428,-0.30692244070160496,0.022052677050863875,-0.0022494793053643475,222.62744999695556,-18,1,0
15:19:10:076,4.297415887557346,3.002957495929206,222.1973722482588,-0.32388067534381126,0.029628752064181165,0.0003114492981383354,222.25921301728818,-19,2,0
15:19:10:200,4.295991713823455,2.9982369568016436,221.9498793237854,-0.32598064027213497,0.015693269950779517,-0.001309870274306232,222.0116976681573,-19,1,0
15:19:10:316,4.315057993837568,3.016545879110708,222.8961555763741,-0.31335714544386395,0.011093981364796949,-0.002665521054628527,222.95832670088402,-18,1,0
15:19:10:446,4.33757420386674,3.0438634696903235,223.11276193535033,-0.30098344370769725,0.022117380181883008,-0.0023186781204518887,223.1756801114684,-17,1,0
15:19:10:566,4.281030834604536,3.003298225495427,222.21539063076105,-0.3231745094186465,0.00778329254962899,-0.002703783263864765,222.27691481217707,-19,0,0
15:19:10:689,4.288952614829283,2.994959138141185,221.78565982781743,-0.3308083379058886,0.03373456660976226,0.0016015966514906965,221.84734345948732,-19,2,0
15:19:10:856,4.2932416045219455,3.019953500331694,221.89316556912468,-0.3168657479184758,0.018368221768513878,-0.002283056060131395,221.95524091335608,-18,1,0
15:19:10:977,4.295991713823455,2.9982369568016436,221.9498793237854,-0.32598064027213497,0.015693269950779517,-0.001309870274306232,222.0116976681573,-19,1,0
15:19:11:098,4.314305109254398,2.9948041990612118,222.95784131152416,-0.32253410974992325,0.014286730586986832,-0.0034776483285531056,223.01968765797616,-18,1,0
15:19:11:225,4.3183950443033625,3.025080382947711,222.15816396271035,-0.31422761103503344,0.02638504943956967,-0.0009554701166774029,222.2207223963698,-18,1,0
15:19:11:343,4.351901299267506,3.038229451279165,222.82315292881702,-0.30432883892127477,0.030401341615140805,-0.0009219246223421559,222.88635526710954,-17,2,0
15:19:11:471,4.322303987396064,3.0077531246457574,222.44715284295287,-0.32144142970623796,0.03773437189919137,0.001646586296265252,222.50947103113234,-18,2,0
15:19:11:591,4.33757420386674,3.0438634696903235,223.11276193535033,-0.30098344370769725,0.022117380181883008,-0.0023186781204518887,223.1756801114684,-17,1,0
15:19:11:717,4.322303987396064,3.0077531246457574,222.44715284295287,-0.32144142970623796,0.03773437189919137,0.001646586296265252,222.50947103113234,-18,2,0
15:19:11:841,4.3183950443033625,3.025080382947711,222.15816396271035,-0.31422761103503344,0.02638504943956967,-0.0009554701166774029,222.2207223963698,-18,1,0
15:19:11:959,4.295991713823455,2.9982369568016436,221.9498793237854,-0.32598064027213497,0.015693269950779517,-0.001309870274306232,222.0116976681573,-19,1,0
15:19:12:086,4.3183950443033625,3.025080382947711,222.15816396271035,-0.31422761103503344,0.02638504943956967,-0.0009554701166774029,222.2207223963698,-18,1,0
15:19:12:253,4.33757420386674,3.0438634696903235,223.11276193535033,-0.30098344370769725,0.022117380181883008,-0.0023186781204518887,223.1756801114684,-17,1,0
15:19:12:368,4.306792089151911,3.008844817300335,222.50453560646343,-0.3201270234590385,0.015547774553687969,-0.0013748504331576373,222.56655177874714,-18,1,0
15:19:12:491,4.278467582500095,3.025147500924802,222.16226045561922,-0.3138998511455206,0.010256642933019035,-0.003674959777283687,222.22404634289072,-18,1,0
15:19:12:616,4.246293476167172,3.0170164560192725,221.75275542636834,-0.32139022037664927,0.02113243384064772,-0.0021004515721813086,221.81392637922525,-18,1,0
15:19:12:743,4.277628156040821,3.0034697112402258,222.22323973538224,-0.32305519511125436,0.013620269870620937,-0.004487068878423622,222.28469855443683,-19,1,0
15:19:12:858,4.2932416045219455,3.019953500331694,221.89316556912468,-0.3168657479184758,0.018368221768513878,-0.002283056060131395,221.95524091335608,-18,1,0
15:19:12:985,4.3183950443033625,3.025080382947711,222.15816396271035,-0.31422761103503344,0.02638504943956967,-0.0009554701166774029,222.2207223963698,-18,1,0
15:19:13:106,4.321464608396101,3.003494098412013,222.22436470826932,-0.32318466782338257,0.023471513561075727,2.164735335417007e-05,222.2866714473783,-19,1,0
15:19:13:227,4.278467582500095,3.025147500924802,222.16226045561922,-0.3138998511455206,0.010256642933019035,-0.003674959777283687,222.22404634289072,-18,1,0
15:19:13:354,4.281030834604536,3.003298225495427,222.21539063076105,-0.3231745094186465,0.00778329254962899,-0.002703783263864765,222.27691481217707,-19,0,0
15:19:13:476,4.281030834604536,3.003298225495427,222.21539063076105,-0.3231745094186465,0.00778329254962899,-0.002703783263864765,222.27691481217707,-19,0,0
15:19:13:601,4.277628156040821,3.0034697112402258,222.22323973538224,-0.32305519511125436,0.013620269870620937,-0.004487068878423622,222.28469855443683,-19,1,0
15:19:13:724,4.33685286794122,3.0218640864692534,223.17068142252077,-0.31056280545555215,0.025141886787655658,-0.003123354195622401,223.23327037417053,-18,1,0
15:19:13:845,4.31767727306107,2.971608707519717,222.8852234346861,-0.323728935430537,0.004326979625804032,-0.0017510567301923857,222.94684483274227,-19,0,0
15:19:13:973,4.329098711654818,2.989518924020963,222.6789042156259,-0.3255518062594358,0.022119566375380335,-0.0020750295110838093,222.7410440438049,-19,1,0
15:19:14:100,4.246293476167172,3.0170164560192725,221.75275542636834,-0.32139022037664927,0.02113243384064772,-0.0021004515721813086,221.81392637922525,-18,1,0
15:19:14:217,4.267661624136564,2.9675439438207594,221.4842676712161,-0.3339666190526609,0.01629794329107133,0.0019761143620569493,221.5452551481334,-19,1,0
15:19:14:341,err,err,err,err,err,err,err,err,err,err
15:19:14:460,4.292356518158865,2.998151310686943,221.9445809717987,-0.32615121105296546,0.0214861885858923,-0.003088174306173973,222.00632932082829,-19,1,0
15:19:14:587,4.326134681117106,3.011215139999172,222.617037871987,-0.31648462917536474,0.025015274143025713,-0.0030520961310629984,222.67942969389026,-18,1,0
15:19:14:704,4.288952614829283,2.994959138141185,221.78565982781743,-0.3308083379058886,0.03373456660976226,0.0016015966514906965,221.84734345948732,-19,2,0
15:19:14:827,4.295991713823455,2.9982369568016436,221.9498793237854,-0.32598064027213497,0.015693269950779517,-0.001309870274306232,222.0116976681573,-19,1,0
15:19:14:953,4.303102325184279,3.008757413955604,222.49921845184747,-0.32030315888379035,0.02145635847094895,-0.0031574005423600023,222.5611635539318,-18,1,0
15:19:15:101,4.351901299267506,3.038229451279165,222.82315292881702,-0.30432883892127477,0.030401341615140805,-0.0009219246223421559,222.88635526710954,-17,2,0
15:19:15:242,4.278467582500095,3.025147500924802,222.16226045561922,-0.3138998511455206,0.010256642933019035,-0.003674959777283687,222.22404634289072,-18,1,0
15:19:15:400,4.307736536471332,3.0076052178917445,222.38024302368268,-0.31200935691482096,0.007820281880639676,-0.0006259983212202206,222.44229537227517,-18,0,0
15:19:15:528,4.355221666546796,3.016573784285931,222.8958850951875,-0.31345441155542364,0.027251367794535214,6.143612560042791e-05,222.95883760355372,-18,2,0
15:19:15:649,4.263899835849761,2.99007142167317,221.52954207413495,-0.33328518299440546,0.02592100182793597,0.0002667535095989478,221.59074750650757,-19,1,0
15:19:15:777,4.340681606529102,3.0220431836057897,223.18075613079796,-0.3103020270802317,0.019173910888458476,-0.0013369796595158116,223.24341909433198,-18,1,0
15:19:15:895,4.278467582500095,3.025147500924802,222.16226045561922,-0.3138998511455206,0.010256642933019035,-0.003674959777283687,222.22404634289072,-18,1,0
15:19:16:017,4.278467582500095,3.025147500924802,222.16226045561922,-0.3138998511455206,0.010256642933019035,-0.003674959777283687,222.22404634289072,-18,1,0
15:19:16:144,4.3183950443033625,3.025080382947711,222.15816396271035,-0.31422761103503344,0.02638504943956967,-0.0009554701166774029,222.2207223963698,-18,1,0
15:19:16:262,4.278467582500095,3.025147500924802,222.16226045561922,-0.3138998511455206,0.010256642933019035,-0.003674959777283687,222.22404634289072,-18,1,0
15:19:16:390,4.351901299267506,3.038229451279165,222.82315292881702,-0.30432883892127477,0.030401341615140805,-0.0009219246223421559,222.88635526710954,-17,2,0
15:19:16:507,4.2932416045219455,3.019953500331694,221.89316556912468,-0.3168657479184758,0.018368221768513878,-0.002283056060131395,221.95524091335608,-18,1,0
15:19:16:635,4.315057993837568,3.016545879110708,222.8961555763741,-0.31335714544386395,0.011093981364796949,-0.002665521054628527,222.95832670088402,-18,1,0
15:19:16:757,4.276787548749793,3.027996914641055,222.2966393763476,-0.30959414537892566,0.02900413658588845,-0.0008614302695688168,222.35839438858645,-18,2,0
15:19:16:880,4.2932416045219455,3.019953500331694,221.89316556912468,-0.3168657479184758,0.018368221768513878,-0.002283056060131395,221.95524091335608,-18,1,0
15:19:17:005,4.303922129695658,3.030582637292267,222.44262826808458,-0.3109911026824155,0.01826116129124502,-0.0023502713584992695,222.50490117665544,-18,1,0
15:19:17:126,4.280210622122065,2.981728780669285,222.27616075547112,-0.3321003547976632,0.011096831010826487,-0.0035177929153219403,222.33736201925947,-19,1,0
15:19:17:250,4.329901068620116,3.011387003714468,222.62683528983814,-0.31623447238120933,0.0191690327971019,-0.0012699802177146046,222.6892998913933,-18,1,0
15:19:17:369,4.246293476167172,3.0170164560192725,221.75275542636834,-0.32139022037664927,0.02113243384064772,-0.0021004515721813086,221.81392637922525,-18,1,0
15:19:17:497,4.281030834604536,3.003298225495427,222.21539063076105,-0.3231745094186465,0.00778329254962899,-0.002703783263864765,222.27691481217707,-19,0,0
15:19:17:661,4.295991713823455,2.9982369568016436,221.9498793237854,-0.32598064027213497,0.015693269950779517,-0.001309870274306232,222.0116976681573,-19,1,0
15:19:17:789,4.2932416045219455,3.019953500331694,221.89316556912468,-0.3168657479184758,0.018368221768513878,-0.002283056060131395,221.95524091335608,-18,1,0
15:19:17:903,4.326936585908777,3.0331985371090524,222.56472950259428,-0.30692244070160496,0.022052677050863875,-0.0022494793053643475,222.62744999695556,-18,1,0
15:19:18:034,4.297415887557346,3.002957495929206,222.1973722482588,-0.32388067534381126,0.029628752064181165,0.0003114492981383354,222.25921301728818,-19,2,0
15:19:18:147,4.278467582500095,3.025147500924802,222.16226045561922,-0.3138998511455206,0.010256642933019035,-0.003674959777283687,222.22404634289072,-18,1,0
15:19:18:275,4.2932416045219455,3.019953500331694,221.89316556912468,-0.3168657479184758,0.018368221768513878,-0.002283056060131395,221.95524091335608,-18,1,0
15:19:18:395,4.3183950443033625,3.025080382947711,222.15816396271035,-0.31422761103503344,0.02638504943956967,-0.0009554701166774029,222.2207223963698,-18,1,0
15:19:18:521,4.249182853830045,2.9954579709335936,221.8135627978928,-0.33024721125771567,0.01827960474889151,-0.0011291789327101552,221.8744802010264,-19,1,0
15:19:18:642,4.326936585908777,3.0331985371090524,222.56472950259428,-0.30692244070160496,0.022052677050863875,-0.0022494793053643475,222.62744999695556,-18,1,0
15:19:18:765,4.292356518158865,2.998151310686943,221.9445809717987,-0.32615121105296546,0.0214861885858923,-0.003088174306173973,222.00632932082829,-19,1,0
15:19:18:890,4.355221666546796,3.016573784285931,222.8958850951875,-0.31345441155542364,0.027251367794535214,6.143612560042791e-05,222.95883760355372,-18,2,0
15:19:19:007,4.2932416045219455,3.019953500331694,221.89316556912468,-0.3168657479184758,0.018368221768513878,-0.002283056060131395,221.95524091335608,-18,1,0
15:19:19:140,4.3183950443033625,3.025080382947711,222.15816396271035,-0.31422761103503344,0.02638504943956967,-0.0009554701166774029,222.2207223963698,-18,1,0
15:19:19:299,4.340681606529102,3.0220431836057897,223.18075613079796,-0.3103020270802317,0.019173910888458476,-0.0013369796595158116,223.24341909433198,-18,1,0
15:19:19:417,4.3183950443033625,3.025080382947711,222.15816396271035,-0.31422761103503344,0.02638504943956967,-0.0009554701166774029,222.2207223963698,-18,1,0
15:19:19:546,4.31835685553485,2.9930954492552813,222.81134177889302,-0.3148611099682535,0.0007985435190554037,-0.0009346721279641876,222.87328429313993,-18,0,0
15:19:19:666,4.329901068620116,3.011387003714468,222.62683528983814,-0.31623447238120933,0.0191690327971019,-0.0012699802177146046,222.6892998913933,-18,1,0
15:19:19:790,4.281030834604536,3.003298225495427,222.21539063076105,-0.3231745094186465,0.00778329254962899,-0.002703783263864765,222.27691481217707,-19,0,0
15:19:19:911,4.3183950443033625,3.025080382947711,222.15816396271035,-0.31422761103503344,0.02638504943956967,-0.0009554701166774029,222.2207223963698,-18,1,0
15:19:20:036,4.2932416045219455,3.019953500331694,221.89316556912468,-0.3168657479184758,0.018368221768513878,-0.002283056060131395,221.95524091335608,-18,1,0
15:19:20:162,4.351901299267506,3.038229451279165,222.82315292881702,-0.30432883892127477,0.030401341615140805,-0.0009219246223421559,222.88635526710954,-17,2,0
15:19:20:281,4.355221666546796,3.016573784285931,222.8958850951875,-0.31345441155542364,0.027251367794535214,6.143612560042791e-05,222.95883760355372,-18,2,0
15:19:20:407,4.278467582500095,3.025147500924802,222.16226045561922,-0.3138998511455206,0.010256642933019035,-0.003674959777283687,222.22404634289072,-18,1,0
15:19:20:531,4.306792089151911,3.008844817300335,222.50453560646343,-0.3201270234590385,0.015547774553687969,-0.0013748504331576373,222.56655177874714,-18,1,0
15:19:20:656,4.31835685553485,2.9930954492552813,222.81134177889302,-0.3148611099682535,0.0007985435190554037,-0.0009346721279641876,222.87328429313993,-18,0,0
15:19:20:822,4.292356518158865,2.998151310686943,221.9445809717987,-0.32615121105296546,0.0214861885858923,-0.003088174306173973,222.00632932082829,-19,1,0
15:19:20:940,4.260824741658735,3.0114812088673766,221.4644065994441,-0.32459640005499335,0.02894563565616244,-0.0007060675405536573,221.52586087631934,-19,2,0
15:19:21:066,4.281030834604536,3.003298225495427,222.21539063076105,-0.3231745094186465,0.00778329254962899,-0.002703783263864765,222.27691481217707,-19,0,0
15:19:21:184,4.2932416045219455,3.019953500331694,221.89316556912468,-0.3168657479184758,0.018368221768513878,-0.002283056060131395,221.95524091335608,-18,1,0
15:19:21:307,4.2932416045219455,3.019953500331694,221.89316556912468,-0.3168657479184758,0.018368221768513878,-0.002283056060131395,221.95524091335608,-18,1,0
15:19:21:432,4.351901299267506,3.038229451279165,222.82315292881702,-0.30432883892127477,0.030401341615140805,-0.0009219246223421559,222.88635526710954,-17,2,0
15:19:21:610,4.248366847426906,2.973853172208442,221.86548904354314,-0.33911482216277306,0.021264416812593886,-0.0019373950264966122,221.92608601083995,-19,1,0
15:19:21:759,4.33757420386674,3.0438634696903235,223.11276193535033,-0.30098344370769725,0.022117380181883008,-0.0023186781204518887,223.1756801114684,-17,1,0
15:19:21:881,4.321464608396101,3.003494098412013,222.22436470826932,-0.32318466782338257,0.023471513561075727,2.164735335417007e-05,222.2866714473783,-19,1,0
15:19:22:003,4.281091919134076,2.980432154288348,222.15511709702767,-0.32408365614427465,0.003696228242531642,-0.0027670261533793063,222.21635128009925,-19,0,0
15:19:22:129,4.311534411015618,3.016648548746181,222.90016621988698,-0.31329118427655855,0.016992661611798285,-0.00445299356623881,222.96226945000643,-18,1,0
15:19:22:249,4.280210622122065,2.981728780669285,222.27616075547112,-0.3321003547976632,0.011096831010826487,-0.0035177929153219403,222.33736201925947,-19,1,0
15:19:22:372,4.295991713823455,2.9982369568016436,221.9498793237854,-0.32598064027213497,0.015693269950779517,-0.001309870274306232,222.0116976681573,-19,1,0
15:19:22:498,4.351901299267506,3.038229451279165,222.82315292881702,-0.30432883892127477,0.030401341615140805,-0.0009219246223421559,222.88635526710954,-17,2,0
15:19:22:616,4.295991713823455,2.9982369568016436,221.9498793237854,-0.32598064027213497,0.015693269950779517,-0.001309870274306232,222.0116976681573,-19,1,0
15:19:22:745,4.278467582500095,3.025147500924802,222.16226045561922,-0.3138998511455206,0.010256642933019035,-0.003674959777283687,222.22404634289072,-18,1,0
15:19:22:866,4.3183950443033625,3.025080382947711,222.15816396271035,-0.31422761103503344,0.02638504943956967,-0.0009554701166774029,222.2207223963698,-18,1,0
15:19:22:985,4.355221666546796,3.016573784285931,222.8958850951875,-0.31345441155542364,0.027251367794535214,6.143612560042791e-05,222.95883760355372,-18,2,0
15:19:23:110,4.3183950443033625,3.025080382947711,222.15816396271035,-0.31422761103503344,0.02638504943956967,-0.0009554701166774029,222.2207223963698,-18,1,0
15:19:23:265,4.249182853830045,2.9954579709335936,221.8135627978928,-0.33024721125771567,0.01827960474889151,-0.0011291789327101552,221.8744802010264,-19,1,0
15:19:23:396,4.326936585908777,3.0331985371090524,222.56472950259428,-0.30692244070160496,0.022052677050863875,-0.0022494793053643475,222.62744999695556,-18,1,0
15:19:23:522,4.3183950443033625,3.025080382947711,222.15816396271035,-0.31422761103503344,0.02638504943956967,-0.0009554701166774029,222.2207223963698,-18,1,0
15:19:23:642,4.292356518158865,2.998151310686943,221.9445809717987,-0.32615121105296546,0.0214861885858923,-0.003088174306173973,222.00632932082829,-19,1,0
15:19:23:770,4.260824741658735,3.0114812088673766,221.4644065994441,-0.32459640005499335,0.02894563565616244,-0.0007060675405536573,221.52586087631934,-19,2,0
15:19:23:889,4.356268356371438,3.0156496389915968,222.7845601046724,-0.3050433643694196,0.019781806390922512,0.0008032749285932542,222.84755201206556,-17,1,0
15:19:24:010,4.281030834604536,3.003298225495427,222.21539063076105,-0.3231745094186465,0.00778329254962899,-0.002703783263864765,222.27691481217707,-19,0,0
15:19:24:141,4.31862869656525,3.029057536100805,222.36457824191842,-0.3127888405909017,0.0412494202093263,0.0006642735793418603,222.4271372833856,-18,2,0
15:19:24:260,4.312293610367556,3.0385013571344364,222.83801565740632,-0.3038733268437131,0.013767203918138056,-0.0036429943858896532,222.900447708859,-17,1,0
15:19:24:383,4.2855487199738596,3.0162207999680763,221.71034602709625,-0.32228875706766485,0.036997277423738276,0.000625197585728757,221.77227295403767,-18,2,0
15:19:24:504,4.246293476167172,3.0170164560192725,221.75275542636834,-0.32139022037664927,0.02113243384064772,-0.0021004515721813086,221.81392637922525,-18,1,0
15:19:24:627,4.306792089151911,3.008844817300335,222.50453560646343,-0.3201270234590385,0.015547774553687969,-0.0013748504331576373,222.56655177874714,-18,1,0
15:19:24:750,4.3183950443033625,3.025080382947711,222.15816396271035,-0.31422761103503344,0.02638504943956967,-0.0009554701166774029,222.2207223963698,-18,1,0
15:19:24:870,4.355221666546796,3.016573784285931,222.8958850951875,-0.31345441155542364,0.027251367794535214,6.143612560042791e-05,222.95883760355372,-18,2,0
15:19:25:039,4.292356518158865,2.998151310686943,221.9445809717987,-0.32615121105296546,0.0214861885858923,-0.003088174306173973,222.00632932082829,-19,1,0
15:19:25:160,4.277628156040821,3.0034697112402258,222.22323973538224,-0.32305519511125436,0.013620269870620937,-0.004487068878423622,222.28469855443683,-19,1,0
15:19:25:289,4.295991713823455,2.9982369568016436,221.9498793237854,-0.32598064027213497,0.015693269950779517,-0.001309870274306232,222.0116976681573,-19,1,0
15:19:25:408,4.3183950443033625,3.025080382947711,222.15816396271035,-0.31422761103503344,0.02638504943956967,-0.0009554701166774029,222.2207223963698,-18,1,0
15:19:25:527,4.303922129695658,3.030582637292267,222.44262826808458,-0.3109911026824155,0.01826116129124502,-0.0023502713584992695,222.50490117665544,-18,1,0
15:19:25:656,4.2932416045219455,3.019953500331694,221.89316556912468,-0.3168657479184758,0.018368221768513878,-0.002283056060131395,221.95524091335608,-18,1,0
15:19:25:777,4.2855487199738596,3.0162207999680763,221.71034602709625,-0.32228875706766485,0.036997277423738276,0.000625197585728757,221.77227295403767,-18,2,0
15:19:25:896,4.282082070185516,2.986689258529758,222.5388604938508,-0.32985967523978194,0.02469447656902803,-0.00189272927924557,222.60009202487856,-19,1,0
15:19:26:025,4.278467582500095,3.025147500924802,222.16226045561922,-0.3138998511455206,0.010256642933019035,-0.003674959777283687,222.22404634289072,-18,1,0
15:19:26:144,4.329901068620116,3.011387003714468,222.62683528983814,-0.31623447238120933,0.0191690327971019,-0.0012699802177146046,222.6892998913933,-18,1,0
15:19:26:270,4.280210622122065,2.981728780669285,222.27616075547112,-0.3321003547976632,0.011096831010826487,-0.0035177929153219403,222.33736201925947,-19,1,0
15:19:26:387,4.3183950443033625,3.025080382947711,222.15816396271035,-0.31422761103503344,0.02638504943956967,-0.0009554701166774029,222.2207223963698,-18,1,0
15:19:26:513,4.351901299267506,3.038229451279165,222.82315292881702,-0.30432883892127477,0.030401341615140805,-0.0009219246223421559,222.88635526710954,-17,2,0
15:19:26:638,4.278467582500095,3.025147500924802,222.16226045561922,-0.3138998511455206,0.010256642933019035,-0.003674959777283687,222.22404634289072,-18,1,0
15:19:26:757,4.329901068620116,3.011387003714468,222.62683528983814,-0.31623447238120933,0.0191690327971019,-0.0012699802177146046,222.6892998913933,-18,1,0
15:19:26:886,4.326936585908777,3.0331985371090524,222.56472950259428,-0.30692244070160496,0.022052677050863875,-0.0022494793053643475,222.62744999695556,-18,1,0
15:19:27:002,4.2932416045219455,3.019953500331694,221.89316556912468,-0.3168657479184758,0.018368221768513878,-0.002283056060131395,221.95524091335608,-18,1,0
15:19:27:128,4.281030834604536,3.003298225495427,222.21539063076105,-0.3231745094186465,0.00778329254962899,-0.002703783263864765,222.27691481217707,-19,0,0
15:19:27:254,4.281030834604536,3.003298225495427,222.21539063076105,-0.3231745094186465,0.00778329254962899,-0.002703783263864765,222.27691481217707,-19,0,0
15:19:27:375,4.355221666546796,3.016573784285931,222.8958850951875,-0.31345441155542364,0.027251367794535214,6.143612560042791e-05,222.95883760355372,-18,2,0
15:19:27:500,4.304865516389253,3.0112159603185518,222.6170599728742,-0.31624245419860897,0.03405233695799153,0.0014535791004535888,222.6790396055276,-18,2,0
15:19:27:622,4.322303987396064,3.0077531246457574,222.44715284295287,-0.32144142970623796,0.03773437189919137,0.001646586296265252,222.50947103113234,-18,2,0
15:19:27:786,4.33757420386674,3.0438634696903235,223.11276193535033,-0.30098344370769725,0.022117380181883008,-0.0023186781204518887,223.1756801114684,-17,1,0
15:19:27:905,4.305980769125334,2.9871259622934185,222.56081720715116,-0.329213325253193,0.018708450757129496,-0.0021840693915504807,222.6225095263586,-19,1,0
15:19:28:051,4.355221666546796,3.016573784285931,222.8958850951875,-0.31345441155542364,0.027251367794535214,6.143612560042791e-05,222.95883760355372,-18,2,0
15:19:28:195,4.278467582500095,3.025147500924802,222.16226045561922,-0.3138998511455206,0.010256642933019035,-0.003674959777283687,222.22404634289072,-18,1,0
15:19:28:316,4.2993958001243575,2.975239191424661,221.8820467341173,-0.3270470024914325,0.005904183166298534,0.000407043738570892,221.94364040317382,-19,0,0
15:19:28:467,4.3511554211964825,3.016121746358269,222.87205790241603,-0.3140284497257978,0.03315838160461233,-0.0017193512634318213,222.934931622539,-18,2,0
15:19:28:605,4.278467582500095,3.025147500924802,222.16226045561922,-0.3138998511455206,0.010256642933019035,-0.003674959777283687,222.22404634289072,-18,1,0
15:19:28:725,4.288952614829283,2.994959138141185,221.78565982781743,-0.3308083379058886,0.03373456660976226,0.0016015966514906965,221.84734345948732,-19,2,0
15:19:28:848,err,err,err,err,err,err,err,err,err,err
15:19:28:972,4.3183950443033625,3.025080382947711,222.15816396271035,-0.31422761103503344,0.02638504943956967,-0.0009554701166774029,222.2207223963698,-18,1,0
15:19:29:105,4.249182853830045,2.9954579709335936,221.8135627978928,-0.33024721125771567,0.01827960474889151,-0.0011291789327101552,221.8744802010264,-19,1,0
15:19:29:221,4.351901299267506,3.038229451279165,222.82315292881702,-0.30432883892127477,0.030401341615140805,-0.0009219246223421559,222.88635526710954,-17,2,0
15:19:29:345,4.312293610367556,3.0385013571344364,222.83801565740632,-0.3038733268437131,0.013767203918138056,-0.0036429943858896532,222.900447708859,-17,1,0
15:19:29:467,4.3183950443033625,3.025080382947711,222.15816396271035,-0.31422761103503344,0.02638504943956967,-0.0009554701166774029,222.2207223963698,-18,1,0
15:19:29:590,4.292356518158865,2.998151310686943,221.9445809717987,-0.32615121105296546,0.0214861885858923,-0.003088174306173973,222.00632932082829,-19,1,0
15:19:29:710,4.351901299267506,3.038229451279165,222.82315292881702,-0.30432883892127477,0.030401341615140805,-0.0009219246223421559,222.88635526710954,-17,2,0
15:19:29:836,4.295991713823455,2.9982369568016436,221.9498793237854,-0.32598064027213497,0.015693269950779517,-0.001309870274306232,222.0116976681573,-19,1,0
15:19:29:958,4.341638669417807,3.020851847158606,223.05376255859062,-0.3020825399859761,0.01127361136273767,-0.000586339465638776,223.11646367707243,-17,1,0
15:19:30:085,4.281030834604536,3.003298225495427,222.21539063076105,-0.3231745094186465,0.00778329254962899,-0.002703783263864765,222.27691481217707,-19,0,0
15:19:30:202,4.355221666546796,3.016573784285931,222.8958850951875,-0.31345441155542364,0.027251367794535214,6.143612560042791e-05,222.95883760355372,-18,2,0
15:19:30:324,4.306792089151911,3.008844817300335,222.50453560646343,-0.3201270234590385,0.015547774553687969,-0.0013748504331576373,222.56655177874714,-18,1,0
15:19:30:450,4.2932416045219455,3.019953500331694,221.89316556912468,-0.3168657479184758,0.018368221768513878,-0.002283056060131395,221.95524091335608,-18,1,0
15:19:30:570,4.295991713823455,2.9982369568016436,221.9498793237854,-0.32598064027213497,0.015693269950779517,-0.001309870274306232,222.0116976681573,-19,1,0
15:19:30:694,4.279708324653038,3.030101503498114,222.41966411471114,-0.31171713877843005,0.024930068845114176,-0.002063936020489631,222.48146979774862,-18,1,0
15:19:30:858,4.306792089151911,3.008844817300335,222.50453560646343,-0.3201270234590385,0.015547774553687969,-0.0013748504331576373,222.56655177874714,-18,1,0
15:19:30:979,4.303922129695658,3.030582637292267,222.44262826808458,-0.3109911026824155,0.01826116129124502,-0.0023502713584992695,222.50490117665544,-18,1,0
15:19:31:107,4.303102325184279,3.008757413955604,222.49921845184747,-0.32030315888379035,0.02145635847094895,-0.0031574005423600023,222.5611635539318,-18,1,0
15:19:31:229,4.312293610367556,3.0385013571344364,222.83801565740632,-0.3038733268437131,0.013767203918138056,-0.0036429943858896532,222.900447708859,-17,1,0
15:19:31:356,4.326936585908777,3.0331985371090524,222.56472950259428,-0.30692244070160496,0.022052677050863875,-0.0022494793053643475,222.62744999695556,-18,1,0
15:19:31:469,4.278467582500095,3.025147500924802,222.16226045561922,-0.3138998511455206,0.010256642933019035,-0.003674959777283687,222.22404634289072,-18,1,0
15:19:31:597,4.2932416045219455,3.019953500331694,221.89316556912468,-0.3168657479184758,0.018368221768513878,-0.002283056060131395,221.95524091335608,-18,1,0
15:19:31:721,4.2855487199738596,3.0162207999680763,221.71034602709625,-0.32228875706766485,0.036997277423738276,0.000625197585728757,221.77227295403767,-18,2,0
15:19:31:845,4.306792089151911,3.008844817300335,222.50453560646343,-0.3201270234590385,0.015547774553687969,-0.0013748504331576373,222.56655177874714,-18,1,0
15:19:31:968,4.278467582500095,3.025147500924802,222.16226045561922,-0.3138998511455206,0.010256642933019035,-0.003674959777283687,222.22404634289072,-18,1,0
15:19:32:087,4.282822869400841,3.0084622935072844,222.48616602206653,-0.32074755330607074,0.02185304981247909,-0.0010866059210193411,222.54771957560175,-18,1,0
15:19:32:254,4.321464608396101,3.003494098412013,222.22436470826932,-0.32318466782338257,0.023471513561075727,2.164735335417007e-05,222.2866714473783,-19,1,0
15:19:32:379,4.329901068620116,3.011387003714468,222.62683528983814,-0.31623447238120933,0.0191690327971019,-0.0012699802177146046,222.6892998913933,-18,1,0
15:19:32:495,4.343725169336707,2.977246245206418,223.18261865100075,-0.3205598334423124,0.012064099177610574,-0.0004172442302630562,223.2447383735378,-18,1,0
15:19:32:619,4.315897759276605,3.0151449778952144,222.75963847786235,-0.3053085600265129,0.003124152164817744,-0.0019105305501156617,222.82184499616324,-17,0,0
15:19:32:747,4.295120303104403,2.976547536973849,222.00132879285027,-0.33503314751259566,0.018780218848583153,-0.0021171641084684317,222.06282417246075,-19,1,0
15:19:32:868,4.3183950443033625,3.025080382947711,222.15816396271035,-0.31422761103503344,0.02638504943956967,-0.0009554701166774029,222.2207223963698,-18,1,0
15:19:32:992,4.320616645681081,2.9816720072238434,222.2719491227008,-0.33237998113290373,0.026399819028708204,-0.0007809260117849005,222.33393232469507,-19,1,0
15:19:33:112,4.320616645681081,2.9816720072238434,222.2719491227008,-0.33237998113290373,0.026399819028708204,-0.0007809260117849005,222.33393232469507,-19,1,0
15:19:33:233,4.2932416045219455,3.019953500331694,221.89316556912468,-0.3168657479184758,0.018368221768513878,-0.002283056060131395,221.95524091335608,-18,1,0
15:19:33:361,4.33757420386674,3.0438634696903235,223.11276193535033,-0.30098344370769725,0.022117380181883008,-0.0023186781204518887,223.1756801114684,-17,1,0
15:19:33:481,4.33757420386674,3.0438634696903235,223.11276193535033,-0.30098344370769725,0.022117380181883008,-0.0023186781204518887,223.1756801114684,-17,1,0
15:19:33:607,4.29410427587323,3.024435870879543,222.12612720821403,-0.31503157096170087,0.03288109861041128,-0.0006673854987230119,222.1882151068972,-18,2,0
15:19:33:730,4.277628156040821,3.0034697112402258,222.22323973538224,-0.32305519511125436,0.013620269870620937,-0.004487068878423622,222.28469855443683,-19,1,0
15:19:33:849,4.340681606529102,3.0220431836057897,223.18075613079796,-0.3103020270802317,0.019173910888458476,-0.0013369796595158116,223.24341909433198,-18,1,0
15:19:33:975,4.354458944376344,2.994574570104481,222.9442717369148,-0.322918657332069,0.030016532060830152,-0.0007385873202659722,223.00689919788914,-19,2,0
15:19:34:103,4.340681606529102,3.0220431836057897,223.18075613079796,-0.3103020270802317,0.019173910888458476,-0.0013369796595158116,223.24341909433198,-18,1,0
15:19:34:226,4.351901299267506,3.038229451279165,222.82315292881702,-0.30432883892127477,0.030401341615140805,-0.0009219246223421559,222.88635526710954,-17,2,0
15:19:34:370,4.292293841989813,2.9510730915982584,221.8064581384939,-0.340104000327448,0.02689253204716773,0.002510158698377739,221.86761253225174,-19,2,0
15:19:34:505,4.326936585908777,3.0331985371090524,222.56472950259428,-0.30692244070160496,0.022052677050863875,-0.0022494793053643475,222.62744999695556,-18,1,0
15:19:34:629,4.278467582500095,3.025147500924802,222.16226045561922,-0.3138998511455206,0.010256642933019035,-0.003674959777283687,222.22404634289072,-18,1,0
15:19:34:754,4.2932416045219455,3.019953500331694,221.89316556912468,-0.3168657479184758,0.018368221768513878,-0.002283056060131395,221.95524091335608,-18,1,0
15:19:34:876,4.339952215006875,3.0001509694751056,223.23803417635946,-0.3196465892427601,0.022185722482882624,-0.0021439860584031283,223.30037168350978,-18,1,0
15:19:34:997,4.263899835849761,2.99007142167317,221.52954207413495,-0.33328518299440546,0.02592100182793597,0.0002667535095989478,221.59074750650757,-19,1,0
15:19:35:123,4.277628156040821,3.0034697112402258,222.22323973538224,-0.32305519511125436,0.013620269870620937,-0.004487068878423622,222.28469855443683,-19,1,0
15:19:35:249,4.306792089151911,3.008844817300335,222.50453560646343,-0.3201270234590385,0.015547774553687969,-0.0013748504331576373,222.56655177874714,-18,1,0
15:19:35:367,4.295991713823455,2.9982369568016436,221.9498793237854,-0.32598064027213497,0.015693269950779517,-0.001309870274306232,222.0116976681573,-19,1,0
15:19:35:534,4.340681606529102,3.0220431836057897,223.18075613079796,-0.3103020270802317,0.019173910888458476,-0.0013369796595158116,223.24341909433198,-18,1,0
15:19:35:654,4.351901299267506,3.038229451279165,222.82315292881702,-0.30432883892127477,0.030401341615140805,-0.0009219246223421559,222.88635526710954,-17,2,0
15:19:35:776,4.2932416045219455,3.019953500331694,221.89316556912468,-0.3168657479184758,0.018368221768513878,-0.002283056060131395,221.95524091335608,-18,1,0
15:19:35:905,4.340681606529102,3.0220431836057897,223.18075613079796,-0.3103020270802317,0.019173910888458476,-0.0013369796595158116,223.24341909433198,-18,1,0
15:19:36:022,4.278467582500095,3.025147500924802,222.16226045561922,-0.3138998511455206,0.010256642933019035,-0.003674959777283687,222.22404634289072,-18,1,0
15:19:36:149,4.314305109254398,2.9948041990612118,222.95784131152416,-0.32253410974992325,0.014286730586986832,-0.0034776483285531056,223.01968765797616,-18,1,0
15:19:36:268,4.2932416045219455,3.019953500331694,221.89316556912468,-0.3168657479184758,0.018368221768513878,-0.002283056060131395,221.95524091335608,-18,1,0
15:19:36:396,4.314305109254398,2.9948041990612118,222.95784131152416,-0.32253410974992325,0.014286730586986832,-0.0034776483285531056,223.01968765797616,-18,1,0
15:19:36:560,4.326134681117106,3.011215139999172,222.617037871987,-0.31648462917536474,0.025015274143025713,-0.0030520961310629984,222.67942969389026,-18,1,0
15:19:36:678,4.3081248056046,2.9900781295026153,221.5280089868776,-0.33312079968910097,0.011557004993261096,-0.004516138662543618,221.590070337665,-19,1,0
15:19:36:807,4.314376125571419,2.9958487229392188,221.83114796788678,-0.3296787691564652,0.01924556684244133,-0.0011299521242123622,221.8933238285328,-19,1,0
15:19:36:929,4.312293610367556,3.0385013571344364,222.83801565740632,-0.3038733268437131,0.013767203918138056,-0.0036429943858896532,222.900447708859,-17,1,0
15:19:37:046,4.312293610367556,3.0385013571344364,222.83801565740632,-0.3038733268437131,0.013767203918138056,-0.0036429943858896532,222.900447708859,-17,1,0
15:19:37:176,5.120177969938996,4.570712036524035,202.4850914363132,0.7730177207972391,-0.053094119331277084,0.1259773415975638,202.60138174488543,44,-5,5
15:19:37:293,4.320616645681081,2.9816720072238434,222.2719491227008,-0.33237998113290373,0.026399819028708204,-0.0007809260117849005,222.33393232469507,-19,1,0
15:19:37:419,4.3183950443033625,3.025080382947711,222.15816396271035,-0.31422761103503344,0.02638504943956967,-0.0009554701166774029,222.2207223963698,-18,1,0
15:19:37:541,4.321464608396101,3.003494098412013,222.22436470826932,-0.32318466782338257,0.023471513561075727,2.164735335417007e-05,222.2866714473783,-19,1,0
15:19:37:664,4.326134681117106,3.011215139999172,222.617037871987,-0.31648462917536474,0.025015274143025713,-0.0030520961310629984,222.67942969389026,-18,1,0
15:19:37:786,4.281030834604536,3.003298225495427,222.21539063076105,-0.3231745094186465,0.00778329254962899,-0.002703783263864765,222.27691481217707,-19,0,0
15:19:37:908,4.282822869400841,3.0084622935072844,222.48616602206653,-0.32074755330607074,0.02185304981247909,-0.0010866059210193411,222.54771957560175,-18,1,0
15:19:38:035,4.249182853830045,2.9954579709335936,221.8135627978928,-0.33024721125771567,0.01827960474889151,-0.0011291789327101552,221.8744802010264,-19,1,0
15:19:38:159,4.351901299267506,3.038229451279165,222.82315292881702,-0.30432883892127477,0.030401341615140805,-0.0009219246223421559,222.88635526710954,-17,2,0
15:19:38:279,4.33757420386674,3.0438634696903235,223.11276193535033,-0.30098344370769725,0.022117380181883008,-0.0023186781204518887,223.1756801114684,-17,1,0
15:19:38:402,4.249182853830045,2.9954579709335936,221.8135627978928,-0.33024721125771567,0.01827960474889151,-0.0011291789327101552,221.8744802010264,-19,1,0
15:19:38:525,4.297415887557346,3.002957495929206,222.1973722482588,-0.32388067534381126,0.029628752064181165,0.0003114492981383354,222.25921301728818,-19,2,0
15:19:38:695,4.306792089151911,3.008844817300335,222.50453560646343,-0.3201270234590385,0.015547774553687969,-0.0013748504331576373,222.56655177874714,-18,1,0
15:19:38:816,4.355221666546796,3.016573784285931,222.8958850951875,-0.31345441155542364,0.027251367794535214,6.143612560042791e-05,222.95883760355372,-18,2,0
15:19:38:981,4.270516750959345,3.0002182733087617,222.0619197157394,-0.32804158431637537,0.03201578475197694,-0.0015734469791426591,222.12324239225217,-19,2,0
15:19:39:108,4.260824741658735,3.0114812088673766,221.4644065994441,-0.32459640005499335,0.02894563565616244,-0.0007060675405536573,221.52586087631934,-19,2,0
15:19:39:222,4.2737170621356695,2.978890451303704,222.13204868606545,-0.33653907809609185,0.028922572842338262,-0.0006005196829520021,222.19312657982155,-19,2,0
15:19:39:346,4.303922129695658,3.030582637292267,222.44262826808458,-0.3109911026824155,0.01826116129124502,-0.0023502713584992695,222.50490117665544,-18,1,0
15:19:39:467,4.279708324653038,3.030101503498114,222.41966411471114,-0.31171713877843005,0.024930068845114176,-0.002063936020489631,222.48146979774862,-18,1,0
15:19:39:592,4.278467582500095,3.025147500924802,222.16226045561922,-0.3138998511455206,0.010256642933019035,-0.003674959777283687,222.22404634289072,-18,1,0
15:19:39:713,4.321464608396101,3.003494098412013,222.22436470826932,-0.32318466782338257,0.023471513561075727,2.164735335417007e-05,222.2866714473783,-19,1,0
15:19:39:837,4.306792089151911,3.008844817300335,222.50453560646343,-0.3201270234590385,0.015547774553687969,-0.0013748504331576373,222.56655177874714,-18,1,0
15:19:39:958,4.278467582500095,3.025147500924802,222.16226045561922,-0.3138998511455206,0.010256642933019035,-0.003674959777283687,222.22404634289072,-18,1,0
15:19:40:082,4.274501577176828,3.0006199823752544,222.0837248688889,-0.32753887563619194,0.026103932634688097,0.00020312854717793107,222.1451235918814,-19,1,0
15:19:40:206,4.306792089151911,3.008844817300335,222.50453560646343,-0.3201270234590385,0.015547774553687969,-0.0013748504331576373,222.56655177874714,-18,1,0
15:19:40:330,4.307987524218452,3.013549865694337,222.75073882172902,-0.3180570731382981,0.029983256156543726,0.0002457197964194365,222.8127731637663,-18,2,0
15:19:40:453,4.321464608396101,3.003494098412013,222.22436470826932,-0.32318466782338257,0.023471513561075727,2.164735335417007e-05,222.2866714473783,-19,1,0
15:19:40:604,4.315057993837568,3.016545879110708,222.8961555763741,-0.31335714544386395,0.011093981364796949,-0.002665521054628527,222.95832670088402,-18,1,0
15:19:40:739,4.314305109254398,2.9948041990612118,222.95784131152416,-0.32253410974992325,0.014286730586986832,-0.0034776483285531056,223.01968765797616,-18,1,0
15:19:40:860,4.2932416045219455,3.019953500331694,221.89316556912468,-0.3168657479184758,0.018368221768513878,-0.002283056060131395,221.95524091335608,-18,1,0
15:19:40:988,4.263899835849761,2.99007142167317,221.52954207413495,-0.33328518299440546,0.02592100182793597,0.0002667535095989478,221.59074750650757,-19,1,0
15:19:41:106,4.303922129695658,3.030582637292267,222.44262826808458,-0.3109911026824155,0.01826116129124502,-0.0023502713584992695,222.50490117665544,-18,1,0
15:19:41:230,4.246293476167172,3.0170164560192725,221.75275542636834,-0.32139022037664927,0.02113243384064772,-0.0021004515721813086,221.81392637922525,-18,1,0
15:19:41:357,4.33685286794122,3.0218640864692534,223.17068142252077,-0.31056280545555215,0.025141886787655658,-0.003123354195622401,223.23327037417053,-18,1,0
15:19:41:476,4.340681606529102,3.0220431836057897,223.18075613079796,-0.3103020270802317,0.019173910888458476,-0.0013369796595158116,223.24341909433198,-18,1,0
15:19:41:602,4.2932416045219455,3.019953500331694,221.89316556912468,-0.3168657479184758,0.018368221768513878,-0.002283056060131395,221.95524091335608,-18,1,0
15:19:41:725,4.2932416045219455,3.019953500331694,221.89316556912468,-0.3168657479184758,0.018368221768513878,-0.002283056060131395,221.95524091335608,-18,1,0
15:19:41:847,4.307987524218452,3.013549865694337,222.75073882172902,-0.3180570731382981,0.029983256156543726,0.0002457197964194365,222.8127731637663,-18,2,0
15:19:41:968,4.278467582500095,3.025147500924802,222.16226045561922,-0.3138998511455206,0.010256642933019035,-0.003674959777283687,222.22404634289072,-18,1,0
15:19:42:090,4.3183950443033625,3.025080382947711,222.15816396271035,-0.31422761103503344,0.02638504943956967,-0.0009554701166774029,222.2207223963698,-18,1,0
15:19:42:216,4.321464608396101,3.003494098412013,222.22436470826932,-0.32318466782338257,0.023471513561075727,2.164735335417007e-05,222.2866714473783,-19,1,0
15:19:42:335,4.303922129695658,3.030582637292267,222.44262826808458,-0.3109911026824155,0.01826116129124502,-0.0023502713584992695,222.50490117665544,-18,1,0
15:19:42:459,4.3183950443033625,3.025080382947711,222.15816396271035,-0.31422761103503344,0.02638504943956967,-0.0009554701166774029,222.2207223963698,-18,1,0
15:19:42:588,4.278467582500095,3.025147500924802,222.16226045561922,-0.3138998511455206,0.010256642933019035,-0.003674959777283687,222.22404634289072,-18,1,0
15:19:42:709,4.355221666546796,3.016573784285931,222.8958850951875,-0.31345441155542364,0.027251367794535214,6.143612560042791e-05,222.95883760355372,-18,2,0
15:19:42:837,4.288952614829283,2.994959138141185,221.78565982781743,-0.3308083379058886,0.03373456660976226,0.0016015966514906965,221.84734345948732,-19,2,0
15:19:42:951,4.321464608396101,3.003494098412013,222.22436470826932,-0.32318466782338257,0.023471513561075727,2.164735335417007e-05,222.2866714473783,-19,1,0
15:19:43:074,4.303102325184279,3.008757413955604,222.49921845184747,-0.32030315888379035,0.02145635847094895,-0.0031574005423600023,222.5611635539318,-18,1,0
15:19:43:240,4.278467582500095,3.025147500924802,222.16226045561922,-0.3138998511455206,0.010256642933019035,-0.003674959777283687,222.22404634289072,-18,1,0
15:19:43:405,4.295991713823455,2.9982369568016436,221.9498793237854,-0.32598064027213497,0.015693269950779517,-0.001309870274306232,222.0116976681573,-19,1,0
15:19:43:526,4.267661624136564,2.9675439438207594,221.4842676712161,-0.3339666190526609,0.01629794329107133,0.0019761143620569493,221.5452551481334,-19,1,0
15:19:43:648,4.303922129695658,3.030582637292267,222.44262826808458,-0.3109911026824155,0.01826116129124502,-0.0023502713584992695,222.50490117665544,-18,1,0
15:19:43:773,4.278467582500095,3.025147500924802,222.16226045561922,-0.3138998511455206,0.010256642933019035,-0.003674959777283687,222.22404634289072,-18,1,0
15:19:43:894,4.3183950443033625,3.025080382947711,222.15816396271035,-0.31422761103503344,0.02638504943956967,-0.0009554701166774029,222.2207223963698,-18,1,0
15:19:44:024,4.292356518158865,2.998151310686943,221.9445809717987,-0.32615121105296546,0.0214861885858923,-0.003088174306173973,222.00632932082829,-19,1,0
15:19:44:149,4.2855487199738596,3.0162207999680763,221.71034602709625,-0.32228875706766485,0.036997277423738276,0.000625197585728757,221.77227295403767,-18,2,0
15:19:44:273,4.277628156040821,3.0034697112402258,222.22323973538224,-0.32305519511125436,0.013620269870620937,-0.004487068878423622,222.28469855443683,-19,1,0
15:19:44:397,4.355221666546796,3.016573784285931,222.8958850951875,-0.31345441155542364,0.027251367794535214,6.143612560042791e-05,222.95883760355372,-18,2,0
15:19:44:515,4.306792089151911,3.008844817300335,222.50453560646343,-0.3201270234590385,0.015547774553687969,-0.0013748504331576373,222.56655177874714,-18,1,0
15:19:44:634,4.304516746854964,3.0350311855069663,222.67350282373073,-0.3092079331675366,0.033331588511826896,-0.0007354077009654603,222.73578324667767,-18,2,0
15:19:44:758,4.354458944376344,2.994574570104481,222.9442717369148,-0.322918657332069,0.030016532060830152,-0.0007385873202659722,223.00689919788914,-19,2,0
15:19:44:882,4.295991713823455,2.9982369568016436,221.9498793237854,-0.32598064027213497,0.015693269950779517,-0.001309870274306232,222.0116976681573,-19,1,0
15:19:45:001,4.248366847426906,2.973853172208442,221.86548904354314,-0.33911482216277306,0.021264416812593886,-0.0019373950264966122,221.92608601083995,-19,1,0
15:19:45:129,4.306963613322332,2.9860113937567676,222.44815263433904,-0.3210470859706837,0.011365006225756702,-0.0014373479210095666,222.50988025263132,-18,1,0
15:19:45:248,4.314305109254398,2.9948041990612118,222.95784131152416,-0.32253410974992325,0.014286730586986832,-0.0034776483285531056,223.01968765797616,-18,1,0
15:19:45:376,4.278467582500095,3.025147500924802,222.16226045561922,-0.3138998511455206,0.010256642933019035,-0.003674959777283687,222.22404634289072,-18,1,0
15:19:45:494,4.274501577176828,3.0006199823752544,222.0837248688889,-0.32753887563619194,0.026103932634688097,0.00020312854717793107,222.1451235918814,-19,1,0
15:19:45:618,4.281859199266523,3.001860713780309,222.08209802342935,-0.3152202140594637,6.874762526260062e-06,-0.0019507997375239946,222.14365565650388,-18,0,0
15:19:45:745,4.278467582500095,3.025147500924802,222.16226045561922,-0.3138998511455206,0.010256642933019035,-0.003674959777283687,222.22404634289072,-18,1,0
15:19:45:866,4.326936585908777,3.0331985371090524,222.56472950259428,-0.30692244070160496,0.022052677050863875,-0.0022494793053643475,222.62744999695556,-18,1,0
15:19:45:992,4.303922129695658,3.030582637292267,222.44262826808458,-0.3109911026824155,0.01826116129124502,-0.0023502713584992695,222.50490117665544,-18,1,0
15:19:46:108,4.3183950443033625,3.025080382947711,222.15816396271035,-0.31422761103503344,0.02638504943956967,-0.0009554701166774029,222.2207223963698,-18,1,0
15:19:46:233,4.351664520050054,3.03651489039301,222.8562542112239,-0.32468445740076085,0.03366371922640196,-0.0006593963837864303,222.91941918063642,-19,2,0
15:19:46:353,4.278467582500095,3.025147500924802,222.16226045561922,-0.3138998511455206,0.010256642933019035,-0.003674959777283687,222.22404634289072,-18,1,0
15:19:46:477,4.2932416045219455,3.019953500331694,221.89316556912468,-0.3168657479184758,0.018368221768513878,-0.002283056060131395,221.95524091335608,-18,1,0
15:19:46:605,4.329901068620116,3.011387003714468,222.62683528983814,-0.31623447238120933,0.0191690327971019,-0.0012699802177146046,222.6892998913933,-18,1,0
15:19:46:749,4.312293610367556,3.0385013571344364,222.83801565740632,-0.3038733268437131,0.013767203918138056,-0.0036429943858896532,222.900447708859,-17,1,0
15:19:46:885,4.339952215006875,3.0001509694751056,223.23803417635946,-0.3196465892427601,0.022185722482882624,-0.0021439860584031283,223.30037168350978,-18,1,0
15:19:47:014,4.312293610367556,3.0385013571344364,222.83801565740632,-0.3038733268437131,0.013767203918138056,-0.0036429943858896532,222.900447708859,-17,1,0
15:19:47:133,4.303922129695658,3.030582637292267,222.44262826808458,-0.3109911026824155,0.01826116129124502,-0.0023502713584992695,222.50490117665544,-18,1,0
15:19:47:261,4.274501577176828,3.0006199823752544,222.0837248688889,-0.32753887563619194,0.026103932634688097,0.00020312854717793107,222.1451235918814,-19,1,0
15:19:47:377,4.312293610367556,3.0385013571344364,222.83801565740632,-0.3038733268437131,0.013767203918138056,-0.0036429943858896532,222.900447708859,-17,1,0
15:19:47:505,4.3183950443033625,3.025080382947711,222.15816396271035,-0.31422761103503344,0.02638504943956967,-0.0009554701166774029,222.2207223963698,-18,1,0
15:19:47:628,4.329901068620116,3.011387003714468,222.62683528983814,-0.31623447238120933,0.0191690327971019,-0.0012699802177146046,222.6892998913933,-18,1,0
15:19:47:746,4.295991713823455,2.9982369568016436,221.9498793237854,-0.32598064027213497,0.015693269950779517,-0.001309870274306232,222.0116976681573,-19,1,0
15:19:47:874,4.262332692551685,3.0336149962247037,222.5860040206428,-0.30623493881526775,0.020936561548168153,-0.0022574471881584663,222.64747805848808,-18,1,0
15:19:47:995,4.3183950443033625,3.025080382947711,222.15816396271035,-0.31422761103503344,0.02638504943956967,-0.0009554701166774029,222.2207223963698,-18,1,0
15:19:48:116,4.282822869400841,3.0084622935072844,222.48616602206653,-0.32074755330607074,0.02185304981247909,-0.0010866059210193411,222.54771957560175,-18,1,0
15:19:48:287,4.33757420386674,3.0438634696903235,223.11276193535033,-0.30098344370769725,0.022117380181883008,-0.0023186781204518887,223.1756801114684,-17,1,0
15:19:48:403,4.303922129695658,3.030582637292267,222.44262826808458,-0.3109911026824155,0.01826116129124502,-0.0023502713584992695,222.50490117665544,-18,1,0
15:19:48:527,4.2932416045219455,3.019953500331694,221.89316556912468,-0.3168657479184758,0.018368221768513878,-0.002283056060131395,221.95524091335608,-18,1,0
15:19:48:655,5.085464762250536,4.576653504419124,201.91372122546662,0.7715973864442699,-0.051501632161280834,0.12634290722837932,202.02959814904114,44,-5,5
15:19:48:779,4.2932416045219455,3.019953500331694,221.89316556912468,-0.3168657479184758,0.018368221768513878,-0.002283056060131395,221.95524091335608,-18,1,0
15:19:48:900,err,err,err,err,err,err,err,err,err,err
15:19:49:024,4.307294763312675,2.991654212986948,222.80003114657123,-0.32730542455429334,0.032631304490835365,-0.0005555473048513236,222.8617433792109,-19,2,0
15:19:49:147,4.303922129695658,3.030582637292267,222.44262826808458,-0.3109911026824155,0.01826116129124502,-0.0023502713584992695,222.50490117665544,-18,1,0
15:19:49:268,4.248366847426906,2.973853172208442,221.86548904354314,-0.33911482216277306,0.021264416812593886,-0.0019373950264966122,221.92608601083995,-19,1,0
15:19:49:427,4.260824741658735,3.0114812088673766,221.4644065994441,-0.32459640005499335,0.02894563565616244,-0.0007060675405536573,221.52586087631934,-19,2,0
15:19:49:554,4.2932416045219455,3.019953500331694,221.89316556912468,-0.3168657479184758,0.018368221768513878,-0.002283056060131395,221.95524091335608,-18,1,0
15:19:49:676,4.274501577176828,3.0006199823752544,222.0837248688889,-0.32753887563619194,0.026103932634688097,0.00020312854717793107,222.1451235918814,-19,1,0
15:19:49:799,4.3183950443033625,3.025080382947711,222.15816396271035,-0.31422761103503344,0.02638504943956967,-0.0009554701166774029,222.2207223963698,-18,1,0
15:19:49:924,4.263899835849761,2.99007142167317,221.52954207413495,-0.33328518299440546,0.02592100182793597,0.0002667535095989478,221.59074750650757,-19,1,0
15:19:50:087,4.325255955880444,2.9807802207722767,222.17324572300367,-0.32397608873457,0.013529401417237033,0.001738697494357458,222.23533473528147,-19,1,0
15:19:50:247,4.321464608396101,3.003494098412013,222.22436470826932,-0.32318466782338257,0.023471513561075727,2.164735335417007e-05,222.2866714473783,-19,1,0
15:19:50:374,4.326913084795209,3.068229711483661,222.20002289238596,-0.32371667906631946,0.009923971052237924,0.0016696065515782116,222.26332667307634,-19,1,0
15:19:50:591,4.274501577176828,3.0006199823752544,222.0837248688889,-0.32753887563619194,0.026103932634688097,0.00020312854717793107,222.1451235918814,-19,1,0
15:19:50:751,4.249182853830045,2.9954579709335936,221.8135627978928,-0.33024721125771567,0.01827960474889151,-0.0011291789327101552,221.8744802010264,-19,1,0
15:19:50:873,4.281030834604536,3.003298225495427,222.21539063076105,-0.3231745094186465,0.00778329254962899,-0.002703783263864765,222.27691481217707,-19,0,0
15:19:50:997,4.303102325184279,3.008757413955604,222.49921845184747,-0.32030315888379035,0.02145635847094895,-0.0031574005423600023,222.5611635539318,-18,1,0
15:19:51:120,4.3183950443033625,3.025080382947711,222.15816396271035,-0.31422761103503344,0.02638504943956967,-0.0009554701166774029,222.2207223963698,-18,1,0
15:19:51:234,4.284146516427987,2.979929137788142,222.1294643563795,-0.32455783892839885,-0.002151616730453259,-0.0009810195973226166,222.19075773823835,-19,0,0
15:19:51:358,4.281030834604536,3.003298225495427,222.21539063076105,-0.3231745094186465,0.00778329254962899,-0.002703783263864765,222.27691481217707,-19,0,0
15:19:51:480,4.355221666546796,3.016573784285931,222.8958850951875,-0.31345441155542364,0.027251367794535214,6.143612560042791e-05,222.95883760355372,-18,2,0
15:19:51:604,4.2932416045219455,3.019953500331694,221.89316556912468,-0.3168657479184758,0.018368221768513878,-0.002283056060131395,221.95524091335608,-18,1,0
15:19:51:727,4.304516746854964,3.0350311855069663,222.67350282373073,-0.3092079331675366,0.033331588511826896,-0.0007354077009654603,222.73578324667767,-18,2,0
15:19:51:851,4.310652933023604,2.995689408015995,221.82172356420628,-0.3299055336192863,0.02509130189851596,-0.0029073195093758906,221.8838275511161,-19,1,0
15:19:51:976,4.303922129695658,3.030582637292267,222.44262826808458,-0.3109911026824155,0.01826116129124502,-0.0023502713584992695,222.50490117665544,-18,1,0
15:19:52:096,4.284146516427987,2.979929137788142,222.1294643563795,-0.32455783892839885,-0.002151616730453259,-0.0009810195973226166,222.19075773823835,-19,0,0
15:19:52:222,4.310300227198665,2.985753584610771,222.43512786333605,-0.32124134784091013,0.005436961459907825,0.00034836503831100113,222.49692024856267,-18,0,0
15:19:52:341,4.284765399380495,2.994325135770809,221.7517142554901,-0.331565735995141,0.03958359418308317,-0.00016994018522140214,221.8133178436204,-19,2,0
15:19:52:463,4.303922129695658,3.030582637292267,222.44262826808458,-0.3109911026824155,0.01826116129124502,-0.0023502713584992695,222.50490117665544,-18,1,0
15:19:52:590,4.321464608396101,3.003494098412013,222.22436470826932,-0.32318466782338257,0.023471513561075727,2.164735335417007e-05,222.2866714473783,-19,1,0
15:19:52:712,4.281030834604536,3.003298225495427,222.21539063076105,-0.3231745094186465,0.00778329254962899,-0.002703783263864765,222.27691481217707,-19,0,0
15:19:52:835,4.320616645681081,2.9816720072238434,222.2719491227008,-0.33237998113290373,0.026399819028708204,-0.0007809260117849005,222.33393232469507,-19,1,0
15:19:52:983,4.297415887557346,3.002957495929206,222.1973722482588,-0.32388067534381126,0.029628752064181165,0.0003114492981383354,222.25921301728818,-19,2,0
15:19:53:126,4.260824741658735,3.0114812088673766,221.4644065994441,-0.32459640005499335,0.02894563565616244,-0.0007060675405536573,221.52586087631934,-19,2,0
15:19:53:243,4.263899835849761,2.99007142167317,221.52954207413495,-0.33328518299440546,0.02592100182793597,0.0002667535095989478,221.59074750650757,-19,1,0
15:19:53:368,4.292356518158865,2.998151310686943,221.9445809717987,-0.32615121105296546,0.0214861885858923,-0.003088174306173973,222.00632932082829,-19,1,0
15:19:53:491,4.341638669417807,3.020851847158606,223.05376255859062,-0.3020825399859761,0.01127361136273767,-0.000586339465638776,223.11646367707243,-17,1,0
15:19:53:614,4.340681606529102,3.0220431836057897,223.18075613079796,-0.3103020270802317,0.019173910888458476,-0.0013369796595158116,223.24341909433198,-18,1,0
15:19:53:737,4.2932416045219455,3.019953500331694,221.89316556912468,-0.3168657479184758,0.018368221768513878,-0.002283056060131395,221.95524091335608,-18,1,0
15:19:53:854,4.312293610367556,3.0385013571344364,222.83801565740632,-0.3038733268437131,0.013767203918138056,-0.0036429943858896532,222.900447708859,-17,1,0
15:19:53:982,4.278467582500095,3.025147500924802,222.16226045561922,-0.3138998511455206,0.010256642933019035,-0.003674959777283687,222.22404634289072,-18,1,0
15:19:54:111,4.2932416045219455,3.019953500331694,221.89316556912468,-0.3168657479184758,0.018368221768513878,-0.002283056060131395,221.95524091335608,-18,1,0
15:19:54:225,4.295991713823455,2.9982369568016436,221.9498793237854,-0.32598064027213497,0.015693269950779517,-0.001309870274306232,222.0116976681573,-19,1,0
15:19:54:353,4.2821049114216025,3.004990622734607,222.1748182765404,-0.30250764483877346,0.0026743842561392003,-0.0029446907976481804,222.2363972605048,-17,0,0
15:19:54:515,4.33757420386674,3.0438634696903235,223.11276193535033,-0.30098344370769725,0.022117380181883008,-0.0023186781204518887,223.1756801114684,-17,1,0
15:19:54:636,4.263899835849761,2.99007142167317,221.52954207413495,-0.33328518299440546,0.02592100182793597,0.0002667535095989478,221.59074750650757,-19,1,0
15:19:54:762,4.311534411015618,3.016648548746181,222.90016621988698,-0.31329118427655855,0.016992661611798285,-0.00445299356623881,222.96226945000643,-18,1,0
15:19:54:883,4.303922129695658,3.030582637292267,222.44262826808458,-0.3109911026824155,0.01826116129124502,-0.0023502713584992695,222.50490117665544,-18,1,0
15:19:55:004,4.340681606529102,3.0220431836057897,223.18075613079796,-0.3103020270802317,0.019173910888458476,-0.0013369796595158116,223.24341909433198,-18,1,0
15:19:55:128,4.2855487199738596,3.0162207999680763,221.71034602709625,-0.32228875706766485,0.036997277423738276,0.000625197585728757,221.77227295403767,-18,2,0
15:19:55:251,4.278467582500095,3.025147500924802,222.16226045561922,-0.3138998511455206,0.010256642933019035,-0.003674959777283687,222.22404634289072,-18,1,0
15:19:55:416,4.246293476167172,3.0170164560192725,221.75275542636834,-0.32139022037664927,0.02113243384064772,-0.0021004515721813086,221.81392637922525,-18,1,0
15:19:55:538,4.280210622122065,2.981728780669285,222.27616075547112,-0.3321003547976632,0.011096831010826487,-0.0035177929153219403,222.33736201925947,-19,1,0
15:19:55:663,4.246293476167172,3.0170164560192725,221.75275542636834,-0.32139022037664927,0.02113243384064772,-0.0021004515721813086,221.81392637922525,-18,1,0
15:19:55:781,4.296648427651947,2.9810958614510694,222.2420669415977,-0.3330926762477646,0.03224803262867081,-0.00048815358222698,222.30358620301112,-19,2,0
15:19:55:936,4.340681606529102,3.0220431836057897,223.18075613079796,-0.3103020270802317,0.019173910888458476,-0.0013369796595158116,223.24341909433198,-18,1,0
15:19:56:074,4.2932416045219455,3.019953500331694,221.89316556912468,-0.3168657479184758,0.018368221768513878,-0.002283056060131395,221.95524091335608,-18,1,0
15:19:56:195,4.277628156040821,3.0034697112402258,222.22323973538224,-0.32305519511125436,0.013620269870620937,-0.004487068878423622,222.28469855443683,-19,1,0
15:19:56:316,4.3183950443033625,3.025080382947711,222.15816396271035,-0.31422761103503344,0.02638504943956967,-0.0009554701166774029,222.2207223963698,-18,1,0
15:19:56:442,4.278467582500095,3.025147500924802,222.16226045561922,-0.3138998511455206,0.010256642933019035,-0.003674959777283687,222.22404634289072,-18,1,0
15:19:56:561,4.278467582500095,3.025147500924802,222.16226045561922,-0.3138998511455206,0.010256642933019035,-0.003674959777283687,222.22404634289072,-18,1,0
15:19:56:690,4.315057993837568,3.016545879110708,222.8961555763741,-0.31335714544386395,0.011093981364796949,-0.002665521054628527,222.95832670088402,-18,1,0
15:19:56:851,4.339952215006875,3.0001509694751056,223.23803417635946,-0.3196465892427601,0.022185722482882624,-0.0021439860584031283,223.30037168350978,-18,1,0
15:19:56:976,4.303102325184279,3.008757413955604,222.49921845184747,-0.32030315888379035,0.02145635847094895,-0.0031574005423600023,222.5611635539318,-18,1,0
15:19:57:097,4.2932416045219455,3.019953500331694,221.89316556912468,-0.3168657479184758,0.018368221768513878,-0.002283056060131395,221.95524091335608,-18,1,0
15:19:57:223,4.321464608396101,3.003494098412013,222.22436470826932,-0.32318466782338257,0.023471513561075727,2.164735335417007e-05,222.2866714473783,-19,1,0
15:19:57:344,4.246293476167172,3.0170164560192725,221.75275542636834,-0.32139022037664927,0.02113243384064772,-0.0021004515721813086,221.81392637922525,-18,1,0
15:19:57:469,4.271291638941288,3.022045472425424,222.01330863550132,-0.31883690261043346,0.029200491404005314,-0.0007720013592299917,222.07495559469254,-18,2,0
15:19:57:589,4.292356518158865,2.998151310686943,221.9445809717987,-0.32615121105296546,0.0214861885858923,-0.003088174306173973,222.00632932082829,-19,1,0
15:19:57:714,4.317546097424882,3.0031499998605575,222.20590427153397,-0.3236491444750701,0.0293282451329531,-0.0017557092549718412,222.26813538461866,-19,2,0
15:19:57:834,4.292356518158865,2.998151310686943,221.9445809717987,-0.32615121105296546,0.0214861885858923,-0.003088174306173973,222.00632932082829,-19,1,0
15:19:57:957,4.2932416045219455,3.019953500331694,221.89316556912468,-0.3168657479184758,0.018368221768513878,-0.002283056060131395,221.95524091335608,-18,1,0
15:19:58:086,4.286871456087675,3.042414321897598,223.03913009317318,-0.3023500973295058,0.04486215738998484,0.0006895050153537477,223.10106925899422,-17,3,0
15:19:58:204,4.315057993837568,3.016545879110708,222.8961555763741,-0.31335714544386395,0.011093981364796949,-0.002665521054628527,222.95832670088402,-18,1,0
15:19:58:331,4.2932416045219455,3.019953500331694,221.89316556912468,-0.3168657479184758,0.018368221768513878,-0.002283056060131395,221.95524091335608,-18,1,0
15:19:58:542,4.249182853830045,2.9954579709335936,221.8135627978928,-0.33024721125771567,0.01827960474889151,-0.0011291789327101552,221.8744802010264,-19,1,0
15:19:58:663,4.340681606529102,3.0220431836057897,223.18075613079796,-0.3103020270802317,0.019173910888458476,-0.0013369796595158116,223.24341909433198,-18,1,0
15:19:58:792,4.279708324653038,3.030101503498114,222.41966411471114,-0.31171713877843005,0.024930068845114176,-0.002063936020489631,222.48146979774862,-18,1,0
15:19:58:959,4.2932416045219455,3.019953500331694,221.89316556912468,-0.3168657479184758,0.018368221768513878,-0.002283056060131395,221.95524091335608,-18,1,0
15:19:59:117,4.279708324653038,3.030101503498114,222.41966411471114,-0.31171713877843005,0.024930068845114176,-0.002063936020489631,222.48146979774862,-18,1,0
15:19:59:252,4.303922129695658,3.030582637292267,222.44262826808458,-0.3109911026824155,0.01826116129124502,-0.0023502713584992695,222.50490117665544,-18,1,0
15:19:59:398,4.2932416045219455,3.019953500331694,221.89316556912468,-0.3168657479184758,0.018368221768513878,-0.002283056060131395,221.95524091335608,-18,1,0
15:19:59:516,4.33757420386674,3.0438634696903235,223.11276193535033,-0.30098344370769725,0.022117380181883008,-0.0023186781204518887,223.1756801114684,-17,1,0
15:19:59:640,4.315057993837568,3.016545879110708,222.8961555763741,-0.31335714544386395,0.011093981364796949,-0.002665521054628527,222.95832670088402,-18,1,0
15:19:59:761,4.303922129695658,3.030582637292267,222.44262826808458,-0.3109911026824155,0.01826116129124502,-0.0023502713584992695,222.50490117665544,-18,1,0
15:19:59:885,4.355221666546796,3.016573784285931,222.8958850951875,-0.31345441155542364,0.027251367794535214,6.143612560042791e-05,222.95883760355372,-18,2,0
15:20:00:013,4.2599821387228705,2.989686858579798,221.50846196938696,-0.33376664641538845,0.03171795040234985,-0.0015057905498436076,221.56959267773624,-19,2,0
15:20:00:133,4.2993958001243575,2.975239191424661,221.8820467341173,-0.3270470024914325,0.005904183166298534,0.000407043738570892,221.94364040317382,-19,0,0
15:20:00:255,4.307987524218452,3.013549865694337,222.75073882172902,-0.3180570731382981,0.029983256156543726,0.0002457197964194365,222.8127731637663,-18,2,0
15:20:00:378,4.295991713823455,2.9982369568016436,221.9498793237854,-0.32598064027213497,0.015693269950779517,-0.001309870274306232,222.0116976681573,-19,1,0
15:20:00:500,4.312293610367556,3.0385013571344364,222.83801565740632,-0.3038733268437131,0.013767203918138056,-0.0036429943858896532,222.900447708859,-17,1,0
15:20:00:624,4.306792089151911,3.008844817300335,222.50453560646343,-0.3201270234590385,0.015547774553687969,-0.0013748504331576373,222.56655177874714,-18,1,0
15:20:00:744,4.33757420386674,3.0438634696903235,223.11276193535033,-0.30098344370769725,0.022117380181883008,-0.0023186781204518887,223.1756801114684,-17,1,0
15:20:00:871,4.31862869656525,3.029057536100805,222.36457824191842,-0.3127888405909017,0.0412494202093263,0.0006642735793418603,222.4271372833856,-18,2,0
15:20:00:993,4.305980769125334,2.9871259622934185,222.56081720715116,-0.329213325253193,0.018708450757129496,-0.0021840693915504807,222.6225095263586,-19,1,0
15:20:01:115,4.315057993837568,3.016545879110708,222.8961555763741,-0.31335714544386395,0.011093981364796949,-0.002665521054628527,222.95832670088402,-18,1,0
15:20:01:238,4.351901299267506,3.038229451279165,222.82315292881702,-0.30432883892127477,0.030401341615140805,-0.0009219246223421559,222.88635526710954,-17,2,0
15:20:01:361,4.292356518158865,2.998151310686943,221.9445809717987,-0.32615121105296546,0.0214861885858923,-0.003088174306173973,222.00632932082829,-19,1,0
15:20:01:484,4.278978762761359,3.0082245609543095,222.47271634850486,-0.32104995284781784,0.027764698281899373,-0.0028677670780520377,222.53419645920397,-18,2,0
15:20:01:607,4.295991713823455,2.9982369568016436,221.9498793237854,-0.32598064027213497,0.015693269950779517,-0.001309870274306232,222.0116976681573,-19,1,0
15:20:01:733,4.279708324653038,3.030101503498114,222.41966411471114,-0.31171713877843005,0.024930068845114176,-0.002063936020489631,222.48146979774862,-18,1,0
15:20:01:852,err,err,err,err,err,err,err,err,err,err
15:20:01:979,4.321464608396101,3.003494098412013,222.22436470826932,-0.32318466782338257,0.023471513561075727,2.164735335417007e-05,222.2866714473783,-19,1,0
15:20:02:098,4.3183950443033625,3.025080382947711,222.15816396271035,-0.31422761103503344,0.02638504943956967,-0.0009554701166774029,222.2207223963698,-18,1,0
15:20:02:220,4.303102325184279,3.008757413955604,222.49921845184747,-0.32030315888379035,0.02145635847094895,-0.0031574005423600023,222.5611635539318,-18,1,0
15:20:02:348,4.303102325184279,3.008757413955604,222.49921845184747,-0.32030315888379035,0.02145635847094895,-0.0031574005423600023,222.5611635539318,-18,1,0
15:20:02:467,4.326936585908777,3.0331985371090524,222.56472950259428,-0.30692244070160496,0.022052677050863875,-0.0022494793053643475,222.62744999695556,-18,1,0
15:20:02:591,4.326936585908777,3.0331985371090524,222.56472950259428,-0.30692244070160496,0.022052677050863875,-0.0022494793053643475,222.62744999695556,-18,1,0
15:20:02:717,4.2855487199738596,3.0162207999680763,221.71034602709625,-0.32228875706766485,0.036997277423738276,0.000625197585728757,221.77227295403767,-18,2,0
15:20:02:834,4.295991713823455,2.9982369568016436,221.9498793237854,-0.32598064027213497,0.015693269950779517,-0.001309870274306232,222.0116976681573,-19,1,0
15:20:03:094,4.297415887557346,3.002957495929206,222.1973722482588,-0.32388067534381126,0.029628752064181165,0.0003114492981383354,222.25921301728818,-19,2,0
15:20:03:258,4.303922129695658,3.030582637292267,222.44262826808458,-0.3109911026824155,0.01826116129124502,-0.0023502713584992695,222.50490117665544,-18,1,0
15:20:03:370,4.3183950443033625,3.025080382947711,222.15816396271035,-0.31422761103503344,0.02638504943956967,-0.0009554701166774029,222.2207223963698,-18,1,0
15:20:03:497,4.271291638941288,3.022045472425424,222.01330863550132,-0.31883690261043346,0.029200491404005314,-0.0007720013592299917,222.07495559469254,-18,2,0
15:20:03:612,4.303922129695658,3.030582637292267,222.44262826808458,-0.3109911026824155,0.01826116129124502,-0.0023502713584992695,222.50490117665544,-18,1,0
15:20:03:739,4.355221666546796,3.016573784285931,222.8958850951875,-0.31345441155542364,0.027251367794535214,6.143612560042791e-05,222.95883760355372,-18,2,0
15:20:03:865,4.277628156040821,3.0034697112402258,222.22323973538224,-0.32305519511125436,0.013620269870620937,-0.004487068878423622,222.28469855443683,-19,1,0
15:20:03:982,4.322303987396064,3.0077531246457574,222.44715284295287,-0.32144142970623796,0.03773437189919137,0.001646586296265252,222.50947103113234,-18,2,0
15:20:04:119,4.271291638941288,3.022045472425424,222.01330863550132,-0.31883690261043346,0.029200491404005314,-0.0007720013592299917,222.07495559469254,-18,2,0
15:20:04:234,4.295991713823455,2.9982369568016436,221.9498793237854,-0.32598064027213497,0.015693269950779517,-0.001309870274306232,222.0116976681573,-19,1,0
15:20:04:357,4.278467582500095,3.025147500924802,222.16226045561922,-0.3138998511455206,0.010256642933019035,-0.003674959777283687,222.22404634289072,-18,1,0
15:20:04:483,4.326936585908777,3.0331985371090524,222.56472950259428,-0.30692244070160496,0.022052677050863875,-0.0022494793053643475,222.62744999695556,-18,1,0
15:20:04:598,4.279708324653038,3.030101503498114,222.41966411471114,-0.31171713877843005,0.024930068845114176,-0.002063936020489631,222.48146979774862,-18,1,0
15:20:04:723,4.274501577176828,3.0006199823752544,222.0837248688889,-0.32753887563619194,0.026103932634688097,0.00020312854717793107,222.1451235918814,-19,1,0
15:20:04:845,4.2855487199738596,3.0162207999680763,221.71034602709625,-0.32228875706766485,0.036997277423738276,0.000625197585728757,221.77227295403767,-18,2,0
15:20:04:973,4.304516746854964,3.0350311855069663,222.67350282373073,-0.3092079331675366,0.033331588511826896,-0.0007354077009654603,222.73578324667767,-18,2,0
15:20:05:094,4.3183950443033625,3.025080382947711,222.15816396271035,-0.31422761103503344,0.02638504943956967,-0.0009554701166774029,222.2207223963698,-18,1,0
15:20:05:248,4.324035605202632,3.0302114325242706,223.5892147659324,-0.3027137902445883,0.030352217998201297,8.687806799402515e-05,223.65155135810505,-17,2,0
15:20:05:394,4.277628156040821,3.0034697112402258,222.22323973538224,-0.32305519511125436,0.013620269870620937,-0.004487068878423622,222.28469855443683,-19,1,0
15:20:05:555,4.278467582500095,3.025147500924802,222.16226045561922,-0.3138998511455206,0.010256642933019035,-0.003674959777283687,222.22404634289072,-18,1,0
15:20:05:666,4.3183950443033625,3.025080382947711,222.15816396271035,-0.31422761103503344,0.02638504943956967,-0.0009554701166774029,222.2207223963698,-18,1,0
15:20:05:789,4.33757420386674,3.0438634696903235,223.11276193535033,-0.30098344370769725,0.022117380181883008,-0.0023186781204518887,223.1756801114684,-17,1,0
15:20:05:910,4.295991713823455,2.9982369568016436,221.9498793237854,-0.32598064027213497,0.015693269950779517,-0.001309870274306232,222.0116976681573,-19,1,0
15:20:06:037,4.277628156040821,3.0034697112402258,222.22323973538224,-0.32305519511125436,0.013620269870620937,-0.004487068878423622,222.28469855443683,-19,1,0
15:20:06:160,4.281030834604536,3.003298225495427,222.21539063076105,-0.3231745094186465,0.00778329254962899,-0.002703783263864765,222.27691481217707,-19,0,0
15:20:06:277,4.292356518158865,2.998151310686943,221.9445809717987,-0.32615121105296546,0.0214861885858923,-0.003088174306173973,222.00632932082829,-19,1,0
15:20:06:447,4.281030834604536,3.003298225495427,222.21539063076105,-0.3231745094186465,0.00778329254962899,-0.002703783263864765,222.27691481217707,-19,0,0
15:20:06:567,4.2932416045219455,3.019953500331694,221.89316556912468,-0.3168657479184758,0.018368221768513878,-0.002283056060131395,221.95524091335608,-18,1,0
15:20:06:692,4.33757420386674,3.0438634696903235,223.11276193535033,-0.30098344370769725,0.022117380181883008,-0.0023186781204518887,223.1756801114684,-17,1,0
15:20:06:817,4.280210622122065,2.981728780669285,222.27616075547112,-0.3321003547976632,0.011096831010826487,-0.0035177929153219403,222.33736201925947,-19,1,0
15:20:06:936,4.278467582500095,3.025147500924802,222.16226045561922,-0.3138998511455206,0.010256642933019035,-0.003674959777283687,222.22404634289072,-18,1,0
15:20:07:060,4.271291638941288,3.022045472425424,222.01330863550132,-0.31883690261043346,0.029200491404005314,-0.0007720013592299917,222.07495559469254,-18,2,0
15:20:07:182,4.2855487199738596,3.0162207999680763,221.71034602709625,-0.32228875706766485,0.036997277423738276,0.000625197585728757,221.77227295403767,-18,2,0
15:20:07:305,4.321464608396101,3.003494098412013,222.22436470826932,-0.32318466782338257,0.023471513561075727,2.164735335417007e-05,222.2866714473783,-19,1,0
15:20:07:429,4.303922129695658,3.030582637292267,222.44262826808458,-0.3109911026824155,0.01826116129124502,-0.0023502713584992695,222.50490117665544,-18,1,0
15:20:07:554,4.329098711654818,2.989518924020963,222.6789042156259,-0.3255518062594358,0.022119566375380335,-0.0020750295110838093,222.7410440438049,-19,1,0
15:20:07:680,4.317546097424882,3.0031499998605575,222.20590427153397,-0.3236491444750701,0.0293282451329531,-0.0017557092549718412,222.26813538461866,-19,2,0
15:20:07:826,4.321464608396101,3.003494098412013,222.22436470826932,-0.32318466782338257,0.023471513561075727,2.164735335417007e-05,222.2866714473783,-19,1,0
15:20:07:961,4.278467582500095,3.025147500924802,222.16226045561922,-0.3138998511455206,0.010256642933019035,-0.003674959777283687,222.22404634289072,-18,1,0
15:20:08:088,4.321464608396101,3.003494098412013,222.22436470826932,-0.32318466782338257,0.023471513561075727,2.164735335417007e-05,222.2866714473783,-19,1,0
15:20:08:209,4.263899835849761,2.99007142167317,221.52954207413495,-0.33328518299440546,0.02592100182793597,0.0002667535095989478,221.59074750650757,-19,1,0
15:20:08:374,4.339952215006875,3.0001509694751056,223.23803417635946,-0.3196465892427601,0.022185722482882624,-0.0021439860584031283,223.30037168350978,-18,1,0
15:20:08:498,4.33757420386674,3.0438634696903235,223.11276193535033,-0.30098344370769725,0.022117380181883008,-0.0023186781204518887,223.1756801114684,-17,1,0
15:20:08:620,4.278467582500095,3.025147500924802,222.16226045561922,-0.3138998511455206,0.010256642933019035,-0.003674959777283687,222.22404634289072,-18,1,0
15:20:08:745,4.3183950443033625,3.025080382947711,222.15816396271035,-0.31422761103503344,0.02638504943956967,-0.0009554701166774029,222.2207223963698,-18,1,0
15:20:08:867,4.288952614829283,2.994959138141185,221.78565982781743,-0.3308083379058886,0.03373456660976226,0.0016015966514906965,221.84734345948732,-19,2,0
15:20:09:086,4.279708324653038,3.030101503498114,222.41966411471114,-0.31171713877843005,0.024930068845114176,-0.002063936020489631,222.48146979774862,-18,1,0
15:20:09:247,4.2932416045219455,3.019953500331694,221.89316556912468,-0.3168657479184758,0.018368221768513878,-0.002283056060131395,221.95524091335608,-18,1,0
15:20:09:415,4.317546097424882,3.0031499998605575,222.20590427153397,-0.3236491444750701,0.0293282451329531,-0.0017557092549718412,222.26813538461866,-19,2,0
15:20:09:573,4.263899835849761,2.99007142167317,221.52954207413495,-0.33328518299440546,0.02592100182793597,0.0002667535095989478,221.59074750650757,-19,1,0
15:20:09:697,4.277628156040821,3.0034697112402258,222.22323973538224,-0.32305519511125436,0.013620269870620937,-0.004487068878423622,222.28469855443683,-19,1,0
15:20:09:810,4.274501577176828,3.0006199823752544,222.0837248688889,-0.32753887563619194,0.026103932634688097,0.00020312854717793107,222.1451235918814,-19,1,0
15:20:09:932,4.303922129695658,3.030582637292267,222.44262826808458,-0.3109911026824155,0.01826116129124502,-0.0023502713584992695,222.50490117665544,-18,1,0
15:20:10:058,4.303922129695658,3.030582637292267,222.44262826808458,-0.3109911026824155,0.01826116129124502,-0.0023502713584992695,222.50490117665544,-18,1,0
15:20:10:175,4.284765399380495,2.994325135770809,221.7517142554901,-0.331565735995141,0.03958359418308317,-0.00016994018522140214,221.8133178436204,-19,2,0
15:20:10:300,4.312293610367556,3.0385013571344364,222.83801565740632,-0.3038733268437131,0.013767203918138056,-0.0036429943858896532,222.900447708859,-17,1,0
15:20:10:421,4.306792089151911,3.008844817300335,222.50453560646343,-0.3201270234590385,0.015547774553687969,-0.0013748504331576373,222.56655177874714,-18,1,0
15:20:10:547,4.33757420386674,3.0438634696903235,223.11276193535033,-0.30098344370769725,0.022117380181883008,-0.0023186781204518887,223.1756801114684,-17,1,0
15:20:10:670,4.2932416045219455,3.019953500331694,221.89316556912468,-0.3168657479184758,0.018368221768513878,-0.002283056060131395,221.95524091335608,-18,1,0
15:20:10:792,4.351901299267506,3.038229451279165,222.82315292881702,-0.30432883892127477,0.030401341615140805,-0.0009219246223421559,222.88635526710954,-17,2,0
15:20:10:922,4.321464608396101,3.003494098412013,222.22436470826932,-0.32318466782338257,0.023471513561075727,2.164735335417007e-05,222.2866714473783,-19,1,0
15:20:11:128,4.295991713823455,2.9982369568016436,221.9498793237854,-0.32598064027213497,0.015693269950779517,-0.001309870274306232,222.0116976681573,-19,1,0
15:20:11:242,4.303922129695658,3.030582637292267,222.44262826808458,-0.3109911026824155,0.01826116129124502,-0.0023502713584992695,222.50490117665544,-18,1,0
15:20:11:369,4.306792089151911,3.008844817300335,222.50453560646343,-0.3201270234590385,0.015547774553687969,-0.0013748504331576373,222.56655177874714,-18,1,0
15:20:11:521,4.315057993837568,3.016545879110708,222.8961555763741,-0.31335714544386395,0.011093981364796949,-0.002665521054628527,222.95832670088402,-18,1,0
15:20:11:654,4.2932416045219455,3.019953500331694,221.89316556912468,-0.3168657479184758,0.018368221768513878,-0.002283056060131395,221.95524091335608,-18,1,0
15:20:11:779,4.329901068620116,3.011387003714468,222.62683528983814,-0.31623447238120933,0.0191690327971019,-0.0012699802177146046,222.6892998913933,-18,1,0
15:20:11:896,4.263899835849761,2.99007142167317,221.52954207413495,-0.33328518299440546,0.02592100182793597,0.0002667535095989478,221.59074750650757,-19,1,0
15:20:12:021,4.292356518158865,2.998151310686943,221.9445809717987,-0.32615121105296546,0.0214861885858923,-0.003088174306173973,222.00632932082829,-19,1,0
15:20:12:147,4.321464608396101,3.003494098412013,222.22436470826932,-0.32318466782338257,0.023471513561075727,2.164735335417007e-05,222.2866714473783,-19,1,0
15:20:12:267,4.326134681117106,3.011215139999172,222.617037871987,-0.31648462917536474,0.025015274143025713,-0.0030520961310629984,222.67942969389026,-18,1,0
15:20:12:393,4.321464608396101,3.003494098412013,222.22436470826932,-0.32318466782338257,0.023471513561075727,2.164735335417007e-05,222.2866714473783,-19,1,0
15:20:12:514,4.303922129695658,3.030582637292267,222.44262826808458,-0.3109911026824155,0.01826116129124502,-0.0023502713584992695,222.50490117665544,-18,1,0
15:20:12:639,4.279708324653038,3.030101503498114,222.41966411471114,-0.31171713877843005,0.024930068845114176,-0.002063936020489631,222.48146979774862,-18,1,0
15:20:12:765,4.3183950443033625,3.025080382947711,222.15816396271035,-0.31422761103503344,0.02638504943956967,-0.0009554701166774029,222.2207223963698,-18,1,0
15:20:12:882,4.271291638941288,3.022045472425424,222.01330863550132,-0.31883690261043346,0.029200491404005314,-0.0007720013592299917,222.07495559469254,-18,2,0
15:20:13:005,4.33757420386674,3.0438634696903235,223.11276193535033,-0.30098344370769725,0.022117380181883008,-0.0023186781204518887,223.1756801114684,-17,1,0
15:20:13:129,4.303102325184279,3.008757413955604,222.49921845184747,-0.32030315888379035,0.02145635847094895,-0.0031574005423600023,222.5611635539318,-18,1,0
15:20:13:254,4.351901299267506,3.038229451279165,222.82315292881702,-0.30432883892127477,0.030401341615140805,-0.0009219246223421559,222.88635526710954,-17,2,0
15:20:13:376,4.246293476167172,3.0170164560192725,221.75275542636834,-0.32139022037664927,0.02113243384064772,-0.0021004515721813086,221.81392637922525,-18,1,0
15:20:13:499,err,err,err,err,err,err,err,err,err,err
15:20:13:651,4.281030834604536,3.003298225495427,222.21539063076105,-0.3231745094186465,0.00778329254962899,-0.002703783263864765,222.27691481217707,-19,0,0
15:20:13:781,err,err,err,err,err,err,err,err,err,err
15:20:13:906,4.281030834604536,3.003298225495427,222.21539063076105,-0.3231745094186465,0.00778329254962899,-0.002703783263864765,222.27691481217707,-19,0,0
15:20:14:121,4.297415887557346,3.002957495929206,222.1973722482588,-0.32388067534381126,0.029628752064181165,0.0003114492981383354,222.25921301728818,-19,2,0
15:20:14:236,4.2630542293294456,2.9683804321673932,221.57361632698402,-0.34224459728334783,0.028695105532176836,-0.000535225270975499,221.63450174999784,-20,2,0
15:20:14:400,4.315057993837568,3.016545879110708,222.8961555763741,-0.31335714544386395,0.011093981364796949,-0.002665521054628527,222.95832670088402,-18,1,0
15:20:14:524,4.3124767895675715,3.031411501497417,222.54616532848326,-0.3192334575365804,0.005462125785786014,0.00032833477314873064,222.60858611959372,-18,0,0
15:20:14:645,4.278467582500095,3.025147500924802,222.16226045561922,-0.3138998511455206,0.010256642933019035,-0.003674959777283687,222.22404634289072,-18,1,0
15:20:14:766,4.314305109254398,2.9948041990612118,222.95784131152416,-0.32253410974992325,0.014286730586986832,-0.0034776483285531056,223.01968765797616,-18,1,0
15:20:14:893,err,err,err,err,err,err,err,err,err,err
15:20:15:015,4.33757420386674,3.0438634696903235,223.11276193535033,-0.30098344370769725,0.022117380181883008,-0.0023186781204518887,223.1756801114684,-17,1,0
15:20:15:144,4.304516746854964,3.0350311855069663,222.67350282373073,-0.3092079331675366,0.033331588511826896,-0.0007354077009654603,222.73578324667767,-18,2,0
15:20:15:259,4.315057993837568,3.016545879110708,222.8961555763741,-0.31335714544386395,0.011093981364796949,-0.002665521054628527,222.95832670088402,-18,1,0
15:20:15:385,4.2932416045219455,3.019953500331694,221.89316556912468,-0.3168657479184758,0.018368221768513878,-0.002283056060131395,221.95524091335608,-18,1,0
15:20:15:505,4.340681606529102,3.0220431836057897,223.18075613079796,-0.3103020270802317,0.019173910888458476,-0.0013369796595158116,223.24341909433198,-18,1,0
15:20:15:630,4.312293610367556,3.0385013571344364,222.83801565740632,-0.3038733268437131,0.013767203918138056,-0.0036429943858896532,222.900447708859,-17,1,0
15:20:15:752,4.2438491222642885,3.018900610142461,221.83965716302515,-0.3179782397622932,0.039563200457313895,0.0007226664128779928,221.90078302357338,-18,2,0
15:20:15:874,4.315057993837568,3.016545879110708,222.8961555763741,-0.31335714544386395,0.011093981364796949,-0.002665521054628527,222.95832670088402,-18,1,0
15:20:16:000,4.295991713823455,2.9982369568016436,221.9498793237854,-0.32598064027213497,0.015693269950779517,-0.001309870274306232,222.0116976681573,-19,1,0
15:20:16:120,4.288952614829283,2.994959138141185,221.78565982781743,-0.3308083379058886,0.03373456660976226,0.0016015966514906965,221.84734345948732,-19,2,0
15:20:16:242,4.307987524218452,3.013549865694337,222.75073882172902,-0.3180570731382981,0.029983256156543726,0.0002457197964194365,222.8127731637663,-18,2,0
15:20:16:371,4.312293610367556,3.0385013571344364,222.83801565740632,-0.3038733268437131,0.013767203918138056,-0.0036429943858896532,222.900447708859,-17,1,0
15:20:16:488,4.315057993837568,3.016545879110708,222.8961555763741,-0.31335714544386395,0.011093981364796949,-0.002665521054628527,222.95832670088402,-18,1,0
15:20:16:616,4.288952614829283,2.994959138141185,221.78565982781743,-0.3308083379058886,0.03373456660976226,0.0016015966514906965,221.84734345948732,-19,2,0
15:20:16:734,4.2932416045219455,3.019953500331694,221.89316556912468,-0.3168657479184758,0.018368221768513878,-0.002283056060131395,221.95524091335608,-18,1,0
15:20:16:858,4.278467582500095,3.025147500924802,222.16226045561922,-0.3138998511455206,0.010256642933019035,-0.003674959777283687,222.22404634289072,-18,1,0
15:20:16:981,4.274501577176828,3.0006199823752544,222.0837248688889,-0.32753887563619194,0.026103932634688097,0.00020312854717793107,222.1451235918814,-19,1,0
15:20:17:145,4.29308205842719,2.972711518342791,221.75688937642263,-0.33122656643804305,0.023988263703291372,0.00331090024927212,221.81836162328543,-19,1,0
15:20:17:268,4.326936585908777,3.0331985371090524,222.56472950259428,-0.30692244070160496,0.022052677050863875,-0.0022494793053643475,222.62744999695556,-18,1,0
15:20:17:419,4.326936585908777,3.0331985371090524,222.56472950259428,-0.30692244070160496,0.022052677050863875,-0.0022494793053643475,222.62744999695556,-18,1,0
15:20:17:554,4.281030834604536,3.003298225495427,222.21539063076105,-0.3231745094186465,0.00778329254962899,-0.002703783263864765,222.27691481217707,-19,0,0
15:20:17:682,4.292356518158865,2.998151310686943,221.9445809717987,-0.32615121105296546,0.0214861885858923,-0.003088174306173973,222.00632932082829,-19,1,0
15:20:17:803,4.311534411015618,3.016648548746181,222.90016621988698,-0.31329118427655855,0.016992661611798285,-0.00445299356623881,222.96226945000643,-18,1,0
15:20:17:923,4.303102325184279,3.008757413955604,222.49921845184747,-0.32030315888379035,0.02145635847094895,-0.0031574005423600023,222.5611635539318,-18,1,0
15:20:18:050,4.304516746854964,3.0350311855069663,222.67350282373073,-0.3092079331675366,0.033331588511826896,-0.0007354077009654603,222.73578324667767,-18,2,0
15:20:18:173,4.306792089151911,3.008844817300335,222.50453560646343,-0.3201270234590385,0.015547774553687969,-0.0013748504331576373,222.56655177874714,-18,1,0
15:20:18:340,4.278467582500095,3.025147500924802,222.16226045561922,-0.3138998511455206,0.010256642933019035,-0.003674959777283687,222.22404634289072,-18,1,0
15:20:18:458,4.271291638941288,3.022045472425424,222.01330863550132,-0.31883690261043346,0.029200491404005314,-0.0007720013592299917,222.07495559469254,-18,2,0
15:20:18:619,4.306792089151911,3.008844817300335,222.50453560646343,-0.3201270234590385,0.015547774553687969,-0.0013748504331576373,222.56655177874714,-18,1,0
15:20:18:744,4.281030834604536,3.003298225495427,222.21539063076105,-0.3231745094186465,0.00778329254962899,-0.002703783263864765,222.27691481217707,-19,0,0
15:20:18:864,4.263899835849761,2.99007142167317,221.52954207413495,-0.33328518299440546,0.02592100182793597,0.0002667535095989478,221.59074750650757,-19,1,0
15:20:19:014,4.271291638941288,3.022045472425424,222.01330863550132,-0.31883690261043346,0.029200491404005314,-0.0007720013592299917,222.07495559469254,-18,2,0
15:20:19:161,4.306792089151911,3.008844817300335,222.50453560646343,-0.3201270234590385,0.015547774553687969,-0.0013748504331576373,222.56655177874714,-18,1,0
15:20:19:278,4.297415887557346,3.002957495929206,222.1973722482588,-0.32388067534381126,0.029628752064181165,0.0003114492981383354,222.25921301728818,-19,2,0
15:20:19:400,4.280210622122065,2.981728780669285,222.27616075547112,-0.3321003547976632,0.011096831010826487,-0.0035177929153219403,222.33736201925947,-19,1,0
15:20:19:523,4.312293610367556,3.0385013571344364,222.83801565740632,-0.3038733268437131,0.013767203918138056,-0.0036429943858896532,222.900447708859,-17,1,0
15:20:19:647,4.306792089151911,3.008844817300335,222.50453560646343,-0.3201270234590385,0.015547774553687969,-0.0013748504331576373,222.56655177874714,-18,1,0
15:20:19:775,4.315057993837568,3.016545879110708,222.8961555763741,-0.31335714544386395,0.011093981364796949,-0.002665521054628527,222.95832670088402,-18,1,0
15:20:19:889,4.3183950443033625,3.025080382947711,222.15816396271035,-0.31422761103503344,0.02638504943956967,-0.0009554701166774029,222.2207223963698,-18,1,0
15:20:20:018,4.277628156040821,3.0034697112402258,222.22323973538224,-0.32305519511125436,0.013620269870620937,-0.004487068878423622,222.28469855443683,-19,1,0
15:20:20:139,4.351901299267506,3.038229451279165,222.82315292881702,-0.30432883892127477,0.030401341615140805,-0.0009219246223421559,222.88635526710954,-17,2,0
15:20:20:262,4.281030834604536,3.003298225495427,222.21539063076105,-0.3231745094186465,0.00778329254962899,-0.002703783263864765,222.27691481217707,-19,0,0
15:20:20:387,4.303922129695658,3.030582637292267,222.44262826808458,-0.3109911026824155,0.01826116129124502,-0.0023502713584992695,222.50490117665544,-18,1,0
15:20:20:507,4.326936585908777,3.0331985371090524,222.56472950259428,-0.30692244070160496,0.022052677050863875,-0.0022494793053643475,222.62744999695556,-18,1,0
15:20:20:634,4.246293476167172,3.0170164560192725,221.75275542636834,-0.32139022037664927,0.02113243384064772,-0.0021004515721813086,221.81392637922525,-18,1,0
15:20:20:754,4.267783978042525,3.042004774616688,221.9746167089842,-0.3297374174843417,0.03561413782143423,-0.0014948541234957695,222.03647951684084,-19,2,0
15:20:20:916,4.303922129695658,3.030582637292267,222.44262826808458,-0.3109911026824155,0.01826116129124502,-0.0023502713584992695,222.50490117665544,-18,1,0
15:20:21:042,4.29410427587323,3.024435870879543,222.12612720821403,-0.31503157096170087,0.03288109861041128,-0.0006673854987230119,222.1882151068972,-18,2,0
15:20:21:163,4.312293610367556,3.0385013571344364,222.83801565740632,-0.3038733268437131,0.013767203918138056,-0.0036429943858896532,222.900447708859,-17,1,0
15:20:21:289,4.279708324653038,3.030101503498114,222.41966411471114,-0.31171713877843005,0.024930068845114176,-0.002063936020489631,222.48146979774862,-18,1,0
15:20:21:405,4.288952614829283,2.994959138141185,221.78565982781743,-0.3308083379058886,0.03373456660976226,0.0016015966514906965,221.84734345948732,-19,2,0
15:20:21:533,4.33757420386674,3.0438634696903235,223.11276193535033,-0.30098344370769725,0.022117380181883008,-0.0023186781204518887,223.1756801114684,-17,1,0
15:20:21:657,4.326134681117106,3.011215139999172,222.617037871987,-0.31648462917536474,0.025015274143025713,-0.0030520961310629984,222.67942969389026,-18,1,0
15:20:21:777,4.339952215006875,3.0001509694751056,223.23803417635946,-0.3196465892427601,0.022185722482882624,-0.0021439860584031283,223.30037168350978,-18,1,0
15:20:21:902,4.315057993837568,3.016545879110708,222.8961555763741,-0.31335714544386395,0.011093981364796949,-0.002665521054628527,222.95832670088402,-18,1,0
15:20:22:021,4.329901068620116,3.011387003714468,222.62683528983814,-0.31623447238120933,0.0191690327971019,-0.0012699802177146046,222.6892998913933,-18,1,0
15:20:22:145,4.33757420386674,3.0438634696903235,223.11276193535033,-0.30098344370769725,0.022117380181883008,-0.0023186781204518887,223.1756801114684,-17,1,0
15:20:22:274,4.2932416045219455,3.019953500331694,221.89316556912468,-0.3168657479184758,0.018368221768513878,-0.002283056060131395,221.95524091335608,-18,1,0
15:20:22:392,4.305980769125334,2.9871259622934185,222.56081720715116,-0.329213325253193,0.018708450757129496,-0.0021840693915504807,222.6225095263586,-19,1,0
15:20:22:519,4.274501577176828,3.0006199823752544,222.0837248688889,-0.32753887563619194,0.026103932634688097,0.00020312854717793107,222.1451235918814,-19,1,0
15:20:22:641,4.307987524218452,3.013549865694337,222.75073882172902,-0.3180570731382981,0.029983256156543726,0.0002457197964194365,222.8127731637663,-18,2,0
15:20:22:764,4.279708324653038,3.030101503498114,222.41966411471114,-0.31171713877843005,0.024930068845114176,-0.002063936020489631,222.48146979774862,-18,1,0
15:20:22:891,4.271291638941288,3.022045472425424,222.01330863550132,-0.31883690261043346,0.029200491404005314,-0.0007720013592299917,222.07495559469254,-18,2,0
15:20:23:011,4.246293476167172,3.0170164560192725,221.75275542636834,-0.32139022037664927,0.02113243384064772,-0.0021004515721813086,221.81392637922525,-18,1,0
15:20:23:175,4.232857615637813,3.003339872106358,222.21810420697958,-0.32327847594013503,0.028633273334382602,0.0003019028839716189,222.27870561825233,-19,2,0
15:20:23:313,4.237736984178777,3.008365141129054,222.4819776450181,-0.32088340144039884,0.020451765873372475,-0.0031550941921790177,222.54266793675268,-18,1,0
15:20:23:458,4.281030834604536,3.003298225495427,222.21539063076105,-0.3231745094186465,0.00778329254962899,-0.002703783263864765,222.27691481217707,-19,0,0
15:20:23:581,4.312293610367556,3.0385013571344364,222.83801565740632,-0.3038733268437131,0.013767203918138056,-0.0036429943858896532,222.900447708859,-17,1,0
15:20:23:703,4.3183950443033625,3.025080382947711,222.15816396271035,-0.31422761103503344,0.02638504943956967,-0.0009554701166774029,222.2207223963698,-18,1,0
15:20:23:830,4.245473662620579,2.995309033834157,221.8047587306207,-0.3304690465832844,0.024131422228882555,-0.0029066123056178234,221.86560553266708,-19,1,0
15:20:23:952,4.33757420386674,3.0438634696903235,223.11276193535033,-0.30098344370769725,0.022117380181883008,-0.0023186781204518887,223.1756801114684,-17,1,0
15:20:24:076,4.321464608396101,3.003494098412013,222.22436470826932,-0.32318466782338257,0.023471513561075727,2.164735335417007e-05,222.2866714473783,-19,1,0
15:20:24:199,4.260824741658735,3.0114812088673766,221.4644065994441,-0.32459640005499335,0.02894563565616244,-0.0007060675405536573,221.52586087631934,-19,2,0
15:20:24:345,4.278467582500095,3.025147500924802,222.16226045561922,-0.3138998511455206,0.010256642933019035,-0.003674959777283687,222.22404634289072,-18,1,0
15:20:24:486,4.297415887557346,3.002957495929206,222.1973722482588,-0.32388067534381126,0.029628752064181165,0.0003114492981383354,222.25921301728818,-19,2,0
15:20:24:613,4.315057993837568,3.016545879110708,222.8961555763741,-0.31335714544386395,0.011093981364796949,-0.002665521054628527,222.95832670088402,-18,1,0
15:20:24:733,4.312293610367556,3.0385013571344364,222.83801565740632,-0.3038733268437131,0.013767203918138056,-0.0036429943858896532,222.900447708859,-17,1,0
15:20:24:857,4.278467582500095,3.025147500924802,222.16226045561922,-0.3138998511455206,0.010256642933019035,-0.003674959777283687,222.22404634289072,-18,1,0
15:20:24:979,4.29335593159351,3.002470295948866,222.17111545093863,-0.32446366472785165,0.03547696653046852,-0.0014644806654690765,222.23287847154324,-19,2,0
15:20:25:096,4.351901299267506,3.038229451279165,222.82315292881702,-0.30432883892127477,0.030401341615140805,-0.0009219246223421559,222.88635526710954,-17,2,0
15:20:25:223,4.312293610367556,3.0385013571344364,222.83801565740632,-0.3038733268437131,0.013767203918138056,-0.0036429943858896532,222.900447708859,-17,1,0
15:20:25:344,4.307294763312675,2.991654212986948,222.80003114657123,-0.32730542455429334,0.032631304490835365,-0.0005555473048513236,222.8617433792109,-19,2,0
15:20:25:471,4.351901299267506,3.038229451279165,222.82315292881702,-0.30432883892127477,0.030401341615140805,-0.0009219246223421559,222.88635526710954,-17,2,0
15:20:25:592,4.278467582500095,3.025147500924802,222.16226045561922,-0.3138998511455206,0.010256642933019035,-0.003674959777283687,222.22404634289072,-18,1,0
15:20:25:715,4.3439769702046185,3.0668682210630323,223.17184541176704,-0.2996453865711843,0.011250938639928414,-0.0006110456304999632,223.23518629709045,-17,1,0
15:20:25:843,4.34515435366874,3.0479715553718076,223.37693241926345,-0.3044397768946575,0.027844380530814228,0.003191098402470926,223.43997948889933,-17,2,0
15:20:26:001,4.3586130919137345,3.061586568233298,222.90193463117882,-0.30265703948467376,0.019710019851136205,0.0007789907623121804,222.9655652398417,-17,1,0
15:20:26:124,4.29410427587323,3.024435870879543,222.12612720821403,-0.31503157096170087,0.03288109861041128,-0.0006673854987230119,222.1882151068972,-18,2,0
15:20:26:291,4.328867154135196,3.031161618208338,222.534108808139,-0.3198882550802941,0.027620139542505587,0.003342720238271005,222.5968477194286,-18,2,0
15:20:26:452,4.333160272333941,3.0561228403055503,222.62317665677355,-0.3056448758733819,0.011582453327618269,-0.0005474988839201694,222.6863151374906,-18,1,0
15:20:26:577,4.35483244784143,3.0585707915693954,222.81485746419284,-0.3153427825931599,0.023460305386394112,1.4730654455246076e-05,222.87839762463383,-18,1,0
15:20:26:697,4.246293476167172,3.0170164560192725,221.75275542636834,-0.32139022037664927,0.02113243384064772,-0.0021004515721813086,221.81392637922525,-18,1,0
15:20:26:820,4.2932416045219455,3.019953500331694,221.89316556912468,-0.3168657479184758,0.018368221768513878,-0.002283056060131395,221.95524091335608,-18,1,0
15:20:26:945,4.314292455457465,3.0366687284688667,222.8206521206184,-0.3167760683771416,0.019697058594630407,0.0019477815782664668,222.88310274180796,-18,1,0
15:20:27:066,4.29410427587323,3.024435870879543,222.12612720821403,-0.31503157096170087,0.03288109861041128,-0.0006673854987230119,222.1882151068972,-18,2,0
15:20:27:187,4.33757420386674,3.0438634696903235,223.11276193535033,-0.30098344370769725,0.022117380181883008,-0.0023186781204518887,223.1756801114684,-17,1,0
15:20:27:314,4.252231960646616,3.039759072075513,221.80758729708992,-0.3202886235353754,0.011033012620181823,-0.0004046811362568264,221.86916729104018,-18,1,0
15:20:27:434,4.2932416045219455,3.019953500331694,221.89316556912468,-0.3168657479184758,0.018368221768513878,-0.002283056060131395,221.95524091335608,-18,1,0
15:20:27:563,4.278467582500095,3.025147500924802,222.16226045561922,-0.3138998511455206,0.010256642933019035,-0.003674959777283687,222.22404634289072,-18,1,0
15:20:27:682,4.318194788635653,3.0610696872849874,222.8767446677166,-0.30293652552174505,0.0031533219852245614,-0.00193459258636279,222.93958882966828,-17,0,0
15:20:27:806,4.3183950443033625,3.025080382947711,222.15816396271035,-0.31422761103503344,0.02638504943956967,-0.0009554701166774029,222.2207223963698,-18,1,0
15:20:27:927,4.267030051537415,3.034515776106603,221.53623932590057,-0.32322514439719724,0.018987425616351028,0.0009839924880679191,221.5981073161927,-19,1,0
15:20:28:050,4.34666713184774,3.0448069369013204,223.2287611638485,-0.30929033856129823,0.008719802075422266,0.0003718994520636749,223.29183633797408,-18,0,0
15:20:28:177,4.278467582500095,3.025147500924802,222.16226045561922,-0.3138998511455206,0.010256642933019035,-0.003674959777283687,222.22404634289072,-18,1,0
15:20:28:295,4.32475582041846,3.0481864954125553,222.22833995794096,-0.31273902518367847,0.016069986141074577,0.0007404249787201709,222.29131794624647,-18,1,0
15:20:28:420,4.285959528726311,3.0530588287858933,222.48168041857616,-0.3104802537615029,0.014469188120089694,-0.00036278399073708985,222.5439029476372,-18,1,0
15:20:28:544,4.299149209498093,3.0426612677686316,221.94452549094515,-0.3157351734816822,0.008264268971321563,-0.0005865074849185338,222.00701085082136,-18,0,0
15:20:28:667,4.312293610367556,3.0385013571344364,222.83801565740632,-0.3038733268437131,0.013767203918138056,-0.0036429943858896532,222.900447708859,-17,1,0
15:20:28:795,4.299149209498093,3.0426612677686316,221.94452549094515,-0.3157351734816822,0.008264268971321563,-0.0005865074849185338,222.00701085082136,-18,0,0
15:20:28:912,4.335165312477774,3.0758938751845797,222.58535277122857,-0.3171301501040869,0.005305998828740352,0.00038712835113830055,222.64881326813799,-18,0,0
15:20:29:064,4.321972395030305,3.0498052008762437,222.37287454046694,-0.32321859531715585,0.03415962180668091,0.0015962309651312626,222.4357796950323,-19,2,0
15:20:29:201,4.311910683886159,3.0732435311780324,222.45813047817805,-0.32097245142943553,0.0017620203917722804,0.0002808025460312456,222.52113880571846,-18,0,0
15:20:29:325,4.335165312477774,3.0758938751845797,222.58535277122857,-0.3171301501040869,0.005305998828740352,0.00038712835113830055,222.64881326813799,-18,0,0
15:20:29:443,4.3586130919137345,3.061586568233298,222.90193463117882,-0.30265703948467376,0.019710019851136205,0.0007789907623121804,222.9655652398417,-17,1,0
15:20:29:567,4.3683643747135905,3.068268584142171,222.20155407865897,-0.32383629310611184,0.01709502649890697,0.001956859815446645,222.2656687713735,-19,1,0
15:20:29:692,4.352879470860632,3.098346952373137,222.55595984099358,-0.3071071059265556,0.024810346177443116,0.004181924432393675,222.62008573862124,-18,1,0
15:20:29:857,4.3439769702046185,3.0668682210630323,223.17184541176704,-0.2996453865711843,0.011250938639928414,-0.0006110456304999632,223.23518629709045,-17,1,0
15:20:29:978,4.3586130919137345,3.061586568233298,222.90193463117882,-0.30265703948467376,0.019710019851136205,0.0007789907623121804,222.9655652398417,-17,1,0
15:20:30:104,4.3586130919137345,3.061586568233298,222.90193463117882,-0.30265703948467376,0.019710019851136205,0.0007789907623121804,222.9655652398417,-17,1,0
15:20:30:222,4.295198312907513,3.018128324979352,221.86417541860925,-0.3294139337489258,0.023933029267676004,0.003292974411807739,221.92627190423548,-19,1,0
15:20:30:346,4.309986102033398,3.053363686060558,222.4943062129623,-0.3098046560257011,0.007801000362868516,-0.0006482115847523342,222.5569933908762,-18,0,0
15:20:30:472,4.277628156040821,3.0034697112402258,222.22323973538224,-0.32305519511125436,0.013620269870620937,-0.004487068878423622,222.28469855443683,-19,1,0
15:20:30:594,4.315057993837568,3.016545879110708,222.8961555763741,-0.31335714544386395,0.011093981364796949,-0.002665521054628527,222.95832670088402,-18,1,0
15:20:30:748,4.306792089151911,3.008844817300335,222.50453560646343,-0.3201270234590385,0.015547774553687969,-0.0013748504331576373,222.56655177874714,-18,1,0
15:20:30:878,4.326936585908777,3.0331985371090524,222.56472950259428,-0.30692244070160496,0.022052677050863875,-0.0022494793053643475,222.62744999695556,-18,1,0
15:20:30:999,4.312293610367556,3.0385013571344364,222.83801565740632,-0.3038733268437131,0.013767203918138056,-0.0036429943858896532,222.900447708859,-17,1,0
15:20:31:131,4.3439769702046185,3.0668682210630323,223.17184541176704,-0.2996453865711843,0.011250938639928414,-0.0006110456304999632,223.23518629709045,-17,1,0
15:20:31:247,4.326134681117106,3.011215139999172,222.617037871987,-0.31648462917536474,0.025015274143025713,-0.0030520961310629984,222.67942969389026,-18,1,0
15:20:31:373,4.33757420386674,3.0438634696903235,223.11276193535033,-0.30098344370769725,0.022117380181883008,-0.0023186781204518887,223.1756801114684,-17,1,0
15:20:31:498,4.2855487199738596,3.0162207999680763,221.71034602709625,-0.32228875706766485,0.036997277423738276,0.000625197585728757,221.77227295403767,-18,2,0
15:20:31:616,4.33757420386674,3.0438634696903235,223.11276193535033,-0.30098344370769725,0.022117380181883008,-0.0023186781204518887,223.1756801114684,-17,1,0
15:20:31:741,4.290496494327386,3.0169755369115934,222.91704425044927,-0.3128076589733868,0.02618803352469542,5.300173427845321e-05,222.97874140580063,-18,1,0
15:20:31:865,4.33757420386674,3.0438634696903235,223.11276193535033,-0.30098344370769725,0.022117380181883008,-0.0023186781204518887,223.1756801114684,-17,1,0
15:20:31:985,4.292356518158865,2.998151310686943,221.9445809717987,-0.32615121105296546,0.0214861885858923,-0.003088174306173973,222.00632932082829,-19,1,0
15:20:32:113,4.314305109254398,2.9948041990612118,222.95784131152416,-0.32253410974992325,0.014286730586986832,-0.0034776483285531056,223.01968765797616,-18,1,0
15:20:32:232,4.321464608396101,3.003494098412013,222.22436470826932,-0.32318466782338257,0.023471513561075727,2.164735335417007e-05,222.2866714473783,-19,1,0
15:20:32:359,4.3511554211964825,3.016121746358269,222.87205790241603,-0.3140284497257978,0.03315838160461233,-0.0017193512634318213,222.934931622539,-18,2,0
15:20:32:484,4.3511554211964825,3.016121746358269,222.87205790241603,-0.3140284497257978,0.03315838160461233,-0.0017193512634318213,222.934931622539,-18,2,0
15:20:32:644,4.326134681117106,3.011215139999172,222.617037871987,-0.31648462917536474,0.025015274143025713,-0.0030520961310629984,222.67942969389026,-18,1,0
15:20:32:766,4.339952215006875,3.0001509694751056,223.23803417635946,-0.3196465892427601,0.022185722482882624,-0.0021439860584031283,223.30037168350978,-18,1,0
15:20:32:890,4.326563734931334,2.9692575380192765,222.69865785731207,-0.3145560703960878,0.02870111238654365,-0.0030055527179225984,222.7604719323598,-18,2,0
15:20:33:013,4.329098711654818,2.989518924020963,222.6789042156259,-0.3255518062594358,0.022119566375380335,-0.0020750295110838093,222.7410440438049,-19,1,0
15:20:33:131,4.295120303104403,2.976547536973849,222.00132879285027,-0.33503314751259566,0.018780218848583153,-0.0021171641084684317,222.06282417246075,-19,1,0
15:20:33:256,4.2630542293294456,2.9683804321673932,221.57361632698402,-0.34224459728334783,0.028695105532176836,-0.000535225270975499,221.63450174999784,-20,2,0
15:20:33:379,4.298622903274493,2.9563711438679037,222.03149341238938,-0.3241375471389231,0.012160587484042442,-0.0013917258915199023,222.09277871227772,-19,1,0
15:20:33:502,4.329098711654818,2.989518924020963,222.6789042156259,-0.3255518062594358,0.022119566375380335,-0.0020750295110838093,222.7410440438049,-19,1,0
15:20:33:627,4.295120303104403,2.976547536973849,222.00132879285027,-0.33503314751259566,0.018780218848583153,-0.0021171641084684317,222.06282417246075,-19,1,0
15:20:33:748,4.298622903274493,2.9563711438679037,222.03149341238938,-0.3241375471389231,0.012160587484042442,-0.0013917258915199023,222.09277871227772,-19,1,0
15:20:33:874,4.332707526622217,2.9694779818620542,222.71194132637262,-0.31426806353479425,0.01538850837675955,-0.0013511165282677781,222.77387405922997,-18,1,0
15:20:33:993,4.305980769125334,2.9871259622934185,222.56081720715116,-0.329213325253193,0.018708450757129496,-0.0021840693915504807,222.6225095263586,-19,1,0
15:20:34:124,4.329098711654818,2.989518924020963,222.6789042156259,-0.3255518062594358,0.022119566375380335,-0.0020750295110838093,222.7410440438049,-19,1,0
15:20:34:245,4.329098711654818,2.989518924020963,222.6789042156259,-0.3255518062594358,0.022119566375380335,-0.0020750295110838093,222.7410440438049,-19,1,0
15:20:34:365,4.368997880119878,2.9852863235339306,223.5400050563334,-0.30545336893440295,0.023370983628396364,-8.437999862589468e-05,223.60262506843594,-18,1,0
15:20:34:491,4.281994040286176,3.001959725643558,222.24110248157177,-0.3425578146485563,0.005405904083794842,-0.0026020640677763586,222.30262001915298,-20,0,0
15:20:34:609,4.277628156040821,3.0034697112402258,222.22323973538224,-0.32305519511125436,0.013620269870620937,-0.004487068878423622,222.28469855443683,-19,1,0
15:20:34:760,4.295120303104403,2.976547536973849,222.00132879285027,-0.33503314751259566,0.018780218848583153,-0.0021171641084684317,222.06282417246075,-19,1,0
15:20:34:904,4.326134681117106,3.011215139999172,222.617037871987,-0.31648462917536474,0.025015274143025713,-0.0030520961310629984,222.67942969389026,-18,1,0
15:20:35:021,4.329098711654818,2.989518924020963,222.6789042156259,-0.3255518062594358,0.022119566375380335,-0.0020750295110838093,222.7410440438049,-19,1,0
15:20:35:145,4.329098711654818,2.989518924020963,222.6789042156259,-0.3255518062594358,0.022119566375380335,-0.0020750295110838093,222.7410440438049,-19,1,0
15:20:35:267,4.2630542293294456,2.9683804321673932,221.57361632698402,-0.34224459728334783,0.028695105532176836,-0.000535225270975499,221.63450174999784,-20,2,0
15:20:35:433,4.329098711654818,2.989518924020963,222.6789042156259,-0.3255518062594358,0.022119566375380335,-0.0020750295110838093,222.7410440438049,-19,1,0
15:20:35:556,4.295120303104403,2.976547536973849,222.00132879285027,-0.33503314751259566,0.018780218848583153,-0.0021171641084684317,222.06282417246075,-19,1,0
15:20:35:764,4.292840508365751,2.956253962191775,222.0243036881722,-0.3244047733085564,0.02493743356248346,-0.003038163293265492,222.08547756514147,-19,1,0
15:20:35:890,4.329098711654818,2.989518924020963,222.6789042156259,-0.3255518062594358,0.022119566375380335,-0.0020750295110838093,222.7410440438049,-19,1,0
15:20:36:008,4.326134681117106,3.011215139999172,222.617037871987,-0.31648462917536474,0.025015274143025713,-0.0030520961310629984,222.67942969389026,-18,1,0
15:20:36:126,4.332707526622217,2.9694779818620542,222.71194132637262,-0.31426806353479425,0.01538850837675955,-0.0013511165282677781,222.77387405922997,-18,1,0
15:20:36:255,4.329098711654818,2.989518924020963,222.6789042156259,-0.3255518062594358,0.022119566375380335,-0.0020750295110838093,222.7410440438049,-19,1,0
15:20:36:376,4.329098711654818,2.989518924020963,222.6789042156259,-0.3255518062594358,0.022119566375380335,-0.0020750295110838093,222.7410440438049,-19,1,0
15:20:36:495,4.329098711654818,2.989518924020963,222.6789042156259,-0.3255518062594358,0.022119566375380335,-0.0020750295110838093,222.7410440438049,-19,1,0
15:20:36:621,4.283619902052447,2.961333908937617,222.2937612368949,-0.32130356229202156,0.004196757867228679,-0.0027861055365963907,222.3547507539048,-18,0,0
15:20:36:738,4.267975374494513,3.0269497679005117,222.44994771183792,-0.3502653360799478,-0.0076044667067070824,-0.003090525938547038,222.51147672804228,-20,0,0
15:20:36:867,4.281994040286176,3.001959725643558,222.24110248157177,-0.3425578146485563,0.005405904083794842,-0.0026020640677763586,222.30262001915298,-20,0,0
15:20:36:989,4.314305109254398,2.9948041990612118,222.95784131152416,-0.32253410974992325,0.014286730586986832,-0.0034776483285531056,223.01968765797616,-18,1,0
15:20:37:142,4.295120303104403,2.976547536973849,222.00132879285027,-0.33503314751259566,0.018780218848583153,-0.0021171641084684317,222.06282417246075,-19,1,0
15:20:37:278,4.329098711654818,2.989518924020963,222.6789042156259,-0.3255518062594358,0.022119566375380335,-0.0020750295110838093,222.7410440438049,-19,1,0
15:20:37:398,4.280210622122065,2.981728780669285,222.27616075547112,-0.3321003547976632,0.011096831010826487,-0.0035177929153219403,222.33736201925947,-19,1,0
15:20:37:524,4.311534411015618,3.016648548746181,222.90016621988698,-0.31329118427655855,0.016992661611798285,-0.00445299356623881,222.96226945000643,-18,1,0
15:20:37:647,4.329098711654818,2.989518924020963,222.6789042156259,-0.3255518062594358,0.022119566375380335,-0.0020750295110838093,222.7410440438049,-19,1,0
15:20:37:767,4.292840508365751,2.956253962191775,222.0243036881722,-0.3244047733085564,0.02493743356248346,-0.003038163293265492,222.08547756514147,-19,1,0
15:20:37:894,4.295120303104403,2.976547536973849,222.00132879285027,-0.33503314751259566,0.018780218848583153,-0.0021171641084684317,222.06282417246075,-19,1,0
15:20:38:011,4.292840508365751,2.956253962191775,222.0243036881722,-0.3244047733085564,0.02493743356248346,-0.003038163293265492,222.08547756514147,-19,1,0
15:20:38:139,4.295120303104403,2.976547536973849,222.00132879285027,-0.33503314751259566,0.018780218848583153,-0.0021171641084684317,222.06282417246075,-19,1,0
15:20:38:256,4.326134681117106,3.011215139999172,222.617037871987,-0.31648462917536474,0.025015274143025713,-0.0030520961310629984,222.67942969389026,-18,1,0
15:20:38:385,4.329098711654818,2.989518924020963,222.6789042156259,-0.3255518062594358,0.022119566375380335,-0.0020750295110838093,222.7410440438049,-19,1,0
15:20:38:505,4.329098711654818,2.989518924020963,222.6789042156259,-0.3255518062594358,0.022119566375380335,-0.0020750295110838093,222.7410440438049,-19,1,0
15:20:38:626,4.348193788883026,2.9609599440427345,222.2738765279847,-0.3219629139383036,0.00522665748234067,-0.0027761336396283833,222.33612000705978,-18,0,0
15:20:38:755,4.326563734931334,2.9692575380192765,222.69865785731207,-0.3145560703960878,0.02870111238654365,-0.0030055527179225984,222.7604719323598,-18,2,0
15:20:38:874,4.332707526622217,2.9694779818620542,222.71194132637262,-0.31426806353479425,0.01538850837675955,-0.0013511165282677781,222.77387405922997,-18,1,0
15:20:39:000,4.295120303104403,2.976547536973849,222.00132879285027,-0.33503314751259566,0.018780218848583153,-0.0021171641084684317,222.06282417246075,-19,1,0
15:20:39:127,4.295120303104403,2.976547536973849,222.00132879285027,-0.33503314751259566,0.018780218848583153,-0.0021171641084684317,222.06282417246075,-19,1,0
15:20:39:246,4.329098711654818,2.989518924020963,222.6789042156259,-0.3255518062594358,0.022119566375380335,-0.0020750295110838093,222.7410440438049,-19,1,0
15:20:39:365,4.329098711654818,2.989518924020963,222.6789042156259,-0.3255518062594358,0.022119566375380335,-0.0020750295110838093,222.7410440438049,-19,1,0
15:20:39:486,4.296648427651947,2.9810958614510694,222.2420669415977,-0.3330926762477646,0.03224803262867081,-0.00048815358222698,222.30358620301112,-19,2,0
15:20:39:613,4.345792542005372,2.9865174834469834,222.52751340278266,-0.3299754051272737,0.03421934662861123,0.0005586519478527065,222.5899805038913,-19,2,0
15:20:39:738,4.435058168656951,3.004942740298281,223.53649018099492,-0.3252387878774279,0.0330082582273902,0.004710275301162927,223.60067500852918,-19,2,0
15:20:39:859,4.295120303104403,2.976547536973849,222.00132879285027,-0.33503314751259566,0.018780218848583153,-0.0021171641084684317,222.06282417246075,-19,1,0
15:20:39:979,4.329098711654818,2.989518924020963,222.6789042156259,-0.3255518062594358,0.022119566375380335,-0.0020750295110838093,222.7410440438049,-19,1,0
15:20:40:106,4.351901299267506,3.038229451279165,222.82315292881702,-0.30432883892127477,0.030401341615140805,-0.0009219246223421559,222.88635526710954,-17,2,0
15:20:40:229,4.314305109254398,2.9948041990612118,222.95784131152416,-0.32253410974992325,0.014286730586986832,-0.0034776483285531056,223.01968765797616,-18,1,0
15:20:40:378,4.303922129695658,3.030582637292267,222.44262826808458,-0.3109911026824155,0.01826116129124502,-0.0023502713584992695,222.50490117665544,-18,1,0
15:20:40:511,4.295120303104403,2.976547536973849,222.00132879285027,-0.33503314751259566,0.018780218848583153,-0.0021171641084684317,222.06282417246075,-19,1,0
15:20:40:639,4.356268356371438,3.0156496389915968,222.7845601046724,-0.3050433643694196,0.019781806390922512,0.0008032749285932542,222.84755201206556,-17,1,0
15:20:40:853,4.304516746854964,3.0350311855069663,222.67350282373073,-0.3092079331675366,0.033331588511826896,-0.0007354077009654603,222.73578324667767,-18,2,0
15:20:40:977,4.312293610367556,3.0385013571344364,222.83801565740632,-0.3038733268437131,0.013767203918138056,-0.0036429943858896532,222.900447708859,-17,1,0
15:20:41:098,4.280210622122065,2.981728780669285,222.27616075547112,-0.3321003547976632,0.011096831010826487,-0.0035177929153219403,222.33736201925947,-19,1,0
15:20:41:251,4.33685286794122,3.0218640864692534,223.17068142252077,-0.31056280545555215,0.025141886787655658,-0.003123354195622401,223.23327037417053,-18,1,0
15:20:41:373,4.33757420386674,3.0438634696903235,223.11276193535033,-0.30098344370769725,0.022117380181883008,-0.0023186781204518887,223.1756801114684,-17,1,0
15:20:41:500,4.312293610367556,3.0385013571344364,222.83801565740632,-0.3038733268437131,0.013767203918138056,-0.0036429943858896532,222.900447708859,-17,1,0
15:20:41:621,4.307987524218452,3.013549865694337,222.75073882172902,-0.3180570731382981,0.029983256156543726,0.0002457197964194365,222.8127731637663,-18,2,0
15:20:41:747,4.326936585908777,3.0331985371090524,222.56472950259428,-0.30692244070160496,0.022052677050863875,-0.0022494793053643475,222.62744999695556,-18,1,0
15:20:41:906,4.311534411015618,3.016648548746181,222.90016621988698,-0.31329118427655855,0.016992661611798285,-0.00445299356623881,222.96226945000643,-18,1,0
15:20:42:032,4.351901299267506,3.038229451279165,222.82315292881702,-0.30432883892127477,0.030401341615140805,-0.0009219246223421559,222.88635526710954,-17,2,0
15:20:42:156,4.29410427587323,3.024435870879543,222.12612720821403,-0.31503157096170087,0.03288109861041128,-0.0006673854987230119,222.1882151068972,-18,2,0
15:20:42:276,4.288952614829283,2.994959138141185,221.78565982781743,-0.3308083379058886,0.03373456660976226,0.0016015966514906965,221.84734345948732,-19,2,0
15:20:42:427,4.312293610367556,3.0385013571344364,222.83801565740632,-0.3038733268437131,0.013767203918138056,-0.0036429943858896532,222.900447708859,-17,1,0
15:20:42:567,4.326936585908777,3.0331985371090524,222.56472950259428,-0.30692244070160496,0.022052677050863875,-0.0022494793053643475,222.62744999695556,-18,1,0
15:20:42:686,4.281030834604536,3.003298225495427,222.21539063076105,-0.3231745094186465,0.00778329254962899,-0.002703783263864765,222.27691481217707,-19,0,0
15:20:42:813,4.2932416045219455,3.019953500331694,221.89316556912468,-0.3168657479184758,0.018368221768513878,-0.002283056060131395,221.95524091335608,-18,1,0
15:20:42:930,4.278467582500095,3.025147500924802,222.16226045561922,-0.3138998511455206,0.010256642933019035,-0.003674959777283687,222.22404634289072,-18,1,0
15:20:43:057,4.278467582500095,3.025147500924802,222.16226045561922,-0.3138998511455206,0.010256642933019035,-0.003674959777283687,222.22404634289072,-18,1,0
15:20:43:183,4.312293610367556,3.0385013571344364,222.83801565740632,-0.3038733268437131,0.013767203918138056,-0.0036429943858896532,222.900447708859,-17,1,0
15:20:43:301,4.271291638941288,3.022045472425424,222.01330863550132,-0.31883690261043346,0.029200491404005314,-0.0007720013592299917,222.07495559469254,-18,2,0
15:20:43:426,4.2855487199738596,3.0162207999680763,221.71034602709625,-0.32228875706766485,0.036997277423738276,0.000625197585728757,221.77227295403767,-18,2,0
15:20:43:553,4.278467582500095,3.025147500924802,222.16226045561922,-0.3138998511455206,0.010256642933019035,-0.003674959777283687,222.22404634289072,-18,1,0
15:20:43:672,4.2932416045219455,3.019953500331694,221.89316556912468,-0.3168657479184758,0.018368221768513878,-0.002283056060131395,221.95524091335608,-18,1,0
15:20:43:794,4.312293610367556,3.0385013571344364,222.83801565740632,-0.3038733268437131,0.013767203918138056,-0.0036429943858896532,222.900447708859,-17,1,0
15:20:43:916,4.303922129695658,3.030582637292267,222.44262826808458,-0.3109911026824155,0.01826116129124502,-0.0023502713584992695,222.50490117665544,-18,1,0
15:20:44:042,4.282822869400841,3.0084622935072844,222.48616602206653,-0.32074755330607074,0.02185304981247909,-0.0010866059210193411,222.54771957560175,-18,1,0
15:20:44:166,4.3183950443033625,3.025080382947711,222.15816396271035,-0.31422761103503344,0.02638504943956967,-0.0009554701166774029,222.2207223963698,-18,1,0
15:20:44:284,4.321464608396101,3.003494098412013,222.22436470826932,-0.32318466782338257,0.023471513561075727,2.164735335417007e-05,222.2866714473783,-19,1,0
15:20:44:413,4.278467582500095,3.025147500924802,222.16226045561922,-0.3138998511455206,0.010256642933019035,-0.003674959777283687,222.22404634289072,-18,1,0
15:20:44:534,4.351901299267506,3.038229451279165,222.82315292881702,-0.30432883892127477,0.030401341615140805,-0.0009219246223421559,222.88635526710954,-17,2,0
15:20:44:659,4.33757420386674,3.0438634696903235,223.11276193535033,-0.30098344370769725,0.022117380181883008,-0.0023186781204518887,223.1756801114684,-17,1,0
15:20:44:776,4.33757420386674,3.0438634696903235,223.11276193535033,-0.30098344370769725,0.022117380181883008,-0.0023186781204518887,223.1756801114684,-17,1,0
15:20:44:902,4.2932416045219455,3.019953500331694,221.89316556912468,-0.3168657479184758,0.018368221768513878,-0.002283056060131395,221.95524091335608,-18,1,0
15:20:45:025,4.312293610367556,3.0385013571344364,222.83801565740632,-0.3038733268437131,0.013767203918138056,-0.0036429943858896532,222.900447708859,-17,1,0
15:20:45:147,4.339952215006875,3.0001509694751056,223.23803417635946,-0.3196465892427601,0.022185722482882624,-0.0021439860584031283,223.30037168350978,-18,1,0
15:20:45:270,4.351901299267506,3.038229451279165,222.82315292881702,-0.30432883892127477,0.030401341615140805,-0.0009219246223421559,222.88635526710954,-17,2,0
15:20:45:393,4.311534411015618,3.016648548746181,222.90016621988698,-0.31329118427655855,0.016992661611798285,-0.00445299356623881,222.96226945000643,-18,1,0
15:20:45:517,4.326936585908777,3.0331985371090524,222.56472950259428,-0.30692244070160496,0.022052677050863875,-0.0022494793053643475,222.62744999695556,-18,1,0
15:20:45:638,4.312293610367556,3.0385013571344364,222.83801565740632,-0.3038733268437131,0.013767203918138056,-0.0036429943858896532,222.900447708859,-17,1,0
15:20:45:760,4.312293610367556,3.0385013571344364,222.83801565740632,-0.3038733268437131,0.013767203918138056,-0.0036429943858896532,222.900447708859,-17,1,0
15:20:45:887,4.295991713823455,2.9982369568016436,221.9498793237854,-0.32598064027213497,0.015693269950779517,-0.001309870274306232,222.0116976681573,-19,1,0
15:20:46:034,4.292356518158865,2.998151310686943,221.9445809717987,-0.32615121105296546,0.0214861885858923,-0.003088174306173973,222.00632932082829,-19,1,0
15:20:46:171,4.3183950443033625,3.025080382947711,222.15816396271035,-0.31422761103503344,0.02638504943956967,-0.0009554701166774029,222.2207223963698,-18,1,0
15:20:46:300,4.329901068620116,3.011387003714468,222.62683528983814,-0.31623447238120933,0.0191690327971019,-0.0012699802177146046,222.6892998913933,-18,1,0
15:20:46:415,4.326936585908777,3.0331985371090524,222.56472950259428,-0.30692244070160496,0.022052677050863875,-0.0022494793053643475,222.62744999695556,-18,1,0
15:20:46:544,4.277628156040821,3.0034697112402258,222.22323973538224,-0.32305519511125436,0.013620269870620937,-0.004487068878423622,222.28469855443683,-19,1,0
15:20:46:666,4.33757420386674,3.0438634696903235,223.11276193535033,-0.30098344370769725,0.022117380181883008,-0.0023186781204518887,223.1756801114684,-17,1,0
15:20:46:789,4.249182853830045,2.9954579709335936,221.8135627978928,-0.33024721125771567,0.01827960474889151,-0.0011291789327101552,221.8744802010264,-19,1,0
15:20:46:913,4.260824741658735,3.0114812088673766,221.4644065994441,-0.32459640005499335,0.02894563565616244,-0.0007060675405536573,221.52586087631934,-19,2,0
15:20:47:035,4.274501577176828,3.0006199823752544,222.0837248688889,-0.32753887563619194,0.026103932634688097,0.00020312854717793107,222.1451235918814,-19,1,0
15:20:47:162,4.351901299267506,3.038229451279165,222.82315292881702,-0.30432883892127477,0.030401341615140805,-0.0009219246223421559,222.88635526710954,-17,2,0
15:20:47:321,4.2932416045219455,3.019953500331694,221.89316556912468,-0.3168657479184758,0.018368221768513878,-0.002283056060131395,221.95524091335608,-18,1,0
15:20:47:442,4.307987524218452,3.013549865694337,222.75073882172902,-0.3180570731382981,0.029983256156543726,0.0002457197964194365,222.8127731637663,-18,2,0
15:20:47:642,4.326936585908777,3.0331985371090524,222.56472950259428,-0.30692244070160496,0.022052677050863875,-0.0022494793053643475,222.62744999695556,-18,1,0
15:20:47:771,4.315057993837568,3.016545879110708,222.8961555763741,-0.31335714544386395,0.011093981364796949,-0.002665521054628527,222.95832670088402,-18,1,0
15:20:47:895,4.326936585908777,3.0331985371090524,222.56472950259428,-0.30692244070160496,0.022052677050863875,-0.0022494793053643475,222.62744999695556,-18,1,0
15:20:48:019,4.263899835849761,2.99007142167317,221.52954207413495,-0.33328518299440546,0.02592100182793597,0.0002667535095989478,221.59074750650757,-19,1,0
15:20:48:141,4.278467582500095,3.025147500924802,222.16226045561922,-0.3138998511455206,0.010256642933019035,-0.003674959777283687,222.22404634289072,-18,1,0
15:20:48:265,4.271291638941288,3.022045472425424,222.01330863550132,-0.31883690261043346,0.029200491404005314,-0.0007720013592299917,222.07495559469254,-18,2,0
15:20:48:386,4.312293610367556,3.0385013571344364,222.83801565740632,-0.3038733268437131,0.013767203918138056,-0.0036429943858896532,222.900447708859,-17,1,0
15:20:48:510,4.33757420386674,3.0438634696903235,223.11276193535033,-0.30098344370769725,0.022117380181883008,-0.0023186781204518887,223.1756801114684,-17,1,0
15:20:48:634,4.2932416045219455,3.019953500331694,221.89316556912468,-0.3168657479184758,0.018368221768513878,-0.002283056060131395,221.95524091335608,-18,1,0
15:20:48:754,4.33757420386674,3.0438634696903235,223.11276193535033,-0.30098344370769725,0.022117380181883008,-0.0023186781204518887,223.1756801114684,-17,1,0
15:20:48:878,4.326936585908777,3.0331985371090524,222.56472950259428,-0.30692244070160496,0.022052677050863875,-0.0022494793053643475,222.62744999695556,-18,1,0
15:20:48:999,4.351901299267506,3.038229451279165,222.82315292881702,-0.30432883892127477,0.030401341615140805,-0.0009219246223421559,222.88635526710954,-17,2,0
15:20:49:129,4.322303987396064,3.0077531246457574,222.44715284295287,-0.32144142970623796,0.03773437189919137,0.001646586296265252,222.50947103113234,-18,2,0
15:20:49:249,4.277628156040821,3.0034697112402258,222.22323973538224,-0.32305519511125436,0.013620269870620937,-0.004487068878423622,222.28469855443683,-19,1,0
15:20:49:368,4.304516746854964,3.0350311855069663,222.67350282373073,-0.3092079331675366,0.033331588511826896,-0.0007354077009654603,222.73578324667767,-18,2,0
15:20:49:495,4.2932416045219455,3.019953500331694,221.89316556912468,-0.3168657479184758,0.018368221768513878,-0.002283056060131395,221.95524091335608,-18,1,0
15:20:49:619,4.340681606529102,3.0220431836057897,223.18075613079796,-0.3103020270802317,0.019173910888458476,-0.0013369796595158116,223.24341909433198,-18,1,0
15:20:49:739,4.351901299267506,3.038229451279165,222.82315292881702,-0.30432883892127477,0.030401341615140805,-0.0009219246223421559,222.88635526710954,-17,2,0
15:20:49:860,4.303922129695658,3.030582637292267,222.44262826808458,-0.3109911026824155,0.01826116129124502,-0.0023502713584992695,222.50490117665544,-18,1,0
15:20:49:986,4.304516746854964,3.0350311855069663,222.67350282373073,-0.3092079331675366,0.033331588511826896,-0.0007354077009654603,222.73578324667767,-18,2,0
15:20:50:111,4.310119756956492,3.0412688243077133,222.96353892798237,-0.2993900341546345,0.0332196410440594,-0.0008319397013362644,223.0259315408657,-17,2,0
15:20:50:233,4.282822869400841,3.0084622935072844,222.48616602206653,-0.32074755330607074,0.02185304981247909,-0.0010866059210193411,222.54771957560175,-18,1,0
15:20:50:352,4.2932416045219455,3.019953500331694,221.89316556912468,-0.3168657479184758,0.018368221768513878,-0.002283056060131395,221.95524091335608,-18,1,0
15:20:50:521,4.278467582500095,3.025147500924802,222.16226045561922,-0.3138998511455206,0.010256642933019035,-0.003674959777283687,222.22404634289072,-18,1,0
15:20:50:640,4.355221666546796,3.016573784285931,222.8958850951875,-0.31345441155542364,0.027251367794535214,6.143612560042791e-05,222.95883760355372,-18,2,0
15:20:50:763,4.33757420386674,3.0438634696903235,223.11276193535033,-0.30098344370769725,0.022117380181883008,-0.0023186781204518887,223.1756801114684,-17,1,0
15:20:50:887,4.246293476167172,3.0170164560192725,221.75275542636834,-0.32139022037664927,0.02113243384064772,-0.0021004515721813086,221.81392637922525,-18,1,0
15:20:51:009,4.354458944376344,2.994574570104481,222.9442717369148,-0.322918657332069,0.030016532060830152,-0.0007385873202659722,223.00689919788914,-19,2,0
15:20:51:135,4.355221666546796,3.016573784285931,222.8958850951875,-0.31345441155542364,0.027251367794535214,6.143612560042791e-05,222.95883760355372,-18,2,0
15:20:51:256,4.306792089151911,3.008844817300335,222.50453560646343,-0.3201270234590385,0.015547774553687969,-0.0013748504331576373,222.56655177874714,-18,1,0
15:20:51:381,4.326936585908777,3.0331985371090524,222.56472950259428,-0.30692244070160496,0.022052677050863875,-0.0022494793053643475,222.62744999695556,-18,1,0
15:20:51:533,4.344808944940098,2.981369072811443,222.25636737106643,-0.332706359281978,0.012064010569760449,-0.0035068237568951365,222.31882233247546,-19,1,0
15:20:51:664,4.3183950443033625,3.025080382947711,222.15816396271035,-0.31422761103503344,0.02638504943956967,-0.0009554701166774029,222.2207223963698,-18,1,0
15:20:51:792,4.249182853830045,2.9954579709335936,221.8135627978928,-0.33024721125771567,0.01827960474889151,-0.0011291789327101552,221.8744802010264,-19,1,0
15:20:51:913,4.29410427587323,3.024435870879543,222.12612720821403,-0.31503157096170087,0.03288109861041128,-0.0006673854987230119,222.1882151068972,-18,2,0
15:20:52:036,4.281030834604536,3.003298225495427,222.21539063076105,-0.3231745094186465,0.00778329254962899,-0.002703783263864765,222.27691481217707,-19,0,0
15:20:52:157,4.33757420386674,3.0438634696903235,223.11276193535033,-0.30098344370769725,0.022117380181883008,-0.0023186781204518887,223.1756801114684,-17,1,0
15:20:52:281,4.278467582500095,3.025147500924802,222.16226045561922,-0.3138998511455206,0.010256642933019035,-0.003674959777283687,222.22404634289072,-18,1,0
15:20:52:404,4.2932416045219455,3.019953500331694,221.89316556912468,-0.3168657479184758,0.018368221768513878,-0.002283056060131395,221.95524091335608,-18,1,0
15:20:52:528,4.351901299267506,3.038229451279165,222.82315292881702,-0.30432883892127477,0.030401341615140805,-0.0009219246223421559,222.88635526710954,-17,2,0
15:20:52:651,4.303102325184279,3.008757413955604,222.49921845184747,-0.32030315888379035,0.02145635847094895,-0.0031574005423600023,222.5611635539318,-18,1,0
15:20:52:773,4.3183950443033625,3.025080382947711,222.15816396271035,-0.31422761103503344,0.02638504943956967,-0.0009554701166774029,222.2207223963698,-18,1,0
15:20:52:896,4.351901299267506,3.038229451279165,222.82315292881702,-0.30432883892127477,0.030401341615140805,-0.0009219246223421559,222.88635526710954,-17,2,0
15:20:53:018,4.33757420386674,3.0438634696903235,223.11276193535033,-0.30098344370769725,0.022117380181883008,-0.0023186781204518887,223.1756801114684,-17,1,0
15:20:53:140,4.311534411015618,3.016648548746181,222.90016621988698,-0.31329118427655855,0.016992661611798285,-0.00445299356623881,222.96226945000643,-18,1,0
15:20:53:265,4.312293610367556,3.0385013571344364,222.83801565740632,-0.3038733268437131,0.013767203918138056,-0.0036429943858896532,222.900447708859,-17,1,0
15:20:53:385,4.355221666546796,3.016573784285931,222.8958850951875,-0.31345441155542364,0.027251367794535214,6.143612560042791e-05,222.95883760355372,-18,2,0
15:20:53:512,4.282822869400841,3.0084622935072844,222.48616602206653,-0.32074755330607074,0.02185304981247909,-0.0010866059210193411,222.54771957560175,-18,1,0
15:20:53:633,4.3439769702046185,3.0668682210630323,223.17184541176704,-0.2996453865711843,0.011250938639928414,-0.0006110456304999632,223.23518629709045,-17,1,0
15:20:53:758,4.351901299267506,3.038229451279165,222.82315292881702,-0.30432883892127477,0.030401341615140805,-0.0009219246223421559,222.88635526710954,-17,2,0
15:20:53:883,4.326936585908777,3.0331985371090524,222.56472950259428,-0.30692244070160496,0.022052677050863875,-0.0022494793053643475,222.62744999695556,-18,1,0
15:20:54:000,4.355221666546796,3.016573784285931,222.8958850951875,-0.31345441155542364,0.027251367794535214,6.143612560042791e-05,222.95883760355372,-18,2,0
15:20:54:136,4.338258235110197,3.0243005589892062,223.2832622158604,-0.3062840280213754,0.038338061343335325,0.0014898083787558863,223.3458798906805,-18,2,0
15:20:54:251,4.2932416045219455,3.019953500331694,221.89316556912468,-0.3168657479184758,0.018368221768513878,-0.002283056060131395,221.95524091335608,-18,1,0
15:20:54:375,4.33757420386674,3.0438634696903235,223.11276193535033,-0.30098344370769725,0.022117380181883008,-0.0023186781204518887,223.1756801114684,-17,1,0
15:20:54:494,4.279708324653038,3.030101503498114,222.41966411471114,-0.31171713877843005,0.024930068845114176,-0.002063936020489631,222.48146979774862,-18,1,0
15:20:54:617,4.278467582500095,3.025147500924802,222.16226045561922,-0.3138998511455206,0.010256642933019035,-0.003674959777283687,222.22404634289072,-18,1,0
15:20:54:742,4.2932416045219455,3.019953500331694,221.89316556912468,-0.3168657479184758,0.018368221768513878,-0.002283056060131395,221.95524091335608,-18,1,0
15:20:54:864,4.278467582500095,3.025147500924802,222.16226045561922,-0.3138998511455206,0.010256642933019035,-0.003674959777283687,222.22404634289072,-18,1,0
15:20:54:991,4.279708324653038,3.030101503498114,222.41966411471114,-0.31171713877843005,0.024930068845114176,-0.002063936020489631,222.48146979774862,-18,1,0
15:20:55:111,4.278467582500095,3.025147500924802,222.16226045561922,-0.3138998511455206,0.010256642933019035,-0.003674959777283687,222.22404634289072,-18,1,0
15:20:55:234,4.305980769125334,2.9871259622934185,222.56081720715116,-0.329213325253193,0.018708450757129496,-0.0021840693915504807,222.6225095263586,-19,1,0
15:20:55:354,4.277628156040821,3.0034697112402258,222.22323973538224,-0.32305519511125436,0.013620269870620937,-0.004487068878423622,222.28469855443683,-19,1,0
15:20:55:479,4.278467582500095,3.025147500924802,222.16226045561922,-0.3138998511455206,0.010256642933019035,-0.003674959777283687,222.22404634289072,-18,1,0
15:20:55:604,4.278467582500095,3.025147500924802,222.16226045561922,-0.3138998511455206,0.010256642933019035,-0.003674959777283687,222.22404634289072,-18,1,0
15:20:55:723,4.278978762761359,3.0082245609543095,222.47271634850486,-0.32104995284781784,0.027764698281899373,-0.0028677670780520377,222.53419645920397,-18,2,0
15:20:55:847,4.280210622122065,2.981728780669285,222.27616075547112,-0.3321003547976632,0.011096831010826487,-0.0035177929153219403,222.33736201925947,-19,1,0
15:20:55:973,4.278467582500095,3.025147500924802,222.16226045561922,-0.3138998511455206,0.010256642933019035,-0.003674959777283687,222.22404634289072,-18,1,0
15:20:56:090,4.278467582500095,3.025147500924802,222.16226045561922,-0.3138998511455206,0.010256642933019035,-0.003674959777283687,222.22404634289072,-18,1,0
15:20:56:217,4.303922129695658,3.030582637292267,222.44262826808458,-0.3109911026824155,0.01826116129124502,-0.0023502713584992695,222.50490117665544,-18,1,0
15:20:56:341,4.2932416045219455,3.019953500331694,221.89316556912468,-0.3168657479184758,0.018368221768513878,-0.002283056060131395,221.95524091335608,-18,1,0
15:20:56:460,4.307987524218452,3.013549865694337,222.75073882172902,-0.3180570731382981,0.029983256156543726,0.0002457197964194365,222.8127731637663,-18,2,0
15:20:56:585,4.2599821387228705,2.989686858579798,221.50846196938696,-0.33376664641538845,0.03171795040234985,-0.0015057905498436076,221.56959267773624,-19,2,0
15:20:56:709,4.33757420386674,3.0438634696903235,223.11276193535033,-0.30098344370769725,0.022117380181883008,-0.0023186781204518887,223.1756801114684,-17,1,0
15:20:56:861,4.2855487199738596,3.0162207999680763,221.71034602709625,-0.32228875706766485,0.036997277423738276,0.000625197585728757,221.77227295403767,-18,2,0
15:20:56:994,4.279708324653038,3.030101503498114,222.41966411471114,-0.31171713877843005,0.024930068845114176,-0.002063936020489631,222.48146979774862,-18,1,0
15:20:57:120,4.297415887557346,3.002957495929206,222.1973722482588,-0.32388067534381126,0.029628752064181165,0.0003114492981383354,222.25921301728818,-19,2,0
15:20:57:244,4.2932416045219455,3.019953500331694,221.89316556912468,-0.3168657479184758,0.018368221768513878,-0.002283056060131395,221.95524091335608,-18,1,0
15:20:57:362,4.321464608396101,3.003494098412013,222.22436470826932,-0.32318466782338257,0.023471513561075727,2.164735335417007e-05,222.2866714473783,-19,1,0
15:20:57:528,4.340681606529102,3.0220431836057897,223.18075613079796,-0.3103020270802317,0.019173910888458476,-0.0013369796595158116,223.24341909433198,-18,1,0
15:20:57:653,4.278467582500095,3.025147500924802,222.16226045561922,-0.3138998511455206,0.010256642933019035,-0.003674959777283687,222.22404634289072,-18,1,0
15:20:57:773,4.3183950443033625,3.025080382947711,222.15816396271035,-0.31422761103503344,0.02638504943956967,-0.0009554701166774029,222.2207223963698,-18,1,0
15:20:57:899,4.303852415725992,3.0130389389190992,222.72345629429603,-0.3186676865470223,0.035951185187853146,-0.0015342292293780413,222.78541140061435,-18,2,0
15:20:58:021,4.322303987396064,3.0077531246457574,222.44715284295287,-0.32144142970623796,0.03773437189919137,0.001646586296265252,222.50947103113234,-18,2,0
15:20:58:144,4.312293610367556,3.0385013571344364,222.83801565740632,-0.3038733268437131,0.013767203918138056,-0.0036429943858896532,222.900447708859,-17,1,0
15:20:58:267,4.33757420386674,3.0438634696903235,223.11276193535033,-0.30098344370769725,0.022117380181883008,-0.0023186781204518887,223.1756801114684,-17,1,0
15:20:58:390,4.351901299267506,3.038229451279165,222.82315292881702,-0.30432883892127477,0.030401341615140805,-0.0009219246223421559,222.88635526710954,-17,2,0
15:20:58:511,4.303102325184279,3.008757413955604,222.49921845184747,-0.32030315888379035,0.02145635847094895,-0.0031574005423600023,222.5611635539318,-18,1,0
15:20:58:639,4.31835685553485,2.9930954492552813,222.81134177889302,-0.3148611099682535,0.0007985435190554037,-0.0009346721279641876,222.87328429313993,-18,0,0
15:20:58:759,4.33757420386674,3.0438634696903235,223.11276193535033,-0.30098344370769725,0.022117380181883008,-0.0023186781204518887,223.1756801114684,-17,1,0
15:20:58:882,4.263899835849761,2.99007142167317,221.52954207413495,-0.33328518299440546,0.02592100182793597,0.0002667535095989478,221.59074750650757,-19,1,0
15:20:59:048,4.297415887557346,3.002957495929206,222.1973722482588,-0.32388067534381126,0.029628752064181165,0.0003114492981383354,222.25921301728818,-19,2,0
15:20:59:174,4.249182853830045,2.9954579709335936,221.8135627978928,-0.33024721125771567,0.01827960474889151,-0.0011291789327101552,221.8744802010264,-19,1,0
15:20:59:295,4.311534411015618,3.016648548746181,222.90016621988698,-0.31329118427655855,0.016992661611798285,-0.00445299356623881,222.96226945000643,-18,1,0
15:20:59:412,4.340681606529102,3.0220431836057897,223.18075613079796,-0.3103020270802317,0.019173910888458476,-0.0013369796595158116,223.24341909433198,-18,1,0
15:20:59:538,4.274501577176828,3.0006199823752544,222.0837248688889,-0.32753887563619194,0.026103932634688097,0.00020312854717793107,222.1451235918814,-19,1,0
15:20:59:660,4.303922129695658,3.030582637292267,222.44262826808458,-0.3109911026824155,0.01826116129124502,-0.0023502713584992695,222.50490117665544,-18,1,0
15:20:59:789,4.326936585908777,3.0331985371090524,222.56472950259428,-0.30692244070160496,0.022052677050863875,-0.0022494793053643475,222.62744999695556,-18,1,0
15:20:59:906,4.315057993837568,3.016545879110708,222.8961555763741,-0.31335714544386395,0.011093981364796949,-0.002665521054628527,222.95832670088402,-18,1,0
15:21:00:034,4.278467582500095,3.025147500924802,222.16226045561922,-0.3138998511455206,0.010256642933019035,-0.003674959777283687,222.22404634289072,-18,1,0
15:21:00:155,4.326134681117106,3.011215139999172,222.617037871987,-0.31648462917536474,0.025015274143025713,-0.0030520961310629984,222.67942969389026,-18,1,0
15:21:00:300,4.329098711654818,2.989518924020963,222.6789042156259,-0.3255518062594358,0.022119566375380335,-0.0020750295110838093,222.7410440438049,-19,1,0
15:21:00:442,4.311534411015618,3.016648548746181,222.90016621988698,-0.31329118427655855,0.016992661611798285,-0.00445299356623881,222.96226945000643,-18,1,0
15:21:00:563,4.326134681117106,3.011215139999172,222.617037871987,-0.31648462917536474,0.025015274143025713,-0.0030520961310629984,222.67942969389026,-18,1,0
15:21:00:682,4.277628156040821,3.0034697112402258,222.22323973538224,-0.32305519511125436,0.013620269870620937,-0.004487068878423622,222.28469855443683,-19,1,0
15:21:00:811,4.278467582500095,3.025147500924802,222.16226045561922,-0.3138998511455206,0.010256642933019035,-0.003674959777283687,222.22404634289072,-18,1,0
15:21:00:931,4.351901299267506,3.038229451279165,222.82315292881702,-0.30432883892127477,0.030401341615140805,-0.0009219246223421559,222.88635526710954,-17,2,0
15:21:01:055,4.326936585908777,3.0331985371090524,222.56472950259428,-0.30692244070160496,0.022052677050863875,-0.0022494793053643475,222.62744999695556,-18,1,0
15:21:01:178,4.29335593159351,3.002470295948866,222.17111545093863,-0.32446366472785165,0.03547696653046852,-0.0014644806654690765,222.23287847154324,-19,2,0
15:21:01:300,4.281030834604536,3.003298225495427,222.21539063076105,-0.3231745094186465,0.00778329254962899,-0.002703783263864765,222.27691481217707,-19,0,0
15:21:01:466,4.278467582500095,3.025147500924802,222.16226045561922,-0.3138998511455206,0.010256642933019035,-0.003674959777283687,222.22404634289072,-18,1,0
15:21:01:586,4.315057993837568,3.016545879110708,222.8961555763741,-0.31335714544386395,0.011093981364796949,-0.002665521054628527,222.95832670088402,-18,1,0
15:21:01:752,4.29335593159351,3.002470295948866,222.17111545093863,-0.32446366472785165,0.03547696653046852,-0.0014644806654690765,222.23287847154324,-19,2,0
15:21:01:876,4.321464608396101,3.003494098412013,222.22436470826932,-0.32318466782338257,0.023471513561075727,2.164735335417007e-05,222.2866714473783,-19,1,0
15:21:01:999,4.29410427587323,3.024435870879543,222.12612720821403,-0.31503157096170087,0.03288109861041128,-0.0006673854987230119,222.1882151068972,-18,2,0
15:21:02:123,4.2932416045219455,3.019953500331694,221.89316556912468,-0.3168657479184758,0.018368221768513878,-0.002283056060131395,221.95524091335608,-18,1,0
15:21:02:242,4.274501577176828,3.0006199823752544,222.0837248688889,-0.32753887563619194,0.026103932634688097,0.00020312854717793107,222.1451235918814,-19,1,0
15:21:02:393,4.303852415725992,3.0130389389190992,222.72345629429603,-0.3186676865470223,0.035951185187853146,-0.0015342292293780413,222.78541140061435,-18,2,0
15:21:02:536,4.2737170621356695,2.978890451303704,222.13204868606545,-0.33653907809609185,0.028922572842338262,-0.0006005196829520021,222.19312657982155,-19,2,0
15:21:02:660,4.3183950443033625,3.025080382947711,222.15816396271035,-0.31422761103503344,0.02638504943956967,-0.0009554701166774029,222.2207223963698,-18,1,0
15:21:02:782,4.351901299267506,3.038229451279165,222.82315292881702,-0.30432883892127477,0.030401341615140805,-0.0009219246223421559,222.88635526710954,-17,2,0
15:21:02:899,4.303922129695658,3.030582637292267,222.44262826808458,-0.3109911026824155,0.01826116129124502,-0.0023502713584992695,222.50490117665544,-18,1,0
15:21:03:026,4.326936585908777,3.0331985371090524,222.56472950259428,-0.30692244070160496,0.022052677050863875,-0.0022494793053643475,222.62744999695556,-18,1,0
15:21:03:147,4.306792089151911,3.008844817300335,222.50453560646343,-0.3201270234590385,0.015547774553687969,-0.0013748504331576373,222.56655177874714,-18,1,0
15:21:03:269,4.315057993837568,3.016545879110708,222.8961555763741,-0.31335714544386395,0.011093981364796949,-0.002665521054628527,222.95832670088402,-18,1,0
15:21:03:395,4.321464608396101,3.003494098412013,222.22436470826932,-0.32318466782338257,0.023471513561075727,2.164735335417007e-05,222.2866714473783,-19,1,0
15:21:03:511,4.246293476167172,3.0170164560192725,221.75275542636834,-0.32139022037664927,0.02113243384064772,-0.0021004515721813086,221.81392637922525,-18,1,0
15:21:03:637,4.297415887557346,3.002957495929206,222.1973722482588,-0.32388067534381126,0.029628752064181165,0.0003114492981383354,222.25921301728818,-19,2,0
15:21:03:759,4.315057993837568,3.016545879110708,222.8961555763741,-0.31335714544386395,0.011093981364796949,-0.002665521054628527,222.95832670088402,-18,1,0
15:21:03:884,4.312293610367556,3.0385013571344364,222.83801565740632,-0.3038733268437131,0.013767203918138056,-0.0036429943858896532,222.900447708859,-17,1,0
15:21:04:005,4.340681606529102,3.0220431836057897,223.18075613079796,-0.3103020270802317,0.019173910888458476,-0.0013369796595158116,223.24341909433198,-18,1,0
15:21:04:171,4.312293610367556,3.0385013571344364,222.83801565740632,-0.3038733268437131,0.013767203918138056,-0.0036429943858896532,222.900447708859,-17,1,0
15:21:04:295,4.279708324653038,3.030101503498114,222.41966411471114,-0.31171713877843005,0.024930068845114176,-0.002063936020489631,222.48146979774862,-18,1,0
15:21:04:417,4.2932416045219455,3.019953500331694,221.89316556912468,-0.3168657479184758,0.018368221768513878,-0.002283056060131395,221.95524091335608,-18,1,0
15:21:04:538,4.279708324653038,3.030101503498114,222.41966411471114,-0.31171713877843005,0.024930068845114176,-0.002063936020489631,222.48146979774862,-18,1,0
15:21:04:666,4.321464608396101,3.003494098412013,222.22436470826932,-0.32318466782338257,0.023471513561075727,2.164735335417007e-05,222.2866714473783,-19,1,0
15:21:04:785,4.263899835849761,2.99007142167317,221.52954207413495,-0.33328518299440546,0.02592100182793597,0.0002667535095989478,221.59074750650757,-19,1,0
15:21:04:910,4.326936585908777,3.0331985371090524,222.56472950259428,-0.30692244070160496,0.022052677050863875,-0.0022494793053643475,222.62744999695556,-18,1,0
15:21:05:036,4.314305109254398,2.9948041990612118,222.95784131152416,-0.32253410974992325,0.014286730586986832,-0.0034776483285531056,223.01968765797616,-18,1,0
15:21:05:155,4.2993958001243575,2.975239191424661,221.8820467341173,-0.3270470024914325,0.005904183166298534,0.000407043738570892,221.94364040317382,-19,0,0
15:21:05:281,4.33757420386674,3.0438634696903235,223.11276193535033,-0.30098344370769725,0.022117380181883008,-0.0023186781204518887,223.1756801114684,-17,1,0
15:21:05:399,4.270516750959345,3.0002182733087617,222.0619197157394,-0.32804158431637537,0.03201578475197694,-0.0015734469791426591,222.12324239225217,-19,2,0
15:21:05:524,4.315057993837568,3.016545879110708,222.8961555763741,-0.31335714544386395,0.011093981364796949,-0.002665521054628527,222.95832670088402,-18,1,0
15:21:05:647,4.29410427587323,3.024435870879543,222.12612720821403,-0.31503157096170087,0.03288109861041128,-0.0006673854987230119,222.1882151068972,-18,2,0
15:21:05:769,4.315057993837568,3.016545879110708,222.8961555763741,-0.31335714544386395,0.011093981364796949,-0.002665521054628527,222.95832670088402,-18,1,0
15:21:05:894,4.31862869656525,3.029057536100805,222.36457824191842,-0.3127888405909017,0.0412494202093263,0.0006642735793418603,222.4271372833856,-18,2,0
15:21:06:059,4.2855487199738596,3.0162207999680763,221.71034602709625,-0.32228875706766485,0.036997277423738276,0.000625197585728757,221.77227295403767,-18,2,0
15:21:06:180,4.271291638941288,3.022045472425424,222.01330863550132,-0.31883690261043346,0.029200491404005314,-0.0007720013592299917,222.07495559469254,-18,2,0
15:21:06:304,4.315057993837568,3.016545879110708,222.8961555763741,-0.31335714544386395,0.011093981364796949,-0.002665521054628527,222.95832670088402,-18,1,0
15:21:06:424,4.33757420386674,3.0438634696903235,223.11276193535033,-0.30098344370769725,0.022117380181883008,-0.0023186781204518887,223.1756801114684,-17,1,0
15:21:06:593,4.281030834604536,3.003298225495427,222.21539063076105,-0.3231745094186465,0.00778329254962899,-0.002703783263864765,222.27691481217707,-19,0,0
15:21:06:710,4.326134681117106,3.011215139999172,222.617037871987,-0.31648462917536474,0.025015274143025713,-0.0030520961310629984,222.67942969389026,-18,1,0
15:21:06:835,4.2855487199738596,3.0162207999680763,221.71034602709625,-0.32228875706766485,0.036997277423738276,0.000625197585728757,221.77227295403767,-18,2,0
15:21:06:959,4.278467582500095,3.025147500924802,222.16226045561922,-0.3138998511455206,0.010256642933019035,-0.003674959777283687,222.22404634289072,-18,1,0
15:21:07:082,4.3183950443033625,3.025080382947711,222.15816396271035,-0.31422761103503344,0.02638504943956967,-0.0009554701166774029,222.2207223963698,-18,1,0
15:21:07:205,4.340681606529102,3.0220431836057897,223.18075613079796,-0.3103020270802317,0.019173910888458476,-0.0013369796595158116,223.24341909433198,-18,1,0
15:21:07:326,4.312293610367556,3.0385013571344364,222.83801565740632,-0.3038733268437131,0.013767203918138056,-0.0036429943858896532,222.900447708859,-17,1,0
15:21:07:451,4.33757420386674,3.0438634696903235,223.11276193535033,-0.30098344370769725,0.022117380181883008,-0.0023186781204518887,223.1756801114684,-17,1,0
15:21:07:575,4.351901299267506,3.038229451279165,222.82315292881702,-0.30432883892127477,0.030401341615140805,-0.0009219246223421559,222.88635526710954,-17,2,0
15:21:07:721,4.339952215006875,3.0001509694751056,223.23803417635946,-0.3196465892427601,0.022185722482882624,-0.0021439860584031283,223.30037168350978,-18,1,0
15:21:07:859,4.249182853830045,2.9954579709335936,221.8135627978928,-0.33024721125771567,0.01827960474889151,-0.0011291789327101552,221.8744802010264,-19,1,0
15:21:07:985,4.278467582500095,3.025147500924802,222.16226045561922,-0.3138998511455206,0.010256642933019035,-0.003674959777283687,222.22404634289072,-18,1,0
15:21:08:105,4.278467582500095,3.025147500924802,222.16226045561922,-0.3138998511455206,0.010256642933019035,-0.003674959777283687,222.22404634289072,-18,1,0
15:21:08:233,4.2932416045219455,3.019953500331694,221.89316556912468,-0.3168657479184758,0.018368221768513878,-0.002283056060131395,221.95524091335608,-18,1,0
15:21:08:349,4.326936585908777,3.0331985371090524,222.56472950259428,-0.30692244070160496,0.022052677050863875,-0.0022494793053643475,222.62744999695556,-18,1,0
15:21:08:475,4.326936585908777,3.0331985371090524,222.56472950259428,-0.30692244070160496,0.022052677050863875,-0.0022494793053643475,222.62744999695556,-18,1,0
15:21:08:599,4.260824741658735,3.0114812088673766,221.4644065994441,-0.32459640005499335,0.02894563565616244,-0.0007060675405536573,221.52586087631934,-19,2,0
15:21:08:718,4.260824741658735,3.0114812088673766,221.4644065994441,-0.32459640005499335,0.02894563565616244,-0.0007060675405536573,221.52586087631934,-19,2,0
15:21:08:847,4.278467582500095,3.025147500924802,222.16226045561922,-0.3138998511455206,0.010256642933019035,-0.003674959777283687,222.22404634289072,-18,1,0
15:21:08:966,4.281030834604536,3.003298225495427,222.21539063076105,-0.3231745094186465,0.00778329254962899,-0.002703783263864765,222.27691481217707,-19,0,0
15:21:09:092,4.269744530751202,3.012884717025966,221.59078473005565,-0.33219290158568315,0.016281370576376287,0.0019583873186337967,221.65239468581842,-19,1,0
15:21:09:211,4.246293476167172,3.0170164560192725,221.75275542636834,-0.32139022037664927,0.02113243384064772,-0.0021004515721813086,221.81392637922525,-18,1,0
15:21:09:377,4.2886866811066575,3.03119205466591,222.53738604573164,-0.31980343168070857,0.011757448595301328,0.0006158373295488344,222.5993466899397,-18,1,0
15:21:09:499,4.353543983169417,3.0734545871036043,222.4691529154939,-0.32102113953449507,0.009068435442034234,0.0005660174543191131,222.53297164072066,-18,1,0
15:21:09:620,4.416851475249875,3.0953495678816525,222.4155245873594,-0.3117986037700764,0.02045690832319111,0.0041849952478628695,222.48091006504825,-18,1,0
15:21:09:746,4.152078782182657,3.034990201042765,222.67564026095263,-0.30920069602193695,0.032729630604414625,-0.0008350957659297812,222.7350257354219,-18,2,0
15:21:09:871,4.291680435238823,3.073998002194531,222.5538266335379,-0.3298232474290085,0.005604725408171338,0.0015357867703881124,222.61642736758344,-19,0,0
15:21:09:991,4.314939825594041,3.1014831355528054,222.79250514113912,-0.31758736910840135,0.015919000633772166,0.0018896868570705428,222.85586878160314,-18,1,0
15:21:10:120,4.265689064895783,3.1181868976808675,222.47408297302366,-0.31070216245101295,0.019833046759935812,0.004072905781867755,222.5368211946397,-18,1,0
15:21:10:242,4.265689064895783,3.1181868976808675,222.47408297302366,-0.31070216245101295,0.019833046759935812,0.004072905781867755,222.5368211946397,-18,1,0
15:21:10:362,4.3610366465358466,3.081585296755443,222.87672098508494,-0.3140204839819403,0.013105950554571984,0.0017180514189330859,222.94068171968303,-18,1,0
15:21:10:483,4.311809248273649,3.098444216691287,222.561894709767,-0.30696565583661506,0.016948449982261044,0.0039011819008854913,222.62522101585628,-18,1,0
15:21:10:604,4.345531316372067,3.112038378218229,223.23459583538232,-0.2967185264896665,0.020794042232785047,0.003943313890071489,223.29857411787378,-17,1,0
15:21:10:730,4.330941650708911,3.1174166485678283,223.5057223342662,-0.2936963467362221,0.012165438191265992,0.0025572350160987384,223.56941485432375,-17,1,0
15:21:10:853,4.3610366465358466,3.081585296755443,222.87672098508494,-0.3140204839819403,0.013105950554571984,0.0017180514189330859,222.94068171968303,-18,1,0
15:21:11:019,4.2831316735311,3.120377621012523,222.57132271304843,-0.3070954491799692,0.034096695501384264,0.002464100951110251,222.63439911133784,-18,2,0
15:21:11:139,4.286696690024734,3.0900069332144424,222.20300597881513,-0.32335227333540384,-0.005679706907513953,-0.0010556003340075487,222.26583133127085,-19,0,0
15:21:11:288,4.2825920743413075,3.0437838886297683,222.11796892362793,-0.33688002199115213,0.010104611770725592,0.0028234473831645563,222.1801011206756,-19,1,0
15:21:11:427,4.2717026914080645,3.033111211154633,221.55959311108774,-0.34258690978738077,0.01042117730672047,0.0028776686231453924,221.62152536938683,-20,1,0
15:21:11:550,4.252231960646616,3.039759072075513,221.80758729708992,-0.3202886235353754,0.011033012620181823,-0.0004046811362568264,221.86916729104018,-18,1,0
15:21:11:672,4.340681606529102,3.0220431836057897,223.18075613079796,-0.3103020270802317,0.019173910888458476,-0.0013369796595158116,223.24341909433198,-18,1,0
15:21:11:796,4.269744530751202,3.012884717025966,221.59078473005565,-0.33219290158568315,0.016281370576376287,0.0019583873186337967,221.65239468581842,-19,1,0
15:21:11:919,4.2737170621356695,2.978890451303704,222.13204868606545,-0.33653907809609185,0.028922572842338262,-0.0006005196829520021,222.19312657982155,-19,2,0
15:21:12:043,4.263899835849761,2.99007142167317,221.52954207413495,-0.33328518299440546,0.02592100182793597,0.0002667535095989478,221.59074750650757,-19,1,0
15:21:12:164,4.321126450100712,3.068175338437209,222.1975519413199,-0.3239849816044692,0.022970671694715974,1.797019394884117e-05,222.2607430978775,-19,1,0
15:21:12:288,4.288952614829283,2.994959138141185,221.78565982781743,-0.3308083379058886,0.03373456660976226,0.0016015966514906965,221.84734345948732,-19,2,0
15:21:12:413,4.257005306857464,2.9826193572798996,221.1420894767827,-0.33947096560658874,0.021655103800337184,-0.0008856973878614063,221.20316871729122,-19,1,0
15:21:12:534,4.269214074545509,2.9747405004322935,220.72861292055666,-0.3462041484626209,0.017658957019087346,-0.00408950185019484,220.78993598371312,-20,1,0
15:21:12:656,4.311534411015618,3.016648548746181,222.90016621988698,-0.31329118427655855,0.016992661611798285,-0.00445299356623881,222.96226945000643,-18,1,0
15:21:12:777,4.311534411015618,3.016648548746181,222.90016621988698,-0.31329118427655855,0.016992661611798285,-0.00445299356623881,222.96226945000643,-18,1,0
15:21:12:902,4.3511554211964825,3.016121746358269,222.87205790241603,-0.3140284497257978,0.03315838160461233,-0.0017193512634318213,222.934931622539,-18,2,0
15:21:13:048,4.277628156040821,3.0034697112402258,222.22323973538224,-0.32305519511125436,0.013620269870620937,-0.004487068878423622,222.28469855443683,-19,1,0
15:21:13:189,4.312293610367556,3.0385013571344364,222.83801565740632,-0.3038733268437131,0.013767203918138056,-0.0036429943858896532,222.900447708859,-17,1,0
15:21:13:317,4.33757420386674,3.0438634696903235,223.11276193535033,-0.30098344370769725,0.022117380181883008,-0.0023186781204518887,223.1756801114684,-17,1,0
15:21:13:435,err,err,err,err,err,err,err,err,err,err
15:21:13:554,4.288952614829283,2.994959138141185,221.78565982781743,-0.3308083379058886,0.03373456660976226,0.0016015966514906965,221.84734345948732,-19,2,0
15:21:13:684,4.326936585908777,3.0331985371090524,222.56472950259428,-0.30692244070160496,0.022052677050863875,-0.0022494793053643475,222.62744999695556,-18,1,0
15:21:13:803,4.295991713823455,2.9982369568016436,221.9498793237854,-0.32598064027213497,0.015693269950779517,-0.001309870274306232,222.0116976681573,-19,1,0
15:21:13:930,4.3183950443033625,3.025080382947711,222.15816396271035,-0.31422761103503344,0.02638504943956967,-0.0009554701166774029,222.2207223963698,-18,1,0
15:21:14:052,4.306792089151911,3.008844817300335,222.50453560646343,-0.3201270234590385,0.015547774553687969,-0.0013748504331576373,222.56655177874714,-18,1,0
15:21:14:216,4.312293610367556,3.0385013571344364,222.83801565740632,-0.3038733268437131,0.013767203918138056,-0.0036429943858896532,222.900447708859,-17,1,0
15:21:14:342,4.295991713823455,2.9982369568016436,221.9498793237854,-0.32598064027213497,0.015693269950779517,-0.001309870274306232,222.0116976681573,-19,1,0
15:21:14:459,4.3183950443033625,3.025080382947711,222.15816396271035,-0.31422761103503344,0.02638504943956967,-0.0009554701166774029,222.2207223963698,-18,1,0
15:21:14:581,4.297415887557346,3.002957495929206,222.1973722482588,-0.32388067534381126,0.029628752064181165,0.0003114492981383354,222.25921301728818,-19,2,0
15:21:14:709,4.311534411015618,3.016648548746181,222.90016621988698,-0.31329118427655855,0.016992661611798285,-0.00445299356623881,222.96226945000643,-18,1,0
15:21:14:871,4.33757420386674,3.0438634696903235,223.11276193535033,-0.30098344370769725,0.022117380181883008,-0.0023186781204518887,223.1756801114684,-17,1,0
15:21:14:995,4.33757420386674,3.0438634696903235,223.11276193535033,-0.30098344370769725,0.022117380181883008,-0.0023186781204518887,223.1756801114684,-17,1,0
15:21:15:115,4.278467582500095,3.025147500924802,222.16226045561922,-0.3138998511455206,0.010256642933019035,-0.003674959777283687,222.22404634289072,-18,1,0
15:21:15:241,4.326936585908777,3.0331985371090524,222.56472950259428,-0.30692244070160496,0.022052677050863875,-0.0022494793053643475,222.62744999695556,-18,1,0
15:21:15:364,4.311534411015618,3.016648548746181,222.90016621988698,-0.31329118427655855,0.016992661611798285,-0.00445299356623881,222.96226945000643,-18,1,0
15:21:15:485,4.329098711654818,2.989518924020963,222.6789042156259,-0.3255518062594358,0.022119566375380335,-0.0020750295110838093,222.7410440438049,-19,1,0
15:21:15:610,4.292356518158865,2.998151310686943,221.9445809717987,-0.32615121105296546,0.0214861885858923,-0.003088174306173973,222.00632932082829,-19,1,0
15:21:15:734,4.310591173288944,2.968463340098088,221.57730742728137,-0.3419447919171917,0.009132334935354402,-0.003551634469134046,221.63911238224335,-20,0,0
15:21:15:853,4.329098711654818,2.989518924020963,222.6789042156259,-0.3255518062594358,0.022119566375380335,-0.0020750295110838093,222.7410440438049,-19,1,0
15:21:15:977,4.326134681117106,3.011215139999172,222.617037871987,-0.31648462917536474,0.025015274143025713,-0.0030520961310629984,222.67942969389026,-18,1,0
15:21:16:096,4.295120303104403,2.976547536973849,222.00132879285027,-0.33503314751259566,0.018780218848583153,-0.0021171641084684317,222.06282417246075,-19,1,0
15:21:16:271,4.329098711654818,2.989518924020963,222.6789042156259,-0.3255518062594358,0.022119566375380335,-0.0020750295110838093,222.7410440438049,-19,1,0
15:21:16:388,4.295120303104403,2.976547536973849,222.00132879285027,-0.33503314751259566,0.018780218848583153,-0.0021171641084684317,222.06282417246075,-19,1,0
15:21:16:510,4.329098711654818,2.989518924020963,222.6789042156259,-0.3255518062594358,0.022119566375380335,-0.0020750295110838093,222.7410440438049,-19,1,0
15:21:16:634,4.329098711654818,2.989518924020963,222.6789042156259,-0.3255518062594358,0.022119566375380335,-0.0020750295110838093,222.7410440438049,-19,1,0
15:21:16:755,4.326563734931334,2.9692575380192765,222.69865785731207,-0.3145560703960878,0.02870111238654365,-0.0030055527179225984,222.7604719323598,-18,2,0
15:21:16:882,4.329098711654818,2.989518924020963,222.6789042156259,-0.3255518062594358,0.022119566375380335,-0.0020750295110838093,222.7410440438049,-19,1,0
15:21:17:005,4.329098711654818,2.989518924020963,222.6789042156259,-0.3255518062594358,0.022119566375380335,-0.0020750295110838093,222.7410440438049,-19,1,0
15:21:17:132,4.296648427651947,2.9810958614510694,222.2420669415977,-0.3330926762477646,0.03224803262867081,-0.00048815358222698,222.30358620301112,-19,2,0
15:21:17:252,4.295120303104403,2.976547536973849,222.00132879285027,-0.33503314751259566,0.018780218848583153,-0.0021171641084684317,222.06282417246075,-19,1,0
15:21:17:370,4.329098711654818,2.989518924020963,222.6789042156259,-0.3255518062594358,0.022119566375380335,-0.0020750295110838093,222.7410440438049,-19,1,0
15:21:17:498,4.329098711654818,2.989518924020963,222.6789042156259,-0.3255518062594358,0.022119566375380335,-0.0020750295110838093,222.7410440438049,-19,1,0
15:21:17:618,4.295120303104403,2.976547536973849,222.00132879285027,-0.33503314751259566,0.018780218848583153,-0.0021171641084684317,222.06282417246075,-19,1,0
15:21:17:737,4.329098711654818,2.989518924020963,222.6789042156259,-0.3255518062594358,0.022119566375380335,-0.0020750295110838093,222.7410440438049,-19,1,0
15:21:17:864,4.295120303104403,2.976547536973849,222.00132879285027,-0.33503314751259566,0.018780218848583153,-0.0021171641084684317,222.06282417246075,-19,1,0
15:21:17:987,4.310591173288944,2.968463340098088,221.57730742728137,-0.3419447919171917,0.009132334935354402,-0.003551634469134046,221.63911238224335,-20,0,0
15:21:18:113,4.329098711654818,2.989518924020963,222.6789042156259,-0.3255518062594358,0.022119566375380335,-0.0020750295110838093,222.7410440438049,-19,1,0
15:21:18:261,4.295120303104403,2.976547536973849,222.00132879285027,-0.33503314751259566,0.018780218848583153,-0.0021171641084684317,222.06282417246075,-19,1,0
15:21:18:397,4.329098711654818,2.989518924020963,222.6789042156259,-0.3255518062594358,0.022119566375380335,-0.0020750295110838093,222.7410440438049,-19,1,0
15:21:18:522,4.295120303104403,2.976547536973849,222.00132879285027,-0.33503314751259566,0.018780218848583153,-0.0021171641084684317,222.06282417246075,-19,1,0
15:21:18:642,4.295120303104403,2.976547536973849,222.00132879285027,-0.33503314751259566,0.018780218848583153,-0.0021171641084684317,222.06282417246075,-19,1,0
15:21:18:770,4.329098711654818,2.989518924020963,222.6789042156259,-0.3255518062594358,0.022119566375380335,-0.0020750295110838093,222.7410440438049,-19,1,0
15:21:18:889,4.329098711654818,2.989518924020963,222.6789042156259,-0.3255518062594358,0.022119566375380335,-0.0020750295110838093,222.7410440438049,-19,1,0
15:21:19:013,4.329098711654818,2.989518924020963,222.6789042156259,-0.3255518062594358,0.022119566375380335,-0.0020750295110838093,222.7410440438049,-19,1,0
15:21:19:142,4.29335593159351,3.002470295948866,222.17111545093863,-0.32446366472785165,0.03547696653046852,-0.0014644806654690765,222.23287847154324,-19,2,0
15:21:19:255,4.2599821387228705,2.989686858579798,221.50846196938696,-0.33376664641538845,0.03171795040234985,-0.0015057905498436076,221.56959267773624,-19,2,0
15:21:19:388,4.296648427651947,2.9810958614510694,222.2420669415977,-0.3330926762477646,0.03224803262867081,-0.00048815358222698,222.30358620301112,-19,2,0
15:21:19:505,4.342177915481303,3.0030895237557504,222.20291966942156,-0.323694058603315,0.014644980805753504,-0.004477092871694477,222.26563064350006,-19,1,0
15:21:19:633,4.29335593159351,3.002470295948866,222.17111545093863,-0.32446366472785165,0.03547696653046852,-0.0014644806654690765,222.23287847154324,-19,2,0
15:21:19:752,4.295120303104403,2.976547536973849,222.00132879285027,-0.33503314751259566,0.018780218848583153,-0.0021171641084684317,222.06282417246075,-19,1,0
15:21:19:872,4.2630542293294456,2.9683804321673932,221.57361632698402,-0.34224459728334783,0.028695105532176836,-0.000535225270975499,221.63450174999784,-20,2,0
15:21:19:997,4.326134681117106,3.011215139999172,222.617037871987,-0.31648462917536474,0.025015274143025713,-0.0030520961310629984,222.67942969389026,-18,1,0
15:21:20:116,4.329098711654818,2.989518924020963,222.6789042156259,-0.3255518062594358,0.022119566375380335,-0.0020750295110838093,222.7410440438049,-19,1,0
15:21:20:244,4.329098711654818,2.989518924020963,222.6789042156259,-0.3255518062594358,0.022119566375380335,-0.0020750295110838093,222.7410440438049,-19,1,0
15:21:20:362,4.278978762761359,3.0082245609543095,222.47271634850486,-0.32104995284781784,0.027764698281899373,-0.0028677670780520377,222.53419645920397,-18,2,0
15:21:20:490,4.329098711654818,2.989518924020963,222.6789042156259,-0.3255518062594358,0.022119566375380335,-0.0020750295110838093,222.7410440438049,-19,1,0
15:21:20:608,4.295120303104403,2.976547536973849,222.00132879285027,-0.33503314751259566,0.018780218848583153,-0.0021171641084684317,222.06282417246075,-19,1,0
15:21:20:868,4.2630542293294456,2.9683804321673932,221.57361632698402,-0.34224459728334783,0.028695105532176836,-0.000535225270975499,221.63450174999784,-20,2,0
15:21:20:995,4.295120303104403,2.976547536973849,222.00132879285027,-0.33503314751259566,0.018780218848583153,-0.0021171641084684317,222.06282417246075,-19,1,0
15:21:21:198,4.329098711654818,2.989518924020963,222.6789042156259,-0.3255518062594358,0.022119566375380335,-0.0020750295110838093,222.7410440438049,-19,1,0
15:21:21:362,4.295120303104403,2.976547536973849,222.00132879285027,-0.33503314751259566,0.018780218848583153,-0.0021171641084684317,222.06282417246075,-19,1,0
15:21:21:487,4.329098711654818,2.989518924020963,222.6789042156259,-0.3255518062594358,0.022119566375380335,-0.0020750295110838093,222.7410440438049,-19,1,0
15:21:21:645,4.332754090801549,2.966695164313084,222.62440540461606,-0.32642477220519,0.012321683400980612,-0.0003545621666784048,222.68632629770548,-19,1,0
15:21:21:789,4.329098711654818,2.989518924020963,222.6789042156259,-0.3255518062594358,0.022119566375380335,-0.0020750295110838093,222.7410440438049,-19,1,0
15:21:21:921,4.329098711654818,2.989518924020963,222.6789042156259,-0.3255518062594358,0.022119566375380335,-0.0020750295110838093,222.7410440438049,-19,1,0
15:21:22:043,4.329098711654818,2.989518924020963,222.6789042156259,-0.3255518062594358,0.022119566375380335,-0.0020750295110838093,222.7410440438049,-19,1,0
15:21:22:168,4.329098711654818,2.989518924020963,222.6789042156259,-0.3255518062594358,0.022119566375380335,-0.0020750295110838093,222.7410440438049,-19,1,0
15:21:22:296,4.295120303104403,2.976547536973849,222.00132879285027,-0.33503314751259566,0.018780218848583153,-0.0021171641084684317,222.06282417246075,-19,1,0
15:21:22:413,4.329098711654818,2.989518924020963,222.6789042156259,-0.3255518062594358,0.022119566375380335,-0.0020750295110838093,222.7410440438049,-19,1,0
15:21:22:542,4.329098711654818,2.989518924020963,222.6789042156259,-0.3255518062594358,0.022119566375380335,-0.0020750295110838093,222.7410440438049,-19,1,0
15:21:22:705,4.336628813404077,2.9765025278647235,221.99698869840057,-0.335095650890925,0.02545959723567398,-0.0018245744210124534,222.05929142443335,-19,1,0
15:21:22:825,4.329098711654818,2.989518924020963,222.6789042156259,-0.3255518062594358,0.022119566375380335,-0.0020750295110838093,222.7410440438049,-19,1,0
15:21:22:951,4.329098711654818,2.989518924020963,222.6789042156259,-0.3255518062594358,0.022119566375380335,-0.0020750295110838093,222.7410440438049,-19,1,0
15:21:23:072,4.295120303104403,2.976547536973849,222.00132879285027,-0.33503314751259566,0.018780218848583153,-0.0021171641084684317,222.06282417246075,-19,1,0
15:21:23:194,4.29335593159351,3.002470295948866,222.17111545093863,-0.32446366472785165,0.03547696653046852,-0.0014644806654690765,222.23287847154324,-19,2,0
15:21:23:313,4.329098711654818,2.989518924020963,222.6789042156259,-0.3255518062594358,0.022119566375380335,-0.0020750295110838093,222.7410440438049,-19,1,0
15:21:23:438,4.292356518158865,2.998151310686943,221.9445809717987,-0.32615121105296546,0.0214861885858923,-0.003088174306173973,222.00632932082829,-19,1,0
15:21:23:590,4.292356518158865,2.998151310686943,221.9445809717987,-0.32615121105296546,0.0214861885858923,-0.003088174306173973,222.00632932082829,-19,1,0
15:21:23:723,4.29335593159351,3.002470295948866,222.17111545093863,-0.32446366472785165,0.03547696653046852,-0.0014644806654690765,222.23287847154324,-19,2,0
15:21:23:850,4.317960899591662,3.00699766204777,222.40726834911734,-0.3223257487399778,0.043630338999571416,-0.00012797752365240446,222.46950315894145,-18,2,0
15:21:23:974,4.295120303104403,2.976547536973849,222.00132879285027,-0.33503314751259566,0.018780218848583153,-0.0021171641084684317,222.06282417246075,-19,1,0
15:21:24:097,4.245473662620579,2.995309033834157,221.8047587306207,-0.3304690465832844,0.024131422228882555,-0.0029066123056178234,221.86560553266708,-19,1,0
15:21:24:221,4.303102325184279,3.008757413955604,222.49921845184747,-0.32030315888379035,0.02145635847094895,-0.0031574005423600023,222.5611635539318,-18,1,0
15:21:24:341,4.292356518158865,2.998151310686943,221.9445809717987,-0.32615121105296546,0.0214861885858923,-0.003088174306173973,222.00632932082829,-19,1,0
15:21:24:462,4.292356518158865,2.998151310686943,221.9445809717987,-0.32615121105296546,0.0214861885858923,-0.003088174306173973,222.00632932082829,-19,1,0
15:21:24:591,4.292356518158865,2.998151310686943,221.9445809717987,-0.32615121105296546,0.0214861885858923,-0.003088174306173973,222.00632932082829,-19,1,0
15:21:24:709,4.292356518158865,2.998151310686943,221.9445809717987,-0.32615121105296546,0.0214861885858923,-0.003088174306173973,222.00632932082829,-19,1,0
15:21:24:840,4.292356518158865,2.998151310686943,221.9445809717987,-0.32615121105296546,0.0214861885858923,-0.003088174306173973,222.00632932082829,-19,1,0
15:21:24:955,4.295120303104403,2.976547536973849,222.00132879285027,-0.33503314751259566,0.018780218848583153,-0.0021171641084684317,222.06282417246075,-19,1,0
15:21:25:127,4.246293476167172,3.0170164560192725,221.75275542636834,-0.32139022037664927,0.02113243384064772,-0.0021004515721813086,221.81392637922525,-18,1,0
15:21:25:243,4.2630542293294456,2.9683804321673932,221.57361632698402,-0.34224459728334783,0.028695105532176836,-0.000535225270975499,221.63450174999784,-20,2,0
15:21:25:361,4.321598634930736,2.985787540613144,222.48916023443522,-0.33077017318603874,0.04015956269565929,0.0008517121400038275,222.5511571837435,-19,2,0
15:21:25:489,4.263899835849761,2.99007142167317,221.52954207413495,-0.33328518299440546,0.02592100182793597,0.0002667535095989478,221.59074750650757,-19,1,0
15:21:25:609,4.263899835849761,2.99007142167317,221.52954207413495,-0.33328518299440546,0.02592100182793597,0.0002667535095989478,221.59074750650757,-19,1,0
15:21:25:734,4.278467582500095,3.025147500924802,222.16226045561922,-0.3138998511455206,0.010256642933019035,-0.003674959777283687,222.22404634289072,-18,1,0
15:21:25:856,4.249182853830045,2.9954579709335936,221.8135627978928,-0.33024721125771567,0.01827960474889151,-0.0011291789327101552,221.8744802010264,-19,1,0
15:21:25:981,4.249182853830045,2.9954579709335936,221.8135627978928,-0.33024721125771567,0.01827960474889151,-0.0011291789327101552,221.8744802010264,-19,1,0
15:21:26:104,4.339952215006875,3.0001509694751056,223.23803417635946,-0.3196465892427601,0.022185722482882624,-0.0021439860584031283,223.30037168350978,-18,1,0
15:21:26:227,4.292356518158865,2.998151310686943,221.9445809717987,-0.32615121105296546,0.0214861885858923,-0.003088174306173973,222.00632932082829,-19,1,0
15:21:26:351,4.292356518158865,2.998151310686943,221.9445809717987,-0.32615121105296546,0.0214861885858923,-0.003088174306173973,222.00632932082829,-19,1,0
15:21:26:513,4.329098711654818,2.989518924020963,222.6789042156259,-0.3255518062594358,0.022119566375380335,-0.0020750295110838093,222.7410440438049,-19,1,0
15:21:26:637,4.295120303104403,2.976547536973849,222.00132879285027,-0.33503314751259566,0.018780218848583153,-0.0021171641084684317,222.06282417246075,-19,1,0
15:21:26:761,4.287873683935727,2.9689355765379912,221.60237096531256,-0.34138136067311653,0.014694703731708775,-0.0032699602548429316,221.66373464469785,-20,1,0
15:21:26:882,4.326134681117106,3.011215139999172,222.617037871987,-0.31648462917536474,0.025015274143025713,-0.0030520961310629984,222.67942969389026,-18,1,0
15:21:27:006,4.329098711654818,2.989518924020963,222.6789042156259,-0.3255518062594358,0.022119566375380335,-0.0020750295110838093,222.7410440438049,-19,1,0
15:21:27:134,4.295120303104403,2.976547536973849,222.00132879285027,-0.33503314751259566,0.018780218848583153,-0.0021171641084684317,222.06282417246075,-19,1,0
15:21:27:253,4.2599821387228705,2.989686858579798,221.50846196938696,-0.33376664641538845,0.03171795040234985,-0.0015057905498436076,221.56959267773624,-19,2,0
15:21:27:375,4.329098711654818,2.989518924020963,222.6789042156259,-0.3255518062594358,0.022119566375380335,-0.0020750295110838093,222.7410440438049,-19,1,0
15:21:27:500,4.329098711654818,2.989518924020963,222.6789042156259,-0.3255518062594358,0.022119566375380335,-0.0020750295110838093,222.7410440438049,-19,1,0
15:21:27:619,4.332707526622217,2.9694779818620542,222.71194132637262,-0.31426806353479425,0.01538850837675955,-0.0013511165282677781,222.77387405922997,-18,1,0
15:21:27:742,4.314305109254398,2.9948041990612118,222.95784131152416,-0.32253410974992325,0.014286730586986832,-0.0034776483285531056,223.01968765797616,-18,1,0
15:21:27:868,4.329098711654818,2.989518924020963,222.6789042156259,-0.3255518062594358,0.022119566375380335,-0.0020750295110838093,222.7410440438049,-19,1,0
15:21:27:992,4.295120303104403,2.976547536973849,222.00132879285027,-0.33503314751259566,0.018780218848583153,-0.0021171641084684317,222.06282417246075,-19,1,0
15:21:28:112,4.329098711654818,2.989518924020963,222.6789042156259,-0.3255518062594358,0.022119566375380335,-0.0020750295110838093,222.7410440438049,-19,1,0
15:21:28:238,4.329098711654818,2.989518924020963,222.6789042156259,-0.3255518062594358,0.022119566375380335,-0.0020750295110838093,222.7410440438049,-19,1,0
15:21:28:362,4.311534411015618,3.016648548746181,222.90016621988698,-0.31329118427655855,0.016992661611798285,-0.00445299356623881,222.96226945000643,-18,1,0
15:21:28:480,4.344808944940098,2.981369072811443,222.25636737106643,-0.332706359281978,0.012064010569760449,-0.0035068237568951365,222.31882233247546,-19,1,0
15:21:28:654,4.295120303104403,2.976547536973849,222.00132879285027,-0.33503314751259566,0.018780218848583153,-0.0021171641084684317,222.06282417246075,-19,1,0
15:21:28:791,4.329098711654818,2.989518924020963,222.6789042156259,-0.3255518062594358,0.022119566375380335,-0.0020750295110838093,222.7410440438049,-19,1,0
15:21:28:930,4.295120303104403,2.976547536973849,222.00132879285027,-0.33503314751259566,0.018780218848583153,-0.0021171641084684317,222.06282417246075,-19,1,0
15:21:29:058,4.329098711654818,2.989518924020963,222.6789042156259,-0.3255518062594358,0.022119566375380335,-0.0020750295110838093,222.7410440438049,-19,1,0
15:21:29:178,4.295120303104403,2.976547536973849,222.00132879285027,-0.33503314751259566,0.018780218848583153,-0.0021171641084684317,222.06282417246075,-19,1,0
15:21:29:305,4.326134681117106,3.011215139999172,222.617037871987,-0.31648462917536474,0.025015274143025713,-0.0030520961310629984,222.67942969389026,-18,1,0
15:21:29:427,4.292356518158865,2.998151310686943,221.9445809717987,-0.32615121105296546,0.0214861885858923,-0.003088174306173973,222.00632932082829,-19,1,0
15:21:29:548,4.329098711654818,2.989518924020963,222.6789042156259,-0.3255518062594358,0.022119566375380335,-0.0020750295110838093,222.7410440438049,-19,1,0
15:21:29:673,4.329098711654818,2.989518924020963,222.6789042156259,-0.3255518062594358,0.022119566375380335,-0.0020750295110838093,222.7410440438049,-19,1,0
15:21:29:792,4.326563734931334,2.9692575380192765,222.69865785731207,-0.3145560703960878,0.02870111238654365,-0.0030055527179225984,222.7604719323598,-18,2,0
15:21:29:920,4.310591173288944,2.968463340098088,221.57730742728137,-0.3419447919171917,0.009132334935354402,-0.003551634469134046,221.63911238224335,-20,0,0
15:21:30:044,4.329098711654818,2.989518924020963,222.6789042156259,-0.3255518062594358,0.022119566375380335,-0.0020750295110838093,222.7410440438049,-19,1,0
15:21:30:162,4.292840508365751,2.956253962191775,222.0243036881722,-0.3244047733085564,0.02493743356248346,-0.003038163293265492,222.08547756514147,-19,1,0
15:21:30:289,4.329098711654818,2.989518924020963,222.6789042156259,-0.3255518062594358,0.022119566375380335,-0.0020750295110838093,222.7410440438049,-19,1,0
15:21:30:412,4.295120303104403,2.976547536973849,222.00132879285027,-0.33503314751259566,0.018780218848583153,-0.0021171641084684317,222.06282417246075,-19,1,0
15:21:30:531,4.295120303104403,2.976547536973849,222.00132879285027,-0.33503314751259566,0.018780218848583153,-0.0021171641084684317,222.06282417246075,-19,1,0
15:21:30:657,4.329098711654818,2.989518924020963,222.6789042156259,-0.3255518062594358,0.022119566375380335,-0.0020750295110838093,222.7410440438049,-19,1,0
15:21:30:779,4.329098711654818,2.989518924020963,222.6789042156259,-0.3255518062594358,0.022119566375380335,-0.0020750295110838093,222.7410440438049,-19,1,0
15:21:30:906,4.329098711654818,2.989518924020963,222.6789042156259,-0.3255518062594358,0.022119566375380335,-0.0020750295110838093,222.7410440438049,-19,1,0
15:21:31:022,4.329098711654818,2.989518924020963,222.6789042156259,-0.3255518062594358,0.022119566375380335,-0.0020750295110838093,222.7410440438049,-19,1,0
15:21:31:148,4.295120303104403,2.976547536973849,222.00132879285027,-0.33503314751259566,0.018780218848583153,-0.0021171641084684317,222.06282417246075,-19,1,0
15:21:31:269,4.329098711654818,2.989518924020963,222.6789042156259,-0.3255518062594358,0.022119566375380335,-0.0020750295110838093,222.7410440438049,-19,1,0
15:21:31:390,4.329098711654818,2.989518924020963,222.6789042156259,-0.3255518062594358,0.022119566375380335,-0.0020750295110838093,222.7410440438049,-19,1,0
15:21:31:517,4.329098711654818,2.989518924020963,222.6789042156259,-0.3255518062594358,0.022119566375380335,-0.0020750295110838093,222.7410440438049,-19,1,0
15:21:31:638,4.329098711654818,2.989518924020963,222.6789042156259,-0.3255518062594358,0.022119566375380335,-0.0020750295110838093,222.7410440438049,-19,1,0
15:21:31:764,4.329098711654818,2.989518924020963,222.6789042156259,-0.3255518062594358,0.022119566375380335,-0.0020750295110838093,222.7410440438049,-19,1,0
15:21:31:893,4.295120303104403,2.976547536973849,222.00132879285027,-0.33503314751259566,0.018780218848583153,-0.0021171641084684317,222.06282417246075,-19,1,0
15:21:32:009,4.329098711654818,2.989518924020963,222.6789042156259,-0.3255518062594358,0.022119566375380335,-0.0020750295110838093,222.7410440438049,-19,1,0
15:21:32:132,4.295120303104403,2.976547536973849,222.00132879285027,-0.33503314751259566,0.018780218848583153,-0.0021171641084684317,222.06282417246075,-19,1,0
15:21:32:254,4.295120303104403,2.976547536973849,222.00132879285027,-0.33503314751259566,0.018780218848583153,-0.0021171641084684317,222.06282417246075,-19,1,0
15:21:32:379,4.295120303104403,2.976547536973849,222.00132879285027,-0.33503314751259566,0.018780218848583153,-0.0021171641084684317,222.06282417246075,-19,1,0
15:21:32:499,4.295120303104403,2.976547536973849,222.00132879285027,-0.33503314751259566,0.018780218848583153,-0.0021171641084684317,222.06282417246075,-19,1,0
15:21:32:627,4.326134681117106,3.011215139999172,222.617037871987,-0.31648462917536474,0.025015274143025713,-0.0030520961310629984,222.67942969389026,-18,1,0
15:21:32:787,4.292356518158865,2.998151310686943,221.9445809717987,-0.32615121105296546,0.0214861885858923,-0.003088174306173973,222.00632932082829,-19,1,0
15:21:32:909,4.329098711654818,2.989518924020963,222.6789042156259,-0.3255518062594358,0.022119566375380335,-0.0020750295110838093,222.7410440438049,-19,1,0
15:21:33:034,4.329098711654818,2.989518924020963,222.6789042156259,-0.3255518062594358,0.022119566375380335,-0.0020750295110838093,222.7410440438049,-19,1,0
15:21:33:155,4.292356518158865,2.998151310686943,221.9445809717987,-0.32615121105296546,0.0214861885858923,-0.003088174306173973,222.00632932082829,-19,1,0
15:21:33:279,4.329098711654818,2.989518924020963,222.6789042156259,-0.3255518062594358,0.022119566375380335,-0.0020750295110838093,222.7410440438049,-19,1,0
15:21:33:403,4.292356518158865,2.998151310686943,221.9445809717987,-0.32615121105296546,0.0214861885858923,-0.003088174306173973,222.00632932082829,-19,1,0
15:21:33:521,4.329098711654818,2.989518924020963,222.6789042156259,-0.3255518062594358,0.022119566375380335,-0.0020750295110838093,222.7410440438049,-19,1,0
15:21:33:649,4.292840508365751,2.956253962191775,222.0243036881722,-0.3244047733085564,0.02493743356248346,-0.003038163293265492,222.08547756514147,-19,1,0
15:21:33:799,4.329098711654818,2.989518924020963,222.6789042156259,-0.3255518062594358,0.022119566375380335,-0.0020750295110838093,222.7410440438049,-19,1,0
15:21:33:938,4.351901299267506,3.038229451279165,222.82315292881702,-0.30432883892127477,0.030401341615140805,-0.0009219246223421559,222.88635526710954,-17,2,0
15:21:34:062,4.3511554211964825,3.016121746358269,222.87205790241603,-0.3140284497257978,0.03315838160461233,-0.0017193512634318213,222.934931622539,-18,2,0
15:21:34:183,4.355221666546796,3.016573784285931,222.8958850951875,-0.31345441155542364,0.027251367794535214,6.143612560042791e-05,222.95883760355372,-18,2,0
15:21:34:303,4.355787414042692,3.0446165576315662,222.09812941289698,-0.3255892093029643,0.040128895322051605,-0.0013880146174276651,222.16170161098262,-19,2,0
15:21:34:430,4.33757420386674,3.0438634696903235,223.11276193535033,-0.30098344370769725,0.022117380181883008,-0.0023186781204518887,223.1756801114684,-17,1,0
15:21:34:552,4.3418475405313925,3.069832759917439,223.30563645203992,-0.2949279228734496,0.03098943369522171,0.002198446185327066,223.36893871908353,-17,2,0
15:21:34:675,4.389798854213797,3.046623397874412,222.25669560800443,-0.332835907725083,0.018898960680674738,0.0012505982110777637,222.32091892284467,-19,1,0
15:21:34:794,4.31144419236743,3.017415150645673,221.7701738984714,-0.32079957092922684,0.022148358798379977,-0.0021027496039027834,221.8326021489481,-18,1,0
15:21:34:920,4.297415887557346,3.002957495929206,222.1973722482588,-0.32388067534381126,0.029628752064181165,0.0003114492981383354,222.25921301728818,-19,2,0
15:21:35:040,4.3183950443033625,3.025080382947711,222.15816396271035,-0.31422761103503344,0.02638504943956967,-0.0009554701166774029,222.2207223963698,-18,1,0
15:21:35:164,4.245473662620579,2.995309033834157,221.8047587306207,-0.3304690465832844,0.024131422228882555,-0.0029066123056178234,221.86560553266708,-19,1,0
15:21:35:292,4.280210622122065,2.981728780669285,222.27616075547112,-0.3321003547976632,0.011096831010826487,-0.0035177929153219403,222.33736201925947,-19,1,0
15:21:35:408,4.329098711654818,2.989518924020963,222.6789042156259,-0.3255518062594358,0.022119566375380335,-0.0020750295110838093,222.7410440438049,-19,1,0
15:21:35:538,4.344808944940098,2.981369072811443,222.25636737106643,-0.332706359281978,0.012064010569760449,-0.0035068237568951365,222.31882233247546,-19,1,0
15:21:35:661,4.329098711654818,2.989518924020963,222.6789042156259,-0.3255518062594358,0.022119566375380335,-0.0020750295110838093,222.7410440438049,-19,1,0
15:21:35:780,4.37808066445769,2.97387340113332,221.86268602949548,-0.33913814575641865,0.023105939975429212,-0.0019251506451232168,221.9258050915507,-19,1,0
15:21:35:900,4.329098711654818,2.989518924020963,222.6789042156259,-0.3255518062594358,0.022119566375380335,-0.0020750295110838093,222.7410440438049,-19,1,0
15:21:36:066,4.329098711654818,2.989518924020963,222.6789042156259,-0.3255518062594358,0.022119566375380335,-0.0020750295110838093,222.7410440438049,-19,1,0
15:21:36:191,4.326563734931334,2.9692575380192765,222.69865785731207,-0.3145560703960878,0.02870111238654365,-0.0030055527179225984,222.7604719323598,-18,2,0
15:21:36:354,4.326134681117106,3.011215139999172,222.617037871987,-0.31648462917536474,0.025015274143025713,-0.0030520961310629984,222.67942969389026,-18,1,0
15:21:36:479,4.354458944376344,2.994574570104481,222.9442717369148,-0.322918657332069,0.030016532060830152,-0.0007385873202659722,223.00689919788914,-19,2,0
15:21:36:602,4.393717542861392,3.0084795505099944,222.4843787074172,-0.3207190997940787,0.015144941839112625,-0.0012687238936127292,222.54809473881755,-18,1,0
15:21:36:722,4.427704098160802,3.0362243573810805,222.8401802013142,-0.32455348515753857,-0.0017111452296119677,-0.0019176145798454655,222.90484322706723,-19,0,0
15:21:36:847,4.449524879935368,3.003000678081234,222.1952836777897,-0.32388657066018967,0.030238274397839337,0.00041637345052055656,222.260118719898,-19,2,0
15:21:36:971,4.426022290026571,3.016348776346408,222.88217707633524,-0.3133844598649107,0.004139855684519276,-0.0028470586843087043,222.94652473528095,-18,0,0
15:21:37:096,4.417051443933079,2.989094925109315,221.5569159053757,-0.35209122178581836,0.023398210755368742,0.0004918435414523746,221.6211001178168,-20,1,0
15:21:37:218,4.430405736465361,2.960852583235335,221.1720062688098,-0.3486459807623842,0.019644334136427518,-0.0018616675779820624,221.23618939942853,-20,1,0
15:21:37:338,4.392916583308702,2.986781207566833,222.54122673785378,-0.3297786016810601,0.018363964692845056,-0.0020763435266751297,222.6046184967388,-19,1,0
15:21:37:501,4.367717486438926,3.008367554005694,222.47838017236555,-0.32094012020115936,0.02249676618403772,-0.0031479532011731925,222.541584598252,-18,1,0
15:21:37:624,4.37808066445769,2.97387340113332,221.86268602949548,-0.33913814575641865,0.023105939975429212,-0.0019251506451232168,221.9258050915507,-19,1,0
15:21:37:749,4.344808944940098,2.981369072811443,222.25636737106643,-0.332706359281978,0.012064010569760449,-0.0035068237568951365,222.31882233247546,-19,1,0
15:21:37:905,4.375599307894338,2.9534035253744397,221.878921221968,-0.3287833306731493,0.029458710842148243,-0.0028459326243359274,221.9417133941054,-19,2,0
15:21:38:039,4.295120303104403,2.976547536973849,222.00132879285027,-0.33503314751259566,0.018780218848583153,-0.0021171641084684317,222.06282417246075,-19,1,0
15:21:38:158,4.29335593159351,3.002470295948866,222.17111545093863,-0.32446366472785165,0.03547696653046852,-0.0014644806654690765,222.23287847154324,-19,2,0
15:21:38:281,4.329098711654818,2.989518924020963,222.6789042156259,-0.3255518062594358,0.022119566375380335,-0.0020750295110838093,222.7410440438049,-19,1,0
15:21:38:447,4.281030834604536,3.003298225495427,222.21539063076105,-0.3231745094186465,0.00778329254962899,-0.002703783263864765,222.27691481217707,-19,0,0
15:21:38:570,4.223265066333542,2.995276310124983,221.80340729698818,-0.3304918388626882,0.025456334629721418,-0.0030039066178652782,221.86383016739825,-19,1,0
15:21:38:734,4.329098711654818,2.989518924020963,222.6789042156259,-0.3255518062594358,0.022119566375380335,-0.0020750295110838093,222.7410440438049,-19,1,0
15:21:38:851,4.295120303104403,2.976547536973849,222.00132879285027,-0.33503314751259566,0.018780218848583153,-0.0021171641084684317,222.06282417246075,-19,1,0
15:21:39:003,4.295120303104403,2.976547536973849,222.00132879285027,-0.33503314751259566,0.018780218848583153,-0.0021171641084684317,222.06282417246075,-19,1,0
15:21:39:150,4.352298068360629,2.9685901078705337,221.5828364843564,-0.34194967686416594,0.015608739832426628,-0.0032579034410229572,221.64545664226333,-20,1,0
15:21:39:266,4.358294985388257,3.0122728062345243,221.55689364897032,-0.3327088588518317,0.0029855138658164975,-0.0007508772413321216,221.6202284224524,-19,0,0
15:21:39:387,4.342978173395731,3.0247576163832752,222.14211745277612,-0.31456802614394125,0.011338035872689826,-0.0036660859937781313,222.20515512574283,-18,1,0
15:21:39:514,4.378837421590795,2.995486327684457,221.81129210583754,-0.33026907135011874,0.020217501336626746,-0.0011195009123111538,221.87473146161835,-19,1,0
15:21:39:631,4.375854718673197,3.017032776565644,221.74978636685142,-0.3214191046644946,0.02317716376665267,-0.002093296819591796,221.81347647299984,-18,1,0
15:21:39:758,4.342978173395731,3.0247576163832752,222.14211745277612,-0.31456802614394125,0.011338035872689826,-0.0036660859937781313,222.20515512574283,-18,1,0
15:21:39:882,4.368496622994917,3.0301815184008962,222.421895102429,-0.3116582758877413,0.0193620827975391,-0.0023419331847211247,222.4854269019333,-18,1,0
15:21:40:004,4.378837421590795,2.995486327684457,221.81129210583754,-0.33026907135011874,0.020217501336626746,-0.0011195009123111538,221.87473146161835,-19,1,0
15:21:40:129,4.334390123883866,3.0198933047316783,221.88815607091405,-0.31695072018077847,0.025775727284120666,-0.0019984330401091872,221.95103175671045,-18,1,0
15:21:40:250,4.342978173395731,3.0247576163832752,222.14211745277612,-0.31456802614394125,0.011338035872689826,-0.0036660859937781313,222.20515512574283,-18,1,0
15:21:40:372,4.355221666546796,3.016573784285931,222.8958850951875,-0.31345441155542364,0.027251367794535214,6.143612560042791e-05,222.95883760355372,-18,2,0
15:21:40:494,4.352298068360629,2.9685901078705337,221.5828364843564,-0.34194967686416594,0.015608739832426628,-0.0032579034410229572,221.64545664226333,-20,1,0
15:21:40:621,4.326936585908777,3.0331985371090524,222.56472950259428,-0.30692244070160496,0.022052677050863875,-0.0022494793053643475,222.62744999695556,-18,1,0
15:21:40:740,4.295120303104403,2.976547536973849,222.00132879285027,-0.33503314751259566,0.018780218848583153,-0.0021171641084684317,222.06282417246075,-19,1,0
15:21:40:863,4.316458434287858,3.0119123496237767,221.53794863064735,-0.33279701830685066,-0.00376591025389867,-0.0010397936800298584,221.6004650556765,-19,0,0
15:21:40:987,4.329901068620116,3.011387003714468,222.62683528983814,-0.31623447238120933,0.0191690327971019,-0.0012699802177146046,222.6892998913933,-18,1,0
15:21:41:110,4.329901068620116,3.011387003714468,222.62683528983814,-0.31623447238120933,0.0191690327971019,-0.0012699802177146046,222.6892998913933,-18,1,0
15:21:41:231,4.344808944940098,2.981369072811443,222.25636737106643,-0.332706359281978,0.012064010569760449,-0.0035068237568951365,222.31882233247546,-19,1,0
15:21:41:354,4.295120303104403,2.976547536973849,222.00132879285027,-0.33503314751259566,0.018780218848583153,-0.0021171641084684317,222.06282417246075,-19,1,0
15:21:41:479,4.280210622122065,2.981728780669285,222.27616075547112,-0.3321003547976632,0.011096831010826487,-0.0035177929153219403,222.33736201925947,-19,1,0
15:21:41:601,4.329098711654818,2.989518924020963,222.6789042156259,-0.3255518062594358,0.022119566375380335,-0.0020750295110838093,222.7410440438049,-19,1,0
15:21:41:726,4.280210622122065,2.981728780669285,222.27616075547112,-0.3321003547976632,0.011096831010826487,-0.0035177929153219403,222.33736201925947,-19,1,0
15:21:41:849,4.280210622122065,2.981728780669285,222.27616075547112,-0.3321003547976632,0.011096831010826487,-0.0035177929153219403,222.33736201925947,-19,1,0
15:21:41:970,4.280210622122065,2.981728780669285,222.27616075547112,-0.3321003547976632,0.011096831010826487,-0.0035177929153219403,222.33736201925947,-19,1,0
15:21:42:094,4.303922129695658,3.030582637292267,222.44262826808458,-0.3109911026824155,0.01826116129124502,-0.0023502713584992695,222.50490117665544,-18,1,0
15:21:42:213,4.312293610367556,3.0385013571344364,222.83801565740632,-0.3038733268437131,0.013767203918138056,-0.0036429943858896532,222.900447708859,-17,1,0
15:21:42:336,4.279708324653038,3.030101503498114,222.41966411471114,-0.31171713877843005,0.024930068845114176,-0.002063936020489631,222.48146979774862,-18,1,0
15:21:42:463,4.304516746854964,3.0350311855069663,222.67350282373073,-0.3092079331675366,0.033331588511826896,-0.0007354077009654603,222.73578324667767,-18,2,0
15:21:42:587,4.312293610367556,3.0385013571344364,222.83801565740632,-0.3038733268437131,0.013767203918138056,-0.0036429943858896532,222.900447708859,-17,1,0
15:21:42:712,4.354458944376344,2.994574570104481,222.9442717369148,-0.322918657332069,0.030016532060830152,-0.0007385873202659722,223.00689919788914,-19,2,0
15:21:42:829,4.260824741658735,3.0114812088673766,221.4644065994441,-0.32459640005499335,0.02894563565616244,-0.0007060675405536573,221.52586087631934,-19,2,0
15:21:42:953,4.263899835849761,2.99007142167317,221.52954207413495,-0.33328518299440546,0.02592100182793597,0.0002667535095989478,221.59074750650757,-19,1,0
15:21:43:079,4.249182853830045,2.9954579709335936,221.8135627978928,-0.33024721125771567,0.01827960474889151,-0.0011291789327101552,221.8744802010264,-19,1,0
15:21:43:198,4.280210622122065,2.981728780669285,222.27616075547112,-0.3321003547976632,0.011096831010826487,-0.0035177929153219403,222.33736201925947,-19,1,0
15:21:43:328,4.336628813404077,2.9765025278647235,221.99698869840057,-0.335095650890925,0.02545959723567398,-0.0018245744210124534,222.05929142443335,-19,1,0
15:21:43:448,4.295120303104403,2.976547536973849,222.00132879285027,-0.33503314751259566,0.018780218848583153,-0.0021171641084684317,222.06282417246075,-19,1,0
15:21:43:570,4.292356518158865,2.998151310686943,221.9445809717987,-0.32615121105296546,0.0214861885858923,-0.003088174306173973,222.00632932082829,-19,1,0
15:21:43:693,4.314305109254398,2.9948041990612118,222.95784131152416,-0.32253410974992325,0.014286730586986832,-0.0034776483285531056,223.01968765797616,-18,1,0
15:21:43:814,4.296648427651947,2.9810958614510694,222.2420669415977,-0.3330926762477646,0.03224803262867081,-0.00048815358222698,222.30358620301112,-19,2,0
15:21:43:967,4.317546097424882,3.0031499998605575,222.20590427153397,-0.3236491444750701,0.0293282451329531,-0.0017557092549718412,222.26813538461866,-19,2,0
15:21:44:106,4.326134681117106,3.011215139999172,222.617037871987,-0.31648462917536474,0.025015274143025713,-0.0030520961310629984,222.67942969389026,-18,1,0
15:21:44:233,4.311534411015618,3.016648548746181,222.90016621988698,-0.31329118427655855,0.016992661611798285,-0.00445299356623881,222.96226945000643,-18,1,0
15:21:44:349,4.303102325184279,3.008757413955604,222.49921845184747,-0.32030315888379035,0.02145635847094895,-0.0031574005423600023,222.5611635539318,-18,1,0
15:21:44:513,4.335027448996176,2.9998387901663888,222.04103682743573,-0.32863066649324296,0.033002622078817365,-0.0015634499971241946,222.10360990121976,-19,2,0
15:21:44:674,4.329098711654818,2.989518924020963,222.6789042156259,-0.3255518062594358,0.022119566375380335,-0.0020750295110838093,222.7410440438049,-19,1,0
15:21:44:890,4.249182853830045,2.9954579709335936,221.8135627978928,-0.33024721125771567,0.01827960474889151,-0.0011291789327101552,221.8744802010264,-19,1,0
15:21:45:015,4.303852415725992,3.0130389389190992,222.72345629429603,-0.3186676865470223,0.035951185187853146,-0.0015342292293780413,222.78541140061435,-18,2,0
15:21:45:127,4.251405526569422,3.0181731829440133,221.86718164915425,-0.3292893691708978,0.014320419051665373,-0.0012134008792209256,221.92843466138447,-19,1,0
15:21:45:253,4.351901299267506,3.038229451279165,222.82315292881702,-0.30432883892127477,0.030401341615140805,-0.0009219246223421559,222.88635526710954,-17,2,0
15:21:45:370,4.5545265595037625,3.0523532469357653,222.434457213984,-0.31054720194621827,-0.005772703955446768,0.0012183206958989023,222.50201870680854,-18,0,0
15:21:45:498,4.709484062406172,3.0967692009695376,222.52665214168582,-0.3172957070108093,-0.01589620404166462,-0.0023079918484864436,222.59802365026732,-18,-1,0
15:21:45:616,4.750372909643972,3.078000320458481,222.61679044074486,-0.3053729718289832,-0.002803464859797993,-0.0029690384515858375,222.68874132944381,-17,0,0
15:21:45:742,4.681954951099786,3.05553917905264,221.43400054778982,-0.3145948723210868,0.0016971166722718613,-0.0006118196041610929,221.50456794485623,-18,0,0
15:21:45:865,4.64067030156002,3.1151648037299275,222.31212582336522,-0.31327450196819717,-0.015826833521300623,-0.001401847759749341,222.38237646159362,-18,-1,0
15:21:45:987,4.549750027900359,3.119641008720098,222.39420457289404,-0.28990153653061906,0.0023953759774292837,-0.0006875940180374661,222.46261396681896,-17,0,0
15:21:46:114,4.458878608337089,3.140003905434171,222.40420721444949,-0.30124168309599547,0.011296474168317918,-0.0015127711032117922,222.47106016212044,-17,1,0
15:21:46:235,4.515449550865714,3.1000748546308428,222.50714912283803,-0.2896257705420355,-0.016071225194264974,-0.00041470854749352026,222.57455191356357,-17,-1,0
15:21:46:359,4.548859552474073,3.0843053329913452,222.86731044660715,-0.29314974239791636,-0.02968600223066651,-0.000989858737402862,222.935064824535,-17,-2,0
15:21:46:484,4.718116726025288,3.138853348222266,223.38120176483864,-0.28135560610912674,0.014920794658847443,-0.0014757045794454604,223.45306963137827,-16,1,0
15:21:46:603,4.783117244909018,3.101607228908098,221.5668824886232,-0.3121970630040774,0.03387110988174814,0.0007366951465402859,221.64020752947405,-18,2,0
15:21:46:830,4.532827160934576,3.0736827378297753,222.34798968178148,-0.30171350588932855,-0.008357758944550252,0.0019341360624841727,222.41542788928413,-17,0,0
15:21:46:989,4.246293476167172,3.0170164560192725,221.75275542636834,-0.32139022037664927,0.02113243384064772,-0.0021004515721813086,221.81392637922525,-18,1,0
15:21:47:152,4.227882238560771,2.994251111011012,221.6981689904985,-0.32231698636195666,0.012484973031236883,-0.0004810904271007744,221.7586946698563,-18,1,0
15:21:47:320,4.246293476167172,3.0170164560192725,221.75275542636834,-0.32139022037664927,0.02113243384064772,-0.0021004515721813086,221.81392637922525,-18,1,0
15:21:47:483,4.223265066333542,2.995276310124983,221.80340729698818,-0.3304918388626882,0.025456334629721418,-0.0030039066178652782,221.86383016739825,-19,1,0
15:21:47:638,4.248366847426906,2.973853172208442,221.86548904354314,-0.33911482216277306,0.021264416812593886,-0.0019373950264966122,221.92608601083995,-19,1,0
15:21:47:754,4.2262063964570835,2.973833641358005,221.86490056153505,-0.33913073113136366,0.022491913433282693,-0.002035311413199068,221.9250743116058,-19,1,0
15:21:47:879,4.245473662620579,2.995309033834157,221.8047587306207,-0.3304690465832844,0.024131422228882555,-0.0029066123056178234,221.86560553266708,-19,1,0
15:21:48:044,4.229602085460989,3.0248403122565026,222.14748771660567,-0.3143994585730009,0.03182639580788529,-0.0006759428637785331,222.2083380332868,-18,2,0
15:21:48:163,4.238588553567106,3.030170673792809,222.42489132812815,-0.3115994841559919,0.01719448366421957,-0.0023463210135478796,222.48590932813784,-18,1,0
15:21:48:291,4.281030834604536,3.003298225495427,222.21539063076105,-0.3231745094186465,0.00778329254962899,-0.002703783263864765,222.27691481217707,-19,0,0
15:21:48:412,4.249182853830045,2.9954579709335936,221.8135627978928,-0.33024721125771567,0.01827960474889151,-0.0011291789327101552,221.8744802010264,-19,1,0
15:21:48:533,4.249182853830045,2.9954579709335936,221.8135627978928,-0.33024721125771567,0.01827960474889151,-0.0011291789327101552,221.8744802010264,-19,1,0
15:21:48:657,4.246293476167172,3.0170164560192725,221.75275542636834,-0.32139022037664927,0.02113243384064772,-0.0021004515721813086,221.81392637922525,-18,1,0
15:21:48:777,4.225025032821697,3.016565948467666,222.89940911128076,-0.31343647448379686,0.025128171469584834,5.676848602928294e-05,222.95985533007402,-18,1,0
15:21:48:934,4.246293476167172,3.0170164560192725,221.75275542636834,-0.32139022037664927,0.02113243384064772,-0.0021004515721813086,221.81392637922525,-18,1,0
15:21:49:068,4.229602085460989,3.0248403122565026,222.14748771660567,-0.3143994585730009,0.03182639580788529,-0.0006759428637785331,222.2083380332868,-18,2,0
15:21:49:190,4.224055095255425,3.0169931336015288,221.75198868310642,-0.32141153746771517,0.022569347866232423,-0.002197242543830764,221.81273492279138,-18,1,0
15:21:49:344,4.221820766456331,3.0382402958693238,222.8277146357493,-0.30429915431861637,0.028148475547523144,-0.0009239534617594212,222.88841397540259,-17,2,0
15:21:49:478,4.20726731524487,3.0247962479998307,222.14526659767841,-0.3143921695586278,0.033336598983706674,-0.0007726890265115116,222.20569291167465,-18,2,0
15:21:49:601,4.229602085460989,3.0248403122565026,222.14748771660567,-0.3143994585730009,0.03182639580788529,-0.0006759428637785331,222.2083380332868,-18,2,0
15:21:49:723,4.20726731524487,3.0247962479998307,222.14526659767841,-0.3143921695586278,0.033336598983706674,-0.0007726890265115116,222.20569291167465,-18,2,0
15:21:49:846,4.199358448298835,3.0381875802315497,222.82524932265054,-0.30432275455844443,0.02979892211072489,-0.0010200904455502343,222.8855242739002,-17,2,0
15:21:49:970,4.20726731524487,3.0247962479998307,222.14526659767841,-0.3143921695586278,0.033336598983706674,-0.0007726890265115116,222.20569291167465,-18,2,0
15:21:50:092,4.207324058470578,3.0438570878595845,223.11610303990793,-0.30093464336559844,0.01980344537631358,-0.0023196564448502545,223.17652671689984,-17,1,0
15:21:50:213,4.199358448298835,3.0381875802315497,222.82524932265054,-0.30432275455844443,0.02979892211072489,-0.0010200904455502343,222.8855242739002,-17,2,0
15:21:50:345,4.198781193062767,3.0116845367811744,221.47690898669535,-0.32424438245252185,0.01468804576772117,-0.003522337311755647,221.5371779669436,-19,1,0
15:21:50:477,4.221820766456331,3.0382402958693238,222.8277146357493,-0.30429915431861637,0.028148475547523144,-0.0009239534617594212,222.88841397540259,-17,2,0
15:21:50:622,4.20726731524487,3.0247962479998307,222.14526659767841,-0.3143921695586278,0.033336598983706674,-0.0007726890265115116,222.20569291167465,-18,2,0
15:21:50:748,4.221820766456331,3.0382402958693238,222.8277146357493,-0.30429915431861637,0.028148475547523144,-0.0009239534617594212,222.88841397540259,-17,2,0
15:21:50:869,4.199358448298835,3.0381875802315497,222.82524932265054,-0.30432275455844443,0.02979892211072489,-0.0010200904455502343,222.8855242739002,-17,2,0
15:21:50:999,4.226998425912797,2.995448167731958,221.81357151490903,-0.33026113089379916,0.019606384119992652,-0.0012265597115848118,221.87406503153517,-19,1,0
15:21:51:114,4.224055095255425,3.0169931336015288,221.75198868310642,-0.32141153746771517,0.022569347866232423,-0.002197242543830764,221.81273492279138,-18,1,0
15:21:51:282,4.245473662620579,2.995309033834157,221.8047587306207,-0.3304690465832844,0.024131422228882555,-0.0029066123056178234,221.86560553266708,-19,1,0
15:21:51:405,4.223265066333542,2.995276310124983,221.80340729698818,-0.3304918388626882,0.025456334629721418,-0.0030039066178652782,221.86383016739825,-19,1,0
15:21:51:530,4.223265066333542,2.995276310124983,221.80340729698818,-0.3304918388626882,0.025456334629721418,-0.0030039066178652782,221.86383016739825,-19,1,0
15:21:51:647,4.223265066333542,2.995276310124983,221.80340729698818,-0.3304918388626882,0.025456334629721418,-0.0030039066178652782,221.86383016739825,-19,1,0
15:21:51:774,4.223265066333542,2.995276310124983,221.80340729698818,-0.3304918388626882,0.025456334629721418,-0.0030039066178652782,221.86383016739825,-19,1,0
15:21:51:895,4.237802442979208,2.9896406607386634,221.50621849959995,-0.3337755192447911,0.032998593065642956,-0.0016032872827798493,221.56692387362014,-19,2,0
15:21:52:027,4.223265066333542,2.995276310124983,221.80340729698818,-0.3304918388626882,0.025456334629721418,-0.0030039066178652782,221.86383016739825,-19,1,0
15:21:52:201,4.223265066333542,2.995276310124983,221.80340729698818,-0.3304918388626882,0.025456334629721418,-0.0030039066178652782,221.86383016739825,-19,1,0
15:21:52:358,4.20726731524487,3.0247962479998307,222.14526659767841,-0.3143921695586278,0.033336598983706674,-0.0007726890265115116,222.20569291167465,-18,2,0
15:21:52:670,4.216233003238134,3.0301424460447413,222.4241022979181,-0.3116515119352807,0.01875795667798064,-0.0024425181123463387,222.48469535456962,-18,1,0
15:21:52:818,4.20726731524487,3.0247962479998307,222.14526659767841,-0.3143921695586278,0.033336598983706674,-0.0007726890265115116,222.20569291167465,-18,2,0
15:21:52:963,4.221820766456331,3.0382402958693238,222.8277146357493,-0.30429915431861637,0.028148475547523144,-0.0009239534617594212,222.88841397540259,-17,2,0
15:21:53:090,4.079530393849364,3.0222353368889734,222.02843973821066,-0.31841931171357063,0.012486400912078156,-0.0035954742861169903,222.086479838936,-18,1,0
15:21:53:203,4.152078782182657,3.034990201042765,222.67564026095263,-0.30920069602193695,0.032729630604414625,-0.0008350957659297812,222.7350257354219,-18,2,0
15:21:53:327,4.070464052144776,3.013645027657339,222.76188882107542,-0.31776988250609345,0.011731497884336832,-0.0046565769222347226,222.81945571490317,-18,1,0
15:21:53:452,4.119310640134562,3.0220055129689065,222.01546212871696,-0.31883048850977647,0.02859448141305328,-0.0008749836459289356,222.07423682565724,-18,2,0
15:21:53:576,4.31835685553485,2.9930954492552813,222.81134177889302,-0.3148611099682535,0.0007985435190554037,-0.0009346721279641876,222.87328429313993,-18,0,0
15:21:53:698,4.154773675481722,2.991613516975745,222.8022026943978,-0.3272981993808892,0.03202195103808888,-0.0006615760272166714,222.86101817322148,-19,2,0
15:21:53:827,4.122475245006758,3.000581676894048,222.0859640738319,-0.32753193315389945,0.025494495698739378,9.708309659428405e-05,222.14448841046845,-19,1,0
15:21:53:946,4.079530393849364,3.0222353368889734,222.02843973821066,-0.31841931171357063,0.012486400912078156,-0.0035954742861169903,222.086479838936,-18,1,0
15:21:54:075,4.355221666546796,3.016573784285931,222.8958850951875,-0.31345441155542364,0.027251367794535214,6.143612560042791e-05,222.95883760355372,-18,2,0
15:21:54:195,4.246293476167172,3.0170164560192725,221.75275542636834,-0.32139022037664927,0.02113243384064772,-0.0021004515721813086,221.81392637922525,-18,1,0
15:21:54:312,4.249182853830045,2.9954579709335936,221.8135627978928,-0.33024721125771567,0.01827960474889151,-0.0011291789327101552,221.8744802010264,-19,1,0
15:21:54:439,4.249182853830045,2.9954579709335936,221.8135627978928,-0.33024721125771567,0.01827960474889151,-0.0011291789327101552,221.8744802010264,-19,1,0
15:21:54:593,4.249182853830045,2.9954579709335936,221.8135627978928,-0.33024721125771567,0.01827960474889151,-0.0011291789327101552,221.8744802010264,-19,1,0
15:21:54:772,4.094495523138453,3.0169801592560943,221.75505729393552,-0.3213818972043743,0.020524548116194467,-0.0022043927673440177,221.81337312774218,-18,1,0
15:21:54:892,4.059993614129429,3.000551142173705,222.08665737711507,-0.32745652631297717,0.01118738528036257,-0.00272653551388599,222.14403039524532,-19,1,0
15:21:55:010,4.028591448363487,2.992704617445122,221.6814572607835,-0.334343293625578,0.021499291506261498,-0.0011563046671634707,221.73825633672166,-19,1,0
15:21:55:134,4.003015604818571,3.0134758375696844,222.75535406648558,-0.3180394377812214,0.028771714665014488,4.0105487050919896e-05,222.81169838193279,-18,2,0
15:21:55:345,4.137530533509308,3.040677146115826,222.96939092673338,-0.3058787565710917,0.024541348851763574,-0.002230864128665749,223.02850527827397,-18,1,0
15:21:55:461,4.152078782182657,3.034990201042765,222.67564026095263,-0.30920069602193695,0.032729630604414625,-0.0008350957659297812,222.7350257354219,-18,2,0
15:21:55:590,4.184834514423462,3.043825263088747,223.11501348695685,-0.300975364380291,0.021517205492459213,-0.002415640943296594,223.1750141826595,-17,1,0
15:21:55:707,4.184834514423462,3.043825263088747,223.11501348695685,-0.300975364380291,0.021517205492459213,-0.002415640943296594,223.1750141826595,-17,1,0
15:21:55:828,4.20060814511289,3.0136577482350964,222.75919419333349,-0.3178461028911661,0.013821484806220247,-0.004650422320874459,222.81917744995727,-18,1,0
15:21:55:956,4.097345961565263,2.9954231304757797,221.81594143776675,-0.3302384908615082,0.01766840151786591,-0.001236235509408136,221.87400181089743,-19,1,0
15:21:56:078,4.097345961565263,2.9954231304757797,221.81594143776675,-0.3302384908615082,0.01766840151786591,-0.001236235509408136,221.87400181089743,-19,1,0
15:21:56:208,4.097345961565263,2.9954231304757797,221.81594143776675,-0.3302384908615082,0.01766840151786591,-0.001236235509408136,221.87400181089743,-19,1,0
15:21:56:327,4.875350633265496,4.585047253455471,202.33223065774212,0.7695756175240974,-0.04951001803685691,0.12546802166463147,202.44288889721827,44,-5,5
15:21:56:456,4.0936402235605085,2.995271121155472,221.80699616921137,-0.330461213243673,0.02352026556137882,-0.003013725555632986,221.8649884253433,-19,1,0
15:21:56:608,4.119310640134562,3.0220055129689065,222.01546212871696,-0.31883048850977647,0.02859448141305328,-0.0008749836459289356,222.07423682565724,-18,2,0
15:21:56:732,4.094495523138453,3.0169801592560943,221.75505729393552,-0.3213818972043743,0.020524548116194467,-0.0022043927673440177,221.81337312774218,-18,1,0
15:21:56:880,4.097345961565263,2.9954231304757797,221.81594143776675,-0.3302384908615082,0.01766840151786591,-0.001236235509408136,221.87400181089743,-19,1,0
15:21:57:031,4.1046226419061345,3.0275595427778303,222.303885445261,-0.3156134809715375,0.020555869245788852,-0.00226873457100485,222.36238784443117,-18,1,0
15:21:57:223,4.079530393849364,3.0222353368889734,222.02843973821066,-0.31841931171357063,0.012486400912078156,-0.0035954742861169903,222.086479838936,-18,1,0
15:21:57:369,4.094495523138453,3.0169801592560943,221.75505729393552,-0.3213818972043743,0.020524548116194467,-0.0022043927673440177,221.81337312774218,-18,1,0
15:21:57:532,4.05727048892875,3.022230707939293,222.02888574466078,-0.31845476622496727,0.01396895763884368,-0.003692144885070591,222.08651788725936,-18,1,0
15:21:57:827,4.152078782182657,3.034990201042765,222.67564026095263,-0.30920069602193695,0.032729630604414625,-0.0008350957659297812,222.7350257354219,-18,2,0
15:21:57:972,4.161380023395951,3.078585783625123,222.73971348989227,-0.3185923252145707,0.015319809928725971,0.0017973443872220222,222.79985354502716,-18,1,0
15:21:58:103,4.1573232973706356,3.1012815533713836,222.78554003032903,-0.31785464759589127,0.02555732598706457,7.371016629322234e-05,222.84590669536087,-18,1,0
15:21:58:257,4.19410462491117,3.108190224196112,223.06072837622227,-0.30210539967760924,0.00041383004734569845,0.0010439708491912015,223.12180508369258,-17,0,0
15:21:58:396,4.254766927227943,3.0179968551245437,221.85855340048275,-0.3294099338252149,0.008515119638636418,0.000567772451310162,221.91987081732324,-19,0,0
15:21:58:545,4.280496784322158,3.0235189685314423,222.14608211953114,-0.32639372863193233,0.016156025195295663,0.0019000043097865149,222.20788942054045,-19,1,0
15:21:58:658,4.23957894092004,3.0857278250999887,221.9401094112901,-0.3200030967435477,-0.006828861671929294,-4.984568563031627e-05,222.00204483585802,-18,0,0
15:21:58:784,4.086936613143664,3.064558453811723,222.02530228006526,-0.3285126297558099,-0.0036127482337050317,-0.0009761141851410789,222.084059360304,-19,0,0
15:21:58:904,4.035118982103272,3.021974430306543,223.18558524194393,-0.3102825083335338,0.017964967851482612,-0.0015374622870622618,223.24251381501279,-18,1,0
15:21:59:035,4.182496345521078,3.0198547787739844,221.8904093687062,-0.3169417542658912,0.025167459909027037,-0.0021010253433312006,221.95036960630907,-18,1,0
15:21:59:167,4.20263229588871,3.016533701173693,222.8980741690916,-0.3134476163064199,0.0266449687033201,-3.9937802270408825e-05,222.9580970991514,-18,2,0
15:21:59:320,4.059993614129429,3.000551142173705,222.08665737711507,-0.32745652631297717,0.01118738528036257,-0.00272653551388599,222.14403039524532,-19,1,0
15:21:59:446,4.073073821649483,2.9918845022304565,222.8195581285718,-0.32682398587081557,0.00923262181845068,-0.003689782484394086,222.87686463122026,-19,0,0
15:21:59:571,4.0275068162003045,3.0663265100762813,223.15053202946513,-0.300261239243792,0.0316715945097519,-0.0042415672155108755,223.207936943233,-17,2,-1
15:21:59:681,3.910315016233538,3.1092835749350582,222.0434348846919,-0.3184856678355111,0.003635328942710652,-0.002078204238021081,222.09962895797,-18,0,0
15:21:59:812,3.906181647928365,3.3476484370817072,221.96260025812444,-0.310751332164205,0.010141723007426526,-0.0029713305872178996,222.0222081650231,-18,1,0
15:21:59:930,3.8155688567731225,3.522530943852313,221.79979452371225,-0.27799522559250145,0.018593205975531223,-0.000901868541519186,221.86057703141438,-16,1,0
15:22:00:095,3.6677340832609073,3.2179739052050604,221.9255011813175,-0.18800402175669198,0.019275433283551427,0.0015557798294956893,221.979133487675,-11,1,0
15:22:00:222,4.661841589284283,4.827364835200347,202.43767519636424,0.7353268396830825,-0.04650915367201083,0.13154240136917192,202.54887942707649,42,-5,6
15:22:00:343,3.8276363990270745,3.122693504873796,222.18824890881586,-0.08823549445136585,-0.03755407622689925,-0.0005404500055847698,222.24315505386087,-5,-2,0
15:22:00:467,3.790214864211505,2.954147004657531,220.89200497554302,-0.01512873721073596,-0.13862314488183353,-0.0018196445145929841,220.94427029311564,-1,-8,0
15:22:00:586,3.7381536099246406,2.954869770273896,220.9340827429518,0.03588462123941959,-0.15214528933136026,0.0013905451750571723,220.98546098157712,2,-9,0
15:22:00:713,3.812534375292335,2.8915974925054213,221.17610992380568,-0.02150165302928952,-0.12781310776528232,0.0002350500700441164,221.2278652327704,-1,-7,0
15:22:00:835,3.802545850728809,2.6239810483036923,220.90703632607986,0.02232187586213845,-0.11445372545128753,-0.0017995515342330778,220.95534238814122,1,-7,0
15:22:00:957,3.7445849957515196,2.7116329613539447,222.3652343357064,0.022397143457301285,-0.08035642175033067,-0.0020660638569310404,222.41329166954282,1,-5,0
15:22:01:076,3.7303292427632755,2.719508683304075,222.21624153125646,0.04570183726766466,-0.09598308372477532,-0.0005557110677269422,222.26418758768963,3,-5,0
15:22:01:196,3.842760103777875,2.7163266192336524,221.99213999205088,0.04635335288359928,-0.1102841817922924,-0.00028799398940262516,222.04201281236814,3,-6,0
15:22:01:325,3.8866133849652225,2.628828436256208,221.40838052030637,0.015234043354581662,-0.08645051534720447,0.0021201854058999084,221.45809415592885,1,-5,0
15:22:01:453,4.000317971372823,2.7259408187672656,221.2155407704275,0.09195959663163371,-0.05732732281626519,0.0002664790142622116,221.26849928440376,5,-3,0
15:22:01:571,3.9144996867482735,2.5870375054079995,221.66573622455863,0.059106626620096636,-0.08584253534285223,0.0023763296215716535,221.71539118163977,3,-5,0
15:22:01:695,4.035151644954484,2.6489524068160963,221.42182955470213,0.10569985071101047,-0.07147004643629738,0.0025474790705283853,221.4744364503563,6,-4,0
15:22:01:818,3.9883716204319843,2.475528841832648,222.53963316904702,-0.08702475397736274,0.053574137680420346,0.00021878616786829373,222.5891364874832,-5,3,0
15:22:01:938,4.05690805626896,2.572349163115904,221.82304756741473,0.06906826373439323,-0.06090233851024982,0.002014527840086539,221.8750547386739,4,-3,0
15:22:02:199,3.7082851778496666,2.5195856093302424,222.98125950458115,0.01020418009363474,-0.02865787438378556,-0.0002036372992867549,223.0263253090369,1,-2,0
15:22:02:402,3.797250675790111,2.502169360909666,223.17045822609782,-0.03962833470778749,0.013963102235100652,-0.0027668050388577653,223.2167856346201,-2,1,0
15:22:02:565,3.5147712384526177,2.541480193735272,222.1945214755518,0.03783398755055316,-0.10200881176802037,-0.0004633580632375838,222.2368513819957,2,-6,0
15:22:02:715,3.645401040876898,2.4970969387923523,221.92005777172133,0.09126250605637212,-0.06335411169551507,-0.00046282604279175777,221.96404322158733,5,-4,0
15:22:02:837,3.6693814185244285,2.5317939737560478,222.34101167550048,0.05994643949721178,-0.10114217728399261,-0.001412175465336119,222.38570056009718,3,-6,0
15:22:02:994,3.689735684913573,2.527316264857273,222.33701768489937,0.04963324193008809,-0.05867164588263518,-0.0031728930255646138,222.38199322324277,3,-3,0
15:22:03:126,3.83480581793621,2.4611370593284945,222.09162377367008,0.05549197300886204,-0.050606525235948725,-0.002445181110488145,222.13836292210198,3,-3,0
15:22:03:250,3.8334557906151394,2.431031949245621,222.36130369293278,0.028062987818830827,-0.03780746199930651,-0.0006734630343112566,222.40763179274566,2,-2,0
15:22:03:377,3.8204992665324107,2.439588122236934,222.2820531538466,0.04998606575279314,-0.05441838594765028,0.0007934309977064519,222.3282684661157,3,-3,0
15:22:03:537,3.8777116370682845,2.4141242632576465,222.62986993276104,0.030617384435230575,-0.07044045817295233,0.0011929027803846948,222.6767244904074,2,-4,0
15:22:03:700,3.836302953347397,2.478061296738775,222.53021537587597,0.0303292862130365,-0.03521888239529637,0.0007993327000662776,222.57707600598494,2,-2,0
15:22:03:825,3.8623935562738843,2.428828362282311,222.20992818871778,0.02800697005413668,-0.056934882196422745,-0.0004171301329597621,222.2567647493144,2,-3,0
15:22:03:947,3.836302953347397,2.478061296738775,222.53021537587597,0.0303292862130365,-0.03521888239529637,0.0007993327000662776,222.57707600598494,2,-2,0
15:22:04:068,3.5173920123237163,2.4693500262996775,221.41368958386957,0.09504377275373223,-0.12118781529033364,0.0023414497221993327,221.4553943151146,5,-7,0
15:22:04:197,3.942105985587783,2.5324219154584284,222.62541119269693,0.05128642052854117,-0.06655583487846899,0.0013946700587738514,222.6747113371361,3,-4,0
15:22:04:314,4.4883888742921645,2.5273935227718587,223.11804064895992,0.0718147155736009,-0.011719038360889498,-0.003191689680484311,223.17749307610916,4,-1,0
15:22:04:441,4.9996563917572265,2.419580612624939,223.35849111456702,0.11363633298419504,-0.05287190756250663,-0.00029712977305042384,223.42754191762648,7,-3,0
15:22:04:565,4.716961509004422,2.396284504435215,223.08125868739577,0.07309871479538509,-0.07000834712241623,4.6124696444071115e-05,223.14398912553395,4,-4,0
15:22:04:687,4.617426746466208,2.420597642728446,224.31160447889218,0.04053048059913056,0.045815112052983026,0.0005700653718398929,224.37218149004553,2,3,0
15:22:04:807,err,err,err,err,err,err,err,err,err,err
15:22:04:932,err,err,err,err,err,err,err,err,err,err
15:22:05:056,err,err,err,err,err,err,err,err,err,err
15:22:05:174,4.42808285637748,2.282816078289492,224.1512632467865,0.17006127705005952,-0.019071140729153554,-0.0009085131578172122,224.20661895260903,10,-1,0
15:22:05:330,2.9318220283007617,0.25776739993091213,203.29766782768198,-0.8820881841458456,0.060732369681020054,0.17314359941145627,203.31897050844177,-50,7,7
15:22:05:462,4.192096295408582,2.1135621549535353,223.3990810048076,0.24127065321390148,-0.04880468489771521,0.0016379591178771263,223.44840614809814,14,-3,0
15:22:05:594,3.8540664670783418,2.1193088318327122,224.57768992028116,0.22540495163856497,0.0003367398683076965,-0.0004011223982119757,224.62075618292113,13,0,0
15:22:05:713,3.8761217922452147,2.1050902647574126,223.41539669499812,0.22508112583659629,-0.03290605617526854,0.0012343155072002162,223.45893404729753,13,-2,0
15:22:05:834,3.8877245983483575,2.1037510760810223,223.27311331065178,0.22552755834133006,-0.021100946814361216,-0.0004228153147345967,223.31686747438908,13,-1,0
15:22:05:958,3.8213173528515085,2.1784945046747937,223.52970135550663,0.23676401074749187,-0.014704266893647653,-0.002679403798923589,223.57297621291372,14,-1,0
15:22:06:080,3.7892555614925256,2.14125651930256,223.96599024189206,0.23917246949680637,-0.01961985524043904,-0.00034149642629227904,224.00827712882185,14,-1,0
15:22:06:199,3.670308770240687,2.13111786438699,223.39506680395388,0.2330233331056995,-0.019079261834222778,0.0005402630050530733,223.43537925351893,13,-1,0
15:22:06:329,3.710732250065534,2.1199624138712085,224.28053402204543,0.2335699024133234,-0.02328125334031469,0.002814710360821976,224.3212466880518,13,-1,0
15:22:06:445,3.679704725423312,2.134353020085459,223.9118790470288,0.2277626658801565,-0.020903389045299276,0.000603950361756739,223.95228346246418,13,-1,0
15:22:06:569,3.7863577963860378,2.0911700626362215,224.00440235111256,0.22683703223171836,-0.012478694187578847,0.000484226558110071,224.0461599096763,13,-1,0
15:22:06:691,3.910684297831356,2.1912765847263493,223.2185706496977,0.22682133230205542,-0.024503386912883007,-0.000296758145401305,223.26357837238513,13,-1,0
15:22:06:816,4.038347201560427,2.235058376340051,223.8578972701227,0.2119862460449262,-0.039285169971633054,-0.0019040189044241943,223.90547537804161,12,-2,0
15:22:06:937,4.023287481363835,2.216610761465668,223.91447740288768,0.21754100328905193,-0.0454697230018916,0.0014180673353564148,223.9615891085653,12,-3,0
15:22:07:061,3.912626355223279,2.1953474377189357,224.60044308432845,0.2026376828530168,-0.025041988600489506,-0.0002000521462030733,224.6452475104794,12,-1,0
15:22:07:187,4.08151702309591,2.2995419746622217,225.04776549911512,0.22211506892856933,0.0026111475109215727,-0.0005515474217473065,225.09652025441832,13,0,0
15:22:07:308,4.267882833099249,2.1950436799865916,223.76772037694917,0.2211353142121424,-0.018738432132796135,-0.0006390111234093849,223.8191808655608,13,-1,0
15:22:07:433,4.270214559127056,2.179761961658589,223.6997714898743,0.23511894152348908,-0.025997408337630562,-0.001481165988058015,223.75114269923284,13,-1,0
15:22:07:558,4.117095733100527,2.1797190122474013,223.70222210127568,0.23511681752058927,-0.02665492310172158,-0.0013978805149017514,223.75072251346216,13,-2,0
15:22:07:677,4.210765035319632,2.0903807089476802,224.1045804213108,0.2635425070027674,-0.018802759257416365,0.0021797508930561185,224.15388285618158,15,-1,0
15:22:07:806,4.014477857241502,2.1122130942666857,224.19916877301972,0.2613376809947715,-0.018272011088286452,0.002399060091484885,224.24505514087676,15,-1,0
15:22:07:924,3.8648609530464673,2.033312869391795,223.5566606875123,0.29123823363893636,-0.046196573525133934,0.0008360137057054412,223.5993113789994,17,-3,0
15:22:08:058,3.6973415849380187,1.975611292197178,224.32014265484767,0.290187072427838,-0.0034069398954876887,-0.0015928760361980418,224.35930953598688,17,0,0
15:22:08:183,3.9495139529497942,2.019858371667141,224.02774270089762,0.2967160895304845,-0.027762714228676127,-0.000248011242021119,224.07165815418452,17,-2,0
15:22:08:334,3.8943546635151045,1.9760505715136418,224.54597807646533,0.2864272763120782,-0.026937368838155003,0.003186852033874051,224.5884392492696,16,-2,0
15:22:08:458,3.794717566269199,1.9753118147170976,224.21741336521907,0.2916926147823345,-0.01858592854090645,0.0014744942642410898,224.25822213324227,17,-1,0
15:22:08:577,3.6513362060848924,2.018832469978068,223.90358836858093,0.29728523508797666,-0.009489930604645055,-0.0001241261068051371,223.9424587365215,17,-1,0
15:22:08:751,3.621746816514021,1.9954216767250792,223.7088354941857,0.29877697249826424,-0.03745853940041539,0.0015817845696560983,223.74704877570008,17,-2,0
15:22:08:867,3.8184365938148495,2.0972372271844457,223.1565477055416,0.2959070270667787,-0.019324703238893782,-0.0026432923696643592,223.19906730509368,17,-1,0
15:22:08:990,err,err,err,err,err,err,err,err,err,err
15:22:09:111,err,err,err,err,err,err,err,err,err,err
15:22:09:233,err,err,err,err,err,err,err,err,err,err
15:22:09:355,err,err,err,err,err,err,err,err,err,err
15:22:09:479,err,err,err,err,err,err,err,err,err,err
15:22:09:599,err,err,err,err,err,err,err,err,err,err
15:22:09:727,err,err,err,err,err,err,err,err,err,err
15:22:09:852,3.9841461211599554,2.0379128976389786,220.57844351764794,0.31921085186228393,-0.008841264161293244,-0.004163809245430085,220.62383428351825,18,0,0
15:22:09:974,3.980509296200586,2.1176662662102372,219.7182694003364,0.3253327813614956,0.01208875764292957,-0.0004774492813369268,219.7645259657504,19,1,0
15:22:10:206,3.828634725501218,2.1225073981069067,221.26955062952175,0.30169732280081113,-0.011942901915111798,0.0014284995675596527,221.31284986938022,17,-1,0
15:22:10:342,3.8935770156185527,2.1074871344033435,222.0526516789773,0.29768188498060255,0.003678091960544095,-0.0049924117527532915,222.09678422179698,17,0,0
15:22:10:469,3.892028468054636,2.066023030754558,221.3292781997514,0.31603514157074836,-0.010389260220762966,-0.0011401693009960667,221.37313686439623,18,-1,0
15:22:10:586,3.7962892176237406,2.1336632376537086,220.666441859155,0.3341655139113721,0.021316152634026624,-0.0020721289453298967,220.70940825758967,19,1,0
15:22:10:714,3.5493750941625724,2.065074558993321,220.99563517977182,0.3213219946679239,0.009399106121989248,-0.0012700162168645915,221.0337833115202,18,1,0
15:22:10:835,3.924533230264289,2.0912150692702474,220.98730858595084,0.3290250975720524,-0.004864896189749203,-0.00363211523352728,221.03204676608243,19,0,0
15:22:10:954,3.7898140335258255,2.0487760139851123,220.95424179350232,0.3314120322085774,0.004083895450914837,-0.0019670581479883063,220.99623784152,19,0,0
15:22:11:080,3.886651165947993,2.063802351219866,220.58420322230845,0.32714350637926154,0.009720996252475337,-0.00440501407949089,220.62809442283486,19,1,0
15:22:11:244,3.7609831753566314,2.050220723149654,221.81782987052358,0.31654371668032016,0.003996045289689119,-0.0019602546785552647,221.85918517818342,18,0,0
15:22:11:366,3.638734861121628,1.9813466313814143,220.66728433380086,0.33265945859042506,-0.0031018040196696354,-0.0004555146786506779,220.70617685311333,19,0,0
15:22:11:487,3.6066249293437744,1.9784511723793936,219.97472014446757,0.3409384556452534,-0.004577260855231389,-0.0005261050381890264,220.01318032122364,20,0,0
15:22:11:609,3.9019188288360684,2.11511514819033,221.910816116599,0.2751651219811506,0.022430682902237972,-0.004863211422298311,221.95519591163423,16,1,0
15:22:11:732,4.222723079037233,2.246956318599503,222.61593344839247,-0.2009862281476327,0.02051018483577136,0.001093217382377107,222.66731692819005,-12,1,0
15:22:11:858,4.095332327937981,2.2842785318634604,221.9625255647909,-0.18866947355267424,0.038526914909280494,0.0023491348105876175,222.0120546961084,-11,2,0
15:22:11:979,4.2413627494412705,2.3110630523225795,222.35253739989741,0.14225041741161923,0.018177728620151823,-0.0012048692336871733,222.40499333103324,8,1,0
15:22:12:099,4.233767523546593,2.3062117435957306,220.87039554355738,0.17118402242885722,-0.020245508673820307,-0.0022647260307505053,220.9230070128895,10,-1,0
15:22:12:227,4.220958185079169,2.3221640790451428,221.53736144019737,0.09902655780797195,-0.015534193090088607,-0.002453323739740974,221.5897367837573,6,-1,0
15:22:12:348,4.268733591127355,2.3685405379342637,221.7692457232589,0.1426903918156231,0.027169983360727335,-0.0014849182014898081,221.82297090115588,8,2,0
15:22:12:477,4.165990994660803,2.324834747492881,221.7836922809062,0.09761038537320274,-0.025362883415582554,-0.0016641476612415885,221.8349983643754,6,-1,0
15:22:12:596,3.926660977165504,2.3244005025157093,220.82153866670683,0.1660150519760314,-0.04952279414194032,0.0012759524566712205,220.86867918122203,10,-3,0
15:22:12:717,4.2309659088076215,2.4106317841427902,220.62276680466198,0.1280351015186898,0.01409901266386097,-0.0029871842413564365,220.67649954325555,7,1,0
15:22:12:842,4.534798776173395,2.636840907925381,221.59219965923523,0.11912577978001972,0.048317896949679806,-0.0038210853863560644,221.6542809867034,7,3,0
15:22:12:965,4.6733721644877075,2.6753903449979237,220.86380315580467,0.1311416409688535,-0.032977617501019664,-0.0019264641844850762,220.92944046761164,8,-2,0
15:22:13:091,4.546990551964043,2.625182780865316,220.52172874209322,0.1275216853748079,-0.015818745325285637,-0.004348925905400207,220.58422326883203,7,-1,0
15:22:13:212,4.376079403148732,2.4709649693376528,221.11887653766433,0.1045165333870633,0.0018042026750457313,-0.003907421873334204,221.17597812624498,6,0,0
15:22:13:333,4.411787798865689,2.453174839220354,221.50701857278312,0.1013887517860893,-0.0057289624209279485,-0.001004823939337066,221.5645305895718,6,0,0
15:22:13:458,4.394533802194367,2.4655623984870845,221.51999543717392,0.12632185559023545,0.030075027001615035,0.0008836605099266419,221.57729871032595,7,2,0
15:22:13:580,4.411359927276663,2.430878932531991,221.51275952021996,0.14377235457925133,-0.004201886291381399,-0.0014006193424621043,221.57001579423016,8,0,0
15:22:13:705,4.419702055231999,2.3800697152111643,221.042791019848,0.14213205911563442,-0.04181042797925073,-0.005213535571408777,221.09978281298805,8,-2,0
15:22:13:828,4.52669887332912,2.3226554134677397,221.6974719032534,0.1814642214093721,-0.008550791794900878,-0.0009570717269732611,221.75584497179176,10,0,0
15:22:13:990,4.22796365908927,2.2934237263789212,220.92640949555897,0.1866127988483466,-0.006712294871625757,-0.001747955196595445,220.97876341786943,11,0,0
15:22:14:116,4.26700639155021,2.335797848500838,221.70275341357186,0.16506920087339524,-0.011396742990118431,-0.0014070449878559896,221.75611415763407,9,-1,0
15:22:14:232,4.3097208391764195,2.3622569946451266,222.62621502252338,0.15033812880563988,0.022427951133902762,-0.001401899619138005,222.6804561857084,9,1,0
15:22:14:360,4.274580371533087,2.3076240643641435,221.46760383919013,0.19987951439227206,0.00401942696864224,-0.0033849403439296997,221.52087196570798,11,0,0
15:22:14:480,4.567597609789334,2.293152928702987,222.51867956374468,0.18763541770822945,-0.014844778583401665,-0.002598089100060726,222.57736689311395,11,-1,0
15:22:14:605,4.3647581351768,2.288001048684078,221.86074220421912,0.1944565811354245,-0.023004533481027902,-0.00022064160566568464,221.91546812645652,11,-1,0
15:22:14:733,4.375477525855242,2.284741887132977,222.3087190726065,0.17745200921189053,-0.027883612872461175,-0.000895430845426982,222.36351190061097,10,-2,0
15:22:14:851,4.305299913721662,2.2830196445847335,221.35383031256268,0.19764161062098817,-0.014968962147669747,-0.0026298665802423748,221.4074659538098,11,-1,0
15:22:15:036,4.15994084277509,2.256832841117395,220.52163418667863,0.20903472264461165,-0.011254424923498827,0.0005897960791166693,220.57241338538108,12,-1,0
15:22:15:181,4.189770176137631,2.3022312038653756,220.79226837540082,0.20657549631034236,-0.012799676829586258,0.003695139740311829,220.84401784291086,12,-1,0
15:22:15:302,4.198308582035312,2.2584100942877536,221.68144318665017,0.18395548426577255,-0.005010546370136697,-0.0009956714336970844,221.73269597517634,11,0,0
15:22:15:424,4.27979735635794,2.260481588426448,221.96737075611622,0.1808945026965563,0.012816234297480342,-0.0024955780687904877,222.02013449866718,10,1,0
15:22:15:548,4.146396226036288,2.258173340742471,222.03146088029936,0.17491673308690509,-0.015031329803926635,0.0007972075596796048,222.08165518371848,10,-1,0
15:22:15:671,4.198089009492669,2.2790755796973556,220.61136067513422,0.20826055695426585,-0.037581727026426974,0.0006121695128506782,220.6630703034918,12,-2,0
15:22:15:880,4.175081613929399,2.30696878566412,220.79378841213875,0.21533087514119512,-0.028049941604447032,0.001220903153769783,220.84530878613947,12,-2,0
15:22:15:999,4.203716096106412,2.257129603014348,221.0137242839378,0.19766577489029155,0.0018127759976750738,-0.0011638972150582836,221.06522156349683,11,0,0
15:22:16:118,4.149814290853913,2.3094023616146195,221.87802982629614,0.1935390251110135,-0.029025637516598125,-0.0017542102348165644,221.92884989905022,11,-2,0
15:22:16:248,4.267279069021826,2.3362705401309287,221.62587763899558,0.16798910470557554,-0.016599580916584967,-0.0031235964302604295,221.67926711793467,10,-1,0
15:22:16:366,4.364984363352087,2.2811921786529594,221.85592090491133,0.18163499256408425,-0.02479567650607043,-0.0009710641801182953,221.91058236779634,10,-1,0
15:22:16:493,4.264106513791051,2.3321844647190786,221.52097949523528,0.2042254648605868,-0.013959245525399462,-0.0034603506641010615,221.57429012696144,12,-1,0
15:22:16:615,4.437003519285031,2.3619191761599683,221.94822053781576,0.2084654397306832,0.0015846808812516023,-0.0043793971402017245,222.00513116215976,12,0,0
15:22:16:741,4.283667225685003,2.368178977423764,220.87990505538937,0.20652804138330513,-0.030893842627366507,-0.0027655326676448697,220.93413166337007,12,-2,0
15:22:16:859,4.430670928811504,2.3817207260103106,221.155304410747,0.22445379041049018,-0.008872354129216964,0.0001725291025981697,221.21250441036622,13,-1,0
15:22:16:980,4.384778181931133,2.4603957576065554,221.33833992809926,0.20506355652071986,-0.03778306578004742,-0.0004886242640702735,221.39543931417288,12,-2,0
15:22:17:108,4.455228938840052,2.440019795933774,221.56230295136638,0.20160355125113041,-0.0028359938637465367,-0.002062707618108392,221.62052443448255,12,0,0
15:22:17:226,4.4279895433378185,2.37539758972482,221.85553430807224,0.1953310980935847,-0.01950667946480091,-0.00034920426964949234,221.91243252288817,11,-1,0
15:22:17:352,4.461096600910814,2.382032006389367,221.24346110903002,0.22277864030131075,0.012770010969770105,-0.0030789487441211473,221.3012529175219,13,1,0
15:22:17:472,4.2758073402635155,2.397637097972409,221.96595759123412,0.23401921812615675,0.019888432909271905,-0.0031644329894985343,222.02008359934055,13,1,0
15:22:17:597,4.260926641311398,2.3231663124771442,221.72565900667146,0.2226648724237444,0.000736656428435457,-0.002126677903878508,221.77876467214082,13,0,0
15:22:17:720,4.275851873444365,2.425014023876593,222.02951541024171,0.2426925468555765,0.022925904855342655,-0.0024114796479628785,222.08392403676228,14,1,0
15:22:17:844,4.368994004642144,2.3619383182656297,221.9829260230106,0.20767648844769232,0.00928852697063579,-0.0029370999818096933,222.03847933853558,12,1,0
15:22:17:971,4.203153295229011,2.3683034845221913,220.7498319608808,0.24911573563244194,-0.003442907398805427,-3.2215256012460196e-05,220.80254452740147,14,0,0
15:22:18:089,4.260569317292312,2.4102750444673884,221.68934135388432,0.22394048876115163,0.00022356018167517125,-0.002124387691450092,221.74337858573472,13,0,0
15:22:18:210,4.214101794594141,2.4269339299353248,220.05053857218823,0.2551323311896214,-0.012802813498009848,-0.003939287074777569,220.1042666286721,15,-1,0
15:22:18:336,4.141476612293424,2.315491737967142,220.8611019867587,0.22945283824137264,-0.009383134079431593,-0.002658373704070426,220.91206327705194,13,-1,0
15:22:18:460,4.198910873045928,2.3157755959718176,221.1918611493119,0.2220649355948826,-0.02175768843227419,-0.0012790106758660512,221.24383179611394,13,-1,0
15:22:18:584,4.2606361330298315,2.295604528388774,221.62981114719082,0.21424294315669806,-0.003051687333181555,-0.0028794333400059802,221.68264706455557,12,0,0
15:22:18:749,4.301804665525027,2.2596533435564785,221.5272196296089,0.23059637334111824,-0.001597740209131049,-0.0022760091601292517,221.58050589670194,13,0,0
15:22:18:866,4.450020276464894,2.2225791721474835,221.59404210277324,0.24050437552060608,0.00845910792320878,-0.0017643105953195008,221.6498636004161,14,0,0
15:22:18:994,4.450020276464894,2.2225791721474835,221.59404210277324,0.24050437552060608,0.00845910792320878,-0.0017643105953195008,221.6498636004161,14,0,0
15:22:19:113,4.630866014720429,2.199953085479094,221.588822252892,0.23879170823592505,-0.005949352603802028,-0.0032419123087925475,221.6481239736722,14,0,0
15:22:19:237,4.481607235117271,2.2220528182496433,221.44407384343873,0.24308244545960783,-0.017908468877912195,-0.004742681132312794,221.50056470021764,14,-1,0
15:22:19:359,4.299448394237039,2.2325632944446205,222.2052460638183,0.2450813755914501,0.021450144344628067,-0.005600758370406302,222.2580504135687,14,1,0
15:22:19:486,4.183852465434554,2.1210140071594155,221.94574428075452,0.24588024985969612,-0.007638683127685694,-0.0009423271720840066,221.99530789232725,14,0,0
15:22:19:606,4.042560899096622,2.1758937348977114,221.63559013799255,0.27333258665923527,-0.00029975964246427056,-0.0023881367223481877,221.6831333863375,16,0,0
15:22:19:727,4.135465310949953,2.2023491259439094,221.59949035866296,0.28257203825713373,-0.014944364608573563,-0.0050790927014996426,221.64901656048414,16,-1,0
15:22:19:857,3.9263410318034575,2.1320220330292075,221.04518822588108,0.24611541979444296,-0.006552542756030318,-0.002988491065159621,221.0903365361375,14,0,0
15:22:20:033,4.047490428124706,2.192162362887003,222.10332156902282,0.253043135164092,0.002615710594871474,-0.004676572032235533,222.15101441718375,14,0,0
15:22:20:182,4.477953280591822,2.2791590506685204,221.52414720946956,0.26599667548527595,0.028821352908273843,-0.005302493440996555,221.58112380896563,15,2,0
15:22:20:302,4.307019267777181,2.3396933520554577,222.31300299838654,0.23912570088779925,0.009937116058145914,-0.007096617885851077,222.36702966518052,14,1,0
15:22:20:431,4.177675611786651,2.2720758465837347,221.61547110353106,0.25123284443276767,0.02428183667252806,-0.00580093984112021,221.66648897523947,14,1,0
15:22:20:548,4.434040520431361,2.322768690819438,222.01271793134234,0.25486525066580906,0.00918798976538413,-0.004999003299654667,222.06913989338918,15,1,0
15:22:20:674,4.104826564224993,2.2262687386529927,220.9916446587215,0.26095779706823624,0.017432594286590455,-0.005637866125667996,221.04097557372864,15,1,0
15:22:20:796,4.4814272370806245,2.2118378672311345,221.6176414492635,0.25986148794053715,-0.009425819878774533,-0.0032488716350120824,221.67398227660024,15,-1,0
15:22:20:916,4.2337966832718585,2.0897364890465098,221.52702572970884,0.27692429936663,0.0034417620319814103,-0.0027465944623377395,221.5773344943025,16,0,0
15:22:21:045,4.815392816076675,2.052238606924188,222.4663051757176,0.2673503809742822,0.010509367361515044,-0.0020965563477995707,222.52787832046658,15,1,0
15:22:21:163,4.744732459591579,2.0136251799343277,222.94727906201217,0.30600961684647876,-0.0025666430754367245,-0.003961161257913866,223.00685284007105,18,0,0
15:22:21:293,4.286616920845017,2.0303353713876535,222.0076705708326,0.27714789296578585,-0.0016972332913220089,-0.0066741559505048694,222.05833273857056,16,0,0
15:22:21:435,4.682603638035268,1.9210679653647598,222.51536636336914,0.30533759162885377,0.012419672627144837,-0.0047496283915502155,222.57292186333646,17,1,0
15:22:21:573,4.368498093664124,2.1684685220595328,222.31297851437634,0.28409962100373065,0.01661681550130552,-0.007786821931829641,222.3664688015238,16,1,0
15:22:21:700,4.243868240736737,2.2663658768411516,221.33820697466442,0.2861222135524441,0.01630081259723512,-0.0036417889995785106,221.39048917849166,16,1,0
15:22:21:822,3.992935014164924,2.2537067885589925,222.01110067402973,0.28765581511891214,0.0219248313492524,-0.0026236587560200396,222.05844173732802,16,1,0
15:22:21:987,3.9241029473878815,2.2718142601320093,222.88643874891451,0.26127962234110513,0.01607934850099427,-0.0031213038704794305,222.9325555008686,15,1,0
15:22:22:108,4.127220393856106,2.2046779042076046,221.9992106517232,0.277942951608433,0.012254708012230974,-0.005158992036632141,222.04851740741015,16,1,0
15:22:22:274,4.535454823337444,2.1682025925801742,222.21522765825287,0.2857387240225557,-0.00771353254004632,-0.004590402885428079,222.27208294373398,16,0,0
15:22:22:393,4.887008186447881,2.083587238784549,222.5152718389563,0.32252998631894547,0.004465582697264318,-0.0004117626251715043,222.57868358484075,18,0,0
15:22:22:518,4.490916948392927,2.0536242607084016,222.3452365695502,0.3116160654208395,-0.0003602118793137636,-0.003923785729512189,222.40006729497807,18,0,0
15:22:22:642,4.244492049723692,2.135974234542739,221.38135996389312,0.3231301365656353,0.016450252194102805,-0.003994149932791057,221.43234776823738,19,1,0
15:22:22:762,4.285169466344939,2.1947022716010305,220.89541320003795,0.3223627924557558,0.008012706881969927,-0.0014952686150362419,220.9478738712635,18,0,0
15:22:22:887,4.1120252575589795,2.292757916114884,222.48899117676632,0.3074488030130694,0.014588039896774643,-0.006729228831206435,222.53879815761545,18,1,0
15:22:23:010,4.09588831350324,2.339112356885083,222.68083292104643,0.3082744776512802,0.01450746415371288,-0.0037412451105473506,222.73078165827422,18,1,0
15:22:23:132,4.093516222702958,2.371692143777633,221.0135825584964,0.3263408992124716,0.04189844510842415,-0.002443180518821592,221.06421120125188,19,2,0
15:22:23:259,4.29763618299743,2.4631212290512625,221.60380505341848,0.3209130101253567,0.00947118096840646,-0.0024518728351259535,221.65915965081143,18,1,0
15:22:23:379,4.228948132208796,2.3945657740551547,221.94458475494233,0.307306394979235,0.0257738494628552,-0.0030243742317920016,221.9977852357878,18,1,0
15:22:23:506,4.654903879819173,2.271719688531767,222.68294937151785,0.34276642979227745,-0.004004165449513266,-0.0011205281113658497,222.74318122284146,20,0,0
15:22:23:622,4.473727092389064,1.9419208800984469,221.67993844675036,0.39511255365695075,0.008662329563821234,-0.0021153731949944614,221.73357977662465,23,1,0
15:22:23:790,4.4939384910794615,2.260601073233701,221.9162524791805,0.3776989960802156,0.017556013116890694,-0.0037109607892730307,221.97326171135413,22,1,0
15:22:23:914,4.350190389183549,2.3993108046664413,221.22014701373382,0.40693501472771404,0.015613132116471562,-0.004938672393294359,221.27592343844717,23,1,0
15:22:24:033,4.207003295535313,2.407654654879077,221.20888972880707,0.3843847075070093,0.0060015183940424575,-0.0004390707655970441,221.26199079986,22,0,0
15:22:24:165,4.302059774093265,2.5203428009598885,221.33575159722335,0.3886189405044881,0.031230732974383103,-0.0014928751865251723,221.39190315194904,22,2,0
15:22:24:280,4.455291502869938,2.616917323523051,221.8488921092023,0.39349669726954256,0.012797828856955623,0.0006938255555498334,221.90905526529147,23,1,0
15:22:24:404,4.296353400305131,2.5275659083238837,221.57735016192294,0.3956419687748886,0.011548938491825655,-0.002209932725528226,221.6334120721437,23,1,0
15:22:24:529,4.423404412722204,2.5850462422975338,221.2446970060876,0.3899711291628231,0.008541484831760896,-0.0001340653372692933,221.30401018505924,22,0,0
15:22:24:651,4.36107590434639,2.6764267539626356,221.2661593831971,0.397390046837836,0.003881019534578988,-0.0008084850099553952,221.32531606529602,23,0,0
15:22:24:804,4.165446610518269,2.40790213657077,220.58607122453174,0.39836522769347454,0.014681350157142193,-0.004487006691849398,220.63853642652404,23,1,0
15:22:24:937,4.04871300319947,2.343019270066623,221.32254389626397,0.3826595102471919,0.014628068497018282,-0.005171751585907656,221.37197260040818,22,1,0
15:22:25:099,3.9853107436866284,2.3883897291147753,221.0219995173719,0.3925658525948018,0.005321270059431105,-0.002637609895565359,221.07082887138012,22,0,0
15:22:25:225,3.8517494282766784,2.2690086261501343,219.28469784758528,0.40981092605745223,-0.0014544992353145076,-0.0011411278925123449,219.3302603014699,23,0,0
15:22:25:347,3.6731318677054343,2.1520982048372668,221.28316905848118,0.3913367918721682,-0.009025538832019266,-0.00239667205447967,221.32411602210271,22,0,0
15:22:25:468,3.4960855708945644,2.0092228277230015,220.79268860093424,0.3784760814618474,-0.008909232041805864,0.004055680008365176,220.82950647574154,22,-1,0
15:22:25:595,3.1936226552717746,1.8029156977823735,221.761533235985,0.379702329099514,0.006448711772422862,-0.0012135332982666368,221.79185592318862,22,0,0
15:22:25:717,2.8565948005195776,1.5747068194500071,220.6516889414358,0.4157994336510403,0.0035140536365866233,0.0012052363183275268,220.67579764924318,24,0,0
15:22:25:845,2.7087376194246424,1.3653005220878427,222.16827602786603,0.4070260535749458,-0.010996477035800645,-0.0009319979754749665,222.18898302616304,23,-1,0
15:22:25:960,2.6175286272659855,1.1362006475339261,222.09063548294938,0.3885594217613059,-0.004460528723045706,4.517730307670056e-05,222.1089659992282,22,0,0
15:22:26:084,2.8015351456116124,1.2827405146192907,221.77181950023845,0.38248986363841275,0.0076551362605758975,-0.001053619641464319,221.79322340154192,22,0,0
15:22:26:210,3.2601547400664574,1.575992262382153,221.43038783184562,0.36830508233554043,-0.001987618631966138,0.0004919745038859858,221.45999416576763,21,0,0
15:22:26:331,2.9334372499722434,1.3639261362145754,221.93150362630732,0.36996773671586713,0.009933083005298405,-3.5651182564570864e-05,221.95508025372663,21,1,0
15:22:26:454,3.0589449475507524,1.4842958957217531,221.0708143060285,0.36540384903057394,-0.005206581044995357,-0.0034276179336648056,221.0969588583903,21,0,0
15:22:26:576,3.995914316150861,2.9638606617661094,201.04447033958948,0.8198864570086556,-0.04567877833049359,0.1314872336871133,201.10601894366678,47,-5,6
15:22:26:699,3.358465726788979,1.6989816748471223,221.2702137480899,0.3580639770919841,0.01021944742459205,-0.00035087221912111905,221.30222168540215,21,1,0
15:22:26:822,3.454632722251826,1.8533399212642518,221.84350113196757,0.35227731982484206,0.009517073050657235,-0.00031287396641368825,221.87813851436266,20,1,0
15:22:26:948,3.52670417264317,1.912230465168682,220.4309533980307,0.3671830947030413,-0.006741390500246172,-0.0036049379991441957,220.46745674506712,21,0,0
15:22:27:074,3.6061433068294333,1.9306411983053084,221.80422917350225,0.33605385404032534,0.009796961180394071,-0.0003100189827206587,221.84194311319376,19,1,0
15:22:27:190,3.6435981530620087,1.9111446860051793,221.04605018502878,0.3540687581697948,-0.00361355867763797,-0.0026623138024947893,221.0843381696544,20,0,0
15:22:27:315,3.584771002280517,1.9527207958224793,221.74817629911632,0.3377944231669656,0.00574900709716318,-0.0021225239044200678,221.78574659709133,19,0,0
15:22:27:441,3.586326289640448,1.8050587417453618,221.84271878768288,0.3438578404922181,0.0064805866244004445,-0.0012197880084992712,221.87904779953394,20,0,0
15:22:27:561,3.3409681833407885,1.6370845078764467,222.1799458939417,0.34903391472596773,-0.010686013039974119,-0.00011061765379692816,222.2110943934233,20,-1,0
15:22:27:728,3.1755216399984962,1.4712463694378521,221.08320337653782,0.38003329092388044,-0.012926630184047501,0.0013128897479236564,221.1109027587678,22,-1,0
15:22:27:845,2.966620142055124,1.3613955033460337,221.9616911379633,0.365597396802723,-0.009581307941668537,-0.000936435337989218,221.98569000187467,21,-1,0
15:22:27:972,2.837434945058071,1.2727454131317395,221.05804433617402,0.37462920436550334,0.005282791110371541,-0.0007993979135570756,221.07991741378945,21,0,0
15:22:28:090,2.802698322265733,1.182813227729111,221.96873933190193,0.35767994737855136,-0.0220245867799558,0.0031308560762487165,221.98958400251834,20,-1,0
15:22:28:215,2.76143917225323,1.048269474966387,222.00432556965,0.3502598069798557,0.0032655250413303268,-0.0036401370373613786,222.02397390108428,20,0,0
15:22:28:342,3.12599825127917,1.461117519665976,221.71324466602303,0.31515709349237775,0.009410113578437098,-0.0008770092909531636,221.74009468251126,18,1,0
15:22:28:461,3.17540071864009,1.6479077805069855,221.5363405337979,0.30231575665425586,-0.0038997992750745584,-1.5363674494667064e-05,221.5652250396796,17,0,0
15:22:28:585,3.4999273294162125,1.9536183655570993,220.36752109675172,0.3277823768706068,0.0011760868814961515,-0.0027708296018606154,220.4039710857242,19,0,0
15:22:28:711,3.5666625395171483,1.9198205728465825,220.06971404368804,0.31195506463711103,-0.008220261816270481,-0.0010277814725284146,220.10698724023584,18,0,0
15:22:28:831,3.5926893490767555,1.9989023454486863,221.14505293165183,0.3160696133906711,0.01381051987063801,-0.0012376991585938048,221.18326668961353,18,1,0
15:22:29:002,3.7423142308407877,1.9326887875962,220.8310009481894,0.3198331693954433,0.0042429499715668905,-0.004339497765202298,220.87116421464185,18,0,0
15:22:29:122,3.64198477429442,1.9082595880116269,220.1944939188503,0.32689757877693404,0.010153293010638378,-0.004294796897694845,220.23287824466635,19,1,0
15:22:29:241,3.628737388461783,1.9064215005451304,220.80159448568045,0.31238157239367453,0.013711573328759745,-0.0034410144895089573,220.83963934355407,18,1,0
15:22:29:367,3.6348482622544935,1.8901654369842085,220.73911266460252,0.32310318504501373,-0.0012509674248144798,-0.005820457335339956,220.7771290401813,19,0,0
15:22:29:516,3.5863817053969895,1.9588832323932133,221.74508228968514,0.3104944457580697,0.0019978649041251465,-0.002746510032505541,221.7827334959018,18,0,0
15:22:29:657,3.7031945279605263,1.7767256258849389,220.3470151834235,0.32089000978211585,0.019126386542928336,-0.005125181738907905,220.38529330221982,18,1,0
15:22:29:772,3.1917422098438064,1.5237636960802274,221.10308681210634,0.3201924322670908,-0.010185009019902587,-0.004070860065391762,221.13137288041563,18,-1,0
15:22:29:896,3.1726776899590994,1.444072604895991,221.36266512528582,0.3286778336816017,-0.0035275357450423967,-0.0001856518080563464,221.39010985313234,19,0,0
15:22:30:025,3.2096920565647915,1.282158391100495,221.63262178909807,0.3072715909672612,-0.02295992658699816,0.00012416701218887082,221.65957027466067,18,-1,0
15:22:30:146,3.092984945825361,1.330753206309527,221.7264206924498,0.31502382516426547,-0.011877125690300068,-0.0038097445009473213,221.7519855447893,18,-1,0
15:22:30:271,3.272420568233755,1.5069334814856405,220.7856755834274,0.29536255464866584,-0.0028945984521999524,3.5864494681023745e-05,220.81506770989037,17,0,0
15:22:30:389,3.7606289748744803,1.872407235571624,221.65861488901774,0.27428321412496165,-0.001126505353894758,-0.0024346042329803823,221.69842081904952,16,0,0
15:22:30:514,3.406528943639446,1.8382861183018007,222.1511012812899,0.24240237117420196,0.023137861359100727,-0.002107548564970741,222.18482291953814,14,1,0
15:22:30:638,3.71463429608483,1.9514746693092697,221.90445217352897,0.2549581737692039,0.013515315610427242,0.00022694142951588578,221.9441205704098,15,1,0
15:22:30:759,3.85606125680412,2.0277336933999326,221.8256138944733,0.2763708897546407,-0.013558298563980596,-0.004848029930234919,221.86839317939706,16,-1,0
15:22:30:878,3.7803936396882896,2.0025337328817456,222.16540551749287,0.2633024948313458,0.015664624803316776,-0.0038948311927757325,222.2065906452245,15,1,0
15:22:31:003,4.0717995367171795,2.1131161302835095,221.05599433154595,0.2896529629600919,0.006668135260977364,-0.0019357463158882302,221.10358984230842,17,0,0
15:22:31:127,4.4047299802451985,2.2325856153776322,221.29721834182322,0.26529309983040206,-0.004437348563715833,-0.006626220158170217,221.3523095216254,15,0,0
15:22:31:251,4.293223059027381,2.186214083987202,221.66603142629202,0.32925254512772884,0.021590084670529638,-0.00011406558851875712,221.71838170196324,19,1,0
15:22:31:377,4.64078857952502,2.400555853336106,221.8651388865711,0.3194424018512959,0.026371718958206086,-0.0026336180937898052,221.9266532893296,18,2,0
15:22:31:498,4.415254398602225,2.586063331357448,221.15435721108983,0.31878893834672795,0.013251230683936542,-0.004807318681165018,221.21354368213645,18,1,0
15:22:31:619,4.2957299164959455,2.482738966229756,221.6526325624002,0.35396655157756096,0.01606907453521966,-0.0010885642399716445,221.708156841674,20,1,0
15:22:31:744,4.56895630756294,2.680895658546107,221.95682955829253,0.35081055824743707,0.007718332628009836,0.0003539909978593929,222.02003682289882,20,0,0
15:22:31:867,4.43030930932785,2.614713006523565,221.28196519266731,0.3653721119799857,-0.0040441911930403545,-0.0019758451175919574,221.34175494969682,21,0,0
15:22:31:989,4.523359551207374,2.7550433456121666,221.87985377004733,0.3682117359345791,0.008760116216892292,0.00029496879533329407,221.94305700896186,21,0,0
15:22:32:112,4.440443079052203,2.7361396345248767,222.34098420709694,0.3617155210971667,0.015121982844787883,-0.0012850713588114316,222.4021520872009,21,1,0
15:22:32:231,4.079196847449099,2.518907405672045,221.6808151826665,0.37842139893434495,0.014712609406908089,-0.002017764922676066,221.7326510947139,22,1,0
15:22:32:358,3.909146571707251,2.3013535909584073,220.97964626033087,0.39296866700829436,-0.009875955436052308,0.0005598821454489186,221.0262014255565,23,-1,0
15:22:32:481,3.766432396468317,2.187415335107481,220.02806660963097,0.40246030432140373,0.014668827058658334,-0.0043332614020847905,220.07117233935395,23,1,0
15:22:32:607,3.783276632472197,2.2256510117941026,220.03350723204514,0.3939262014111797,-0.012088394009603104,-0.003397996726346444,220.07728417385238,23,-1,0
15:22:32:727,3.784998648697705,2.1742850985082725,220.68189147372152,0.4039650363579937,0.008754693721555728,0.0013766351238381767,220.72505737881153,23,0,0
15:22:32:854,3.791490313843573,2.148180669899196,220.5846575058617,0.3983667142040923,-0.009292663168295153,-0.0025947920801966157,220.62769818399687,23,0,0
15:22:33:018,3.7991808273291494,2.1934497252341285,221.73158277977373,0.3785103924973469,0.011678693266098142,-0.0016360464271697342,221.77497559165582,22,1,0
15:22:33:138,3.7883331091739265,2.1530085790028552,220.54813260492384,0.4074406456263184,-0.004153672154885525,-0.001936861910803872,220.59117323502858,23,0,0
15:22:33:260,3.755426608323596,2.21038573541666,221.75825614269468,0.3696631389547263,0.013565326063195713,-0.0008256594689218529,221.80106672772973,21,1,0
15:22:33:381,3.7975676825005413,2.208788914822443,219.84231648275912,0.40613489132457936,-0.0027217347613750446,-0.0009889829745648028,219.88620781049238,23,0,0
15:22:33:506,3.813093675831843,2.160512818215143,220.69808043289382,0.37991759822262056,-0.004167479521588818,-0.0007495557764290409,220.7415914724328,22,0,0
15:22:33:628,3.813734438128562,2.215016861087186,220.92360668780526,0.39481552476970166,-0.0025545928012329663,-0.004203477621621878,220.96762401312898,23,0,0
15:22:33:750,3.7670933001967315,2.171599263205799,221.15166923749598,0.38980328525752744,0.013195136409538288,-0.0008872525732377721,221.1944114163447,22,1,0
15:22:33:876,3.7919736673272713,2.1434752950503007,220.66146908539534,0.3886394740483217,-0.007044737538298551,-0.0016596979653819123,220.70445733958132,22,0,0
15:22:33:995,3.838863535525178,2.210201309521179,221.09395715778896,0.3827807912488257,-0.004202307902009763,-0.0049545050662978644,221.13832719536254,22,0,0
15:22:34:154,3.824913518941784,2.2144115579376833,221.82898492119313,0.3750117058880912,0.007827913086227633,-0.0013877351273992268,221.8730090235003,21,0,0
15:22:34:286,3.7811577210756795,2.2710474828517375,220.5771882272791,0.38615607107051964,0.00875865797902473,-0.001604957875676557,220.6212835984632,22,1,0
15:22:34:409,3.854414605331832,2.255889906076139,220.7043575279767,0.39489887171572596,-0.0007138299075073195,-0.001101906301282849,220.7495390324861,23,0,0
15:22:34:527,3.812743085817016,2.2217687453308184,219.38188482473782,0.4004878919091235,-0.006062743029219742,-0.0016787987018823409,219.42626245609412,23,0,0
15:22:34:659,3.7506228673402795,2.1806867450051444,220.4149534260107,0.38303837911584804,0.01245327308632377,-0.0071606986446689815,220.45764731658397,22,1,0
15:22:34:776,3.783956445000032,2.1859268446638787,221.3116465940912,0.3741558859659811,-0.012448250600951127,-0.0023794515122902617,221.3547865322451,21,-1,0
15:22:34:905,3.7762143787869764,2.1905753551605764,220.7060904608396,0.39429600822713157,-0.018395227553477014,-0.0041331188195310575,220.74926224549313,23,-1,0
15:22:35:021,3.741953120319077,2.2581704785096655,221.137239157118,0.3898174660844547,0.011071985989799629,-0.00723416836671863,221.1804242899834,22,1,0
15:22:35:146,3.735777769555714,2.1874750488708847,220.63447280645133,0.3905238961639276,0.010213215746095617,-0.004853193471001197,220.67693960451248,22,1,0
15:22:35:271,3.7718223092404153,2.1503612133253514,221.01841675675212,0.39340148467529773,-0.002109635638595451,-0.004081756121955692,221.0610577251037,23,0,0
15:22:35:389,3.8333096503539927,2.1550025942799165,219.75172791148722,0.38922971638457204,0.00507823813474998,-0.0024833115313653824,219.79572384180082,22,0,0
15:22:35:512,3.75496296686337,2.187518417288599,220.63974000387418,0.3904781552968887,0.01628737562187785,-0.0031660172581104797,220.68253182498538,22,1,0
15:22:35:637,3.7948364063610054,2.161538133881623,219.96621501783824,0.3963818248562177,-0.0011146878101405571,-0.0063752022547446646,220.00956520053649,23,0,0
15:22:35:758,3.860215282415849,2.257945410713391,221.09851332836718,0.3902322684682171,-0.0025449922278633894,-0.004071543097718393,221.14373646006462,22,0,0
15:22:35:883,3.8216527878694224,2.1486394155800594,220.6535861124384,0.3976732030855013,0.012367054623085006,-0.004297971480262044,220.6971380549564,23,1,0
15:22:36:008,3.8700993292518384,2.163400456335227,220.33621221648247,0.39211050567927164,-0.005869338153518804,-0.004820595883685337,220.38081673380637,22,0,0
15:22:36:130,3.878450091780891,2.1905993961788175,221.47366968512125,0.37861020914361954,0.014883862704328746,-0.003188859801081615,221.51845851897573,22,1,0
15:22:36:294,3.8305596475156647,2.138113318205592,219.73554510684343,0.3975677402864644,0.01005407434487694,-0.0018256259013704646,219.77933137394038,23,1,0
15:22:36:417,3.865174343454476,2.1248842322768886,220.3951085855194,0.39892235392144176,0.006712486224888086,-0.0025669560716942087,220.43924014142485,23,0,0
15:22:36:537,3.7701299838792033,2.2017043352020775,220.2522036751023,0.3856132712243891,-0.017154817110856577,-0.0008395754131830577,220.29547114231318,22,-1,0
15:22:36:659,3.853388265623794,2.14769372425686,221.41289235402866,0.38084556956290216,0.01866433283324998,-0.0034242939702976176,221.45683572659377,22,1,0
15:22:36:789,3.8674691110834014,2.1713990298032884,221.63473878514296,0.37999178075651646,0.0017503475874714055,-0.003246304571186116,221.6791143239037,22,0,0
15:22:36:908,3.7477738326046195,2.1588873836982625,220.45605388859158,0.3818534030177359,0.02016660939174766,-0.0055713574054280565,220.49847686450227,22,1,0
15:22:37:035,3.8508034451896513,2.1464847357657595,220.33684138303633,0.40014494558620656,-0.0016065054430630652,0.0021831746016751532,220.380942357881,23,0,0
15:22:37:155,3.8231904308453823,2.139663235011945,219.97003784212166,0.39575494979398057,-0.006628414485793219,-0.001626531817574969,220.0136643304097,23,0,0
15:22:37:276,3.8227145645896496,2.1653820328097413,220.02755957492576,0.40163441501241665,-0.0036455921942422673,-0.001051094944738192,220.0714179499188,23,0,0
15:22:37:399,3.7433649306380032,2.1199023908429036,220.97497000378755,0.3792342054620881,0.011488498309894159,-0.0007971096332143277,221.01684129343047,22,1,0
15:22:37:520,3.758589580384851,2.1282282800167422,221.02484474640593,0.3924719042762573,-0.010604279413778499,0.0006964740899821031,221.06704491266555,22,-1,0
15:22:37:690,3.7293592942117413,2.1475791453828217,221.4078464863335,0.38083302087527304,0.00627959770150797,-0.004650132913283265,221.4496662960837,22,0,0
15:22:37:811,3.6117055698524374,2.083957404072744,220.62989105698261,0.39870347417699575,0.006690509599358418,0.0006038643938694847,220.6692913012622,23,0,0
15:22:37:932,3.510422559821327,2.0500375190224314,220.9947728129242,0.37055516763329543,0.000210902826429954,-0.0030077592472644763,221.03215904255626,21,0,0
15:22:38:058,3.4385442330725127,2.0769958073918726,221.02965897654852,0.37905800059702666,0.015504685996036785,-0.0007486858350527437,221.0661612398335,22,1,0
15:22:38:177,3.6155144658070486,2.017257609584191,220.26738859345258,0.4024100561651327,-0.009311282048036109,0.0007370153298325987,220.30629530473007,23,-1,0
15:22:38:310,3.4166827230543597,1.8050416802666902,221.48488152835796,0.387877402044566,-0.010828392578854608,-0.0022204289640270713,221.51858757659204,22,-1,0
15:22:38:428,3.423649589276064,1.7431255552179477,222.07496246269721,0.38373894112189555,-0.005627764511360914,-0.0004784277156023799,222.10819169049074,22,0,0
15:22:38:550,3.369956444991555,1.7417020780785701,221.93534963630623,0.3833232950187554,0.006026701606185928,-0.0022311532207700694,221.96776691844116,22,0,0
15:22:38:668,3.576432299354773,2.1142634756418723,220.11576884045763,0.38629906297500743,0.010225031688478452,-0.0037159772963279046,220.1549742119448,22,1,0
15:22:38:829,3.9973685425989993,1.849695718100356,221.49619890009498,0.3898403713184942,-0.03175090129936941,0.0020469329817031684,221.53998839195003,22,-2,0
15:22:38:959,3.1365214370406505,1.5929189431996666,221.07329994422798,0.403182711311259,0.014732873560338847,0.0003402259281098131,221.10128698339867,23,1,0
15:22:39:078,3.0990661319591366,1.57269481911903,221.71744708606974,0.39590178197612563,-0.016282203148981524,0.00048582678787921165,221.74468183532267,23,-1,0
15:22:39:207,3.0903153261765954,1.5687743373176177,220.40261556152737,0.40911415992159794,0.00012448641596361039,-0.002996668310557335,220.4298619699678,23,0,0
15:22:39:326,3.1528441593623255,1.548579218341839,221.21460122057985,0.39906246168380216,-0.007238169884719889,0.0019377496648866968,221.24248759465004,23,0,0
15:22:39:450,3.3478035379074806,2.1378499073468062,220.46321314115136,0.3830171002035283,0.006132001659355799,-0.0022387712257840083,220.4989944178329,22,0,0
15:22:39:574,2.9649295631063297,1.274406538126744,222.26256032788103,0.3989877129661551,0.002627862676683744,0.001316039866829169,222.2859884087244,23,0,0
15:22:39:696,2.8986304136400065,1.3549358959736146,221.1107917130433,0.4034622079279845,0.014546964756882337,0.0004988361547641174,221.13394158637408,23,1,0
15:22:39:822,2.8109742827725848,1.3829930492568459,222.1169154346849,0.4006791955910368,0.0020177497999082326,0.0014407931572901565,222.13900685924492,23,0,0
15:22:39:942,2.7391507322676785,1.4231972279402956,222.88017816410007,0.384038125610763,-0.010832994762844134,-0.0007899724211212826,222.90155283340826,22,-1,0
15:22:40:067,3.661997843577192,1.7240798176843866,219.41272001819345,0.3949451114093521,-0.004397418989061781,-0.0006584423927575332,219.4500498637589,23,0,0
15:22:40:189,2.6212805264419194,1.2616404056712733,222.92390589619845,0.368480976484508,0.0004665900304629766,-0.0037495703001765917,222.94288656095011,21,0,0
15:22:40:350,2.639117604782634,1.3737789731025924,222.49358979009173,0.37954216797551027,-0.025906807043261884,0.006407726124984862,222.51348208160428,22,-2,0
15:22:40:475,2.556458392827184,1.308673559289372,222.1774934001015,0.3844010675966474,-0.010255644892088247,0.0001953649333673038,222.1960545994262,22,-1,0
15:22:40:600,2.521506945923731,1.3822962570121704,222.13083838040242,0.39941019704310343,-0.021530468225153556,0.0032889611127503516,222.14944992009535,23,-1,0
15:22:40:721,2.5601626199171905,1.3513530534697882,222.1974016310911,0.38259448097041204,-0.017939113178060104,-0.0014082456607579718,222.21625925958693,22,-1,0
15:22:40:846,2.457567437058056,1.33659660602476,223.19872036142976,0.38131991127296755,-0.013042741708268699,-0.0037609256614263304,223.2162514226387,22,-1,0
15:22:40:967,2.4317427641434604,1.3335835609922029,221.6905442771349,0.39674374387140326,-0.02995666809191155,-0.0005762209610918896,221.70789169508024,23,-2,0
15:22:41:091,2.5134120605595145,1.30391126709096,222.1127576509122,0.3771228142752756,-0.013078331440021905,-0.0005105233229998782,222.1308050137834,22,-1,0
15:22:41:214,2.4251056305616863,1.2470958436659187,221.8179279468213,0.3955764266828007,-0.01289369178153053,0.0025353132328346717,221.8346896767588,23,-1,0
15:22:41:337,2.380017616501636,1.236071970547514,222.32721194714668,0.3702393147789272,-0.00752069001959913,-0.002944339032499318,222.34338652175538,21,0,0
15:22:41:502,2.4740231072560404,1.254090617824906,222.7713249769136,0.3955739618900804,-0.007193386615021543,4.050014357779529e-05,222.78859209031015,23,0,0
15:22:41:619,2.5127291011960136,1.2703398171190474,222.50886389901868,0.3891826961223015,-0.006643791698615896,-0.0022173842896488676,222.52667724212074,22,0,0
15:22:41:744,2.8630911280190676,1.7622460368964599,221.61733424344717,0.386886697262839,0.007952741945375635,-0.0032594596833007655,221.64283349360448,22,0,0
15:22:41:867,2.5903899689262713,1.1351428333579012,222.56159759884235,0.3808593829429947,0.005836943451232888,-0.006199416772308927,222.57956643679643,22,0,0
15:22:41:989,2.6525521172429287,1.4015633182586016,223.36411116534234,0.3774235973384426,-0.004791823606969746,-0.0023859749273336312,223.38425765741235,22,0,0
15:22:42:159,2.4685432361870037,1.3919076433587305,222.41904123488862,0.37447703352379225,-0.0071223914837636425,-0.002007511125846667,222.437094515379,21,0,0
15:22:42:279,2.307480595643606,1.27825220637291,222.55422825453456,0.36443944454981214,0.0046820988388630745,-0.005848690805038507,222.56986073899097,21,0,0
15:22:42:400,2.2962705777227153,1.2620795402120517,222.78961004964907,0.37139514316087796,-0.008142916181949202,-0.004995975140976688,222.80501800768903,21,0,0
15:22:42:526,2.1077052913883083,1.1186855809150118,222.43757562016654,0.3920212170386673,0.009608901866079142,-0.004990563043787876,222.45037407656028,22,1,0
15:22:42:648,2.008593374769627,1.090248045076136,221.15153623278823,0.3953981353139081,0.01093791369824159,-0.004010508854742734,221.16334476189132,23,1,0
15:22:42:775,2.024822694472715,1.1692702637648578,222.51901327888154,0.3652178552312573,0.0026476051713649473,-0.005488536273464757,222.53129750779064,21,0,0
15:22:42:892,3.0303362440060027,1.6168457889868497,222.26258677702654,0.3882467397599528,0.0019290748127690203,0.0004042174565708413,222.28912391044315,22,0,0
15:22:43:017,3.2926063848750493,1.7612766195706022,221.0816340514315,0.3942508103074212,0.00508709918277745,-0.0021939655917737563,221.1131661999969,23,0,0
15:22:43:139,3.486687858056366,1.8501968491249539,220.71575882688518,0.404330792426443,-5.441058077549562e-05,7.038573060759613e-05,220.75105076789052,23,0,0
15:22:43:259,3.6625622833835334,1.8261912269211795,221.95894310322618,0.378818968687172,-0.008643030373751736,-0.001445362424925227,221.9966706065164,22,0,0
15:22:43:411,3.851394841856439,1.8953243446047583,222.08823902902964,0.38279258135408034,0.002418387631242685,-0.005430551468456657,222.1297175337297,22,0,0
15:22:43:552,3.7721323052584776,1.8950928539932248,222.19258593036025,0.38043309475188763,-0.002151462495632928,-0.0007353667271329874,222.23268346819322,22,0,0
15:22:43:671,3.7286305284136056,1.8064586560358271,221.75377186187538,0.3855750528821949,-0.01278625054212632,0.0009779125397599829,221.7924735275344,22,-1,0
15:22:43:799,3.7402306660923195,1.8100466482138031,221.42764863575184,0.39734692114238573,-0.007804661745929991,-0.0016112837036844712,221.46663219244172,23,0,0
15:22:43:919,3.7885430500942068,1.8262223171827412,220.98505086780028,0.3955744032596541,0.006941472301723055,-0.0025119398280937693,221.02506838238614,23,0,0
15:22:44:041,3.6805650098230114,1.867500672428714,219.7133511610423,0.41431777804046604,0.007821671944793818,-0.0017067727729855606,219.75211215360036,24,0,0
15:22:44:212,3.466773831954938,1.8615964665543536,220.31311508057078,0.393931737094861,-0.013183918058863804,8.533214152206825e-05,220.3482533144092,23,-1,0
15:22:44:328,3.383731015157659,1.8039184493648943,221.12099612996414,0.3922278555101728,-0.0030654319862793633,-0.0037820843998982072,221.15424184686694,22,0,0
15:22:44:454,3.303889529257351,1.8287821706494387,221.7948176497529,0.38612841834895373,0.0038533440141363053,-0.0021373133077048695,221.8269624426579,22,0,0
15:22:44:577,3.5490418684682785,1.892337608974938,221.4162503991626,0.3898856932000309,0.02013297976698611,-0.002370834001337598,221.45277731524425,22,1,0
15:22:44:737,3.567009689938244,1.7792710584355156,221.4633326560329,0.3811760094212447,-0.007708778608568507,-0.001455080525414437,221.49920332756093,22,0,0
15:22:44:863,3.567009689938244,1.7792710584355156,221.4633326560329,0.3811760094212447,-0.007708778608568507,-0.001455080525414437,221.49920332756093,22,0,0
15:22:44:983,3.447980194830857,1.8039655339133738,221.11394187003197,0.3923908237263011,-0.001947821778180228,-0.003903261920060436,221.1481814267876,22,0,0
15:22:45:104,3.5080892200072102,1.8244547170791263,220.81147826420712,0.3954867770345192,0.0038963294300592226,0.000982910843467718,220.84687966601342,23,0,0
15:22:45:233,3.294000127626725,1.9103355039644527,221.76177953104295,0.3773662238916301,-0.013544545413085921,0.0004858747559028871,221.79446945168272,22,-1,0
15:22:45:351,3.152000288152952,1.8426015553973933,221.20447861604467,0.3827216844557488,-0.005859990774866138,0.0019376519558999858,221.2346077043658,22,0,0
15:22:45:476,3.004710309354141,1.798491947665089,221.24982683934476,0.3806898448555962,-0.014272162804747416,0.0004919185947880495,221.27753779760158,22,-1,0
15:22:45:597,3.1376837572073355,1.7790917020889458,220.5868186039653,0.39578511818319284,-0.003037827074785955,-0.003652321487985281,220.6163066694377,23,0,0
15:22:45:721,3.1581537860863342,1.7600212647314386,220.6863665315199,0.3988870249858722,0.006663494297788938,0.0009073344030529894,220.7159803527448,23,0,0
15:22:45:846,3.193728570934056,1.7691140215225194,221.0544700398925,0.37091300615832506,-0.0069107665182569335,0.0018917304810000992,221.08461816965846,21,0,0
15:22:45:967,3.153708771668742,1.8122779807063507,221.20894020017087,0.4051051286148781,-0.009546693924799865,0.0010468729350220933,221.23884255477975,23,-1,0
15:22:46:092,3.098755218760278,1.737878464706345,220.8217778723215,0.39558059526202105,-0.0010910682712288067,-0.0005272150483326942,220.85035677615915,23,0,0
15:22:46:214,3.172859966421038,1.8410967721638274,220.7611680754144,0.3880036057180035,-0.013205308834729004,0.0034182137140515998,220.79164388108612,22,-1,0
15:22:46:336,3.0363588131664727,1.8832393582098743,220.40007476188404,0.39265230463358625,-0.014054215816925878,0.0002929859659625527,220.42903397775595,22,-1,0
15:22:46:462,3.005932630829434,1.9020674335319658,220.78606736953995,0.38086132518389804,0.0029115128341864645,-0.0050504115713860005,220.81472105819807,22,0,0
15:22:46:585,2.9471829946242494,1.8001113185127076,221.07548379451052,0.3868295390973895,0.003288492786043215,-0.0010104319598851197,221.10245548916848,22,0,0
15:22:46:749,3.045100313809278,1.8400615905919966,220.44827364601656,0.3917729041505865,0.0065609348942161855,-0.0011777861322934656,220.47698250857692,22,0,0
15:22:46:913,3.0214631724801295,1.9275464881417876,220.74322696145654,0.38825674528557635,-0.013731812628960822,0.0035480713048431614,220.77231919904204,22,-1,0
15:22:47:033,3.003729272926382,1.9720616381669676,220.0947043559366,0.4023187966041676,-0.003423622163580508,-0.000444782052867739,220.12403390401718,23,0,0
15:22:47:157,2.9874111492400894,1.931077680909377,220.33862130303925,0.40179417454045113,-0.002997666597014261,0.0027824887681841886,220.3673336139194,23,0,0
15:22:47:277,2.9656544498475244,1.975542592578461,220.81924923340105,0.39490816070569273,0.0062083844680594635,0.001197577373810806,220.84799910086096,23,0,0
15:22:47:408,2.893531035501452,2.0951239489300626,219.65063535748823,0.40016112003102056,-0.006366418764143622,0.001949085263941438,219.6796842658944,23,0,0
15:22:47:528,3.0368526903646553,1.994897208777314,219.3054002801852,0.4192414419284341,-0.005766714674586491,-0.0015307139201281338,219.33549799608093,24,0,0
15:22:47:647,2.992496455474857,1.9846729999938855,219.96292882809843,0.38958823032657103,-0.01998967116406089,0.0027911871625475324,219.99223627343767,22,-1,0
15:22:47:772,2.8631323275706326,2.034021288379716,220.27667648483572,0.3944856070782423,-0.01612511647913726,0.0004248661787311015,220.30467306104003,23,-1,0
15:22:47:896,2.959415908068516,1.987332043427071,219.7139591023977,0.39864137477478934,-0.007208239538825067,0.0019471082172917143,219.7428757789837,23,0,0
15:22:48:047,2.7794468366881877,1.9838847242472062,219.02985209796816,0.4055390462998436,-0.008901421607241815,0.0020365551081208666,219.0564704211562,23,-1,0
15:22:48:183,3.732449385265892,2.4369582205871994,219.91562030215874,0.38914337424025286,4.697418753863648e-05,-0.0011502192332725522,219.96079195316995,22,0,0
15:22:48:308,3.6684411252001263,2.211221538282425,219.59133352399994,0.4153173800712231,-0.007316847584355884,0.0014532215298493462,219.63310479030477,24,0,0
15:22:48:431,3.2216098355885916,1.8514716860298408,220.04125695671806,0.4184122765046543,-0.01008893134428606,-0.0023011001603740764,220.07262774009254,24,-1,0
15:22:48:595,2.9252069572730135,1.7484517166857407,219.99967629804684,0.42761056020239663,0.014348121454928926,-0.002913687991575236,220.02607002442653,25,1,0
15:22:48:713,2.8371090022027188,1.6473450227240807,220.77844150952075,0.42690442586498956,0.0024860933772545917,0.0011478823295845736,220.8028151280847,24,0,0
15:22:48:842,2.9055934370388616,1.7021849179790842,220.3079807048769,0.41736574217403977,-0.014991285091771866,-0.0005817993276538099,220.33371568821866,24,-1,0
15:22:48:961,2.969799746529569,1.722203292781055,221.0985747752811,0.4014967530786674,0.0006040061842229923,-0.0028065104227462177,221.12522574861674,23,0,0
15:22:49:084,2.808627673196577,1.7033030089304015,219.74420421324888,0.4282115346014345,-0.006757494418465921,0.0019138064640466016,219.76875327457475,25,0,0
15:22:49:215,2.7572257636050077,1.5537255379684105,221.08253143465407,0.41034249367952447,0.0013799832823050335,0.004613384652255769,221.1051832556479,24,0,0
15:22:49:331,2.78245324979921,1.454188570202163,219.70735854928137,0.4448668614418161,0.0020209739194112725,0.0035259805501378838,219.72978885710398,25,0,0
15:22:49:455,2.7398382492745843,1.3230756496947509,220.7758931874675,0.42762332708979733,-0.011994558708762556,0.004549173024836084,220.7968574403428,25,-1,0
15:22:49:577,2.7312763833908393,1.1204849720613952,220.08923719343358,0.4222858469548431,0.01665539978409706,-0.0017411370863471458,220.10903590185148,24,1,0
15:22:49:701,2.8516734810769315,1.0394411129548906,221.04983620422436,0.4208535553117737,-0.016907540367548587,0.000573545864805023,221.07067323682804,24,-1,0
15:22:49:819,2.804542912611202,0.7794131001602469,220.90306489973463,0.4218508450517268,0.020324489465103263,-0.0009787430216893842,220.92224203965011,24,1,0
15:22:49:945,3.1109168554337807,0.95676810166166,219.5704125317324,0.36900264130711796,-0.022494733996374347,-0.006629822796197553,219.59453378496679,21,-1,-1
15:22:50:070,3.394844605156393,1.445516750483579,220.04276579501789,0.35069320629684164,-0.010543709155090468,-0.0011005179965733233,220.07369962648917,20,-1,0
15:22:50:191,3.204538777266867,1.4855926962671615,221.19079262679762,0.32778624487206603,0.011802963022982114,-0.00012404613879099708,221.21899284940523,19,1,0
15:22:50:319,3.358337751268767,1.6612231336740402,220.48060090244167,0.3433170604954724,-0.006752874214070691,0.0019376942390054554,220.5124338196221,20,0,0
15:22:50:479,3.3770480839396058,1.7952318244709813,221.4728142703137,0.29515538702041094,0.018134297120300947,-0.002476565122983991,221.5058346226521,17,1,0
15:22:50:598,3.3822146148611494,1.910495242649364,220.86533140279644,0.31843675049875686,-0.002584499260763431,0.0006124066644615378,220.89948841824025,18,0,0
15:22:50:726,3.3480858343848,1.920905836130021,220.32112975872874,0.34711067896274905,0.00099895693536391,-0.002801418513539156,220.35494043961955,20,0,0
15:22:50:846,3.4998463844012635,1.9373070523417448,220.34922546302874,0.3374038640041129,0.0017050884543541843,-0.0018937585892903717,220.38553320371582,19,0,0
15:22:50:970,3.6134415617916695,1.9148368449329651,220.48615649991999,0.33305168149208425,-0.005659209844317089,-0.0034365564150415384,220.52407752481452,19,0,0
15:22:51:095,3.6444449156634193,1.8971929498785398,220.21729571105158,0.34480183377725326,0.006503662186267267,-0.004330645601629006,220.25562115442392,20,0,0
15:22:51:215,3.6090140972735263,1.9650428370115411,220.68635264553723,0.34159187716517864,0.006163479535636722,-0.0044042838819242916,220.724608098182,20,0,0
15:22:51:340,3.5293044206885726,1.9563152038330738,221.08028403034962,0.3188121728768274,0.00920207734708975,-0.0010257643500332346,221.11710731151197,18,1,0
15:22:51:466,3.4910824894711743,1.9012476820037763,221.1797699543479,0.334269838341497,0.0013953033169218686,-0.0026078116905366897,221.2154900470464,19,0,0
15:22:51:581,3.478216394501622,1.722980708657538,220.75020289239066,0.3333864556640742,0.010428194055064158,-0.0033855877747601833,220.78432627530657,19,1,0
15:22:51:705,3.4172554886934154,1.4053884926219467,221.3056869308209,0.3377230606595007,-0.017749251528734602,-0.002687796627524869,221.336530694354,19,-1,0
15:22:51:833,3.4525194408562925,1.3179935796365827,220.75652652403878,0.3440380577913069,0.018075848205054743,-0.0028279513738634064,220.78745661953735,20,1,0
15:22:51:955,3.3873368909908463,1.2156026584899657,222.49875942951437,0.3313976728840611,-0.011357367237371123,-0.0032058716395075336,222.5278627244447,19,-1,0
15:22:52:077,3.5069191781624705,1.1672513060350937,221.45361784967335,0.3363827143535025,0.018075343222268433,-0.002654120287423261,221.48445953710333,19,1,0
15:22:52:206,3.350273518469913,1.0758957236098894,221.77523395776748,0.32465231539766776,-0.0021495255042582755,-0.0016703091282524618,221.80314759100952,19,0,0
15:22:52:367,3.2411919449807396,1.098309902998155,221.70838146964184,0.3268279819339649,-0.004704981661674211,-0.003267549700303438,221.73479209126262,19,0,0
15:22:52:486,3.3182360056671434,1.101657296342244,220.80603536540656,0.3435102709604036,-0.007936807422885295,-0.0011519924388409444,220.83371480092677,20,0,0
15:22:52:644,3.342121935989537,1.0277124135430753,221.0379816704365,0.3251416118729828,-0.009814357562153162,-0.004221704386689624,221.06563575730215,19,-1,0
15:22:52:774,3.4158445810274456,0.9346962285331898,221.3199984215314,0.3489454119434383,-0.014302444559657476,-0.0019375886062765598,221.3483303586183,20,-1,0
15:22:52:896,3.5621472564783634,0.9599247640530543,221.6388710527883,0.3128559547372645,-0.0010470293411892115,-0.005751324939086877,221.66957281093855,18,0,0
15:22:53:020,3.487329849276068,0.9389744819498466,221.08254478253292,0.35877235237061134,0.0059612765769483725,-0.0013139999375274486,221.11204116934942,21,0,0
15:22:53:145,3.590083293926567,0.7475376896246076,223.23253118660818,0.30614168061143937,-0.0004839811141222496,-0.0015182421888074794,223.2626491167628,18,0,0
15:22:53:310,3.503468627129483,0.7923855564986575,222.1963238108751,0.31853484542224597,0.0036837827790705273,-0.0049524774721007685,222.22535517433354,18,0,0
15:22:53:428,3.8522139628831003,0.6410154712117642,221.53887353349396,0.3259080285094041,-0.01202852561191301,-0.0020090552860373384,221.57329022185772,19,-1,0
15:22:53:555,3.7012068141814938,0.5986258422175622,221.75366025722562,0.3262257127240618,-0.011704418359622635,-0.0052122699199177586,221.78535371448078,19,-1,0
15:22:53:675,3.4316231093441014,0.5008323347256994,222.76652603328975,0.29877635173898615,-0.005190870070582956,-0.0024400109325448272,222.79351873681705,17,0,0
15:22:53:797,4.2501043421563836,1.1631139150222212,221.7103409941429,0.2868217749986492,0.013327929187484211,-0.006572150862805375,221.7541240307329,16,1,0
15:22:53:925,4.6018847105092355,1.3219000359064428,221.62754983572322,0.3002895187116741,-0.030754715686739917,-0.0045753647383520125,221.6792629200569,17,-2,-1
15:22:54:047,4.756378022719707,1.5317098719992124,221.65325170481282,0.28644525238836166,-0.03489599180654486,-0.0053575093324593195,221.70956961381728,16,-2,-1
15:22:54:177,4.4003980408568495,1.8360635955212319,220.56529808868493,0.3068925129340357,-0.0170217457544189,-0.003065825443697072,220.61682926149405,18,-1,0
15:22:54:295,4.231806183131828,1.9266056719495481,222.12959698188305,0.28376534969966316,-0.009024906629053035,-0.0010615129632869152,222.1782569207,16,-1,0
15:22:54:415,4.28038147242363,1.9738682712787858,221.27965605815197,0.30725964330351196,-0.009043781167891984,-0.0022390249673139846,221.32985340146925,18,0,0
15:22:54:539,4.870130390277152,1.928298787177487,221.89020276062203,0.29121856312424754,0.002031950122219087,-0.006374435123831007,221.95201866029714,17,0,0
15:22:54:660,4.927544198401613,2.134579050561757,222.2802792332817,0.2626606610035477,-0.0031958160540254375,-0.0028258522932346486,222.3451363434244,15,0,0
15:22:54:784,err,err,err,err,err,err,err,err,err,err
15:22:54:909,4.865405198882233,2.1068519678095936,221.9036251563317,0.337335486551736,0.01359005002026637,-0.004371113391110953,221.9669566635659,19,1,0
15:22:55:030,4.907447505447228,1.9115375621905832,222.34915003207172,0.32967737784317686,-0.004449024383565016,-0.004336203731862309,222.41151394848046,19,0,0
15:22:55:197,4.860984996755442,1.846376248814508,222.49688526826026,0.327258715670328,0.007931845606440344,-0.0027291709221954927,222.55763800523277,19,0,0
15:22:55:317,4.682335947252285,1.828972492530453,221.88550512157985,0.34643604234788056,-0.005816972948777157,-0.001906046424382861,221.94244027080535,20,0,0
15:22:55:437,4.381588961651582,1.8795317563103955,221.024989800551,0.3365798246791648,-0.008092535747245088,-0.004785937671749735,221.07640552032123,19,0,0
15:22:55:563,4.290273065555117,1.9813021470152503,220.9912498467271,0.36358759111606515,-0.00032823377086220966,-0.004321244018993386,221.0417709619459,21,0,0
15:22:55:686,4.368944492819719,1.9474135854139631,222.024414406923,0.3607656713869902,0.009871202144542252,-0.0049820208862413244,222.07593450977768,21,1,0
15:22:55:809,4.27223481617965,1.9649662231831366,221.55305280030436,0.3620173553752765,0.01079462869823259,-0.00499581726357395,221.60295189305867,21,1,0
15:22:55:930,4.4349720205687175,1.923645626070932,221.75833297176348,0.3620061383342519,0.0013715881551730656,-0.0035803570839735353,221.81101783214794,21,0,0
15:22:56:052,4.305462767407999,2.053366154801925,221.6398071444717,0.3633002942888005,-0.005705044725842546,-0.00505325430082764,221.6911307049649,21,0,0
15:22:56:179,4.461997939969417,2.09075733111636,221.39616822703834,0.3573191814597384,0.016058913229897664,-0.004451003469002907,221.4509968310122,20,1,0
15:22:56:297,4.454327011225479,2.1884317110370364,221.63477519140923,0.37139265444896435,0.0006875066127314494,-0.004531693713273987,221.69033320517906,21,0,0
15:22:56:424,4.361251727369228,2.149954826637254,220.30550646915808,0.3692475775621018,0.005287022045167101,-0.0027002351852992287,220.35915910852972,21,0,0
15:22:56:547,4.552963138785763,2.158875393557599,221.93766270065194,0.3516796330092053,-0.004776549747038212,-0.0008812844742362211,221.99485656504837,20,0,0
15:22:56:711,4.669922550863292,2.1333034596123372,221.28029078182348,0.35811326999995013,-0.00521600129536326,-0.0010816166089897604,221.33984333772852,21,0,0
15:22:56:836,4.493351869579138,1.970246967626585,221.20683712677754,0.3779442979393543,-0.0028523252501756213,-0.00126357917336267,221.26124124159202,22,0,0
15:22:56:956,4.189812127271602,1.9671215830146815,220.67755581175945,0.38238505758160635,0.01279368188613577,-0.004216843864620511,220.72609209614617,22,1,0
15:22:57:079,4.008384398810791,1.965295964320925,220.51019314814957,0.38221222939910965,0.019802314068271064,-0.00560701231765942,220.55537811613263,22,1,0
15:22:57:234,3.8880506121009684,1.9200581686337146,219.12598446609206,0.4039344934974615,0.002075223488704612,-0.0034704523858629915,219.16888608825664,23,0,0
15:22:57:371,3.8195952214536883,1.9511504302718325,221.12313533996246,0.38410801510796555,-0.007393486892699691,-0.0046426809917358616,221.16472882951444,22,0,0
15:22:57:504,3.7618554369286326,1.9263070713226447,220.5052365743599,0.38981550129465514,0.0007379620921748799,-0.0032063966552393053,220.54573578279815,22,0,0
15:22:57:700,3.7140618627232134,1.93950237353754,220.3585118652029,0.37827809191915607,0.006210496493875075,-0.0012973435709948294,220.3983431798521,22,0,0
15:22:57:817,3.7185623103245082,1.891612224687041,220.3262196106978,0.37082969712026487,-0.004957788938549961,-0.0036555340756965846,220.36571636805436,21,0,0
15:22:57:940,3.609965428504814,1.917394239275743,220.50188065572695,0.37464571191714247,0.0015904001995107374,-0.0030557612867987824,220.53976426888704,21,0,0
15:22:58:063,3.6150019533364275,1.895257888308994,220.50599317227002,0.3736636984774058,-0.008593418844048257,-0.00451114238530798,220.54376723561023,21,0,0
15:22:58:187,3.5646091044634165,1.8957231118982756,220.4436563916599,0.3757315940658137,0.005485044949753143,-0.0011436869062687067,220.4806246532988,22,0,0
15:22:58:312,3.6320258060286545,1.904904007345937,221.4060193217351,0.37423520844228464,-0.009547112343597243,-0.0021418013180011905,221.4440011890803,21,-1,0
15:22:58:431,3.6432319933753217,1.8556437251475606,221.17607173178493,0.36802701332259796,0.0006502781665853641,-0.002891189528476573,221.21385865197485,21,0,0
15:22:58:559,3.7949032653982004,1.7911314948320285,220.13690085824885,0.3867224433843549,0.004388461766132977,-0.005551328160914738,220.17689379746457,22,0,0
15:22:58:722,3.6963527499831996,1.7497937050595795,219.47907158457687,0.4008945850709782,0.007088000057137956,-0.004815226787110553,219.51716940888792,23,0,0
15:22:58:842,3.657873002292439,1.7664086069797353,219.6092542019357,0.39011916248343603,0.0023797548919786346,-0.005339042274411835,219.64681824556013,22,0,0
15:22:58:966,3.5786683232020433,1.6268330968870321,221.0809739472345,0.3865032128419673,-0.0033294914850947616,-0.003037631489131259,221.11592094272723,22,0,0
15:22:59:095,3.7733223045649447,1.5152667705270397,221.50424142408588,0.3743529191832677,0.00844452882454143,-0.0038517355704601164,221.54156035258873,21,1,0
15:22:59:213,3.8866645994300613,1.4480282954351493,220.76761746688322,0.38147807804880973,-0.020810271148404665,-0.003953730384972576,220.80657569387947,22,-1,0
15:22:59:337,3.8133525933258037,1.366132196916847,220.05730313966924,0.3993468364559833,0.0076366626134301676,-0.005034081780006632,220.09458112430838,23,0,0
15:22:59:458,4.107739676350954,1.3405248621089145,220.8459703071547,0.38128826509486236,0.009979386371373853,-0.004070546940870734,220.88823674669334,22,1,0
15:22:59:584,4.146312067837382,1.2936036019318151,221.52045783621787,0.3659691944802325,6.211499909646732e-05,-0.006373459991024531,221.56303517060422,21,0,0
15:22:59:702,4.07463730546783,1.228958668603873,221.53450787657843,0.3667277464889455,0.014773726652287668,-0.003294600371185363,221.5753848889764,21,1,0
15:22:59:824,4.088358553379598,1.1893395025795654,220.83457118793086,0.3820862981013472,0.0038636383046296943,-0.005774911058693482,220.87561439840002,22,0,0
15:22:59:950,4.238281974476912,1.1258562633173106,221.32435978722611,0.3789337007251018,-0.010456960437502986,-0.002843207914761845,221.36779987533492,22,-1,0
15:23:00:073,4.216374897186922,1.0556636165146212,221.8558510726049,0.36367149559846673,0.007700656359653982,-0.001756691196565798,221.89842473098972,21,0,0
15:23:00:240,4.470776306161111,1.3378998668640956,220.82920917011452,0.37724815641009407,-0.01348814742575932,-0.0004806786685701899,220.8785128515938,22,-1,0
15:23:00:359,4.244041068372586,1.4881074242405188,220.5890736893403,0.37854655670582205,-0.005971866708836149,-0.0019788812447441274,220.63491514131962,22,0,0
15:23:00:484,4.286148449136405,1.9451157978876066,220.68231416391689,0.38154969184598525,0.0004862790048914418,-0.0011657634993142805,220.7325040150112,22,0,0
15:23:00:606,4.443139711733886,2.392793620112613,222.36081022275488,0.37070028857722526,0.010019402569517,-0.002092285577532095,222.4180677794105,21,1,0
15:23:00:730,4.167098637530743,2.3119911916569866,220.7329557139271,0.3788581075949675,0.016564220545737057,-0.004413845751072049,220.78439200389985,22,1,0
15:23:00:848,3.9120534127352076,2.3687136527699733,221.34405195516686,0.3892353198519907,0.030588642260546858,-0.0009790340933105855,221.39129229083179,22,2,0
15:23:00:975,3.898639489242491,2.3097981805568994,220.45042545262748,0.38118740353254327,0.02085351960245617,-0.005706987678732663,220.4969946274698,22,1,0
15:23:01:100,3.868300334150211,2.333814940879365,220.92745869061432,0.3749807422405323,0.01520639209672304,-0.004116148666378333,220.97364649013366,21,1,0
15:23:01:219,3.722482732002297,2.3161179317963376,221.43484745476684,0.37140373097726054,0.02148895840613419,-0.0023824605329277005,221.47824486228868,21,1,0
15:23:01:344,3.5735309857081234,2.139570301838627,220.60582568934532,0.3832883188918243,-0.0044847837018554245,-0.0008552733485065853,220.64514092284048,22,0,0
15:23:01:468,3.6761875995009325,2.0295306763422327,220.3775938978905,0.38410979953829877,-0.005093686877945241,-0.00387775448006679,220.41759739697846,22,0,0
15:23:01:587,3.6763357413566915,1.9867877293873952,220.31470222919742,0.38621090855640594,-0.007128135846975202,-0.0037836330137790736,220.35433008748603,22,0,0
15:23:01:744,3.6227194156089397,2.030914598336232,221.31504290418167,0.3688087552881945,0.007813975045680965,0.0016843358543824378,221.35400815379361,21,0,0
15:23:01:872,3.7296175824723123,2.0577866392580284,221.62177892854407,0.37181534031827174,-0.019804578795574374,-0.0005935233425820983,221.66271095657171,21,-1,0
15:23:01:998,3.6949867805833394,2.029677811248914,220.25960390565314,0.38675315543828953,-0.0035301686980091836,-0.00390273787552796,220.29994469359582,22,0,0
15:23:02:121,3.7812247595004322,2.0314963987249657,220.81814385382341,0.37889816178273195,0.012457607995880594,-0.004016142874477797,220.8598589453225,22,1,0
15:23:02:243,3.7286785322154667,2.008946578739893,221.35578251738707,0.3674123888858536,0.005886715999415571,-0.004537582354897171,221.39629934539917,21,0,0
15:23:02:371,3.708810858019387,2.032977191254896,221.0730169262306,0.37676592744545545,-0.004007226403658335,-0.0038189712453897285,221.11347106656837,22,0,0
15:23:02:489,3.653681199442245,2.0295853937865203,220.38312801584564,0.38410108971671836,-0.003483451519624747,-0.00398192307423814,220.42275680434278,22,0,0
15:23:02:615,3.6118293957890844,1.9953758675711575,220.98382839340255,0.3886059672103936,0.015219642805043536,0.00011695371241015019,221.02235010930897,22,1,0
15:23:02:740,3.5423361245558778,2.0068045115366395,221.00155542953735,0.3705898003529332,-0.011189334717695528,0.0019661239883948653,221.0390529111128,21,-1,0
15:23:02:889,3.8005514769846966,1.9821664749955359,220.41810191951063,0.37606055585877973,0.00753047127296594,-0.0016233144806970961,220.45977598932552,22,0,0
15:23:03:024,3.6046776224205104,1.9960036949958833,221.39001367219842,0.38193489940995334,0.002148435639993187,0.00012071562434881122,221.42835384224898,22,0,0
15:23:03:148,3.64836281237453,2.02583352554039,220.33897667698295,0.3785726657865731,0.006887061555760639,-0.0015122154743618431,220.37849077381384,22,0,0
15:23:03:267,3.8342269404381786,2.0979241292781152,220.9912110177018,0.3782665954122228,0.0031292544931354306,-0.0023853661829973992,221.03442702202162,22,0,0
15:23:03:436,3.9625483954887257,2.1845480049779775,220.96987992079278,0.3785611294139045,0.005343853879106906,-0.002618800357558607,221.01620273632025,22,0,0
15:23:03:552,3.9985171397377655,2.3618955164158772,221.5971163530174,0.37199742265090147,-0.0013109897707342536,-0.004143641027596999,221.64577294800816,21,0,0
15:23:03:683,4.063165136010749,2.4993572311335406,222.00740329231613,0.3748084844134638,0.011021234714743448,-0.005217028468926577,222.05864814072973,21,1,0
15:23:03:806,4.003803985403375,2.6587579053642667,221.2638096023229,0.36736405738044625,0.017153058452232577,-0.003343196478038005,221.3160023127245,21,1,0
15:23:03:924,4.1921329935547575,2.8759882815926314,222.04089179783298,0.3474667895050639,0.016451490410461414,-0.004140393170521727,222.09908355958717,20,1,0
15:23:04:049,3.873264170879209,2.57952425296256,222.26807945940618,0.35706249222384323,0.012778963527815858,-0.001580430679014448,222.31679034045524,20,1,0
15:23:04:178,3.6063887048133654,2.2818725462361873,221.35463573833732,0.38909229606753115,-0.002769230237429502,-0.0008876707339289959,221.3957717406985,22,0,0
15:23:04:291,3.5558661358956507,2.095760062916068,220.79722992435217,0.3783229058476563,-0.005832149230562975,-0.0005931639690762809,220.83580582977245,22,0,0
15:23:04:418,3.2938734821641527,1.8351711848272703,221.5373453157306,0.3639704817384207,0.013175975188206238,-0.0027593197648769162,221.56943116173625,21,1,0
15:23:04:537,3.3925340491489604,1.733078199812696,221.66202874558994,0.3733753112876735,-0.0041040072813622605,-0.0036373146177990953,221.69476275936705,21,0,0
15:23:04:668,3.3179030611594036,1.6268565414891107,221.09214230688363,0.38651588070100856,-0.0016539614837434173,-0.0027711190874905724,221.12302126367828,22,0,0
15:23:04:786,3.286228127442114,1.654842839306933,221.81484807614876,0.3857983095512781,-0.004506600023808563,-0.0037178696191107747,221.8453619690377,22,0,0
15:23:04:910,3.5341740296305764,1.7096012790628843,221.56054794333056,0.3715786850378927,0.010497712670179614,-0.003801660419838344,221.59532830715085,21,1,0
15:23:05:035,3.5770961744417433,1.6438074820588697,221.11922180140704,0.3777120499049416,0.0012704217934035214,-0.0022291637930078774,221.15426283510592,22,0,0
15:23:05:153,4.066868187349454,1.6031831084296801,221.71995551812958,0.3727650676415714,-0.003537686698703589,-0.004164572457304915,221.76304536124542,21,0,0
15:23:05:279,4.3312510095850865,1.6246331202915847,221.31538863948808,0.3786024235882921,0.01388402923539551,-0.004411194295631262,221.36372877400495,22,1,0
15:23:05:444,4.437193934504078,1.6216282335596206,221.92447444474718,0.3636891450998577,-0.0006440500374228611,-0.00660516619777492,221.97475245107836,21,0,0
15:23:05:566,4.465922469602889,1.7410161384460667,222.30686684343192,0.3756090726250275,0.006089123184827619,-0.0019079520960118299,222.35853625719477,22,0,0
15:23:05:690,4.245395559553099,1.8136928685284146,221.43577773852087,0.3656069900201337,0.017205783443119058,-0.00343415541568291,221.48389676891193,21,1,0
15:23:05:856,3.7907746702434664,1.6761143850868878,221.38983795556277,0.39162121963583507,0.012552871404421628,-0.004116313060210138,221.4286333833608,22,1,0
15:23:06:013,3.6110918040747846,1.6290253552202647,221.78047433583845,0.37914810909698343,-0.002240323990819339,-0.002978519721541273,221.81585268924064,22,0,0
15:23:06:186,3.584325002863286,1.8079581910429903,221.69116494218505,0.3894653538591677,0.004768304802303543,-0.0024271884883955265,221.72751004773812,22,0,0
15:23:06:321,4.142361126709522,1.859154791375198,221.64384758356633,0.36576595899025166,0.0182786775349093,-0.00019361875556043323,221.69034887403095,21,1,0
15:23:06:466,4.886671946709507,1.9938315945600704,222.65289302103685,0.3535460841580542,0.011910648827746487,0.0009582595801971767,222.7154365951752,20,1,0
15:23:06:594,6.22467775636182,1.976706419330575,220.91164752241164,0.35565526751461485,-0.03387834265589953,0.007471910816887264,221.00816725294342,20,-2,0
15:23:06:714,5.171341178952411,1.9436200633832874,222.14934176182894,0.35143806619230067,-0.010490475213091151,-0.0001720917849205076,222.21802463741275,20,-1,0
15:23:06:836,3.8113897569496213,1.667958993821248,221.74109537098155,0.3718016643502096,-0.0046569019604953505,0.002335558839274965,221.78012119080282,21,0,0
15:23:06:960,3.2946422454427755,1.633544131137143,221.78487811115764,0.38710199308008436,-0.013775550271312545,0.0011558128483380112,221.81536306742794,22,-1,0
15:23:07:080,3.259770649159342,1.5938088212479748,221.45731347528428,0.39861993163513615,-0.0007024821699394435,0.000282001570926863,221.4870380472278,23,0,0
15:23:07:207,3.3261269204508395,1.7440921030215384,222.43929534911229,0.37932214517965634,-0.013764555501278123,0.0012081212279645833,222.47099831880195,22,-1,0
15:23:07:328,3.4129533194941226,1.8015931704744883,222.78263617415598,0.35957777339985103,-0.006293991540243095,-0.0004088876268152464,222.81606084171602,21,0,0
15:23:07:450,3.502220889143439,1.90056997224725,220.34816076024228,0.3859891257705272,-0.0041452767126208085,-0.003861719824751229,220.38418651935382,22,0,0
15:23:07:618,3.6732274732031946,2.020693952303255,220.3931816762933,0.368567985084672,0.0020953372205026024,-0.0021737544545760066,220.43305181736787,21,0,0
15:23:07:734,3.697291248366022,2.0365548895973284,221.79223733491767,0.36915502852349596,0.008250708070654492,0.003960462531080233,221.83240083545513,21,0,0
15:23:07:860,3.660947903162271,2.071970166003789,220.94960185319346,0.3718676273056686,0.0009131835587624328,-0.0031474849717120154,220.98964265096947,21,0,0
15:23:07:986,3.688460186110453,2.058708961077139,221.64547003046187,0.37295996329409864,0.01332940640634356,-0.0007185064741616207,221.6857176413386,21,1,0
15:23:08:107,3.532025950646809,2.04598290961331,219.23266527159976,0.3974351374406061,-0.009421670276995298,-0.0024351440249755505,219.2706610002163,23,0,0
15:23:08:232,3.6492407446718897,2.073386443551516,220.32788318190038,0.38628705221158466,0.004243723275740311,-0.0024172763090139597,220.3678560878923,22,0,0
15:23:08:349,3.658445217539347,2.0920154133020405,220.62035863729932,0.3755141481389938,-0.00012585865529457797,0.00014977439627351553,220.66060680409134,22,0,0
15:23:08:478,3.717879983316121,2.0494065748786117,220.00973741861668,0.38820452018227153,-0.010862686570249443,-0.0023901731160860112,220.05069247309393,22,-1,0
15:23:08:599,3.637514848045366,2.0750534430081347,220.58786382591242,0.38425492865120064,-0.0031642801354465036,-0.0007560063520893622,220.62761166350046,22,0,0
15:23:08:761,3.652745686341738,2.068335919412291,220.37897658101295,0.3765076671251581,-0.0011193720696003361,-0.0030673309214761563,220.41895082641892,22,0,0
15:23:08:925,3.6716820748100694,2.1362695841658375,221.0454235043835,0.36860135140591793,-0.008817994552242983,0.0017459500603567452,221.08623690593447,21,-1,0
15:23:09:052,3.6749485952449525,2.0493679782334877,221.0195217705153,0.36878635748828803,-0.01691263373387559,0.0001704931812874421,221.05957151852797,21,-1,0
15:23:09:179,3.636976493740377,2.1255507599698054,220.67079934845404,0.35763612346128426,0.0009759503801749545,0.00018477135476053686,220.71100391492695,20,0,0
15:23:09:338,3.6403244879958048,2.0481494912639966,220.67635105734328,0.3732983530715312,-0.006366834524167221,-0.00152013142078652,220.71587798502463,21,0,0
15:23:09:456,3.652052322931938,2.090159052914832,220.33746265157674,0.37777323148723546,-0.0010843723285799025,-0.0030764653964450604,220.37763883563798,22,0,0
15:23:09:615,3.7037794836844715,2.0919124959143307,220.73370553432255,0.3729230237931479,-0.0006022872590285807,5.662135504727577e-05,220.77468794965455,21,0,0
15:23:09:752,3.639680512880988,2.1177065470027094,220.64244602273897,0.3820559631661611,-0.005290682180428727,-0.0006265036484935397,220.68262492129358,22,0,0
15:23:09:871,3.6183153915975823,2.110589181962545,221.0595888954725,0.36142822924452045,0.003851915025939929,-0.0020959269310399497,221.09927325887662,21,0,0
15:23:09:993,3.673579930237077,2.0931943981027312,220.93649115343854,0.37139069627932486,-0.01686200604374576,0.00015009899149750501,220.97694399073745,21,-1,0
15:23:10:118,3.6403909416344487,2.136602488630152,221.102017760821,0.36801059190363067,0.00529991429215673,-0.001200251344276496,221.1423066134311,21,0,0
15:23:10:241,3.6381134261363286,2.134711101912997,220.68172967570615,0.37323293370041605,-0.0006616333251252954,0.00017416521963108935,220.72203939219915,21,0,0
15:23:10:367,3.6656812782549224,2.064633788755191,220.66523291140456,0.3646298005510511,-0.013804605632947145,-0.002070774881556377,220.70533511394743,21,-1,0
15:23:10:488,3.62228713314804,2.0884794459108287,221.07392297127308,0.36036124425374433,-0.004287699149196295,-0.0036662187933759896,221.1134598534864,21,0,0
15:23:10:608,3.635257449420785,2.1179400122885093,220.6710617834748,0.38185148390346024,0.004720546416296483,0.0008364099321012095,220.71116481788,22,0,0
15:23:10:733,3.634821604931697,2.0581902525029085,220.5826542961334,0.39256118522630135,0.0020841306063978447,-9.017710606412065e-05,220.62220072228152,22,0,0
15:23:10:880,3.662801192300259,2.0917017044654727,220.58094014466283,0.37581449806379086,-0.010344763326821447,-0.001311772560682171,220.6212648039579,22,-1,0
15:23:11:017,3.6558011537646697,2.070258815921654,220.68050875415858,0.37404895674429806,0.007761626375259029,0.0017420489477956594,220.72049700386918,21,0,0
15:23:11:142,3.652052322931938,2.090159052914832,220.33746265157674,0.37777323148723546,-0.0010843723285799025,-0.0030764653964450604,220.37763883563798,22,0,0
15:23:11:265,3.6613072120482055,2.108667313400111,220.62420760951824,0.36683793120438674,-0.005726724185285986,-0.0005082935078971901,220.6646610394773,21,0,0
15:23:11:385,3.636976493740377,2.1255507599698054,220.67079934845404,0.35763612346128426,0.0009759503801749545,0.00018477135476053686,220.71100391492695,20,0,0
15:23:11:508,3.659237084168057,2.136720171892049,220.98666990723672,0.37066853522812354,0.006647417387407002,-0.001445252714317565,221.02729212887064,21,0,0
15:23:11:671,3.669391171252043,2.1161418791995446,220.39698136016472,0.3840396189192903,0.010453382855042359,-0.0007234564638000492,220.4376825333939,22,1,0
15:23:11:840,3.638702768521807,2.1087292409382177,220.63032318525703,0.36682813838174316,-0.003972301499070023,-0.0006156299319029104,220.67040219676085,21,0,0
15:23:11:964,3.6499133780348836,2.0515793159597955,220.36848105565622,0.38507597015963707,0.0042222355867275125,-0.002407993761795311,220.4082536751606,22,0,0
15:23:12:089,3.64025788158018,2.0917754584359303,220.587921276557,0.3758059439800174,-0.00866412127472597,-0.0014175322598854719,220.62787225354242,22,0,0
15:23:12:250,3.672615386931345,2.1247800313395815,220.39480752827788,0.39890030991393816,0.003190947068766975,-0.002419726011651995,220.43564589101408,23,0,0
15:23:12:369,3.651585287788987,2.083225928335031,219.94869728352697,0.3734816934419763,-0.009778911393714786,-0.002255224560816347,219.9888709505621,21,-1,0
15:23:12:496,3.6730502838202295,2.1192376393916734,220.99862139811282,0.377621286679412,-0.013325761366394535,0.000943285194969364,221.03930222117987,22,-1,0
15:23:12:620,3.72840798792548,2.0860680596780647,222.02888917675767,0.37512239062156255,-0.0074728438048464185,-0.0015291887057684204,222.06998972202206,21,0,0
15:23:12:739,3.6706088338383775,2.08186772418201,220.7834724622207,0.3545155344345994,0.016325156904645203,-0.00306861716550772,220.82379684922594,20,1,0
15:23:12:867,3.656711805941023,2.0333361961370833,220.99091418237236,0.37912141339899363,0.011826636117470125,-0.0007718409552234409,221.03051859071158,22,1,0
15:23:12:985,3.6924612005406448,2.0785951838931203,221.26926337011008,0.37712198767018984,-0.004006812515363786,-0.0008070458048105746,221.30983200031383,22,0,0
15:23:13:107,3.754051983730922,2.053473596713035,220.65494246418507,0.3828817057086026,0.018718926162810325,-0.0024637368281330745,220.69642791396006,22,1,0
15:23:13:235,3.659237084168057,2.136720171892049,220.98666990723672,0.37066853522812354,0.006647417387407002,-0.001445252714317565,221.02729212887064,21,0,0
15:23:13:448,3.6887395493173187,2.090422913188259,220.23556902306615,0.38033678690675754,0.00899222134415217,-0.0015382389002850864,220.2763776039828,22,1,0
15:23:13:577,3.656906281733256,2.093985788978868,220.92739187720895,0.3729616282791337,0.008910826086737897,-0.0015754463385483056,220.96757730876192,21,1,0
15:23:13:730,3.7146939785966153,2.058627354101082,221.63143640421504,0.37305997927157564,0.003585413332390227,-0.00219970587696569,221.6721238688647,21,0,0
15:23:13:846,3.6902361920840128,2.1310003510091935,221.66956268103957,0.34703566712726924,0.010230404340956668,-0.0013649513550261258,221.7105185255149,20,1,0
15:23:13:969,3.7112824479222715,2.1010888214365924,220.66139790616901,0.39023946960360717,0.017417201452431915,-0.003257404398826621,220.70260695684695,22,1,0
15:23:14:100,3.7344987834265337,2.0753098246933437,220.62361528694393,0.3838770229787737,0.01287816730340101,-0.003941283077686155,220.66497912970542,22,1,0
15:23:14:224,3.7462352575459157,2.0991018590534227,222.0019669879115,0.36054344152740625,0.00032945092597331117,0.00017381620914938743,222.04349540961857,21,0,0
15:23:14:517,3.714505805500487,2.140373443230399,221.6812160745754,0.36304863244668295,0.006273957460992111,-0.0012723085259299183,221.72266530997268,21,0,0
15:23:14:683,3.7003170183841014,2.110696802610576,221.07102397105285,0.36132710199815826,0.013586748088094954,-0.0008680727541736863,221.11206440770914,21,1,0
15:23:14:868,3.6926724613465844,2.1180305867666216,220.68283813717792,0.3817085141363879,0.011887665656500873,-0.0040304645664707124,220.72389297888242,22,1,0
15:23:15:045,3.664812466428617,2.097658358011154,220.9669137497043,0.37845602391998506,-0.006015744523038488,-0.0038224574111008955,221.00725778369878,22,0,0
15:23:15:251,3.6909404834683475,2.0921989510576573,220.64796764257602,0.3752352838745229,0.014712133614712075,-0.0031322104799740604,220.68875359406647,21,1,0
15:23:15:417,3.7168969841658854,2.0973311566418418,221.59594740812813,0.36559649476840633,-0.002013095998038786,-0.0028674481812597974,221.63704119320263,21,0,0
15:23:15:543,3.7134791729914367,2.0955455187110297,221.30242875620522,0.36820338726124013,-0.0009593144758226717,0.00010375978567025548,221.34350275529778,21,0,0
15:23:15:706,3.6702870848606572,2.0752863950793126,220.6246151580027,0.3838643728624143,0.011423403547550186,-0.00403947324976808,220.66490122927047,22,1,0
15:23:15:831,3.768462263532568,2.0769852660850967,221.00999736969507,0.3791951408982506,0.005043226657204303,-0.002373029105298131,221.05188104374915,22,0,0
15:23:16:010,3.7122566510263715,2.0685405607950993,220.4006694878839,0.37636368363427253,0.01054788018955139,-0.0015082971854361118,220.4416358590232,22,1,0
15:23:16:150,3.7113278478522145,2.123575646818335,221.6552576465771,0.37216208390075933,0.011421619661138338,-0.0008357618516770338,221.69649697343547,21,1,0
15:23:16:285,3.7358711684936408,2.1215309786481362,221.47833030201235,0.37185855467176887,0.003890914851701042,0.0009168469379070442,221.51999553188924,21,0,0
15:23:16:444,3.7065013833386624,2.0718506109346646,221.0722873312666,0.36906407027984867,0.0007983540307350895,-0.003020599325941866,221.11306371025847,21,0,0
15:23:16:598,3.723385086576291,2.0957478579264897,221.34144789431897,0.3677308918127521,0.01629190185567301,-0.0030719195856094227,221.3826829531625,21,1,0
15:23:16:767,3.772300510240696,2.0549250285793654,221.0245303342812,0.37820839327676065,-0.00280588338449651,-0.00394852529645291,221.06627055591775,22,0,0
15:23:16:884,3.7655827619013627,2.0552125202564664,220.9459273567856,0.38035613468071805,0.00937841795077836,-0.0009095144925340783,220.98757052737182,22,1,0
15:23:17:008,3.7519692250951837,2.088561584060041,219.946305475731,0.3826602635198175,0.006782069625309413,0.001526948713332807,219.98821935499194,22,0,0
15:23:17:207,3.7595512564545364,2.080475482648894,221.70382205896837,0.3717413215414527,0.0031363833233764766,-0.0023038689120722287,221.74545614158257,21,0,0
15:23:17:354,3.7868260584886464,2.092093360525159,220.62211673888845,0.37551496078985197,0.0022427387938659333,-8.810642365652044e-05,220.66453113396844,22,0,0
15:23:17:499,3.7267622656292443,2.076903261671258,221.0062989474603,0.3791700191431205,0.001896223723214175,-0.00236674590625395,221.04747557616903,22,0,0
15:23:17:619,3.728415517052542,2.097800632410072,221.1077741253685,0.3756858626265782,0.0019896525417452105,-0.002346997573494156,221.1491569697613,22,0,0
15:23:17:745,3.7146404365990726,2.1106929127326306,221.06980460519833,0.36130237938064574,0.020756276031959748,-0.005279551845101921,221.111085399004,21,1,0
15:23:17:865,3.6939649718473206,2.108959066612897,220.668755519527,0.3663698573208002,0.009343569615564757,-0.0037860505867590155,220.70974774145037,21,1,0
15:23:17:989,3.735755584742179,2.0733902638634487,220.316741379479,0.38646099438255566,0.003781485551269187,-0.002434345846169307,220.35816605936674,22,0,0
15:23:18:118,3.728031266395745,2.1105311767695993,221.0524271098014,0.3614075409641741,0.001097255642052041,-0.0022164143762605096,221.0939349916804,21,0,0
15:23:18:239,3.7884616150993855,2.075090352867017,220.58502496519358,0.38426433093942525,-0.0024845719672456665,-0.0008908622272413802,220.62731399415784,22,0,0
15:23:18:359,3.7369179606135647,2.107067127524676,220.36243243678018,0.3690814406269306,0.0031698403746245204,-0.002287766351866259,220.40418761261947,21,0,0
15:23:18:481,3.7048623395703535,2.088554751917541,219.95024884416512,0.3825823542476583,0.006336366052191259,-0.004653967362777487,219.99136354074693,22,0,0
15:23:18:609,3.677579238349611,2.1108118436767986,220.952911904903,0.3640533640648496,0.012288363886169539,-0.0006676444170492801,220.99359582338482,21,1,0
15:23:18:730,3.7660180957475697,2.119858798917959,221.08207849347272,0.37687220396419063,0.013035937230577001,-0.0007801278908351265,221.12431373464764,22,1,0
15:23:18:857,3.7322652594156023,2.0316002400891846,220.7036482272307,0.38147126690408634,0.020656896273861705,-0.002337297114640495,220.7445526945373,22,1,0
15:23:18:982,3.70795808201076,2.0548597652149527,221.02380520961663,0.3781681623868693,-0.00429340204110594,-0.004048029183892439,221.06445637218843,22,0,0
15:23:19:098,3.7339929031612593,2.090350933691587,220.3483309238967,0.37781473727447845,0.0085563598033967,-0.001632787205011128,220.38988001034426,22,0,0
15:23:19:224,3.6820441929393337,2.1035207701428122,219.68414842247233,0.3763807651786266,0.0039174620061077975,-0.002237405741927502,219.72507211780825,22,0,0
15:23:19:348,3.673190648113835,2.0921137916293446,220.64117792958072,0.3752319510333298,0.006140063924938213,-0.004696869846383436,220.68166817342896,21,0,0
15:23:19:465,3.7143096775235898,2.1071027440040737,220.36605340909682,0.3690802544512849,0.00490432045811911,-0.002394811542922712,220.40742608509188,21,0,0
15:23:19:595,3.713703874967808,2.1330065344193123,220.29915240502427,0.37792065984760903,0.004836149859490024,-0.0015194899127834287,220.34077667040873,22,0,0
15:23:19:714,3.6909404834683475,2.0921989510576573,220.64796764257602,0.3752352838745229,0.014712133614712075,-0.0031322104799740604,220.68875359406647,21,1,0
15:23:19:834,3.7446859352340423,2.072099179074867,220.9751347728227,0.3714904877967558,0.008374555553915962,-0.0015754095792524648,221.01657506989974,21,0,0
15:23:19:969,3.767331697309738,2.072010780576019,221.08437737497619,0.3690363481062551,0.009993952376765185,-0.0015576160435423205,221.12618102810274,21,1,0
15:23:20:166,3.758941614034094,2.1065090405514764,221.7493855105222,0.37820636644889244,0.006360878694858611,-0.0015134650570824066,221.79124643837915,22,0,0
15:23:20:347,3.6965259421706804,2.0702238385750764,220.68023986172736,0.3739403008683844,0.0044100453675652955,-0.0045803883627441155,220.72090611496787,21,0,0
15:23:20:494,3.7568181987680527,2.058588598888368,221.7594750631074,0.37033600569749486,0.011133145661881678,-0.0007053018833823272,221.80084817300187,21,1,0
15:23:20:616,3.7211186794843605,2.112500867654813,221.36219670439047,0.35873322570346156,0.02167499868251623,-0.0022685085575047015,221.4035490093506,21,1,0
15:23:20:843,3.737369087658123,2.140282835221375,221.8013242791542,0.36029545371793253,0.007551975824307979,-0.001473202136911661,221.8431341968884,21,0,0
15:23:20:990,3.700779173135785,2.0707838260074536,220.07177797381559,0.386588017380464,0.019215854781610326,-0.0023908027102009393,220.11263337822922,22,1,0
15:23:21:105,3.672983406377151,2.0970218303812,220.57130023809358,0.385155879254266,0.0036532496686067627,-0.0056317826915834686,220.61184645522516,22,0,0
15:23:21:230,3.7168969841658854,2.0973311566418418,221.59594740812813,0.36559649476840633,-0.002013095998038786,-0.0028674481812597974,221.63704119320263,21,0,0
15:23:21:355,3.724364918258664,2.119821617857309,221.08116915321898,0.376858358226438,0.00986385468178047,-0.0007737150489219046,221.12269872604693,22,1,0
15:23:21:479,3.7128028456955104,2.075558032824362,221.66372483187143,0.3640765220627043,0.008630019383767076,-0.0013931233444006428,221.70453254829556,21,0,0
15:23:21:601,3.7046927542519015,2.1366288330779435,221.1021182826165,0.36800848124779645,0.0061509844153794565,-0.0015385227854419247,221.14347523776024,21,0,0
15:23:21:726,3.7313576524534136,2.093468782250009,220.98078105470225,0.3708984233812102,-0.00923930999221656,-0.004729043745036655,221.02219625417496,21,0,0
15:23:21:851,3.7290400529007175,2.119635237626448,221.0638349362428,0.3768994363700761,-0.0003011661026844799,-0.002236300700148919,221.10544477686463,22,0,0
15:23:21:968,3.7037794836844715,2.0919124959143307,220.73370553432255,0.3729230237931479,-0.0006022872590285807,5.662135504727577e-05,220.77468794965455,21,0,0
15:23:22:173,3.69027996854604,2.1180456371358196,220.6838620317224,0.3817390475317914,0.01769801754336608,-0.0023455532583269807,220.72487681456192,22,1,0
15:23:22:292,3.723385086576291,2.0957478579264897,221.34144789431897,0.3677308918127521,0.01629190185567301,-0.0030719195856094227,221.3826829531625,21,1,0
15:23:22:420,3.728123928117142,2.1146832642266298,221.14236521034343,0.3666543053329012,0.004372481147133323,-0.0014201904822234402,221.18389743414033,21,0,0
15:23:22:541,3.731428361246295,2.13305051608317,220.4138440610164,0.3755527311438933,0.016533963419594237,-4.605880943917711e-05,220.455746388869,22,1,0
15:23:22:677,3.729138115899009,2.073715394254407,221.3757370273427,0.36640235366986346,0.005719191584877201,-0.004521750401488697,221.41685507436645,21,0,0
15:23:22:834,3.737104353761701,2.029741372291024,220.39675556582202,0.38404455069914695,0.003754494384447327,-0.0024140289013487312,220.43778184088586,22,0,0
15:23:22:951,3.717280511729137,2.073377472048565,221.30865910213873,0.36725585486443424,-0.009026241893148036,-0.001471189080547608,221.3495869933602,21,0,0
15:23:23:112,3.724364918258664,2.119821617857309,221.08116915321898,0.376858358226438,0.00986385468178047,-0.0007737150489219046,221.12269872604693,22,1,0
15:23:23:291,3.6965259421706804,2.0702238385750764,220.68023986172736,0.3739403008683844,0.0044100453675652955,-0.0045803883627441155,220.72090611496787,21,0,0
15:23:23:443,3.6928963834044892,2.075271014357066,220.6231369322275,0.38385468583758386,0.009793522820686499,-0.003934627753535696,220.6638003463595,22,1,0
15:23:23:568,3.731955027229716,2.0883728076449977,221.0635637257547,0.3603289730476817,-0.007042764659403849,-0.0037866058604193566,221.1049253102241,21,0,0
15:23:23:693,3.7287758064884446,2.088604903169232,221.09606096186886,0.36002523518690005,0.0010572520811893407,-0.00220584894763005,221.1373650297729,21,0,0
15:23:23:812,3.740920927733277,2.0951597194964515,221.39030420845722,0.36567120421887334,-0.009860763819280976,-0.0013383716262874894,221.4318201640202,21,-1,0
15:23:23:936,3.6968734921924287,2.0532923968314383,220.64762564307534,0.3827363851534923,0.0020100520230247948,-0.005507588536836852,220.688145547537,22,0,0
15:23:24:159,3.7349129856023193,2.097423039281479,221.7396670595917,0.36270714638446205,0.009940842244097945,-0.0016052786263915065,221.7810377514595,21,1,0
15:23:24:327,3.761814610324749,2.0752693933949766,221.75856716096453,0.36156019333357153,-2.9216336551434727e-05,-0.003071015995649547,221.80018057139094,21,0,0
15:23:24:500,3.7254407661027695,2.078851557209546,221.31686964188208,0.3765422737362689,0.011181800567945701,-0.0038770667863021824,221.35798454264187,22,1,0
15:23:24:684,3.7379540717541735,2.068393725064119,220.3697573644596,0.3767430499687018,0.0007174076046680841,-0.003202182844111701,220.41116240815757,22,0,0
15:23:24:812,3.739507598452595,2.0513958006145585,220.3302148690214,0.38549928866876865,-0.003915714725132642,-0.004007269941814196,220.37149481282466,22,0,0
15:23:24:962,3.681390505995736,2.0769836996697326,220.89382966656612,0.3816835754988986,0.0023498478482541665,-0.0022715989735225123,220.934267333314,22,0,0
15:23:25:089,3.735141629821357,2.099158696077044,220.35961060558452,0.3927195028032411,0.006899096011412934,-0.0016451386990977523,220.40126074156422,23,0,0
15:23:25:205,3.7339929031612593,2.090350933691587,220.3483309238967,0.37781473727447845,0.0085563598033967,-0.001632787205011128,220.38988001034426,22,0,0
15:23:25:326,3.7442104614478526,2.0511980632640037,220.87093327051994,0.3750058558870329,0.006182622957213882,-0.0014909894252904683,220.91218999698685,21,0,0
15:23:25:452,3.7248020759437006,2.051827696783761,221.42609795036176,0.3650649353548954,0.01627936975653379,-0.003049005958439491,221.46692981329164,21,1,0
15:23:25:600,3.7016870032709512,2.119837434876261,221.08265518193113,0.37687100515118843,0.011537496443927684,-0.0008799688498535706,221.12380382878987,22,1,0
15:23:25:738,3.6696396278972605,2.1010763909976706,220.66253023446316,0.3902244026088705,0.014436113669438429,-0.00325071177224245,220.70304263075943,22,1,0
15:23:25:861,3.7572952428945627,2.1183163096208424,221.84981090375922,0.35887765427358326,0.013886558650668039,0.0002319265176378039,221.89173740715,21,1,0
15:23:25:983,3.7023202302665084,2.093887317770817,221.0419654454162,0.37034754733060576,0.008443210554547158,-0.0016694405767915333,221.0828849711337,21,0,0
15:23:26:107,3.722424675071872,2.136701185105955,221.10817750579744,0.3680071014752387,0.014846237637220618,2.794231773764212e-05,221.14983178232637,21,1,0
15:23:26:229,3.726435696395021,2.0871129973633717,220.7024010644863,0.3652087481177242,0.024438604544324977,-0.0070564743898415124,220.74372516402929,21,1,0
15:23:26:353,3.754776045899651,2.0754338349175843,221.78580074676762,0.36131073151966514,0.016298787647343254,9.95814671434606e-05,221.8272913363973,21,1,0
15:23:26:519,3.725008866600089,2.093862465391461,221.03938770087416,0.37034337719765725,0.006712197802782803,-0.0015622696531902975,221.08068858735172,21,0,0
15:23:26:641,3.399575098897297,1.8502023995376893,225.5029413517799,0.31935096277736497,-0.02138773465692869,0.004000021638681368,225.5361543479816,18,-1,0
15:23:26:765,3.3467661358429126,1.665574124152695,225.29257059877793,0.34801104048632536,-0.014899159729880773,0.0013773374800317936,225.32358364746557,20,-1,0
15:23:26:885,3.334933955459908,1.6843835051246592,226.06306439614633,0.3292698279904423,-0.012437083374864391,0.0022688715215385823,226.09393626644615,19,-1,0
15:23:27:010,3.3129952483703677,1.7475103015421014,224.9863784985318,0.3419630582249297,-0.0034264960127739,0.0007281385240097414,225.01755540324922,20,0,0
15:23:27:138,3.3470927669388604,1.826443158802521,225.3145417206013,0.31965028844797644,-0.013963926086804482,0.002439429550397792,225.34680302894785,18,-1,0
15:23:27:338,3.4234985480505986,1.8125370963989886,225.84849696824102,0.3248292546746042,-0.018652389291480012,0.001558278420868011,225.88171509851767,19,-1,0
15:23:27:459,3.4338622520899316,1.8280439434710003,225.66298958966414,0.316161586844606,-0.0042429297706437896,0.0006943604544428038,225.6965175300019,18,0,0
15:23:27:583,3.3620098430234977,1.8496629943661937,225.1949235888092,0.32398145777051585,-0.002499653983496038,0.00400908507321293,225.22761370122208,19,0,0
15:23:27:705,3.3749182929919628,1.848793618093273,225.21497795073242,0.32194212510834974,-0.020294956162089338,0.007233776717928198,225.24785105451187,18,-1,0
15:23:27:871,3.4210108709253553,1.851872237332138,225.85495296092296,0.3159112195806833,-0.013199832081933599,0.002368387759098298,225.88845150459355,18,-1,0
15:23:27:992,3.3776401771250613,1.890415625827299,225.98469552352196,0.303090097709572,-0.010336936509894718,0.003439996470474131,226.01784163039747,17,-1,0
15:23:28:241,3.37771954310643,1.873995121842781,225.94120891251492,0.31418441328068125,-0.012535028799845447,0.0024925134911935906,225.97422581320484,18,-1,0
15:23:28:360,3.413799228324827,1.9102435892623748,225.16589877755118,0.3145512499594699,-0.01954652793078547,0.001628117838358726,225.19987794855496,18,-1,0
15:23:28:483,3.433899938237899,1.9614953046643202,225.5014231640086,0.3207741805291441,-0.010344249832438077,-0.0010567667298142435,225.53609684839657,18,-1,0
15:23:28:609,3.4225643743289123,1.9684295390403954,225.6229315408042,0.33111054849054533,-0.024624849632280732,-0.00019859090483666922,225.65747472400068,19,-1,0
15:23:28:731,3.429885641019278,1.978206423534906,225.5796284803887,0.3095574974607071,0.0015546178053695294,0.0014900023480892406,225.61437498864024,18,0,0
15:23:28:856,3.4291089750819497,2.0007343090362064,225.52877923830056,0.31137879468575175,0.0015884444400940632,0.0014777319092643777,225.5637204668704,18,0,0
15:23:28:974,3.4329674108762314,2.0005718410535884,225.49335222913658,0.3118109849676213,-0.0079823178019251,-0.0001254497126419893,225.52835620486576,18,0,0
15:23:29:103,3.4194639390894306,1.9687786489491237,225.69285894024523,0.33026167227639985,-0.015534538176781972,0.0014094809298142766,225.72734747836984,19,-1,0
15:23:29:229,3.429885641019278,1.978206423534906,225.5796284803887,0.3095574974607071,0.0015546178053695294,0.0014900023480892406,225.61437498864024,18,0,0
15:23:29:356,3.434925259302767,1.983836150908467,225.44339688496095,0.32240747152452237,-0.013625817943168245,-0.0009423034631465188,225.4782905657231,18,-1,0
15:23:29:467,3.400171814664725,2.0056658569472074,225.2535548424597,0.3258786485810749,-0.030603182347530157,0.0023681117294091733,225.2881440135365,19,-2,0
15:23:29:632,3.4329674108762314,2.0005718410535884,225.49335222913658,0.3118109849676213,-0.0079823178019251,-0.0001254497126419893,225.52835620486576,18,0,0
15:23:29:757,3.385647398002755,1.9620081227685313,225.4111542938098,0.32355966672318853,-0.003577821693364531,0.0007629376955050719,225.44511652339054,19,0,0
15:23:29:880,3.398367185886105,1.999536426298976,225.11331255187386,0.31744042590352217,0.0018688942344184,-0.001722038204056635,225.14784150315066,18,0,0
15:23:30:001,3.411800483725193,1.9987186522818587,225.1524255485514,0.31514491869959627,-0.016347311059222665,0.0015085138962555693,225.1871443692728,18,-1,0
15:23:30:154,3.3878334420747978,1.9600978340777742,225.05960862275407,0.3268610467765318,-0.014614730433311983,0.0022858079555442222,225.0936401420032,19,-1,0
15:23:30:289,3.4192893198340872,1.9854942399018403,225.73132105416684,0.3198812992917537,-0.013308548149290592,0.0023530082703804756,225.76594745817792,18,-1,0
15:23:30:412,3.432201377392146,2.023076367235286,225.4434376881153,0.31359307284130566,-0.007932166177939756,-0.0001361290801221193,225.4786385467984,18,0,0
15:23:30:536,3.3978863444393754,1.9754188773532704,224.85895847356272,0.3185707673717031,-0.00020808651768560143,0.0014152541660973088,224.8933060746054,18,0,0
15:23:30:752,3.3768877303735727,2.020155576853261,224.7438145176678,0.3221651993785632,-0.006534611994876204,-9.539908466064893e-05,224.778260877804,18,0,0
15:23:30:908,3.4329674108762314,2.0005718410535884,225.49335222913658,0.3118109849676213,-0.0079823178019251,-0.0001254497126419893,225.52835620486576,18,0,0
15:23:31:030,3.3978863444393754,1.9754188773532704,224.85895847356272,0.3185707673717031,-0.00020808651768560143,0.0014152541660973088,224.8933060746054,18,0,0
15:23:31:156,3.397624138135865,2.0219840435409036,225.06421261745416,0.31916424593237214,0.0018995049447195133,-0.0017337091086961273,225.09893840347402,18,0,0
15:23:31:313,3.4008678696743226,1.9976567530921219,224.7740681859809,0.3206874615970517,-0.009461202966050256,-0.00019683435621735176,224.80867034802316,18,-1,0
15:23:31:439,3.4329674108762314,2.0005718410535884,225.49335222913658,0.3118109849676213,-0.0079823178019251,-0.0001254497126419893,225.52835620486576,18,0,0
15:23:31:561,3.383146358347834,1.9845771147852556,225.37025148610016,0.3252363368780296,-0.00027358381249713065,0.0006247932246597149,225.40437990534826,19,0,0
15:23:31:686,3.398367185886105,1.999536426298976,225.11331255187386,0.31744042590352217,0.0018688942344184,-0.001722038204056635,225.14784150315066,18,0,0
15:23:31:807,3.429885641019278,1.978206423534906,225.5796284803887,0.3095574974607071,0.0015546178053695294,0.0014900023480892406,225.61437498864024,18,0,0
15:23:31:927,3.3789687707479925,2.0181440641975525,224.38635202575585,0.3255965420459278,-0.01751733130963304,0.0014253807169036857,224.4208664782399,19,-1,0
15:23:32:056,3.434925259302767,1.983836150908467,225.44339688496095,0.32240747152452237,-0.013625817943168245,-0.0009423034631465188,225.4782905657231,18,-1,0
15:23:32:209,3.4329674108762314,2.0005718410535884,225.49335222913658,0.3118109849676213,-0.0079823178019251,-0.0001254497126419893,225.52835620486576,18,0,0
15:23:32:340,3.3776195437629455,1.997746957396615,224.7924909820231,0.3204669736527829,-0.006571657619028552,-8.525685326978125e-05,224.82674064397042,18,0,0
15:23:32:467,3.398367185886105,1.999536426298976,225.11331255187386,0.31744042590352217,0.0018688942344184,-0.001722038204056635,225.14784150315066,18,0,0
15:23:32:587,3.398367185886105,1.999536426298976,225.11331255187386,0.31744042590352217,0.0018688942344184,-0.001722038204056635,225.14784150315066,18,0,0
15:23:32:755,3.4329674108762314,2.0005718410535884,225.49335222913658,0.3118109849676213,-0.0079823178019251,-0.0001254497126419893,225.52835620486576,18,0,0
15:23:32:870,3.4329674108762314,2.0005718410535884,225.49335222913658,0.3118109849676213,-0.0079823178019251,-0.0001254497126419893,225.52835620486576,18,0,0
15:23:32:995,3.4372018765539503,1.9777709916544564,225.48534162702643,0.3107464769209549,-0.01751813166169075,-0.0017173534084779128,225.52021023290226,18,-1,0
15:23:33:122,3.4008678696743226,1.9976567530921219,224.7740681859809,0.3206874615970517,-0.009461202966050256,-0.00019683435621735176,224.80867034802316,18,-1,0
15:23:33:269,3.429885641019278,1.978206423534906,225.5796284803887,0.3095574974607071,0.0015546178053695294,0.0014900023480892406,225.61437498864024,18,0,0
15:23:33:426,3.422619849293599,1.9851809396687299,225.6669586792378,0.32065844498684015,-0.02269679035181798,0.0007416054299699955,225.70164268239793,18,-1,0
15:23:33:573,3.3658256327351213,2.018946716383106,224.3498132285912,0.3277971734300991,0.00018310274656384434,-0.001798244966118037,224.38414298639134,19,0,0
15:23:33:692,3.422619849293599,1.9851809396687299,225.6669586792378,0.32065844498684015,-0.02269679035181798,0.0007416054299699955,225.70164268239793,18,-1,0
15:23:33:817,3.367240731258942,1.9970995509215586,224.64779554822437,0.3222995108386647,-0.026525662651940285,0.0031113403525569287,224.68190572770953,18,-2,0
15:23:33:937,3.398367185886105,1.999536426298976,225.11331255187386,0.31744042590352217,0.0018688942344184,-0.001722038204056635,225.14784150315066,18,0,0
15:23:34:062,3.411800483725193,1.9987186522818587,225.1524255485514,0.31514491869959627,-0.016347311059222665,0.0015085138962555693,225.1871443692728,18,-1,0
15:23:34:195,3.4008678696743226,1.9976567530921219,224.7740681859809,0.3206874615970517,-0.009461202966050256,-0.00019683435621735176,224.80867034802316,18,-1,0
15:23:34:306,3.4291089750819497,2.0007343090362064,225.52877923830056,0.31137879468575175,0.0015884444400940632,0.0014777319092643777,225.5637204668704,18,0,0
15:23:34:436,3.4028840895635057,1.9768807529622952,225.1256733153351,0.3161400979949539,-0.00757933418024861,-0.003310035070200866,225.16006853641127,18,0,0
15:23:34:564,3.432201377392146,2.023076367235286,225.4434376881153,0.31359307284130566,-0.007932166177939756,-0.0001361290801221193,225.4786385467984,18,0,0
15:23:34:705,3.3903464186682535,1.982187309905511,224.94948954160586,0.3292015503170313,-0.02367134615142531,0.0006683479898198252,224.98376910434934,19,-1,0
15:23:34:844,3.394982530734195,1.9771387362944317,225.17778139396157,0.3155328630831895,0.011316758010607489,-0.00011062840680075267,225.21205167013883,18,1,0
15:23:34:969,3.408540809741366,1.9823850559593281,225.16608726669457,0.32504050292883535,-0.009345381667084289,0.0021738181625957174,225.20061024773995,19,-1,0
15:23:35:093,3.393678023790345,1.981341261361554,224.79875976487978,0.33031781637645097,0.006455109142224142,0.0020679119839208974,224.83310511477455,19,0,0
15:23:35:215,3.400120971881448,2.02006368456013,224.72557352478358,0.32238184696705896,-0.009399084763662292,-0.00020678707548581112,224.76037212096801,18,-1,0
15:23:35:333,3.398367185886105,1.999536426298976,225.11331255187386,0.31744042590352217,0.0018688942344184,-0.001722038204056635,225.14784150315066,18,0,0
15:23:35:516,3.4028840895635057,1.9768807529622952,225.1256733153351,0.3161400979949539,-0.00757933418024861,-0.003310035070200866,225.16006853641127,18,0,0
15:23:35:662,3.4329674108762314,2.0005718410535884,225.49335222913658,0.3118109849676213,-0.0079823178019251,-0.0001254497126419893,225.52835620486576,18,0,0
15:23:35:791,3.4028840895635057,1.9768807529622952,225.1256733153351,0.3161400979949539,-0.00757933418024861,-0.003310035070200866,225.16006853641127,18,0,0
15:23:35:914,3.3978863444393754,1.9754188773532704,224.85895847356272,0.3185707673717031,-0.00020808651768560143,0.0014152541660973088,224.8933060746054,18,0,0
15:23:36:045,3.4329674108762314,2.0005718410535884,225.49335222913658,0.3118109849676213,-0.0079823178019251,-0.0001254497126419893,225.52835620486576,18,0,0
15:23:36:244,3.4329674108762314,2.0005718410535884,225.49335222913658,0.3118109849676213,-0.0079823178019251,-0.0001254497126419893,225.52835620486576,18,0,0
15:23:36:361,3.4240622814803228,1.9401233777303917,225.76288379539105,0.31725286481215254,-0.02277440898356591,0.0007647693954769199,225.79718328809932,18,-1,0
15:23:36:481,3.4329674108762314,2.0005718410535884,225.49335222913658,0.3118109849676213,-0.0079823178019251,-0.0001254497126419893,225.52835620486576,18,0,0
15:23:36:603,3.398367185886105,1.999536426298976,225.11331255187386,0.31744042590352217,0.0018688942344184,-0.001722038204056635,225.14784150315066,18,0,0
15:23:36:726,3.4006088177419485,1.9828130724247757,225.07448077981624,0.32772331751148703,-0.003977034021260858,-0.002535756456828054,225.10890161500802,19,0,0
15:23:36:848,3.366550825170249,1.9965947953311796,224.39756966739682,0.326155743783774,0.00013987908070868697,-0.001787331286242806,224.43170303651266,19,0,0
15:23:36:972,3.4329674108762314,2.0005718410535884,225.49335222913658,0.3118109849676213,-0.0079823178019251,-0.0001254497126419893,225.52835620486576,18,0,0
15:23:37:107,3.398367185886105,1.999536426298976,225.11331255187386,0.31744042590352217,0.0018688942344184,-0.001722038204056635,225.14784150315066,18,0,0
15:23:37:263,3.4008678696743226,1.9976567530921219,224.7740681859809,0.3206874615970517,-0.009461202966050256,-0.00019683435621735176,224.80867034802316,18,-1,0
15:23:37:527,3.4329674108762314,2.0005718410535884,225.49335222913658,0.3118109849676213,-0.0079823178019251,-0.0001254497126419893,225.52835620486576,18,0,0
15:23:37:666,3.4329674108762314,2.0005718410535884,225.49335222913658,0.3118109849676213,-0.0079823178019251,-0.0001254497126419893,225.52835620486576,18,0,0
15:23:37:797,3.397624138135865,2.0219840435409036,225.06421261745416,0.31916424593237214,0.0018995049447195133,-0.0017337091086961273,225.09893840347402,18,0,0
15:23:37:923,3.3797012955013837,1.995778667837063,224.43427002971194,0.32393196701133165,-0.017583627265032778,0.001433823451258721,224.4685881746207,19,-1,0
15:23:38:056,3.388543864393664,1.9842519370323248,225.31924419892977,0.32572590696607007,-0.01285448036181938,-0.0008538738144222944,225.35345857485189,19,-1,0
15:23:38:221,3.4329674108762314,2.0005718410535884,225.49335222913658,0.3118109849676213,-0.0079823178019251,-0.0001254497126419893,225.52835620486576,18,0,0
15:23:38:366,3.4329674108762314,2.0005718410535884,225.49335222913658,0.3118109849676213,-0.0079823178019251,-0.0001254497126419893,225.52835620486576,18,0,0
15:23:38:496,3.394982530734195,1.9771387362944317,225.17778139396157,0.3155328630831895,0.011316758010607489,-0.00011062840680075267,225.21205167013883,18,1,0
15:23:38:613,3.366550825170249,1.9965947953311796,224.39756966739682,0.326155743783774,0.00013987908070868697,-0.001787331286242806,224.43170303651266,19,0,0
15:23:38:742,3.3658256327351213,2.018946716383106,224.3498132285912,0.3277971734300991,0.00018310274656384434,-0.001798244966118037,224.38414298639134,19,0,0
15:23:38:863,3.4006088177419485,1.9828130724247757,225.07448077981624,0.32772331751148703,-0.003977034021260858,-0.002535756456828054,225.10890161500802,19,0,0
15:23:38:980,3.362550456427085,1.9966939470320302,224.4135422560008,0.32602390473714643,0.009344306155648989,-0.00019147864238126946,224.4476141111239,19,1,0
15:23:39:108,3.3998827343570075,2.0052282917472244,225.02702215596784,0.3293468811684251,-0.003928429495205116,-0.0025460654556473616,225.06163787614238,19,0,0
15:23:39:232,3.3776195437629455,1.997746957396615,224.7924909820231,0.3204669736527829,-0.006571657619028552,-8.525685326978125e-05,224.82674064397042,18,0,0
15:23:39:377,3.3591261133090113,1.9800629005611947,224.3921681400838,0.3359463438586101,0.015593691652905946,0.000472933875386576,224.42604461145532,19,1,0
15:23:39:513,3.4082945327879615,1.9989450169272733,225.2056207013217,0.314448484120653,-0.006952036828030091,0.0031139728585402125,225.2402802526016,18,0,0
15:23:39:635,3.4134829624345873,1.9819373320230103,225.0938816658166,0.3257615520216224,-0.02169501182074126,0.000693020340867346,225.1284866579695,19,-1,0
15:23:39:760,3.397624138135865,2.0219840435409036,225.06421261745416,0.31916424593237214,0.0018995049447195133,-0.0017337091086961273,225.09893840347402,18,0,0
15:23:39:888,3.4329674108762314,2.0005718410535884,225.49335222913658,0.3118109849676213,-0.0079823178019251,-0.0001254497126419893,225.52835620486576,18,0,0
15:23:40:011,3.367230627579003,1.9823482411420688,224.97174339610868,0.32902249279781937,-0.020946772112437752,0.0007818516326930494,225.00567386920054,19,-1,0
15:23:40:163,3.429885641019278,1.978206423534906,225.5796284803887,0.3095574974607071,0.0015546178053695294,0.0014900023480892406,225.61437498864024,18,0,0
15:23:40:296,3.398367185886105,1.999536426298976,225.11331255187386,0.31744042590352217,0.0018688942344184,-0.001722038204056635,225.14784150315066,18,0,0
15:23:40:415,3.362550456427085,1.9966939470320302,224.4135422560008,0.32602390473714643,0.009344306155648989,-0.00019147864238126946,224.4476141111239,19,1,0
15:23:40:540,3.394982530734195,1.9771387362944317,225.17778139396157,0.3155328630831895,0.011316758010607489,-0.00011062840680075267,225.21205167013883,18,1,0
15:23:40:662,3.397624138135865,2.0219840435409036,225.06421261745416,0.31916424593237214,0.0018995049447195133,-0.0017337091086961273,225.09893840347402,18,0,0
15:23:40:789,3.434179165200336,2.0063047795095534,225.39530413282841,0.3240801446875648,-0.013558482453192952,-0.0009516154909610248,225.4303927391717,19,-1,0
15:23:40:957,3.3658256327351213,2.018946716383106,224.3498132285912,0.3277971734300991,0.00018310274656384434,-0.001798244966118037,224.38414298639134,19,0,0
15:23:41:074,3.429885641019278,1.978206423534906,225.5796284803887,0.3095574974607071,0.0015546178053695294,0.0014900023480892406,225.61437498864024,18,0,0
15:23:41:197,3.398367185886105,1.999536426298976,225.11331255187386,0.31744042590352217,0.0018688942344184,-0.001722038204056635,225.14784150315066,18,0,0
15:23:41:318,3.3632819214085123,1.974324113173513,224.46195289945607,0.32435528080325593,0.009316194811821296,-0.00017916277473088493,224.4958305190196,19,1,0
15:23:41:443,3.3978863444393754,1.9754188773532704,224.85895847356272,0.3185707673717031,-0.00020808651768560143,0.0014152541660973088,224.8933060746054,18,0,0
15:23:41:567,3.4329674108762314,2.0005718410535884,225.49335222913658,0.3118109849676213,-0.0079823178019251,-0.0001254497126419893,225.52835620486576,18,0,0
15:23:41:691,3.4329674108762314,2.0005718410535884,225.49335222913658,0.3118109849676213,-0.0079823178019251,-0.0001254497126419893,225.52835620486576,18,0,0
15:23:41:810,3.422619849293599,1.9851809396687299,225.6669586792378,0.32065844498684015,-0.02269679035181798,0.0007416054299699955,225.70164268239793,18,-1,0
15:23:41:937,3.434925259302767,1.983836150908467,225.44339688496095,0.32240747152452237,-0.013625817943168245,-0.0009423034631465188,225.4782905657231,18,-1,0
15:23:42:058,3.398367185886105,1.999536426298976,225.11331255187386,0.31744042590352217,0.0018688942344184,-0.001722038204056635,225.14784150315066,18,0,0
15:23:42:182,3.411800483725193,1.9987186522818587,225.1524255485514,0.31514491869959627,-0.016347311059222665,0.0015085138962555693,225.1871443692728,18,-1,0
15:23:42:302,3.429885641019278,1.978206423534906,225.5796284803887,0.3095574974607071,0.0015546178053695294,0.0014900023480892406,225.61437498864024,18,0,0
15:23:42:427,3.4134829624345873,1.9819373320230103,225.0938816658166,0.3257615520216224,-0.02169501182074126,0.000693020340867346,225.1284866579695,19,-1,0
15:23:42:589,3.4008678696743226,1.9976567530921219,224.7740681859809,0.3206874615970517,-0.009461202966050256,-0.00019683435621735176,224.80867034802316,18,-1,0
15:23:42:708,3.432201377392146,2.023076367235286,225.4434376881153,0.31359307284130566,-0.007932166177939756,-0.0001361290801221193,225.4786385467984,18,0,0
15:23:42:835,3.394982530734195,1.9771387362944317,225.17778139396157,0.3155328630831895,0.011316758010607489,-0.00011062840680075267,225.21205167013883,18,1,0
15:23:42:957,3.411800483725193,1.9987186522818587,225.1524255485514,0.31514491869959627,-0.016347311059222665,0.0015085138962555693,225.1871443692728,18,-1,0
15:23:43:082,3.4329674108762314,2.0005718410535884,225.49335222913658,0.3118109849676213,-0.0079823178019251,-0.0001254497126419893,225.52835620486576,18,0,0
15:23:43:210,3.422619849293599,1.9851809396687299,225.6669586792378,0.32065844498684015,-0.02269679035181798,0.0007416054299699955,225.70164268239793,18,-1,0
15:23:43:325,3.411800483725193,1.9987186522818587,225.1524255485514,0.31514491869959627,-0.016347311059222665,0.0015085138962555693,225.1871443692728,18,-1,0
15:23:43:449,3.411800483725193,1.9987186522818587,225.1524255485514,0.31514491869959627,-0.016347311059222665,0.0015085138962555693,225.1871443692728,18,-1,0
15:23:43:619,3.3658256327351213,2.018946716383106,224.3498132285912,0.3277971734300991,0.00018310274656384434,-0.001798244966118037,224.38414298639134,19,0,0
15:23:43:751,3.432201377392146,2.023076367235286,225.4434376881153,0.31359307284130566,-0.007932166177939756,-0.0001361290801221193,225.4786385467984,18,0,0
15:23:43:943,3.398367185886105,1.999536426298976,225.11331255187386,0.31744042590352217,0.0018688942344184,-0.001722038204056635,225.14784150315066,18,0,0
15:23:44:067,3.3797012955013837,1.995778667837063,224.43427002971194,0.32393196701133165,-0.017583627265032778,0.001433823451258721,224.4685881746207,19,-1,0
15:23:44:229,3.4372018765539503,1.9777709916544564,225.48534162702643,0.3107464769209549,-0.01751813166169075,-0.0017173534084779128,225.52021023290226,18,-1,0
15:23:44:350,3.398367185886105,1.999536426298976,225.11331255187386,0.31744042590352217,0.0018688942344184,-0.001722038204056635,225.14784150315066,18,0,0
15:23:44:477,3.434925259302767,1.983836150908467,225.44339688496095,0.32240747152452237,-0.013625817943168245,-0.0009423034631465188,225.4782905657231,18,-1,0
15:23:44:595,3.366550825170249,1.9965947953311796,224.39756966739682,0.326155743783774,0.00013987908070868697,-0.001787331286242806,224.43170303651266,19,0,0
15:23:44:719,3.4008919688591766,1.9832179240949406,225.30047451265895,0.32424213624989084,-0.030685178895573918,0.0023745485457728147,225.33486866250325,19,-2,0
15:23:44:845,3.434179165200336,2.0063047795095534,225.39530413282841,0.3240801446875648,-0.013558482453192952,-0.0009516154909610248,225.4303927391717,19,-1,0
15:23:44:964,3.398367185886105,1.999536426298976,225.11331255187386,0.31744042590352217,0.0018688942344184,-0.001722038204056635,225.14784150315066,18,0,0
15:23:45:090,3.434483837628274,1.9554843441002143,225.593686164519,0.30817547421326974,-0.008036995465465832,-9.959164199592024e-05,225.62830238147527,18,0,0
15:23:45:212,3.368649519917156,1.9798089547888047,224.3589961536454,0.33615160413259004,-0.005413144772802204,-0.0025986305262985956,224.3930181582238,19,0,0
15:23:45:332,3.398367185886105,1.999536426298976,225.11331255187386,0.31744042590352217,0.0018688942344184,-0.001722038204056635,225.14784150315066,18,0,0
15:23:45:458,3.4329674108762314,2.0005718410535884,225.49335222913658,0.3118109849676213,-0.0079823178019251,-0.0001254497126419893,225.52835620486576,18,0,0
15:23:45:579,3.4329674108762314,2.0005718410535884,225.49335222913658,0.3118109849676213,-0.0079823178019251,-0.0001254497126419893,225.52835620486576,18,0,0
15:23:45:704,3.429885641019278,1.978206423534906,225.5796284803887,0.3095574974607071,0.0015546178053695294,0.0014900023480892406,225.61437498864024,18,0,0
15:23:45:833,3.4329674108762314,2.0005718410535884,225.49335222913658,0.3118109849676213,-0.0079823178019251,-0.0001254497126419893,225.52835620486576,18,0,0
15:23:45:949,3.398367185886105,1.999536426298976,225.11331255187386,0.31744042590352217,0.0018688942344184,-0.001722038204056635,225.14784150315066,18,0,0
15:23:46:072,3.429885641019278,1.978206423534906,225.5796284803887,0.3095574974607071,0.0015546178053695294,0.0014900023480892406,225.61437498864024,18,0,0
15:23:46:192,3.4110492499006497,2.0211805189896843,225.10310670634405,0.3168944364015249,-0.016292254951019262,0.001499432050673612,225.13802228082955,18,-1,0
15:23:46:322,3.4006088177419485,1.9828130724247757,225.07448077981624,0.32772331751148703,-0.003977034021260858,-0.002535756456828054,225.10890161500802,19,0,0
15:23:46:444,3.429885641019278,1.978206423534906,225.5796284803887,0.3095574974607071,0.0015546178053695294,0.0014900023480892406,225.61437498864024,18,0,0
15:23:46:565,3.432201377392146,2.023076367235286,225.4434376881153,0.31359307284130566,-0.007932166177939756,-0.0001361290801221193,225.4786385467984,18,0,0
15:23:46:727,3.411800483725193,1.9987186522818587,225.1524255485514,0.31514491869959627,-0.016347311059222665,0.0015085138962555693,225.1871443692728,18,-1,0
15:23:46:850,3.394982530734195,1.9771387362944317,225.17778139396157,0.3155328630831895,0.011316758010607489,-0.00011062840680075267,225.21205167013883,18,1,0
15:23:46:976,3.432201377392146,2.023076367235286,225.4434376881153,0.31359307284130566,-0.007932166177939756,-0.0001361290801221193,225.4786385467984,18,0,0
15:23:47:093,3.4329674108762314,2.0005718410535884,225.49335222913658,0.3118109849676213,-0.0079823178019251,-0.0001254497126419893,225.52835620486576,18,0,0
15:23:47:260,3.4329674108762314,2.0005718410535884,225.49335222913658,0.3118109849676213,-0.0079823178019251,-0.0001254497126419893,225.52835620486576,18,0,0
15:23:47:383,3.4329674108762314,2.0005718410535884,225.49335222913658,0.3118109849676213,-0.0079823178019251,-0.0001254497126419893,225.52835620486576,18,0,0
15:23:47:506,3.422619849293599,1.9851809396687299,225.6669586792378,0.32065844498684015,-0.02269679035181798,0.0007416054299699955,225.70164268239793,18,-1,0
15:23:47:629,3.366550825170249,1.9965947953311796,224.39756966739682,0.326155743783774,0.00013987908070868697,-0.001787331286242806,224.43170303651266,19,0,0
15:23:47:752,3.4008678696743226,1.9976567530921219,224.7740681859809,0.3206874615970517,-0.009461202966050256,-0.00019683435621735176,224.80867034802316,18,-1,0
15:23:47:871,3.432201377392146,2.023076367235286,225.4434376881153,0.31359307284130566,-0.007932166177939756,-0.0001361290801221193,225.4786385467984,18,0,0
15:23:48:031,3.4110492499006497,2.0211805189896843,225.10310670634405,0.3168944364015249,-0.016292254951019262,0.001499432050673612,225.13802228082955,18,-1,0
15:23:48:168,3.4329674108762314,2.0005718410535884,225.49335222913658,0.3118109849676213,-0.0079823178019251,-0.0001254497126419893,225.52835620486576,18,0,0
15:23:48:288,3.429885641019278,1.978206423534906,225.5796284803887,0.3095574974607071,0.0015546178053695294,0.0014900023480892406,225.61437498864024,18,0,0
15:23:48:412,3.422619849293599,1.9851809396687299,225.6669586792378,0.32065844498684015,-0.02269679035181798,0.0007416054299699955,225.70164268239793,18,-1,0
15:23:48:534,3.366550825170249,1.9965947953311796,224.39756966739682,0.326155743783774,0.00013987908070868697,-0.001787331286242806,224.43170303651266,19,0,0
15:23:48:655,3.425587507017243,1.9842617809551015,225.5171792034909,0.32165402046733044,0.008338970692577509,0.002140771788235,225.55192320280275,18,0,0
15:23:48:788,3.3903464186682535,1.982187309905511,224.94948954160586,0.3292015503170313,-0.02367134615142531,0.0006683479898198252,224.98376910434934,19,-1,0
15:23:48:908,3.417091501716569,1.9590961462224854,225.0596490476374,0.32511688428465885,-0.0307759559946454,-0.0009044872395979728,225.0941140978301,19,-2,0
15:23:49:037,3.401972227154701,2.0032322143023555,224.67835307746972,0.332569208306091,-0.01474484594424443,-0.0010197732483274967,224.71303632843131,19,-1,0
15:23:49:194,3.412751974222441,2.004363179301583,225.0464210867971,0.3274028474179894,-0.021623543580490588,0.0006852038624147941,225.08122087763806,19,-1,0
15:23:49:353,3.3632819214085123,1.974324113173513,224.46195289945607,0.32435528080325593,0.009316194811821296,-0.00017916277473088493,224.4958305190196,19,1,0
15:23:49:474,3.399082413981032,1.9770469731279512,225.16159723434683,0.3157064910201215,0.0018685326918412965,-0.0017084362173351495,225.19593101366908,18,0,0
15:23:49:598,3.4008678696743226,1.9976567530921219,224.7740681859809,0.3206874615970517,-0.009461202966050256,-0.00019683435621735176,224.80867034802316,18,-1,0
15:23:49:720,3.4008678696743226,1.9976567530921219,224.7740681859809,0.3206874615970517,-0.009461202966050256,-0.00019683435621735176,224.80867034802316,18,-1,0
15:23:49:884,3.432201377392146,2.023076367235286,225.4434376881153,0.31359307284130566,-0.007932166177939756,-0.0001361290801221193,225.4786385467984,18,0,0
15:23:50:009,3.434179165200336,2.0063047795095534,225.39530413282841,0.3240801446875648,-0.013558482453192952,-0.0009516154909610248,225.4303927391717,19,-1,0
15:23:50:134,3.432201377392146,2.023076367235286,225.4434376881153,0.31359307284130566,-0.007932166177939756,-0.0001361290801221193,225.4786385467984,18,0,0
15:23:50:256,3.3745674444120133,1.9754539826158588,224.8745542051276,0.31832169913321634,0.002718304164964204,0.0015267765514251001,224.90854864328566,18,0,0
15:23:50:379,3.389627292759178,2.0045867654158775,224.90307524826,0.3307971776586475,-0.023584873666729803,0.0006609741866902007,224.9375495496659,19,-1,0
15:23:50:501,3.429885641019278,1.978206423534906,225.5796284803887,0.3095574974607071,0.0015546178053695294,0.0014900023480892406,225.61437498864024,18,0,0
15:23:50:625,3.366550825170249,1.9965947953311796,224.39756966739682,0.326155743783774,0.00013987908070868697,-0.001787331286242806,224.43170303651266,19,0,0
15:23:50:748,3.366550825170249,1.9965947953311796,224.39756966739682,0.326155743783774,0.00013987908070868697,-0.001787331286242806,224.43170303651266,19,0,0
15:23:50:868,3.4240622814803228,1.9401233777303917,225.76288379539105,0.31725286481215254,-0.02277440898356591,0.0007647693954769199,225.79718328809932,18,-1,0
15:23:50:993,3.397624138135865,2.0219840435409036,225.06421261745416,0.31916424593237214,0.0018995049447195133,-0.0017337091086961273,225.09893840347402,18,0,0
15:23:51:119,3.4329674108762314,2.0005718410535884,225.49335222913658,0.3118109849676213,-0.0079823178019251,-0.0001254497126419893,225.52835620486576,18,0,0
15:23:51:246,3.366550825170249,1.9965947953311796,224.39756966739682,0.326155743783774,0.00013987908070868697,-0.001787331286242806,224.43170303651266,19,0,0
15:23:51:367,3.398367185886105,1.999536426298976,225.11331255187386,0.31744042590352217,0.0018688942344184,-0.001722038204056635,225.14784150315066,18,0,0
15:23:51:484,3.429885641019278,1.978206423534906,225.5796284803887,0.3095574974607071,0.0015546178053695294,0.0014900023480892406,225.61437498864024,18,0,0
15:23:51:613,3.3973265409350213,1.9662146713213764,225.07172209770238,0.33743080591361013,0.0025685518852778043,-0.0018707511729441485,225.1059482016964,19,0,0
15:23:51:773,3.398367185886105,1.999536426298976,225.11331255187386,0.31744042590352217,0.0018688942344184,-0.001722038204056635,225.14784150315066,18,0,0
15:23:51:895,3.4329674108762314,2.0005718410535884,225.49335222913658,0.3118109849676213,-0.0079823178019251,-0.0001254497126419893,225.52835620486576,18,0,0
15:23:52:014,3.432201377392146,2.023076367235286,225.4434376881153,0.31359307284130566,-0.007932166177939756,-0.0001361290801221193,225.4786385467984,18,0,0
15:23:52:138,3.4372018765539503,1.9777709916544564,225.48534162702643,0.3107464769209549,-0.01751813166169075,-0.0017173534084779128,225.52021023290226,18,-1,0
15:23:52:292,3.4329674108762314,2.0005718410535884,225.49335222913658,0.3118109849676213,-0.0079823178019251,-0.0001254497126419893,225.52835620486576,18,0,0
15:23:52:441,3.4329674108762314,2.0005718410535884,225.49335222913658,0.3118109849676213,-0.0079823178019251,-0.0001254497126419893,225.52835620486576,18,0,0
15:23:52:605,3.397624138135865,2.0219840435409036,225.06421261745416,0.31916424593237214,0.0018995049447195133,-0.0017337091086961273,225.09893840347402,18,0,0
15:23:52:757,3.398367185886105,1.999536426298976,225.11331255187386,0.31744042590352217,0.0018688942344184,-0.001722038204056635,225.14784150315066,18,0,0
15:23:52:917,3.4329674108762314,2.0005718410535884,225.49335222913658,0.3118109849676213,-0.0079823178019251,-0.0001254497126419893,225.52835620486576,18,0,0
15:23:53:044,3.432201377392146,2.023076367235286,225.4434376881153,0.31359307284130566,-0.007932166177939756,-0.0001361290801221193,225.4786385467984,18,0,0
15:23:53:168,3.429885641019278,1.978206423534906,225.5796284803887,0.3095574974607071,0.0015546178053695294,0.0014900023480892406,225.61437498864024,18,0,0
15:23:53:287,3.4329674108762314,2.0005718410535884,225.49335222913658,0.3118109849676213,-0.0079823178019251,-0.0001254497126419893,225.52835620486576,18,0,0
15:23:53:414,3.4006088177419485,1.9828130724247757,225.07448077981624,0.32772331751148703,-0.003977034021260858,-0.002535756456828054,225.10890161500802,19,0,0
15:23:53:574,3.397518528656887,1.981233691090776,224.77654632993207,0.3305592120947151,-0.0026425004887106096,0.00046633646932473004,224.81095213334999,19,0,0
15:23:53:698,3.366550825170249,1.9965947953311796,224.39756966739682,0.326155743783774,0.00013987908070868697,-0.001787331286242806,224.43170303651266,19,0,0
15:23:53:827,3.4134829624345873,1.9819373320230103,225.0938816658166,0.3257615520216224,-0.02169501182074126,0.000693020340867346,225.1284866579695,19,-1,0
15:23:53:943,3.4329674108762314,2.0005718410535884,225.49335222913658,0.3118109849676213,-0.0079823178019251,-0.0001254497126419893,225.52835620486576,18,0,0
15:23:54:071,3.4329674108762314,2.0005718410535884,225.49335222913658,0.3118109849676213,-0.0079823178019251,-0.0001254497126419893,225.52835620486576,18,0,0
15:23:54:196,3.35582129704394,2.0035810611414875,224.55731732657551,0.3357079630406712,-0.01401788314246275,-0.0009296537649398632,224.59132805732858,19,-1,0
15:23:54:314,3.4008678696743226,1.9976567530921219,224.7740681859809,0.3206874615970517,-0.009461202966050256,-0.00019683435621735176,224.80867034802316,18,-1,0
15:23:54:436,3.4329674108762314,2.0005718410535884,225.49335222913658,0.3118109849676213,-0.0079823178019251,-0.0001254497126419893,225.52835620486576,18,0,0
15:23:54:560,3.4329674108762314,2.0005718410535884,225.49335222913658,0.3118109849676213,-0.0079823178019251,-0.0001254497126419893,225.52835620486576,18,0,0
15:23:54:687,3.4082945327879615,1.9989450169272733,225.2056207013217,0.314448484120653,-0.006952036828030091,0.0031139728585402125,225.2402802526016,18,0,0
15:23:54:806,3.398367185886105,1.999536426298976,225.11331255187386,0.31744042590352217,0.0018688942344184,-0.001722038204056635,225.14784150315066,18,0,0
15:23:54:928,3.429885641019278,1.978206423534906,225.5796284803887,0.3095574974607071,0.0015546178053695294,0.0014900023480892406,225.61437498864024,18,0,0
15:23:55:053,3.398367185886105,1.999536426298976,225.11331255187386,0.31744042590352217,0.0018688942344184,-0.001722038204056635,225.14784150315066,18,0,0
15:23:55:176,3.398367185886105,1.999536426298976,225.11331255187386,0.31744042590352217,0.0018688942344184,-0.001722038204056635,225.14784150315066,18,0,0
15:23:55:302,3.432201377392146,2.023076367235286,225.4434376881153,0.31359307284130566,-0.007932166177939756,-0.0001361290801221193,225.4786385467984,18,0,0
15:23:55:420,3.366524440035107,2.0047490630184215,224.92512191832455,0.3306211942658103,-0.020882346341405948,0.0007742900585794547,224.95924736623786,19,-1,0
15:23:55:541,3.345784252178642,1.9947796032795064,224.07682950219973,0.32911534564700085,-0.008055940839865708,-0.0001540841751733964,224.11068456833038,19,0,0
15:23:55:666,3.398367185886105,1.999536426298976,225.11331255187386,0.31744042590352217,0.0018688942344184,-0.001722038204056635,225.14784150315066,18,0,0
15:23:55:789,3.4329674108762314,2.0005718410535884,225.49335222913658,0.3118109849676213,-0.0079823178019251,-0.0001254497126419893,225.52835620486576,18,0,0
15:23:55:957,3.4329674108762314,2.0005718410535884,225.49335222913658,0.3118109849676213,-0.0079823178019251,-0.0001254497126419893,225.52835620486576,18,0,0
15:23:56:074,3.3632819214085123,1.974324113173513,224.46195289945607,0.32435528080325593,0.009316194811821296,-0.00017916277473088493,224.4958305190196,19,1,0
15:23:56:198,3.3797012955013837,1.995778667837063,224.43427002971194,0.32393196701133165,-0.017583627265032778,0.001433823451258721,224.4685881746207,19,-1,0
15:23:56:324,3.434925259302767,1.983836150908467,225.44339688496095,0.32240747152452237,-0.013625817943168245,-0.0009423034631465188,225.4782905657231,18,-1,0
15:23:56:446,3.4110492499006497,2.0211805189896843,225.10310670634405,0.3168944364015249,-0.016292254951019262,0.001499432050673612,225.13802228082955,18,-1,0
15:23:56:611,3.365622201904699,1.9576355003125432,224.4317392510166,0.3343526668121102,0.0035282376374361516,-0.0009878211594734753,224.4655103413314,19,0,0
15:23:56:732,3.432201377392146,2.023076367235286,225.4434376881153,0.31359307284130566,-0.007932166177939756,-0.0001361290801221193,225.4786385467984,18,0,0
15:23:56:860,3.4329674108762314,2.0005718410535884,225.49335222913658,0.3118109849676213,-0.0079823178019251,-0.0001254497126419893,225.52835620486576,18,0,0
15:23:56:982,3.411800483725193,1.9987186522818587,225.1524255485514,0.31514491869959627,-0.016347311059222665,0.0015085138962555693,225.1871443692728,18,-1,0
15:23:57:101,3.426330943511358,1.9617675531321035,225.56650284233842,0.3199387591975908,0.008330230784216203,0.0021531024774335255,225.60105381001583,18,0,0
15:23:57:224,3.3878240415005267,2.0066948123458492,225.27202946182823,0.3273540412849184,-0.012795252306963925,-0.0008628857509900339,225.3064389529444,19,-1,0
15:23:57:347,3.3989462249348152,1.936403093056893,224.87118781127273,0.3272974816208324,-0.002694323230234698,0.0004902607067339076,224.90521025541292,19,0,0
15:23:57:497,3.4329674108762314,2.0005718410535884,225.49335222913658,0.3118109849676213,-0.0079823178019251,-0.0001254497126419893,225.52835620486576,18,0,0
15:23:57:673,3.400120971881448,2.02006368456013,224.72557352478358,0.32238184696705896,-0.009399084763662292,-0.00020678707548581112,224.76037212096801,18,-1,0
15:23:57:810,3.3797012955013837,1.995778667837063,224.43427002971194,0.32393196701133165,-0.017583627265032778,0.001433823451258721,224.4685881746207,19,-1,0
15:23:58:115,3.4329674108762314,2.0005718410535884,225.49335222913658,0.3118109849676213,-0.0079823178019251,-0.0001254497126419893,225.52835620486576,18,0,0
15:23:58:277,3.3776195437629455,1.997746957396615,224.7924909820231,0.3204669736527829,-0.006571657619028552,-8.525685326978125e-05,224.82674064397042,18,0,0
15:23:58:432,3.429885641019278,1.978206423534906,225.5796284803887,0.3095574974607071,0.0015546178053695294,0.0014900023480892406,225.61437498864024,18,0,0
15:23:58:835,3.4329674108762314,2.0005718410535884,225.49335222913658,0.3118109849676213,-0.0079823178019251,-0.0001254497126419893,225.52835620486576,18,0,0
15:23:58:968,3.3776195437629455,1.997746957396615,224.7924909820231,0.3204669736527829,-0.006571657619028552,-8.525685326978125e-05,224.82674064397042,18,0,0
15:23:59:144,3.4008919688591766,1.9832179240949406,225.30047451265895,0.32424213624989084,-0.030685178895573918,0.0023745485457728147,225.33486866250325,19,-2,0
15:23:59:285,3.370039141097919,1.9350951752420835,224.45151338606928,0.33300430694873445,-0.005475351457681046,-0.002576071034479044,224.4851523340611,19,0,0
15:23:59:404,3.3986219854915376,1.96111540293423,225.42878457354405,0.32155630021010634,-0.021552685206391625,0.003995754255789832,225.46293158594656,18,-1,0
15:23:59:517,3.3797012955013837,1.995778667837063,224.43427002971194,0.32393196701133165,-0.017583627265032778,0.001433823451258721,224.4685881746207,19,-1,0
15:23:59:643,3.345784252178642,1.9947796032795064,224.07682950219973,0.32911534564700085,-0.008055940839865708,-0.0001540841751733964,224.11068456833038,19,0,0
15:23:59:768,3.4078160460503923,2.004819147816695,225.1179497987005,0.32669792032633704,-0.009313880599021189,0.0021644519647915565,225.1526678313837,19,-1,0
15:23:59:889,3.432201377392146,2.023076367235286,225.4434376881153,0.31359307284130566,-0.007932166177939756,-0.0001361290801221193,225.4786385467984,18,0,0
15:24:00:013,3.4026996896001145,1.9808578180560217,224.72515905282788,0.3309739482733325,-0.014820725642736631,-0.0010110913467128438,224.75964778890304,19,-1,0
