timestamp,tx,ty,tz,rx,ry,rz,Distance,Angle X,Angle Y,Angle Z
13:01:11:380,err,err,err,err,err,err,err,err,err,err
13:01:11:602,err,err,err,err,err,err,err,err,err,err
13:01:11:760,1.3727792663548077,1.2547595822566682,94.56626178481632,-0.18284368591162523,-0.00728773441758363,-0.0002857962908643487,94.5845484869374,-10,0,0
13:01:11:936,2.030293255085047,-0.7726885436179427,85.62912961155541,-0.9070380271128046,-0.025781510251498843,-0.16576458457787233,85.65668086214664,-52,-5,-8
13:01:12:076,1.3742772464592097,1.3058757518413735,93.09668844341329,-0.13416779630451725,-0.010957346073100394,-0.001659495089551786,93.11598868378805,-8,-1,0
13:01:12:238,1.3739747048459579,1.3167390796593366,92.44973077235237,-0.15555135490279534,-0.008374197480436307,0.0019641651205931482,92.46931560346867,-9,0,0
13:01:12:393,1.378115534464459,1.3082273091371417,92.29567081999052,-0.12978400772069976,0.001225013675700316,0.00011122418339149641,92.31522904283321,-7,0,0
13:01:12:525,1.3713448769227734,1.3203842373160313,92.59088400605366,-0.12416156283882093,-0.014174467110681726,-0.0014465453551733855,92.61045190651052,-7,-1,0
13:01:12:684,1.3589266047948914,1.3037789474434045,92.2370742970929,-0.1432480952025818,-0.00022092354340289417,-0.001951323768801078,92.25629732407677,-8,0,0
13:01:12:804,1.3599607117585992,1.2987397277993813,92.36639648073763,-0.13180394454281688,0.009640422003662542,-0.0006918103289649853,92.38553683805118,-8,1,0
13:01:12:913,1.3442359810829518,1.2975831444116945,91.98615226389039,-0.13302309061513484,0.002184421507749496,-0.001578042523812505,92.00512431764399,-8,0,0
13:01:13:041,1.391596740500781,1.2431092738293115,91.91100303802473,-0.16244383649763786,-0.008291834114276754,1.1033168426556203e-05,91.92994257373734,-9,0,0
13:01:13:163,1.2821952839310207,1.2907616009981553,92.10854545030224,-0.1443054176953479,0.004039680287434179,0.00025591710618650727,92.12651211908079,-8,0,0
13:01:13:303,1.3262488741660032,1.2838507020060894,91.85096688961077,-0.11499393878503299,-0.007421512448378569,-0.0019853446787867174,91.8695125014694,-7,0,0
13:01:13:458,1.3124803282168593,1.246419737485063,91.93712582431584,-0.15923889518995119,0.006881773088116257,0.00026922857927244223,91.9549415290447,-9,0,0
13:01:13:577,1.3653233462830001,1.2657485226656633,91.94000730860363,-0.11692184125441121,-0.01681302565124754,-0.0014853848244655522,91.95885585993675,-7,-1,0
13:01:13:699,1.364397132607632,1.290995355516057,91.88352530282326,-0.11726823360850817,0.015867996708608917,-0.00010627278678009825,91.90272286835682,-7,1,0
13:01:13:818,2.0333105010738453,-0.8052614995591091,82.68974662274941,-0.9080037848078312,-0.023407168092523797,-0.1645506961967186,82.71866170466582,-52,-5,-8
13:01:13:943,1.3524176894751918,1.300104624206374,91.78264120690879,-0.14465196901893493,0.015922987480454197,-0.0019199369176114715,91.80181116163689,-8,1,0
13:01:14:070,1.291042649144864,1.296617016041487,91.53877212003997,-0.12169988225551473,0.0047451830343876135,-0.0012782682234676061,91.55705766380223,-7,0,0
13:01:14:191,1.326255672369073,1.3205342972354073,91.47846662484856,-0.14302064692433347,0.0065457816864917,0.0019358572736603674,91.49760991945199,-8,0,0
13:01:14:314,1.2956322104226081,1.280684118561881,92.18041274695457,-0.0969673334477458,0.018481685866031702,0.0016915185861167317,92.19841272405468,-6,1,0
13:01:14:437,1.3067155156887786,1.3420163495203423,91.53825850304261,-0.15070154794402324,-0.001141791951052132,-0.001071685456031264,91.55742068828269,-9,0,0
13:01:14:561,1.3012026567681827,1.244296111093101,91.73307295192173,-0.15520575093249556,-0.002690380216269145,-0.0017987452363420057,91.75073882192261,-9,0,0
13:01:14:681,1.3278629845434062,1.3340126665172727,91.46244598554495,-0.12770053812609022,0.002980214971246755,-0.0004047616125902029,91.48181150129722,-7,0,0
13:01:14:801,1.3426297899819066,1.3321147131228357,91.52999903789411,-0.1419716846953979,-0.01876079245269851,-0.002333470347910981,91.54953800123059,-8,-1,0
13:01:14:928,err,err,err,err,err,err,err,err,err,err
13:01:15:048,0.039085028553405524,3.4185838027203586,83.11115238295908,0.7112104883264698,0.09075820458718391,-0.15268489579802547,83.18143959609694,40,8,-6
13:01:15:170,1.3395988162607928,1.3865707153771287,91.52166639702938,-0.12116615041790564,-0.015538121447427332,-0.0024380555314686917,91.54197137612017,-7,-1,0
13:01:15:311,1.2951934006659347,1.2563538274239903,91.84701723160194,-0.14500870650448378,0.006536078160721736,0.0017909473434448717,91.86474038077392,-8,0,0
13:01:15:417,1.3295797518793182,1.3643051438422205,91.87815878113004,-0.09615120535235827,-0.00958415345571642,-0.002123035755328937,91.89790624302962,-6,-1,0
13:01:15:543,1.3089277842409837,1.3203231889043447,91.8224790438336,-0.10349547924895958,-0.005837649206192019,0.0008720396689768362,91.84129900552787,-6,0,0
13:01:15:661,1.26951664418817,1.328941732101143,91.71460170250876,-0.11069361427968503,0.004835165202328694,0.0025825840312643823,91.73301436280731,-6,0,0
13:01:15:829,1.330638604559166,1.3656890114282203,91.61825467448597,-0.10712715038257117,-0.01241527501051161,-5.953672598768447e-05,91.6380941266832,-6,-1,0
13:01:15:948,1.2995011801613578,1.28427724474108,91.6356309797994,-0.13839760043250524,0.006908480591143653,-0.0002992775972841286,91.65384299866848,-8,0,0
13:01:16:070,1.3344527010236997,1.3167142363784698,91.96496045222806,-0.11107260589693456,0.00515187316909999,0.0012337576511233684,91.98406629069744,-6,0,0
13:01:16:196,1.303119022454152,1.308892547057369,91.9817626339776,-0.100396897020452,-0.00727230493616779,-8.288773684539599e-05,92.00030421764822,-6,0,0
13:01:16:357,1.2937716647805995,1.3268489740943328,91.9059556992465,-0.09850179591031367,-0.0009407184052078148,-0.0011793124595376027,91.92463797215905,-6,0,0
13:01:16:484,1.2832208141768664,1.322514278365968,91.96870773059452,-0.10461773335440727,0.001256444098606321,-0.0011044612339417483,91.98716704687635,-6,0,0
13:01:16:604,1.33947350390812,1.3079916301522339,92.08268736722543,-0.11390343792505887,-0.00729721910300062,-0.000651314319533378,92.10171737889799,-7,0,0
13:01:16:728,1.3088886422156902,1.2945858280144489,91.92700609869901,-0.12438280204542428,-0.00738435645082602,-0.0021641017605724183,91.94543812617384,-7,0,0
13:01:16:851,1.3179142194531128,1.3393013705641403,91.8091370947888,-0.09218729398227801,0.00011648523695077613,-0.0014622626129167904,91.82836315725527,-5,0,0
13:01:16:973,1.2823247879703987,1.2501079475781685,92.02528670900756,-0.1265089358273299,0.0020063868836028165,-0.001308846362419641,92.04271030677815,-7,0,0
13:01:17:101,1.316133997198677,1.3325197086807052,91.98318203757711,-0.08487528171092357,-0.0037421360425053843,-0.0012942366457789369,92.00224777270745,-5,0,0
13:01:17:219,1.3173942563729975,1.3506344719702887,91.95016086640744,-0.08381096821082246,-0.011622310309806186,0.0006778036995369209,91.96951573462701,-5,-1,0
13:01:17:342,1.2938129789359654,1.281433601449565,91.84027088631377,-0.14681838253872564,0.007035655417276832,0.0007063054516349034,91.8583223261283,-8,0,0
13:01:17:465,1.2816282825906653,1.2957136389226545,91.98090232783926,-0.12451281203112685,0.004257223087403029,0.0012072574527459848,91.99895563500888,-7,0,0
13:01:17:587,1.3067758628803077,1.2859995564967677,91.9208650870409,-0.12403146345430573,-0.0052688870186640025,-0.0020750450205837966,91.93914779007412,-7,0,0
13:01:17:713,1.327220002581881,1.273605463947239,91.8186019483605,-0.14514903267979873,-0.006447658302495787,0.001697573497017288,91.83702547210748,-8,0,0
13:01:17:835,2.001247491929527,-0.7845852250836938,83.1110489672257,-0.9102665537317504,-0.0278226197102482,-0.1620967956347146,83.13884186066078,-52,-5,-7
13:01:17:957,1.2481423588346807,1.2990494324775819,91.91979631299046,-0.11887545445516709,0.02624308380206495,0.00260016121543094,91.93744799045486,-7,2,0
13:01:18:081,1.3325445158419849,1.3273806751337927,91.78965427063062,-0.12398320954168217,-0.01993521327597827,0.000210456745951338,91.80892247197609,-7,-1,0
13:01:18:244,1.303549579151066,1.2852713896283203,91.9326864952265,-0.09555219884236595,0.005853205876777353,-0.0021533211630349247,91.95091087248622,-5,0,0
13:01:18:366,1.274930973090331,1.3172185216068466,91.96191914576382,-0.10060216818536986,0.0105112715019952,0.0020323254288835356,91.9801885548829,-6,1,0
13:01:18:489,1.265500695899743,1.3213546360800437,91.6908002441611,-0.12819551710335025,0.006003041030911992,-0.00028809680074108455,91.70905254935451,-7,0,0
13:01:18:613,1.3203439994682395,1.327842822582382,91.34788687270549,-0.12179249978812781,-0.016806459071901366,-0.0030312753659279532,91.36707782865234,-7,-1,0
13:01:18:736,1.3064352053581227,1.3518627169902895,91.90088030866907,-0.0812423903391826,0.005303857713690363,0.001083328194717213,91.92010719782536,-5,0,0
13:01:18:858,1.3235043456443656,1.3188101534692973,91.79690351688569,-0.10419080025033532,-0.0027597538491112364,0.0015241597280347262,91.81591593652081,-6,0,0
13:01:18:985,1.2674330887571468,1.3145878403560523,91.87154168450456,-0.10110017952012565,0.015272834057218338,0.0007409487713042074,91.88968766576664,-6,1,0
13:01:19:104,1.3017269539177665,1.3029126471898929,91.81739290602654,-0.132229061004696,0.024063306030217446,0.001138570285703192,91.83586289946001,-8,1,0
13:01:19:232,1.2993517052545793,1.3108742207966513,91.96188956774913,-0.11742981325240576,0.003178561987020716,-0.0002033689991812919,91.98041008251477,-7,0,0
13:01:19:351,1.28871974353545,1.3528382855257832,91.90159890890158,-0.07095581854175462,0.01143000952741586,-0.0011388320997242065,91.9205899242209,-4,1,0
13:01:19:473,1.2983463196800051,1.3250436234573153,92.12030623613425,-0.10619604881324424,-0.009204131147956656,0.000597745107969204,92.13898341532236,-6,-1,0
13:01:19:602,1.3255932136356277,1.274924575001146,91.92184165157597,-0.12636656284209694,-0.005423034013481453,-0.0012474847417569131,91.9402393006315,-7,0,0
13:01:19:718,1.3008692126087016,1.335757831087989,91.71464467290585,-0.12298784747584973,0.0064411731545451325,-0.0006235699363689685,91.73359557527985,-7,0,0
13:01:19:847,1.3288480037220338,1.3144749511359026,91.9129565248501,-0.11240567774017853,-0.008057113999963327,-0.0009097633880073618,91.93195994077982,-6,0,0
13:01:19:965,1.2856854422159887,1.299479904748615,91.9469652753878,-0.12963299325829827,0.015161130292814337,0.0004724796265896603,91.96513501557283,-7,1,0
13:01:20:091,1.301615730786914,1.3256732029712506,91.82413007152934,-0.11727289443033807,0.015673245423526546,0.000309962840977112,91.8429228429978,-7,1,0
13:01:20:255,1.2803392868604084,1.3250696376095419,92.08812806397277,-0.11477967666320558,-3.294253432306974e-07,0.002837303150625457,92.1065600734315,-7,0,0
13:01:20:377,1.2686069262701014,1.286706127501892,91.72913076321574,-0.11818924096993551,0.019241594112535586,-0.0006985406221248131,91.74692587093621,-7,1,0
13:01:20:526,1.9827688183152057,-0.785206619937745,82.76492497661387,-0.9126380758339236,-0.02467481047426225,-0.1626006822544476,82.79239535130868,-52,-5,-7
13:01:20:666,1.27543885226461,1.3737279140552998,91.99077966324039,-0.060589440546192225,0.008026086584925657,-0.0018970481533324187,92.00987672906949,-3,0,0
13:01:20:785,1.2893797660678297,1.2698009773189975,92.01238946656288,-0.1345128432949367,0.01190915619349949,-0.000848442195571618,92.03018369018719,-8,1,0
13:01:20:909,1.266040300821082,1.3466487529310505,91.78174285170957,-0.1224906058694398,-0.007914484834827906,0.0015239464347035676,91.80035207886958,-7,0,0
13:01:21:032,1.322669072101465,1.360375884238701,91.7675243985944,-0.09734597751446254,-0.01853396489631839,0.0006581818341807501,91.78713749903812,-6,-1,0
13:01:21:156,1.3108150146031845,1.2680744413333533,91.8594591843149,-0.1525892062853326,0.007782259389622543,0.000587166779439166,91.87756249719561,-9,0,0
13:01:21:280,1.3249486092354863,1.3206405285744889,92.37864341813912,-0.09850496032148208,0.03967899147810356,-0.0025125668397768877,92.39758297703749,-6,2,0
13:01:21:401,1.3043816796048453,1.3117019906752405,92.17255529745316,-0.07335236600266971,0.0019819966898523608,0.00025611827816681966,92.19111629512082,-4,0,0
13:01:21:527,1.2908732596610566,1.3165553078139884,91.8454394086897,-0.10790931371757957,-0.005254689414971129,0.0015584980785526054,91.86394511355547,-6,0,0
13:01:21:645,1.3202986373508063,1.2987436137226303,91.59335987611833,-0.11075198704425067,-0.004108885915866231,-0.0010370758116254974,91.61208160969872,-6,0,0
13:01:21:770,1.3025262941389242,1.2789610004272383,91.77794955545723,-0.14837544920116538,-0.0021148194803213304,0.00041198744905719746,91.79610199018032,-9,0,0
13:01:21:895,1.2521450247431059,1.2917970167263044,91.90606979265961,-0.13691797454951088,0.005362490626140694,0.001176893317576884,91.9236763376478,-8,0,0
13:01:22:015,1.3565856026167158,1.3739191186493838,91.93815258795796,-0.0873545864303894,-0.015794917460166893,-0.0009542511828787327,91.95842473383533,-5,-1,0
13:01:22:140,1.2662816444829688,1.2882258175175874,92.03253283030449,-0.10464313994711807,0.0018260543871361458,4.5787155293418106e-05,92.05025852283711,-6,0,0
13:01:22:261,1.3051606803502025,1.2941449387822286,91.89775756082231,-0.11416680674280466,-0.011328816265552434,-0.0011580969661595512,91.91613623424226,-7,-1,0
13:01:22:391,1.3430075451436427,1.2679206010987187,91.96559225056333,-0.14584218333720347,-0.013665511380013722,-0.0022662365241269394,91.98413694715995,-8,-1,0
13:01:22:511,1.318664157596931,1.3144207389268552,91.91965236721168,-0.11244528191399968,-0.014991623871761214,-0.0014977597228500988,91.93850699434104,-6,-1,0
13:01:22:632,1.3090133226659568,1.3024634941849615,91.91897548492031,-0.11521299182294188,-0.015250358373060572,-0.0023826035080307573,91.93752216168316,-7,-1,0
13:01:22:756,1.3203154040430205,1.3145902103034077,91.92570023121009,-0.1221605577804253,0.008909780562766251,0.0010165643390023136,91.94457973793494,-7,1,0
13:01:22:876,1.3086784502611541,1.3186142746867622,92.2123405875908,-0.11565427292325635,0.028655889201957354,-0.0018088428105404596,92.23105301108424,-7,2,0
13:01:22:999,1.307882881143926,1.2677011338975932,91.70189848915061,-0.14876686742887135,-0.007216082056563724,0.0006394329285920047,91.71998588263169,-9,0,0
13:01:23:123,1.3178149555537546,1.390585749352123,92.0223387494479,-0.0719889788158961,-0.004518689816208624,-0.0010993592703902734,92.04227938236603,-4,0,0
13:01:23:247,1.300385836414394,1.2527611701405823,91.63825489259672,-0.15367410868167033,0.00535343312281554,-0.0007878150075743196,91.65604275569333,-9,0,0
13:01:23:372,1.2788522318449602,1.280655738628921,92.22766564382866,-0.11780551391515502,0.008718694819833546,-0.00021377858503544386,92.24542184987627,-7,0,0
13:01:23:491,1.3036171655083983,1.30942678445508,92.00369413085566,-0.12009053836655116,0.008122655840902453,0.0002104679247890288,92.02224595141168,-7,0,0
13:01:23:614,1.3351752312402474,1.3102107599320285,91.84476062583232,-0.13468896618978407,-0.01386816912232676,1.4519836449238206e-05,91.86380897584205,-8,-1,0
13:01:23:740,1.3165264151309035,1.2613804958082075,91.96684580080168,-0.13233154561770485,-0.004312698990127947,-0.0002854061771871214,91.98491750882519,-8,0,0
13:01:23:860,1.2858593637800786,1.281511864281075,91.93921097705659,-0.12940344999927716,0.006178753008527758,-0.001028791426609006,91.9571325240486,-7,0,0
13:01:23:985,1.2760681011470858,1.3126081311978237,91.59975043599155,-0.13535386334322996,-0.003227009416974823,0.0013906808338745777,91.6180417267297,-8,0,0
13:01:24:107,1.3457384937434351,1.3692116976008877,92.19289428730036,-0.0799089835809441,-0.01939751430281259,-0.0015104233190498281,92.21288147453006,-5,-1,0
13:01:24:230,1.3070605278670826,1.304278961981324,91.80904405675491,-0.14071516783030166,-0.0057327914330325075,1.006582308761534e-05,91.82761088827989,-8,0,0
13:01:24:353,-0.029884068933242237,3.3463533368328537,83.20931248223701,0.7213835350041072,0.09578615507320651,-0.1499575979260284,83.27657928540937,41,8,-6
13:01:24:517,1.298146058487553,1.2928579085348542,91.87296508293879,-0.1346983510998162,-0.005139665358479944,-0.0006214700258106967,91.89123123504069,-8,0,0
13:01:24:642,1.3107431795804272,1.329299132897575,91.95467539772498,-0.09712480407810795,0.0001772620700715511,-0.0016041883686740272,91.97362345459979,-6,0,0
13:01:24:788,1.2903799754259537,1.3107864817454427,91.98268130867598,-0.08893290194401712,-0.004746796374366634,-0.0009807538878837555,92.00107011559788,-5,0,0
13:01:24:925,1.3001081495418962,1.2809418081146764,91.82691418545699,-0.12717654065199793,0.00016206742255111113,-0.001102837257427825,91.84505028546482,-7,0,0
13:01:25:050,1.321331710708186,1.3400675284852532,92.08630448938213,-0.10841928139965239,0.0002107907670091802,-0.001755621578149428,92.10553280331114,-6,0,0
13:01:25:172,1.2818034825828302,1.3047375498624945,92.13218562993228,-0.11898426043758709,0.0032196748152506236,-0.0024759325166531093,92.15033906172175,-7,0,0
13:01:25:296,1.2707136335457199,1.2818192982104428,91.73759253402369,-0.11367602470209984,0.0002853577728247653,-0.002493051156431099,91.75534675314732,-7,0,0
13:01:25:419,1.328232577715389,1.321895353285634,91.80616893962436,-0.08189828083233065,-0.008005328902533831,-0.0003744684232610253,91.82529207400535,-5,0,0
13:01:25:542,1.2676184552319933,1.2849794085203012,91.89994830206288,-0.12433190816385241,0.007213290985751868,0.0006853146002652427,91.91767254750414,-7,0,0
13:01:25:668,1.2782436505428736,1.318093978068825,91.94808439449021,-0.11898018477691547,-0.0015405412494956551,0.0005765086422894554,91.96641507844843,-7,0,0
13:01:25:788,1.299194513241285,1.2681590457568093,92.02383150017612,-0.1265088379908386,-0.004716279104493691,-0.0012670844819253667,92.04173888905716,-7,0,0
13:01:25:910,1.3085521972026684,1.2992528926755451,91.91215800056537,-0.12926114937348604,-0.01335441509369115,0.00017079537022476044,91.93065405648336,-7,-1,0
13:01:26:036,1.322218843137217,1.301303491179613,91.96142880956879,-0.10833275878747174,-0.01719984642633614,-0.0008645526444925999,91.98013938966766,-6,-1,0
13:01:26:159,1.3144408387580668,1.3346715108811504,92.08552451951869,-0.08495256948912265,0.007341636992149424,-0.000660554807992761,92.10457604698819,-5,0,0
13:01:26:366,1.3584456349138,1.3027805631097353,92.11609972146337,-0.1304135528796279,-0.007132600244717768,0.0006121842742810013,92.13532677335668,-7,0,0
13:01:26:486,1.3000604901327206,1.268680682572586,92.1995123953652,-0.09114884401409339,0.004866173721472709,-0.0010805379683770694,92.21740504858852,-5,0,0
13:01:26:607,1.2944881592173425,1.2827599472473405,92.18065929502296,-0.1345152918223653,-0.0006899228012541502,-0.003960816638251503,92.19867201181219,-8,0,0
13:01:26:732,1.2688138524129298,1.2425439927250326,92.05088415141888,-0.14586957803850786,0.006844486478887037,-0.000654491996098943,92.06801332289012,-8,0,0
13:01:26:893,err,err,err,err,err,err,err,err,err,err
13:01:27:019,1.306997570646722,1.259034237468512,92.10564015452844,-0.11857308728647367,0.007793396003279334,0.001999530490919323,92.12351685718623,-7,0,0
13:01:27:139,1.2760309706632806,1.277170360261043,92.0357393164886,-0.10698422666129864,0.0017516941784959065,0.0008419821757247075,92.05344496921268,-6,0,0
13:01:27:263,1.3028090665286154,1.3126418350231488,92.02637640497674,-0.1268950007733085,0.0022765521482205685,0.001943991141843358,92.04495800575576,-7,0,0
13:01:27:387,1.2713298030655504,1.2786538714022118,91.69678006675954,-0.13622614887391366,0.00789599406170139,-0.0014011427391634084,91.71450653960193,-8,0,0
13:01:27:508,1.3157856562558827,1.2808506720873023,92.13774959115709,-0.10519156685488118,-0.010043655388508823,-0.0015918405034200467,92.15604575967963,-6,-1,0
13:01:27:637,1.3078579636790788,1.2787001886184917,92.1034075441209,-0.157343718136294,-0.002258243588534456,0.000912010064393446,92.1215677670759,-9,0,0
13:01:27:755,1.3208324859029639,1.3125307165001785,91.79222351345312,-0.13130089856221122,0.005275290368401947,-0.000698833977477284,91.8111084394547,-8,0,0
13:01:27:880,1.299130228571557,1.2579077620303492,91.79239839341022,-0.1521044824703423,-0.005839400744305377,0.0012057252000199083,91.8102089862729,-9,0,0
13:01:28:003,1.291600308594625,1.3253563084465778,91.92872756885042,-0.1304926805136246,-0.006102869391905255,-0.00017068554764136274,91.94735315999814,-7,0,0
13:01:28:125,1.2982484843731892,1.2812784681778244,91.69453463999928,-0.12316804338169109,0.0015131262965882616,0.0008423361579550845,91.7126752771187,-7,0,0
13:01:28:249,1.2922988650489633,1.3063107295101488,91.91299844878864,-0.10139029712914453,-0.00815729926488339,-0.0021461786293310685,91.93136444068294,-6,0,0
13:01:28:369,1.2637662417732491,1.2952898636952608,91.91014800726883,-0.10339130705072895,0.009831450322014244,-0.000816780240189036,91.92796194664004,-6,1,0
13:01:28:496,1.3242903909566888,1.31280237900922,92.0400856418261,-0.11729847930336328,-0.011931140663570726,-0.002757366290045035,92.05897327300906,-7,-1,0
13:01:28:621,1.3149827488041008,1.3054417512764727,91.94578528568425,-0.12291845504622688,-0.003611532559045305,-0.001062265395792146,91.96445394605884,-7,0,0
13:01:28:742,1.3280584871233134,1.2876851580288078,91.86283285168147,-0.13055473432674633,-0.014793980834951483,0.0008628130623713254,91.8814558654106,-7,-1,0
13:01:28:871,1.323037935378692,1.3154273629627726,91.93840204769846,-0.1216957239941188,-0.003493234195315683,-0.002010395974794192,91.95733004828885,-7,0,0
13:01:28:986,1.2670550448599516,1.2911597290912076,91.99699216783036,-0.13014235078905087,0.025242402686638646,0.00146611917272744,92.01477647563227,-7,1,0
13:01:29:111,1.3055019775358634,1.3311737269626105,91.90198713294558,-0.11313018319260348,0.004335975029924473,-0.0010397072379180277,91.92089859160865,-6,0,0
13:01:29:241,1.3106709632385132,1.3539494898171764,92.02667747450512,-0.10165623160998516,-0.005888326393501831,-0.0004829624160334387,92.04596897524324,-6,0,0
13:01:29:355,1.298025908462215,1.303142045659886,91.96912439337605,-0.12593142280942185,0.0042730760930253355,-0.0005515293548371494,91.98751487095672,-7,0,0
13:01:29:483,1.3277165430835516,1.3191428126865952,91.61538935211738,-0.13924150816265884,-0.011256206154689526,-0.0008319858514962322,91.63450515564048,-8,-1,0
13:01:29:607,1.2883270585153994,1.326440866692164,92.02740669996177,-0.09226471983640741,-0.0009416948119212302,0.0008968885687582579,92.04598207365004,-5,0,0
13:01:29:725,1.3031162050172935,1.3082890738500643,91.89186546694411,-0.11848954809783004,0.006598985141349101,-0.0006553897646669428,91.91041655405273,-7,0,0
13:01:29:850,1.3505292377348745,1.3472364118263582,92.03214703094108,-0.07057566368117998,-0.018045707826062633,-0.0023766213359412967,92.05191503872194,-4,-1,0
13:01:30:008,1.298503898721471,1.2719607437256208,92.00650899677653,-0.10215774859172197,0.0021754866438201056,-0.003301621647550827,92.02446247755265,-6,0,0
13:01:30:140,1.307738741211923,1.3229466296348635,92.10479067681014,-0.07893825963184599,0.01312469377288237,-0.0011157561359411094,92.12357371497885,-5,1,0
13:01:30:262,1.2793046504917638,1.2552378212127624,91.76132314586877,-0.1439523003504912,0.009165509242088818,-0.0016692633084919694,91.77882472475405,-8,1,0
13:01:30:388,1.257549829922579,1.3551772521087004,91.92137956018323,-0.09727225704281421,-0.0011495232792830014,-0.0022170175096150966,91.93996931262616,-6,0,0
13:01:30:508,1.272103121977762,1.2899420010706273,91.93297916393283,-0.11983424703409007,0.017337373644563125,-0.0025193378987804003,91.95082846105944,-7,1,0
13:01:30:631,1.3221030057289167,1.2875485016114412,92.14035938439916,-0.09836576151519189,-0.00032976531371060614,-0.002417363248260083,92.15883877842641,-6,0,0
13:01:30:751,1.2929474072636247,1.3143158546054432,92.07113568290173,-0.11655993230106126,-0.0042226457532990045,0.0017010404198147468,92.08959314223793,-7,0,0
13:01:30:872,1.3637130848694847,1.294466607072651,91.55423737339906,-0.15496001199339762,-0.010740534741171724,0.0010644462717899115,91.57354278501718,-9,-1,0
13:01:31:086,1.2938189586327802,1.309613172020306,91.75884107153648,-0.11335944146602686,0.004691621303555069,-0.001573739897912633,91.77730639406202,-6,0,0
13:01:31:206,1.3014737942473469,1.3119401538837858,91.71056341933097,-0.10947646935961435,-0.01855207667630252,-0.0018846616798067462,91.72918000121669,-6,-1,0
13:01:31:379,1.2745987870757858,1.365310022505165,92.1352428843387,-0.07295972545250662,0.018363729379918873,-0.0016483600258245074,92.15417329064188,-4,1,0
13:01:31:490,1.3178903836474762,1.3062921233890417,91.9010911707273,-0.11094733815244458,-0.004721109048288248,0.0015755730566013053,91.91982263116736,-6,0,0
13:01:31:611,1.2610110901185174,1.2881217935486073,91.90574082854639,-0.13107777451011496,0.02150592208056592,0.0013137832647932383,91.92341705990022,-8,1,0
13:01:31:778,1.3417637277369887,1.3119674319460024,91.81150290431556,-0.13212624846824012,-0.01378340200994368,-0.0019775707725816637,91.83067926348308,-8,-1,0
13:01:31:897,1.3180309850210232,1.2744168422109161,91.94629951889996,-0.14807036328945694,0.003329789120135752,0.0015351447516621772,91.96457654545281,-8,0,0
13:01:32:019,1.330000209353765,1.3254754872910495,91.89235011721694,-0.1193398881236039,-0.0006422794022971111,0.00020133862449286531,91.91153244228643,-7,0,0
13:01:32:145,1.2849074143901749,1.27915823331054,91.91369866267897,-0.1312528478836506,0.008158940018572307,0.0007780966988184122,91.93157909392808,-8,0,0
13:01:32:265,1.3426363752525985,1.3127084061799852,92.0458968702365,-0.10767082631337857,-0.0019249373251628208,0.000307448320087035,92.06504769152092,-6,0,0
13:01:32:391,1.3221641982743129,1.3131896674314494,92.0526815628713,-0.11718111948469248,-0.0008044353120314518,-0.0014796888444456942,92.07154157602245,-7,0,0
13:01:32:512,1.2924313388256832,1.2755544062946054,91.83720496795483,-0.1436996463222382,-1.8482748050499575e-05,0.0005642548627921213,91.85515572974194,-8,0,0
13:01:32:634,1.293161741478503,1.3154099425074466,91.86714607880211,-0.09029881443756113,0.015775158312529184,0.0003433010321648735,91.88566318675856,-5,1,0
13:01:32:761,1.3211009671928717,1.2658107735551785,91.89543155088144,-0.1355767985164775,-0.010872248273917785,-0.0024230084069855585,91.91364384357037,-8,-1,0
13:01:32:881,1.3415343578177266,1.3278024963334254,91.94372736314267,-0.1280491569052914,-0.010391022012429302,-0.00020952165890338699,91.96310007459722,-7,-1,0
13:01:33:007,1.2763613011245603,1.311806703137415,92.1109558734967,-0.11054805633857978,-0.0071000069341974545,-0.0011941411964654857,92.12913831642334,-6,0,0
13:01:33:127,1.3083201494049577,1.2823018279045024,91.73186900555133,-0.15345395368488104,-0.00024176497662820458,-0.00014098491608422403,91.75015962298275,-9,0,0
13:01:33:252,1.323605462631561,1.3184097944286222,91.76125462949585,-0.09428039920210185,-0.012068654161267905,5.4633979521830715e-05,91.78027014007928,-5,-1,0
13:01:33:468,1.3165556035022825,1.2901561187975548,91.94872735038749,-0.10979125124512275,-0.014150255535996989,-0.002969225071828626,91.96720221265774,-6,-1,0
13:01:33:591,1.3475544386288663,1.336553803896704,91.97659090684682,-0.09951030622073043,-0.01691673073533442,-0.0033054984824219067,91.99617140882134,-6,-1,0
13:01:33:714,1.337246002029414,1.3250013262162248,91.87663928471036,-0.129441972551142,-0.014455675446372194,0.0011391372034427567,91.89592320466237,-7,-1,0
13:01:33:833,1.3223587295431163,1.3160247563993697,92.03433331728228,-0.13385574324520771,-0.018505904265233967,-0.002803605850303216,92.0532403716766,-8,-1,0
13:01:33:948,1.2889585159611459,1.2969394494306206,91.86825849066518,-0.12011066304116678,0.0029064968254035066,-0.0008512806094196001,91.88645375733593,-7,0,0
13:01:34:071,1.2979872295593113,1.3135349932987772,92.08936205185216,-0.09797384515860771,0.004961146075376378,-0.001824129612400595,92.10787560325028,-6,0,0
13:01:34:194,1.313352442445757,1.2943976092376814,91.87564641096616,-0.1335091749781101,0.00518878875908351,-0.00037997492237763894,91.89414977702202,-8,0,0
13:01:34:317,1.2936302968554159,1.292567204408771,92.10740602625013,-0.12224837447894674,0.03392995217138259,3.288449233277453e-05,92.12555809441457,-7,2,0
13:01:34:438,1.2820567563754175,1.3404629373523307,92.02892827254385,-0.0869851821486292,0.004643818291678979,0.0010981032645544838,92.04761892306614,-5,0,0
13:01:34:564,1.3281114511377117,1.3432136086138924,91.7303045369616,-0.08619492624921211,-0.002024400629607856,-0.001788998181217814,91.74975135262616,-5,0,0
13:01:34:686,1.3155176981505696,1.3403823442573197,91.7971733232063,-0.12994374928421476,-0.0037168355791483286,0.0017727268399630933,91.81638329717481,-7,0,0
13:01:34:808,1.319468217405149,1.3417341892863308,91.9459902733662,-0.08343440332696794,-0.005589425215030789,0.0006099932755447215,91.96524547002197,-5,0,0
13:01:34:933,1.3088996443053906,1.2453373354649362,92.01830432542664,-0.13184306624849673,0.0038275910583925963,0.0006734764034743128,92.03603867119008,-8,0,0
13:01:35:057,1.3241007801486333,1.3224453532559954,91.8212244941189,-0.11088508955668949,-0.00955533475280812,0.0034033193205422916,91.84029274881324,-6,-1,0
13:01:35:181,1.2984654720768651,1.3266662732205357,92.23605690736998,-0.08780804463207824,0.0087091314562584,0.001385812586907453,92.25473564973383,-5,1,0
13:01:35:300,1.288867805162957,1.314728391842598,91.84581072004377,-0.11976256889459412,-0.004584464910805028,1.5670799288850158e-05,91.86426202711046,-7,0,0
13:01:35:423,1.2716573316370194,1.3126492469677158,91.73817045631046,-0.12919479372862128,0.00023061730839162787,-0.0011794835067620222,91.75637350661665,-7,0,0
13:01:35:551,1.300544099269416,1.3750679009993072,91.93806661189743,-0.06708136082726993,-0.005809223959821462,-0.0010080597686361909,91.95754628642607,-4,0,0
13:01:35:670,1.3086016579595194,1.2891573200901645,91.90130992804981,-0.11950386790319041,0.0016697452474298267,-0.0011618867457755652,91.91966672800018,-7,0,0
13:01:35:791,1.306108258034346,1.2576506379565824,92.12822384395966,-0.14036361878925718,0.024387104721919125,0.001314629867333669,92.14606466123008,-8,1,0
13:01:35:918,1.3033496617444276,1.3421397314883474,91.9335127986924,-0.14172047695615234,0.009659394440059671,0.0032634233726407985,91.95254664720792,-8,1,0
13:01:36:039,1.2816517331829107,1.3261173970535207,91.6917813459834,-0.12279708531582574,-0.001152390652349705,-0.0008940756296776729,91.71032649007182,-7,0,0
13:01:36:163,1.3322646008586374,1.294359715320841,91.72492984917945,-0.1392040930455248,-0.005028892415930434,6.918540747973269e-05,91.74373576368164,-8,0,0
13:01:36:285,1.3532336057973973,1.3753286589531293,92.30787697490396,-0.0481627142319971,-0.016880283539305815,-0.0025142388322408503,92.32803973726509,-3,-1,0
13:01:36:413,1.325077061808792,1.3557636864985025,92.12555749195285,-0.07331209476966434,-0.01019442751196585,-0.0020540128372508615,92.14506100489852,-4,-1,0
13:01:36:535,1.3197435191457936,1.32089346420177,92.11694716801303,-0.12104139070763069,0.007912409674016057,-0.003964590118087962,92.13586944320112,-7,0,0
13:01:36:653,1.2811235317279406,1.310314096155729,91.62352558406047,-0.13869379823259562,0.00019634248446630565,0.0012091759545122636,91.64184983394385,-8,0,0
13:01:36:784,1.3038860654928437,1.2547185854518546,91.84015194813202,-0.15666754574164773,-0.004137988449920704,-0.001768426767058267,91.85797704857451,-9,0,0
13:01:36:900,1.3004897328992335,1.3100825077561646,91.84390116970027,-0.1253342920899139,-0.006875332293870658,0.0003704972315609605,91.86245028188709,-7,0,0
13:01:37:022,1.3465043171225206,1.2897934556210973,91.99679459823348,-0.14210522627955283,-0.015710431836896778,-0.0013049494425085078,92.01568810471264,-8,-1,0
13:01:37:148,2.008034497083961,-0.806067885038768,82.77614194268358,-0.9072157310351119,-0.03177375943606512,-0.16458454177527185,82.8044178947722,-52,-6,-7
13:01:37:268,1.317246385468047,1.3394652819348072,91.8603622567603,-0.08377631365820866,0.0015970247602845164,-0.0012978942629916558,91.87957041271345,-5,0,0
13:01:37:395,1.3257564845568681,1.3422430390132272,92.04141138707513,-0.09500419243514388,-0.010800421882986038,-0.00022820380788811327,92.06074438519889,-5,-1,0
13:01:37:521,1.315839947598056,1.2955193712175468,91.98573287585238,-0.12511967098843463,0.004379584072356623,-0.0005670904029970605,92.00426543327524,-7,0,0
13:01:37:639,1.3001854838308453,1.2819353638400452,91.97593694015923,-0.10047778258544308,0.002748853555328914,-0.0001639186954018014,91.99405859396342,-6,0,0
13:01:37:768,1.3151449196527045,1.318359065586853,92.1226172845366,-0.09381552615736902,-0.010797624811451084,-0.0034449779883223256,92.14143634727378,-5,-1,0
13:01:37:884,2.05981923817709,-0.7794519103007472,82.86700743396543,-0.9080220437438022,-0.021298736000542908,-0.1658812109364705,82.89626844216401,-52,-5,-8
13:01:38:010,1.267686184781552,1.3079923526873707,91.78154432174102,-0.12563254844701882,0.01439769631830018,0.0018228657978179247,91.79961737579023,-7,1,0
13:01:38:215,1.3233878255936529,1.3220742665044762,91.88599141575807,-0.09345760508461184,-0.003188199714098865,-0.0007012947401508864,91.90503062487846,-5,0,0
13:01:38:337,1.2949905807677902,1.3213466840690888,91.93089445442313,-0.11512597082274925,-0.0017314095194880953,-0.0006764665901764939,91.94950958463053,-7,0,0
13:01:38:465,1.2883718976829388,1.3215996811861757,92.15732770896504,-0.09138487807774476,0.0007008094047192965,0.0012934228581533691,92.17580798843927,-5,0,0
13:01:38:581,1.3411634219745887,1.2668137498211642,91.88363181063653,-0.15464391465190672,-0.011014844011708626,0.0005537432504568665,91.90215085140171,-9,-1,0
13:01:38:706,1.285921501485668,1.3109181784752282,92.03366986974096,-0.10903607943933374,-0.006834284806635495,0.0009912743476244788,92.05198797566028,-6,0,0
13:01:38:831,1.252227440303662,1.2421706218632533,92.17050448547408,-0.1492662795004135,0.017016424101631636,0.0019910074759674212,92.18737960546915,-9,1,0
13:01:38:950,1.2824436285682894,1.3518224203169524,92.09045006099531,-0.07642177776288914,-0.003744465998331856,-0.0004207018445002337,92.10929962795937,-4,0,0
13:01:39:073,1.3188289637789856,1.259988848943866,91.80315929282067,-0.150029461037845,-0.00043730751497200493,-0.00014775298415193382,91.82127715229282,-9,0,0
13:01:39:201,1.2735366000072723,1.3018921920015445,92.10124434856223,-0.11098153968147155,0.010339069008967819,-0.0024903159543152604,92.11924896190112,-6,1,0
13:01:39:319,1.309756131047968,1.3244053241664901,92.04315338767913,-0.12436576221915892,0.0015098796672299707,-0.002075639870809993,92.06199865380572,-7,0,0
13:01:39:445,1.2897037380595673,1.3223345787129968,92.23662762140286,-0.09230622473558023,0.014279063073557592,-0.0014267961764191112,92.2551211556267,-5,1,0
13:01:39:568,1.3133247798217031,1.3170489988622238,91.67455431264881,-0.14237811173281054,-0.01243014257629226,0.00036537914972182314,91.69342042079953,-8,-1,0
13:01:39:696,1.283765589191447,1.258679097084487,92.07054683243366,-0.14862886318755886,0.011488764813352375,0.0015106729285602266,92.0880986945696,-9,1,0
13:01:39:809,1.2944716585181257,1.2785931657199605,92.0013348604094,-0.12406575083282283,0.015242413050382098,-0.0010238247299953183,92.01932445663418,-7,1,0
13:01:39:935,1.2863649172041822,1.2626003048226384,91.83140629189671,-0.15845022431837727,0.004908342524290735,0.00027503949438702674,91.84909403895804,-9,0,0
13:01:40:057,1.3091604796627014,1.2879275126244343,91.76400525243568,-0.11777100892182003,-0.008454966171691274,-0.0009702188139004488,91.78238021760129,-7,0,0
13:01:40:179,1.2875478523537964,1.312421265430713,91.87290800709567,-0.10330409645206927,0.011883858902549052,-0.0011997049340440233,91.89130238891121,-6,1,0
13:01:40:307,2.041488910502746,-0.8034599442525651,82.75014722171775,-0.9097120475487096,-0.025613714698015374,-0.16732824149718326,82.77922499075288,-52,-5,-8
13:01:40:426,1.265492893513697,1.3306150387031335,92.05601801426666,-0.10811471579273649,0.009174994178871625,-0.002010314737915086,92.07433117480542,-6,1,0
13:01:40:550,1.294355485817952,1.2790693056356992,91.9676268852419,-0.12270400163665288,-0.009057541131757607,-0.001303321067496941,91.98562805849267,-7,-1,0
13:01:40:673,1.3022341376221742,1.3310691817828568,91.87890838833341,-0.11275782797495186,0.006357068352660649,-0.0019155840744199183,91.89777671710914,-6,0,0
13:01:40:796,1.2808420783118621,1.2901133822846254,91.87051318521381,-0.13838593950383515,0.011046135940936907,0.0007037206637099401,91.88849842000504,-8,1,0
13:01:40:919,1.3138504153489223,1.3169331375064235,91.64780037909814,-0.1520668002130952,0.008877539835172954,-0.0018282035627045317,91.66667786131227,-9,0,0
13:01:41:040,1.283755888386568,1.2812903924505235,91.82940887214284,-0.1368434056662886,0.00546396222014002,-0.0022884498202799777,91.84731932973297,-8,0,0
13:01:41:165,1.3174197821018856,1.305762576265193,91.67380784918666,-0.12499677527744349,-0.007507735031623302,0.001047525178547772,91.69257143497201,-7,0,0
13:01:41:285,1.2997120227198613,1.3270872833222662,91.86409245896517,-0.11667141585404354,-0.005106091691301505,0.0009934889428409952,91.88287052170747,-7,0,0
13:01:41:411,1.329191069782523,1.3238681300031108,91.73454419366017,-0.11704163612738741,-0.002643596018927829,-0.0008753703676588485,91.75372457913748,-7,0,0
13:01:41:535,1.3400588123123887,1.3840217023780277,92.13474643171591,-0.09139169844043646,0.000455267180555822,-0.0013834060282930753,92.15488469815205,-5,0,0
13:01:41:656,1.32354202868266,1.2601803916280334,91.81847754116092,-0.1397994171084517,-0.010259581205406121,0.002707322927914995,91.8366628101098,-8,-1,0
13:01:41:784,1.323368940727808,1.2927160542886678,91.97324129506649,-0.11786179923721493,-0.00336481807176504,-0.0018993384920484692,91.99184493459636,-7,0,0
13:01:41:902,1.313262340359653,1.3230256894436152,91.92295754567299,-0.08363213967008758,-0.011347406574266175,-0.0033443516640974873,91.94185759975232,-5,-1,0
13:01:42:025,1.2961511982744942,1.3075011881868472,92.02075620809325,-0.13294474129297973,-0.0022956996243110993,-0.001191212150829426,92.03917177156274,-8,0,0
13:01:42:148,1.3354007794050191,1.2777747833887196,91.64575259791623,-0.12566855771893493,-0.01707399519875699,-0.0005598236129348873,91.66438770251602,-7,-1,0
13:01:42:270,1.3058838818797278,1.27253075586624,91.88162579812621,-0.13797920547522569,0.011315867262159694,-0.0010941422564489907,91.89971613962946,-8,1,0
13:01:42:395,1.2781002992044814,1.277759695205076,91.95911132056733,-0.13428950531748682,0.013001920871973447,-0.0012690073877123197,91.97686864142534,-8,1,0
13:01:42:515,1.271368300897243,1.2686127058675267,91.89613942371311,-0.12245543203782007,0.0031755921762220713,-0.0004222000427557088,91.91368884195941,-7,0,0
13:01:42:639,1.3409895262921956,1.3004627728603804,91.99993265558211,-0.11039358961108005,-0.008593024629072821,0.0007123748415955775,92.01889515183751,-6,0,0
13:01:42:763,1.3501999115349086,1.3024834641113763,92.15284940880743,-0.1222407168210796,-0.0002866631421344095,-0.0006463372701942314,92.17194343799925,-7,0,0
13:01:42:927,1.3326288304402447,1.3781145646680497,92.06532406796775,-0.07667067275171323,-0.0005593195794289296,-6.816848715618653e-05,92.08528109906052,-4,0,0
13:01:43:048,1.3480381080675832,1.2438717655191525,93.3862461609792,-0.16172950618833307,0.007629282994381705,-0.0018684123863987013,93.40425791016628,-9,0,0
13:01:43:174,1.5102710200599625,1.2609063153522502,100.26474009211694,-0.1049030612993893,-0.0014671970519155226,-0.00626980626017572,100.28404114827987,-6,0,0
13:01:43:294,1.67717322252033,1.601285590580999,111.91326940159968,0.05894196468311324,0.006878045512550849,-0.0020657153458965767,111.93729000523449,3,0,0
13:01:43:461,1.923395151713426,1.6065576958722319,123.09842195269967,-0.07205659845189177,-0.0046716401470670915,-0.0015772725140901656,123.12392928990161,-4,0,0
13:01:43:583,2.01145781748571,1.5783217927201194,127.79204948139981,-0.1896069367145334,-0.024359169038230453,0.0029906619420074034,127.81762387436811,-11,-1,0
13:01:43:706,1.9796677262308628,1.5869794389093466,128.49208976978545,-0.17622350834346664,0.015161014305216845,0.0034359243848474733,128.51713785115354,-10,1,0
13:01:43:829,1.9722569743582001,1.5658313614364918,128.4461297306944,-0.16763007082268702,0.0041491609098147746,-0.0003073356525825883,128.47081329321355,-10,0,0
13:01:43:952,2.002524265678946,1.582447212741975,128.55626849359578,-0.21066804516095822,0.0009321644296743773,0.0018183224868353806,128.58160215059243,-12,0,0
13:01:44:076,2.0082699611032124,1.5652783142327824,128.86690187879677,-0.18317272879041077,0.001883622640525453,0.003336360502856725,128.89205423251315,-10,0,0
13:01:44:198,2.01222555393734,1.6212180614266807,128.35570180358698,-0.17783181075867516,0.0005751981639863514,0.0013190242172021215,128.3817104776765,-10,0,0
13:01:44:320,1.9833736498372232,1.5938104825831352,128.78784325751212,-0.17467327927587883,0.013641918367087821,0.0006683085530080506,128.81297517645794,-10,1,0
13:01:44:444,2.0529414602950182,1.5694351117536207,128.53768959558667,-0.18707920264187133,-0.017432429207267803,0.00010183319456381214,128.5636626025441,-11,-1,0
13:01:44:570,1.9891377140290156,1.5849784730892256,128.54318448727707,-0.1820473777548052,-0.014507482722145713,0.0013155352054403755,128.56834409657642,-10,-1,0
13:01:44:692,1.9885176901235717,1.5738483328529282,128.25637037970216,-0.21587140899241197,-0.004161435378669384,0.0012636428927573686,128.28143959339596,-12,0,0
13:01:44:812,1.9902511454250884,1.6101265096923683,128.38135726210456,-0.1990568719334745,-0.003466608052351659,0.0009923385938168544,128.40687870772035,-11,0,0
13:01:44:936,1.9902483357072907,1.593087220073124,128.41775384805342,-0.18532640760008473,-0.0018511170988904934,0.001396115001766707,128.44305554878312,-11,0,0
13:01:45:060,2.0119905372385514,1.5672708051381046,128.26862155318807,-0.20475433914441202,-0.0007220901701275431,0.0018238605105270348,128.29397382127328,-12,0,0
13:01:45:181,1.9771494867053054,1.5551789180629596,128.48685006034864,-0.18821708554523395,-0.00183669838244458,-0.00018263342486392578,128.51147162798534,-11,0,0
13:01:45:310,2.045308180906122,1.5825166849495185,128.75697288664892,-0.17109711090584231,0.0008241222838353764,0.0032679718113187237,128.78294029702175,-10,0,0
13:01:45:430,1.9877699487911844,1.5658775148444541,128.4431554318854,-0.16746719829775567,0.0002756591954473085,-0.0002386237739678723,128.46807922227327,-10,0,0
13:01:45:552,1.9852540869559845,1.5761608831263925,128.17686934136503,-0.1846455408916317,0.0004946127722297223,0.0022631852081249765,128.20193193190434,-11,0,0
13:01:45:674,2.0358589513722234,1.5500553034229467,127.9507613037436,-0.20179407032696556,-0.0043923539827732255,0.002770001942582752,127.97634434269922,-12,0,0
13:01:45:797,1.995899930118832,1.5751456137600979,128.16647656741463,-0.1860971741044941,0.0016084694478548682,0.0009647051997884081,128.19169402087343,-11,0,0
13:01:45:923,2.002506623682748,1.5686122453390559,128.32103189966443,-0.18101938678599616,-0.0027143613842744215,0.002292021745448964,128.3462418808935,-10,0,0
13:01:46:043,1.9726806475698186,1.604381968664726,126.55149822132628,-0.18666900309645834,-0.016068248803251983,0.0012281052527346997,126.57704062151645,-11,-1,0
13:01:46:167,1.8632283831202305,1.514468582067824,120.30312425065625,-0.16191845010114791,0.002293480187911557,0.0002899160695110684,120.32708315072951,-9,0,0
13:01:46:291,1.7839990159708403,1.5058676459525817,116.89800228040832,-0.13755521267418477,-0.016715160949701616,0.0020622978004239735,116.92131211633942,-8,-1,0
13:01:46:410,1.822921231257021,1.5881235931460678,117.25925860475289,-0.06399776427680755,-0.0153429994203353,0.0005235733537297831,117.28418012203858,-4,-1,0
13:01:46:578,1.8054336040265881,1.4909219834884522,117.4027354917396,-0.14101094827628008,-0.00810031248533311,0.0004295491373652868,117.42608202525865,-8,0,0
13:01:46:699,1.8378902780910813,1.5379638063107415,118.73330491572341,-0.146859153032489,-0.008861254517896685,0.0009796028557283367,118.75748763574435,-8,-1,0
13:01:46:820,1.8843655577801353,1.5256708557868313,121.63991975629418,-0.13093507544199667,-0.012260809119901716,0.00035635957353217053,121.6640809090063,-8,-1,0
13:01:46:946,1.9300740426461653,1.539773401849632,122.3199367513754,-0.14935985800644053,0.0008541816496762947,-0.0007890905858826127,122.34485283329093,-9,0,0
13:01:47:070,1.9242958095533544,1.5183708943944665,122.27635739179989,-0.16348645084998586,-0.007248649353343077,-0.0004223477672424843,122.30092371500218,-9,0,0
13:01:47:196,1.8810691491750422,1.5419095027420036,122.3387997342687,-0.1464868985467002,0.002623678242788041,-0.0008675078886392719,122.36297571765787,-8,0,0
13:01:47:313,1.9318709596026271,1.489827916353209,121.69117492021947,-0.19178885017799158,0.0013309971206332003,3.867524250187526e-05,121.71562663063585,-11,0,0
13:01:47:435,1.89727934109856,1.533675227635948,121.77960255505258,-0.18053030914701895,-0.013131171117739782,-0.0005825434606000773,121.80403699002999,-10,-1,0
13:01:47:561,1.8938245179919562,1.597950554505393,122.57529562464096,-0.06947209874748211,0.006531852999081388,-0.0015446171031936369,122.60033896669175,-4,0,0
13:01:47:683,1.884681771578196,1.576211608532582,122.53762368278801,-0.11782791055354629,0.0026652204768764062,-0.0007624347048970113,122.56225228935523,-7,0,0
13:01:47:809,1.8535979504803866,1.517485910567215,122.22849937549543,-0.16285816747426762,0.020255267005741876,0.00032642528176407256,122.25197196134009,-9,1,0
13:01:47:928,1.9376748386249036,1.5566037802708124,122.00575899032455,-0.15055153919850575,0.0013632458388578277,0.00023975524438178586,122.03107319823977,-9,0,0
13:01:48:050,1.8970276303689404,1.5465224362253127,122.24283959026647,-0.15512948882661537,0.012349623006396394,0.0010791855154261459,122.26733936979143,-9,1,0
13:01:48:174,1.914785838916929,1.5395903652509655,122.3220083988565,-0.1497039610633138,0.00491537789035346,-0.0008590368350381341,122.34668153256797,-9,0,0
13:01:48:297,1.9106336770346655,1.5373332070584886,122.13578585363305,-0.1475344622224338,-0.006933327569809412,7.693257135837493e-05,122.16040316126112,-8,0,0
13:01:48:423,1.9023907413723196,1.5605289845707655,122.38204684423017,-0.13727317525906332,-0.006707300557428433,0.00012538005524492807,122.40677975924329,-8,0,0
13:01:48:543,1.9148301428115442,1.5438108459604327,122.42144680427505,-0.16540472331463435,0.0077020358373345935,0.00021733593530443338,122.4461537332058,-9,0,0
13:01:48:690,1.865959607090895,1.5597791645951402,122.17001625215437,-0.15069622487322595,0.005632202100296896,0.0013805290652274395,122.19422076084147,-9,0,0
13:01:48:832,1.8923396854515306,1.546171421156616,122.23344995381505,-0.15545689712403402,0.0008863392538699302,-0.0010476742270794516,122.25787452414076,-9,0,0
13:01:48:954,1.8966114746559157,1.5714454543831016,122.5624747999404,-0.12603450883470113,0.0037304394735492878,6.790008022915254e-06,122.5872212140724,-7,0,0
13:01:49:076,1.9094372880214698,1.5277888680594693,122.16598531170655,-0.16376986119904133,-0.006934746528927018,-0.0014440385089066513,122.19045812485668,-9,0,0
13:01:49:202,1.911221286807147,1.5422621865883264,122.07054294484442,-0.15639292797827772,0.003937777810353558,-0.0016287110589301365,122.0952447653406,-9,0,0
13:01:49:323,1.8930886564515448,1.549809906237399,122.2160026588287,-0.14885242711041724,0.0025964547369208618,0.0016627128964787385,122.2404883878884,-9,0,0
13:01:49:489,1.8909641365164533,1.5349547430672368,122.04464481947898,-0.16737574484860354,0.0010981858661489813,0.0009524364601091051,122.06894429191084,-10,0,0
13:01:49:617,1.8494931745708418,1.5824259855400633,122.26461501519043,-0.13699829257805113,0.011294394028720081,-0.00022825224394667492,122.28884160795386,-8,1,0
13:01:49:731,1.8900021567645229,1.5174368818261148,122.03122585214452,-0.17649642476900718,0.00023696873263409857,-0.000598004567461044,122.0552940507703,-10,0,0
13:01:49:857,1.8684469888155661,1.5535760005008756,122.58972949605317,-0.15511848568903155,-0.005651777839209118,0.00022376067442773318,122.613810276228,-9,0,0
13:01:49:978,1.8684469888155661,1.5535760005008756,122.58972949605317,-0.15511848568903155,-0.005651777839209118,0.00022376067442773318,122.613810276228,-9,0,0
13:01:50:104,1.8894897823651349,1.5620649698347011,122.47819921109158,-0.1379221580470996,-0.017516953272152223,0.00048157990456921916,122.50273262502955,-8,-1,0
13:01:50:224,1.8668726381295244,1.572154779108997,122.30788212977639,-0.13552285044016954,0.005533095322950516,-0.00035603109450123326,122.33223171007609,-8,0,0
13:01:50:346,1.870706116520695,1.5749899610250848,122.05637723930144,-0.14177629257486918,-0.003180834039792203,0.00020989276452005866,122.08087220991821,-8,0,0
13:01:50:472,1.8804156635271216,1.5117587829732615,122.1380376663068,-0.1696573089686757,0.016042078219727432,0.0011194706836907809,122.16186648321036,-10,1,0
13:01:50:594,1.894980875173912,1.528406418241063,121.88979593962475,-0.19337153877328747,0.006654772418074524,5.73458809775847e-05,121.91410637370869,-11,0,0
13:01:50:718,1.8704173366917507,1.5315152058789523,122.17646646326625,-0.17783514592573035,0.012570310312517258,-0.0003116284217196367,122.20038034838049,-10,1,0
13:01:50:840,1.8976306986368792,1.5548814266755855,121.97944180551696,-0.15238508515635799,-0.010851231424106246,-0.0022091194121787935,122.0041101016885,-9,-1,0
13:01:50:961,1.8621661416435302,1.5418450277142515,122.24137257517376,-0.16285436891872693,-0.004498801039001701,0.00010491197328100459,122.26527764615355,-9,0,0
13:01:51:129,1.8923837384608195,1.5716460484251749,121.99103860855648,-0.16422024176723762,-0.017510971722981456,-0.000746825672154264,122.01583785849049,-9,-1,0
13:01:51:250,1.878787455103787,1.556225373699158,122.14041245177417,-0.15545962912197966,0.0027834032931199114,-1.1833081087669689e-05,122.16477411105343,-9,0,0
13:01:51:372,1.8582539113626908,1.5579981455566805,122.48239159621089,-0.1450253478919871,0.0034711053728899086,-0.0013026867937777143,122.50639459615242,-8,0,0
13:01:51:497,1.879422859964784,1.549212468230839,122.48135214387027,-0.13931778520908716,0.00567921919060033,-0.0023804683539325024,122.50556686350639,-8,0,0
13:01:51:619,1.8957677938923678,1.549833558777487,122.29081714207963,-0.13225503800347763,-0.0013851742983899131,-0.0008895059920489743,122.31532968874274,-8,0,0
13:01:51:745,1.9045054647095059,1.5699360216171103,122.39961291762421,-0.1231543909887373,0.004174231863183451,-0.0012194060368616363,122.42449543519189,-7,0,0
13:01:51:864,1.896701281580666,1.5813378179221245,122.39202939373916,-0.123813505551907,-0.0151226972875595,-0.0016478012873958395,122.41693904098342,-7,-1,0
13:01:51:988,1.9132998307026072,1.5675761713782546,122.37808875357845,-0.12610020508014236,-0.004739432854514786,0.0007613366890212192,122.40308255217253,-7,0,0
13:01:52:152,1.8957677938923678,1.549833558777487,122.29081714207963,-0.13225503800347763,-0.0013851742983899131,-0.0008895059920489743,122.31532968874274,-8,0,0
13:01:52:274,1.8893631971720777,1.5491059994600593,122.25617614949915,-0.15168222846711577,-0.009174126471980421,-0.001139529392659323,122.28058729571819,-9,-1,0
13:01:52:399,1.868319196170871,1.5606036987211773,122.17342768171443,-0.1495144744208749,0.0017385074114579235,0.00041053134898518066,122.19767809587198,-9,0,0
13:01:52:523,1.865959607090895,1.5597791645951402,122.17001625215437,-0.15069622487322595,0.005632202100296896,0.0013805290652274395,122.19422076084147,-9,0,0
13:01:52:648,1.894400026112921,1.5591794770801928,122.30189633517168,-0.15577571249099162,-0.01348084726669656,1.924929897219254e-05,122.32650423877797,-9,-1,0
13:01:52:770,1.8904383448905753,1.5315838247338192,121.97138220995495,-0.17085101972358446,-0.001881720956219407,-0.0011167682268443915,121.99564575981773,-10,0,0
13:01:52:891,1.9069732946723579,1.5377358031233517,122.35013382364227,-0.15374556016317084,-0.001363003723957068,-0.002504452366811763,122.37465597585953,-9,0,0
13:01:53:016,1.8697821931439655,1.501422960792896,122.18496596439694,-0.18876577930344512,0.014044672943770957,0.00025783083661192347,122.20849505692242,-11,1,0
13:01:53:135,1.8912385909062617,1.5804283748658627,121.96771971504236,-0.1491537102904165,-0.0003617279537453426,0.000840355144893525,121.9926194068434,-9,0,0
13:01:53:260,1.8905485362649608,1.5303562158040218,122.14829500798992,-0.17887304565782733,-0.009683232986956117,0.0026108825230627933,122.17250974451723,-10,-1,0
13:01:53:383,1.8986337806245197,1.5384797685734206,122.11949460929765,-0.16447875565660824,-0.009184946042181036,-0.0016538460741035467,122.14394251808608,-9,-1,0
13:01:53:507,1.9162982634687444,1.5489885463316033,122.47946963036807,-0.1398731093839773,-0.006165149328868228,0.0011615486426395309,122.50425317305312,-8,0,0
13:01:53:632,1.8980748723614895,1.6652418642816844,124.36545315652326,0.05528805033931697,0.020514892123691366,-0.0005369203749465486,124.39108351290709,3,1,0
13:01:53:753,3.046495551623048,3.473519605637993,121.54965116636806,0.7335988224901132,-0.06061033920565034,0.1354798880150317,121.63742915839093,42,-6,6
13:01:53:967,2.5090522096175913,1.9770397594357383,156.7974650852498,0.09766750836072667,0.006629782886468249,-0.0012447643128936025,156.83000059415005,6,0,0
13:01:54:081,2.8196303379513123,2.047543078119308,169.47677699891366,0.028776624593185123,0.01864313123288075,0.0010974155755628329,169.5125974370016,2,1,0
13:01:54:200,2.935212423604167,2.0088124172531496,175.36678802770268,-0.10333621864866914,0.01735431870251197,0.0019354317257037558,175.40285386062735,-6,1,0
13:01:54:336,err,err,err,err,err,err,err,err,err,err
13:01:54:452,2.9251919706052063,1.9786748715683167,175.0843176029631,-0.12230552758853938,0.026416993709401686,0.0018161755413246153,175.1199308268694,-7,2,0
13:01:54:576,2.934748023583789,1.991808426160499,174.45636336127677,-0.14856042173425876,0.017921243422276564,-0.00017837229648057633,174.4924146317263,-9,1,0
13:01:54:698,3.5569161440773907,-0.06092451968840812,158.0374528727521,-0.8847687548101016,-0.011631745003551698,-0.15778814900557733,158.07748693207532,-51,-4,-8
13:01:54:831,2.8699704269933908,1.9471981997969736,173.7857564516595,-0.07053650762634471,-0.004682424038616575,0.0004221621184383249,173.82035972968362,-4,0,0
13:01:54:944,2.8865952675028947,1.8760749190045112,173.4469355079557,-0.10231999041056754,0.014516665557232,0.0004932640250502653,173.48109847023977,-6,1,0
13:01:55:104,2.861029821318919,1.9723164880179045,173.07958029501543,-0.1835231381847145,0.01742862479614869,-0.00010144109277985152,173.1144610916895,-11,1,0
13:01:55:230,err,err,err,err,err,err,err,err,err,err
13:01:55:490,err,err,err,err,err,err,err,err,err,err
13:01:55:609,2.9032793727280115,2.006694749294544,173.13634319619234,-0.1414452034744563,0.00900974265718997,0.0029304671611809167,173.1723106916422,-8,1,0
13:01:55:740,2.9223406552318476,1.990090204888371,173.60959388741705,-0.08165108173745594,-0.011587877417474976,0.0006936306317198611,173.6455920076369,-5,-1,0
13:01:55:855,2.911247618856386,1.9851370831248416,173.59211070120804,-0.13034198518171194,-0.023970033677366123,0.0007250186967287419,173.62786939209258,-7,-1,0
13:01:56:031,2.8549733129177426,1.9473461253310096,171.72300203439906,-0.14699569776645566,-0.007946632264943881,0.0019071407646713077,171.7577726254493,-8,0,0
13:01:56:171,3.4489694163127687,-0.0222646844822663,154.62155158144643,-0.8849529680655,-0.02373164270459095,-0.15630628194420879,154.66001454546915,-50,-5,-7
13:01:56:293,2.8509999786910987,1.9416601222085212,170.39555474024846,-0.14782880711683463,0.019417683534087436,0.002272655335784742,170.4304647653866,-8,1,0
13:01:56:419,2.8926530716903116,2.0307236708453984,171.35577020859304,0.06310966493959791,0.007457054328630157,0.0020327955829674794,171.39221471292282,4,0,0
13:01:56:540,2.8821888562942846,1.999577234365901,172.55650032646685,-0.0614758055885216,0.026445056457936187,0.0008344473715599911,172.5921525638912,-4,2,0
13:01:56:671,2.8583630854802884,1.981435412456964,172.29714302944916,-0.1283404302314402,0.0019286039886835726,0.0010785713023799789,172.33224254889925,-7,0,0
13:01:56:788,2.8487041534178825,1.9973727400887382,172.4433226095139,-0.09788305496179962,0.023119007932218678,0.0012578099969242622,172.47841640572145,-6,1,0
13:01:56:909,2.8829034648935936,1.973797231821135,172.7810720521293,-0.08764425434306027,0.004998083256948161,0.002183446021440898,172.8163935145718,-5,0,0
13:01:57:034,2.879249003029958,2.035186714038091,173.2841698012461,-0.04771312960159746,-0.007248736382115258,-0.001512744744723823,173.32003797452137,-3,0,0
13:01:57:200,2.867893226183466,2.0438154098984556,172.79989002172098,0.015955780344152227,-2.6501914164484294e-05,-0.0013513825640881854,172.8357717155375,1,0,0
13:01:57:340,2.8445267006093498,1.9733447788221525,172.84197370857555,-0.1289046318703145,0.012445194570685542,0.0014776906446865167,172.87664184973778,-7,1,0
13:01:57:445,2.8841452772808283,1.990374002739308,172.5991359630342,-0.08214018762200198,-0.002894400125495285,0.0014970843857761227,172.63470571654244,-5,0,0
13:01:57:604,3.7473540246736032,3.694579225300631,155.7238556831422,0.7456454615569627,-0.054869345712564514,0.13518869442556428,155.8127459698415,43,-6,6
13:01:57:731,3.754154059233793,3.672422009539538,156.22113955072103,0.7400815866764564,-0.04785670182707195,0.13582132159710622,156.30938806943897,42,-5,6
13:01:57:852,2.8566092606852984,1.9903007011666154,172.78026981764214,-0.12666925699941567,0.021357966119092252,0.0031311504887999724,172.81534408612714,-7,1,0
13:01:57:972,2.8770973570526843,2.100940065881139,172.3751988119821,0.06920070278342838,-0.02317948226239122,-0.0007681527294717813,172.412008873607,4,-1,0
13:01:58:098,2.884111016798689,2.0300559211797506,173.12709632452294,-0.0883199168909208,0.010019654870998786,0.0003949492495991543,173.16301771787468,-5,1,0
13:01:58:224,2.867699721738025,1.965262127597745,172.8329419714041,-0.10853078457545985,-0.025586789853597726,0.002312263339904154,172.86790271017625,-6,-1,0
13:01:58:343,2.871058473963734,1.9904443467160862,172.63506388371775,-0.1611918197733899,0.02160021504336394,0.003486953812040749,172.67040895183402,-9,1,0
13:01:58:470,2.8908221142992647,1.9602912380832616,172.46465432259782,-0.1058431684397786,0.009283005450756278,0.0010193211096722605,172.50001908651427,-6,1,0
13:01:58:590,3.4456273063201257,0.01946165166119439,155.94669602477182,-0.8878998717046259,-0.018986843893406817,-0.16058858615508592,155.9847579968393,-51,-5,-8
13:01:58:721,2.8133577765299584,1.9549242643334264,172.49262139788937,-0.11904323540731516,0.0010281100394937065,0.003321066525350171,172.5266389505506,-7,0,0
13:01:58:837,2.872715517203066,2.0065629992113303,172.9469510432581,-0.09603636959655798,-0.0037377493672475703,0.0008590313907836322,172.9824461171471,-6,0,0
13:01:58:959,2.865556235435601,1.9906451827558107,173.0516337136875,-0.061603552251050006,-0.016481790266129934,0.0006038256680888132,173.08680484588746,-4,-1,0
13:01:59:082,2.8153485931112114,2.016896752830429,172.80254660664093,-0.1051908235017248,-0.00011418411116233448,-0.0016052183600932968,172.8372476463121,-6,0,0
13:01:59:204,2.8353088357069347,1.9557592990752235,172.8854828064965,-0.13185677374095256,-0.00032834221477017714,0.0009565745349307213,172.91979104736726,-8,0,0
13:01:59:333,2.8583630854802884,1.981435412456964,172.29714302944916,-0.1283404302314402,0.0019286039886835726,0.0010785713023799789,172.33224254889925,-7,0,0
13:01:59:452,2.8447780909605136,1.9900082746084098,172.60998776190826,-0.08328663883477527,0.009054388966414985,0.003421946111442124,172.6448978987967,-5,1,0
13:01:59:606,2.854366766879245,2.0988555253522816,172.6091084646879,0.029425072047593467,-0.03758200526152059,-0.0025281879364127974,172.64546599644763,2,-2,0
13:01:59:740,2.879112658244931,2.007536511212286,173.4351650192625,-0.07449191359216863,-0.0007698439207378141,0.0006833419754615185,173.47067751583128,-4,0,0
13:01:59:863,2.8707419291783576,2.013917448389034,173.16728266834903,-0.0525421440117499,-0.02455418855613265,-0.0017062310842811718,173.20278522429356,-3,-1,0
13:01:59:990,2.83405435671684,1.9942177861611392,172.628724796878,-0.11167646897300805,-0.0048706452549127435,0.0008273751933113052,172.66350336325192,-6,0,0
13:02:00:107,2.8892959528292312,1.992679522416493,173.0172513329153,-0.05636863932958721,-0.02828621457841761,0.0007111048981594627,173.05284759742983,-3,-2,0
13:02:00:229,2.878448447625786,1.9865806621171282,172.6181925301927,-0.1286636310768596,0.005774453290299097,0.0013978002960837578,172.65361959884711,-7,0,0
13:02:00:393,2.854009950494985,1.9715586472631232,172.29370001678296,-0.11234324403730768,-0.019487411475178747,0.0006930542875800005,172.3286148083664,-6,-1,0
13:02:00:514,2.861932779762148,1.9864347805484373,173.1605009654822,-0.11090342708679318,-0.010854650493867607,-0.0007071109788040201,173.19554173531725,-6,-1,0
13:02:00:640,3.494935992256701,-0.009171826688622845,156.01008475295234,-0.8902806852523121,-0.02119877004294996,-0.15821368707400235,156.04922686875366,-51,-5,-7
13:02:00:760,2.808834202534066,1.9674788806469732,172.01103364569408,-0.1503847143339551,0.022506864944569823,0.00223864992476938,172.04521562247297,-9,1,0
13:02:00:885,2.8444858801082757,1.9575005299875643,171.82372253357428,-0.16727802284596502,0.014730532305400874,0.0032128637018886534,171.85841420640935,-10,1,0
13:02:01:009,2.8438052439019037,2.015631903022468,172.4508851492267,-0.05961164814942234,0.002166388306471813,-0.00019409384208457948,172.48610897398524,-3,0,0
13:02:01:136,2.8585814602373656,1.959961579133362,172.4096576676947,-0.14382488234268634,-0.025420727831969896,0.0008919161128971961,172.44449250250983,-8,-1,0
13:02:01:263,2.8321571150073117,1.9698829462057372,172.20163180727303,-0.1520065748330553,0.01772549896666459,0.003023581219609892,172.23618536716802,-9,1,0
13:02:01:377,2.8730550371357864,2.029994223977942,172.3213038402026,0.03514843827949866,-0.041691418807718636,0.0023644435789131188,172.3572077952739,2,-2,0
13:02:01:499,2.863547911053283,1.938928736345817,171.85672373677295,-0.17356091653694136,0.012877499852616953,0.004257372561050956,171.8915147551531,-10,1,0
13:02:01:625,2.843581901001137,1.9821386492450603,172.71379751494564,-0.14334187193348868,0.04013449737981808,0.0016316993022740226,172.74857650263337,-8,2,0
13:02:01:747,2.827468326818276,1.9560627563599942,171.65246538989174,-0.1639012589018622,0.01107903470143508,0.003778358224132504,171.68689417970717,-9,1,0
13:02:01:873,2.8531674800822358,2.054957973203783,172.37442522837742,0.048016975384576374,-0.013707644429852043,-0.0014919079802149543,172.41028359629397,3,-1,0
13:02:01:991,2.825334801145266,1.9804775967052584,172.37457491576785,-0.13374072200829443,0.004087479392315723,0.002142264393323241,172.40910325629932,-8,0,0
13:02:02:162,2.8558610164723053,1.994955845206677,172.61886901717543,-0.10970767586078595,-0.01336957821409649,0.0009176466282773675,172.6540174213693,-6,-1,0
13:02:02:285,3.7835315591054584,3.693049682266457,155.8180213972387,0.7387161026597107,-0.058152441914255754,0.1361424193721933,155.90769550976236,42,-6,6
13:02:02:401,2.8818746226199687,1.9527232072319831,173.0125160030081,-0.10492285918289673,0.013278841563035335,0.002548846720975934,173.04753399848175,-6,1,0
13:02:02:526,2.8503023744184977,1.9686388631200578,172.02734412499603,-0.14821342296990164,0.006833656922470476,0.0002924152681828233,172.0622180761913,-8,0,0
13:02:02:649,2.8518883017736263,1.9815417908519064,172.52422470879446,-0.09869806378727433,-0.037709204677055096,0.0006061670044784727,172.5591721298097,-6,-2,0
13:02:02:771,2.832975962520697,1.9501325069421522,172.98430781570633,-0.10967501360685247,0.00921647970444452,0.002620647525326415,173.01849473416965,-6,1,0
13:02:02:896,2.8841452772808283,1.990374002739308,172.5991359630342,-0.08214018762200198,-0.002894400125495285,0.0014970843857761227,172.63470571654244,-5,0,0
13:02:03:015,2.915893514535217,1.9896072415467458,172.79116111445097,-0.05542449821342737,-0.04894111127391712,0.0018471490670882718,172.8272152505035,-3,-3,0
13:02:03:153,2.874561021274779,1.9788018836637182,172.88603757143113,-0.11801904722713279,-0.008947158597148966,0.0012875922059084725,172.92125590889665,-7,-1,0
13:02:03:262,2.872735161528517,2.0062293707372567,173.0179955663577,-0.09924973009114418,-0.003642547934825653,-0.00022103253456989027,173.0534725262584,-6,0,0
13:02:03:384,2.859751019302374,2.068404538253294,173.21041910056118,-0.013675432716244856,-0.002242035978903879,-3.4461184968379863e-06,173.2463730016254,-1,0,0
13:02:03:510,2.8535212574846764,1.9868113876571718,172.63187745574422,-0.09075319499266556,-0.011708809750684208,-0.0015226623891147005,172.66689062165952,-5,-1,0
13:02:03:633,2.8671574925884746,1.9905801433609205,172.51278527623407,-0.07880122288009116,-0.03322255616068776,0.0014809960995644763,172.54809209364933,-5,-2,0
13:02:03:756,2.8144902454640737,1.974549777273314,172.35755046393783,-0.1079881891190964,-0.005364312387410297,0.002579609623383739,172.39183682556902,-6,0,0
13:02:03:879,2.8589888173691467,1.999731269577477,172.58982847286973,-0.13665677930210351,-0.019459325180708864,0.0017863746784786236,172.62508981750875,-8,-1,0
13:02:04:001,2.839734616919241,1.943366127874474,172.1612723663465,-0.13325868285312692,0.0023616599632822802,0.002203794769899188,172.19565751609662,-8,0,0
13:02:04:122,2.83469636767566,1.9554231254863979,172.48634912743645,-0.11773241648816918,-0.006669913316437718,0.003409267563003413,172.52072286658347,-7,0,0
13:02:04:252,2.838958467910985,1.9600454718477482,172.5208615552211,-0.10862489702385444,-0.014740500953655849,0.002007915865728336,172.55535093178074,-6,-1,0
13:02:04:368,err,err,err,err,err,err,err,err,err,err
13:02:04:523,2.839489142720273,1.9689552890859272,172.11179612187414,-0.15108207520510003,0.029800052456562257,0.0014587642257076988,172.1464778838638,-9,2,0
13:02:04:662,2.8551986905330256,2.0247712806597664,172.73048208348428,-0.12291599719428543,-0.010496091177614863,0.00031391738770065347,172.76594368999432,-7,-1,0
13:02:04:782,2.893541884801331,1.974740800069308,172.8605538873492,-0.12637895418462733,0.01601416500241882,0.00143025555457223,172.89604760117484,-7,1,0
13:02:04:901,3.800704924452332,3.6567222428385806,156.0346776105253,0.7471507291809418,-0.05551353217117848,0.1346420925728811,156.12378932278256,43,-6,6
13:02:05:027,2.8230147929934697,1.9724710010239925,172.83102086029555,-0.13050541379512431,0.02000454151505194,0.0013957776118295694,172.86532858263757,-7,1,0
13:02:05:150,2.834553381795487,1.9856597057187326,172.5221559995638,-0.12696630162874814,0.017163644576904617,-0.0010869707619847715,172.5568655489517,-7,1,0
13:02:05:273,2.915751145011136,2.006508482718401,172.9539376793698,-0.026821175085743887,-0.01842109031776324,-0.0005860448070843974,172.99015070179627,-2,-1,0
13:02:05:397,2.846182048141709,1.9772541074545156,172.28920911858046,-0.09939450526919785,-0.004893715909530231,0.0014843886392956174,172.3240606089659,-6,0,0
13:02:05:517,2.849437577709321,1.9627331543194546,172.7036113202074,-0.10928982830490319,-0.028197251228038962,0.0013093764560943024,172.73826726867904,-6,-2,0
13:02:05:643,2.8727728973270583,1.9449393711920606,172.0914445355535,-0.1267669931346329,0.0003454715468743588,0.0011327155426391977,172.1264096401558,-7,0,0
13:02:05:765,2.857725096504599,1.978343467299787,172.77951135988775,-0.11491558150414154,-0.013291047149348062,0.00026541762458491666,172.81446693307646,-7,-1,0
13:02:05:888,2.8902081975847107,1.9788465804421316,173.15780498251408,-0.12812456727013213,0.0007093724572564932,0.001146076248870152,173.19322897728043,-7,0,0
13:02:06:051,2.874561021274779,1.9788018836637182,172.88603757143113,-0.11801904722713279,-0.008947158597148966,0.0012875922059084725,172.92125590889665,-7,-1,0
13:02:06:172,2.8905376467894466,2.010730594180246,172.5764741351678,-0.11087606332030503,0.013167354076159902,0.0013099626394868686,172.61239141595868,-6,1,0
13:02:06:300,3.4655150701692894,-0.008609056601057579,156.0135966676315,-0.8910315048949492,-0.017519285076142484,-0.15627636223913371,156.05208173551492,-51,-5,-7
13:02:06:419,2.8914702652793585,2.0408878070765124,172.96738336779669,0.005726303617031316,-0.03265815333712683,-0.000978234933342414,173.00358820683002,0,-2,0
13:02:06:543,2.8468372855247113,1.9619483778353226,172.48706263884765,-0.14198815009136373,-0.004546348196968257,-0.0005017766272098839,172.52171023307557,-8,0,0
13:02:06:664,2.80358498370871,1.9889785450485762,172.54816300379113,-0.12048742687207317,-0.015512247512147859,-0.001100115163244124,172.58239968315544,-7,-1,0
13:02:06:788,2.885719929738607,2.0284914856786944,172.86114860646498,-0.047290915571658626,-0.02533888075456427,0.001322918077247079,172.89713373785793,-3,-1,0
13:02:06:913,3.4636811116305046,0.00213670754470954,155.883040731944,-0.8863101906496542,-0.02182147236418952,-0.1556188985453021,155.92151705023107,-51,-5,-7
13:02:07:076,2.8548819028202996,1.9510620329627304,172.98596542118034,-0.10769948129287545,0.0009042946972723421,0.002708002760126588,173.02052255854886,-6,0,0
13:02:07:199,3.458403822388777,-0.013759065254301981,155.76704297227786,-0.885897241707725,-0.024619570079279014,-0.1592170384603014,155.80543130018944,-51,-5,-7
13:02:07:322,2.8605547084159286,2.0076903562419113,173.19779352547727,-0.06625092446004605,-0.005623637793948444,-0.00036494560991392377,173.23304902904712,-4,0,0
13:02:07:444,2.8890981777142617,1.977632397737204,172.7911023505287,-0.07986945111261086,-0.006794219074485775,0.0008175825447351577,172.82656905028213,-5,0,0
13:02:07:571,2.8868570676251992,1.992091954638815,172.62244589542982,-0.07958009632477465,-0.03364112115176565,0.0025039481587380507,172.6580759796808,-5,-2,0
13:02:07:694,3.5068968122583457,-0.011270180649795165,156.51551558921435,-0.8823313868180677,-0.020648838736304714,-0.15758068924484742,156.55479894409623,-50,-5,-7
13:02:07:813,2.8752124621410675,2.048673434045034,172.43057210514883,0.035379958374529404,-0.01884675949920293,6.470781233445045e-05,172.46671013865472,2,-1,0
13:02:07:948,2.8749799531492175,1.9941192294432064,172.64363599182155,-0.11247460574644973,0.012466636083233833,0.0009975259788813221,172.67908694948798,-6,1,0
13:02:08:060,2.8841452772808283,1.990374002739308,172.5991359630342,-0.08214018762200198,-0.002894400125495285,0.0014970843857761227,172.63470571654244,-5,0,0
13:02:08:187,2.9059958333051807,1.9738234510445005,172.86956510027542,-0.09087258273555664,-0.003513793979172913,0.0018968601341497675,172.9052553532062,-5,0,0
13:02:08:309,2.8978092097852746,2.0057531029161617,172.82636206845933,-0.05803797398663415,-0.04449700500841244,0.003115683060810357,172.8622913464483,-3,-3,0
13:02:08:429,2.87090232189764,1.9623610019965296,172.4482586208039,-0.1007151939195217,-0.014710287198641996,0.0009215454180007142,172.48331757648825,-6,-1,0
13:02:08:553,2.8558779275627395,1.9554662218949224,172.4589976932381,-0.1166000766816899,-0.01929202573197735,3.318732881618116e-05,172.49372676198522,-7,-1,0
13:02:08:715,3.7512110608967415,3.698730394444624,155.92406622375967,0.7448785811347444,-0.053088189125092056,0.13663492627909984,156.01303348985164,42,-6,6
13:02:08:840,2.878941452440617,1.9892376599046622,172.51334096704895,-0.08141556678911312,-0.02393766689456949,0.0021875387394032684,172.5488283992895,-5,-1,0
13:02:08:964,3.782225090824513,3.665813328558113,155.79995755438685,0.7455574827095559,-0.05713764391072331,0.13631284790935924,155.8889674991346,42,-6,6
13:02:09:109,2.896907903743202,2.092458786785298,172.81946584156708,0.04199122655477714,-0.04326642706892959,-0.0007859962885661528,172.85640929089595,2,-2,0
13:02:09:254,2.872069543464408,1.962195496668817,172.3736696664655,-0.13690374870366018,-0.01900121991201941,0.00184342789404802,172.40876134614913,-8,-1,0
13:02:09:373,3.7545518725142752,3.690742259505985,155.52367383001288,0.7477739393695284,-0.051521660746162226,0.13376774536088587,155.61276091559373,43,-5,6
13:02:09:495,2.837457919736547,1.9871246897606119,172.13922323660125,-0.14885707371615273,0.0343822292214205,0.0019367155693471214,172.17407472810584,-9,2,0
13:02:09:627,err,err,err,err,err,err,err,err,err,err
13:02:09:741,2.839467640158233,1.9225610755259415,172.25258597583618,-0.1461455277326957,0.006265138815935903,0.0029796505110064766,172.2867150796354,-8,0,0
13:02:09:869,2.8259376295216847,1.9194628825038864,171.9356952321906,-0.183835475000591,0.018797971186648794,0.0016800863017651455,171.9696297496159,-11,1,0
13:02:09:990,2.8781103289492314,1.9758779669163553,172.78274235066132,-0.12063701428415508,0.009979116834725708,0.0003876624644449967,172.8180073575111,-7,1,0
13:02:10:111,2.8912117684387235,1.9811694990291724,172.53140910668247,-0.1381619551113613,0.03800381234259343,0.00020301203873394213,172.5670051499164,-8,2,0
13:02:10:238,2.891135260733462,1.9398607299059059,172.58508818300479,-0.11810326427585993,0.013064201218807652,0.0017911033130703405,172.6202027164921,-7,1,0
13:02:10:357,3.75359355764893,3.707659503772638,155.5258770762338,0.7505402604348222,-0.0497895490115589,0.13452328090862126,155.61534192978442,43,-5,6
13:02:10:484,2.8683962879068443,2.0340160071324096,172.60156274295645,-0.028108942475099305,-0.03273975328493065,-0.00016704125415673482,172.6373782808708,-2,-2,0
13:02:10:600,3.778417549133691,3.69646441317185,155.9014788624248,0.7417756672032354,-0.050356012435717655,0.1343929385271158,155.9910619228696,42,-5,6
13:02:10:746,3.7512292782012815,3.701628280088262,156.1631166417893,0.7401413660643389,-0.04755279632864446,0.13336132902162046,156.25201685833903,42,-5,6
13:02:10:853,2.8823417162918017,1.9617520994078235,172.4128257895778,-0.13941942993558212,0.02131093244485562,0.0005945059517459762,172.44807584260343,-8,1,0
13:02:10:971,3.7548612703185316,3.6757276097555716,155.5367410812801,0.7475922779812468,-0.05154302144237835,0.13375823132198142,155.62547279544447,43,-5,6
13:02:11:100,2.910962064329421,1.8957969499088974,171.90014905861167,-0.15696720968792766,-0.012991514333020027,0.0017068085431651402,171.9352465103888,-9,-1,0
13:02:11:220,2.8415695597140798,1.9811613748308836,172.53071034924068,-0.1380850552905752,0.03826891019789905,0.0015887035761575174,172.5654818657816,-8,2,0
13:02:11:382,2.8663551316150437,1.9683214621556682,172.7932681808305,-0.06412763598507087,0.000972988076867068,-0.001025456204125412,172.82824945514935,-4,0,0
13:02:11:510,2.8838799937232102,2.014569041477197,172.78171041148528,-0.10971884823358104,0.029308750925091196,0.0005698196741286363,172.8175185129084,-6,2,0
13:02:11:624,2.8718336603564083,1.9488162738595738,172.1101046421136,-0.11894338726260616,-0.023286204785498223,0.0031072119729424457,172.1450941309723,-7,-1,0
13:02:11:752,2.8795302503728912,1.9814560469905536,172.30298749811706,-0.1285393830856462,0.023999010977595856,0.0011756343899826287,172.33843843816518,-7,1,0
13:02:11:917,3.7692904636619993,3.7131649683745063,155.97224181692448,0.7414412771074624,-0.056225134122930884,0.1344061577474338,156.06196000973134,42,-6,6
13:02:12:040,2.8903298760307665,2.0311788584884303,172.695548887608,-0.03679195041709677,-0.03738086232950644,0.0009316465433013522,172.73167717572724,-2,-2,0
13:02:12:164,2.9059958333051807,1.9738234510445005,172.86956510027542,-0.09087258273555664,-0.003513793979172913,0.0018968601341497675,172.9052553532062,-5,0,0
13:02:12:284,2.8713474332223,1.979765340186083,172.23152968281147,-0.12982006271374344,-0.020440346919437465,0.0024882553776346345,172.26683930392883,-7,-1,0
13:02:12:405,2.8718216117624125,1.9411917631521238,172.358230152775,-0.1461524996129189,0.04088376325018659,0.0027397185619174266,172.3930830579582,-8,2,0
13:02:12:530,2.8653505331291953,1.9674975581992564,172.09297807017253,-0.15394080824622663,0.013139381855717358,0.0013373905929160601,172.1280755175637,-9,1,0
13:02:12:650,2.868112264852382,1.9776507233988483,172.27362165004433,-0.0980233584207053,-0.013725378794657175,0.001583161984687081,172.30884448213962,-6,-1,0
13:02:12:780,2.880329181748582,1.984594986363127,173.03385116699613,-0.07353146002614651,-0.01177041006797991,0.0020910175980470088,173.06920165973293,-4,-1,0
13:02:12:898,2.8738628948491187,1.9595640658726596,172.66851078237175,-0.1553045233457285,0.012783097588759049,-2.436310079165931e-05,172.7035425087415,-9,1,0
13:02:13:020,2.8942584085443728,1.9553558785028866,172.97661116987837,-0.13654625520522293,0.01913040859377775,0.0021964396671410357,173.01187288785218,-8,1,0
13:02:13:144,2.808834202534066,1.9674788806469732,172.01103364569408,-0.1503847143339551,0.022506864944569823,0.00223864992476938,172.04521562247297,-9,1,0
13:02:13:267,2.857725096504599,1.978343467299787,172.77951135988775,-0.11491558150414154,-0.013291047149348062,0.00026541762458491666,172.81446693307646,-7,-1,0
13:02:13:394,2.857685325791305,1.9556553635451377,172.50820936236607,-0.11799375865361889,0.010612425327309842,0.002143066774954234,172.54296059454913,-7,1,0
13:02:13:560,2.8335951447214405,1.979982148439434,172.45956749001405,-0.13839104700071433,0.020408854469828305,0.0012862324297603473,172.49420862624646,-8,1,0
13:02:13:678,2.8583769984557845,1.966870103598813,172.35190394942413,-0.12507613938302056,0.006095216653152346,0.003144433352787264,172.38682574971108,-7,0,0
13:02:13:803,3.7843875353580994,3.672695799625388,155.55252742171618,0.7412277053071425,-0.0485396583139492,0.13466882651622755,155.64189368784398,42,-5,6
13:02:13:922,2.8660535115471464,2.005907266212072,172.70744111815318,-0.12693936844784764,0.05955607342934041,0.0018194697463792375,172.7428671299398,-7,3,0
13:02:14:048,2.8666258975675802,1.9569070442251408,171.88201522274824,-0.17164887052632893,0.03158113737248971,-0.00048405589167207407,171.91705612372905,-10,2,0
13:02:14:169,2.875240745284126,2.0122197428335094,172.4943952931426,-0.10437516917047567,0.006950970556760953,0.0002703827824590935,172.53009141939188,-6,0,0
13:02:14:299,2.8892959528292312,1.992679522416493,173.0172513329153,-0.05636863932958721,-0.02828621457841761,0.0007111048981594627,173.05284759742983,-3,-2,0
13:02:14:417,2.856576648512048,1.9284945187587335,172.18358061835218,-0.1707814916917547,0.03306073540729475,0.002654841885271372,172.2180726747756,-10,2,0
13:02:14:536,2.838016709027674,1.917093459926375,171.81078248012113,-0.18450991883764406,0.024995593789848822,0.002695599802108452,171.8449142762343,-11,1,0
13:02:14:665,2.8710801194882576,1.9706970244126938,172.2058716273565,-0.15028848202695833,0.0016681676431793578,-0.0018983970332578056,172.24107805849374,-9,0,0
13:02:14:785,3.7798315245335155,3.6977605093588486,155.8777604386039,0.7454912960139469,-0.05438113017062123,0.13271567215277189,155.96742210632712,43,-6,6
13:02:14:911,2.8781103289492314,1.9758779669163553,172.78274235066132,-0.12063701428415508,0.009979116834725708,0.0003876624644449967,172.8180073575111,-7,1,0
13:02:15:030,3.764774462322773,3.687620198536109,155.4581623441505,0.7448880541720537,-0.04753609825836235,0.1329014421432271,155.54745998858698,42,-5,6
13:02:15:195,2.8989549671157304,1.924294712209705,171.4551964292104,-0.19441932245551333,-0.005839144519546297,0.0019747448930510555,171.49049895728896,-11,0,0
13:02:15:315,2.8743017771563637,1.981808860341187,172.39502614459352,-0.1314167854098981,0.007571804425580767,0.002098844294364577,172.4303749820784,-8,0,0
13:02:15:439,2.895485989438126,1.999955531017304,172.96312182976123,-0.07440691775875763,0.01671516918268656,0.001677401615540167,172.99891668544606,-4,1,0
13:02:15:607,2.887205255032951,2.101860450458126,172.36796686081706,0.09937393213498669,0.013108300748523904,-0.0006823416182348174,172.4049586620687,6,1,0
13:02:15:727,2.8944477062784384,1.9591667695949468,172.45120429170342,-0.14735598066840247,0.0017731016978559608,0.0008848524966948752,172.48661983937853,-8,0,0
13:02:15:849,2.8901893737741706,1.9630064952761657,172.61214877180532,-0.1055389534616551,0.01475227676631017,0.0012630869721953733,172.6475035809572,-6,1,0
13:02:15:973,2.885596109553411,2.022423850877072,172.6851027390065,-0.05364950913929296,-0.002516524187500344,0.0012841433522798147,172.72105132589166,-3,0,0
13:02:16:097,2.8466962355244,2.018912172583599,172.7258639466719,-0.0979169325454787,0.03196147090334676,-0.0006315654752525029,172.76111762182532,-6,2,0
13:02:16:224,2.8867053533539906,1.9782692105508561,172.31536761625583,-0.09813194530731431,0.013059333825624374,0.0016225044809412227,172.35089942785876,-6,1,0
13:02:16:393,2.8829034648935936,1.973797231821135,172.7810720521293,-0.08764425434306027,0.004998083256948161,0.002183446021440898,172.8163935145718,-5,0,0
13:02:16:508,err,err,err,err,err,err,err,err,err,err
13:02:16:640,3.7882032642044456,3.697437133529966,155.76784058535677,0.7497595422073461,-0.04939329433508443,0.13203406604160664,155.85776107063919,43,-5,6
13:02:16:752,err,err,err,err,err,err,err,err,err,err
13:02:16:879,2.900412900498035,1.9482723414181735,172.02880738965484,-0.15674732060620777,0.012127673734599177,0.003545980382658873,172.06428662571636,-9,1,0
13:02:16:999,2.893749026579008,1.98021903903276,172.27878653075166,-0.1305038567509566,0.0007234296699254644,0.0025937879734934124,172.31446642513703,-7,0,0
13:02:17:170,2.89998265566316,1.9703034237959145,172.85262590081658,-0.09787629987972438,0.00791966168547242,0.003267051191847961,172.8881785310743,-6,0,0
13:02:17:291,3.4821154541353487,0.004273990824169394,156.11359217224023,-0.8867485146907845,-0.025294034412520098,-0.15880536782264384,156.15242171424518,-51,-5,-7
13:02:17:414,err,err,err,err,err,err,err,err,err,err
13:02:17:531,2.8501303426211506,1.940761651482275,172.57271721783866,-0.15591056976947953,0.025648253982479163,0.0024460974247648266,172.6071624432367,-9,1,0
13:02:17:655,2.859899768719869,1.941903555449201,172.5074639479064,-0.15024804377282427,0.004905000146247524,0.0012395187638440854,172.54209670061394,-9,0,0
13:02:17:777,2.8856503478871356,1.9394650202049224,172.65660078818686,-0.12185170870584695,-0.003489627443626687,0.002727627792853515,172.69160459682513,-7,0,0
13:02:17:900,2.8649095686350066,1.974336158976364,172.85018524221962,-0.1268803406886237,0.004169204750060843,-0.0005592891564053184,172.88519962210395,-7,0,0
13:02:18:022,2.8670579859965035,2.019126860329432,173.2402996382069,-0.07921321963403458,0.012982753446761468,-2.563253241460937e-05,173.27578686449206,-5,1,0
13:02:18:145,3.793945388377851,3.7111466732585803,155.6966770570649,0.7492223217639661,-0.055445623579496645,0.13696213449311784,155.7871043374656,43,-6,6
13:02:18:271,2.922129041045128,1.9901744437469848,172.19095601015024,-0.14360053628891936,0.005147247744675757,0.0012388310113655094,172.2272480304396,-8,0,0
13:02:18:392,3.4657551385438743,0.002622353350991603,155.37586813158677,-0.8915391848260745,-0.015618932277311587,-0.15617091955151272,155.41451625636944,-51,-5,-7
13:02:18:517,2.8867053533539906,1.9782692105508561,172.31536761625583,-0.09813194530731431,0.013059333825624374,0.0016225044809412227,172.35089942785876,-6,1,0
13:02:18:639,2.881714564852041,2.073178834858336,172.89406231675264,0.06519256694645388,0.007514930902514431,-0.0017581718319247422,172.9305037687213,4,0,0
13:02:18:760,2.9075007254603302,1.9679033753536939,172.09029223155525,-0.15285324458382235,0.00012804211320499156,0.0025973610145773613,172.12610169438383,-9,0,0
13:02:18:886,3.7542008221235554,3.6586070529235504,155.52292657691834,0.7447862908405012,-0.050635703697664486,0.13431604313876142,155.61124676716034,42,-5,6
13:02:19:008,2.926585345977565,2.105163998985405,172.3908290426184,0.0758109639036786,0.007116187072327003,0.0009146918782007706,172.42852013298497,4,0,0
13:02:19:134,2.8543190910805007,2.046937906772967,173.01589187008324,-0.01620040451726664,0.0028932662944993505,0.0013293015390102637,173.0515412582859,-1,0,0
13:02:19:253,2.885483053590217,1.9373312455783205,172.1830563773108,-0.14858516475893557,0.04003449212981614,0.001674102124418123,172.2181296154381,-9,2,0
13:02:19:378,2.8297214214082484,1.91987381716391,172.0606402008653,-0.14530728788543973,0.014761932157050222,0.0009204745514644001,172.0946168394823,-8,1,0
13:02:19:501,2.852828567620124,1.9780539523382596,173.06087072977024,-0.12604998268435155,0.0026488795703912106,3.484149963199232e-05,173.0956854055607,-7,0,0
13:02:19:628,2.876485764573722,2.039024168956801,172.84775630540457,0.005763488709547375,0.015728625365332965,-3.4492334555386078e-06,172.88371424089635,0,1,0
13:02:19:746,err,err,err,err,err,err,err,err,err,err
13:02:19:867,err,err,err,err,err,err,err,err,err,err
13:02:20:034,3.778417549133691,3.69646441317185,155.9014788624248,0.7417756672032354,-0.050356012435717655,0.1343929385271158,155.9910619228696,42,-5,6
13:02:20:166,3.7835675125497215,3.7313433001463228,155.94467678516446,0.7478389839911976,-0.0559212801349228,0.13475400671967633,156.0351900167875,43,-6,6
13:02:20:278,2.853008132991029,1.9942884109668968,172.6458887322435,-0.1121591148910828,0.02107516775826147,0.0008909342668656791,172.68097676877795,-6,1,0
13:02:20:405,2.872735161528517,2.0062293707372567,173.0179955663577,-0.09924973009114418,-0.003642547934825653,-0.00022103253456989027,173.0534725262584,-6,0,0
13:02:20:564,2.9064194333250084,1.9740296903517525,172.83579802127568,-0.1271280349916598,-0.0029301937914449766,0.004205218613424543,172.8715047218367,-7,0,0
13:02:20:689,2.8528968663810317,1.8968300817274668,171.40892961230796,-0.1765110604224034,0.01497742570608116,0.0015266721216538055,171.44316298915595,-10,1,0
13:02:20:817,3.5152747181488992,0.004814601135695503,156.18629857055876,-0.8869350108649636,-0.02085230003644112,-0.15663744406327312,156.2258526643275,-51,-5,-7
13:02:20:934,2.893541884801331,1.974740800069308,172.8605538873492,-0.12637895418462733,0.01601416500241882,0.00143025555457223,172.89604760117484,-7,1,0
13:02:21:061,2.8727728973270583,1.9449393711920606,172.0914445355535,-0.1267669931346329,0.0003454715468743588,0.0011327155426391977,172.1264096401558,-7,0,0
13:02:21:247,err,err,err,err,err,err,err,err,err,err
13:02:21:345,2.8501303426211506,1.940761651482275,172.57271721783866,-0.15591056976947953,0.025648253982479163,0.0024460974247648266,172.6071624432367,-9,1,0
13:02:21:473,3.8116333442513652,3.6986685811600593,155.9267468924276,0.7448701013423132,-0.054601965116271044,0.13267083943184554,156.0171756393489,42,-6,6
13:02:21:592,2.8810619776737068,2.0273646501701266,172.70519267775077,-0.044464595386113435,0.0037064204238524746,-0.00018060129359366513,172.74111931848472,-3,0,0
13:02:21:713,3.759950732763106,3.6693427104551897,155.209093243407,0.7497463732125521,-0.047437585565855755,0.1345592822819139,155.29798431042235,43,-5,6
13:02:21:840,2.88272067003155,1.9497724287767706,172.21462989339213,-0.16101926120850796,0.02171923579962066,0.00560711390917425,172.24979082803983,-9,1,0
13:02:21:959,3.7988240305224563,3.671875489928789,156.02197220324123,0.7472537928664036,-0.05249321782437976,0.13583630264521618,156.11140106929216,43,-6,6
13:02:22:085,2.8964082991120796,1.957575598945277,171.75530353541694,-0.1646611688412891,0.007551924761498767,0.0013375707379957424,171.79087745222083,-9,0,0
13:02:22:207,2.9239946397107395,1.9734950769034298,173.29104926691204,-0.10647837400997599,0.004937690178565058,0.0008815105907382109,173.3269516938983,-6,0,0
13:02:22:370,2.8601839872257813,1.9276791686248067,172.0316547509046,-0.16665053302044033,0.023028623642435554,0.003286082871007287,172.06622805115586,-10,1,0
13:02:22:493,2.8359657767557134,1.9362622578198783,171.7286615376909,-0.17479343290045193,0.025076608689441903,0.0019199660601848076,171.76299079529554,-10,1,0
13:02:22:651,err,err,err,err,err,err,err,err,err,err
13:02:22:781,2.8854254789537865,2.0563404574192727,172.37306938094,0.07945999250181929,0.015168419448887228,-0.0012272657643075124,172.40948136363548,5,1,0
13:02:22:905,2.828855972040556,1.8885204436909544,172.04903107244067,-0.1817335663375533,0.017998629159257585,0.002589005087313783,172.08264883056177,-10,1,0
13:02:23:024,2.892057074516337,1.9780204916333812,172.71636009955077,-0.11316603933626243,0.014475635053469315,0.001325260311940707,172.75189609733746,-6,1,0
13:02:23:149,err,err,err,err,err,err,err,err,err,err
13:02:23:272,2.8749799531492175,1.9941192294432064,172.64363599182155,-0.11247460574644973,0.012466636083233833,0.0009975259788813221,172.67908694948798,-6,1,0
13:02:23:391,2.877789021995045,1.9397183882276263,172.2644481814328,-0.18955194607089457,0.030228194657186187,0.004506747983252301,172.29940302953545,-11,2,0
13:02:23:518,2.8795302503728912,1.9814560469905536,172.30298749811706,-0.1285393830856462,0.023999010977595856,0.0011756343899826287,172.33843843816518,-7,1,0
13:02:23:650,3.471622243601496,-0.01401518278695912,155.65806844373722,-0.8866995892551163,-0.02235776630330625,-0.15802533604638846,155.69677783776643,-51,-5,-7
13:02:23:764,err,err,err,err,err,err,err,err,err,err
13:02:23:886,2.8589883153849307,2.0019300392541792,172.89706865824135,-0.10412977968856851,0.016961188130145466,0.00015426601405685498,172.93229278732818,-6,1,0
13:02:24:013,2.872715517203066,2.0065629992113303,172.9469510432581,-0.09603636959655798,-0.0037377493672475703,0.0008590313907836322,172.9824461171471,-6,0,0
13:02:24:133,2.9008297650852435,1.930449152090991,172.22846276294922,-0.16763301005193884,0.015236381549069181,0.0025377124953464346,172.26370724253962,-10,1,0
13:02:24:256,2.868112264852382,1.9776507233988483,172.27362165004433,-0.0980233584207053,-0.013725378794657175,0.001583161984687081,172.30884448213962,-6,-1,0
13:02:24:379,3.4907566549122424,-0.02692548828834227,155.81301236804396,-0.8885579368205504,-0.024228416230006097,-0.15825876511508835,155.85211237006047,-51,-5,-7
13:02:24:499,2.8908221142992647,1.9602912380832616,172.46465432259782,-0.1058431684397786,0.009283005450756278,0.0010193211096722605,172.50001908651427,-6,1,0
13:02:24:668,2.854458447551058,1.9745999052734649,172.74872407520326,-0.12228179588346363,-0.006714284168512919,0.0016656367362568193,172.78358905702072,-7,0,0
13:02:24:789,2.853663175113396,2.006361860890395,172.41330407611505,-0.11418710134244235,0.011447049704833187,-0.00041475764534478713,172.44859032151217,-7,1,0
13:02:24:912,2.8954338838141047,1.9616461242859233,172.4018287506095,-0.13924861261187926,0.00014017124395937437,0.001977175070936956,172.43729918276657,-8,0,0
13:02:25:036,3.754037841425718,3.672319722578206,155.53565592174203,0.7413330012681921,-0.04949280634139112,0.13477266349867598,155.62428793496926,42,-5,6
13:02:25:159,2.8641400426157806,1.9489545695802153,172.04126537402593,-0.15555917987757883,0.012642285905273545,0.0006657690054876727,172.07614219755746,-9,1,0
13:02:25:290,2.868112264852382,1.9776507233988483,172.27362165004433,-0.0980233584207053,-0.013725378794657175,0.001583161984687081,172.30884448213962,-6,-1,0
13:02:25:414,2.8921457922687783,1.9494780604700854,172.20112106625095,-0.16125770519270147,-0.0005980943031428432,0.0019257019067382192,172.2364394327333,-9,0,0
13:02:25:530,2.838958467910985,1.9600454718477482,172.5208615552211,-0.10862489702385444,-0.014740500953655849,0.002007915865728336,172.55535093178074,-6,-1,0
13:02:25:652,2.8768048777540858,1.9838298997149546,172.4895303133563,-0.13006308044956974,0.03109593827437043,-0.0008655674830953836,172.524924735813,-7,2,0
13:02:25:772,2.874766519208759,1.9706903839962857,173.25768111128562,-0.11153890606069192,0.0010880332605343473,0.0009535123705635688,173.29273489442502,-6,0,0
13:02:25:903,2.873474502442977,1.9804619805981538,172.36401255063961,-0.13339663427021822,0.03748018762587447,0.0021196007831257428,172.39933847880576,-8,2,0
13:02:26:019,3.7762736076127856,3.6657311596719926,155.88016389431525,0.7423411973208953,-0.04732631261980624,0.13557765913983222,155.96898192593656,42,-5,6
13:02:26:183,2.8867053533539906,1.9782692105508561,172.31536761625583,-0.09813194530731431,0.013059333825624374,0.0016225044809412227,172.35089942785876,-6,1,0
13:02:26:311,2.8873729689339314,1.9575203216475754,172.949539542526,-0.09205950511607848,0.0011467886552322028,0.0015526112311880463,172.9847161932035,-5,0,0
13:02:26:430,2.824836154417819,1.9690497554438426,172.18375033906227,-0.1533911977022841,0.02806651082944624,0.0016682011510828446,172.21817771961022,-9,2,0
13:02:26:550,2.870432982981605,1.9931420383737175,173.00951927386748,-0.09055965469037679,0.0018861326657315302,0.0007863900732781673,173.04480853255797,-5,0,0
13:02:26:676,2.896672922842329,2.002207053329723,172.38098244288338,-0.1228099375961215,-0.02725641282479607,0.004829504420057963,172.41694422266042,-7,-2,0
13:02:26:798,2.8660999601889015,1.944480379310855,171.94724669064124,-0.162962103775033,0.039157259370146164,0.0028952809416069604,171.9821245868871,-9,2,0
13:02:26:922,2.8696886204447947,1.9622148542431084,172.5064137845112,-0.14213584955698555,0.015370187095254593,-0.00038224169205964246,172.54143907104032,-8,1,0
13:02:27:045,2.891130149977914,1.9542511076089708,172.85139787548673,-0.13419233107847126,-0.00784097265193502,0.0025667233848268136,172.886620299101,-8,0,0
13:02:27:166,3.7790447966307905,3.6943527168665837,155.87753977193563,0.7391996852737717,-0.052341879828420694,0.13373471724112382,155.9671017456019,42,-5,6
13:02:27:290,2.872715517203066,2.0065629992113303,172.9469510432581,-0.09603636959655798,-0.0037377493672475703,0.0008590313907836322,172.9824461171471,-6,0,0
13:02:27:411,err,err,err,err,err,err,err,err,err,err
13:02:27:539,2.8340382782527516,1.9513289635465454,172.32464698405798,-0.16180808683036982,0.017968066758578004,0.0031085363065407974,172.35899574976287,-9,1,0
13:02:27:657,2.903083895583079,1.9327923892585117,172.55725103787,-0.13366403132788404,-0.010069046112656313,0.0007885833173727482,172.5924925026325,-8,-1,0
13:02:27:786,2.838187821863795,1.961733497405945,172.03175234995294,-0.12485425029008271,0.0025597961586644354,0.0028226212513359746,172.06634628835053,-7,0,0
13:02:27:906,2.887719894244556,1.972712112134242,172.24345220717547,-0.14687581827411103,0.008027531376144918,0.0015972787477445177,172.2789521314502,-8,0,0
13:02:28:027,err,err,err,err,err,err,err,err,err,err
13:02:28:161,2.8507863523361174,2.0301314438999025,173.13366884283286,-0.019555884817391386,0.010070406833200495,0.00012049358728199735,173.1690379469895,-1,1,0
13:02:28:280,2.84610249593908,1.9835649033500562,172.7276399835573,-0.13990400374136513,0.03504996360362873,0.0009270819428827999,172.7624740602906,-8,2,0
13:02:28:440,2.891135260733462,1.9398607299059059,172.58508818300479,-0.11810326427585993,0.013064201218807652,0.0017911033130703405,172.6202027164921,-7,1,0
13:02:28:560,2.8813610563716763,2.009453412200065,172.84093199989812,-0.08608063508753758,0.0064940400245762035,0.00012885526436595918,172.8766262950153,-5,0,0
13:02:28:685,2.8943793390007415,1.9888760797528993,172.5217776132769,-0.16025410557763692,0.002722900426208903,0.0002973896603602134,172.55751739829714,-9,0,0
13:02:28:806,2.8918858075714646,2.0292220947316917,173.02601991177258,-0.017960622409416354,-0.030931719897794627,0.0005055101451004839,173.06208224895164,-1,-2,0
13:02:28:928,3.7497204212406343,3.683831483746449,155.9501123899451,0.7444510814586414,-0.051757309018245864,0.13408363829749834,156.03867652628503,42,-5,6
13:02:29:058,3.494935992256701,-0.009171826688622845,156.01008475295234,-0.8902806852523121,-0.02119877004294996,-0.15821368707400235,156.04922686875366,-51,-5,-7
13:02:29:177,2.852204861364913,2.00203743333206,172.81402869015238,-0.10096586612801492,-0.02943391975549037,0.001512224518179552,172.8491589177583,-6,-2,0
13:02:29:308,2.730873249683861,2.086110442919747,172.69056397428258,0.06458803792933104,-0.05079086767650378,-0.0012332316015562068,172.7247533251725,4,-3,0
13:02:29:422,2.6974342717957,2.0891597289102513,173.03428562884244,0.06023032518919319,-0.01997293606638964,-0.003088392974317811,173.06791945102762,3,-1,0
13:02:29:546,2.6974342717957,2.0891597289102513,173.03428562884244,0.06023032518919319,-0.01997293606638964,-0.003088392974317811,173.06791945102762,3,-1,0
13:02:29:679,2.725848853730448,2.0364405411117246,173.97420797844202,-0.03352132450703572,-0.04299197795053027,-0.0010007972638776987,174.00747795361286,-2,-2,0
13:02:29:793,2.7000126694886166,2.05273421006105,173.42278837837918,0.014495733380258358,-0.040687806349780795,-0.0013246349060957391,173.4559520889515,1,-2,0
13:02:29:919,2.7218997274125547,2.1031110148668204,173.5896539168534,0.03917698652661047,-0.04455916539002799,-0.0024277056066919185,173.62373040871998,2,-3,0
13:02:30:038,2.7273562264010467,2.0795893253019644,173.3555681334129,0.03440841507405413,-0.057874601665177286,-0.0015841260239984841,173.38949266494197,2,-3,0
13:02:30:163,2.7310621989989463,2.061050695153281,172.94668678948696,0.07282003792239364,-0.04709703403170023,-0.003179012617018548,172.98052810118165,4,-3,0
13:02:30:282,2.735437439611511,2.0200411208913787,173.14621926604053,-0.0067057124325511685,-0.02447241274042582,-0.002062566436927208,173.17960743182178,0,-1,0
13:02:30:447,2.7683121778901363,2.0187326690073046,172.87552002926927,-0.0010087294811072537,-0.026208714506625364,0.0003543905677324183,172.90946839110185,0,-2,0
13:02:30:571,2.7747724214816523,2.0105937046585485,172.61890708842714,-0.008746387742527053,0.005581337442077497,-0.0036121716578371896,172.65291463928222,-1,0,0
13:02:30:691,2.77891551018973,2.006381360642809,172.63015818749068,-0.017008124060269334,0.002553924968453723,-0.0008206873289609986,172.66418115351883,-1,0,0
13:02:30:818,2.7643348217785517,2.0232069454386457,171.9695364430703,-0.029056560215790655,-0.02115306040248081,-0.0033094820360565326,172.00365222225793,-2,-1,0
13:02:30:940,2.7640717874245264,2.0154044930050876,172.08904330287388,0.015789859421254885,0.0123120140103038,-0.0011551191176413364,172.12303963448608,1,1,0
13:02:31:059,2.7661884496436864,1.9609910396638184,171.43209466898674,0.027339244322041028,-0.005839341266312759,-0.00029771321416175345,171.46562444698066,2,0,0
13:02:31:185,2.765021629555478,2.03872200139899,172.26719566827649,0.022458880161364814,-0.012274192283209662,-0.0023791062721488653,172.3014464112915,1,-1,0
13:02:31:307,2.7575984044551984,2.0221411426080373,172.0814840848131,0.028330939547326295,-0.006044670973226641,-0.0031563966537694107,172.11545708794625,2,0,0
13:02:31:431,2.7457664096624024,2.0303227726129296,172.21362806588914,0.008627968761083318,-0.008788669541459675,-0.00121191084485201,172.2474822322632,0,-1,0
13:02:31:560,2.768557308472248,2.0442877594139373,171.95625064622803,-0.02039943774152369,-0.026246888536136312,-0.0019771401067354756,171.99068625458176,-1,-2,0
13:02:31:677,2.753145698935558,2.009449143242472,171.98664981043768,-0.02369261536127355,0.02446795074085431,-0.0029573306936409617,172.02042149151063,-1,1,0
13:02:31:803,2.7599564834459853,1.999873908426239,172.10551819125214,0.01782289692499263,-0.010784294502042695,-0.004386295092637461,172.1392641070582,1,-1,0
13:02:31:923,2.7547915707373662,2.012764474413206,172.2113602841648,-0.02424560749326715,0.0008478923881907988,-0.0028410385732180075,172.24515293136722,-1,0,0
13:02:32:081,2.7565738563106077,2.045938159121463,172.01534491494186,0.042620737598931695,-0.005876980471314991,-0.0032559316307993872,172.0495958977604,2,0,0
13:02:32:214,2.7809680937421346,2.005748602274522,171.57070392667777,0.013692651975621414,-0.05462677831441593,-0.002590218156766432,171.60496279796124,1,-3,0
13:02:32:331,2.7599564834459853,1.999873908426239,172.10551819125214,0.01782289692499263,-0.010784294502042695,-0.004386295092637461,172.1392641070582,1,-1,0
13:02:32:457,2.764116890866232,2.077779493231488,171.99376439092686,0.040119647844838374,-0.04210622965428935,-0.0017337687182608177,172.02852234199574,2,-2,0
13:02:32:579,2.766150710219096,2.0533465754245204,171.62759901552351,0.03688200940226223,-0.004915161032112393,-0.0038279166041277866,171.66216987369052,2,0,0
13:02:32:705,2.73857311829554,2.015433247491895,172.01820231015097,0.01795448450861236,-0.0030467347704273896,-0.002005803628672684,172.051805221321,1,0,0
13:02:32:869,2.74624444353218,2.0012993912547246,171.83106941858804,-0.0025802549375755464,-0.02217815082162307,-0.0037074923064787154,171.86466616303855,0,-1,0
13:02:32:986,2.72932067396834,2.027244843408022,172.00861805187506,0.03945405709487422,-0.013166125543068329,-0.0009475614793736848,172.0422145786095,2,-1,0
13:02:33:152,2.7466597559406587,2.0085166633106617,172.0566915197476,-0.027707806348442384,-0.01721098136916463,-0.002920778570768652,172.0903349282675,-2,-1,0
13:02:33:280,2.7481192293771497,2.047827571305471,171.5570666210373,0.028989485773429764,-0.003532993188450128,-0.002681652130408812,171.59129600500052,2,0,0
13:02:33:400,2.7717459799187782,2.0084372122189436,171.84951702614563,0.010230784795646352,-0.036104771850102156,-0.004764446392366262,171.88360276050807,1,-2,0
13:02:33:524,2.75224351462835,2.0496801097872557,172.27207689948474,0.04195833349366489,-0.01668943797497109,-0.0013553112066622425,172.30625209834452,2,-1,0
13:02:33:644,2.7709933160496885,2.027461871801248,171.8628459571153,0.013913558046044236,-0.0329270661925253,-0.003469486090113416,171.89714024985506,1,-2,0
13:02:33:766,2.7566203590088305,2.0392633639605102,172.1924802415861,-0.005335087310323039,-0.0006431200627452134,-0.0016182333769566128,172.22661757875963,0,0,0
13:02:33:900,2.7466597559406587,2.0085166633106617,172.0566915197476,-0.027707806348442384,-0.01721098136916463,-0.002920778570768652,172.0903349282675,-2,-1,0
13:02:34:014,2.7659376805089106,2.02881770691588,171.69783919375678,0.021007287401809523,-0.0031106875725843927,-0.003735078151849359,171.73210094896504,1,0,0
13:02:34:142,2.7524524260773084,2.029013775997069,171.71682146266457,0.020852375248973168,-0.03379534910549156,-0.0037316717003660913,171.75086510554064,1,-2,0
13:02:34:260,2.7709933160496885,2.027461871801248,171.8628459571153,0.013913558046044236,-0.0329270661925253,-0.003469486090113416,171.89714024985506,1,-2,0
13:02:34:424,2.7733163386175548,2.032007584392683,171.78682054136212,0.024402829770021704,-0.03952372288529608,-0.004802819677414926,171.82122118657878,1,-2,0
13:02:34:604,2.7759713224485525,2.0415232919704325,172.05963355581738,0.0029440612722401336,-0.03548347677655089,-0.0027108724723281896,172.09413509325898,0,-2,0
13:02:34:714,2.7767552310928187,2.0476895844870646,171.99457125888995,0.016211381615232688,-0.0393863404523482,-0.004086593769660069,172.0291717842564,1,-2,0
13:02:34:831,2.7430796626058123,2.0584004303299896,171.68118545469756,0.044427000780372636,-0.04231010336929065,-0.0013239644399102527,171.7154359325254,3,-2,0
13:02:34:958,2.757525218101081,2.0150359641218984,171.80204420936153,-0.03970436988533737,0.012031414424940337,-0.003405159016807187,171.83598781914276,-2,1,0
13:02:35:080,2.7277717346650596,1.9672537586985142,171.87871777245869,-0.03680827525981118,0.03501699213506875,-0.0031578082702734475,171.91161813295824,-2,2,0
13:02:35:208,2.7524704784685388,2.0335789493253777,172.01606645500962,0.05056570822198184,-0.025098108173416036,-0.0033419279423280396,172.0501050732962,3,-1,0
13:02:35:331,2.765021629555478,2.03872200139899,172.26719566827649,0.022458880161364814,-0.012274192283209662,-0.0023791062721488653,172.3014464112915,1,-1,0
13:02:35:454,2.772933410966196,1.986357689392566,172.110077967191,-0.03965314149330623,-0.030920883825591685,-0.0025081469914633864,172.14387504190913,-2,-2,0
13:02:35:574,2.7664400256092616,2.0371529444147707,172.01197284592052,0.027104423065321338,-0.04725232510846127,-0.0029675682644173043,172.04627861386578,2,-3,0
13:02:35:695,2.7552127123724346,2.063626079858484,171.9325083033436,0.016287523000651526,-0.03073407296430115,-0.0017157803712417633,171.96696531941015,1,-2,0
13:02:35:821,2.7709933160496885,2.027461871801248,171.8628459571153,0.013913558046044236,-0.0329270661925253,-0.003469486090113416,171.89714024985506,1,-2,0
13:02:35:939,2.7612425731475305,2.0380819321451984,171.84647006611655,0.03361686851007775,-0.04215432160093961,-0.00238411273357377,171.8807363048419,2,-2,0
13:02:36:104,2.7717459799187782,2.0084372122189436,171.84951702614563,0.010230784795646352,-0.036104771850102156,-0.004764446392366262,171.88360276050807,1,-2,0
13:02:36:231,2.7827296021731036,2.0588446559857574,171.90622079618805,0.008441980765230415,-0.047202308509443444,-0.0007883075499303026,171.94106889799204,0,-3,0
13:02:36:351,2.7455646312501707,2.076406062520746,171.88388518002083,0.04066815064965123,-0.04075628857312583,-0.0006414656898869478,171.9183514691187,2,-2,0
13:02:36:476,2.7755058237232166,2.066943264555527,172.00955203229114,0.020194896832902477,-0.03540133298652597,-0.002800476069798889,172.04435962095906,1,-2,0
13:02:36:599,2.7755058237232166,2.066943264555527,172.00955203229114,0.020194896832902477,-0.03540133298652597,-0.002800476069798889,172.04435962095906,1,-2,0
13:02:36:725,2.7759713224485525,2.0415232919704325,172.05963355581738,0.0029440612722401336,-0.03548347677655089,-0.0027108724723281896,172.09413509325898,0,-2,0
13:02:36:845,2.744502130917452,2.0530812986060005,171.96149705866185,0.026785774404292258,-0.037772646571284804,-0.0006052990302661237,171.9956508328669,2,-2,0
13:02:36:972,2.790630152087183,2.0376587170101663,171.90008697959365,0.03129579060754682,-0.06102658939050256,-0.002781994860210852,171.93481198781302,2,-3,0
13:02:37:095,2.763088256181978,2.0244238210631003,172.65860850766333,0.01578525681375127,7.710105154356051e-05,-0.002639319910296959,172.6925824704735,1,0,0
13:02:37:240,2.7567626181773788,2.040761367768841,171.6496586498067,0.013624342485748439,-0.038453082892324686,-0.00046723930759245334,171.68392400480693,1,-2,0
13:02:37:378,2.799926423985393,2.020226374130316,171.2723391427127,0.0477406101143364,-0.06334562280490093,-0.0024857179832491728,171.30713662308077,3,-4,0
13:02:37:503,2.7169933738196366,2.0231494928961413,172.03013813659572,-0.031120019291080252,0.004618115610419882,-0.0012814985473701373,172.06348716145501,-2,0,0
13:02:37:624,2.760111107432098,2.055551191394391,171.76707421643187,0.00657101159297587,-0.017780157141317258,-0.002886478563208603,171.80154623547202,0,-1,0
13:02:37:751,2.745506479749499,2.033252881953987,172.37739988832956,-0.02248046885084872,0.020301045801638527,-0.002510794230007824,172.41125228758534,-1,1,0
13:02:37:868,2.75893825074337,2.081958095705442,172.32672175591767,0.007337391808712739,-5.912779716695173e-05,-0.001219027233462687,172.361380015725,0,0,0
13:02:37:989,2.7266734534740666,2.0604507961640715,172.13683073371288,0.004541577789415767,0.04424053475066745,-0.002276230044282359,172.17075448708533,0,3,0
13:02:38:117,2.697785229098455,2.084562874174349,172.16614021687502,0.01785812884663539,-0.11858637418768236,-0.00021062508800687757,172.1998933933915,1,-7,0
13:02:38:283,2.6897309891315837,2.008387051641216,171.40509857610306,0.02442271703560595,-0.17421165752553625,0.0023106924430630763,171.43796571712667,1,-10,0
13:02:38:400,2.7240388991680438,1.9956432266226989,171.8394093100792,0.01925114619267086,-0.16795428610053076,0.0005208718585875725,171.8725852829621,1,-10,0
13:02:38:527,2.6585990799005916,1.9477231460691955,171.57871146661466,0.03134872851655734,-0.17629344849564732,-0.0002766139878865588,171.6103610015001,2,-10,0
13:02:38:648,2.6813067447314194,1.9270954552013353,171.5782671028678,0.02393638460673779,-0.18396637678474706,0.002169966179526414,171.61003713295983,1,-11,0
13:02:38:773,2.677001824244745,1.9583972070305422,171.97663473818668,0.007945418399957318,-0.16846786492567378,0.0030746383597345947,172.00861767440372,0,-10,0
13:02:38:894,2.6947757908795613,1.9813579420236904,171.09096210346678,0.014138360337958285,-0.18869034666692377,0.004296677149731884,171.12365385693306,1,-11,0
13:02:39:018,2.6924139800724887,1.9912751200561838,171.89566526520568,0.009291739100440784,-0.14496580169763418,-0.0007044166124171704,171.92828157871958,1,-8,0
13:02:39:182,2.7262079972106537,1.9802827058070707,171.58177668204692,-0.06856673482420335,0.004957342625505401,-0.0012534484422781,171.61485896916616,-4,0,0
13:02:39:301,2.720575200864488,1.9698010666478714,171.71068350611887,-0.059970700831756575,0.017043206697572394,-0.001566010570380179,171.7435311032245,-3,1,0
13:02:39:429,2.765021629555478,2.03872200139899,172.26719566827649,0.022458880161364814,-0.012274192283209662,-0.0023791062721488653,172.3014464112915,1,-1,0
13:02:39:549,2.6731253516880664,1.9856678170029658,171.77255453414764,0.0026481032485924684,-0.17090515205454213,0.00026904564027621576,171.80482812485815,0,-10,0
13:02:39:671,2.6672592600973624,1.9607960227135972,172.09647098744307,0.04079187432318906,-0.17771580710469095,-0.000270471208549543,172.1283077222776,2,-10,0
13:02:39:796,2.6632187436079624,1.9675764695862652,172.70906166851276,0.035495154372448635,-0.15530971719854791,0.001502998378805868,172.74080025766384,2,-9,0
13:02:39:918,2.677158095181655,1.9770981233087792,171.97970133289482,0.011467127566703626,-0.16820058279199201,0.003092749874958653,172.0119000621977,1,-10,0
13:02:40:048,2.6612265401440633,1.9573187013629278,171.75817881374272,0.012683771490493014,-0.1494022835460169,0.001042824369367937,171.7899450276712,1,-9,0
13:02:40:165,3.504324799175044,3.687672858730943,158.092201747303,0.717497834504358,-0.0506384403006948,0.13476760535638024,158.1740290841739,41,-5,6
13:02:40:286,2.669025110895746,1.988176722831109,171.26804017617937,0.021766838817035054,-0.14711074908727176,-0.00024815368811519485,171.30037398532787,1,-8,0
13:02:40:412,2.7085479786146167,2.0215973026022067,170.83437678840812,0.03391036493112787,-0.13653109779646605,0.0014651217122248485,170.86780674103048,2,-8,0
13:02:40:541,2.709689153519134,1.9968085186575828,171.95523983966822,0.017299676844790758,-0.13896469885369464,0.00276039778749812,171.9881803144818,1,-8,0
13:02:40:657,2.7054593034908696,2.026620584917532,172.36244038592966,0.02883425233144046,-0.09734892615270084,0.0003963601747495634,172.3955845050308,2,-6,0
13:02:40:777,2.5936274947105367,2.0320187622443067,172.4291757449919,-0.026206648032163268,0.10525893495572276,-0.00010910346595717983,172.4606524744956,-2,6,0
13:02:40:899,2.5804553015460034,2.019904073043391,172.28574719268858,-0.04569761251126782,0.1208466045364395,-0.0026825904838708487,172.31690992984574,-3,7,0
13:02:41:025,2.6026921831767136,2.0203341884083605,172.13940383119595,-0.039942615608592726,0.0809783351794392,-0.0024694264266014276,172.17093282024342,-2,5,0
13:02:41:150,2.703448651103926,2.048649441484111,172.18233536873618,0.012745418977994898,-0.07608378972192781,-0.0020405163722428126,172.21574321813665,1,-4,0
13:02:41:272,2.6480377708293736,2.0592280637089777,172.3123361327365,-0.0029122711316020245,0.014904872895298755,-0.0009407928675845492,172.3449845738926,0,1,0
13:02:41:393,2.699105666390268,2.075524757181702,171.63932813741846,0.016369861557886254,-0.08008958290854995,-0.0008305940407741271,171.67309613879638,1,-5,0
13:02:41:517,2.6769328246422837,2.080370843183041,172.38650667253907,0.0026064827952886793,-0.02733393296046764,7.596802608831939e-05,172.4198410710153,0,-2,0
13:02:41:660,2.714343401924178,2.0808833504402933,172.1505213170625,0.01088824206722389,-0.09097465623234978,0.0006373661025758508,172.1844932778736,1,-5,0
13:02:41:803,2.70235675096172,2.039287678674059,171.45005073048563,0.01732960195590245,-0.1176101465439554,-0.0018796491575703849,171.48347244481596,1,-7,0
13:02:41:929,2.7441161625965718,2.064498316944428,171.0778882192961,0.04325650984957372,-0.10950554269446694,-0.0008655946332034835,171.11234953792336,2,-6,0
13:02:42:050,2.7043845589505526,2.064112095223031,171.9297082644241,-0.013935520617953395,-0.059160528740225454,-0.002676433535013229,171.9633648149347,-1,-3,0
13:02:42:180,2.6404215379840545,2.022156435584987,172.17533878347515,-0.03761858103840746,0.04716669715450041,-0.0033597655464473776,172.20745694583806,-2,3,0
13:02:42:295,2.6404215379840545,2.022156435584987,172.17533878347515,-0.03761858103840746,0.04716669715450041,-0.0033597655464473776,172.20745694583806,-2,3,0
13:02:42:448,2.6108202592592016,2.004500844089395,172.18543101499924,-0.03941044709714461,0.07077504765560352,-0.0010556505521632609,172.2168895894975,-2,4,0
13:02:42:585,2.6866204130670552,2.068498138465275,172.3417504126945,-0.01839385981288934,-0.01910089505789453,-0.0009761440575685603,172.3751013026656,-1,-1,0
13:02:42:708,2.701366436256153,2.0913897108386634,171.80680403748056,0.00967638358797527,-0.10600787221435055,5.5999483493286786e-05,171.84076700573348,1,-6,0
13:02:42:828,2.667209476208103,2.0530774972580947,172.21144574749573,-0.011564480442875339,0.0074641460904672965,-0.0019168492653770448,172.2443356979915,-1,0,0
13:02:42:954,2.6770891902954954,2.045843689429655,172.37504439679034,-0.030656767365765676,-0.005186204771556242,-0.0023566103306289035,172.40797027321508,-2,0,0
13:02:43:100,2.701511632804538,2.05947072233921,171.54585198345814,0.020504706906504085,-0.0873250241220019,-0.0021134416514713575,171.5794827987568,1,-5,0
13:02:43:240,2.674796150867831,2.060841661827628,172.39650023948906,-0.002703969771491656,-0.025531166064599854,-0.0012591256053665922,172.4295650334593,0,-1,0
13:02:43:363,2.6026921831767136,2.0203341884083605,172.13940383119595,-0.039942615608592726,0.0809783351794392,-0.0024694264266014276,172.17093282024342,-2,5,0
13:02:43:486,2.69042952690708,2.0816702733622194,172.29421385211432,0.007955405962961695,-0.07672506122346473,0.0004468769518856655,172.32779198110896,0,-4,0
13:02:43:612,2.699105666390268,2.075524757181702,171.63932813741846,0.016369861557886254,-0.08008958290854995,-0.0008305940407741271,171.67309613879638,1,-5,0
13:02:43:730,2.6480377708293736,2.0592280637089777,172.3123361327365,-0.0029122711316020245,0.014904872895298755,-0.0009407928675845492,172.3449845738926,0,1,0
13:02:43:853,2.7043845589505526,2.064112095223031,171.9297082644241,-0.013935520617953395,-0.059160528740225454,-0.002676433535013229,171.9633648149347,-1,-3,0
13:02:44:012,2.674796150867831,2.060841661827628,172.39650023948906,-0.002703969771491656,-0.025531166064599854,-0.0012591256053665922,172.4295650334593,0,-1,0
13:02:44:143,2.674796150867831,2.060841661827628,172.39650023948906,-0.002703969771491656,-0.025531166064599854,-0.0012591256053665922,172.4295650334593,0,-1,0
13:02:44:264,2.6026921831767136,2.0203341884083605,172.13940383119595,-0.039942615608592726,0.0809783351794392,-0.0024694264266014276,172.17093282024342,-2,5,0
13:02:44:394,2.6866204130670552,2.068498138465275,172.3417504126945,-0.01839385981288934,-0.01910089505789453,-0.0009761440575685603,172.3751013026656,-1,-1,0
13:02:44:511,2.6026921831767136,2.0203341884083605,172.13940383119595,-0.039942615608592726,0.0809783351794392,-0.0024694264266014276,172.17093282024342,-2,5,0
13:02:44:643,2.6026921831767136,2.0203341884083605,172.13940383119595,-0.039942615608592726,0.0809783351794392,-0.0024694264266014276,172.17093282024342,-2,5,0
13:02:44:755,2.6026921831767136,2.0203341884083605,172.13940383119595,-0.039942615608592726,0.0809783351794392,-0.0024694264266014276,172.17093282024342,-2,5,0
13:02:44:900,2.674796150867831,2.060841661827628,172.39650023948906,-0.002703969771491656,-0.025531166064599854,-0.0012591256053665922,172.4295650334593,0,-1,0
13:02:45:040,2.6866204130670552,2.068498138465275,172.3417504126945,-0.01839385981288934,-0.01910089505789453,-0.0009761440575685603,172.3751013026656,-1,-1,0
13:02:45:169,2.6026921831767136,2.0203341884083605,172.13940383119595,-0.039942615608592726,0.0809783351794392,-0.0024694264266014276,172.17093282024342,-2,5,0
13:02:45:289,2.6026921831767136,2.0203341884083605,172.13940383119595,-0.039942615608592726,0.0809783351794392,-0.0024694264266014276,172.17093282024342,-2,5,0
13:02:45:411,2.6770891902954954,2.045843689429655,172.37504439679034,-0.030656767365765676,-0.005186204771556242,-0.0023566103306289035,172.40797027321508,-2,0,0
13:02:45:536,2.701511632804538,2.05947072233921,171.54585198345814,0.020504706906504085,-0.0873250241220019,-0.0021134416514713575,171.5794827987568,1,-5,0
13:02:45:658,2.6026921831767136,2.0203341884083605,172.13940383119595,-0.039942615608592726,0.0809783351794392,-0.0024694264266014276,172.17093282024342,-2,5,0
13:02:45:784,2.7053969468955055,2.049711238330715,171.67685130573958,-0.0015073187617829292,-0.06680638483910242,-0.003333514597231763,171.7104008586953,0,-4,0
13:02:45:904,2.6480377708293736,2.0592280637089777,172.3123361327365,-0.0029122711316020245,0.014904872895298755,-0.0009407928675845492,172.3449845738926,0,1,0
13:02:46:027,2.700034961832285,2.076005012703333,171.83662219556277,0.011197890978162482,-0.07813381763333686,-0.0014963672367639172,171.8703718305993,1,-4,0
13:02:46:149,2.6026921831767136,2.0203341884083605,172.13940383119595,-0.039942615608592726,0.0809783351794392,-0.0024694264266014276,172.17093282024342,-2,5,0
13:02:46:272,2.674796150867831,2.060841661827628,172.39650023948906,-0.002703969771491656,-0.025531166064599854,-0.0012591256053665922,172.4295650334593,0,-1,0
13:02:46:399,2.6480377708293736,2.0592280637089777,172.3123361327365,-0.0029122711316020245,0.014904872895298755,-0.0009407928675845492,172.3449845738926,0,1,0
13:02:46:518,2.674796150867831,2.060841661827628,172.39650023948906,-0.002703969771491656,-0.025531166064599854,-0.0012591256053665922,172.4295650334593,0,-1,0
13:02:46:642,2.6924864476600003,2.048852151632543,171.9502117282031,0.01996423977818985,-0.08949001371122305,-0.001494550373703857,171.98349511445556,1,-5,0
13:02:46:766,2.6769328246422837,2.080370843183041,172.38650667253907,0.0026064827952886793,-0.02733393296046764,7.596802608831939e-05,172.4198410710153,0,-2,0
13:02:46:889,2.6480377708293736,2.0592280637089777,172.3123361327365,-0.0029122711316020245,0.014904872895298755,-0.0009407928675845492,172.3449845738926,0,1,0
13:02:47:013,2.6769328246422837,2.080370843183041,172.38650667253907,0.0026064827952886793,-0.02733393296046764,7.596802608831939e-05,172.4198410710153,0,-2,0
13:02:47:174,2.6769328246422837,2.080370843183041,172.38650667253907,0.0026064827952886793,-0.02733393296046764,7.596802608831939e-05,172.4198410710153,0,-2,0
13:02:47:300,2.6404215379840545,2.022156435584987,172.17533878347515,-0.03761858103840746,0.04716669715450041,-0.0033597655464473776,172.20745694583806,-2,3,0
13:02:47:422,2.6480377708293736,2.0592280637089777,172.3123361327365,-0.0029122711316020245,0.014904872895298755,-0.0009407928675845492,172.3449845738926,0,1,0
13:02:47:569,2.6026921831767136,2.0203341884083605,172.13940383119595,-0.039942615608592726,0.0809783351794392,-0.0024694264266014276,172.17093282024342,-2,5,0
13:02:47:709,2.6026921831767136,2.0203341884083605,172.13940383119595,-0.039942615608592726,0.0809783351794392,-0.0024694264266014276,172.17093282024342,-2,5,0
13:02:47:833,2.7053969468955055,2.049711238330715,171.67685130573958,-0.0015073187617829292,-0.06680638483910242,-0.003333514597231763,171.7104008586953,0,-4,0
13:02:47:996,2.700034961832285,2.076005012703333,171.83662219556277,0.011197890978162482,-0.07813381763333686,-0.0014963672367639172,171.8703718305993,1,-4,0
13:02:48:118,2.6769328246422837,2.080370843183041,172.38650667253907,0.0026064827952886793,-0.02733393296046764,7.596802608831939e-05,172.4198410710153,0,-2,0
13:02:48:243,2.674796150867831,2.060841661827628,172.39650023948906,-0.002703969771491656,-0.025531166064599854,-0.0012591256053665922,172.4295650334593,0,-1,0
13:02:48:362,2.6769328246422837,2.080370843183041,172.38650667253907,0.0026064827952886793,-0.02733393296046764,7.596802608831939e-05,172.4198410710153,0,-2,0
13:02:48:489,2.6026921831767136,2.0203341884083605,172.13940383119595,-0.039942615608592726,0.0809783351794392,-0.0024694264266014276,172.17093282024342,-2,5,0
13:02:48:610,2.674796150867831,2.060841661827628,172.39650023948906,-0.002703969771491656,-0.025531166064599854,-0.0012591256053665922,172.4295650334593,0,-1,0
13:02:48:732,2.6769328246422837,2.080370843183041,172.38650667253907,0.0026064827952886793,-0.02733393296046764,7.596802608831939e-05,172.4198410710153,0,-2,0
13:02:48:855,2.6480377708293736,2.0592280637089777,172.3123361327365,-0.0029122711316020245,0.014904872895298755,-0.0009407928675845492,172.3449845738926,0,1,0
13:02:48:978,2.6480377708293736,2.0592280637089777,172.3123361327365,-0.0029122711316020245,0.014904872895298755,-0.0009407928675845492,172.3449845738926,0,1,0
13:02:49:104,2.690530305860045,2.0649731494087287,172.03635022477755,0.016103888000825545,-0.08309764372567614,-0.00020084520403715068,172.06977906098692,1,-5,0
13:02:49:222,2.699105666390268,2.075524757181702,171.63932813741846,0.016369861557886254,-0.08008958290854995,-0.0008305940407741271,171.67309613879638,1,-5,0
13:02:49:348,2.6026921831767136,2.0203341884083605,172.13940383119595,-0.039942615608592726,0.0809783351794392,-0.0024694264266014276,172.17093282024342,-2,5,0
13:02:49:473,2.6026921831767136,2.0203341884083605,172.13940383119595,-0.039942615608592726,0.0809783351794392,-0.0024694264266014276,172.17093282024342,-2,5,0
13:02:49:593,2.6480377708293736,2.0592280637089777,172.3123361327365,-0.0029122711316020245,0.014904872895298755,-0.0009407928675845492,172.3449845738926,0,1,0
13:02:49:719,2.6480377708293736,2.0592280637089777,172.3123361327365,-0.0029122711316020245,0.014904872895298755,-0.0009407928675845492,172.3449845738926,0,1,0
13:02:49:839,2.6480377708293736,2.0592280637089777,172.3123361327365,-0.0029122711316020245,0.014904872895298755,-0.0009407928675845492,172.3449845738926,0,1,0
13:02:49:962,2.701511632804538,2.05947072233921,171.54585198345814,0.020504706906504085,-0.0873250241220019,-0.0021134416514713575,171.5794827987568,1,-5,0
13:02:50:087,2.6985794468024995,2.0545046540629164,172.290439105766,-0.011306627262832101,-0.06721088465349641,-0.0020214773890304414,172.32381938566107,-1,-4,0
13:02:50:352,2.6480377708293736,2.0592280637089777,172.3123361327365,-0.0029122711316020245,0.014904872895298755,-0.0009407928675845492,172.3449845738926,0,1,0
13:02:50:517,2.6404215379840545,2.022156435584987,172.17533878347515,-0.03761858103840746,0.04716669715450041,-0.0033597655464473776,172.20745694583806,-2,3,0
13:02:50:682,2.694019946745659,2.0416858161791858,172.0660248082663,0.033896285604055644,-0.06312451679710604,-0.0024291626508046527,172.0992246285972,2,-4,0
13:02:50:834,2.701511632804538,2.05947072233921,171.54585198345814,0.020504706906504085,-0.0873250241220019,-0.0021134416514713575,171.5794827987568,1,-5,0
13:02:50:953,2.701511632804538,2.05947072233921,171.54585198345814,0.020504706906504085,-0.0873250241220019,-0.0021134416514713575,171.5794827987568,1,-5,0
13:02:51:071,2.674796150867831,2.060841661827628,172.39650023948906,-0.002703969771491656,-0.025531166064599854,-0.0012591256053665922,172.4295650334593,0,-1,0
13:02:51:196,2.6026921831767136,2.0203341884083605,172.13940383119595,-0.039942615608592726,0.0809783351794392,-0.0024694264266014276,172.17093282024342,-2,5,0
13:02:51:316,2.6026921831767136,2.0203341884083605,172.13940383119595,-0.039942615608592726,0.0809783351794392,-0.0024694264266014276,172.17093282024342,-2,5,0
13:02:51:436,2.674796150867831,2.060841661827628,172.39650023948906,-0.002703969771491656,-0.025531166064599854,-0.0012591256053665922,172.4295650334593,0,-1,0
13:02:51:561,2.6026921831767136,2.0203341884083605,172.13940383119595,-0.039942615608592726,0.0809783351794392,-0.0024694264266014276,172.17093282024342,-2,5,0
13:02:51:720,2.7050467639634785,2.0661489388949934,171.71465576974896,-0.0033075156147860836,-0.06385433862625312,-0.0020104391677942014,171.74838938271387,0,-4,0
13:02:51:892,2.7053969468955055,2.049711238330715,171.67685130573958,-0.0015073187617829292,-0.06680638483910242,-0.003333514597231763,171.7104008586953,0,-4,0
13:02:52:021,2.674796150867831,2.060841661827628,172.39650023948906,-0.002703969771491656,-0.025531166064599854,-0.0012591256053665922,172.4295650334593,0,-1,0
13:02:52:177,2.6026921831767136,2.0203341884083605,172.13940383119595,-0.039942615608592726,0.0809783351794392,-0.0024694264266014276,172.17093282024342,-2,5,0
13:02:52:299,2.6138204118808495,2.0555125606291016,171.83114246035754,-0.027235686923542664,0.08302126189829051,-0.0017133457641795996,171.86331402676998,-2,5,0
13:02:52:421,2.700034961832285,2.076005012703333,171.83662219556277,0.011197890978162482,-0.07813381763333686,-0.0014963672367639172,171.8703718305993,1,-4,0
13:02:52:543,2.6026921831767136,2.0203341884083605,172.13940383119595,-0.039942615608592726,0.0809783351794392,-0.0024694264266014276,172.17093282024342,-2,5,0
13:02:52:668,2.6480377708293736,2.0592280637089777,172.3123361327365,-0.0029122711316020245,0.014904872895298755,-0.0009407928675845492,172.3449845738926,0,1,0
13:02:52:794,2.674796150867831,2.060841661827628,172.39650023948906,-0.002703969771491656,-0.025531166064599854,-0.0012591256053665922,172.4295650334593,0,-1,0
13:02:52:915,2.6404215379840545,2.022156435584987,172.17533878347515,-0.03761858103840746,0.04716669715450041,-0.0033597655464473776,172.20745694583806,-2,3,0
13:02:53:041,2.698543814582374,2.092065660395037,171.9031760485665,0.0078001416554450255,-0.07285254218388015,-0.00019129919477250926,171.93708387963045,0,-4,0
13:02:53:185,2.6924864476600003,2.048852151632543,171.9502117282031,0.01996423977818985,-0.08949001371122305,-0.001494550373703857,171.98349511445556,1,-5,0
13:02:53:326,2.7028481458848197,2.0586328065009702,171.42742985605594,0.022782557421480148,-0.11842998182714985,-0.0018668767156182879,171.4610948996439,1,-7,0
13:02:53:451,2.6026921831767136,2.0203341884083605,172.13940383119595,-0.039942615608592726,0.0809783351794392,-0.0024694264266014276,172.17093282024342,-2,5,0
13:02:53:569,2.69042952690708,2.0816702733622194,172.29421385211432,0.007955405962961695,-0.07672506122346473,0.0004468769518856655,172.32779198110896,0,-4,0
13:02:53:692,2.701511632804538,2.05947072233921,171.54585198345814,0.020504706906504085,-0.0873250241220019,-0.0021134416514713575,171.5794827987568,1,-5,0
13:02:53:819,2.6769328246422837,2.080370843183041,172.38650667253907,0.0026064827952886793,-0.02733393296046764,7.596802608831939e-05,172.4198410710153,0,-2,0
13:02:53:940,2.7053969468955055,2.049711238330715,171.67685130573958,-0.0015073187617829292,-0.06680638483910242,-0.003333514597231763,171.7104008586953,0,-4,0
13:02:54:064,2.6026921831767136,2.0203341884083605,172.13940383119595,-0.039942615608592726,0.0809783351794392,-0.0024694264266014276,172.17093282024342,-2,5,0
13:02:54:226,2.6987611216372853,2.039620641137776,172.04363078180197,4.976397224355672e-05,-0.0733947961152911,-0.0026856426346627046,172.07688472463818,0,-4,0
13:02:54:353,2.7021095257184746,2.076073432381795,171.7304536275978,0.014752433091092918,-0.11017484655313557,-0.0012554194778312087,171.76425757393807,1,-6,0
13:02:54:469,2.6026921831767136,2.0203341884083605,172.13940383119595,-0.039942615608592726,0.0809783351794392,-0.0024694264266014276,172.17093282024342,-2,5,0
13:02:54:596,2.667209476208103,2.0530774972580947,172.21144574749573,-0.011564480442875339,0.0074641460904672965,-0.0019168492653770448,172.2443356979915,-1,0,0
13:02:54:762,2.6404215379840545,2.022156435584987,172.17533878347515,-0.03761858103840746,0.04716669715450041,-0.0033597655464473776,172.20745694583806,-2,3,0
13:02:54:893,2.69042952690708,2.0816702733622194,172.29421385211432,0.007955405962961695,-0.07672506122346473,0.0004468769518856655,172.32779198110896,0,-4,0
13:02:55:014,2.6480377708293736,2.0592280637089777,172.3123361327365,-0.0029122711316020245,0.014904872895298755,-0.0009407928675845492,172.3449845738926,0,1,0
13:02:55:144,2.674796150867831,2.060841661827628,172.39650023948906,-0.002703969771491656,-0.025531166064599854,-0.0012591256053665922,172.4295650334593,0,-1,0
13:02:55:297,2.6769328246422837,2.080370843183041,172.38650667253907,0.0026064827952886793,-0.02733393296046764,7.596802608831939e-05,172.4198410710153,0,-2,0
13:02:55:418,2.6770891902954954,2.045843689429655,172.37504439679034,-0.030656767365765676,-0.005186204771556242,-0.0023566103306289035,172.40797027321508,-2,0,0
13:02:55:543,2.6026921831767136,2.0203341884083605,172.13940383119595,-0.039942615608592726,0.0809783351794392,-0.0024694264266014276,172.17093282024342,-2,5,0
13:02:55:704,2.674796150867831,2.060841661827628,172.39650023948906,-0.002703969771491656,-0.025531166064599854,-0.0012591256053665922,172.4295650334593,0,-1,0
13:02:55:824,2.6026921831767136,2.0203341884083605,172.13940383119595,-0.039942615608592726,0.0809783351794392,-0.0024694264266014276,172.17093282024342,-2,5,0
13:02:55:950,2.699670331693897,2.0708287768301332,172.30580084828267,-0.012759380964997053,-0.06701437592948403,-0.0006705240527206707,172.33939061540988,-1,-4,0
13:02:56:072,2.6915844226348677,2.0655922125978443,172.2314175282492,0.011276343429937335,-0.08140286816129753,-0.0008665495724974989,172.2648323996602,1,-5,0
13:02:56:197,2.6026921831767136,2.0203341884083605,172.13940383119595,-0.039942615608592726,0.0809783351794392,-0.0024694264266014276,172.17093282024342,-2,5,0
13:02:56:317,2.6480377708293736,2.0592280637089777,172.3123361327365,-0.0029122711316020245,0.014904872895298755,-0.0009407928675845492,172.3449845738926,0,1,0
13:02:56:443,2.6480377708293736,2.0592280637089777,172.3123361327365,-0.0029122711316020245,0.014904872895298755,-0.0009407928675845492,172.3449845738926,0,1,0
13:02:56:564,2.700034961832285,2.076005012703333,171.83662219556277,0.011197890978162482,-0.07813381763333686,-0.0014963672367639172,171.8703718305993,1,-4,0
13:02:56:686,2.6480377708293736,2.0592280637089777,172.3123361327365,-0.0029122711316020245,0.014904872895298755,-0.0009407928675845492,172.3449845738926,0,1,0
13:02:56:811,2.6026921831767136,2.0203341884083605,172.13940383119595,-0.039942615608592726,0.0809783351794392,-0.0024694264266014276,172.17093282024342,-2,5,0
13:02:56:930,2.674796150867831,2.060841661827628,172.39650023948906,-0.002703969771491656,-0.025531166064599854,-0.0012591256053665922,172.4295650334593,0,-1,0
13:02:57:056,2.699105666390268,2.075524757181702,171.63932813741846,0.016369861557886254,-0.08008958290854995,-0.0008305940407741271,171.67309613879638,1,-5,0
13:02:57:179,2.701511632804538,2.05947072233921,171.54585198345814,0.020504706906504085,-0.0873250241220019,-0.0021134416514713575,171.5794827987568,1,-5,0
13:02:57:301,2.6985794468024995,2.0545046540629164,172.290439105766,-0.011306627262832101,-0.06721088465349641,-0.0020214773890304414,172.32381938566107,-1,-4,0
13:02:57:429,2.6480377708293736,2.0592280637089777,172.3123361327365,-0.0029122711316020245,0.014904872895298755,-0.0009407928675845492,172.3449845738926,0,1,0
13:02:57:547,2.690530305860045,2.0649731494087287,172.03635022477755,0.016103888000825545,-0.08309764372567614,-0.00020084520403715068,172.06977906098692,1,-5,0
13:02:57:671,2.701511632804538,2.05947072233921,171.54585198345814,0.020504706906504085,-0.0873250241220019,-0.0021134416514713575,171.5794827987568,1,-5,0
13:02:57:791,2.6404215379840545,2.022156435584987,172.17533878347515,-0.03761858103840746,0.04716669715450041,-0.0033597655464473776,172.20745694583806,-2,3,0
13:02:57:917,2.6404215379840545,2.022156435584987,172.17533878347515,-0.03761858103840746,0.04716669715450041,-0.0033597655464473776,172.20745694583806,-2,3,0
13:02:58:037,2.6480377708293736,2.0592280637089777,172.3123361327365,-0.0029122711316020245,0.014904872895298755,-0.0009407928675845492,172.3449845738926,0,1,0
13:02:58:162,2.69042952690708,2.0816702733622194,172.29421385211432,0.007955405962961695,-0.07672506122346473,0.0004468769518856655,172.32779198110896,0,-4,0
13:02:58:287,2.674796150867831,2.060841661827628,172.39650023948906,-0.002703969771491656,-0.025531166064599854,-0.0012591256053665922,172.4295650334593,0,-1,0
13:02:58:407,2.6866204130670552,2.068498138465275,172.3417504126945,-0.01839385981288934,-0.01910089505789453,-0.0009761440575685603,172.3751013026656,-1,-1,0
13:02:58:556,2.6769328246422837,2.080370843183041,172.38650667253907,0.0026064827952886793,-0.02733393296046764,7.596802608831939e-05,172.4198410710153,0,-2,0
13:02:58:695,2.6915844226348677,2.0655922125978443,172.2314175282492,0.011276343429937335,-0.08140286816129753,-0.0008665495724974989,172.2648323996602,1,-5,0
13:02:58:819,2.699105666390268,2.075524757181702,171.63932813741846,0.016369861557886254,-0.08008958290854995,-0.0008305940407741271,171.67309613879638,1,-5,0
13:02:58:946,2.6769328246422837,2.080370843183041,172.38650667253907,0.0026064827952886793,-0.02733393296046764,7.596802608831939e-05,172.4198410710153,0,-2,0
13:02:59:070,2.667209476208103,2.0530774972580947,172.21144574749573,-0.011564480442875339,0.0074641460904672965,-0.0019168492653770448,172.2443356979915,-1,0,0
13:02:59:188,2.667209476208103,2.0530774972580947,172.21144574749573,-0.011564480442875339,0.0074641460904672965,-0.0019168492653770448,172.2443356979915,-1,0,0
13:02:59:312,2.7028481458848197,2.0586328065009702,171.42742985605594,0.022782557421480148,-0.11842998182714985,-0.0018668767156182879,171.4610948996439,1,-7,0
13:02:59:476,2.6480377708293736,2.0592280637089777,172.3123361327365,-0.0029122711316020245,0.014904872895298755,-0.0009407928675845492,172.3449845738926,0,1,0
13:02:59:599,2.698543814582374,2.092065660395037,171.9031760485665,0.0078001416554450255,-0.07285254218388015,-0.00019129919477250926,171.93708387963045,0,-4,0
13:02:59:720,2.6026921831767136,2.0203341884083605,172.13940383119595,-0.039942615608592726,0.0809783351794392,-0.0024694264266014276,172.17093282024342,-2,5,0
13:02:59:843,2.690530305860045,2.0649731494087287,172.03635022477755,0.016103888000825545,-0.08309764372567614,-0.00020084520403715068,172.06977906098692,1,-5,0
13:02:59:967,2.6026921831767136,2.0203341884083605,172.13940383119595,-0.039942615608592726,0.0809783351794392,-0.0024694264266014276,172.17093282024342,-2,5,0
13:03:00:092,2.690530305860045,2.0649731494087287,172.03635022477755,0.016103888000825545,-0.08309764372567614,-0.00020084520403715068,172.06977906098692,1,-5,0
13:03:00:223,2.6480377708293736,2.0592280637089777,172.3123361327365,-0.0029122711316020245,0.014904872895298755,-0.0009407928675845492,172.3449845738926,0,1,0
13:03:00:345,2.6026921831767136,2.0203341884083605,172.13940383119595,-0.039942615608592726,0.0809783351794392,-0.0024694264266014276,172.17093282024342,-2,5,0
13:03:00:594,2.6026921831767136,2.0203341884083605,172.13940383119595,-0.039942615608592726,0.0809783351794392,-0.0024694264266014276,172.17093282024342,-2,5,0
13:03:00:732,2.7053969468955055,2.049711238330715,171.67685130573958,-0.0015073187617829292,-0.06680638483910242,-0.003333514597231763,171.7104008586953,0,-4,0
13:03:00:912,2.6026921831767136,2.0203341884083605,172.13940383119595,-0.039942615608592726,0.0809783351794392,-0.0024694264266014276,172.17093282024342,-2,5,0
13:03:01:272,2.701366436256153,2.0913897108386634,171.80680403748056,0.00967638358797527,-0.10600787221435055,5.5999483493286786e-05,171.84076700573348,1,-6,0
13:03:01:424,2.699105666390268,2.075524757181702,171.63932813741846,0.016369861557886254,-0.08008958290854995,-0.0008305940407741271,171.67309613879638,1,-5,0
13:03:01:603,2.674796150867831,2.060841661827628,172.39650023948906,-0.002703969771491656,-0.025531166064599854,-0.0012591256053665922,172.4295650334593,0,-1,0
13:03:01:744,2.6924864476600003,2.048852151632543,171.9502117282031,0.01996423977818985,-0.08949001371122305,-0.001494550373703857,171.98349511445556,1,-5,0
13:03:01:864,2.6924864476600003,2.048852151632543,171.9502117282031,0.01996423977818985,-0.08949001371122305,-0.001494550373703857,171.98349511445556,1,-5,0
13:03:01:977,2.6026921831767136,2.0203341884083605,172.13940383119595,-0.039942615608592726,0.0809783351794392,-0.0024694264266014276,172.17093282024342,-2,5,0
13:03:02:155,2.698543814582374,2.092065660395037,171.9031760485665,0.0078001416554450255,-0.07285254218388015,-0.00019129919477250926,171.93708387963045,0,-4,0
13:03:02:301,2.690530305860045,2.0649731494087287,172.03635022477755,0.016103888000825545,-0.08309764372567614,-0.00020084520403715068,172.06977906098692,1,-5,0
13:03:02:430,2.6480377708293736,2.0592280637089777,172.3123361327365,-0.0029122711316020245,0.014904872895298755,-0.0009407928675845492,172.3449845738926,0,1,0
13:03:02:550,2.6924864476600003,2.048852151632543,171.9502117282031,0.01996423977818985,-0.08949001371122305,-0.001494550373703857,171.98349511445556,1,-5,0
13:03:02:683,2.6026921831767136,2.0203341884083605,172.13940383119595,-0.039942615608592726,0.0809783351794392,-0.0024694264266014276,172.17093282024342,-2,5,0
13:03:02:802,2.69042952690708,2.0816702733622194,172.29421385211432,0.007955405962961695,-0.07672506122346473,0.0004468769518856655,172.32779198110896,0,-4,0
13:03:02:922,2.6026921831767136,2.0203341884083605,172.13940383119595,-0.039942615608592726,0.0809783351794392,-0.0024694264266014276,172.17093282024342,-2,5,0
13:03:03:042,2.699105666390268,2.075524757181702,171.63932813741846,0.016369861557886254,-0.08008958290854995,-0.0008305940407741271,171.67309613879638,1,-5,0
13:03:03:169,2.6026921831767136,2.0203341884083605,172.13940383119595,-0.039942615608592726,0.0809783351794392,-0.0024694264266014276,172.17093282024342,-2,5,0
13:03:03:331,2.700034961832285,2.076005012703333,171.83662219556277,0.011197890978162482,-0.07813381763333686,-0.0014963672367639172,171.8703718305993,1,-4,0
13:03:03:496,2.6924864476600003,2.048852151632543,171.9502117282031,0.01996423977818985,-0.08949001371122305,-0.001494550373703857,171.98349511445556,1,-5,0
13:03:03:622,2.6770891902954954,2.045843689429655,172.37504439679034,-0.030656767365765676,-0.005186204771556242,-0.0023566103306289035,172.40797027321508,-2,0,0
13:03:03:744,2.6480377708293736,2.0592280637089777,172.3123361327365,-0.0029122711316020245,0.014904872895298755,-0.0009407928675845492,172.3449845738926,0,1,0
13:03:03:866,2.7005970177279024,2.0669630703874,171.28841823965803,0.011363894322845408,-0.11810637134590292,-0.001171493550971736,171.32217539953933,1,-7,0
13:03:04:032,2.674796150867831,2.060841661827628,172.39650023948906,-0.002703969771491656,-0.025531166064599854,-0.0012591256053665922,172.4295650334593,0,-1,0
13:03:04:152,2.6924864476600003,2.048852151632543,171.9502117282031,0.01996423977818985,-0.08949001371122305,-0.001494550373703857,171.98349511445556,1,-5,0
13:03:04:272,2.6026921831767136,2.0203341884083605,172.13940383119595,-0.039942615608592726,0.0809783351794392,-0.0024694264266014276,172.17093282024342,-2,5,0
13:03:04:399,2.7028481458848197,2.0586328065009702,171.42742985605594,0.022782557421480148,-0.11842998182714985,-0.0018668767156182879,171.4610948996439,1,-7,0
13:03:04:519,2.690530305860045,2.0649731494087287,172.03635022477755,0.016103888000825545,-0.08309764372567614,-0.00020084520403715068,172.06977906098692,1,-5,0
13:03:04:648,2.701820766558793,2.07411650482236,171.51910590092854,0.017653611054290034,-0.11350529103129088,-0.0005679211082457652,171.55292327379362,1,-7,0
13:03:04:764,2.674796150867831,2.060841661827628,172.39650023948906,-0.002703969771491656,-0.025531166064599854,-0.0012591256053665922,172.4295650334593,0,-1,0
13:03:04:904,2.674796150867831,2.060841661827628,172.39650023948906,-0.002703969771491656,-0.025531166064599854,-0.0012591256053665922,172.4295650334593,0,-1,0
13:03:05:013,2.674796150867831,2.060841661827628,172.39650023948906,-0.002703969771491656,-0.025531166064599854,-0.0012591256053665922,172.4295650334593,0,-1,0
13:03:05:139,2.6480377708293736,2.0592280637089777,172.3123361327365,-0.0029122711316020245,0.014904872895298755,-0.0009407928675845492,172.3449845738926,0,1,0
13:03:05:257,2.701511632804538,2.05947072233921,171.54585198345814,0.020504706906504085,-0.0873250241220019,-0.0021134416514713575,171.5794827987568,1,-5,0
13:03:05:379,2.700034961832285,2.076005012703333,171.83662219556277,0.011197890978162482,-0.07813381763333686,-0.0014963672367639172,171.8703718305993,1,-4,0
13:03:05:506,2.7053969468955055,2.049711238330715,171.67685130573958,-0.0015073187617829292,-0.06680638483910242,-0.003333514597231763,171.7104008586953,0,-4,0
13:03:05:623,2.6480377708293736,2.0592280637089777,172.3123361327365,-0.0029122711316020245,0.014904872895298755,-0.0009407928675845492,172.3449845738926,0,1,0
13:03:05:748,2.7043845589505526,2.064112095223031,171.9297082644241,-0.013935520617953395,-0.059160528740225454,-0.002676433535013229,171.9633648149347,-1,-3,0
13:03:05:879,2.6769328246422837,2.080370843183041,172.38650667253907,0.0026064827952886793,-0.02733393296046764,7.596802608831939e-05,172.4198410710153,0,-2,0
13:03:06:037,2.674796150867831,2.060841661827628,172.39650023948906,-0.002703969771491656,-0.025531166064599854,-0.0012591256053665922,172.4295650334593,0,-1,0
13:03:06:200,2.6770891902954954,2.045843689429655,172.37504439679034,-0.030656767365765676,-0.005186204771556242,-0.0023566103306289035,172.40797027321508,-2,0,0
13:03:06:324,2.674796150867831,2.060841661827628,172.39650023948906,-0.002703969771491656,-0.025531166064599854,-0.0012591256053665922,172.4295650334593,0,-1,0
13:03:06:443,2.6770891902954954,2.045843689429655,172.37504439679034,-0.030656767365765676,-0.005186204771556242,-0.0023566103306289035,172.40797027321508,-2,0,0
13:03:06:571,2.674796150867831,2.060841661827628,172.39650023948906,-0.002703969771491656,-0.025531166064599854,-0.0012591256053665922,172.4295650334593,0,-1,0
13:03:06:691,2.674796150867831,2.060841661827628,172.39650023948906,-0.002703969771491656,-0.025531166064599854,-0.0012591256053665922,172.4295650334593,0,-1,0
13:03:06:815,2.6924864476600003,2.048852151632543,171.9502117282031,0.01996423977818985,-0.08949001371122305,-0.001494550373703857,171.98349511445556,1,-5,0
13:03:06:940,2.7114834216666064,2.0506411590279474,171.5170542916134,0.005317069081424512,-0.1062772966238048,-0.0030542039609176654,171.55074230204116,0,-6,0
13:03:07:063,2.6026921831767136,2.0203341884083605,172.13940383119595,-0.039942615608592726,0.0809783351794392,-0.0024694264266014276,172.17093282024342,-2,5,0
13:03:07:184,2.6770891902954954,2.045843689429655,172.37504439679034,-0.030656767365765676,-0.005186204771556242,-0.0023566103306289035,172.40797027321508,-2,0,0
13:03:07:304,2.6769328246422837,2.080370843183041,172.38650667253907,0.0026064827952886793,-0.02733393296046764,7.596802608831939e-05,172.4198410710153,0,-2,0
13:03:07:429,2.6480377708293736,2.0592280637089777,172.3123361327365,-0.0029122711316020245,0.014904872895298755,-0.0009407928675845492,172.3449845738926,0,1,0
13:03:07:552,2.701511632804538,2.05947072233921,171.54585198345814,0.020504706906504085,-0.0873250241220019,-0.0021134416514713575,171.5794827987568,1,-5,0
13:03:07:705,2.701511632804538,2.05947072233921,171.54585198345814,0.020504706906504085,-0.0873250241220019,-0.0021134416514713575,171.5794827987568,1,-5,0
13:03:07:841,2.694019946745659,2.0416858161791858,172.0660248082663,0.033896285604055644,-0.06312451679710604,-0.0024291626508046527,172.0992246285972,2,-4,0
13:03:07:963,2.667209476208103,2.0530774972580947,172.21144574749573,-0.011564480442875339,0.0074641460904672965,-0.0019168492653770448,172.2443356979915,-1,0,0
13:03:08:084,2.7043845589505526,2.064112095223031,171.9297082644241,-0.013935520617953395,-0.059160528740225454,-0.002676433535013229,171.9633648149347,-1,-3,0
13:03:08:209,2.7050467639634785,2.0661489388949934,171.71465576974896,-0.0033075156147860836,-0.06385433862625312,-0.0020104391677942014,171.74838938271387,0,-4,0
13:03:08:329,2.6026921831767136,2.0203341884083605,172.13940383119595,-0.039942615608592726,0.0809783351794392,-0.0024694264266014276,172.17093282024342,-2,5,0
13:03:08:459,2.7028481458848197,2.0586328065009702,171.42742985605594,0.022782557421480148,-0.11842998182714985,-0.0018668767156182879,171.4610948996439,1,-7,0
13:03:08:580,2.6915844226348677,2.0655922125978443,172.2314175282492,0.011276343429937335,-0.08140286816129753,-0.0008665495724974989,172.2648323996602,1,-5,0
13:03:08:703,2.701511632804538,2.05947072233921,171.54585198345814,0.020504706906504085,-0.0873250241220019,-0.0021134416514713575,171.5794827987568,1,-5,0
13:03:08:827,2.6404215379840545,2.022156435584987,172.17533878347515,-0.03761858103840746,0.04716669715450041,-0.0033597655464473776,172.20745694583806,-2,3,0
13:03:08:945,2.674796150867831,2.060841661827628,172.39650023948906,-0.002703969771491656,-0.025531166064599854,-0.0012591256053665922,172.4295650334593,0,-1,0
13:03:09:108,2.674796150867831,2.060841661827628,172.39650023948906,-0.002703969771491656,-0.025531166064599854,-0.0012591256053665922,172.4295650334593,0,-1,0
13:03:09:238,2.698543814582374,2.092065660395037,171.9031760485665,0.0078001416554450255,-0.07285254218388015,-0.00019129919477250926,171.93708387963045,0,-4,0
13:03:09:356,2.6026921831767136,2.0203341884083605,172.13940383119595,-0.039942615608592726,0.0809783351794392,-0.0024694264266014276,172.17093282024342,-2,5,0
13:03:09:478,2.701511632804538,2.05947072233921,171.54585198345814,0.020504706906504085,-0.0873250241220019,-0.0021134416514713575,171.5794827987568,1,-5,0
13:03:09:648,2.698543814582374,2.092065660395037,171.9031760485665,0.0078001416554450255,-0.07285254218388015,-0.00019129919477250926,171.93708387963045,0,-4,0
13:03:09:768,2.6480377708293736,2.0592280637089777,172.3123361327365,-0.0029122711316020245,0.014904872895298755,-0.0009407928675845492,172.3449845738926,0,1,0
13:03:09:891,2.69042952690708,2.0816702733622194,172.29421385211432,0.007955405962961695,-0.07672506122346473,0.0004468769518856655,172.32779198110896,0,-4,0
13:03:10:012,2.6480377708293736,2.0592280637089777,172.3123361327365,-0.0029122711316020245,0.014904872895298755,-0.0009407928675845492,172.3449845738926,0,1,0
13:03:10:147,2.674796150867831,2.060841661827628,172.39650023948906,-0.002703969771491656,-0.025531166064599854,-0.0012591256053665922,172.4295650334593,0,-1,0
13:03:10:259,2.6026921831767136,2.0203341884083605,172.13940383119595,-0.039942615608592726,0.0809783351794392,-0.0024694264266014276,172.17093282024342,-2,5,0
13:03:10:381,2.6026921831767136,2.0203341884083605,172.13940383119595,-0.039942615608592726,0.0809783351794392,-0.0024694264266014276,172.17093282024342,-2,5,0
13:03:10:516,2.6769328246422837,2.080370843183041,172.38650667253907,0.0026064827952886793,-0.02733393296046764,7.596802608831939e-05,172.4198410710153,0,-2,0
13:03:10:629,2.6026921831767136,2.0203341884083605,172.13940383119595,-0.039942615608592726,0.0809783351794392,-0.0024694264266014276,172.17093282024342,-2,5,0
13:03:10:754,2.6924864476600003,2.048852151632543,171.9502117282031,0.01996423977818985,-0.08949001371122305,-0.001494550373703857,171.98349511445556,1,-5,0
13:03:10:873,2.6915844226348677,2.0655922125978443,172.2314175282492,0.011276343429937335,-0.08140286816129753,-0.0008665495724974989,172.2648323996602,1,-5,0
13:03:11:000,2.674796150867831,2.060841661827628,172.39650023948906,-0.002703969771491656,-0.025531166064599854,-0.0012591256053665922,172.4295650334593,0,-1,0
13:03:11:213,2.6026921831767136,2.0203341884083605,172.13940383119595,-0.039942615608592726,0.0809783351794392,-0.0024694264266014276,172.17093282024342,-2,5,0
13:03:11:325,2.6026921831767136,2.0203341884083605,172.13940383119595,-0.039942615608592726,0.0809783351794392,-0.0024694264266014276,172.17093282024342,-2,5,0
13:03:11:447,2.6026921831767136,2.0203341884083605,172.13940383119595,-0.039942615608592726,0.0809783351794392,-0.0024694264266014276,172.17093282024342,-2,5,0
13:03:11:614,2.667209476208103,2.0530774972580947,172.21144574749573,-0.011564480442875339,0.0074641460904672965,-0.0019168492653770448,172.2443356979915,-1,0,0
13:03:11:739,2.5673376764444096,2.0359000507468004,171.4325131298633,-0.053123428418250476,0.12096630830802087,-0.002596145123678669,171.46382320997708,-3,7,0
13:03:11:856,2.698543814582374,2.092065660395037,171.9031760485665,0.0078001416554450255,-0.07285254218388015,-0.00019129919477250926,171.93708387963045,0,-4,0
13:03:11:982,2.699105666390268,2.075524757181702,171.63932813741846,0.016369861557886254,-0.08008958290854995,-0.0008305940407741271,171.67309613879638,1,-5,0
13:03:12:169,2.698459940703081,2.0558757937337937,172.08428310402996,-0.002246001298989324,-0.0704811138107261,-0.0013581488291374776,172.11771786413732,0,-4,0
13:03:12:302,2.6480377708293736,2.0592280637089777,172.3123361327365,-0.0029122711316020245,0.014904872895298755,-0.0009407928675845492,172.3449845738926,0,1,0
13:03:12:442,2.699105666390268,2.075524757181702,171.63932813741846,0.016369861557886254,-0.08008958290854995,-0.0008305940407741271,171.67309613879638,1,-5,0
13:03:12:576,2.6924864476600003,2.048852151632543,171.9502117282031,0.01996423977818985,-0.08949001371122305,-0.001494550373703857,171.98349511445556,1,-5,0
13:03:12:758,2.6769328246422837,2.080370843183041,172.38650667253907,0.0026064827952886793,-0.02733393296046764,7.596802608831939e-05,172.4198410710153,0,-2,0
13:03:12:883,2.701366436256153,2.0913897108386634,171.80680403748056,0.00967638358797527,-0.10600787221435055,5.5999483493286786e-05,171.84076700573348,1,-6,0
13:03:13:004,2.6480377708293736,2.0592280637089777,172.3123361327365,-0.0029122711316020245,0.014904872895298755,-0.0009407928675845492,172.3449845738926,0,1,0
13:03:13:131,2.6924864476600003,2.048852151632543,171.9502117282031,0.01996423977818985,-0.08949001371122305,-0.001494550373703857,171.98349511445556,1,-5,0
13:03:13:292,2.6769328246422837,2.080370843183041,172.38650667253907,0.0026064827952886793,-0.02733393296046764,7.596802608831939e-05,172.4198410710153,0,-2,0
13:03:13:415,2.6769328246422837,2.080370843183041,172.38650667253907,0.0026064827952886793,-0.02733393296046764,7.596802608831939e-05,172.4198410710153,0,-2,0
13:03:13:539,2.6480377708293736,2.0592280637089777,172.3123361327365,-0.0029122711316020245,0.014904872895298755,-0.0009407928675845492,172.3449845738926,0,1,0
13:03:13:660,2.667209476208103,2.0530774972580947,172.21144574749573,-0.011564480442875339,0.0074641460904672965,-0.0019168492653770448,172.2443356979915,-1,0,0
13:03:13:782,2.6480377708293736,2.0592280637089777,172.3123361327365,-0.0029122711316020245,0.014904872895298755,-0.0009407928675845492,172.3449845738926,0,1,0
13:03:13:907,2.6026921831767136,2.0203341884083605,172.13940383119595,-0.039942615608592726,0.0809783351794392,-0.0024694264266014276,172.17093282024342,-2,5,0
13:03:14:029,2.706023225036672,2.080910005549833,171.93587216992307,-0.014128977511328711,-0.059974844684429186,-0.0013242285278578965,171.96975573332006,-1,-3,0
13:03:14:156,2.699105666390268,2.075524757181702,171.63932813741846,0.016369861557886254,-0.08008958290854995,-0.0008305940407741271,171.67309613879638,1,-5,0
13:03:14:276,2.667209476208103,2.0530774972580947,172.21144574749573,-0.011564480442875339,0.0074641460904672965,-0.0019168492653770448,172.2443356979915,-1,0,0
13:03:14:398,2.6480377708293736,2.0592280637089777,172.3123361327365,-0.0029122711316020245,0.014904872895298755,-0.0009407928675845492,172.3449845738926,0,1,0
13:03:14:521,2.6899813501673333,2.0585327972234473,172.15596454699596,0.031298870636400286,-0.053424791492347294,-0.0011723787530944895,172.18928446929564,2,-3,0
13:03:14:648,2.6770891902954954,2.045843689429655,172.37504439679034,-0.030656767365765676,-0.005186204771556242,-0.0023566103306289035,172.40797027321508,-2,0,0
13:03:14:773,2.6480377708293736,2.0592280637089777,172.3123361327365,-0.0029122711316020245,0.014904872895298755,-0.0009407928675845492,172.3449845738926,0,1,0
13:03:14:890,2.690530305860045,2.0649731494087287,172.03635022477755,0.016103888000825545,-0.08309764372567614,-0.00020084520403715068,172.06977906098692,1,-5,0
13:03:15:011,2.701511632804538,2.05947072233921,171.54585198345814,0.020504706906504085,-0.0873250241220019,-0.0021134416514713575,171.5794827987568,1,-5,0
13:03:15:135,2.701511632804538,2.05947072233921,171.54585198345814,0.020504706906504085,-0.0873250241220019,-0.0021134416514713575,171.5794827987568,1,-5,0
13:03:15:284,2.699670331693897,2.0708287768301332,172.30580084828267,-0.012759380964997053,-0.06701437592948403,-0.0006705240527206707,172.33939061540988,-1,-4,0
13:03:15:424,2.7028481458848197,2.0586328065009702,171.42742985605594,0.022782557421480148,-0.11842998182714985,-0.0018668767156182879,171.4610948996439,1,-7,0
13:03:15:548,2.698459940703081,2.0558757937337937,172.08428310402996,-0.002246001298989324,-0.0704811138107261,-0.0013581488291374776,172.11771786413732,0,-4,0
13:03:15:668,2.6985794468024995,2.0545046540629164,172.290439105766,-0.011306627262832101,-0.06721088465349641,-0.0020214773890304414,172.32381938566107,-1,-4,0
13:03:15:794,2.6026921831767136,2.0203341884083605,172.13940383119595,-0.039942615608592726,0.0809783351794392,-0.0024694264266014276,172.17093282024342,-2,5,0
13:03:15:911,2.6026921831767136,2.0203341884083605,172.13940383119595,-0.039942615608592726,0.0809783351794392,-0.0024694264266014276,172.17093282024342,-2,5,0
13:03:16:038,2.6404215379840545,2.022156435584987,172.17533878347515,-0.03761858103840746,0.04716669715450041,-0.0033597655464473776,172.20745694583806,-2,3,0
13:03:16:159,3.6218933583845367,3.7719694213799855,159.63186184282816,0.7198882739207926,-0.05928823155655217,0.13466249620384643,159.71749177915083,41,-6,6
13:03:16:284,2.8953842217719967,2.1769931995465464,179.0660278826234,0.044981247954458355,-0.12407168721538471,0.004985405131717443,179.10266578374265,3,-7,0
13:03:16:406,3.103464592450695,2.17943645725848,187.5550272794412,0.07052483497748233,-0.1426647500949785,-0.0031131721920741803,187.59336260523654,4,-8,0
13:03:16:544,3.3184312826294,2.2384967251727286,198.43027257349152,0.01130007494839462,-0.1631452191907901,-0.003388722296778778,198.47064248234872,1,-9,0
13:03:16:652,err,err,err,err,err,err,err,err,err,err
13:03:16:773,3.5968384305687304,2.3696013849607436,216.092856739488,-0.005186368192504732,-0.12171028112367592,-0.0027606078396384516,216.13577906319009,0,-7,0
13:03:16:899,3.7545843398062746,2.432405461092048,220.79259456299715,0.03340937164663687,-0.1450327385069543,0.0023349501614536843,220.8379118578871,2,-8,0
13:03:17:022,3.1232369567903815,5.241610836674038,191.27501170427047,1.0371534609135349,0.013211093319378137,-0.012405409490070388,191.37230519518806,59,1,0
13:03:17:144,err,err,err,err,err,err,err,err,err,err
13:03:17:270,3.7298757295848133,2.3537498566163344,223.63731199706464,0.010331939523151043,-0.09593420903402057,-0.00010542996822563545,223.6807980775688,1,-5,0
13:03:17:390,3.783539016700466,2.3960038625240316,223.2952986897026,0.06728713225037512,-0.07862091216667114,-0.0007410525591763883,223.3402033197866,4,-4,0
13:03:17:513,3.746137640849907,2.345220197062235,223.03124784349941,0.00975468987609742,-0.10104517060189386,0.0021165136919549738,223.0750347296294,1,-6,0
13:03:17:642,3.7482466724442562,2.3623275581548513,223.26017206370787,0.04227316159431285,-0.09627737379484963,0.0011210625156338869,223.30412977490127,2,-6,0
13:03:17:808,3.7615499452845484,2.3582388646470815,223.03196855445478,-0.011591164806006513,-0.09210507941265517,0.0006872401838898162,223.07615189842437,-1,-5,0
13:03:17:937,3.7908714121934413,2.335998396569088,223.00284726042312,-0.011929964078739893,-0.10658861187779027,0.002099627135142891,223.0472987525923,-1,-6,0
13:03:18:059,3.79495856442209,2.3652073897749224,222.9821332590758,0.007230732860762201,-0.11839281471861203,-0.0008213889170735453,223.02696623787574,0,-7,0
13:03:18:170,3.8041868979536138,2.361169175337277,223.1468499418771,-0.008331279531381849,-0.1339155945109091,-0.0006660980467789556,223.19176417782924,0,-8,0
13:03:18:346,3.7502785717378497,2.40300975091639,220.45685074431083,0.026192338835928572,-0.11009944731192736,-0.0014055061339436777,220.5018414556395,2,-6,0
13:03:18:458,3.764661849401106,2.387099220271516,220.97640939046283,0.022214079045700594,-0.08207464403105326,-0.003654930762056389,221.02136645272373,1,-5,0
13:03:18:584,3.7864318690033443,2.4313109742806707,221.54465314891613,0.00578511679595743,-0.10978375508892872,-0.0040101750290114846,221.59034653663463,0,-6,0
13:03:18:742,3.7371522230531777,2.386994775663186,221.22182667587143,0.0138214474453071,-0.06301623024641757,-0.0038727033328206984,221.26626640454396,1,-4,0
13:03:18:911,3.7784865028070302,2.4062040296077067,221.6443659085454,0.04411401249723951,-0.08157647165504914,-0.0007926594177021515,221.68962925018656,3,-5,0
13:03:19:032,3.785588612461555,2.441711940144391,222.49314873656454,-0.0025532788296182183,-0.07551907894382474,-0.0036283741580130494,222.53874690276405,0,-4,0
13:03:19:154,3.7442001793656545,2.4078955716984995,222.00182101614976,0.036726311000798297,-0.08839167920412686,-0.0005797516691106289,222.04644903838016,2,-5,0
13:03:19:279,3.7641601731470846,2.477173324209279,221.45906856904753,0.06299077241559509,-0.09824095708509989,0.0007592582746913595,221.504908164486,4,-6,0
13:03:19:416,3.763444569369623,2.4139242350818138,221.45326041178447,0.06719359652791627,-0.09675058694873885,0.0007164825851196638,221.49839072157852,4,-6,0
13:03:19:527,3.7420928747610445,2.4392081703008444,222.45741941369388,0.04350229069274327,-0.07025266453587031,-0.0016531701507141031,222.50226166891318,2,-4,0
13:03:19:653,err,err,err,err,err,err,err,err,err,err
13:03:19:775,err,err,err,err,err,err,err,err,err,err
13:03:19:892,3.69714651706444,2.422038977471767,221.21972767135674,0.04452182051047836,-0.10483090563576122,6.15503113296453e-05,221.26387657312313,3,-6,0
13:03:20:058,3.7451901531885023,2.4508676183442146,221.78728834771613,0.04249981161606429,-0.09935276348858466,-0.0022119229632609175,221.8324468467117,2,-6,0
13:03:20:180,err,err,err,err,err,err,err,err,err,err
13:03:20:302,3.639516497294185,2.3245028075114473,220.42090124075128,-0.12199735733934274,0.020467983273076824,-0.001871957256969408,220.46320123190907,-7,1,0
13:03:20:428,err,err,err,err,err,err,err,err,err,err
13:03:20:548,err,err,err,err,err,err,err,err,err,err
13:03:20:672,err,err,err,err,err,err,err,err,err,err
13:03:20:792,err,err,err,err,err,err,err,err,err,err
13:03:20:916,err,err,err,err,err,err,err,err,err,err
13:03:21:048,err,err,err,err,err,err,err,err,err,err
13:03:21:185,err,err,err,err,err,err,err,err,err,err
13:03:21:306,3.8485597865353998,2.1455394769805594,220.08900582299725,-0.20594839796877024,0.014879594372846798,-0.005280135909563006,220.13310799657813,-12,1,0
13:03:21:535,3.8658443460231804,2.1823642026468106,219.83081657819935,-0.21911386705034844,0.07264710924554864,-0.0026373471237550543,219.875636175222,-13,4,-1
13:03:21:659,3.858021320627539,2.1115730979557483,219.23224463445342,-0.20949209914985178,0.06476858383654026,-0.0030329939268129457,219.27635567228688,-12,4,-1
13:03:21:781,3.872872568135696,2.1977661979178893,221.5034959381692,-0.09303342195546595,0.022184034662937505,-0.0030344880305459686,221.5482521506777,-5,1,0
13:03:21:902,3.879487537071676,2.343381263089051,221.3551431114545,0.0573834038702958,0.0043122652138511425,-0.00421064309151891,221.40153847972013,3,0,0
13:03:22:052,3.9156840872307708,2.2747588573945436,221.64195034748587,0.04099713343722214,-0.01224995132519301,-0.0026212429299184406,221.6882073173214,2,-1,0
13:03:22:192,3.846519992186392,2.292431187292345,220.99463815902863,0.051668055363342104,0.06149489798804292,-0.0004080514604747012,221.0399987600406,3,4,0
13:03:22:319,3.856797384403769,2.312561743060025,221.30086905242277,0.0860262949909584,0.00915202951198487,-0.0013412522773584383,221.34655513749786,5,1,0
13:03:22:438,3.8610461914400687,2.284171611858087,221.19214194615773,0.07477390344635672,0.03862547285034688,-0.0012619882457913139,221.2376296572851,4,2,0
13:03:22:564,3.8769576814731534,2.2821599785041347,221.27531416395365,0.06802871036530074,0.006525288032006462,-0.004321887515578101,221.32104218394556,4,0,0
13:03:22:742,3.84075735737986,2.3108478657471294,220.50224065661513,0.10463607396147029,0.01094010415923731,-0.003007866505623613,220.5477942975733,6,1,0
13:03:22:897,3.8498171763216202,2.2853805590856213,220.58410663508863,0.09439607758477846,-0.005631597897676538,-0.004454780720959681,220.62953600230205,5,0,0
13:03:23:013,3.8817764181416807,2.3364360248132976,221.0338365935531,0.09785155923093809,-0.007100051678840987,-0.002309377209396636,221.0802660590131,6,0,0
13:03:23:130,3.847544234179247,2.2816095765230515,221.29940263579098,0.06613575551954312,0.02189119491120838,-0.004551795652164748,221.3446067692899,4,1,0
13:03:23:256,3.8442868117933338,2.289407774913065,220.70996307586722,0.05334992433297729,0.009734480627724036,-0.0034377939372208757,220.75531189532413,3,1,0
13:03:23:382,3.8451749716146195,2.2953904321549485,220.01294717967167,0.08616069167793713,0.026049871225239385,-0.0038283256212421706,220.05851747770035,5,2,0
13:03:23:501,3.8351502928769023,2.2023379480478247,221.03417765317607,-0.12536046024619096,0.04243641855552847,-0.001350607163900856,221.07841676885187,-7,2,0
13:03:23:624,3.8671026412689935,2.3091809170693987,221.14254381983247,0.08326911152318144,0.0231558532639302,-0.002903055438797589,221.1884072153249,5,1,0
13:03:23:745,3.8646992970261254,2.277863001259543,221.34189262400196,0.007760264087467262,0.03392443624083102,-0.0031737261760076277,221.38734830808232,0,2,0
13:03:23:870,3.8769576814731534,2.2821599785041347,221.27531416395365,0.06802871036530074,0.006525288032006462,-0.004321887515578101,221.32104218394556,4,0,0
13:03:23:992,3.865205688390319,2.229897834121013,221.50510276002422,-0.12736133336014485,0.03816835036925817,-0.003615865060898592,221.550045831846,-7,2,0
13:03:24:156,3.8610461914400687,2.284171611858087,221.19214194615773,0.07477390344635672,0.03862547285034688,-0.0012619882457913139,221.2376296572851,4,2,0
13:03:24:282,3.8494761817173404,2.315724086189096,220.68612067121163,0.1093801736360144,-0.0026457635819340662,-0.005486083340033177,220.73183934771518,6,0,0
13:03:24:402,3.8671026412689935,2.3091809170693987,221.14254381983247,0.08326911152318144,0.0231558532639302,-0.002903055438797589,221.1884072153249,5,1,0
13:03:24:524,3.8263158803605752,2.3180638332657493,220.9250146131397,0.10772190404995671,0.01446220400764075,-0.0007995465533838567,220.9703061385565,6,1,0
13:03:24:655,3.8528754651178865,2.1774333659945926,220.82110555290998,-0.12625467006726973,-0.005354396721791687,-0.0010510432646699457,220.8654489118261,-7,0,0
13:03:24:813,3.8671026412689935,2.3091809170693987,221.14254381983247,0.08326911152318144,0.0231558532639302,-0.002903055438797589,221.1884072153249,5,1,0
13:03:24:938,3.870379992302517,2.2820819253091167,221.2885576601476,0.06746185824973519,0.021840810129330177,-0.0027445415704517822,221.3341670201578,4,1,0
13:03:25:058,3.8671026412689935,2.3091809170693987,221.14254381983247,0.08326911152318144,0.0231558532639302,-0.002903055438797589,221.1884072153249,5,1,0
13:03:25:181,3.8804309183725594,2.3136398456311214,221.2258030147945,0.09033162053899194,0.03931304204463189,-0.004582950317687864,221.27192906690223,5,2,0
13:03:25:303,3.8481519241213515,2.3529266386490106,220.7399623933642,0.09558269778639641,0.04302093627711534,-0.00476708290493596,220.7860401710711,5,2,0
13:03:25:428,3.8687682031971584,2.33846418500582,221.29685915171007,0.09468341084943573,0.023901697761689013,-0.003897042054034127,221.34302711530452,5,1,0
13:03:25:549,3.8671026412689935,2.3091809170693987,221.14254381983247,0.08326911152318144,0.0231558532639302,-0.002903055438797589,221.1884072153249,5,1,0
13:03:25:674,3.8949933840263444,2.2323407797595833,221.69977035566072,-0.12827280587828818,0.03305828582470095,-0.0005614108824425118,221.74521977840084,-7,2,0
13:03:25:838,3.8769576814731534,2.2821599785041347,221.27531416395365,0.06802871036530074,0.006525288032006462,-0.004321887515578101,221.32104218394556,4,0,0
13:03:25:958,3.8610461914400687,2.284171611858087,221.19214194615773,0.07477390344635672,0.03862547285034688,-0.0012619882457913139,221.2376296572851,4,2,0
13:03:26:081,3.857286272476767,2.3432806474063117,221.3003452011752,0.05882276775360163,0.0473651925451519,-0.0029517209490500878,221.34636298737698,3,3,0
13:03:26:207,3.8351502928769023,2.2023379480478247,221.03417765317607,-0.12536046024619096,0.04243641855552847,-0.001350607163900856,221.07841676885187,-7,2,0
13:03:26:328,3.8341725109268494,2.348460155089009,220.66960580428628,0.08822307538234336,0.028693014262965135,-0.0031009287192940212,220.71540741362548,5,2,0
13:03:26:454,3.868512182049818,2.319140121305425,221.37438456356534,-0.0523317576686605,0.028034181331224907,-0.002565686323192126,221.42032864735395,-3,2,0
13:03:26:575,3.8837710144321225,2.3420328602784246,221.41158065197152,0.09891711299189121,0.03794545590191504,-0.005536323722304711,221.45802501154853,6,2,0
13:03:26:696,3.865861416578633,2.2226754015809087,221.2795887066581,-0.07526479381323196,0.03029846747797562,-0.002351946618483645,221.32451637498446,-4,2,0
13:03:26:822,3.8928349494238406,2.3131456579474157,220.68372396747546,0.10440819130253869,0.002575783597192178,-0.0015354493739744002,220.7301765299236,6,0,0
13:03:26:943,3.832404328239763,2.212323980153843,220.6201845046203,-0.14474939432789694,0.026654619606715602,-0.004395937168698165,220.66455880177264,-8,2,0
13:03:27:110,3.8687682031971584,2.33846418500582,221.29685915171007,0.09468341084943573,0.023901697761689013,-0.003897042054034127,221.34302711530452,5,1,0
13:03:27:231,3.8687682031971584,2.33846418500582,221.29685915171007,0.09468341084943573,0.023901697761689013,-0.003897042054034127,221.34302711530452,5,1,0
13:03:27:353,3.8646992970261254,2.277863001259543,221.34189262400196,0.007760264087467262,0.03392443624083102,-0.0031737261760076277,221.38734830808232,0,2,0
13:03:27:475,3.8607608496327894,2.2571153976859453,221.37174243252863,-0.10461830632550072,0.04399224172507888,-0.0029790142396766517,221.41691080825404,-6,3,0
13:03:27:598,3.843814443467681,2.285315700538349,220.6323838761984,0.09286659972654551,0.009402464352426,-0.002891330031991822,220.67769799465714,5,1,0
13:03:27:723,3.870379992302517,2.2820819253091167,221.2885576601476,0.06746185824973519,0.021840810129330177,-0.0027445415704517822,221.3341670201578,4,1,0
13:03:27:847,3.8787487026625636,2.2936941844972547,221.3041699148485,0.04506948014515291,0.04473099722245535,-0.005062791567509502,221.35004257106104,3,3,0
13:03:27:971,3.842651717155887,2.3695444864873085,220.71852745840962,0.12973262643644645,0.014409953166023594,-0.003271959345730246,220.7646916440705,7,1,0
13:03:28:095,3.8837710144321225,2.3420328602784246,221.41158065197152,0.09891711299189121,0.03794545590191504,-0.005536323722304711,221.45802501154853,6,2,0
13:03:28:221,3.8769576814731534,2.2821599785041347,221.27531416395365,0.06802871036530074,0.006525288032006462,-0.004321887515578101,221.32104218394556,4,0,0
13:03:28:344,3.8533535719214846,2.3161877668721442,221.04830789502643,0.05464725118147175,0.04768520923943683,-0.002032646800917029,221.0940240774862,3,3,0
13:03:28:458,3.865205688390319,2.229897834121013,221.50510276002422,-0.12736133336014485,0.03816835036925817,-0.003615865060898592,221.550045831846,-7,2,0
13:03:28:587,3.8687682031971584,2.33846418500582,221.29685915171007,0.09468341084943573,0.023901697761689013,-0.003897042054034127,221.34302711530452,5,1,0
13:03:28:710,3.8787487026625636,2.2936941844972547,221.3041699148485,0.04506948014515291,0.04473099722245535,-0.005062791567509502,221.35004257106104,3,3,0
13:03:28:829,3.8712588488992816,2.3118234929306976,221.44915076825782,0.07989662139032373,0.024277190766322596,-0.00376463241541504,221.49505084520564,5,1,0
13:03:28:952,3.8671026412689935,2.3091809170693987,221.14254381983247,0.08326911152318144,0.0231558532639302,-0.002903055438797589,221.1884072153249,5,1,0
13:03:29:076,3.8687682031971584,2.33846418500582,221.29685915171007,0.09468341084943573,0.023901697761689013,-0.003897042054034127,221.34302711530452,5,1,0
13:03:29:289,3.8687682031971584,2.33846418500582,221.29685915171007,0.09468341084943573,0.023901697761689013,-0.003897042054034127,221.34302711530452,5,1,0
13:03:29:406,3.8840291006439305,2.228627249360813,221.57961206212659,-0.1350700430820596,0.05012003292538755,-0.0022578202781222256,221.62485632950506,-8,3,0
13:03:29:525,3.8671026412689935,2.3091809170693987,221.14254381983247,0.08326911152318144,0.0231558532639302,-0.002903055438797589,221.1884072153249,5,1,0
13:03:29:675,3.8671026412689935,2.3091809170693987,221.14254381983247,0.08326911152318144,0.0231558532639302,-0.002903055438797589,221.1884072153249,5,1,0
13:03:29:829,3.852647736178702,2.2587570862846156,220.7324939816465,0.07970191445755699,-0.006368504887869091,-0.004337457735268935,220.7776682038098,5,0,0
13:03:29:934,3.8769576814731534,2.2821599785041347,221.27531416395365,0.06802871036530074,0.006525288032006462,-0.004321887515578101,221.32104218394556,4,0,0
13:03:30:062,3.8979608967764063,2.2582500089409385,221.57459466591504,0.05449166029820491,0.015595036886606226,-0.005729056077847974,221.62038442711048,3,1,0
13:03:30:215,3.8687682031971584,2.33846418500582,221.29685915171007,0.09468341084943573,0.023901697761689013,-0.003897042054034127,221.34302711530452,5,1,0
13:03:30:370,3.8687682031971584,2.33846418500582,221.29685915171007,0.09468341084943573,0.023901697761689013,-0.003897042054034127,221.34302711530452,5,1,0
13:03:30:514,3.8769576814731534,2.2821599785041347,221.27531416395365,0.06802871036530074,0.006525288032006462,-0.004321887515578101,221.32104218394556,4,0,0
13:03:30:646,3.8813466110334107,2.1972000148826942,221.49078653889967,-0.09407627234561988,0.006272700439288509,-0.0012416448171950563,221.53568800769054,-5,0,0
13:03:30:759,3.9007327128605014,2.288861482730002,220.69435515082927,0.09862740134727029,-0.014115477263107754,-0.003018222301903976,220.74069175850806,6,-1,0
13:03:30:882,3.8718042191286193,2.3683766310322025,221.41221404777096,0.10830281932775024,0.02309494750015718,-0.0031376493930529775,221.458728898442,6,1,0
13:03:31:007,3.8607608496327894,2.2571153976859453,221.37174243252863,-0.10461830632550072,0.04399224172507888,-0.0029790142396766517,221.41691080825404,-6,3,0
13:03:31:130,3.8417190255457965,2.3265700219261434,220.80880811135683,0.08384866952945758,-0.02172678710574191,-0.002769863626293708,220.85448030931173,5,-1,0
13:03:31:257,3.8769576814731534,2.2821599785041347,221.27531416395365,0.06802871036530074,0.006525288032006462,-0.004321887515578101,221.32104218394556,4,0,0
13:03:31:463,3.8807035918385835,2.2926411157442965,221.46419218689485,-0.1327850777618857,0.007926155992165342,-4.8186761906240114e-05,221.51005504185855,-8,0,0
13:03:31:576,3.8350252876461832,2.273068088798764,221.67108961917802,-0.0707284536208506,0.06528486804928545,-0.001993403177181767,221.71591334508864,-4,4,0
13:03:31:702,3.879487537071676,2.343381263089051,221.3551431114545,0.0573834038702958,0.0043122652138511425,-0.00421064309151891,221.40153847972013,3,0,0
13:03:31:832,3.901806991040414,2.336715579523611,221.83759373909714,0.07565629526215034,-0.014138256022861104,0.0011867842039380776,221.8842092927021,4,-1,0
13:03:31:948,3.8273377796836954,2.212184483117856,220.89802936723868,-0.15865510672138367,0.05449513216135336,-0.0018814350892092382,220.94225864011753,-9,3,0
13:03:32:144,3.8671026412689935,2.3091809170693987,221.14254381983247,0.08326911152318144,0.0231558532639302,-0.002903055438797589,221.1884072153249,5,1,0
13:03:32:286,3.84075735737986,2.3108478657471294,220.50224065661513,0.10463607396147029,0.01094010415923731,-0.003007866505623613,220.5477942975733,6,1,0
13:03:32:396,3.8769576814731534,2.2821599785041347,221.27531416395365,0.06802871036530074,0.006525288032006462,-0.004321887515578101,221.32104218394556,4,0,0
13:03:32:520,3.8673225746345468,2.2875665468034567,220.68248627921116,0.05008394235843247,0.04789947115007216,-0.0036426747523609563,220.72822405613778,3,3,0
13:03:32:649,3.8908202853528855,2.2531062783237954,221.31373446694127,-0.05263359305340111,-0.01808383030548168,-0.0005950581277117319,221.3594001484873,-3,-1,0
13:03:32:774,3.8581171297978383,2.3418288528570743,221.45608141276418,0.0973266233131277,0.010630426734137909,-0.002333377089142544,221.5020659607042,6,1,0
13:03:32:894,3.8423920213844465,2.3328337815668276,221.70744195363946,0.07097910024793509,0.04447529458616473,-0.0052148915770641405,221.75300653548044,4,3,0
13:03:33:060,3.8607608496327894,2.2571153976859453,221.37174243252863,-0.10461830632550072,0.04399224172507888,-0.0029790142396766517,221.41691080825404,-6,3,0
13:03:33:175,3.84020667091816,2.319133527787985,221.2591206019763,0.05494452209930262,0.040584418282425115,-0.0005386323827670697,221.30459556266553,3,2,0
13:03:33:307,3.8976054149974795,2.287994887002015,221.7560863202668,0.0665101569099516,0.02117538428527487,-0.006777014006179338,221.80213720488715,4,1,0
13:03:33:424,3.8527475993525346,2.281611675662549,221.38545496122708,-0.09693068661199745,0.05883830387802058,-0.004837980684466171,221.4307320231145,-6,3,0
13:03:33:551,3.865205688390319,2.229897834121013,221.50510276002422,-0.12736133336014485,0.03816835036925817,-0.003615865060898592,221.550045831846,-7,2,0
13:03:33:672,3.8671026412689935,2.3091809170693987,221.14254381983247,0.08326911152318144,0.0231558532639302,-0.002903055438797589,221.1884072153249,5,1,0
13:03:33:802,3.843814443467681,2.285315700538349,220.6323838761984,0.09286659972654551,0.009402464352426,-0.002891330031991822,220.67769799465714,5,1,0
13:03:33:917,3.8351502928769023,2.2023379480478247,221.03417765317607,-0.12536046024619096,0.04243641855552847,-0.001350607163900856,221.07841676885187,-7,2,0
13:03:34:047,3.8653894703756824,2.2879953008740057,221.31975698583625,0.07937127563671288,-0.008823890375683215,-0.0028197376627354894,221.36533375965652,5,0,0
13:03:34:181,3.8646992970261254,2.277863001259543,221.34189262400196,0.007760264087467262,0.03392443624083102,-0.0031737261760076277,221.38734830808232,0,2,0
13:03:34:328,3.8687682031971584,2.33846418500582,221.29685915171007,0.09468341084943573,0.023901697761689013,-0.003897042054034127,221.34302711530452,5,1,0
13:03:34:450,3.83921954010913,2.304718691206555,221.48892496086717,0.06370910043188469,0.04456077505628089,-0.004257907521698861,221.53418520680594,4,3,0
13:03:34:579,3.8494761817173404,2.315724086189096,220.68612067121163,0.1093801736360144,-0.0026457635819340662,-0.005486083340033177,220.73183934771518,6,0,0
13:03:34:699,3.8718042191286193,2.3683766310322025,221.41221404777096,0.10830281932775024,0.02309494750015718,-0.0031376493930529775,221.458728898442,6,1,0
13:03:34:820,3.8671026412689935,2.3091809170693987,221.14254381983247,0.08326911152318144,0.0231558532639302,-0.002903055438797589,221.1884072153249,5,1,0
13:03:34:953,3.840044624201643,2.3400819836145432,221.20430184539663,0.10069703082481303,-0.0020578938785397404,-0.0007775765183753064,221.25000583348069,6,0,0
13:03:35:066,3.8671026412689935,2.3091809170693987,221.14254381983247,0.08326911152318144,0.0231558532639302,-0.002903055438797589,221.1884072153249,5,1,0
13:03:35:189,3.8607608496327894,2.2571153976859453,221.37174243252863,-0.10461830632550072,0.04399224172507888,-0.0029790142396766517,221.41691080825404,-6,3,0
13:03:35:307,3.8646992970261254,2.277863001259543,221.34189262400196,0.007760264087467262,0.03392443624083102,-0.0031737261760076277,221.38734830808232,0,2,0
13:03:35:438,3.841426075766334,2.3403000408537453,220.6144126981796,0.11737443407629992,0.012221655187007924,-0.0040111393904665215,220.66026522403055,7,1,0
13:03:35:560,3.8671026412689935,2.3091809170693987,221.14254381983247,0.08326911152318144,0.0231558532639302,-0.002903055438797589,221.1884072153249,5,1,0
13:03:35:683,3.843828601704204,2.1886889795960394,220.76934456670276,-0.1585292733000556,0.011172076010207015,-0.001663998964320533,220.81365192890638,-9,1,0
13:03:35:802,3.9156840872307708,2.2747588573945436,221.64195034748587,0.04099713343722214,-0.01224995132519301,-0.0026212429299184406,221.6882073173214,2,-1,0
13:03:35:927,3.8273377796836954,2.212184483117856,220.89802936723868,-0.15865510672138367,0.05449513216135336,-0.0018814350892092382,220.94225864011753,-9,3,0
13:03:36:054,3.850502148071413,2.3053995960522564,220.99312257052398,0.07947260807499631,0.010889578832844115,-0.0013058126127186607,221.03868769416908,5,1,0
13:03:36:212,3.872872568135696,2.1977661979178893,221.5034959381692,-0.09303342195546595,0.022184034662937505,-0.0030344880305459686,221.5482521506777,-5,1,0
13:03:36:334,3.8671026412689935,2.3091809170693987,221.14254381983247,0.08326911152318144,0.0231558532639302,-0.002903055438797589,221.1884072153249,5,1,0
13:03:36:457,3.8687682031971584,2.33846418500582,221.29685915171007,0.09468341084943573,0.023901697761689013,-0.003897042054034127,221.34302711530452,5,1,0
13:03:36:580,3.8603835905048327,2.3185947659664965,220.27482984554553,0.12637307032576048,0.012583668730173053,0.0006953628685927586,220.32085490629035,7,1,0
13:03:36:737,3.8687682031971584,2.33846418500582,221.29685915171007,0.09468341084943573,0.023901697761689013,-0.003897042054034127,221.34302711530452,5,1,0
13:03:36:881,3.8581171297978383,2.3418288528570743,221.45608141276418,0.0973266233131277,0.010630426734137909,-0.002333377089142544,221.5020659607042,6,1,0
13:03:36:995,3.8769576814731534,2.2821599785041347,221.27531416395365,0.06802871036530074,0.006525288032006462,-0.004321887515578101,221.32104218394556,4,0,0
13:03:37:145,3.8769576814731534,2.2821599785041347,221.27531416395365,0.06802871036530074,0.006525288032006462,-0.004321887515578101,221.32104218394556,4,0,0
13:03:37:298,3.87064911450961,2.3387809357882676,221.28788506618466,0.09562833483530174,0.022380524361847343,-0.002132669264269836,221.33409113351294,5,1,0
13:03:37:444,3.8671026412689935,2.3091809170693987,221.14254381983247,0.08326911152318144,0.0231558532639302,-0.002903055438797589,221.1884072153249,5,1,0
13:03:37:568,3.8341725109268494,2.348460155089009,220.66960580428628,0.08822307538234336,0.028693014262965135,-0.0031009287192940212,220.71540741362548,5,2,0
13:03:37:693,3.8769576814731534,2.2821599785041347,221.27531416395365,0.06802871036530074,0.006525288032006462,-0.004321887515578101,221.32104218394556,4,0,0
13:03:37:814,3.843828601704204,2.1886889795960394,220.76934456670276,-0.1585292733000556,0.011172076010207015,-0.001663998964320533,220.81365192890638,-9,1,0
13:03:37:938,3.865205688390319,2.229897834121013,221.50510276002422,-0.12736133336014485,0.03816835036925817,-0.003615865060898592,221.550045831846,-7,2,0
13:03:38:059,3.8687682031971584,2.33846418500582,221.29685915171007,0.09468341084943573,0.023901697761689013,-0.003897042054034127,221.34302711530452,5,1,0
13:03:38:183,3.8769576814731534,2.2821599785041347,221.27531416395365,0.06802871036530074,0.006525288032006462,-0.004321887515578101,221.32104218394556,4,0,0
13:03:38:306,3.865205688390319,2.229897834121013,221.50510276002422,-0.12736133336014485,0.03816835036925817,-0.003615865060898592,221.550045831846,-7,2,0
13:03:38:427,3.901806991040414,2.336715579523611,221.83759373909714,0.07565629526215034,-0.014138256022861104,0.0011867842039380776,221.8842092927021,4,-1,0
13:03:38:546,3.9156840872307708,2.2747588573945436,221.64195034748587,0.04099713343722214,-0.01224995132519301,-0.0026212429299184406,221.6882073173214,2,-1,0
13:03:38:669,3.892759063687086,2.2874986841058274,221.6880636823876,-0.09196192766866144,0.03855874198397547,-5.800451112976932e-05,221.73403843930691,-5,2,0
13:03:38:791,3.894098055836,2.28634641595049,221.42666279819431,0.07268629823172157,0.018031842738201388,-0.005914465177923077,221.47270345924673,4,1,0
13:03:38:916,3.8657682476194632,2.3178088482845554,221.4775082061623,0.09185433507096594,-0.005355034969381091,-0.0038344106381796544,221.5233690679432,5,0,0
13:03:39:081,3.8769576814731534,2.2821599785041347,221.27531416395365,0.06802871036530074,0.006525288032006462,-0.004321887515578101,221.32104218394556,4,0,0
13:03:39:199,3.874273909674206,2.344429648554419,221.6428110695762,0.09753599036891737,0.024908297168444726,-0.003937733925110036,221.68906614338934,6,1,0
13:03:39:328,3.892759063687086,2.2874986841058274,221.6880636823876,-0.09196192766866144,0.03855874198397547,-5.800451112976932e-05,221.73403843930691,-5,2,0
13:03:39:447,3.856797384403769,2.312561743060025,221.30086905242277,0.0860262949909584,0.00915202951198487,-0.0013412522773584383,221.34655513749786,5,1,0
13:03:39:575,3.8561260516204117,2.3142592538664086,220.65107184593234,0.10757448777582707,0.02515149160579136,-0.004635476749838814,220.69689850738476,6,1,0
13:03:39:695,3.851625554962333,2.3249937195732424,221.27344314147595,0.06733970586418857,0.05816639286428664,-0.002272282199071572,221.31917507277964,4,3,0
13:03:39:819,3.8346883183545573,2.2931011030347337,221.00801799084635,0.09856569455193946,-0.0007659589206474571,-0.0022694290283319053,221.0531772298465,6,0,0
13:03:39:943,3.857286272476767,2.3432806474063117,221.3003452011752,0.05882276775360163,0.0473651925451519,-0.0029517209490500878,221.34636298737698,3,3,0
13:03:40:088,3.857286272476767,2.3432806474063117,221.3003452011752,0.05882276775360163,0.0473651925451519,-0.0029517209490500878,221.34636298737698,3,3,0
13:03:40:231,3.8533535719214846,2.3161877668721442,221.04830789502643,0.05464725118147175,0.04768520923943683,-0.002032646800917029,221.0940240774862,3,3,0
13:03:40:351,3.8687682031971584,2.33846418500582,221.29685915171007,0.09468341084943573,0.023901697761689013,-0.003897042054034127,221.34302711530452,5,1,0
13:03:40:477,3.836585020847956,2.2396636057274555,220.77420884924126,-0.13271637379885456,0.026551136538317203,-0.0027583727344444313,220.81890039282737,-8,2,0
13:03:40:599,3.881074180484531,2.3103252801536516,221.02609210845029,0.08902844461394842,-0.011456027163712879,-0.006018517497441888,221.07223645774178,5,-1,0
13:03:40:723,3.8671026412689935,2.3091809170693987,221.14254381983247,0.08326911152318144,0.0231558532639302,-0.002903055438797589,221.1884072153249,5,1,0
13:03:40:841,3.8835762268273775,2.339577830609661,222.10513290693527,0.07401081086786748,0.020382859531751552,-0.00517715251667312,222.15140299431474,4,1,0
13:03:40:968,3.865205688390319,2.229897834121013,221.50510276002422,-0.12736133336014485,0.03816835036925817,-0.003615865060898592,221.550045831846,-7,2,0
13:03:41:093,3.849315056243847,2.3521630111007314,220.3802673560885,0.10460995122989016,-0.05130934443635672,-0.004247346925055272,220.42643248298074,6,-3,0
13:03:41:217,3.8687682031971584,2.33846418500582,221.29685915171007,0.09468341084943573,0.023901697761689013,-0.003897042054034127,221.34302711530452,5,1,0
13:03:41:335,3.865205688390319,2.229897834121013,221.50510276002422,-0.12736133336014485,0.03816835036925817,-0.003615865060898592,221.550045831846,-7,2,0
13:03:41:460,3.8671026412689935,2.3091809170693987,221.14254381983247,0.08326911152318144,0.0231558532639302,-0.002903055438797589,221.1884072153249,5,1,0
13:03:41:580,3.8351502928769023,2.2023379480478247,221.03417765317607,-0.12536046024619096,0.04243641855552847,-0.001350607163900856,221.07841676885187,-7,2,0
13:03:41:705,3.8830665632044297,2.305386463767272,220.91680274115154,0.08167602416259633,-0.012454364970659564,-0.0012506271730960852,220.96295333393437,5,-1,0
13:03:41:871,3.8646992970261254,2.277863001259543,221.34189262400196,0.007760264087467262,0.03392443624083102,-0.0031737261760076277,221.38734830808232,0,2,0
13:03:42:032,3.8306049228415424,2.313476037118795,220.64927786227588,0.1061246584701048,-0.0034081113142572874,-0.0014192348570064774,220.69465223832012,6,0,0
13:03:42:153,3.8727138990451353,2.313725264317919,221.0871299469525,-0.0015433827941119353,0.010502843526749104,-0.002035635756654431,221.13315053542576,0,1,0
13:03:42:280,3.857286272476767,2.3432806474063117,221.3003452011752,0.05882276775360163,0.0473651925451519,-0.0029517209490500878,221.34636298737698,3,3,0
13:03:42:424,3.841426075766334,2.3403000408537453,220.6144126981796,0.11737443407629992,0.012221655187007924,-0.0040111393904665215,220.66026522403055,7,1,0
13:03:42:564,3.87064911450961,2.3387809357882676,221.28788506618466,0.09562833483530174,0.022380524361847343,-0.002132669264269836,221.33409113351294,5,1,0
13:03:42:691,3.8671026412689935,2.3091809170693987,221.14254381983247,0.08326911152318144,0.0231558532639302,-0.002903055438797589,221.1884072153249,5,1,0
13:03:42:813,3.84075735737986,2.3108478657471294,220.50224065661513,0.10463607396147029,0.01094010415923731,-0.003007866505623613,220.5477942975733,6,1,0
13:03:42:933,3.832769591964952,2.2885124415494817,220.75991130367558,0.09611261878245593,-0.004029543267107462,-0.0013365088979962517,220.805040365357,6,0,0
13:03:43:059,3.857286272476767,2.3432806474063117,221.3003452011752,0.05882276775360163,0.0473651925451519,-0.0029517209490500878,221.34636298737698,3,3,0
13:03:43:221,3.8671026412689935,2.3091809170693987,221.14254381983247,0.08326911152318144,0.0231558532639302,-0.002903055438797589,221.1884072153249,5,1,0
13:03:43:341,3.857286272476767,2.3432806474063117,221.3003452011752,0.05882276775360163,0.0473651925451519,-0.0029517209490500878,221.34636298737698,3,3,0
13:03:43:470,3.8657682476194632,2.3178088482845554,221.4775082061623,0.09185433507096594,-0.005355034969381091,-0.0038344106381796544,221.5233690679432,5,0,0
13:03:43:592,3.8273377796836954,2.212184483117856,220.89802936723868,-0.15865510672138367,0.05449513216135336,-0.0018814350892092382,220.94225864011753,-9,3,0
13:03:43:715,3.874094406571577,2.364144637942361,221.14730280000745,0.10720123980978713,0.006892850363654015,-0.005532676967567187,221.19386818593847,6,0,0
13:03:43:838,3.870379992302517,2.2820819253091167,221.2885576601476,0.06746185824973519,0.021840810129330177,-0.0027445415704517822,221.3341670201578,4,1,0
13:03:43:957,3.856797384403769,2.312561743060025,221.30086905242277,0.0860262949909584,0.00915202951198487,-0.0013412522773584383,221.34655513749786,5,1,0
13:03:44:081,3.865205688390319,2.229897834121013,221.50510276002422,-0.12736133336014485,0.03816835036925817,-0.003615865060898592,221.550045831846,-7,2,0
13:03:44:203,3.8533535719214846,2.3161877668721442,221.04830789502643,0.05464725118147175,0.04768520923943683,-0.002032646800917029,221.0940240774862,3,3,0
13:03:44:329,3.897963803007301,2.2607195970578697,221.85448090585723,-0.11394384239531435,0.03231582414559155,-0.0007006882455743468,221.900238109186,-7,2,0
13:03:44:447,3.8653894703756824,2.2879953008740057,221.31975698583625,0.07937127563671288,-0.008823890375683215,-0.0028197376627354894,221.36533375965652,5,0,0
13:03:44:582,3.841426075766334,2.3403000408537453,220.6144126981796,0.11737443407629992,0.012221655187007924,-0.0040111393904665215,220.66026522403055,7,1,0
13:03:44:706,3.8687682031971584,2.33846418500582,221.29685915171007,0.09468341084943573,0.023901697761689013,-0.003897042054034127,221.34302711530452,5,1,0
13:03:44:817,3.8671026412689935,2.3091809170693987,221.14254381983247,0.08326911152318144,0.0231558532639302,-0.002903055438797589,221.1884072153249,5,1,0
13:03:44:999,3.856797384403769,2.312561743060025,221.30086905242277,0.0860262949909584,0.00915202951198487,-0.0013412522773584383,221.34655513749786,5,1,0
13:03:45:172,3.8769576814731534,2.2821599785041347,221.27531416395365,0.06802871036530074,0.006525288032006462,-0.004321887515578101,221.32104218394556,4,0,0
13:03:45:312,3.8804309183725594,2.3136398456311214,221.2258030147945,0.09033162053899194,0.03931304204463189,-0.004582950317687864,221.27192906690223,5,2,0
13:03:45:439,3.897551791297661,2.3389620363803623,221.7881275739263,0.08183843545186141,-0.009941755996394498,-0.0006614704106330778,221.8347023937456,5,-1,0
13:03:45:559,3.8610461914400687,2.284171611858087,221.19214194615773,0.07477390344635672,0.03862547285034688,-0.0012619882457913139,221.2376296572851,4,2,0
13:03:45:687,3.8603407486017067,2.290591449791612,220.49994363265728,0.062281760119051226,-0.0301309256585306,-0.004805308565812037,220.5456283445451,4,-2,0
13:03:45:805,3.8306049228415424,2.313476037118795,220.64927786227588,0.1061246584701048,-0.0034081113142572874,-0.0014192348570064774,220.69465223832012,6,0,0
13:03:45:930,3.842651717155887,2.3695444864873085,220.71852745840962,0.12973262643644645,0.014409953166023594,-0.003271959345730246,220.7646916440705,7,1,0
13:03:46:053,3.873376223432779,2.3400030900207573,220.60642526487183,0.11695260920010879,0.033042024630648335,-0.004149544442786533,220.6528348469039,7,2,0
13:03:46:173,3.8687682031971584,2.33846418500582,221.29685915171007,0.09468341084943573,0.023901697761689013,-0.003897042054034127,221.34302711530452,5,1,0
13:03:46:298,3.8607608496327894,2.2571153976859453,221.37174243252863,-0.10461830632550072,0.04399224172507888,-0.0029790142396766517,221.41691080825404,-6,3,0
13:03:46:420,3.8769576814731534,2.2821599785041347,221.27531416395365,0.06802871036530074,0.006525288032006462,-0.004321887515578101,221.32104218394556,4,0,0
13:03:46:542,3.84075735737986,2.3108478657471294,220.50224065661513,0.10463607396147029,0.01094010415923731,-0.003007866505623613,220.5477942975733,6,1,0
13:03:46:666,3.8793762795982896,2.2558878761146204,221.3813804976272,-0.10849474603653544,0.009505254466969353,0.000618539698675695,221.42685975613597,-6,1,0
13:03:46:788,3.879487537071676,2.343381263089051,221.3551431114545,0.0573834038702958,0.0043122652138511425,-0.00421064309151891,221.40153847972013,3,0,0
13:03:46:934,3.8687682031971584,2.33846418500582,221.29685915171007,0.09468341084943573,0.023901697761689013,-0.003897042054034127,221.34302711530452,5,1,0
13:03:47:076,3.857286272476767,2.3432806474063117,221.3003452011752,0.05882276775360163,0.0473651925451519,-0.0029517209490500878,221.34636298737698,3,3,0
13:03:47:199,3.8670934525156246,2.350641737815037,221.36971902351956,0.0727722374864123,-0.01048255617643558,-0.002749004640150481,221.41597148557747,4,-1,0
13:03:47:327,3.858843320204688,2.2853878626493453,221.2225958155858,0.028911676488971996,0.04354051532952317,-0.0017260398708093864,221.268051396578,2,2,0
13:03:47:537,3.873376223432779,2.3400030900207573,220.60642526487183,0.11695260920010879,0.033042024630648335,-0.004149544442786533,220.6528348469039,7,2,0
13:03:47:669,3.841426075766334,2.3403000408537453,220.6144126981796,0.11737443407629992,0.012221655187007924,-0.0040111393904665215,220.66026522403055,7,1,0
13:03:47:893,3.8607608496327894,2.2571153976859453,221.37174243252863,-0.10461830632550072,0.04399224172507888,-0.0029790142396766517,221.41691080825404,-6,3,0
13:03:48:020,3.87064911450961,2.3387809357882676,221.28788506618466,0.09562833483530174,0.022380524361847343,-0.002132669264269836,221.33409113351294,5,1,0
13:03:48:142,3.855068276440776,2.2785490850127155,221.1210784425252,-0.09508296969868492,0.04499284300536535,-0.003951376858924829,221.1664184928042,-5,3,0
13:03:48:264,3.8840291006439305,2.228627249360813,221.57961206212659,-0.1350700430820596,0.05012003292538755,-0.0022578202781222256,221.62485632950506,-8,3,0
13:03:48:391,3.865205688390319,2.229897834121013,221.50510276002422,-0.12736133336014485,0.03816835036925817,-0.003615865060898592,221.550045831846,-7,2,0
13:03:48:514,3.8671026412689935,2.3091809170693987,221.14254381983247,0.08326911152318144,0.0231558532639302,-0.002903055438797589,221.1884072153249,5,1,0
13:03:48:633,3.8769576814731534,2.2821599785041347,221.27531416395365,0.06802871036530074,0.006525288032006462,-0.004321887515578101,221.32104218394556,4,0,0
13:03:48:760,3.884912851058038,2.3118664291091626,220.43857704730237,0.10840040797691791,0.0029781910196208855,-0.006267336729979079,220.48492811275293,6,0,0
13:03:48:877,3.8671026412689935,2.3091809170693987,221.14254381983247,0.08326911152318144,0.0231558532639302,-0.002903055438797589,221.1884072153249,5,1,0
13:03:49:002,3.624187267003368,2.340595877831357,223.47076769479224,0.036826132891025064,-0.15455983405743434,-0.0018208755009444463,223.51240935686195,2,-9,0
13:03:49:126,3.6165886564255105,2.3112962413230593,224.79181295589206,0.028509546335405297,-0.13646245447836822,0.002079369167883743,224.8327844773126,2,-8,0
13:03:49:295,3.6499142174418733,2.259132808580197,223.88513945636544,0.03775053950140595,-0.14350244688281194,0.0014117239213846668,223.92628524636783,2,-8,0
13:03:49:418,4.392872240360225,3.8428182396081234,204.13734502363894,0.7271989850242505,-0.06301304205622456,0.13675876492980452,204.2207634199887,41,-6,6
13:03:49:539,4.4286698538158555,3.870885144532972,204.78317441743138,0.7189812386964366,-0.06714865105193317,0.13617416290794698,204.8676289533229,41,-6,6
13:03:49:665,3.6523756422122737,2.314594978191473,223.05727121100537,0.03973105594223204,-0.12906812807204743,0.0019441039434970721,223.09917847864187,2,-7,0
13:03:49:783,3.654889628347764,2.28343025851592,222.81267360227295,0.025251874721455708,-0.09925355504365664,0.0018036841807604039,222.8543465803033,1,-6,0
13:03:49:949,3.6782654884774844,2.376570479266094,221.8304234205175,0.020821624720465382,-0.13677258405133247,0.0007179340897507983,221.87364530104227,1,-8,0
13:03:50:067,3.7017501528534655,2.3781161942307576,222.45732253557136,0.003199273904261356,-0.12035830519582104,0.001571754468047919,222.50082862884497,0,-7,0
13:03:50:233,4.464609914167417,4.018436865383043,203.90209823582768,0.7276583181942202,-0.059487464365362536,0.13505861278116443,203.99055429480032,41,-6,6
13:03:50:356,4.50508742608488,4.000836248123478,202.88599135194647,0.7328702598241439,-0.06208896262736053,0.13606978722178334,202.97543691359076,42,-6,6
13:03:50:603,3.729555158313812,2.4152625613844116,221.80241831698572,0.059589770366336,-0.10462614231026526,0.0009448225078428239,221.84691984830994,3,-6,0
13:03:50:722,3.7363894675559837,2.4165499259541403,221.80307302016138,0.06233709845077043,-0.11581529869551288,0.002293321998081469,221.84770343860882,4,-7,0
13:03:50:850,3.7510503618168785,2.4099814199722336,222.04373370295488,0.040007085676230895,-0.09835941074697924,0.0007380226835342537,222.08849152085804,2,-6,0
13:03:50:968,3.707038964115528,2.4268912305445562,221.24512973074602,0.05497901923103983,-0.12255549786190481,0.00020752723044630358,221.2894922234244,3,-7,0
13:03:51:096,3.705254720235652,2.416569410981194,221.96485188227905,0.05735654360459283,-0.09468491401506438,0.0007649657047732047,222.00892817943605,3,-5,0
13:03:51:215,3.7451901531885023,2.4508676183442146,221.78728834771613,0.04249981161606429,-0.09935276348858466,-0.0022119229632609175,221.8324468467117,2,-6,0
13:03:51:378,3.7451901531885023,2.4508676183442146,221.78728834771613,0.04249981161606429,-0.09935276348858466,-0.0022119229632609175,221.8324468467117,2,-6,0
13:03:51:505,3.6514713597781276,2.3944545017784957,222.14161111657373,-0.11729828048348143,0.10852780447056472,-0.0007741541450955577,222.18452251432691,-7,6,0
13:03:51:625,3.6514713597781276,2.3944545017784957,222.14161111657373,-0.11729828048348143,0.10852780447056472,-0.0007741541450955577,222.18452251432691,-7,6,0
13:03:51:746,err,err,err,err,err,err,err,err,err,err
13:03:51:872,err,err,err,err,err,err,err,err,err,err
13:03:51:994,3.7205170724369894,2.4515668575150906,221.9722685355477,0.03803069419574164,-0.08799892168646471,-0.0023947287048619367,222.01698229225724,2,-5,0
13:03:52:118,err,err,err,err,err,err,err,err,err,err
13:03:52:239,err,err,err,err,err,err,err,err,err,err
13:03:52:365,3.7695538591939637,2.427318202712257,220.90750341229966,0.0660686929900106,-0.1250853006666203,0.001689744559854258,220.95299607339513,4,-7,0
13:03:52:488,3.7135989708784995,2.399702030707148,220.13899176880244,0.07661364839704125,-0.12509734202613088,0.0006360567742944198,220.1833896644739,4,-7,0
13:03:52:606,err,err,err,err,err,err,err,err,err,err
13:03:52:729,err,err,err,err,err,err,err,err,err,err
13:03:52:853,3.6966200976174703,2.4420963104453266,221.4508591728241,0.03335567185728144,-0.09478794315965713,0.0017242030453074977,221.49517345287137,2,-5,0
13:03:52:978,3.7710072659575684,2.416394997710242,221.46807534542262,0.024285223109506853,-0.12085857836123982,-0.0025412586867591676,221.51335819266217,1,-7,0
13:03:53:102,3.7209233063215006,2.4211169139262543,221.0517856122611,0.047853027965021264,-0.11402782896123276,0.00022993658111158214,221.0963568214806,3,-7,0
13:03:53:222,3.7209233063215006,2.4211169139262543,221.0517856122611,0.047853027965021264,-0.11402782896123276,0.00022993658111158214,221.0963568214806,3,-7,0
13:03:53:390,3.71068603146405,2.4194303798208527,221.08602779167066,0.043321132916908874,-0.1364538373303263,0.0003863590419350132,221.1304016160742,2,-8,0
13:03:53:507,3.7220226292285434,2.420183915214919,221.45168244748137,0.033164620748078945,-0.10700420797023713,-0.0013290604132693482,221.4961814602141,2,-6,0
13:03:53:631,3.742592169791086,2.428942382175824,221.04296756944788,0.016776267396853665,-0.1183447858410054,-0.00023298174457463095,221.08799214148493,1,-7,0
13:03:53:756,3.75404231573341,2.4216714770049896,220.8881223383626,0.05486005365323349,-0.1418560897783392,0.0002915887830577025,220.93329291127287,3,-8,0
13:03:53:879,3.69714651706444,2.422038977471767,221.21972767135674,0.04452182051047836,-0.10483090563576122,6.15503113296453e-05,221.26387657312313,3,-6,0
13:03:54:007,3.69714651706444,2.422038977471767,221.21972767135674,0.04452182051047836,-0.10483090563576122,6.15503113296453e-05,221.26387657312313,3,-6,0
13:03:54:127,3.741224345572302,2.425316394988656,220.95472460225113,0.06035820829428758,-0.1135315700917641,-1.8945137047875868e-05,220.99970417011048,3,-7,0
13:03:54:250,3.7458109572795464,2.4190320927721305,221.28850980848452,0.0358833489544488,-0.11620458200969633,-0.0011640419917755768,221.33343034718746,2,-7,0
13:03:54:372,3.684552778725193,2.431055143992429,220.98674555105157,0.023492063706825477,-0.13150997250226543,0.0011498172099836748,221.03082967662579,1,-8,0
13:03:54:495,3.7220226292285434,2.420183915214919,221.45168244748137,0.033164620748078945,-0.10700420797023713,-0.0013290604132693482,221.4961814602141,2,-6,0
13:03:54:627,3.7604033587560104,2.408968407613563,221.45652816448893,0.006828793553681038,-0.10155456045644883,-0.0026525617734760036,221.50155220421934,0,-6,0
13:03:54:738,3.7350646253264044,2.4113979026442225,221.30354615956398,0.017398080709168297,-0.09597188621372697,-0.001292145395629145,221.34819875119496,1,-5,0
13:03:54:864,3.6715603154319694,2.3880979254175947,221.9078347421335,-0.1260995537766047,0.052052840242249675,-0.0020704765185834435,221.95105425925166,-7,3,0
13:03:54:989,3.7458109572795464,2.4190320927721305,221.28850980848452,0.0358833489544488,-0.11620458200969633,-0.0011640419917755768,221.33343034718746,2,-7,0
13:03:55:110,3.7604033587560104,2.408968407613563,221.45652816448893,0.006828793553681038,-0.10155456045644883,-0.0026525617734760036,221.50155220421934,0,-6,0
13:03:55:236,3.7458109572795464,2.4190320927721305,221.28850980848452,0.0358833489544488,-0.11620458200969633,-0.0011640419917755768,221.33343034718746,2,-7,0
13:03:55:355,3.7710072659575684,2.416394997710242,221.46807534542262,0.024285223109506853,-0.12085857836123982,-0.0025412586867591676,221.51335819266217,1,-7,0
13:03:55:480,3.7205170724369894,2.4515668575150906,221.9722685355477,0.03803069419574164,-0.08799892168646471,-0.0023947287048619367,222.01698229225724,2,-5,0
13:03:55:602,3.7209233063215006,2.4211169139262543,221.0517856122611,0.047853027965021264,-0.11402782896123276,0.00022993658111158214,221.0963568214806,3,-7,0
13:03:55:766,3.7458109572795464,2.4190320927721305,221.28850980848452,0.0358833489544488,-0.11620458200969633,-0.0011640419917755768,221.33343034718746,2,-7,0
13:03:55:973,3.7458109572795464,2.4190320927721305,221.28850980848452,0.0358833489544488,-0.11620458200969633,-0.0011640419917755768,221.33343034718746,2,-7,0
13:03:56:095,3.7220226292285434,2.420183915214919,221.45168244748137,0.033164620748078945,-0.10700420797023713,-0.0013290604132693482,221.4961814602141,2,-6,0
13:03:56:214,3.7604033587560104,2.408968407613563,221.45652816448893,0.006828793553681038,-0.10155456045644883,-0.0026525617734760036,221.50155220421934,0,-6,0
13:03:56:340,3.71068603146405,2.4194303798208527,221.08602779167066,0.043321132916908874,-0.1364538373303263,0.0003863590419350132,221.1304016160742,2,-8,0
13:03:56:461,3.7430674863762388,2.4481433392960397,221.1882162016678,0.006003259715389247,-0.11296517097920455,0.0014728223891200343,221.23343089707996,0,-6,0
13:03:56:588,3.7473740429420612,2.41779242379661,221.62409409792875,0.022321145182470168,-0.11203736979758817,-0.002700017091926999,221.6689595255724,1,-6,0
13:03:56:707,3.74621557569809,2.4387343120098577,221.47456516447048,0.025202016882305164,-0.10937410655420379,0.0005262758434874066,221.51967084431905,1,-6,0
13:03:56:828,3.7458109572795464,2.4190320927721305,221.28850980848452,0.0358833489544488,-0.11620458200969633,-0.0011640419917755768,221.33343034718746,2,-7,0
13:03:56:956,3.630833836921126,2.423234405746503,222.27713487805337,-0.10106585353744306,0.06401404658319189,0.0007253329839486958,222.31999394776182,-6,4,0
13:03:57:075,3.7473740429420612,2.41779242379661,221.62409409792875,0.022321145182470168,-0.11203736979758817,-0.002700017091926999,221.6689595255724,1,-6,0
13:03:57:203,3.764866237102628,2.48689468720663,222.43768184066508,0.0032967639969923045,-0.11885213733322104,-0.00018829234772201164,222.4834402053723,0,-7,0
13:03:57:323,3.718693980696257,2.408747134851295,222.1843334638681,0.032742735010531494,-0.07541655377010768,-0.0007716682099455328,222.2285057873203,2,-4,0
13:03:57:448,3.74621557569809,2.4387343120098577,221.47456516447048,0.025202016882305164,-0.10937410655420379,0.0005262758434874066,221.51967084431905,1,-6,0
13:03:57:569,3.7451901531885023,2.4508676183442146,221.78728834771613,0.04249981161606429,-0.09935276348858466,-0.0022119229632609175,221.8324468467117,2,-6,0
13:03:57:696,3.735596653660104,2.4094115466640544,221.63605301962005,0.0017418933167511448,-0.08977508291813469,-0.0028196565616248667,221.68062600163296,0,-5,0
13:03:57:817,3.7209233063215006,2.4211169139262543,221.0517856122611,0.047853027965021264,-0.11402782896123276,0.00022993658111158214,221.0963568214806,3,-7,0
13:03:57:937,3.7451901531885023,2.4508676183442146,221.78728834771613,0.04249981161606429,-0.09935276348858466,-0.0022119229632609175,221.8324468467117,2,-6,0
13:03:58:106,3.7220296213290354,2.440051279244432,221.63793058532488,0.022795110201073346,-0.0993041987242118,0.000358632251810344,221.68261011836876,1,-6,0
13:03:58:224,3.69714651706444,2.422038977471767,221.21972767135674,0.04452182051047836,-0.10483090563576122,6.15503113296453e-05,221.26387657312313,3,-6,0
13:03:58:348,3.7458109572795464,2.4190320927721305,221.28850980848452,0.0358833489544488,-0.11620458200969633,-0.0011640419917755768,221.33343034718746,2,-7,0
13:03:58:472,3.7220226292285434,2.420183915214919,221.45168244748137,0.033164620748078945,-0.10700420797023713,-0.0013290604132693482,221.4961814602141,2,-6,0
13:03:58:592,3.7473740429420612,2.41779242379661,221.62409409792875,0.022321145182470168,-0.11203736979758817,-0.002700017091926999,221.6689595255724,1,-6,0
13:03:58:746,3.7451901531885023,2.4508676183442146,221.78728834771613,0.04249981161606429,-0.09935276348858466,-0.0022119229632609175,221.8324468467117,2,-6,0
13:03:58:879,3.7220296213290354,2.440051279244432,221.63793058532488,0.022795110201073346,-0.0993041987242118,0.000358632251810344,221.68261011836876,1,-6,0
13:03:59:007,3.69714651706444,2.422038977471767,221.21972767135674,0.04452182051047836,-0.10483090563576122,6.15503113296453e-05,221.26387657312313,3,-6,0
13:03:59:128,3.7458109572795464,2.4190320927721305,221.28850980848452,0.0358833489544488,-0.11620458200969633,-0.0011640419917755768,221.33343034718746,2,-7,0
13:03:59:296,3.610777241617564,2.3875910859937304,221.8505405652307,-0.12524513434408793,0.09151100250741183,-0.0008241962801148862,221.89276836473866,-7,5,0
13:03:59:415,3.735596653660104,2.4094115466640544,221.63605301962005,0.0017418933167511448,-0.08977508291813469,-0.0028196565616248667,221.68062600163296,0,-5,0
13:03:59:538,3.7205170724369894,2.4515668575150906,221.9722685355477,0.03803069419574164,-0.08799892168646471,-0.0023947287048619367,222.01698229225724,2,-5,0
13:03:59:662,3.735596653660104,2.4094115466640544,221.63605301962005,0.0017418933167511448,-0.08977508291813469,-0.0028196565616248667,221.68062600163296,0,-5,0
13:03:59:787,3.7451901531885023,2.4508676183442146,221.78728834771613,0.04249981161606429,-0.09935276348858466,-0.0022119229632609175,221.8324468467117,2,-6,0
13:03:59:905,3.717508760360361,2.4311416723150616,220.8864760176143,0.026775474508602737,-0.11322618912143506,0.0011362289967051088,220.93113318112123,2,-6,0
13:04:00:038,3.7220226292285434,2.420183915214919,221.45168244748137,0.033164620748078945,-0.10700420797023713,-0.0013290604132693482,221.4961814602141,2,-6,0
13:04:00:152,3.69714651706444,2.422038977471767,221.21972767135674,0.04452182051047836,-0.10483090563576122,6.15503113296453e-05,221.26387657312313,3,-6,0
13:04:00:279,3.7220296213290354,2.440051279244432,221.63793058532488,0.022795110201073346,-0.0993041987242118,0.000358632251810344,221.68261011836876,1,-6,0
13:04:00:402,3.74621557569809,2.4387343120098577,221.47456516447048,0.025202016882305164,-0.10937410655420379,0.0005262758434874066,221.51967084431905,1,-6,0
13:04:00:526,3.69714651706444,2.422038977471767,221.21972767135674,0.04452182051047836,-0.10483090563576122,6.15503113296453e-05,221.26387657312313,3,-6,0
13:04:00:653,3.7458109572795464,2.4190320927721305,221.28850980848452,0.0358833489544488,-0.11620458200969633,-0.0011640419917755768,221.33343034718746,2,-7,0
13:04:00:769,3.764383740036664,2.456008183411816,221.2135375585939,0.0718475166994298,-0.10828659415501773,-0.0008850736019963361,221.25919587742942,4,-6,0
13:04:00:939,3.69714651706444,2.422038977471767,221.21972767135674,0.04452182051047836,-0.10483090563576122,6.15503113296453e-05,221.26387657312313,3,-6,0
13:04:01:075,3.735987002450559,2.427820095394514,221.73521581522314,-0.009670470658275494,-0.08555899823748586,-0.0010827094603240738,221.7799761969544,-1,-5,0
13:04:01:217,3.7220226292285434,2.420183915214919,221.45168244748137,0.033164620748078945,-0.10700420797023713,-0.0013290604132693482,221.4961814602141,2,-6,0
13:04:01:341,3.7604033587560104,2.408968407613563,221.45652816448893,0.006828793553681038,-0.10155456045644883,-0.0026525617734760036,221.50155220421934,0,-6,0
13:04:01:472,3.7710072659575684,2.416394997710242,221.46807534542262,0.024285223109506853,-0.12085857836123982,-0.0025412586867591676,221.51335819266217,1,-7,0
13:04:01:591,3.7552863456721783,2.4192267744219365,220.73827863405307,0.053342663488184575,-0.10625602295774361,1.5538093172194704e-05,220.78347421863106,3,-6,0
13:04:01:738,3.7220226292285434,2.420183915214919,221.45168244748137,0.033164620748078945,-0.10700420797023713,-0.0013290604132693482,221.4961814602141,2,-6,0
13:04:01:919,3.7220226292285434,2.420183915214919,221.45168244748137,0.033164620748078945,-0.10700420797023713,-0.0013290604132693482,221.4961814602141,2,-6,0
13:04:02:037,3.7604033587560104,2.408968407613563,221.45652816448893,0.006828793553681038,-0.10155456045644883,-0.0026525617734760036,221.50155220421934,0,-6,0
13:04:02:167,3.7220226292285434,2.420183915214919,221.45168244748137,0.033164620748078945,-0.10700420797023713,-0.0013290604132693482,221.4961814602141,2,-6,0
13:04:02:289,3.7219743681233286,2.4447038714526674,221.41224787246344,0.04095776042555654,-0.10739534245718538,-0.0013311043340117636,221.4570233208991,2,-6,0
13:04:02:410,3.69714651706444,2.422038977471767,221.21972767135674,0.04452182051047836,-0.10483090563576122,6.15503113296453e-05,221.26387657312313,3,-6,0
13:04:02:535,3.743721377850295,2.42812088047317,222.1792523904855,0.027471271129973388,-0.07977394476883827,0.0011102492592512379,222.22405678404897,2,-5,0
13:04:02:654,3.7209233063215006,2.4211169139262543,221.0517856122611,0.047853027965021264,-0.11402782896123276,0.00022993658111158214,221.0963568214806,3,-7,0
13:04:02:781,3.7065083011971036,2.4247157006168645,220.75432451034595,0.06535248388624132,-0.13430017781500594,0.0015629131650328845,220.79875280452737,4,-8,0
13:04:02:898,3.6385500582603054,2.3894325270157495,221.94920317854965,-0.12383894711856108,0.08148427428968412,-0.000727501366497296,221.99188549566568,-7,5,0
13:04:03:073,3.69714651706444,2.422038977471767,221.21972767135674,0.04452182051047836,-0.10483090563576122,6.15503113296453e-05,221.26387657312313,3,-6,0
13:04:03:192,3.7205170724369894,2.4515668575150906,221.9722685355477,0.03803069419574164,-0.08799892168646471,-0.0023947287048619367,222.01698229225724,2,-5,0
13:04:03:318,3.7410304121134796,2.460208587200315,221.65903574508988,0.018274674407559404,-0.09595446279457048,-0.00129932038011932,221.70425359536952,1,-5,0
13:04:03:431,3.7209233063215006,2.4211169139262543,221.0517856122611,0.047853027965021264,-0.11402782896123276,0.00022993658111158214,221.0963568214806,3,-7,0
13:04:03:555,3.7504119814849934,2.4233811335933084,221.42663652063672,0.04104844591532276,-0.11782598743712686,0.0003580901508323121,221.47165445490242,2,-7,0
13:04:03:720,3.7453931249354837,2.399003495713468,221.06840145004224,0.04669365408736149,-0.12399950646812845,-0.0028357006643547414,221.11314141658292,3,-7,0
13:04:03:841,3.7718261078453996,2.43563642406353,221.6116838221403,0.013704535843362353,-0.11621980238158632,-0.0008298548563982374,221.6571618591701,1,-7,0
13:04:03:967,3.7322611257119034,2.427222398978002,220.96683461199976,0.015560453786775178,-0.14447365660692427,-8.424731898129832e-05,221.01168109430654,1,-8,0
13:04:04:088,3.709386306453033,2.428513839757239,221.11714941228365,0.013495560522719255,-0.1372642301299568,-0.00022870756242863478,221.1615947456849,1,-8,0
13:04:04:214,3.7185747992607916,2.4105039886228776,221.03481080509948,0.02452819330961542,-0.11569021047481054,-0.002084156212654645,221.0792299508549,1,-7,0
13:04:04:334,3.7198855670988795,2.239361604959839,220.28832390507299,-0.18626612390407146,0.029826346165295163,-0.0009530300754954825,220.3311097823828,-11,2,0
13:04:04:457,err,err,err,err,err,err,err,err,err,err
13:04:04:581,err,err,err,err,err,err,err,err,err,err
13:04:04:706,err,err,err,err,err,err,err,err,err,err
13:04:04:829,err,err,err,err,err,err,err,err,err,err
13:04:04:947,3.681873553389556,2.2328303955272055,220.14408418973815,-0.2040148928450405,0.010594451775761505,-0.0013555859494941908,220.18619286453193,-12,1,0
13:04:05:075,3.7000560482012386,2.2402668910340546,220.2575840726889,-0.18067927600803219,0.014297845529354068,-0.006432647471629647,220.30005118483408,-10,1,0
13:04:05:198,3.7850561284092215,2.3032962750002395,220.7229364489821,-0.13419720223302706,-0.006406750388446128,-0.0030100007724173463,220.7674036135929,-8,0,0
13:04:05:317,3.7612216336390722,2.3768417056659503,220.8316093911828,0.0981019449649447,-0.04016151758561308,-0.00824007073413984,220.87642669821307,6,-2,-1
13:04:05:440,3.7551515925605155,2.3976509622902653,222.11936157047938,0.05837696446364553,-0.027534261432707693,-0.006252557954013717,222.16404002020093,3,-2,0
13:04:05:571,3.783590129002681,2.4351288954989636,221.11921697605163,0.07549278324906927,-0.020478157925423363,0.00028213268968114145,221.16499163091834,4,-1,0
13:04:05:690,3.7599030802961386,2.3473129351048683,221.60085478430472,-0.10372475746309723,-0.0037057440466724263,0.0018683807142689719,221.64517948812477,-6,0,0
13:04:05:817,3.8104965131665,2.412315264207952,221.34356800774816,0.06641367437971646,-0.02799432592532274,-0.002737378887931345,221.38950798764475,4,-2,0
13:04:05:938,3.7880288063005954,2.372936947833792,221.37704598891202,-0.02542296858423717,-0.027947444620244993,-0.0017163790019750196,221.42216800215064,-1,-2,0
13:04:06:055,3.7740718883807136,2.4089859197383148,222.13672811434097,0.034812429991572635,-0.05919338455321291,-0.0022068032028448514,222.18184626365135,2,-3,0
13:04:06:183,3.745234220369212,2.352105983911424,221.44972386563808,-0.025885343984120627,-0.11185137554255113,0.001735836561745344,221.49388113916902,-1,-6,0
13:04:06:303,3.7279042576873826,2.3781536687120597,220.61872090328853,-0.039559867092370214,-0.16108853707562928,-0.003336503144401313,220.6630302022285,-2,-9,0
13:04:06:437,3.780735707764247,2.3668399904401793,221.81282673289257,-0.057506788739730814,-0.08948186961081914,-0.0005029254124932336,221.85767058469835,-3,-5,0
13:04:06:555,3.7823373294982385,2.388660879813002,221.91792836960838,-0.005811130567852062,-0.0344929159199631,0.0025864502511516426,221.96301202752565,0,-2,0
13:04:06:674,3.7599030802961386,2.3473129351048683,221.60085478430472,-0.10372475746309723,-0.0037057440466724263,0.0018683807142689719,221.64517948812477,-6,0,0
13:04:06:799,3.7668509150968,2.3774948086323664,221.324411866502,-0.012039451189300589,-0.0735876591781585,-0.0007853342873259841,221.3692321336338,-1,-4,0
13:04:06:923,3.8104965131665,2.412315264207952,221.34356800774816,0.06641367437971646,-0.02799432592532274,-0.002737378887931345,221.38950798764475,4,-2,0
13:04:07:044,3.8030166630510185,2.43474370230798,221.72709265594145,0.0071669940253358275,-0.04164138537518726,0.00027055282573777825,221.7730698941867,0,-2,0
13:04:07:169,3.7880288063005954,2.372936947833792,221.37704598891202,-0.02542296858423717,-0.027947444620244993,-0.0017163790019750196,221.42216800215064,-1,-2,0
13:04:07:290,3.7878188498348284,2.394707215678992,222.00820186008988,0.00562353286668535,-0.007846500199284531,-0.00382193346941058,222.0534257502874,0,0,0
13:04:07:414,3.8136416027593643,2.339321562560129,221.4772041435385,-0.0048800016401324055,-0.07247232744051095,0.0005646906001210775,221.52238767873098,0,-4,0
13:04:07:530,3.7617236869686033,2.392709199628873,221.7458295213,0.009903503582153278,-0.051581021060136546,-0.0036516496622041815,221.79064121937276,1,-3,0
13:04:07:706,3.7701991241979558,2.308929439174349,221.07895880517,-0.06838356386232408,-0.04768949774080569,-0.0005861497495314533,221.12315930939764,-4,-3,0
13:04:07:830,3.7872664880350855,2.349280049132193,222.18309753502024,-0.06017727798173286,-0.045439581171809997,-0.001507214365109062,222.22779154385026,-3,-3,0
13:04:07:986,3.773279549950896,2.373914025883558,222.371151850123,-0.004137848675404079,-0.04946159120042388,-0.00035334759717839013,222.41583190392456,0,-3,0
13:04:08:110,3.7586076632507326,2.362529818662738,222.0307780082449,-0.07764785562553836,-0.03177421178155195,0.0016997208859600614,222.07515633599553,-4,-2,0
13:04:08:232,3.788044440177511,2.3931711250817753,222.22967267181966,-0.005360664803289986,-0.04508231091657751,-0.003548604973610468,222.2748388021883,0,-3,0
13:04:08:353,3.7617236869686033,2.392709199628873,221.7458295213,0.009903503582153278,-0.051581021060136546,-0.0036516496622041815,221.79064121937276,1,-3,0
13:04:08:479,3.7872664880350855,2.349280049132193,222.18309753502024,-0.06017727798173286,-0.045439581171809997,-0.001507214365109062,222.22779154385026,-3,-3,0
13:04:08:601,3.808483920624928,2.4080504209036846,221.70505538382054,0.04624037707432172,-0.05516799860011614,-0.0024197680901827455,221.7508395459783,3,-3,0
13:04:08:739,3.808483920624928,2.4080504209036846,221.70505538382054,0.04624037707432172,-0.05516799860011614,-0.0024197680901827455,221.7508395459783,3,-3,0
13:04:08:885,3.7840543499482573,2.408989844657496,221.41974544799788,0.056982215802103824,-0.05643437856059133,-0.0010260722724654342,221.4651800479055,3,-3,0
13:04:09:007,3.808483920624928,2.4080504209036846,221.70505538382054,0.04624037707432172,-0.05516799860011614,-0.0024197680901827455,221.7508395459783,3,-3,0
13:04:09:135,3.8092087728196704,2.3695275148148163,221.99614798757014,-0.0020744221210973906,-0.046934600994593983,-0.0005065804461586752,222.04147012087074,0,-3,0
13:04:09:256,3.8092087728196704,2.3695275148148163,221.99614798757014,-0.0020744221210973906,-0.046934600994593983,-0.0005065804461586752,222.04147012087074,0,-3,0
13:04:09:378,3.806003410927203,2.430789230998564,221.82314674072174,0.04476635865513863,-0.04401642148925321,-0.0007853388770504426,221.86911192909503,3,-3,0
13:04:09:502,3.808483920624928,2.4080504209036846,221.70505538382054,0.04624037707432172,-0.05516799860011614,-0.0024197680901827455,221.7508395459783,3,-3,0
13:04:09:625,3.8104553303457585,2.390132933495173,222.0330483845987,-0.00601836501791482,-0.04570716161379213,0.0012430546878138726,222.07860518343924,0,-3,0
13:04:09:748,3.7819644608741325,2.371263496409958,221.49670759137442,0.01857705184109653,-0.05184577079042695,-0.0006520224676242791,221.5416837066369,1,-3,0
13:04:09:867,4.587539908068671,3.981330807368637,201.75826137895038,0.7398064637458497,-0.04903607212777771,0.13042616959203387,201.8496781074042,42,-5,6
13:04:10:036,3.7872664880350855,2.349280049132193,222.18309753502024,-0.06017727798173286,-0.045439581171809997,-0.001507214365109062,222.22779154385026,-3,-3,0
13:04:10:159,3.788044440177511,2.3931711250817753,222.22967267181966,-0.005360664803289986,-0.04508231091657751,-0.003548604973610468,222.2748388021883,0,-3,0
13:04:10:277,3.808483920624928,2.4080504209036846,221.70505538382054,0.04624037707432172,-0.05516799860011614,-0.0024197680901827455,221.7508395459783,3,-3,0
13:04:10:402,3.808483920624928,2.4080504209036846,221.70505538382054,0.04624037707432172,-0.05516799860011614,-0.0024197680901827455,221.7508395459783,3,-3,0
13:04:10:533,3.8092087728196704,2.3695275148148163,221.99614798757014,-0.0020744221210973906,-0.046934600994593983,-0.0005065804461586752,222.04147012087074,0,-3,0
13:04:10:654,3.8104965131665,2.412315264207952,221.34356800774816,0.06641367437971646,-0.02799432592532274,-0.002737378887931345,221.38950798764475,4,-2,0
13:04:10:774,3.7603052019710357,2.4113184594460138,222.1671109062124,-0.012107091750665674,-0.030460337343317063,-0.0004467370481384686,222.21201479744096,-1,-2,0
13:04:10:901,3.808483920624928,2.4080504209036846,221.70505538382054,0.04624037707432172,-0.05516799860011614,-0.0024197680901827455,221.7508395459783,3,-3,0
13:04:11:022,3.808483920624928,2.4080504209036846,221.70505538382054,0.04624037707432172,-0.05516799860011614,-0.0024197680901827455,221.7508395459783,3,-3,0
13:04:11:140,3.788044440177511,2.3931711250817753,222.22967267181966,-0.005360664803289986,-0.04508231091657751,-0.003548604973610468,222.2748388021883,0,-3,0
13:04:11:267,3.808483920624928,2.4080504209036846,221.70505538382054,0.04624037707432172,-0.05516799860011614,-0.0024197680901827455,221.7508395459783,3,-3,0
13:04:11:391,3.8092087728196704,2.3695275148148163,221.99614798757014,-0.0020744221210973906,-0.046934600994593983,-0.0005065804461586752,222.04147012087074,0,-3,0
13:04:11:519,3.8092087728196704,2.3695275148148163,221.99614798757014,-0.0020744221210973906,-0.046934600994593983,-0.0005065804461586752,222.04147012087074,0,-3,0
13:04:11:641,3.7872664880350855,2.349280049132193,222.18309753502024,-0.06017727798173286,-0.045439581171809997,-0.001507214365109062,222.22779154385026,-3,-3,0
13:04:11:760,3.808483920624928,2.4080504209036846,221.70505538382054,0.04624037707432172,-0.05516799860011614,-0.0024197680901827455,221.7508395459783,3,-3,0
13:04:11:919,3.8033669425833008,2.412867943386666,221.6625114642741,0.008916842691982967,-0.047073733682898945,-0.001430294336906401,221.70826894922436,1,-3,0
13:04:12:048,3.806003410927203,2.430789230998564,221.82314674072174,0.04476635865513863,-0.04401642148925321,-0.0007853388770504426,221.86911192909503,3,-3,0
13:04:12:168,3.788044440177511,2.3931711250817753,222.22967267181966,-0.005360664803289986,-0.04508231091657751,-0.003548604973610468,222.2748388021883,0,-3,0
13:04:12:380,3.788044440177511,2.3931711250817753,222.22967267181966,-0.005360664803289986,-0.04508231091657751,-0.003548604973610468,222.2748388021883,0,-3,0
13:04:12:497,3.7819644608741325,2.371263496409958,221.49670759137442,0.01857705184109653,-0.05184577079042695,-0.0006520224676242791,221.5416837066369,1,-3,0
13:04:12:620,3.806003410927203,2.430789230998564,221.82314674072174,0.04476635865513863,-0.04401642148925321,-0.0007853388770504426,221.86911192909503,3,-3,0
13:04:12:740,3.7921140669215645,2.3681762027397206,222.1002196009774,-0.0647030937198014,-0.05612091910820773,0.000305909616622232,222.14521362033923,-4,-3,0
13:04:12:867,3.788044440177511,2.3931711250817753,222.22967267181966,-0.005360664803289986,-0.04508231091657751,-0.003548604973610468,222.2748388021883,0,-3,0
13:04:12:987,3.761784917755925,2.359951169874346,221.65267622200184,-0.06984563444017036,-0.004614741103725652,0.0019646365817923978,221.69715666121482,-4,0,0
13:04:13:108,3.8101394226590655,2.3768760197494347,221.69185927535383,0.025012919538708062,-0.014577439695799992,-0.0008594128344581054,221.73733824278816,1,-1,0
13:04:13:236,3.808483920624928,2.4080504209036846,221.70505538382054,0.04624037707432172,-0.05516799860011614,-0.0024197680901827455,221.7508395459783,3,-3,0
13:04:13:356,3.808483920624928,2.4080504209036846,221.70505538382054,0.04624037707432172,-0.05516799860011614,-0.0024197680901827455,221.7508395459783,3,-3,0
13:04:13:484,3.7740718883807136,2.4089859197383148,222.13672811434097,0.034812429991572635,-0.05919338455321291,-0.0022068032028448514,222.18184626365135,2,-3,0
13:04:13:604,3.806003410927203,2.430789230998564,221.82314674072174,0.04476635865513863,-0.04401642148925321,-0.0007853388770504426,221.86911192909503,3,-3,0
13:04:13:725,3.794268918052059,2.415877788744183,221.5675843157671,0.06779969887275236,-0.070680382063548,-0.0009319538741493724,221.6132382364312,4,-4,0
13:04:13:851,3.8042397760135365,2.4237262377135753,222.02053376462564,0.022676943807678943,-0.07836188999688037,-0.0004452827259543725,222.0663506753737,1,-4,0
13:04:13:970,3.8042397760135365,2.4237262377135753,222.02053376462564,0.022676943807678943,-0.07836188999688037,-0.0004452827259543725,222.0663506753737,1,-4,0
13:04:14:094,3.7894376784510473,2.4142558098479796,222.26066242594266,-0.008015091210602608,-0.04428221851200069,-0.0018007769251835314,222.30607398596442,0,-3,0
13:04:14:220,3.806003410927203,2.430789230998564,221.82314674072174,0.04476635865513863,-0.04401642148925321,-0.0007853388770504426,221.86911192909503,3,-3,0
13:04:14:338,3.808483920624928,2.4080504209036846,221.70505538382054,0.04624037707432172,-0.05516799860011614,-0.0024197680901827455,221.7508395459783,3,-3,0
13:04:14:460,3.808483920624928,2.4080504209036846,221.70505538382054,0.04624037707432172,-0.05516799860011614,-0.0024197680901827455,221.7508395459783,3,-3,0
13:04:14:590,3.808483920624928,2.4080504209036846,221.70505538382054,0.04624037707432172,-0.05516799860011614,-0.0024197680901827455,221.7508395459783,3,-3,0
13:04:14:711,3.8092087728196704,2.3695275148148163,221.99614798757014,-0.0020744221210973906,-0.046934600994593983,-0.0005065804461586752,222.04147012087074,0,-3,0
13:04:14:831,3.8033669425833008,2.412867943386666,221.6625114642741,0.008916842691982967,-0.047073733682898945,-0.001430294336906401,221.70826894922436,1,-3,0
13:04:14:956,3.808483920624928,2.4080504209036846,221.70505538382054,0.04624037707432172,-0.05516799860011614,-0.0024197680901827455,221.7508395459783,3,-3,0
13:04:15:077,3.7884269987257535,2.411773350182815,221.0395039268624,0.07427802211090477,-0.03462751954530574,-0.0012829948609533396,221.08512190115994,4,-2,0
13:04:15:203,3.808483920624928,2.4080504209036846,221.70505538382054,0.04624037707432172,-0.05516799860011614,-0.0024197680901827455,221.7508395459783,3,-3,0
13:04:15:322,3.7921140669215645,2.3681762027397206,222.1002196009774,-0.0647030937198014,-0.05612091910820773,0.000305909616622232,222.14521362033923,-4,-3,0
13:04:15:444,3.808483920624928,2.4080504209036846,221.70505538382054,0.04624037707432172,-0.05516799860011614,-0.0024197680901827455,221.7508395459783,3,-3,0
13:04:15:571,3.808483920624928,2.4080504209036846,221.70505538382054,0.04624037707432172,-0.05516799860011614,-0.0024197680901827455,221.7508395459783,3,-3,0
13:04:15:720,3.788044440177511,2.3931711250817753,222.22967267181966,-0.005360664803289986,-0.04508231091657751,-0.003548604973610468,222.2748388021883,0,-3,0
13:04:15:854,3.808483920624928,2.4080504209036846,221.70505538382054,0.04624037707432172,-0.05516799860011614,-0.0024197680901827455,221.7508395459783,3,-3,0
13:04:15:980,3.7872664880350855,2.349280049132193,222.18309753502024,-0.06017727798173286,-0.045439581171809997,-0.001507214365109062,222.22779154385026,-3,-3,0
13:04:16:099,3.808483920624928,2.4080504209036846,221.70505538382054,0.04624037707432172,-0.05516799860011614,-0.0024197680901827455,221.7508395459783,3,-3,0
13:04:16:231,3.808483920624928,2.4080504209036846,221.70505538382054,0.04624037707432172,-0.05516799860011614,-0.0024197680901827455,221.7508395459783,3,-3,0
13:04:16:391,3.7872664880350855,2.349280049132193,222.18309753502024,-0.06017727798173286,-0.045439581171809997,-0.001507214365109062,222.22779154385026,-3,-3,0
13:04:16:552,3.8092087728196704,2.3695275148148163,221.99614798757014,-0.0020744221210973906,-0.046934600994593983,-0.0005065804461586752,222.04147012087074,0,-3,0
13:04:16:718,3.7759787651473267,2.4320709994684013,221.25678423482768,0.06513922136907545,-0.04569426023835839,-0.000949567664260695,221.30236680821645,4,-3,0
13:04:16:840,3.808483920624928,2.4080504209036846,221.70505538382054,0.04624037707432172,-0.05516799860011614,-0.0024197680901827455,221.7508395459783,3,-3,0
13:04:16:965,3.7872664880350855,2.349280049132193,222.18309753502024,-0.06017727798173286,-0.045439581171809997,-0.001507214365109062,222.22779154385026,-3,-3,0
13:04:17:087,3.7819644608741325,2.371263496409958,221.49670759137442,0.01857705184109653,-0.05184577079042695,-0.0006520224676242791,221.5416837066369,1,-3,0
13:04:17:209,3.808483920624928,2.4080504209036846,221.70505538382054,0.04624037707432172,-0.05516799860011614,-0.0024197680901827455,221.7508395459783,3,-3,0
13:04:17:329,3.788044440177511,2.3931711250817753,222.22967267181966,-0.005360664803289986,-0.04508231091657751,-0.003548604973610468,222.2748388021883,0,-3,0
13:04:17:454,3.808483920624928,2.4080504209036846,221.70505538382054,0.04624037707432172,-0.05516799860011614,-0.0024197680901827455,221.7508395459783,3,-3,0
13:04:17:578,3.808483920624928,2.4080504209036846,221.70505538382054,0.04624037707432172,-0.05516799860011614,-0.0024197680901827455,221.7508395459783,3,-3,0
13:04:17:699,3.788044440177511,2.3931711250817753,222.22967267181966,-0.005360664803289986,-0.04508231091657751,-0.003548604973610468,222.2748388021883,0,-3,0
13:04:17:825,3.808483920624928,2.4080504209036846,221.70505538382054,0.04624037707432172,-0.05516799860011614,-0.0024197680901827455,221.7508395459783,3,-3,0
13:04:17:947,3.7894376784510473,2.4142558098479796,222.26066242594266,-0.008015091210602608,-0.04428221851200069,-0.0018007769251835314,222.30607398596442,0,-3,0
13:04:18:072,3.8092087728196704,2.3695275148148163,221.99614798757014,-0.0020744221210973906,-0.046934600994593983,-0.0005065804461586752,222.04147012087074,0,-3,0
13:04:18:194,3.806925474009008,2.3930381747270606,221.69442919740604,-0.04107301693387559,-0.050631786910073,0.002333319103999495,221.740026270482,-2,-3,0
13:04:18:320,3.788044440177511,2.3931711250817753,222.22967267181966,-0.005360664803289986,-0.04508231091657751,-0.003548604973610468,222.2748388021883,0,-3,0
13:04:18:440,3.8104553303457585,2.390132933495173,222.0330483845987,-0.00601836501791482,-0.04570716161379213,0.0012430546878138726,222.07860518343924,0,-3,0
13:04:18:562,3.780946080597698,2.399396426963596,221.9786987254589,-0.03513069522187066,-0.03921035352757488,-0.002543218246744581,222.02386210568937,-2,-2,0
13:04:18:688,3.788044440177511,2.3931711250817753,222.22967267181966,-0.005360664803289986,-0.04508231091657751,-0.003548604973610468,222.2748388021883,0,-3,0
13:04:18:831,3.808483920624928,2.4080504209036846,221.70505538382054,0.04624037707432172,-0.05516799860011614,-0.0024197680901827455,221.7508395459783,3,-3,0
13:04:19:020,3.788044440177511,2.3931711250817753,222.22967267181966,-0.005360664803289986,-0.04508231091657751,-0.003548604973610468,222.2748388021883,0,-3,0
13:04:19:139,3.788044440177511,2.3931711250817753,222.22967267181966,-0.005360664803289986,-0.04508231091657751,-0.003548604973610468,222.2748388021883,0,-3,0
13:04:19:379,3.8092087728196704,2.3695275148148163,221.99614798757014,-0.0020744221210973906,-0.046934600994593983,-0.0005065804461586752,222.04147012087074,0,-3,0
13:04:19:527,3.808483920624928,2.4080504209036846,221.70505538382054,0.04624037707432172,-0.05516799860011614,-0.0024197680901827455,221.7508395459783,3,-3,0
13:04:19:691,3.808483920624928,2.4080504209036846,221.70505538382054,0.04624037707432172,-0.05516799860011614,-0.0024197680901827455,221.7508395459783,3,-3,0
13:04:19:907,3.762489507667901,2.4127820348529028,221.80910803559894,0.003937304816072448,-0.048677509447582853,-0.0019095179679996567,221.85413733349898,0,-3,0
13:04:20:054,3.8136416027593643,2.339321562560129,221.4772041435385,-0.0048800016401324055,-0.07247232744051095,0.0005646906001210775,221.52238767873098,0,-4,0
13:04:20:161,3.8092087728196704,2.3695275148148163,221.99614798757014,-0.0020744221210973906,-0.046934600994593983,-0.0005065804461586752,222.04147012087074,0,-3,0
13:04:20:287,3.788044440177511,2.3931711250817753,222.22967267181966,-0.005360664803289986,-0.04508231091657751,-0.003548604973610468,222.2748388021883,0,-3,0
13:04:20:405,3.808483920624928,2.4080504209036846,221.70505538382054,0.04624037707432172,-0.05516799860011614,-0.0024197680901827455,221.7508395459783,3,-3,0
13:04:20:629,3.7872664880350855,2.349280049132193,222.18309753502024,-0.06017727798173286,-0.045439581171809997,-0.001507214365109062,222.22779154385026,-3,-3,0
13:04:20:819,3.808483920624928,2.4080504209036846,221.70505538382054,0.04624037707432172,-0.05516799860011614,-0.0024197680901827455,221.7508395459783,3,-3,0
13:04:20:981,3.808483920624928,2.4080504209036846,221.70505538382054,0.04624037707432172,-0.05516799860011614,-0.0024197680901827455,221.7508395459783,3,-3,0
13:04:21:119,3.7818051134621884,2.3840710164763443,221.00355711839072,0.06237955809542133,-0.02354801002744828,-0.0010942608780719907,221.0487686088968,4,-1,0
13:04:21:238,3.8026857498021274,2.3733127258594253,221.7394864204299,-0.037651252453455616,-0.042850129167695476,0.0005335648011915619,221.78478953752102,-2,-2,0
13:04:21:413,3.8042397760135365,2.4237262377135753,222.02053376462564,0.022676943807678943,-0.07836188999688037,-0.0004452827259543725,222.0663506753737,1,-4,0
13:04:21:614,3.795892904098078,2.36057505149483,221.87402308835826,-0.07666295609825416,-0.02621161693455079,0.0003328038161818571,221.9190465889002,-4,-1,0
13:04:21:760,3.8104553303457585,2.390132933495173,222.0330483845987,-0.00601836501791482,-0.04570716161379213,0.0012430546878138726,222.07860518343924,0,-3,0
13:04:21:888,3.788044440177511,2.3931711250817753,222.22967267181966,-0.005360664803289986,-0.04508231091657751,-0.003548604973610468,222.2748388021883,0,-3,0
13:04:22:058,3.808483920624928,2.4080504209036846,221.70505538382054,0.04624037707432172,-0.05516799860011614,-0.0024197680901827455,221.7508395459783,3,-3,0
13:04:22:179,3.808483920624928,2.4080504209036846,221.70505538382054,0.04624037707432172,-0.05516799860011614,-0.0024197680901827455,221.7508395459783,3,-3,0
13:04:22:342,3.7840543499482573,2.408989844657496,221.41974544799788,0.056982215802103824,-0.05643437856059133,-0.0010260722724654342,221.4651800479055,3,-3,0
13:04:22:460,3.8276548200521914,2.2307617291104784,221.0209550746738,-0.1756391790765652,0.004268069505780618,-0.0037081753469264188,221.06535192434498,-10,0,0
13:04:22:583,3.887948777287292,2.203133783697899,221.38249694466018,-0.1384976850333603,0.031127928777382803,-0.0034030880535973838,221.42759515836357,-8,2,0
13:04:22:707,3.854691933226105,2.225572701533586,221.3677888263543,-0.13547884461116044,0.05362689514391184,-0.005284163770403919,221.4125329641917,-8,3,-1
13:04:22:830,3.8884283145352785,2.247369636052615,222.07144448328438,-0.09805751634958719,0.056418388126991605,-0.0038736439599091,222.11685438059578,-6,3,0
13:04:22:954,3.8804309183725594,2.3136398456311214,221.2258030147945,0.09033162053899194,0.03931304204463189,-0.004582950317687864,221.27192906690223,5,2,0
13:04:23:070,3.9203374130495674,2.3372954283505356,225.39452923747677,0.067830211242201,0.020051697609905883,-0.003486732069677374,225.44073679247794,4,1,0
13:04:23:220,4.942285053582777,4.0520245853065004,214.41805742143438,0.7450124917628913,-0.03385834078782447,0.131601854599226,214.51328264975186,43,-4,6
13:04:23:405,4.466084320973566,2.5248591995416647,250.31590032382766,-0.06684856913741306,0.04427966304676334,-0.003140381471920821,250.36847001583084,-4,3,0
13:04:23:530,4.646653320627568,2.696739500104146,258.3961395120167,-0.10551510150168317,-0.03970804581241043,0.0013819947221377978,258.4519853004173,-6,-2,0
13:04:23:648,5.453946508436262,4.17824957414353,240.31403012896993,0.7379273425521617,-0.03457739068741005,0.13084648973912688,240.4122217751173,42,-4,6
13:04:23:772,4.795400072990587,2.7508855400567165,266.37793246052996,0.047474027195402564,0.014763617453191361,0.0008050277707659975,266.43529446201603,3,1,0
13:04:23:893,5.574328742730197,4.137255876359505,242.22487574269218,0.7297895307727901,-0.04477770883128741,0.1315452412854413,242.3243290626865,42,-5,6
13:04:24:021,5.571555886715227,4.2504094336947515,243.3874496861739,0.7249340645811811,-0.041695527415938065,0.12644398794002149,243.48831364172833,41,-5,6
13:04:24:138,4.925983509396822,2.6466998922952087,267.83798686860763,-0.0028447382231158486,-0.058796280799891985,-0.004308179983675318,267.8963559731322,0,-3,0
13:04:24:301,4.880149347332804,2.635841309351376,269.20852634359636,-0.008147590642703775,-0.07807320702781777,-0.003080277660664765,269.26565724791413,0,-4,0
13:04:24:428,4.9796215667161245,2.7253656384789995,272.56142964142924,0.04912428163065054,0.025902634451249462,-0.002260359816608684,272.6205369684956,3,1,0
13:04:24:549,4.9964878013521306,2.760742286600893,271.19029603136346,0.048365037109986596,-0.0744619504548365,-0.0026476758545163335,271.25037004564734,3,-4,0
13:04:24:675,4.957253218887383,2.735023602630342,270.9442530902969,0.05885513193881021,-0.06103689296075222,-0.0065468808625978306,271.00340034073736,3,-3,0
13:04:24:795,4.997864845850879,2.7103033037262216,272.39624606905494,0.013468152688371338,-0.021785289549569754,0.0002937599869989541,272.4555730197654,1,-1,0
13:04:24:957,4.961695022003824,2.71386426659673,272.463708661668,0.0211026020393574,0.004068775084882456,-7.069574811011407e-05,272.522395436447,1,0,0
13:04:25:078,4.88531363950484,2.74249405257199,270.8577745173042,0.08076288579904564,0.107922898958221,-0.00398538591044067,270.9157093626199,5,6,0
13:04:25:203,4.949763500287739,2.7140582978092747,272.1001244664353,-0.044434290198850895,0.0189797899802053,0.001470083259286064,272.1586743166609,-3,1,0
13:04:25:325,4.918367418801385,2.689561593626319,270.45116895809167,0.09320391867910179,0.0088014961724483,-0.007545761443417091,270.509258382094,5,1,0
13:04:25:453,4.857194002920758,2.7096302242714803,269.4270020995603,0.04244871801745503,0.05310687422869439,-0.003338866019137702,269.48440379712287,2,3,0
13:04:25:570,4.898152927363434,2.676690385170896,269.19871066337026,0.03296017591982248,0.07644953433934143,-0.0006897984899186573,269.256573543412,2,4,0
13:04:25:692,4.882206719395009,2.7239764805738282,270.13009742648217,0.05681498471851081,0.08404506494383453,-0.004770730358835307,270.18794481982053,3,5,0
13:04:25:821,4.82966907890064,2.676903227643272,269.5236371559373,0.022375490399936988,0.12563847529925634,-0.002646615551098069,269.58019678764833,1,7,0
13:04:25:940,4.87454691162455,2.703098602249466,268.75074886659814,0.04787899362523027,0.04037216374470798,-0.006047748452860498,268.8085433277827,3,2,0
13:04:26:068,4.8641709749115,2.6802572375774805,269.6731717115783,-0.053637154269808425,0.11043689177661989,-0.006689009401719788,269.7303532773335,-3,6,-1
13:04:26:187,4.887343255777021,2.729320757116157,271.22549529260505,-0.04488852190137447,0.05619316710017012,-0.005623716480233769,271.283255311886,-3,3,0
13:04:26:310,4.858136315813507,2.6993651674699835,269.2674548267433,0.020309307718974635,0.10606373093811136,-0.0044709065134053575,269.3248044455665,1,6,0
13:04:26:431,4.890734923302444,2.68854083926918,271.3130754961154,0.06369666175873367,0.05387725763348048,-0.0035867198484681242,271.3704708974343,4,3,0
13:04:26:556,4.840411587691564,2.7209235235674516,269.91700974957405,-0.01787695893813574,0.11895044842411699,-0.003370078720274012,269.97411942871673,-1,7,0
13:04:26:721,4.807113615402247,2.7094379224694287,270.0748957435157,0.019479717084050257,0.13603968639672936,-0.005363811029371859,270.13126199319834,1,8,0
13:04:26:844,4.936949810205835,2.688406893947323,269.6036240244584,-0.023849268307998075,-0.07490628993214024,-0.00466679490928974,269.6622240733348,-1,-4,0
13:04:26:968,4.857194002920758,2.7096302242714803,269.4270020995603,0.04244871801745503,0.05310687422869439,-0.003338866019137702,269.48440379712287,2,3,0
13:04:27:086,4.792185035686884,2.701763622282022,269.50858263150343,0.018359944902654857,0.14552731711210481,-0.006455839448478258,269.5647244654405,1,8,0
13:04:27:209,4.874397306699667,2.740483210299668,270.0167679895861,0.03437193923835902,-0.028106161292529176,-0.004764523364498754,270.07466558874324,2,-2,0
13:04:27:336,4.869157289965241,2.704712204388133,269.72758472767555,0.018706076396655443,0.10193363942453038,-0.00337811383224456,269.7850887722455,1,6,0
13:04:27:459,4.818751964514674,2.7259760838875544,270.3652662451343,-0.020108958489193578,0.1272492653435419,-0.003498256344891054,270.42194531492413,-1,7,0
13:04:27:584,4.82966907890064,2.676903227643272,269.5236371559373,0.022375490399936988,0.12563847529925634,-0.002646615551098069,269.58019678764833,1,7,0
13:04:27:707,4.820776697410776,2.6903247467053486,269.1195069587684,-0.08445055398207947,0.06923408070231005,-0.0023992964943664024,269.17612591190107,-5,4,0
13:04:27:826,4.871558201062599,2.701118220545499,269.7184821980822,0.07957078956918577,0.09693718716105186,-0.000941843178581669,269.77599551884686,5,6,0
13:04:27:949,4.851860151990317,2.7084420636278392,270.3019414668525,0.008531903152677227,0.10562365964310781,-0.0033763901596412954,270.35904972110006,0,6,0
13:04:28:073,4.877053331382451,2.7006685276802354,270.2170374435372,-0.010813633010426437,-0.02399965319479023,-0.0023681825113788836,270.2745392826626,-1,-1,0
13:04:28:197,4.882250269292744,2.6574767641403163,269.2228787255903,-0.022932934740654286,-0.08014963460864334,-0.0008970310802593908,269.2802573151954,-1,-5,0
13:04:28:319,4.855516250807439,2.7328265425190224,270.4371954020385,-0.002661113008764219,0.09969353396460735,-0.005305818998818521,270.4945859641071,0,6,0
13:04:28:441,4.880376169159717,2.7119500256273237,269.14746641389297,-0.014806269624725974,-0.08195432081063934,-0.003015206802047661,269.20537034299974,-1,-5,0
13:04:28:564,4.855516250807439,2.7328265425190224,270.4371954020385,-0.002661113008764219,0.09969353396460735,-0.005305818998818521,270.4945859641071,0,6,0
13:04:28:688,4.92196396189858,2.7202295306931625,270.7298875260901,-0.05352225987913365,-0.044579075444374575,0.0006684830321044734,270.78828884911417,-3,-3,0
13:04:28:815,4.959179053572369,2.688640793533479,269.96539177618195,0.03958078106567875,-0.1024604797795818,-0.0024642101475719313,270.0243229841887,2,-6,0
13:04:28:975,4.808113862192012,2.7234552477178307,269.26809226021,0.01381715106068499,0.10334362969394896,-0.002472208921915827,269.3247865994719,1,6,0
13:04:29:099,4.851860151990317,2.7084420636278392,270.3019414668525,0.008531903152677227,0.10562365964310781,-0.0033763901596412954,270.35904972110006,0,6,0
13:04:29:226,4.855516250807439,2.7328265425190224,270.4371954020385,-0.002661113008764219,0.09969353396460735,-0.005305818998818521,270.4945859641071,0,6,0
13:04:29:343,4.9078668213377235,2.774107079174092,271.3271052105328,0.0067687310533300245,0.013031245019231042,-0.003736452231621497,271.3856680975439,0,1,0
13:04:29:469,4.855516250807439,2.7328265425190224,270.4371954020385,-0.002661113008764219,0.09969353396460735,-0.005305818998818521,270.4945859641071,0,6,0
13:04:29:589,4.807113615402247,2.7094379224694287,270.0748957435157,0.019479717084050257,0.13603968639672936,-0.005363811029371859,270.13126199319834,1,8,0
13:04:29:720,4.874397306699667,2.740483210299668,270.0167679895861,0.03437193923835902,-0.028106161292529176,-0.004764523364498754,270.07466558874324,2,-2,0
13:04:29:876,4.824925781472672,2.670433328322354,269.2268050381414,0.015070629624246339,0.12845481370075396,-0.0007201376415633319,269.28327774669395,1,7,0
13:04:29:998,4.881514626148664,2.7716350259077265,270.5180216179317,0.029360735571615053,-0.022090613831752242,-0.0037239828736687955,270.5762575797106,2,-1,0
13:04:30:124,4.917411860966176,2.7608262558584977,271.2004095889072,0.04785602034440079,-0.009837354332140785,-0.001328045323289494,271.25903719916215,3,-1,0
13:04:30:246,4.869157289965241,2.704712204388133,269.72758472767555,0.018706076396655443,0.10193363942453038,-0.00337811383224456,269.7850887722455,1,6,0
13:04:30:369,4.903135076770725,2.6897171089648793,270.0337796156284,-0.03741060845188162,0.03767445799510988,-0.000818797624612582,270.09168340622614,-2,2,0
13:04:30:496,4.874397306699667,2.740483210299668,270.0167679895861,0.03437193923835902,-0.028106161292529176,-0.004764523364498754,270.07466558874324,2,-2,0
13:04:30:614,4.851860151990317,2.7084420636278392,270.3019414668525,0.008531903152677227,0.10562365964310781,-0.0033763901596412954,270.35904972110006,0,6,0
13:04:30:737,4.918325456378211,2.7010936061088713,269.71409318928886,0.00959673768529338,-0.08258916496669537,-0.0030365520023647877,269.77245577872515,1,-5,0
13:04:30:860,4.861354036353549,2.7117133185784454,269.0529337991667,0.060820871447634005,-0.03150409379526233,-0.0020153533086115076,269.1105113854301,3,-2,0
13:04:30:988,4.85420764810374,2.741526728003556,269.2699735253599,0.06218768274303339,0.05283457169836206,-0.0035527698318093795,269.32767764015506,4,3,0
13:04:31:109,4.874397306699667,2.740483210299668,270.0167679895861,0.03437193923835902,-0.028106161292529176,-0.004764523364498754,270.07466558874324,2,-2,0
13:04:31:229,4.863261316476732,2.6910949686704093,270.09141447105884,-0.03519270228647488,0.07755542934167668,0.0006831223535443292,270.1485988742863,-2,4,0
13:04:31:353,4.840411587691564,2.7209235235674516,269.91700974957405,-0.01787695893813574,0.11895044842411699,-0.003370078720274012,269.97411942871673,-1,7,0
13:04:31:479,4.901653471307064,2.772726297536661,270.51108963797066,0.03235507493501142,0.055855572403693286,-0.0042282248393843425,270.5697023596619,2,3,0
13:04:31:598,4.869157289965241,2.704712204388133,269.72758472767555,0.018706076396655443,0.10193363942453038,-0.00337811383224456,269.7850887722455,1,6,0
13:04:31:764,4.877053331382451,2.7006685276802354,270.2170374435372,-0.010813633010426437,-0.02399965319479023,-0.0023681825113788836,270.2745392826626,-1,-1,0
13:04:31:886,4.9078668213377235,2.774107079174092,271.3271052105328,0.0067687310533300245,0.013031245019231042,-0.003736452231621497,271.3856680975439,0,1,0
13:04:32:007,4.855516250807439,2.7328265425190224,270.4371954020385,-0.002661113008764219,0.09969353396460735,-0.005305818998818521,270.4945859641071,0,6,0
13:04:32:133,4.921883240022907,2.766717266668058,270.5661995925973,0.08376755829030941,0.009021498909099285,-0.005327037342750903,270.6251060434772,5,1,0
13:04:32:257,4.869157289965241,2.704712204388133,269.72758472767555,0.018706076396655443,0.10193363942453038,-0.00337811383224456,269.7850887722455,1,6,0
13:04:32:378,4.851860151990317,2.7084420636278392,270.3019414668525,0.008531903152677227,0.10562365964310781,-0.0033763901596412954,270.35904972110006,0,6,0
13:04:32:501,4.859938298149577,2.746564670616065,269.81290966979094,0.05777417073993211,-0.06012894402305664,-0.0028772167273058676,269.8706520580377,3,-3,0
13:04:32:622,4.874397306699667,2.740483210299668,270.0167679895861,0.03437193923835902,-0.028106161292529176,-0.004764523364498754,270.07466558874324,2,-2,0
13:04:32:746,4.851860151990317,2.7084420636278392,270.3019414668525,0.008531903152677227,0.10562365964310781,-0.0033763901596412954,270.35904972110006,0,6,0
13:04:32:867,4.851860151990317,2.7084420636278392,270.3019414668525,0.008531903152677227,0.10562365964310781,-0.0033763901596412954,270.35904972110006,0,6,0
13:04:33:116,4.872366545971684,2.743013839218219,270.38380417876374,0.028201771115395013,0.11483792747500764,-0.007571636105064599,270.4416122619825,2,7,0
13:04:33:246,4.873764438483041,2.672971277357563,270.2156416167505,-0.0145297021590451,-0.02014101119907522,-0.004483124042686349,270.27280908297735,-1,-1,0
13:04:33:374,4.893626587308751,2.7120102496164713,270.4388375702172,-0.06880429602019683,0.07325515027108484,-0.005305827647828311,270.4967050577518,-4,4,0
13:04:33:538,4.827724019919876,2.705949879446658,269.58798795688836,0.027014331249297925,0.1282272442450676,-0.005302760090956578,269.64478918496826,2,7,0
13:04:33:656,4.874397306699667,2.740483210299668,270.0167679895861,0.03437193923835902,-0.028106161292529176,-0.004764523364498754,270.07466558874324,2,-2,0
13:04:33:786,4.881514626148664,2.7716350259077265,270.5180216179317,0.029360735571615053,-0.022090613831752242,-0.0037239828736687955,270.5762575797106,2,-1,0
13:04:33:924,4.889676044599471,2.6954386892533786,269.82639187233275,-0.09921250560999977,-0.007493307335039236,-0.0006241985560648606,269.8841530590307,-6,0,0
13:04:34:119,4.9188108116249385,2.7313385528565464,270.8643810630662,0.05181747964026424,-0.03528445646166734,-0.00579622541938797,270.9228078969521,3,-2,0
13:04:34:289,4.85420764810374,2.741526728003556,269.2699735253599,0.06218768274303339,0.05283457169836206,-0.0035527698318093795,269.32767764015506,4,3,0
13:04:34:475,4.878945383648855,2.7213080819769475,270.50593520678234,-0.040774534397777625,0.11735546560261713,-0.0033202950275180855,270.5636165633317,-2,7,0
13:04:34:592,4.865545327275087,2.7072081594105577,269.06696354590366,0.04832195241118487,0.016668560673655644,-0.004105564681050253,269.12456851644515,3,1,0
13:04:34:720,4.912783582702823,2.697924410489716,271.25841923854995,0.01941061163262788,-0.001704459125455926,-0.003727926515782739,271.3163176929322,1,0,0
13:04:34:838,4.851860151990317,2.7084420636278392,270.3019414668525,0.008531903152677227,0.10562365964310781,-0.0033763901596412954,270.35904972110006,0,6,0
13:04:35:005,4.82966907890064,2.676903227643272,269.5236371559373,0.022375490399936988,0.12563847529925634,-0.002646615551098069,269.58019678764833,1,7,0
13:04:35:168,4.905602259340995,2.6920528760179008,269.7645397484752,0.05454561171951226,0.019047131196987338,-0.0015576518198538172,269.82256945615353,3,1,0
13:04:35:295,4.869157289965241,2.704712204388133,269.72758472767555,0.018706076396655443,0.10193363942453038,-0.00337811383224456,269.7850887722455,1,6,0
13:04:35:409,4.961348658917455,2.7291984781554004,270.696206056457,0.052047886962473186,-0.07689393404215031,-0.0038097059811115406,270.7554237281468,3,-4,0
13:04:35:536,4.818751964514674,2.7259760838875544,270.3652662451343,-0.020108958489193578,0.1272492653435419,-0.003498256344891054,270.42194531492413,-1,7,0
13:04:35:659,4.851860151990317,2.7084420636278392,270.3019414668525,0.008531903152677227,0.10562365964310781,-0.0033763901596412954,270.35904972110006,0,6,0
13:04:35:783,4.922212192450766,2.727857030424249,271.1812804317493,-0.04746250722843856,-0.026669617962387898,-0.0009398305573899785,271.23966567124546,-3,-2,0
13:04:35:907,4.882250269292744,2.6574767641403163,269.2228787255903,-0.022932934740654286,-0.08014963460864334,-0.0008970310802593908,269.2802573151954,-1,-5,0
13:04:36:028,4.917347355269327,2.6611815122740863,269.20941020699354,-0.011450533453607385,-0.09828704672996441,0.0007589722487302249,269.26746690985703,-1,-6,0
13:04:36:157,4.873458514021196,2.7287613705595133,269.8833921679407,0.0062237531103539025,0.09552123810836578,-0.00528078479139931,269.94118267611526,0,5,0
13:04:36:275,4.869157289965241,2.704712204388133,269.72758472767555,0.018706076396655443,0.10193363942453038,-0.00337811383224456,269.7850887722455,1,6,0
13:04:36:396,4.901653471307064,2.772726297536661,270.51108963797066,0.03235507493501142,0.055855572403693286,-0.0042282248393843425,270.5697023596619,2,3,0
13:04:36:525,4.903633457070108,2.7334643659147906,269.6970075351009,0.0944723893359311,0.00959598689839216,-0.008304796304931222,269.75543242335135,5,1,0
13:04:36:649,4.855516250807439,2.7328265425190224,270.4371954020385,-0.002661113008764219,0.09969353396460735,-0.005305818998818521,270.4945859641071,0,6,0
13:04:36:774,4.893998930302755,2.664976012151456,270.01882640436634,0.044479403346241876,0.054071735453724984,-0.0032620165905800458,270.0763224265809,3,3,0
13:04:36:893,4.873458514021196,2.7287613705595133,269.8833921679407,0.0062237531103539025,0.09552123810836578,-0.00528078479139931,269.94118267611526,0,5,0
13:04:37:014,4.851860151990317,2.7084420636278392,270.3019414668525,0.008531903152677227,0.10562365964310781,-0.0033763901596412954,270.35904972110006,0,6,0
13:04:37:138,4.893736469286107,2.744347123310644,270.3762149938298,0.03200936559052126,0.07253919151922447,-0.002248577671846814,270.43442408863876,2,4,0
13:04:37:261,4.89847396298991,2.712682743613206,269.991889292996,-0.047154873174133395,0.11200234906290134,-0.0030919593891960795,270.0499471928017,-3,6,0
13:04:37:384,4.8805827668212745,2.6938559162347233,269.07703568955185,0.0814121016473739,-0.01852426842557933,-0.005073624211617391,269.13477680024477,5,-1,0
13:04:37:504,4.893736469286107,2.744347123310644,270.3762149938298,0.03200936559052126,0.07253919151922447,-0.002248577671846814,270.43442408863876,2,4,0
13:04:37:632,4.90121150569592,2.7790690312761552,269.677255145519,0.0773337711935307,-0.036476752113931844,-0.0023122120512769884,269.73610629970455,4,-2,0
13:04:37:809,4.869157289965241,2.704712204388133,269.72758472767555,0.018706076396655443,0.10193363942453038,-0.00337811383224456,269.7850887722455,1,6,0
13:04:37:955,4.898787739772743,2.7320097087249264,269.64309847616886,0.023789861892949342,0.08311145361678147,-0.007142623938301938,269.70143224350295,1,5,0
13:04:38:135,4.9180699370749315,2.7009406732130117,270.220859796852,-0.010280704351113069,-0.05663608955546755,-0.0005697344838259912,270.27910677996573,-1,-3,0
13:04:38:249,4.881374939598894,2.713782876511152,269.52535313546343,0.050411570425163546,0.12093912659307879,-0.005709311578261258,269.58321242539944,3,7,0
13:04:38:364,4.855516250807439,2.7328265425190224,270.4371954020385,-0.002661113008764219,0.09969353396460735,-0.005305818998818521,270.4945859641071,0,6,0
13:04:38:495,4.9190815468264315,2.739816075484212,269.74309814242133,0.04176715852115062,-0.016924492849507103,-0.0032309652659619098,269.8018586868218,2,-1,0
13:04:38:610,4.9228258580676645,2.702534811995637,269.11071266981014,0.03454084106152908,-0.05108690922344674,-0.0018181289746264915,269.1693028235055,2,-3,0
13:04:38:732,4.894584219485503,2.739698497613859,269.3395248052828,-0.018988364402438816,0.08037953543822383,-0.007649570996318178,269.3979259847317,-1,5,0
13:04:38:856,4.865545327275087,2.7072081594105577,269.06696354590366,0.04832195241118487,0.016668560673655644,-0.004105564681050253,269.12456851644515,3,1,0
13:04:38:976,4.903135076770725,2.6897171089648793,270.0337796156284,-0.03741060845188162,0.03767445799510988,-0.000818797624612582,270.09168340622614,-2,2,0
13:04:39:100,4.851860151990317,2.7084420636278392,270.3019414668525,0.008531903152677227,0.10562365964310781,-0.0033763901596412954,270.35904972110006,0,6,0
13:04:39:223,4.92196396189858,2.7202295306931625,270.7298875260901,-0.05352225987913365,-0.044579075444374575,0.0006684830321044734,270.78828884911417,-3,-3,0
13:04:39:347,4.851860151990317,2.7084420636278392,270.3019414668525,0.008531903152677227,0.10562365964310781,-0.0033763901596412954,270.35904972110006,0,6,0
13:04:39:479,4.885112946782394,2.700160367258252,270.6090236858749,-0.02792524669574235,0.1092005507305832,-0.0013317740650770162,270.66658252310003,-2,6,0
13:04:39:643,4.885112946782394,2.700160367258252,270.6090236858749,-0.02792524669574235,0.1092005507305832,-0.0013317740650770162,270.66658252310003,-2,6,0
13:04:39:759,4.867494675299759,2.741499845816683,269.3995876161252,0.057735072732173064,0.024241671044361673,-0.005333209601492121,269.45750339071463,3,1,0
13:04:39:925,4.9815741327045355,2.71600321313119,270.24089229525214,-0.04655878893076763,-0.02071695796248464,-0.0020758292521221235,270.3004488024898,-3,-1,0
13:04:40:048,4.837338939179332,2.7283062564263485,271.04408852293386,0.03865918918599777,-0.14190926785649013,0.0005337515923875181,271.1009801278287,2,-8,0
13:04:40:194,4.817500247379855,2.7352907533748807,273.5761832481045,0.0437405262958995,-0.18535889124845664,-0.0001098900253802926,273.6322681350638,3,-11,0
13:04:40:332,4.818237238593122,2.7897699501144926,273.8132064142754,0.03743603923705192,-0.17789037631418989,-0.00015742658037106951,273.8698052603253,2,-10,0
13:04:40:466,4.853478914640717,2.722786028445611,272.82508573102194,0.03441941174625722,-0.16534620960063304,0.004651894420360146,272.88183747818584,2,-9,0
13:04:40:577,4.843498575614317,2.6874227608755863,271.939330453873,0.041705723462701856,-0.1793341191735125,0.003676927730289055,271.99573740639465,2,-10,0
13:04:40:703,4.831811039883563,2.648800624627605,270.8015748421656,0.04824523133609377,-0.20024005619644186,0.0027542117539850856,270.8576295393416,3,-11,0
13:04:40:826,4.8646803428635526,2.6098259896733076,272.332843196862,0.03416842720532752,-0.14552273771986485,0.005584060428093272,272.3887916016759,2,-8,0
13:04:40:951,4.799772439429905,2.6159328747082107,271.5632448164317,0.0031655666931362453,-0.16358213069478444,0.0014660646696807163,271.61825574785007,0,-9,0
13:04:41:070,4.801678919771529,2.620825112990474,271.2737946452917,0.027030364694444014,-0.16996768101530643,0.004897020933266684,271.32894520485155,2,-10,0
13:04:41:232,4.821337554153512,2.6474377897547337,271.2474005473064,0.028348951274505874,-0.16082948556126078,0.0009380655923542132,271.3031635022574,2,-9,0
13:04:41:358,4.824028126687815,2.672348129635099,271.4820414853598,0.015069387194654357,-0.1556451975922401,0.0030311134279668276,271.5380480539544,1,-9,0
13:04:41:523,4.850801104939721,2.7224505476858583,271.3412409953101,0.011844231700897247,-0.17053617229685783,-0.0007316849266958506,271.3982517873305,1,-10,0
13:04:41:644,4.8513566655036895,2.750889688247835,271.3762640308311,0.01602911082766734,-0.16952134024826448,-0.0007225747332924396,271.43356412740155,1,-10,0
13:04:41:770,4.821433168588931,2.7540523542729503,271.2239817022574,0.030156044361377216,-0.1615960685332689,0.0009833757165408894,271.2808125772918,2,-9,0
13:04:41:892,4.816383651425814,2.7950015375777353,271.65538717212604,-0.02281590405206576,-0.1381353222898516,0.0011660537849045873,271.7124564032913,-1,-8,0
13:04:42:017,4.806238257802947,2.8083002273799447,270.4360411010624,-0.014101975202704654,-0.1672921575952453,0.000296582684706534,270.49332487655477,-1,-10,0
13:04:42:137,4.806238257802947,2.8083002273799447,270.4360411010624,-0.014101975202704654,-0.1672921575952453,0.000296582684706534,270.49332487655477,-1,-10,0
13:04:42:303,4.805643342016784,2.841134966394023,270.35373934936314,0.008464828135905204,-0.16910645704879673,-0.001819185545774977,270.41137297830375,0,-10,0
13:04:42:425,4.816119847616626,2.8293058119425765,271.6073796464239,0.0027135949575639883,-0.13947602885839278,-0.0009962992341587297,271.66480938863015,0,-8,0
13:04:42:544,4.805643342016784,2.841134966394023,270.35373934936314,0.008464828135905204,-0.16910645704879673,-0.001819185545774977,270.41137297830375,0,-10,0
13:04:42:667,4.805643342016784,2.841134966394023,270.35373934936314,0.008464828135905204,-0.16910645704879673,-0.001819185545774977,270.41137297830375,0,-10,0
13:04:42:796,4.806238257802947,2.8083002273799447,270.4360411010624,-0.014101975202704654,-0.1672921575952453,0.000296582684706534,270.49332487655477,-1,-10,0
13:04:42:914,4.8148576195919315,2.795941028536601,271.19750146204416,-0.0014172374209819863,-0.15537782541117343,-0.0008686045116801989,271.25464961800645,0,-9,0
13:04:43:037,4.806238257802947,2.8083002273799447,270.4360411010624,-0.014101975202704654,-0.1672921575952453,0.000296582684706534,270.49332487655477,-1,-10,0
13:04:43:160,4.805643342016784,2.841134966394023,270.35373934936314,0.008464828135905204,-0.16910645704879673,-0.001819185545774977,270.41137297830375,0,-10,0
13:04:43:290,4.806238257802947,2.8083002273799447,270.4360411010624,-0.014101975202704654,-0.1672921575952453,0.000296582684706534,270.49332487655477,-1,-10,0
13:04:43:407,4.805643342016784,2.841134966394023,270.35373934936314,0.008464828135905204,-0.16910645704879673,-0.001819185545774977,270.41137297830375,0,-10,0
13:04:43:530,4.770447683847399,2.8044234423869008,270.179511750147,-0.015586353263964436,-0.15512407606267195,0.00011258184505818124,270.2361754678606,-1,-9,0
13:04:43:653,4.805643342016784,2.841134966394023,270.35373934936314,0.008464828135905204,-0.16910645704879673,-0.001819185545774977,270.41137297830375,0,-10,0
13:04:43:775,4.806238257802947,2.8083002273799447,270.4360411010624,-0.014101975202704654,-0.1672921575952453,0.000296582684706534,270.49332487655477,-1,-10,0
13:04:43:942,4.770447683847399,2.8044234423869008,270.179511750147,-0.015586353263964436,-0.15512407606267195,0.00011258184505818124,270.2361754678606,-1,-9,0
13:04:44:061,4.806238257802947,2.8083002273799447,270.4360411010624,-0.014101975202704654,-0.1672921575952453,0.000296582684706534,270.49332487655477,-1,-10,0
13:04:44:186,4.806238257802947,2.8083002273799447,270.4360411010624,-0.014101975202704654,-0.1672921575952453,0.000296582684706534,270.49332487655477,-1,-10,0
13:04:44:309,4.805643342016784,2.841134966394023,270.35373934936314,0.008464828135905204,-0.16910645704879673,-0.001819185545774977,270.41137297830375,0,-10,0
13:04:44:429,4.805643342016784,2.841134966394023,270.35373934936314,0.008464828135905204,-0.16910645704879673,-0.001819185545774977,270.41137297830375,0,-10,0
13:04:44:558,4.806238257802947,2.8083002273799447,270.4360411010624,-0.014101975202704654,-0.1672921575952453,0.000296582684706534,270.49332487655477,-1,-10,0
13:04:44:681,4.806238257802947,2.8083002273799447,270.4360411010624,-0.014101975202704654,-0.1672921575952453,0.000296582684706534,270.49332487655477,-1,-10,0
13:04:44:800,4.805643342016784,2.841134966394023,270.35373934936314,0.008464828135905204,-0.16910645704879673,-0.001819185545774977,270.41137297830375,0,-10,0
13:04:44:924,4.806238257802947,2.8083002273799447,270.4360411010624,-0.014101975202704654,-0.1672921575952453,0.000296582684706534,270.49332487655477,-1,-10,0
13:04:45:061,4.806238257802947,2.8083002273799447,270.4360411010624,-0.014101975202704654,-0.1672921575952453,0.000296582684706534,270.49332487655477,-1,-10,0
13:04:45:175,4.806238257802947,2.8083002273799447,270.4360411010624,-0.014101975202704654,-0.1672921575952453,0.000296582684706534,270.49332487655477,-1,-10,0
13:04:45:294,4.806238257802947,2.8083002273799447,270.4360411010624,-0.014101975202704654,-0.1672921575952453,0.000296582684706534,270.49332487655477,-1,-10,0
13:04:45:414,4.806238257802947,2.8083002273799447,270.4360411010624,-0.014101975202704654,-0.1672921575952453,0.000296582684706534,270.49332487655477,-1,-10,0
13:04:45:586,4.806238257802947,2.8083002273799447,270.4360411010624,-0.014101975202704654,-0.1672921575952453,0.000296582684706534,270.49332487655477,-1,-10,0
13:04:45:704,4.806238257802947,2.8083002273799447,270.4360411010624,-0.014101975202704654,-0.1672921575952453,0.000296582684706534,270.49332487655477,-1,-10,0
13:04:45:825,4.805643342016784,2.841134966394023,270.35373934936314,0.008464828135905204,-0.16910645704879673,-0.001819185545774977,270.41137297830375,0,-10,0
13:04:45:950,4.806238257802947,2.8083002273799447,270.4360411010624,-0.014101975202704654,-0.1672921575952453,0.000296582684706534,270.49332487655477,-1,-10,0
13:04:46:116,4.806238257802947,2.8083002273799447,270.4360411010624,-0.014101975202704654,-0.1672921575952453,0.000296582684706534,270.49332487655477,-1,-10,0
13:04:46:237,4.806238257802947,2.8083002273799447,270.4360411010624,-0.014101975202704654,-0.1672921575952453,0.000296582684706534,270.49332487655477,-1,-10,0
13:04:46:357,4.770447683847399,2.8044234423869008,270.179511750147,-0.015586353263964436,-0.15512407606267195,0.00011258184505818124,270.2361754678606,-1,-9,0
13:04:46:487,4.806238257802947,2.8083002273799447,270.4360411010624,-0.014101975202704654,-0.1672921575952453,0.000296582684706534,270.49332487655477,-1,-10,0
13:04:46:610,4.806238257802947,2.8083002273799447,270.4360411010624,-0.014101975202704654,-0.1672921575952453,0.000296582684706534,270.49332487655477,-1,-10,0
13:04:46:731,4.806238257802947,2.8083002273799447,270.4360411010624,-0.014101975202704654,-0.1672921575952453,0.000296582684706534,270.49332487655477,-1,-10,0
13:04:46:861,4.769874399244559,2.8379995737169295,270.08539517114104,0.009627434674189708,-0.1572686894538501,-0.0020073197911214327,270.1424191572223,1,-9,0
13:04:46:978,4.805643342016784,2.841134966394023,270.35373934936314,0.008464828135905204,-0.16910645704879673,-0.001819185545774977,270.41137297830375,0,-10,0
13:04:47:101,4.770447683847399,2.8044234423869008,270.179511750147,-0.015586353263964436,-0.15512407606267195,0.00011258184505818124,270.2361754678606,-1,-9,0
13:04:47:220,4.770447683847399,2.8044234423869008,270.179511750147,-0.015586353263964436,-0.15512407606267195,0.00011258184505818124,270.2361754678606,-1,-9,0
13:04:47:345,4.805643342016784,2.841134966394023,270.35373934936314,0.008464828135905204,-0.16910645704879673,-0.001819185545774977,270.41137297830375,0,-10,0
13:04:47:464,4.788568141413723,2.794327197955766,270.1028701122509,-0.04431354951097105,-0.14556632268576217,-0.001662154416042834,270.1597658649594,-3,-8,0
13:04:47:590,4.770447683847399,2.8044234423869008,270.179511750147,-0.015586353263964436,-0.15512407606267195,0.00011258184505818124,270.2361754678606,-1,-9,0
13:04:47:714,4.770447683847399,2.8044234423869008,270.179511750147,-0.015586353263964436,-0.15512407606267195,0.00011258184505818124,270.2361754678606,-1,-9,0
13:04:47:838,4.769874399244559,2.8379995737169295,270.08539517114104,0.009627434674189708,-0.1572686894538501,-0.0020073197911214327,270.1424191572223,1,-9,0
13:04:47:959,4.779402332950537,2.790169011614016,271.3528267417938,-0.025460930986438257,-0.12547986259135735,0.000986247661970521,271.4092561253863,-1,-7,0
13:04:48:158,4.770447683847399,2.8044234423869008,270.179511750147,-0.015586353263964436,-0.15512407606267195,0.00011258184505818124,270.2361754678606,-1,-9,0
13:04:48:321,4.770447683847399,2.8044234423869008,270.179511750147,-0.015586353263964436,-0.15512407606267195,0.00011258184505818124,270.2361754678606,-1,-9,0
13:04:48:454,4.82502289066331,2.7996486666224762,270.38856046724584,-0.03937434753658011,-0.15770712137301837,-0.001495109943406328,270.4460990846446,-2,-9,0
13:04:48:575,4.806238257802947,2.8083002273799447,270.4360411010624,-0.014101975202704654,-0.1672921575952453,0.000296582684706534,270.49332487655477,-1,-10,0
13:04:48:697,4.778577462765558,2.792157622341541,270.9002412198057,-0.0011274240859084988,-0.14385240841862207,-0.0010515854603157437,270.956770795093,0,-8,0
13:04:48:819,4.805643342016784,2.841134966394023,270.35373934936314,0.008464828135905204,-0.16910645704879673,-0.001819185545774977,270.41137297830375,0,-10,0
13:04:48:946,4.798619410864315,2.7998818504161656,270.14834819922066,-0.028097345680762522,-0.16719086238428754,-0.0015731079241986807,270.20547019147114,-2,-10,0
13:04:49:067,4.806238257802947,2.8083002273799447,270.4360411010624,-0.014101975202704654,-0.1672921575952453,0.000296582684706534,270.49332487655477,-1,-10,0
13:04:49:190,4.769874399244559,2.8379995737169295,270.08539517114104,0.009627434674189708,-0.1572686894538501,-0.0020073197911214327,270.1424191572223,1,-9,0
13:04:49:312,4.769874399244559,2.8379995737169295,270.08539517114104,0.009627434674189708,-0.1572686894538501,-0.0020073197911214327,270.1424191572223,1,-9,0
13:04:49:432,4.816119847616626,2.8293058119425765,271.6073796464239,0.0027135949575639883,-0.13947602885839278,-0.0009962992341587297,271.66480938863015,0,-8,0
13:04:49:598,4.77922608675585,2.8256570622039496,271.2964405381337,0.003991149802630438,-0.12711734796238122,-0.001188570815489621,271.35324576736247,0,-7,0
13:04:49:720,4.805643342016784,2.841134966394023,270.35373934936314,0.008464828135905204,-0.16910645704879673,-0.001819185545774977,270.41137297830375,0,-10,0
13:04:49:846,4.816383651425814,2.7950015375777353,271.65538717212604,-0.02281590405206576,-0.1381353222898516,0.0011660537849045873,271.7124564032913,-1,-8,0
13:04:49:965,4.770447683847399,2.8044234423869008,270.179511750147,-0.015586353263964436,-0.15512407606267195,0.00011258184505818124,270.2361754678606,-1,-9,0
13:04:50:088,4.82502289066331,2.7996486666224762,270.38856046724584,-0.03937434753658011,-0.15770712137301837,-0.001495109943406328,270.4460990846446,-2,-9,0
13:04:50:214,4.805643342016784,2.841134966394023,270.35373934936314,0.008464828135905204,-0.16910645704879673,-0.001819185545774977,270.41137297830375,0,-10,0
13:04:50:334,4.82582916656394,2.834140838991219,270.4333300585778,-0.0156544979057629,-0.157358831520176,-0.003637340611210387,270.4912327377946,-1,-9,0
13:04:50:458,4.805643342016784,2.841134966394023,270.35373934936314,0.008464828135905204,-0.16910645704879673,-0.001819185545774977,270.41137297830375,0,-10,0
13:04:50:582,4.833917851102065,2.7841433688891124,271.5125561995384,-0.05180287800748757,-0.129244853572096,-0.0005813635437122971,271.5698554517736,-3,-7,0
13:04:50:702,4.816383651425814,2.7950015375777353,271.65538717212604,-0.02281590405206576,-0.1381353222898516,0.0011660537849045873,271.7124564032913,-1,-8,0
13:04:50:825,4.816119847616626,2.8293058119425765,271.6073796464239,0.0027135949575639883,-0.13947602885839278,-0.0009962992341587297,271.66480938863015,0,-8,0
13:04:50:948,4.769874399244559,2.8379995737169295,270.08539517114104,0.009627434674189708,-0.1572686894538501,-0.0020073197911214327,270.1424191572223,1,-9,0
13:04:51:076,4.82502289066331,2.7996486666224762,270.38856046724584,-0.03937434753658011,-0.15770712137301837,-0.001495109943406328,270.4460990846446,-2,-9,0
13:04:51:195,4.82502289066331,2.7996486666224762,270.38856046724584,-0.03937434753658011,-0.15770712137301837,-0.001495109943406328,270.4460990846446,-2,-9,0
13:04:51:319,4.806238257802947,2.8083002273799447,270.4360411010624,-0.014101975202704654,-0.1672921575952453,0.000296582684706534,270.49332487655477,-1,-10,0
13:04:51:444,4.805643342016784,2.841134966394023,270.35373934936314,0.008464828135905204,-0.16910645704879673,-0.001819185545774977,270.41137297830375,0,-10,0
13:04:51:696,4.813437413787076,2.828644568975946,271.02762056393647,0.023206378844333606,-0.15885263692651538,-0.0029843471261575293,271.0851185852576,1,-9,0
13:04:51:828,4.806238257802947,2.8083002273799447,270.4360411010624,-0.014101975202704654,-0.1672921575952453,0.000296582684706534,270.49332487655477,-1,-10,0
13:04:52:000,4.806238257802947,2.8083002273799447,270.4360411010624,-0.014101975202704654,-0.1672921575952453,0.000296582684706534,270.49332487655477,-1,-10,0
13:04:52:136,4.805643342016784,2.841134966394023,270.35373934936314,0.008464828135905204,-0.16910645704879673,-0.001819185545774977,270.41137297830375,0,-10,0
13:04:52:262,4.813437413787076,2.828644568975946,271.02762056393647,0.023206378844333606,-0.15885263692651538,-0.0029843471261575293,271.0851185852576,1,-9,0
13:04:52:387,4.805643342016784,2.841134966394023,270.35373934936314,0.008464828135905204,-0.16910645704879673,-0.001819185545774977,270.41137297830375,0,-10,0
13:04:52:512,4.806238257802947,2.8083002273799447,270.4360411010624,-0.014101975202704654,-0.1672921575952453,0.000296582684706534,270.49332487655477,-1,-10,0
13:04:52:635,4.805643342016784,2.841134966394023,270.35373934936314,0.008464828135905204,-0.16910645704879673,-0.001819185545774977,270.41137297830375,0,-10,0
13:04:52:759,4.806238257802947,2.8083002273799447,270.4360411010624,-0.014101975202704654,-0.1672921575952453,0.000296582684706534,270.49332487655477,-1,-10,0
13:04:52:878,4.806238257802947,2.8083002273799447,270.4360411010624,-0.014101975202704654,-0.1672921575952453,0.000296582684706534,270.49332487655477,-1,-10,0
13:04:53:039,4.806238257802947,2.8083002273799447,270.4360411010624,-0.014101975202704654,-0.1672921575952453,0.000296582684706534,270.49332487655477,-1,-10,0
13:04:53:221,4.805643342016784,2.841134966394023,270.35373934936314,0.008464828135905204,-0.16910645704879673,-0.001819185545774977,270.41137297830375,0,-10,0
13:04:53:429,4.770447683847399,2.8044234423869008,270.179511750147,-0.015586353263964436,-0.15512407606267195,0.00011258184505818124,270.2361754678606,-1,-9,0
13:04:53:593,4.806238257802947,2.8083002273799447,270.4360411010624,-0.014101975202704654,-0.1672921575952453,0.000296582684706534,270.49332487655477,-1,-10,0
13:04:53:751,4.770447683847399,2.8044234423869008,270.179511750147,-0.015586353263964436,-0.15512407606267195,0.00011258184505818124,270.2361754678606,-1,-9,0
13:04:53:880,4.798619410864315,2.7998818504161656,270.14834819922066,-0.028097345680762522,-0.16719086238428754,-0.0015731079241986807,270.20547019147114,-2,-10,0
13:04:54:044,4.770447683847399,2.8044234423869008,270.179511750147,-0.015586353263964436,-0.15512407606267195,0.00011258184505818124,270.2361754678606,-1,-9,0
13:04:54:216,4.798619410864315,2.7998818504161656,270.14834819922066,-0.028097345680762522,-0.16719086238428754,-0.0015731079241986807,270.20547019147114,-2,-10,0
13:04:54:359,4.770447683847399,2.8044234423869008,270.179511750147,-0.015586353263964436,-0.15512407606267195,0.00011258184505818124,270.2361754678606,-1,-9,0
13:04:54:479,4.770447683847399,2.8044234423869008,270.179511750147,-0.015586353263964436,-0.15512407606267195,0.00011258184505818124,270.2361754678606,-1,-9,0
13:04:54:597,4.760739942321108,2.8038432876010297,269.219834958042,0.020599979351931485,-0.1716623354826581,-0.002960557558852487,269.27652277318055,1,-10,0
13:04:54:725,4.805643342016784,2.841134966394023,270.35373934936314,0.008464828135905204,-0.16910645704879673,-0.001819185545774977,270.41137297830375,0,-10,0
13:04:54:845,4.770447683847399,2.8044234423869008,270.179511750147,-0.015586353263964436,-0.15512407606267195,0.00011258184505818124,270.2361754678606,-1,-9,0
13:04:54:967,4.770447683847399,2.8044234423869008,270.179511750147,-0.015586353263964436,-0.15512407606267195,0.00011258184505818124,270.2361754678606,-1,-9,0
13:04:55:092,4.770447683847399,2.8044234423869008,270.179511750147,-0.015586353263964436,-0.15512407606267195,0.00011258184505818124,270.2361754678606,-1,-9,0
13:04:55:278,4.769874399244559,2.8379995737169295,270.08539517114104,0.009627434674189708,-0.1572686894538501,-0.0020073197911214327,270.1424191572223,1,-9,0
13:04:55:460,4.769874399244559,2.8379995737169295,270.08539517114104,0.009627434674189708,-0.1572686894538501,-0.0020073197911214327,270.1424191572223,1,-9,0
13:04:55:628,4.770447683847399,2.8044234423869008,270.179511750147,-0.015586353263964436,-0.15512407606267195,0.00011258184505818124,270.2361754678606,-1,-9,0
13:04:55:763,4.805643342016784,2.841134966394023,270.35373934936314,0.008464828135905204,-0.16910645704879673,-0.001819185545774977,270.41137297830375,0,-10,0
13:04:55:916,4.806238257802947,2.8083002273799447,270.4360411010624,-0.014101975202704654,-0.1672921575952453,0.000296582684706534,270.49332487655477,-1,-10,0
13:04:56:031,4.805643342016784,2.841134966394023,270.35373934936314,0.008464828135905204,-0.16910645704879673,-0.001819185545774977,270.41137297830375,0,-10,0
13:04:56:161,4.770447683847399,2.8044234423869008,270.179511750147,-0.015586353263964436,-0.15512407606267195,0.00011258184505818124,270.2361754678606,-1,-9,0
13:04:56:283,4.805643342016784,2.841134966394023,270.35373934936314,0.008464828135905204,-0.16910645704879673,-0.001819185545774977,270.41137297830375,0,-10,0
13:04:56:404,4.805643342016784,2.841134966394023,270.35373934936314,0.008464828135905204,-0.16910645704879673,-0.001819185545774977,270.41137297830375,0,-10,0
13:04:56:531,4.806238257802947,2.8083002273799447,270.4360411010624,-0.014101975202704654,-0.1672921575952453,0.000296582684706534,270.49332487655477,-1,-10,0
13:04:56:649,4.760739942321108,2.8038432876010297,269.219834958042,0.020599979351931485,-0.1716623354826581,-0.002960557558852487,269.27652277318055,1,-10,0
13:04:56:776,4.806238257802947,2.8083002273799447,270.4360411010624,-0.014101975202704654,-0.1672921575952453,0.000296582684706534,270.49332487655477,-1,-10,0
13:04:56:917,4.806238257802947,2.8083002273799447,270.4360411010624,-0.014101975202704654,-0.1672921575952453,0.000296582684706534,270.49332487655477,-1,-10,0
13:04:57:056,4.770447683847399,2.8044234423869008,270.179511750147,-0.015586353263964436,-0.15512407606267195,0.00011258184505818124,270.2361754678606,-1,-9,0
13:04:57:183,4.770447683847399,2.8044234423869008,270.179511750147,-0.015586353263964436,-0.15512407606267195,0.00011258184505818124,270.2361754678606,-1,-9,0
13:04:57:305,4.806238257802947,2.8083002273799447,270.4360411010624,-0.014101975202704654,-0.1672921575952453,0.000296582684706534,270.49332487655477,-1,-10,0
13:04:57:428,4.769874399244559,2.8379995737169295,270.08539517114104,0.009627434674189708,-0.1572686894538501,-0.0020073197911214327,270.1424191572223,1,-9,0
13:04:57:551,4.83435467632689,2.837381627365624,270.4123178590709,-0.004541292396808869,-0.1785091734347384,-0.0035232207118625096,270.47041126443213,0,-10,0
13:04:57:674,4.769874399244559,2.8379995737169295,270.08539517114104,0.009627434674189708,-0.1572686894538501,-0.0020073197911214327,270.1424191572223,1,-9,0
13:04:57:800,4.805643342016784,2.841134966394023,270.35373934936314,0.008464828135905204,-0.16910645704879673,-0.001819185545774977,270.41137297830375,0,-10,0
13:04:57:922,4.8148576195919315,2.795941028536601,271.19750146204416,-0.0014172374209819863,-0.15537782541117343,-0.0008686045116801989,271.25464961800645,0,-9,0
13:04:58:043,4.806238257802947,2.8083002273799447,270.4360411010624,-0.014101975202704654,-0.1672921575952453,0.000296582684706534,270.49332487655477,-1,-10,0
13:04:58:169,4.805643342016784,2.841134966394023,270.35373934936314,0.008464828135905204,-0.16910645704879673,-0.001819185545774977,270.41137297830375,0,-10,0
13:04:58:289,4.805643342016784,2.841134966394023,270.35373934936314,0.008464828135905204,-0.16910645704879673,-0.001819185545774977,270.41137297830375,0,-10,0
13:04:58:454,4.806238257802947,2.8083002273799447,270.4360411010624,-0.014101975202704654,-0.1672921575952453,0.000296582684706534,270.49332487655477,-1,-10,0
13:04:58:573,4.8148576195919315,2.795941028536601,271.19750146204416,-0.0014172374209819863,-0.15537782541117343,-0.0008686045116801989,271.25464961800645,0,-9,0
13:04:58:696,4.805643342016784,2.841134966394023,270.35373934936314,0.008464828135905204,-0.16910645704879673,-0.001819185545774977,270.41137297830375,0,-10,0
13:04:58:822,4.805643342016784,2.841134966394023,270.35373934936314,0.008464828135905204,-0.16910645704879673,-0.001819185545774977,270.41137297830375,0,-10,0
13:04:58:943,4.805643342016784,2.841134966394023,270.35373934936314,0.008464828135905204,-0.16910645704879673,-0.001819185545774977,270.41137297830375,0,-10,0
13:04:59:073,4.805643342016784,2.841134966394023,270.35373934936314,0.008464828135905204,-0.16910645704879673,-0.001819185545774977,270.41137297830375,0,-10,0
13:04:59:191,4.805643342016784,2.841134966394023,270.35373934936314,0.008464828135905204,-0.16910645704879673,-0.001819185545774977,270.41137297830375,0,-10,0
13:04:59:319,4.806238257802947,2.8083002273799447,270.4360411010624,-0.014101975202704654,-0.1672921575952453,0.000296582684706534,270.49332487655477,-1,-10,0
13:04:59:434,4.770447683847399,2.8044234423869008,270.179511750147,-0.015586353263964436,-0.15512407606267195,0.00011258184505818124,270.2361754678606,-1,-9,0
13:04:59:561,4.770447683847399,2.8044234423869008,270.179511750147,-0.015586353263964436,-0.15512407606267195,0.00011258184505818124,270.2361754678606,-1,-9,0
13:04:59:691,4.806238257802947,2.8083002273799447,270.4360411010624,-0.014101975202704654,-0.1672921575952453,0.000296582684706534,270.49332487655477,-1,-10,0
13:04:59:804,4.769874399244559,2.8379995737169295,270.08539517114104,0.009627434674189708,-0.1572686894538501,-0.0020073197911214327,270.1424191572223,1,-9,0
13:04:59:927,4.770447683847399,2.8044234423869008,270.179511750147,-0.015586353263964436,-0.15512407606267195,0.00011258184505818124,270.2361754678606,-1,-9,0
13:05:00:058,4.806238257802947,2.8083002273799447,270.4360411010624,-0.014101975202704654,-0.1672921575952453,0.000296582684706534,270.49332487655477,-1,-10,0
13:05:00:178,4.805643342016784,2.841134966394023,270.35373934936314,0.008464828135905204,-0.16910645704879673,-0.001819185545774977,270.41137297830375,0,-10,0
13:05:00:341,4.770447683847399,2.8044234423869008,270.179511750147,-0.015586353263964436,-0.15512407606267195,0.00011258184505818124,270.2361754678606,-1,-9,0
13:05:00:470,4.805643342016784,2.841134966394023,270.35373934936314,0.008464828135905204,-0.16910645704879673,-0.001819185545774977,270.41137297830375,0,-10,0
13:05:00:589,4.806238257802947,2.8083002273799447,270.4360411010624,-0.014101975202704654,-0.1672921575952453,0.000296582684706534,270.49332487655477,-1,-10,0
13:05:00:713,4.806238257802947,2.8083002273799447,270.4360411010624,-0.014101975202704654,-0.1672921575952453,0.000296582684706534,270.49332487655477,-1,-10,0
13:05:00:830,4.805643342016784,2.841134966394023,270.35373934936314,0.008464828135905204,-0.16910645704879673,-0.001819185545774977,270.41137297830375,0,-10,0
13:05:00:959,4.806238257802947,2.8083002273799447,270.4360411010624,-0.014101975202704654,-0.1672921575952453,0.000296582684706534,270.49332487655477,-1,-10,0
13:05:01:080,4.806238257802947,2.8083002273799447,270.4360411010624,-0.014101975202704654,-0.1672921575952453,0.000296582684706534,270.49332487655477,-1,-10,0
13:05:01:203,4.770447683847399,2.8044234423869008,270.179511750147,-0.015586353263964436,-0.15512407606267195,0.00011258184505818124,270.2361754678606,-1,-9,0
13:05:01:328,4.806238257802947,2.8083002273799447,270.4360411010624,-0.014101975202704654,-0.1672921575952453,0.000296582684706534,270.49332487655477,-1,-10,0
13:05:01:568,4.83435467632689,2.837381627365624,270.4123178590709,-0.004541292396808869,-0.1785091734347384,-0.0035232207118625096,270.47041126443213,0,-10,0
13:05:01:702,4.7960052323896925,2.806404378787674,269.4675756763508,0.018733523641367635,-0.18347829300684962,-0.0027721917439731784,269.524863254981,1,-11,0
13:05:01:827,4.805643342016784,2.841134966394023,270.35373934936314,0.008464828135905204,-0.16910645704879673,-0.001819185545774977,270.41137297830375,0,-10,0
13:05:01:946,4.805643342016784,2.841134966394023,270.35373934936314,0.008464828135905204,-0.16910645704879673,-0.001819185545774977,270.41137297830375,0,-10,0
13:05:02:069,4.806238257802947,2.8083002273799447,270.4360411010624,-0.014101975202704654,-0.1672921575952453,0.000296582684706534,270.49332487655477,-1,-10,0
13:05:02:190,4.7960052323896925,2.806404378787674,269.4675756763508,0.018733523641367635,-0.18347829300684962,-0.0027721917439731784,269.524863254981,1,-11,0
13:05:02:308,4.83435467632689,2.837381627365624,270.4123178590709,-0.004541292396808869,-0.1785091734347384,-0.0035232207118625096,270.47041126443213,0,-10,0
13:05:02:655,4.797176509596882,2.774737691583699,269.5907960523018,-0.0017144475123515724,-0.18119416277659364,-0.0006772702260547014,269.6477505706938,0,-10,0
13:05:02:842,4.83435467632689,2.837381627365624,270.4123178590709,-0.004541292396808869,-0.1785091734347384,-0.0035232207118625096,270.47041126443213,0,-10,0
13:05:03:000,4.806238257802947,2.8083002273799447,270.4360411010624,-0.014101975202704654,-0.1672921575952453,0.000296582684706534,270.49332487655477,-1,-10,0
13:05:03:158,4.805643342016784,2.841134966394023,270.35373934936314,0.008464828135905204,-0.16910645704879673,-0.001819185545774977,270.41137297830375,0,-10,0
13:05:03:301,4.805643342016784,2.841134966394023,270.35373934936314,0.008464828135905204,-0.16910645704879673,-0.001819185545774977,270.41137297830375,0,-10,0
13:05:03:419,4.769874399244559,2.8379995737169295,270.08539517114104,0.009627434674189708,-0.1572686894538501,-0.0020073197911214327,270.1424191572223,1,-9,0
13:05:03:541,4.83410485102914,2.803851470943934,270.3970602937347,-0.025982644469952475,-0.17897581209209104,-0.0013996337854282185,270.45480281976035,-1,-10,0
13:05:03:661,4.769874399244559,2.8379995737169295,270.08539517114104,0.009627434674189708,-0.1572686894538501,-0.0020073197911214327,270.1424191572223,1,-9,0
13:05:03:800,4.806238257802947,2.8083002273799447,270.4360411010624,-0.014101975202704654,-0.1672921575952453,0.000296582684706534,270.49332487655477,-1,-10,0
13:05:03:955,4.806238257802947,2.8083002273799447,270.4360411010624,-0.014101975202704654,-0.1672921575952453,0.000296582684706534,270.49332487655477,-1,-10,0
13:05:04:073,4.769874399244559,2.8379995737169295,270.08539517114104,0.009627434674189708,-0.1572686894538501,-0.0020073197911214327,270.1424191572223,1,-9,0
13:05:04:192,4.805643342016784,2.841134966394023,270.35373934936314,0.008464828135905204,-0.16910645704879673,-0.001819185545774977,270.41137297830375,0,-10,0
13:05:04:317,4.770447683847399,2.8044234423869008,270.179511750147,-0.015586353263964436,-0.15512407606267195,0.00011258184505818124,270.2361754678606,-1,-9,0
13:05:04:439,4.805643342016784,2.841134966394023,270.35373934936314,0.008464828135905204,-0.16910645704879673,-0.001819185545774977,270.41137297830375,0,-10,0
13:05:04:562,4.805643342016784,2.841134966394023,270.35373934936314,0.008464828135905204,-0.16910645704879673,-0.001819185545774977,270.41137297830375,0,-10,0
13:05:04:690,4.806238257802947,2.8083002273799447,270.4360411010624,-0.014101975202704654,-0.1672921575952453,0.000296582684706534,270.49332487655477,-1,-10,0
13:05:04:809,4.806238257802947,2.8083002273799447,270.4360411010624,-0.014101975202704654,-0.1672921575952453,0.000296582684706534,270.49332487655477,-1,-10,0
13:05:04:929,4.806238257802947,2.8083002273799447,270.4360411010624,-0.014101975202704654,-0.1672921575952453,0.000296582684706534,270.49332487655477,-1,-10,0
13:05:05:055,4.806238257802947,2.8083002273799447,270.4360411010624,-0.014101975202704654,-0.1672921575952453,0.000296582684706534,270.49332487655477,-1,-10,0
13:05:05:176,4.760739942321108,2.8038432876010297,269.219834958042,0.020599979351931485,-0.1716623354826581,-0.002960557558852487,269.27652277318055,1,-10,0
13:05:05:301,4.770447683847399,2.8044234423869008,270.179511750147,-0.015586353263964436,-0.15512407606267195,0.00011258184505818124,270.2361754678606,-1,-9,0
13:05:05:466,4.805643342016784,2.841134966394023,270.35373934936314,0.008464828135905204,-0.16910645704879673,-0.001819185545774977,270.41137297830375,0,-10,0
13:05:05:585,4.805643342016784,2.841134966394023,270.35373934936314,0.008464828135905204,-0.16910645704879673,-0.001819185545774977,270.41137297830375,0,-10,0
13:05:05:707,4.806238257802947,2.8083002273799447,270.4360411010624,-0.014101975202704654,-0.1672921575952453,0.000296582684706534,270.49332487655477,-1,-10,0
13:05:05:832,4.806238257802947,2.8083002273799447,270.4360411010624,-0.014101975202704654,-0.1672921575952453,0.000296582684706534,270.49332487655477,-1,-10,0
13:05:05:952,4.805643342016784,2.841134966394023,270.35373934936314,0.008464828135905204,-0.16910645704879673,-0.001819185545774977,270.41137297830375,0,-10,0
13:05:06:080,4.807006160749257,2.8366688767269843,270.4757826395836,-0.009860224311751941,-0.16658837144976793,0.00030808678369044214,270.5333676148673,-1,-10,0
13:05:06:201,4.805643342016784,2.841134966394023,270.35373934936314,0.008464828135905204,-0.16910645704879673,-0.001819185545774977,270.41137297830375,0,-10,0
13:05:06:365,4.806238257802947,2.8083002273799447,270.4360411010624,-0.014101975202704654,-0.1672921575952453,0.000296582684706534,270.49332487655477,-1,-10,0
13:05:06:489,4.805643342016784,2.841134966394023,270.35373934936314,0.008464828135905204,-0.16910645704879673,-0.001819185545774977,270.41137297830375,0,-10,0
13:05:06:609,4.770447683847399,2.8044234423869008,270.179511750147,-0.015586353263964436,-0.15512407606267195,0.00011258184505818124,270.2361754678606,-1,-9,0
13:05:06:734,4.770447683847399,2.8044234423869008,270.179511750147,-0.015586353263964436,-0.15512407606267195,0.00011258184505818124,270.2361754678606,-1,-9,0
13:05:06:860,4.806238257802947,2.8083002273799447,270.4360411010624,-0.014101975202704654,-0.1672921575952453,0.000296582684706534,270.49332487655477,-1,-10,0
13:05:06:998,4.7960052323896925,2.806404378787674,269.4675756763508,0.018733523641367635,-0.18347829300684962,-0.0027721917439731784,269.524863254981,1,-11,0
13:05:07:107,4.806238257802947,2.8083002273799447,270.4360411010624,-0.014101975202704654,-0.1672921575952453,0.000296582684706534,270.49332487655477,-1,-10,0
13:05:07:223,4.805643342016784,2.841134966394023,270.35373934936314,0.008464828135905204,-0.16910645704879673,-0.001819185545774977,270.41137297830375,0,-10,0
13:05:07:346,4.769874399244559,2.8379995737169295,270.08539517114104,0.009627434674189708,-0.1572686894538501,-0.0020073197911214327,270.1424191572223,1,-9,0
13:05:07:472,4.7960052323896925,2.806404378787674,269.4675756763508,0.018733523641367635,-0.18347829300684962,-0.0027721917439731784,269.524863254981,1,-11,0
13:05:07:635,4.769874399244559,2.8379995737169295,270.08539517114104,0.009627434674189708,-0.1572686894538501,-0.0020073197911214327,270.1424191572223,1,-9,0
13:05:07:765,4.761976757255325,2.771697127620743,269.35905111533214,-0.0017753957447547296,-0.16902333831204971,-0.0008641818824479181,269.4153988645713,0,-10,0
13:05:07:892,4.806238257802947,2.8083002273799447,270.4360411010624,-0.014101975202704654,-0.1672921575952453,0.000296582684706534,270.49332487655477,-1,-10,0
13:05:08:006,4.805643342016784,2.841134966394023,270.35373934936314,0.008464828135905204,-0.16910645704879673,-0.001819185545774977,270.41137297830375,0,-10,0
13:05:08:129,4.805643342016784,2.841134966394023,270.35373934936314,0.008464828135905204,-0.16910645704879673,-0.001819185545774977,270.41137297830375,0,-10,0
13:05:08:255,4.769874399244559,2.8379995737169295,270.08539517114104,0.009627434674189708,-0.1572686894538501,-0.0020073197911214327,270.1424191572223,1,-9,0
13:05:08:419,16.448571745676247,2.744066198535719,270.5083766734632,0.002524840960226234,0.17985120917971995,-0.004149624934419267,271.0218944334329,0,10,0
13:05:08:537,4.806238257802947,2.8083002273799447,270.4360411010624,-0.014101975202704654,-0.1672921575952453,0.000296582684706534,270.49332487655477,-1,-10,0
13:05:08:666,4.806238257802947,2.8083002273799447,270.4360411010624,-0.014101975202704654,-0.1672921575952453,0.000296582684706534,270.49332487655477,-1,-10,0
13:05:08:805,4.805643342016784,2.841134966394023,270.35373934936314,0.008464828135905204,-0.16910645704879673,-0.001819185545774977,270.41137297830375,0,-10,0
13:05:08:951,4.805643342016784,2.841134966394023,270.35373934936314,0.008464828135905204,-0.16910645704879673,-0.001819185545774977,270.41137297830375,0,-10,0
13:05:09:075,4.805643342016784,2.841134966394023,270.35373934936314,0.008464828135905204,-0.16910645704879673,-0.001819185545774977,270.41137297830375,0,-10,0
13:05:09:200,4.8148576195919315,2.795941028536601,271.19750146204416,-0.0014172374209819863,-0.15537782541117343,-0.0008686045116801989,271.25464961800645,0,-9,0
13:05:09:318,4.769874399244559,2.8379995737169295,270.08539517114104,0.009627434674189708,-0.1572686894538501,-0.0020073197911214327,270.1424191572223,1,-9,0
13:05:09:481,4.805643342016784,2.841134966394023,270.35373934936314,0.008464828135905204,-0.16910645704879673,-0.001819185545774977,270.41137297830375,0,-10,0
13:05:09:606,4.788568141413723,2.794327197955766,270.1028701122509,-0.04431354951097105,-0.14556632268576217,-0.001662154416042834,270.1597658649594,-3,-8,0
13:05:09:735,4.769874399244559,2.8379995737169295,270.08539517114104,0.009627434674189708,-0.1572686894538501,-0.0020073197911214327,270.1424191572223,1,-9,0
13:05:09:851,4.790163809572582,2.7675357007303805,269.37314950381506,-0.014498766893181527,-0.1793695928557104,-0.002560228962437192,269.4299511872837,-1,-10,0
13:05:09:974,4.798934565123666,2.8341572582562415,270.16430776201435,-0.004379328680028426,-0.16667051852256914,-0.0037017221224761284,270.2217892932642,0,-10,0
13:05:10:099,4.788568141413723,2.794327197955766,270.1028701122509,-0.04431354951097105,-0.14556632268576217,-0.001662154416042834,270.1597658649594,-3,-8,0
13:05:10:237,err,err,err,err,err,err,err,err,err,err
13:05:10:341,err,err,err,err,err,err,err,err,err,err
13:05:10:468,err,err,err,err,err,err,err,err,err,err
13:05:10:587,err,err,err,err,err,err,err,err,err,err
13:05:10:713,err,err,err,err,err,err,err,err,err,err
13:05:10:831,err,err,err,err,err,err,err,err,err,err
13:05:10:961,err,err,err,err,err,err,err,err,err,err
13:05:11:083,5.526570042761132,2.8642935918043104,301.45194115243515,-0.1281796165513225,-0.04119531114451272,-0.003978531926218435,301.5162018512253,-7,-2,0
13:05:11:210,5.63560676889253,2.976102239596154,308.8052545184151,-0.17706578810916193,-0.055913252332900766,-0.0002949507595719417,308.87101266771094,-10,-3,0
13:05:11:332,5.743290142389233,3.1371206749659035,314.24432666433216,0.0716661609325871,0.020309200733013674,-0.003061623456817811,314.3124619681957,4,1,0
13:05:11:457,5.743606337331956,3.173934984238873,313.0256714092168,0.1288368027501414,0.03831972197354545,-0.0049474780081944485,313.0944487502667,7,2,0
13:05:11:746,5.766725442492306,3.1996744409582667,314.5624530116568,-0.18927680749439113,0.05399585168562427,-0.006243661356229001,314.6315780139813,-11,3,-1
13:05:11:864,err,err,err,err,err,err,err,err,err,err
13:05:11:981,5.928013601107033,3.3072133740143075,317.2682605743793,0.17657679463515266,0.00027736244906358587,-0.008343384143269971,317.34087063195693,10,0,0
13:05:12:116,5.996055546550702,3.4073851994824715,322.8343996592911,-0.14645310109669807,0.00833185112657998,-0.004576370036290684,322.9080558911311,-8,0,0
13:05:12:229,6.016458772275204,3.2977980708344363,321.51577864003707,-0.13369811681416138,-0.027242919956054917,-0.0007238918289180418,321.5889754994468,-8,-2,0
13:05:12:356,5.964557645102522,3.334670229389834,322.1658346641861,-0.1509402060608225,-0.03486516093596949,-0.003899285205974268,322.2382984660765,-9,-2,0
13:05:12:473,5.965914096700224,3.3443791655112185,320.59397179521847,-0.15942972913790626,-0.027143198691334903,-0.002399516190992216,320.66691714993806,-9,-2,0
13:05:12:598,5.922590247217709,3.2008383727767433,317.337359357518,-0.2181056646030415,0.0013030360763697246,-0.008908530488131875,317.4087618285412,-12,0,-1
13:05:12:724,5.919357025314077,3.2616884638950636,318.9964258847173,-0.15548970218754007,0.027991362821611857,-0.004398180663246678,319.0680133238877,-9,2,0
13:05:12:846,5.982831090873029,3.2389178713792783,319.58090296064904,-0.14940895706775348,-0.05152803761687048,-0.005799515519375945,319.6533096872035,-9,-3,0
13:05:12:998,6.007423891221056,3.266665399518806,321.58393201939157,-0.13658194041591126,0.0016385264701252779,-0.003239545498285612,321.6566268207355,-8,0,0
13:05:13:130,5.997719564490101,3.2952294857600406,319.6722882116018,-0.20100014020204804,0.010597795784918195,-0.005945822000502442,319.74552855009483,-12,1,0
13:05:13:258,5.973690857041809,3.389281406355828,319.53111999433736,-0.1859532821725634,-0.02840845318702717,-0.0067721166877596,319.6049262069385,-11,-2,0
13:05:13:378,5.977798354046973,3.3014209574449644,320.1120298507325,-0.19712423080268543,-0.007417185569627834,-0.007918928170223865,320.1848608361366,-11,0,0
13:05:13:501,5.996055546550702,3.4073851994824715,322.8343996592911,-0.14645310109669807,0.00833185112657998,-0.004576370036290684,322.9080558911311,-8,0,0
13:05:13:623,5.977798354046973,3.3014209574449644,320.1120298507325,-0.19712423080268543,-0.007417185569627834,-0.007918928170223865,320.1848608361366,-11,0,0
13:05:13:746,5.98741159143634,3.2617978081307566,319.5284692583816,-0.20415593603771695,0.03248164184394499,-0.008371671247411448,319.6012063323775,-12,2,-1
13:05:13:870,5.981394408650267,3.271235840936768,319.952192287399,-0.17316220783463293,-0.027043683931417338,-0.006880261851479134,320.0248168697415,-10,-2,0
13:05:14:031,5.997720746164934,3.325781748637048,321.66280536389894,-0.16652931200315696,0.038552373112697914,-0.004195251722397593,321.7359069686846,-10,2,0
13:05:14:154,6.000895653287531,3.3745197152598143,323.03174694173725,-0.1704537763321581,0.007217077142812291,-0.0030959375680065034,323.1051031230873,-10,0,0
13:05:14:285,5.994957934529908,3.348869316576803,323.06906739759125,-0.1365840667300101,0.027840429981746705,-0.004656781234457208,323.1420380505849,-8,2,0
13:05:14:410,5.9483060651277,3.283357981155165,320.94037219370347,-0.17802305352583717,0.042653515521414595,-0.00847207030773494,321.01228214588576,-10,2,-1
13:05:14:522,5.981394408650267,3.271235840936768,319.952192287399,-0.17316220783463293,-0.027043683931417338,-0.006880261851479134,320.0248168697415,-10,-2,0
13:05:14:654,5.969766803644787,3.2700293408455647,320.1066139542654,-0.19755614222303677,0.01551526965899752,-0.010379627949272451,320.1789741767017,-11,1,-1
13:05:14:768,5.958350881413653,3.3409759942242396,322.54741902160924,-0.14278240790452898,0.006071382301582173,-0.00647858717044866,322.6197476648347,-8,0,0
13:05:14:896,6.016458772275204,3.2977980708344363,321.51577864003707,-0.13369811681416138,-0.027242919956054917,-0.0007238918289180418,321.5889754994468,-8,-2,0
13:05:15:017,5.957025612395829,3.398165973330776,322.22589015804823,-0.15354732092759915,-0.010974694902364591,-0.006403876497509888,322.2988643701302,-9,-1,0
13:05:15:138,5.971417700160463,3.3792680900286824,321.0896448662453,-0.18016292207292786,-0.03327206321063792,-0.008281299210147797,321.1629451267777,-10,-2,0
13:05:15:262,5.996055546550702,3.4073851994824715,322.8343996592911,-0.14645310109669807,0.00833185112657998,-0.004576370036290684,322.9080558911311,-8,0,0
13:05:15:386,5.9542142472373705,3.311141627506956,320.93239881787235,-0.20520035572807915,0.023717825130272905,-0.006999747357326648,321.0047054751274,-12,1,-1
13:05:15:513,5.9656713965236845,3.348782839338486,320.8234935332881,-0.15069276707233664,-0.01776079165341419,-0.005004644381288936,320.89642812692716,-9,-1,0
13:05:15:633,5.9483060651277,3.283357981155165,320.94037219370347,-0.17802305352583717,0.042653515521414595,-0.00847207030773494,321.01228214588576,-10,2,-1
13:05:15:756,5.977798354046973,3.3014209574449644,320.1120298507325,-0.19712423080268543,-0.007417185569627834,-0.007918928170223865,320.1848608361366,-11,0,0
13:05:15:877,5.968093652585296,3.3146741046655,320.9408306948833,-0.17784781204865516,-0.01676850134707179,-0.0035361887177110347,321.01342964646807,-10,-1,0
13:05:15:999,5.978809171091583,3.3048236912243847,319.7961170090919,-0.14641769218663445,-0.029549366352689767,-0.008322997241776537,319.8690739549968,-8,-2,0
13:05:16:124,5.973799512422737,3.346555060071346,321.217767606001,-0.20292966631092713,-0.031707999166037816,-0.006863472567981814,321.29074050953847,-12,-2,0
13:05:16:244,5.963302771011941,3.343731008483726,321.0100586542674,-0.20330451722594245,0.0015618621451533136,-0.004550045755031417,321.082854220234,-12,0,0
13:05:16:414,5.975526263342014,3.3601644028071513,319.85791489615997,-0.2024870987449981,-0.01754187709923944,-0.007920485908466881,319.9313728608948,-12,-1,0
13:05:16:531,5.975176121965811,3.313724869358646,320.9009224148664,-0.18167441146232877,-0.05353676216694722,-0.005781878825833409,320.97365235936485,-10,-3,0
13:05:16:654,5.951525576300843,3.2806342738903354,320.9547649312884,0.06662394951875499,0.03349027980848064,-0.008412592175891935,321.026703484341,4,2,0
13:05:16:780,5.9542142472373705,3.311141627506956,320.93239881787235,-0.20520035572807915,0.023717825130272905,-0.006999747357326648,321.0047054751274,-12,1,-1
13:05:16:903,5.968093652585296,3.3146741046655,320.9408306948833,-0.17784781204865516,-0.01676850134707179,-0.0035361887177110347,321.01342964646807,-10,-1,0
13:05:17:026,5.9656713965236845,3.348782839338486,320.8234935332881,-0.15069276707233664,-0.01776079165341419,-0.005004644381288936,320.89642812692716,-9,-1,0
13:05:17:188,5.960017220652101,3.364458615144637,322.3622396328261,-0.17938720306658262,-0.010429232682826165,-0.004935127352275781,322.4348847878205,-10,-1,0
13:05:17:312,5.963302771011941,3.343731008483726,321.0100586542674,-0.20330451722594245,0.0015618621451533136,-0.004550045755031417,321.082854220234,-12,0,0
13:05:17:436,5.940698444843165,3.357199224976476,320.779334571415,0.11157421760331022,0.05478532835324705,-0.007886474816389093,320.85190380100374,6,3,0
13:05:17:584,5.960017220652101,3.364458615144637,322.3622396328261,-0.17938720306658262,-0.010429232682826165,-0.004935127352275781,322.4348847878205,-10,-1,0
13:05:17:720,5.963302771011941,3.343731008483726,321.0100586542674,-0.20330451722594245,0.0015618621451533136,-0.004550045755031417,321.082854220234,-12,0,0
13:05:17:936,5.972917720117536,3.346064766845531,320.676178728438,-0.15611692082142514,-0.06076670634361726,-0.007185551110410939,320.7492533107261,-9,-3,0
13:05:18:062,5.9542142472373705,3.311141627506956,320.93239881787235,-0.20520035572807915,0.023717825130272905,-0.006999747357326648,321.0047054751274,-12,1,-1
13:05:18:183,5.941578684577879,3.3628633399584023,322.2739584565892,0.07446704294030375,0.04325029372445851,-0.007482168743775933,322.3462664688202,4,2,0
13:05:18:309,5.957025612395829,3.398165973330776,322.22589015804823,-0.15354732092759915,-0.010974694902364591,-0.006403876497509888,322.2988643701302,-9,-1,0
13:05:18:430,5.940698444843165,3.357199224976476,320.779334571415,0.11157421760331022,0.05478532835324705,-0.007886474816389093,320.85190380100374,6,3,0
13:05:18:543,5.941578684577879,3.3628633399584023,322.2739584565892,0.07446704294030375,0.04325029372445851,-0.007482168743775933,322.3462664688202,4,2,0
13:05:18:668,5.960865628452134,3.318230639595912,321.1577044918939,-0.17281141958621174,0.018236362062104286,-0.006035702388668823,321.2301569406594,-10,1,0
13:05:18:791,5.971417700160463,3.3792680900286824,321.0896448662453,-0.18016292207292786,-0.03327206321063792,-0.008281299210147797,321.1629451267777,-10,-2,0
13:05:18:960,6.021246532325862,3.3578476734881386,323.52996391832085,-0.11988301754178511,-0.031078557759886244,-0.003989152702874784,323.6034117616676,-7,-2,0
13:05:19:076,5.933111005728993,3.357412868045612,320.5085666014757,0.12151778888651131,0.06560227383723834,-0.005594063366812843,320.5810588483128,7,4,0
13:05:19:199,5.963666350173572,3.350355912952531,321.8582212788496,-0.05582765550918133,-0.04835613605254731,-0.006979269208686921,321.9309006694831,-3,-3,0
13:05:19:325,5.973799512422737,3.346555060071346,321.217767606001,-0.20292966631092713,-0.031707999166037816,-0.006863472567981814,321.29074050953847,-12,-2,0
13:05:19:447,5.977798354046973,3.3014209574449644,320.1120298507325,-0.19712423080268543,-0.007417185569627834,-0.007918928170223865,320.1848608361366,-11,0,0
13:05:19:571,5.978247616306652,3.327706099326357,319.9449086763926,-0.2231323388481493,-0.01950544525850756,-0.006509449970752059,320.0180583348236,-13,-1,0
13:05:19:698,5.957025612395829,3.398165973330776,322.22589015804823,-0.15354732092759915,-0.010974694902364591,-0.006403876497509888,322.2988643701302,-9,-1,0
13:05:19:816,5.975526263342014,3.3601644028071513,319.85791489615997,-0.2024870987449981,-0.01754187709923944,-0.007920485908466881,319.9313728608948,-12,-1,0
13:05:19:982,5.975176121965811,3.313724869358646,320.9009224148664,-0.18167441146232877,-0.05353676216694722,-0.005781878825833409,320.97365235936485,-10,-3,0
13:05:20:157,5.960865628452134,3.318230639595912,321.1577044918939,-0.17281141958621174,0.018236362062104286,-0.006035702388668823,321.2301569406594,-10,1,0
13:05:20:308,6.007645888277525,3.3369428723757113,320.147190044958,-0.17017736354673874,0.01729581206833794,-0.0027880292505666673,320.2209398064638,-10,1,0
13:05:20:438,5.9483060651277,3.283357981155165,320.94037219370347,-0.17802305352583717,0.042653515521414595,-0.00847207030773494,321.01228214588576,-10,2,-1
13:05:20:553,5.978247616306652,3.327706099326357,319.9449086763926,-0.2231323388481493,-0.01950544525850756,-0.006509449970752059,320.0180583348236,-13,-1,0
13:05:20:678,5.941578684577879,3.3628633399584023,322.2739584565892,0.07446704294030375,0.04325029372445851,-0.007482168743775933,322.3462664688202,4,2,0
13:05:20:800,5.973799512422737,3.346555060071346,321.217767606001,-0.20292966631092713,-0.031707999166037816,-0.006863472567981814,321.29074050953847,-12,-2,0
13:05:20:923,5.963302771011941,3.343731008483726,321.0100586542674,-0.20330451722594245,0.0015618621451533136,-0.004550045755031417,321.082854220234,-12,0,0
13:05:21:046,5.973799512422737,3.346555060071346,321.217767606001,-0.20292966631092713,-0.031707999166037816,-0.006863472567981814,321.29074050953847,-12,-2,0
13:05:21:175,5.960017220652101,3.364458615144637,322.3622396328261,-0.17938720306658262,-0.010429232682826165,-0.004935127352275781,322.4348847878205,-10,-1,0
13:05:21:292,5.963302771011941,3.343731008483726,321.0100586542674,-0.20330451722594245,0.0015618621451533136,-0.004550045755031417,321.082854220234,-12,0,0
13:05:21:415,5.953948288106415,3.3757287433104435,322.3443303460411,-0.11181461627449205,0.0055978686635548384,-0.008007380857454094,322.41698520860143,-6,0,0
13:05:21:539,5.960017220652101,3.364458615144637,322.3622396328261,-0.17938720306658262,-0.010429232682826165,-0.004935127352275781,322.4348847878205,-10,-1,0
13:05:21:660,5.954886432232566,3.3516589678621873,320.9949705115511,-0.14719727639634966,0.025239355519946688,-0.007537933902823639,321.0676959520674,-8,1,-1
13:05:21:827,5.978526771589608,3.369796808010362,322.5173449446157,-0.15841363616046114,0.043115963741394904,-0.006994376980298297,322.59035339422365,-9,2,-1
13:05:21:944,5.963302771011941,3.343731008483726,321.0100586542674,-0.20330451722594245,0.0015618621451533136,-0.004550045755031417,321.082854220234,-12,0,0
13:05:22:069,5.960017220652101,3.364458615144637,322.3622396328261,-0.17938720306658262,-0.010429232682826165,-0.004935127352275781,322.4348847878205,-10,-1,0
13:05:22:192,5.9386091293890875,3.314144092013042,320.64600860386145,-0.15760635544696644,0.053488172146469476,-0.009941646747481622,320.7181215070983,-9,3,-1
13:05:22:354,5.964557645102522,3.334670229389834,322.1658346641861,-0.1509402060608225,-0.03486516093596949,-0.003899285205974268,322.2382984660765,-9,-2,0
13:05:22:489,5.960017220652101,3.364458615144637,322.3622396328261,-0.17938720306658262,-0.010429232682826165,-0.004935127352275781,322.4348847878205,-10,-1,0
13:05:22:610,5.954886432232566,3.3516589678621873,320.9949705115511,-0.14719727639634966,0.025239355519946688,-0.007537933902823639,321.0676959520674,-8,1,-1
13:05:22:730,5.960865628452134,3.318230639595912,321.1577044918939,-0.17281141958621174,0.018236362062104286,-0.006035702388668823,321.2301569406594,-10,1,0
13:05:22:849,5.956132620551837,3.3396295550560517,322.1034696575186,-0.1190510950333117,-0.017403810699123643,-0.007921301942676026,322.17584299070376,-7,-1,0
13:05:22:970,5.940698444843165,3.357199224976476,320.779334571415,0.11157421760331022,0.05478532835324705,-0.007886474816389093,320.85190380100374,6,3,0
13:05:23:094,5.978247616306652,3.327706099326357,319.9449086763926,-0.2231323388481493,-0.01950544525850756,-0.006509449970752059,320.0180583348236,-13,-1,0
13:05:23:243,5.957025612395829,3.398165973330776,322.22589015804823,-0.15354732092759915,-0.010974694902364591,-0.006403876497509888,322.2988643701302,-9,-1,0
13:05:23:376,5.976421441291886,3.2893426511959887,321.0604196635503,-0.14861373526673016,-0.046627600489404224,-0.007220921304911661,321.13288598780406,-9,-3,0
13:05:23:546,5.9975929065367275,3.3849710085127116,321.4615098103946,-0.17454845652537873,0.025061404907344497,-0.004154019265899346,321.53527246474755,-10,1,0
13:05:23:668,5.963302771011941,3.343731008483726,321.0100586542674,-0.20330451722594245,0.0015618621451533136,-0.004550045755031417,321.082854220234,-12,0,0
13:05:23:790,5.963302771011941,3.343731008483726,321.0100586542674,-0.20330451722594245,0.0015618621451533136,-0.004550045755031417,321.082854220234,-12,0,0
13:05:23:911,5.979746253412102,3.358106038235191,321.9237763775851,-0.18383482419481412,0.009139201563529657,-0.002963875588059584,321.9968199200493,-11,1,0
13:05:24:035,5.963302771011941,3.343731008483726,321.0100586542674,-0.20330451722594245,0.0015618621451533136,-0.004550045755031417,321.082854220234,-12,0,0
13:05:24:157,5.975176121965811,3.313724869358646,320.9009224148664,-0.18167441146232877,-0.05353676216694722,-0.005781878825833409,320.97365235936485,-10,-3,0
13:05:24:283,5.960017220652101,3.364458615144637,322.3622396328261,-0.17938720306658262,-0.010429232682826165,-0.004935127352275781,322.4348847878205,-10,-1,0
13:05:24:403,5.947609117778439,3.29200470893356,320.808365245383,-0.11682202752154798,0.034402142839238106,-0.009095005172890877,320.8803804545186,-7,2,-1
13:05:24:536,5.9446299084950045,3.3057372896428614,322.35253623849474,-0.15023106846198395,0.03500557904616735,-0.008938838527094735,322.4242921108259,-9,2,-1
13:05:24:652,5.972913246958736,3.3621321934423936,321.53592858006664,0.09908094004593991,0.01636802645597673,-0.0029792556026242145,321.60897529980036,6,1,0
13:05:24:776,5.9594104107438675,3.376659247206886,320.90246057142195,-0.18086699855679422,0.0056519659223571795,-0.006001675769136278,320.9755529645653,-10,0,0
13:05:24:901,5.960865628452134,3.318230639595912,321.1577044918939,-0.17281141958621174,0.018236362062104286,-0.006035702388668823,321.2301569406594,-10,1,0
13:05:25:023,5.941578684577879,3.3628633399584023,322.2739584565892,0.07446704294030375,0.04325029372445851,-0.007482168743775933,322.3462664688202,4,2,0
13:05:25:245,5.97392736742701,3.321137399799319,321.3924960964157,-0.17387839885149517,-0.020908624677467146,-0.008296639988370389,321.46516811142106,-10,-1,0
13:05:25:403,6.019821479911309,3.3660124909953466,322.46340596931174,-0.17795434332667268,0.010720227147652318,-0.004631178825188467,322.53715519311675,-10,1,0
13:05:25:523,5.963302771011941,3.343731008483726,321.0100586542674,-0.20330451722594245,0.0015618621451533136,-0.004550045755031417,321.082854220234,-12,0,0
13:05:25:650,5.973799512422737,3.346555060071346,321.217767606001,-0.20292966631092713,-0.031707999166037816,-0.006863472567981814,321.29074050953847,-12,-2,0
13:05:25:768,5.960017220652101,3.364458615144637,322.3622396328261,-0.17938720306658262,-0.010429232682826165,-0.004935127352275781,322.4348847878205,-10,-1,0
13:05:25:923,5.912311030755902,3.30881182517439,318.50207780176623,-0.22364791831302205,-0.0005590792891737802,-0.010329384161602504,318.5741314379766,-13,0,-1
13:05:26:044,5.976421441291886,3.2893426511959887,321.0604196635503,-0.14861373526673016,-0.046627600489404224,-0.007220921304911661,321.13288598780406,-9,-3,0
13:05:26:169,5.954886432232566,3.3516589678621873,320.9949705115511,-0.14719727639634966,0.025239355519946688,-0.007537933902823639,321.0676959520674,-8,1,-1
13:05:26:291,5.974211061761174,3.334476622516955,320.00190354501956,-0.1740622322598134,-0.00428354875322351,-0.009359428027438518,320.0750352723445,-10,0,-1
13:05:26:412,5.960017220652101,3.364458615144637,322.3622396328261,-0.17938720306658262,-0.010429232682826165,-0.004935127352275781,322.4348847878205,-10,-1,0
13:05:26:541,6.008050025801658,3.3283462875188414,323.080222969915,-0.0817986605841089,-0.011283484556432525,-0.003799534574076152,323.1532222157349,-5,-1,0
13:05:26:661,5.963666350173572,3.350355912952531,321.8582212788496,-0.05582765550918133,-0.04835613605254731,-0.006979269208686921,321.9309006694831,-3,-3,0
13:05:26:785,5.957025612395829,3.398165973330776,322.22589015804823,-0.15354732092759915,-0.010974694902364591,-0.006403876497509888,322.2988643701302,-9,-1,0
13:05:26:908,5.997479066622173,3.313321592114269,320.7010948925502,-0.020408000374697442,-0.10909027192539783,-0.0036674830502162847,320.7742821991935,-1,-6,0
13:05:27:028,5.969870309810251,3.308998328057175,319.9509041052562,-0.13473453031674462,-0.091086250876186,-0.006019036755635469,320.0237020272434,-8,-5,0
13:05:27:156,6.00243310088337,3.2331017311886994,319.4737943189686,-0.17803016820146872,-0.01719934120544931,-0.004959601487039689,319.5465340235964,-10,-1,0
13:05:27:276,5.973643672933272,3.2783939793871335,320.3614616967222,-0.16147362220180728,-0.07851578110590986,-0.004657986850503148,320.43392209046107,-9,-5,0
13:05:27:404,5.954886432232566,3.3516589678621873,320.9949705115511,-0.14719727639634966,0.025239355519946688,-0.007537933902823639,321.0676959520674,-8,1,-1
13:05:27:520,5.964557645102522,3.334670229389834,322.1658346641861,-0.1509402060608225,-0.03486516093596949,-0.003899285205974268,322.2382984660765,-9,-2,0
13:05:27:643,6.021374477361791,3.338369544121834,320.68555970567434,-0.2141013122882715,-0.0044670547293051005,-0.004652657072994888,320.75945795182935,-12,0,0
13:05:27:766,5.960017220652101,3.364458615144637,322.3622396328261,-0.17938720306658262,-0.010429232682826165,-0.004935127352275781,322.4348847878205,-10,-1,0
13:05:27:933,5.963302771011941,3.343731008483726,321.0100586542674,-0.20330451722594245,0.0015618621451533136,-0.004550045755031417,321.082854220234,-12,0,0
13:05:28:053,5.954886432232566,3.3516589678621873,320.9949705115511,-0.14719727639634966,0.025239355519946688,-0.007537933902823639,321.0676959520674,-8,1,-1
13:05:28:176,5.960017220652101,3.364458615144637,322.3622396328261,-0.17938720306658262,-0.010429232682826165,-0.004935127352275781,322.4348847878205,-10,-1,0
13:05:28:303,5.974211061761174,3.334476622516955,320.00190354501956,-0.1740622322598134,-0.00428354875322351,-0.009359428027438518,320.0750352723445,-10,0,-1
13:05:28:426,5.9709990163822235,3.354523835972519,321.2249202459539,-0.14792477664514564,-0.023255501355272015,-0.009743562357905291,321.2979225678859,-8,-1,0
13:05:28:545,5.973799512422737,3.346555060071346,321.217767606001,-0.20292966631092713,-0.031707999166037816,-0.006863472567981814,321.29074050953847,-12,-2,0
13:05:28:668,5.973799512422737,3.346555060071346,321.217767606001,-0.20292966631092713,-0.031707999166037816,-0.006863472567981814,321.29074050953847,-12,-2,0
13:05:28:798,6.017798496565649,3.358077622641007,321.9998669685888,-0.19254538578271632,-0.01704703201271422,-0.005020056991643366,322.07360169975715,-11,-1,0
13:05:28:919,5.963302771011941,3.343731008483726,321.0100586542674,-0.20330451722594245,0.0015618621451533136,-0.004550045755031417,321.082854220234,-12,0,0
13:05:29:041,5.960017220652101,3.364458615144637,322.3622396328261,-0.17938720306658262,-0.010429232682826165,-0.004935127352275781,322.4348847878205,-10,-1,0
13:05:29:161,5.997720746164934,3.325781748637048,321.66280536389894,-0.16652931200315696,0.038552373112697914,-0.004195251722397593,321.7359069686846,-10,2,0
13:05:29:291,5.960017220652101,3.364458615144637,322.3622396328261,-0.17938720306658262,-0.010429232682826165,-0.004935127352275781,322.4348847878205,-10,-1,0
13:05:29:415,5.958350881413653,3.3409759942242396,322.54741902160924,-0.14278240790452898,0.006071382301582173,-0.00647858717044866,322.6197476648347,-8,0,0
13:05:29:530,5.969838842122749,3.3185974807088705,320.45776490071097,-0.1178642983938212,-0.04971912815104777,-0.003947843617189042,320.5305463605602,-7,-3,0
13:05:29:659,5.963302771011941,3.343731008483726,321.0100586542674,-0.20330451722594245,0.0015618621451533136,-0.004550045755031417,321.082854220234,-12,0,0
13:05:29:779,5.973799512422737,3.346555060071346,321.217767606001,-0.20292966631092713,-0.031707999166037816,-0.006863472567981814,321.29074050953847,-12,-2,0
13:05:29:905,5.960865628452134,3.318230639595912,321.1577044918939,-0.17281141958621174,0.018236362062104286,-0.006035702388668823,321.2301569406594,-10,1,0
13:05:30:027,5.958350881413653,3.3409759942242396,322.54741902160924,-0.14278240790452898,0.006071382301582173,-0.00647858717044866,322.6197476648347,-8,0,0
13:05:30:149,5.953948288106415,3.3757287433104435,322.3443303460411,-0.11181461627449205,0.0055978686635548384,-0.008007380857454094,322.41698520860143,-6,0,0
13:05:30:272,5.978247616306652,3.327706099326357,319.9449086763926,-0.2231323388481493,-0.01950544525850756,-0.006509449970752059,320.0180583348236,-13,-1,0
13:05:30:394,5.978247616306652,3.327706099326357,319.9449086763926,-0.2231323388481493,-0.01950544525850756,-0.006509449970752059,320.0180583348236,-13,-1,0
13:05:30:559,5.968551488578486,3.282292743046977,319.7576122226305,-0.09826391913816954,-0.09549060497105495,-0.007395737763776554,319.8301543426464,-6,-5,0
13:05:30:681,5.956171136160455,3.30527276195257,320.58449260967046,-0.044975318161360855,-0.0937173670326348,-0.005555672471719791,320.6568535123396,-3,-5,0
13:05:30:805,5.9626397572790815,3.4542447278750816,322.2029939431763,0.0675235084099902,-0.026704843548828783,-0.011746582735368032,322.2766733498744,4,-2,-1
13:05:30:928,5.947032176543879,3.343072599528511,320.95093078367546,-0.20363640685069784,0.045504742749737,-0.00948596125103748,321.0234310716621,-12,3,-1
13:05:31:050,5.963302771011941,3.343731008483726,321.0100586542674,-0.20330451722594245,0.0015618621451533136,-0.004550045755031417,321.082854220234,-12,0,0
13:05:31:179,5.9594104107438675,3.376659247206886,320.90246057142195,-0.18086699855679422,0.0056519659223571795,-0.006001675769136278,320.9755529645653,-10,0,0
13:05:31:292,5.97392736742701,3.321137399799319,321.3924960964157,-0.17387839885149517,-0.020908624677467146,-0.008296639988370389,321.46516811142106,-10,-1,0
13:05:31:417,5.958350881413653,3.3409759942242396,322.54741902160924,-0.14278240790452898,0.006071382301582173,-0.00647858717044866,322.6197476648347,-8,0,0
13:05:31:573,5.9594104107438675,3.376659247206886,320.90246057142195,-0.18086699855679422,0.0056519659223571795,-0.006001675769136278,320.9755529645653,-10,0,0
13:05:31:724,6.003592746149643,3.352970143844874,321.6405141978103,-0.19550832186823955,0.018906117046501778,-0.002692857617551795,321.7140126075937,-11,1,0
13:05:31:878,5.960865628452134,3.318230639595912,321.1577044918939,-0.17281141958621174,0.018236362062104286,-0.006035702388668823,321.2301569406594,-10,1,0
13:05:32:028,5.9386091293890875,3.314144092013042,320.64600860386145,-0.15760635544696644,0.053488172146469476,-0.009941646747481622,320.7181215070983,-9,3,-1
13:05:32:157,5.978247616306652,3.327706099326357,319.9449086763926,-0.2231323388481493,-0.01950544525850756,-0.006509449970752059,320.0180583348236,-13,-1,0
13:05:32:277,5.960865628452134,3.318230639595912,321.1577044918939,-0.17281141958621174,0.018236362062104286,-0.006035702388668823,321.2301569406594,-10,1,0
13:05:32:430,5.971417700160463,3.3792680900286824,321.0896448662453,-0.18016292207292786,-0.03327206321063792,-0.008281299210147797,321.1629451267777,-10,-2,0
13:05:32:607,5.9594104107438675,3.376659247206886,320.90246057142195,-0.18086699855679422,0.0056519659223571795,-0.006001675769136278,320.9755529645653,-10,0,0
13:05:32:727,5.975526263342014,3.3601644028071513,319.85791489615997,-0.2024870987449981,-0.01754187709923944,-0.007920485908466881,319.9313728608948,-12,-1,0
13:05:32:856,5.960865628452134,3.318230639595912,321.1577044918939,-0.17281141958621174,0.018236362062104286,-0.006035702388668823,321.2301569406594,-10,1,0
13:05:32:974,5.963302771011941,3.343731008483726,321.0100586542674,-0.20330451722594245,0.0015618621451533136,-0.004550045755031417,321.082854220234,-12,0,0
13:05:33:094,5.957025612395829,3.398165973330776,322.22589015804823,-0.15354732092759915,-0.010974694902364591,-0.006403876497509888,322.2988643701302,-9,-1,0
13:05:33:219,5.965557921992744,3.3015407972335415,321.65551957829075,-0.12316562591216873,-0.06504313506938779,-0.002791278453630402,321.7277751891133,-7,-4,0
13:05:33:343,5.974211061761174,3.334476622516955,320.00190354501956,-0.1740622322598134,-0.00428354875322351,-0.009359428027438518,320.0750352723445,-10,0,-1
13:05:33:467,5.963302771011941,3.343731008483726,321.0100586542674,-0.20330451722594245,0.0015618621451533136,-0.004550045755031417,321.082854220234,-12,0,0
13:05:33:589,5.960017220652101,3.364458615144637,322.3622396328261,-0.17938720306658262,-0.010429232682826165,-0.004935127352275781,322.4348847878205,-10,-1,0
13:05:33:710,5.960017220652101,3.364458615144637,322.3622396328261,-0.17938720306658262,-0.010429232682826165,-0.004935127352275781,322.4348847878205,-10,-1,0
13:05:33:837,5.9591847636012485,3.37823183474614,321.19759189837396,-0.19849619793798984,0.023595391641899045,-0.007068795774926158,321.27062949278513,-11,1,-1
13:05:33:958,5.957025612395829,3.398165973330776,322.22589015804823,-0.15354732092759915,-0.010974694902364591,-0.006403876497509888,322.2988643701302,-9,-1,0
13:05:34:080,5.956171136160455,3.30527276195257,320.58449260967046,-0.044975318161360855,-0.0937173670326348,-0.005555672471719791,320.6568535123396,-3,-5,0
13:05:34:204,5.898657206640384,3.3286196249379856,319.48989375458166,0.07765282223308667,0.10892719597525342,-0.005552574918452888,319.561678047858,4,6,0
13:05:34:329,5.957025612395829,3.398165973330776,322.22589015804823,-0.15354732092759915,-0.010974694902364591,-0.006403876497509888,322.2988643701302,-9,-1,0
13:05:34:451,5.969838842122749,3.3185974807088705,320.45776490071097,-0.1178642983938212,-0.04971912815104777,-0.003947843617189042,320.5305463605602,-7,-3,0
13:05:34:573,5.9594104107438675,3.376659247206886,320.90246057142195,-0.18086699855679422,0.0056519659223571795,-0.006001675769136278,320.9755529645653,-10,0,0
13:05:34:702,5.9656713965236845,3.348782839338486,320.8234935332881,-0.15069276707233664,-0.01776079165341419,-0.005004644381288936,320.89642812692716,-9,-1,0
13:05:34:819,6.016458772275204,3.2977980708344363,321.51577864003707,-0.13369811681416138,-0.027242919956054917,-0.0007238918289180418,321.5889754994468,-8,-2,0
13:05:34:944,5.963302771011941,3.343731008483726,321.0100586542674,-0.20330451722594245,0.0015618621451533136,-0.004550045755031417,321.082854220234,-12,0,0
13:05:35:066,5.995760033789693,3.4000998642181353,323.5288413011434,-0.07082180023480593,0.04434422912806565,-0.00840145504005115,323.6022573640825,-4,3,-1
13:05:35:185,5.964557645102522,3.334670229389834,322.1658346641861,-0.1509402060608225,-0.03486516093596949,-0.003899285205974268,322.2382984660765,-9,-2,0
13:05:35:312,5.960017220652101,3.364458615144637,322.3622396328261,-0.17938720306658262,-0.010429232682826165,-0.004935127352275781,322.4348847878205,-10,-1,0
13:05:35:437,6.0175263285733225,3.3705977920845998,320.56477751348893,-0.1937189482035436,-0.0013027234475605626,-0.006080392357874851,320.63896852201816,-11,0,0
13:05:35:601,5.963302771011941,3.343731008483726,321.0100586542674,-0.20330451722594245,0.0015618621451533136,-0.004550045755031417,321.082854220234,-12,0,0
13:05:35:722,5.963302771011941,3.343731008483726,321.0100586542674,-0.20330451722594245,0.0015618621451533136,-0.004550045755031417,321.082854220234,-12,0,0
13:05:35:846,5.9656713965236845,3.348782839338486,320.8234935332881,-0.15069276707233664,-0.01776079165341419,-0.005004644381288936,320.89642812692716,-9,-1,0
13:05:35:968,5.960017220652101,3.364458615144637,322.3622396328261,-0.17938720306658262,-0.010429232682826165,-0.004935127352275781,322.4348847878205,-10,-1,0
13:05:36:112,5.958350881413653,3.3409759942242396,322.54741902160924,-0.14278240790452898,0.006071382301582173,-0.00647858717044866,322.6197476648347,-8,0,0
13:05:36:252,5.968093652585296,3.3146741046655,320.9408306948833,-0.17784781204865516,-0.01676850134707179,-0.0035361887177110347,321.01342964646807,-10,-1,0
13:05:36:378,5.969838842122749,3.3185974807088705,320.45776490071097,-0.1178642983938212,-0.04971912815104777,-0.003947843617189042,320.5305463605602,-7,-3,0
13:05:36:500,5.963886357746363,3.3020439970339637,319.9378170763686,-0.17661694348042214,0.022135009046972718,-0.011818789357926678,320.01043456524724,-10,1,-1
13:05:36:624,6.010478531491809,3.294882856586292,322.1176377704519,-0.03892363745544471,-0.06852002479965436,-0.002575148207105929,322.1905564538356,-2,-4,0
13:05:36:743,5.963302771011941,3.343731008483726,321.0100586542674,-0.20330451722594245,0.0015618621451533136,-0.004550045755031417,321.082854220234,-12,0,0
13:05:36:869,5.963302771011941,3.343731008483726,321.0100586542674,-0.20330451722594245,0.0015618621451533136,-0.004550045755031417,321.082854220234,-12,0,0
13:05:36:996,5.954886432232566,3.3516589678621873,320.9949705115511,-0.14719727639634966,0.025239355519946688,-0.007537933902823639,321.0676959520674,-8,1,-1
13:05:37:116,5.971417700160463,3.3792680900286824,321.0896448662453,-0.18016292207292786,-0.03327206321063792,-0.008281299210147797,321.1629451267777,-10,-2,0
13:05:37:240,5.964557645102522,3.334670229389834,322.1658346641861,-0.1509402060608225,-0.03486516093596949,-0.003899285205974268,322.2382984660765,-9,-2,0
13:05:37:361,5.957025612395829,3.398165973330776,322.22589015804823,-0.15354732092759915,-0.010974694902364591,-0.006403876497509888,322.2988643701302,-9,-1,0
13:05:37:484,5.963302771011941,3.343731008483726,321.0100586542674,-0.20330451722594245,0.0015618621451533136,-0.004550045755031417,321.082854220234,-12,0,0
13:05:37:605,5.957025612395829,3.398165973330776,322.22589015804823,-0.15354732092759915,-0.010974694902364591,-0.006403876497509888,322.2988643701302,-9,-1,0
13:05:37:756,5.972917720117536,3.346064766845531,320.676178728438,-0.15611692082142514,-0.06076670634361726,-0.007185551110410939,320.7492533107261,-9,-3,0
13:05:37:894,5.953948288106415,3.3757287433104435,322.3443303460411,-0.11181461627449205,0.0055978686635548384,-0.008007380857454094,322.41698520860143,-6,0,0
13:05:38:016,5.994957934529908,3.348869316576803,323.06906739759125,-0.1365840667300101,0.027840429981746705,-0.004656781234457208,323.1420380505849,-8,2,0
13:05:38:138,5.957025612395829,3.398165973330776,322.22589015804823,-0.15354732092759915,-0.010974694902364591,-0.006403876497509888,322.2988643701302,-9,-1,0
13:05:38:345,5.957025612395829,3.398165973330776,322.22589015804823,-0.15354732092759915,-0.010974694902364591,-0.006403876497509888,322.2988643701302,-9,-1,0
13:05:38:467,5.968093652585296,3.3146741046655,320.9408306948833,-0.17784781204865516,-0.01676850134707179,-0.0035361887177110347,321.01342964646807,-10,-1,0
13:05:38:588,5.963302771011941,3.343731008483726,321.0100586542674,-0.20330451722594245,0.0015618621451533136,-0.004550045755031417,321.082854220234,-12,0,0
13:05:38:713,5.960017220652101,3.364458615144637,322.3622396328261,-0.17938720306658262,-0.010429232682826165,-0.004935127352275781,322.4348847878205,-10,-1,0
13:05:38:838,5.960017220652101,3.364458615144637,322.3622396328261,-0.17938720306658262,-0.010429232682826165,-0.004935127352275781,322.4348847878205,-10,-1,0
13:05:38:963,5.950921957688224,3.3322919002055165,322.33467891289973,-0.1815521692521832,0.014379255798121757,-0.007412855761181956,322.40682820209753,-10,1,0
13:05:39:083,5.963302771011941,3.343731008483726,321.0100586542674,-0.20330451722594245,0.0015618621451533136,-0.004550045755031417,321.082854220234,-12,0,0
13:05:39:205,5.958350881413653,3.3409759942242396,322.54741902160924,-0.14278240790452898,0.006071382301582173,-0.00647858717044866,322.6197476648347,-8,0,0
13:05:39:330,5.899509420362975,3.3514897061712428,320.97304315939715,-0.1461087933699287,-0.004030321088726448,-0.007821807490919859,321.04474941922933,-8,0,0
13:05:39:452,5.978247616306652,3.327706099326357,319.9449086763926,-0.2231323388481493,-0.01950544525850756,-0.006509449970752059,320.0180583348236,-13,-1,0
13:05:39:575,5.963302771011941,3.343731008483726,321.0100586542674,-0.20330451722594245,0.0015618621451533136,-0.004550045755031417,321.082854220234,-12,0,0
13:05:39:701,5.960017220652101,3.364458615144637,322.3622396328261,-0.17938720306658262,-0.010429232682826165,-0.004935127352275781,322.4348847878205,-10,-1,0
13:05:39:860,5.957025612395829,3.398165973330776,322.22589015804823,-0.15354732092759915,-0.010974694902364591,-0.006403876497509888,322.2988643701302,-9,-1,0
13:05:39:988,5.9594104107438675,3.376659247206886,320.90246057142195,-0.18086699855679422,0.0056519659223571795,-0.006001675769136278,320.9755529645653,-10,0,0
13:05:40:108,5.960017220652101,3.364458615144637,322.3622396328261,-0.17938720306658262,-0.010429232682826165,-0.004935127352275781,322.4348847878205,-10,-1,0
13:05:40:228,5.971417700160463,3.3792680900286824,321.0896448662453,-0.18016292207292786,-0.03327206321063792,-0.008281299210147797,321.1629451267777,-10,-2,0
13:05:40:356,5.964557645102522,3.334670229389834,322.1658346641861,-0.1509402060608225,-0.03486516093596949,-0.003899285205974268,322.2382984660765,-9,-2,0
13:05:40:477,5.985278273991078,3.4392288976734164,322.8452578745766,-0.14630089498061322,0.04041986612566577,-0.007122047552056216,322.91904927323435,-8,2,-1
13:05:40:600,5.961124278486144,3.332464591875707,321.07100279615065,-0.0893245873217226,-0.08479533028876916,-0.004162908324832259,321.1436269949093,-5,-5,0
13:05:40:722,5.963302771011941,3.343731008483726,321.0100586542674,-0.20330451722594245,0.0015618621451533136,-0.004550045755031417,321.082854220234,-12,0,0
13:05:40:849,5.9594104107438675,3.376659247206886,320.90246057142195,-0.18086699855679422,0.0056519659223571795,-0.006001675769136278,320.9755529645653,-10,0,0
13:05:40:972,5.960017220652101,3.364458615144637,322.3622396328261,-0.17938720306658262,-0.010429232682826165,-0.004935127352275781,322.4348847878205,-10,-1,0
13:05:41:094,5.964557645102522,3.334670229389834,322.1658346641861,-0.1509402060608225,-0.03486516093596949,-0.003899285205974268,322.2382984660765,-9,-2,0
13:05:41:215,5.960017220652101,3.364458615144637,322.3622396328261,-0.17938720306658262,-0.010429232682826165,-0.004935127352275781,322.4348847878205,-10,-1,0
13:05:41:336,5.9594104107438675,3.376659247206886,320.90246057142195,-0.18086699855679422,0.0056519659223571795,-0.006001675769136278,320.9755529645653,-10,0,0
13:05:41:461,6.021374477361791,3.338369544121834,320.68555970567434,-0.2141013122882715,-0.0044670547293051005,-0.004652657072994888,320.75945795182935,-12,0,0
13:05:41:584,5.975526263342014,3.3601644028071513,319.85791489615997,-0.2024870987449981,-0.01754187709923944,-0.007920485908466881,319.9313728608948,-12,-1,0
13:05:41:706,5.958350881413653,3.3409759942242396,322.54741902160924,-0.14278240790452898,0.006071382301582173,-0.00647858717044866,322.6197476648347,-8,0,0
13:05:41:831,5.960017220652101,3.364458615144637,322.3622396328261,-0.17938720306658262,-0.010429232682826165,-0.004935127352275781,322.4348847878205,-10,-1,0
13:05:41:954,5.960017220652101,3.364458615144637,322.3622396328261,-0.17938720306658262,-0.010429232682826165,-0.004935127352275781,322.4348847878205,-10,-1,0
13:05:42:078,5.902231481992142,3.3172281390556306,321.094817182656,-0.1737736548145478,-0.003315043494572581,-0.006338335502342531,321.1661905627005,-10,0,0
13:05:42:195,5.953948288106415,3.3757287433104435,322.3443303460411,-0.11181461627449205,0.0055978686635548384,-0.008007380857454094,322.41698520860143,-6,0,0
13:05:42:323,6.000895653287531,3.3745197152598143,323.03174694173725,-0.1704537763321581,0.007217077142812291,-0.0030959375680065034,323.1051031230873,-10,0,0
13:05:42:446,5.958350881413653,3.3409759942242396,322.54741902160924,-0.14278240790452898,0.006071382301582173,-0.00647858717044866,322.6197476648347,-8,0,0
13:05:42:568,5.960017220652101,3.364458615144637,322.3622396328261,-0.17938720306658262,-0.010429232682826165,-0.004935127352275781,322.4348847878205,-10,-1,0
13:05:42:700,5.954886432232566,3.3516589678621873,320.9949705115511,-0.14719727639634966,0.025239355519946688,-0.007537933902823639,321.0676959520674,-8,1,-1
13:05:42:858,6.014187490644295,3.3993731555625217,322.3097662276168,-0.15320752742229352,0.017434205129958944,-0.0061239388280810965,322.38379549028883,-9,1,0
13:05:42:976,5.973799512422737,3.346555060071346,321.217767606001,-0.20292966631092713,-0.031707999166037816,-0.006863472567981814,321.29074050953847,-12,-2,0
13:05:43:104,5.957025612395829,3.398165973330776,322.22589015804823,-0.15354732092759915,-0.010974694902364591,-0.006403876497509888,322.2988643701302,-9,-1,0
13:05:43:220,5.957025612395829,3.398165973330776,322.22589015804823,-0.15354732092759915,-0.010974694902364591,-0.006403876497509888,322.2988643701302,-9,-1,0
13:05:43:348,5.946753509298769,3.381050288532146,321.22991189353553,-0.1809554328070515,-0.05498009035323476,-0.010202824335796909,321.3027414658682,-10,-3,0
13:05:43:472,5.972917720117536,3.346064766845531,320.676178728438,-0.15611692082142514,-0.06076670634361726,-0.007185551110410939,320.7492533107261,-9,-3,0
13:05:43:593,5.958339104013328,3.4079918236493993,320.6613138428121,-0.16009952615319112,-0.002280145495720218,-0.004900624644194459,320.7347726838281,-9,0,0
13:05:43:716,5.957025612395829,3.398165973330776,322.22589015804823,-0.15354732092759915,-0.010974694902364591,-0.006403876497509888,322.2988643701302,-9,-1,0
13:05:43:838,5.971417700160463,3.3792680900286824,321.0896448662453,-0.18016292207292786,-0.03327206321063792,-0.008281299210147797,321.1629451267777,-10,-2,0
13:05:43:962,5.977798354046973,3.3014209574449644,320.1120298507325,-0.19712423080268543,-0.007417185569627834,-0.007918928170223865,320.1848608361366,-11,0,0
13:05:44:086,5.977798354046973,3.3014209574449644,320.1120298507325,-0.19712423080268543,-0.007417185569627834,-0.007918928170223865,320.1848608361366,-11,0,0
13:05:44:207,5.968651308896715,3.3169414037014504,321.3475605157597,-0.20176338457814266,-0.009783691894996017,-0.00934664076884536,321.42010134425726,-12,-1,0
13:05:44:333,5.960865628452134,3.318230639595912,321.1577044918939,-0.17281141958621174,0.018236362062104286,-0.006035702388668823,321.2301569406594,-10,1,0
13:05:44:457,5.963302771011941,3.343731008483726,321.0100586542674,-0.20330451722594245,0.0015618621451533136,-0.004550045755031417,321.082854220234,-12,0,0
13:05:44:581,5.979746253412102,3.358106038235191,321.9237763775851,-0.18383482419481412,0.009139201563529657,-0.002963875588059584,321.9968199200493,-11,1,0
13:05:44:706,err,err,err,err,err,err,err,err,err,err
13:05:44:827,err,err,err,err,err,err,err,err,err,err
13:05:44:948,5.6479799361261405,3.2024589193226713,323.29928173535603,-0.09137179469956286,0.160905427997835,0.0020814917311380516,323.36447082369136,-5,9,0
13:05:45:068,5.767126291103403,3.282304052863024,324.4707175247478,0.03568860890743791,-0.06068038423844564,-0.003618101006824808,324.53856442120656,2,-3,0
13:05:45:193,5.718740657514614,3.1841981366819363,322.433560991425,0.004157003142940957,-0.11451826375002774,-0.0006715551087941857,322.49999126525967,0,-7,0
13:05:45:372,5.732498789876245,3.2082268305238433,322.64220867372285,-0.032883271636933616,-0.05408169454858767,-0.0007500814105432473,322.7090780867965,-2,-3,0
13:05:45:521,5.754943991887971,3.1571655818250224,320.7941454796252,-0.02112597904435822,-0.12116157262967417,0.0009507263249394886,320.8612953424949,-1,-7,0
13:05:45:646,5.689082790493008,3.1383203041821384,320.4428110179778,-0.07972971851686658,-0.15477117889584455,-0.0030225084585552525,320.50867359625727,-5,-9,0
13:05:45:766,5.719590183080695,3.1369443120277434,320.2934168796366,-0.07782809193753507,-0.1598925268373381,-0.0028806714673575307,320.3598399111721,-4,-9,0
13:05:45:929,5.749422307112444,3.2750339126925474,323.63382660108505,-0.06840328256461707,-0.0755340874468214,-0.008266777168645023,323.7014603372311,-4,-4,0
13:05:46:144,5.660612936063228,3.287588218577067,321.89802776840145,-0.05647978211340278,-0.09296131152574592,-0.009710411680932481,321.9645804374969,-3,-5,0
13:05:46:283,5.69394567733218,3.3542775957327966,322.6131719498591,-0.08019926396785329,-0.05389696617401196,-0.006615666284630411,322.68084992933035,-5,-3,0
13:05:46:430,5.7507926507851845,3.376959799192158,323.00030042747835,-0.15196758258669962,-0.0161334563115749,-0.006907353685766852,323.06914050995175,-9,-1,0
13:05:46:646,5.6825326494378885,3.333879148109471,320.0144221542245,-0.17972707041137495,-0.07305903718423386,-0.004845692786991113,320.0822336747048,-10,-4,0
13:05:46:787,5.775891574770685,3.388496712343109,322.97065873437055,-0.08967817045083859,-0.08186086648716076,-0.0011613747451523551,323.040073731985,-5,-5,0
13:05:46:913,5.851447240708424,3.6261262496634257,324.83363165307037,-0.00012216671394986526,-0.09958837267078581,-0.0003200692523166351,324.90656576824034,0,-6,0
13:05:47:034,5.758167016186161,3.594427238754553,324.9145043956216,-0.002923966436402652,-0.11350968544049028,-0.004921970177207969,324.98540207402147,0,-7,0
13:05:47:233,5.7115733169399485,3.5521537859444297,324.3748453524976,-0.014764999988063299,-0.0996420193882198,-0.005107633049260405,324.4445717895901,-1,-6,0
13:05:47:381,5.731057696583005,3.339784070039767,322.406308195497,-0.13972938254138512,-0.08942152578466396,-0.004592222811434341,322.474536582667,-8,-5,0
13:05:47:545,5.778165862225061,3.3264824523495955,321.6229094924746,-0.15871365268167717,-0.0905625176796922,-0.006464113734627496,321.69200891014015,-9,-5,0
13:05:47:711,5.733068622326147,3.317774742669063,320.2837135494903,-0.11123202457681933,-0.1113234696265604,-0.004491955047092429,320.35220128808754,-6,-6,0
13:05:47:864,5.733068622326147,3.317774742669063,320.2837135494903,-0.11123202457681933,-0.1113234696265604,-0.004491955047092429,320.35220128808754,-6,-6,0
13:05:47:984,5.738625232213777,3.323870737000016,321.52145080231156,-0.1667934650878043,-0.06259016842059827,-0.004323530377142895,321.5898370008843,-10,-4,0
13:05:48:172,5.7372041576577235,3.3561759284336157,321.1934992738726,-0.13615569358471413,-0.07740537840288199,-0.005714743854023363,321.26226576459993,-8,-4,0
13:05:48:321,5.738625232213777,3.323870737000016,321.52145080231156,-0.1667934650878043,-0.06259016842059827,-0.004323530377142895,321.5898370008843,-10,-4,0
13:05:48:475,5.6752421422304025,3.4973532670467153,324.0734555175011,-0.09292704414859869,-0.1140546423939267,-0.004184734332655379,324.14201274179385,-5,-7,0
13:05:48:599,5.682667125844637,3.4715397279096343,324.9430301593275,-0.12019553547537207,-0.08946676428883264,-0.002897794149140219,325.0112569479267,-7,-5,0
13:05:48:727,5.817789741023661,3.3538050024696764,323.1706823644899,-0.11745560199530991,-0.1257949347720707,-0.006589613537069264,323.240443981559,-7,-7,0
13:05:48:840,5.73740670531679,3.2881831361544873,320.8842641581673,-0.14270787019380235,-0.09194150375920142,-0.003174022446781452,320.9523967325491,-8,-5,0
13:05:48:996,5.73740670531679,3.2881831361544873,320.8842641581673,-0.14270787019380235,-0.09194150375920142,-0.003174022446781452,320.9523967325491,-8,-5,0
13:05:49:127,5.765292560139139,3.3143238970820557,320.073544801609,-0.11506338248291723,-0.13388594953729951,-0.006528279248539746,320.1426204413689,-7,-8,0
13:05:49:261,5.772185002966682,3.2870550487356844,320.77202930356214,-0.14120891220458198,-0.11697379044104164,-0.005256759026422902,320.8407979576899,-8,-7,0
13:05:49:375,5.733068622326147,3.317774742669063,320.2837135494903,-0.11123202457681933,-0.1113234696265604,-0.004491955047092429,320.35220128808754,-6,-6,0
13:05:49:536,5.778165862225061,3.3264824523495955,321.6229094924746,-0.15871365268167717,-0.0905625176796922,-0.006464113734627496,321.69200891014015,-9,-5,0
13:05:49:662,5.685887675769375,3.304044750333459,319.5726569151206,-0.13480548473383855,-0.10987173861577149,-0.0063212759085070815,319.6403120355176,-8,-6,0
13:05:49:783,5.73740670531679,3.2881831361544873,320.8842641581673,-0.14270787019380235,-0.09194150375920142,-0.003174022446781452,320.9523967325491,-8,-5,0
13:05:49:903,5.772185002966682,3.2870550487356844,320.77202930356214,-0.14120891220458198,-0.11697379044104164,-0.005256759026422902,320.8407979576899,-8,-7,0
13:05:50:029,5.7372041576577235,3.3561759284336157,321.1934992738726,-0.13615569358471413,-0.07740537840288199,-0.005714743854023363,321.26226576459993,-8,-4,0
13:05:50:151,5.765292560139139,3.3143238970820557,320.073544801609,-0.11506338248291723,-0.13388594953729951,-0.006528279248539746,320.1426204413689,-7,-8,0
13:05:50:275,5.73740670531679,3.2881831361544873,320.8842641581673,-0.14270787019380235,-0.09194150375920142,-0.003174022446781452,320.9523967325491,-8,-5,0
13:05:50:395,5.772185002966682,3.2870550487356844,320.77202930356214,-0.14120891220458198,-0.11697379044104164,-0.005256759026422902,320.8407979576899,-8,-7,0
13:05:50:521,5.7372041576577235,3.3561759284336157,321.1934992738726,-0.13615569358471413,-0.07740537840288199,-0.005714743854023363,321.26226576459993,-8,-4,0
13:05:50:644,5.765292560139139,3.3143238970820557,320.073544801609,-0.11506338248291723,-0.13388594953729951,-0.006528279248539746,320.1426204413689,-7,-8,0
13:05:50:768,5.733068622326147,3.317774742669063,320.2837135494903,-0.11123202457681933,-0.1113234696265604,-0.004491955047092429,320.35220128808754,-6,-6,0
13:05:50:892,5.765292560139139,3.3143238970820557,320.073544801609,-0.11506338248291723,-0.13388594953729951,-0.006528279248539746,320.1426204413689,-7,-8,0
13:05:51:108,5.765292560139139,3.3143238970820557,320.073544801609,-0.11506338248291723,-0.13388594953729951,-0.006528279248539746,320.1426204413689,-7,-8,0
13:05:51:227,5.738625232213777,3.323870737000016,321.52145080231156,-0.1667934650878043,-0.06259016842059827,-0.004323530377142895,321.5898370008843,-10,-4,0
13:05:51:352,5.73740670531679,3.2881831361544873,320.8842641581673,-0.14270787019380235,-0.09194150375920142,-0.003174022446781452,320.9523967325491,-8,-5,0
13:05:51:488,5.733068622326147,3.317774742669063,320.2837135494903,-0.11123202457681933,-0.1113234696265604,-0.004491955047092429,320.35220128808754,-6,-6,0
13:05:51:638,5.765292560139139,3.3143238970820557,320.073544801609,-0.11506338248291723,-0.13388594953729951,-0.006528279248539746,320.1426204413689,-7,-8,0
13:05:51:750,5.73740670531679,3.2881831361544873,320.8842641581673,-0.14270787019380235,-0.09194150375920142,-0.003174022446781452,320.9523967325491,-8,-5,0
13:05:51:876,5.738625232213777,3.323870737000016,321.52145080231156,-0.1667934650878043,-0.06259016842059827,-0.004323530377142895,321.5898370008843,-10,-4,0
13:05:52:005,5.733068622326147,3.317774742669063,320.2837135494903,-0.11123202457681933,-0.1113234696265604,-0.004491955047092429,320.35220128808754,-6,-6,0
13:05:52:121,5.733068622326147,3.317774742669063,320.2837135494903,-0.11123202457681933,-0.1113234696265604,-0.004491955047092429,320.35220128808754,-6,-6,0
13:05:52:248,5.73740670531679,3.2881831361544873,320.8842641581673,-0.14270787019380235,-0.09194150375920142,-0.003174022446781452,320.9523967325491,-8,-5,0
13:05:52:368,5.774405868761779,3.3566069162339898,321.1400580983516,-0.1301131720592753,-0.105896939331597,-0.007796449501710165,321.20950715777377,-7,-6,0
13:05:52:495,5.772185002966682,3.2870550487356844,320.77202930356214,-0.14120891220458198,-0.11697379044104164,-0.005256759026422902,320.8407979576899,-8,-7,0
13:05:52:613,5.790480433208986,3.3050902338814554,321.8725327796026,-0.11964022035878691,-0.10140226676599942,-0.0031119230074886715,321.94157954985843,-7,-6,0
13:05:52:739,5.733068622326147,3.317774742669063,320.2837135494903,-0.11123202457681933,-0.1113234696265604,-0.004491955047092429,320.35220128808754,-6,-6,0
13:05:52:861,5.73740670531679,3.2881831361544873,320.8842641581673,-0.14270787019380235,-0.09194150375920142,-0.003174022446781452,320.9523967325491,-8,-5,0
13:05:53:022,5.73740670531679,3.2881831361544873,320.8842641581673,-0.14270787019380235,-0.09194150375920142,-0.003174022446781452,320.9523967325491,-8,-5,0
13:05:53:216,5.765292560139139,3.3143238970820557,320.073544801609,-0.11506338248291723,-0.13388594953729951,-0.006528279248539746,320.1426204413689,-7,-8,0
13:05:53:414,5.733068622326147,3.317774742669063,320.2837135494903,-0.11123202457681933,-0.1113234696265604,-0.004491955047092429,320.35220128808754,-6,-6,0
13:05:53:566,5.73740670531679,3.2881831361544873,320.8842641581673,-0.14270787019380235,-0.09194150375920142,-0.003174022446781452,320.9523967325491,-8,-5,0
13:05:53:689,5.765292560139139,3.3143238970820557,320.073544801609,-0.11506338248291723,-0.13388594953729951,-0.006528279248539746,320.1426204413689,-7,-8,0
13:05:53:810,5.733068622326147,3.317774742669063,320.2837135494903,-0.11123202457681933,-0.1113234696265604,-0.004491955047092429,320.35220128808754,-6,-6,0
13:05:53:924,5.772185002966682,3.2870550487356844,320.77202930356214,-0.14120891220458198,-0.11697379044104164,-0.005256759026422902,320.8407979576899,-8,-7,0
13:05:54:049,5.774405868761779,3.3566069162339898,321.1400580983516,-0.1301131720592753,-0.105896939331597,-0.007796449501710165,321.20950715777377,-7,-6,0
13:05:54:173,5.774405868761779,3.3566069162339898,321.1400580983516,-0.1301131720592753,-0.105896939331597,-0.007796449501710165,321.20950715777377,-7,-6,0
13:05:54:294,5.733068622326147,3.317774742669063,320.2837135494903,-0.11123202457681933,-0.1113234696265604,-0.004491955047092429,320.35220128808754,-6,-6,0
13:05:54:422,5.73740670531679,3.2881831361544873,320.8842641581673,-0.14270787019380235,-0.09194150375920142,-0.003174022446781452,320.9523967325491,-8,-5,0
13:05:54:544,5.832262285408445,3.344067520199113,322.6948835195846,-0.13657741514759175,-0.09815521299308766,-0.006417586537015075,322.76490813076896,-8,-6,0
13:05:54:662,err,err,err,err,err,err,err,err,err,err
13:05:54:785,err,err,err,err,err,err,err,err,err,err
13:05:54:913,err,err,err,err,err,err,err,err,err,err
13:05:55:034,err,err,err,err,err,err,err,err,err,err
13:05:55:153,err,err,err,err,err,err,err,err,err,err
13:05:55:276,err,err,err,err,err,err,err,err,err,err
13:05:55:402,5.917685027503977,3.0476200788191865,321.6006235089444,-0.1308034181554768,0.09417567333671349,-0.0038936152202586095,321.66950123623997,-8,5,-1
13:05:55:523,5.834365820320683,3.1809723356668074,322.18614261087185,0.09935374974324117,0.06622678463360379,-0.010093398092890006,322.2546646675555,6,4,0
13:05:55:709,5.9062385970586915,3.1947372179970275,319.37949827272826,-0.2275540689092151,-0.02064774068234515,-0.0050494745039445284,319.45008047768135,-13,-1,0
13:05:55:859,5.943263975100039,3.2984653638895094,321.86985965410406,-0.15616269209241412,0.01988046777321392,-0.004599924399225826,321.941623301783,-9,1,0
13:05:55:977,5.905342262998041,3.2762956424643437,322.8041794809473,-0.17304443306314995,-0.02698629563873435,-0.010065287782179836,322.8748139306434,-10,-2,0
13:05:56:233,5.966056790036138,3.281769025413515,321.67095423281194,-0.06876194022569661,-0.06207742411861832,-0.004338830998447925,321.743013348551,-4,-4,0
13:05:56:340,5.958334938873824,3.3946957252383423,322.0426081806278,-0.16018013680427354,-0.020863291668425172,-0.0038009792089434115,322.1156115404718,-9,-1,0
13:05:56:468,6.571804732741094,4.7855202136685,291.8741952083976,0.7558105767615166,-0.04390405133173487,0.12669029270846074,291.98738953884725,43,-5,6
13:05:56:587,5.918518091534947,3.396432355924181,320.250174484813,0.1498584748860126,0.011697729213437818,-0.004741030265251849,320.32286659978143,9,1,0
13:05:56:716,5.937559150300789,3.368174071872352,322.63598571339173,-0.1785914150799835,-0.03155202491206952,-0.006875329061280471,322.7081940120109,-10,-2,0
13:05:56:837,6.0934745699978095,3.42279063297246,324.33738359779693,-0.1745135573252863,-0.006356528783375706,-0.0015530933430335735,324.4126759655313,-10,0,0
13:05:56:957,5.926210487753191,3.4337304825983104,322.7945958229694,-0.1773757062108495,0.0070690299045368145,-0.011934015732876365,322.86725069025886,-10,0,-1
13:05:57:081,5.956668985751875,3.4007088921077684,322.6381039162357,-0.17202059097837605,0.01403615683617026,-0.00750494601253035,322.7110051191908,-10,1,0
13:05:57:204,6.003592746149643,3.352970143844874,321.6405141978103,-0.19550832186823955,0.018906117046501778,-0.002692857617551795,321.7140126075937,-11,1,0
13:05:57:332,5.973799512422737,3.346555060071346,321.217767606001,-0.20292966631092713,-0.031707999166037816,-0.006863472567981814,321.29074050953847,-12,-2,0
13:05:57:454,5.965557921992744,3.3015407972335415,321.65551957829075,-0.12316562591216873,-0.06504313506938779,-0.002791278453630402,321.7277751891133,-7,-4,0
13:05:57:573,5.9594104107438675,3.376659247206886,320.90246057142195,-0.18086699855679422,0.0056519659223571795,-0.006001675769136278,320.9755529645653,-10,0,0
13:05:57:697,5.981043471277022,3.3801199550909393,323.4201120712866,-0.16697862129323585,-0.015388026234421159,-0.005050928235182808,323.49307099862233,-10,-1,0
13:05:57:820,5.956668985751875,3.4007088921077684,322.6381039162357,-0.17202059097837605,0.01403615683617026,-0.00750494601253035,322.7110051191908,-10,1,0
13:05:57:943,5.960017220652101,3.364458615144637,322.3622396328261,-0.17938720306658262,-0.010429232682826165,-0.004935127352275781,322.4348847878205,-10,-1,0
13:05:58:066,5.958350881413653,3.3409759942242396,322.54741902160924,-0.14278240790452898,0.006071382301582173,-0.00647858717044866,322.6197476648347,-8,0,0
13:05:58:188,6.011773350730295,3.3651809325392446,321.9087492558664,-0.13811620793374743,-0.005297129027351914,-0.007949467253055903,321.9824664620816,-8,0,0
13:05:58:313,6.000895653287531,3.3745197152598143,323.03174694173725,-0.1704537763321581,0.007217077142812291,-0.0030959375680065034,323.1051031230873,-10,0,0
13:05:58:434,6.000895653287531,3.3745197152598143,323.03174694173725,-0.1704537763321581,0.007217077142812291,-0.0030959375680065034,323.1051031230873,-10,0,0
13:05:58:591,5.978247616306652,3.327706099326357,319.9449086763926,-0.2231323388481493,-0.01950544525850756,-0.006509449970752059,320.0180583348236,-13,-1,0
13:05:58:726,5.960017220652101,3.364458615144637,322.3622396328261,-0.17938720306658262,-0.010429232682826165,-0.004935127352275781,322.4348847878205,-10,-1,0
13:05:58:845,5.994957934529908,3.348869316576803,323.06906739759125,-0.1365840667300101,0.027840429981746705,-0.004656781234457208,323.1420380505849,-8,2,0
13:05:58:967,6.01015630870563,3.426577281613366,322.10969390510377,-0.1643714124618331,0.009424612980413529,-0.009018971368236837,322.1839820946435,-9,0,-1
13:05:59:092,6.008455266789065,3.347207971583986,322.9405631356833,-0.13644363880907,-0.0211988596838644,-0.00211039510547188,323.01379638382366,-8,-1,0
13:05:59:222,5.960017220652101,3.364458615144637,322.3622396328261,-0.17938720306658262,-0.010429232682826165,-0.004935127352275781,322.4348847878205,-10,-1,0
13:05:59:341,5.968790938293252,3.4178629344529594,322.5784894448094,-0.07668532058695529,-0.027479936613406634,-0.008209451152287448,322.65180939334397,-4,-2,0
13:05:59:461,5.9629891426563395,3.3688965303838443,321.9140514736952,-0.11802097192027027,-0.045867013801634306,-0.0053610699108377615,321.98689917379676,-7,-3,0
13:05:59:584,5.964557645102522,3.334670229389834,322.1658346641861,-0.1509402060608225,-0.03486516093596949,-0.003899285205974268,322.2382984660765,-9,-2,0
13:05:59:749,5.964557645102522,3.334670229389834,322.1658346641861,-0.1509402060608225,-0.03486516093596949,-0.003899285205974268,322.2382984660765,-9,-2,0
13:05:59:868,5.95195373601797,3.434328693389948,322.4784741997593,-0.1460913691468639,0.01702737458873711,-0.009003191928922082,322.5516806483184,-8,1,-1
13:05:59:994,6.016458772275204,3.2977980708344363,321.51577864003707,-0.13369811681416138,-0.027242919956054917,-0.0007238918289180418,321.5889754994468,-8,-2,0
13:06:00:161,5.964557645102522,3.334670229389834,322.1658346641861,-0.1509402060608225,-0.03486516093596949,-0.003899285205974268,322.2382984660765,-9,-2,0
13:06:00:293,6.006884795811435,3.3458653073164246,321.5608091261599,-0.058963148415769814,-0.09229904310215219,-0.0023656315068372852,321.634313227733,-3,-5,0
13:06:00:445,6.0581779319824385,3.3747084145659842,323.0375629088099,-0.17004975360649544,0.0312815493955492,-0.002791867061632693,323.1119886769945,-10,2,0
13:06:00:570,6.0490436169852915,3.4062166631862514,322.76376818018224,-0.1483578053995977,0.041505344598055695,-0.004286426840837377,322.8384166893822,-9,2,0
13:06:00:690,5.937559150300789,3.368174071872352,322.63598571339173,-0.1785914150799835,-0.03155202491206952,-0.006875329061280471,322.7081940120109,-10,-2,0
13:06:00:812,5.9975929065367275,3.3849710085127116,321.4615098103946,-0.17454845652537873,0.025061404907344497,-0.004154019265899346,321.53527246474755,-10,1,0
13:06:00:936,6.008343982189181,3.3823521076455747,322.6272967190209,-0.09767175733936895,-0.04092528656225965,-0.003607792960770797,322.700965433033,-6,-2,0
13:06:01:063,6.000895653287531,3.3745197152598143,323.03174694173725,-0.1704537763321581,0.007217077142812291,-0.0030959375680065034,323.1051031230873,-10,0,0
13:06:01:189,5.957025612395829,3.398165973330776,322.22589015804823,-0.15354732092759915,-0.010974694902364591,-0.006403876497509888,322.2988643701302,-9,-1,0
13:06:01:345,6.008455266789065,3.347207971583986,322.9405631356833,-0.13644363880907,-0.0211988596838644,-0.00211039510547188,323.01379638382366,-8,-1,0
13:06:01:470,5.960017220652101,3.364458615144637,322.3622396328261,-0.17938720306658262,-0.010429232682826165,-0.004935127352275781,322.4348847878205,-10,-1,0
13:06:01:632,5.996055546550702,3.4073851994824715,322.8343996592911,-0.14645310109669807,0.00833185112657998,-0.004576370036290684,322.9080558911311,-8,0,0
13:06:01:752,6.0176819077515304,3.390069354958834,323.0510972302087,-0.08721704591132941,-0.04919928336216664,-0.005422043047760389,323.12492396504496,-5,-3,0
13:06:01:875,5.960017220652101,3.364458615144637,322.3622396328261,-0.17938720306658262,-0.010429232682826165,-0.004935127352275781,322.4348847878205,-10,-1,0
13:06:02:001,5.960017220652101,3.364458615144637,322.3622396328261,-0.17938720306658262,-0.010429232682826165,-0.004935127352275781,322.4348847878205,-10,-1,0
13:06:02:124,5.9629891426563395,3.3688965303838443,321.9140514736952,-0.11802097192027027,-0.045867013801634306,-0.0053610699108377615,321.98689917379676,-7,-3,0
13:06:02:248,5.968093652585296,3.3146741046655,320.9408306948833,-0.17784781204865516,-0.01676850134707179,-0.0035361887177110347,321.01342964646807,-10,-1,0
13:06:02:367,5.968093652585296,3.3146741046655,320.9408306948833,-0.17784781204865516,-0.01676850134707179,-0.0035361887177110347,321.01342964646807,-10,-1,0
13:06:02:490,6.003592746149643,3.352970143844874,321.6405141978103,-0.19550832186823955,0.018906117046501778,-0.002692857617551795,321.7140126075937,-11,1,0
13:06:02:620,5.968093652585296,3.3146741046655,320.9408306948833,-0.17784781204865516,-0.01676850134707179,-0.0035361887177110347,321.01342964646807,-10,-1,0
13:06:02:740,6.000895653287531,3.3745197152598143,323.03174694173725,-0.1704537763321581,0.007217077142812291,-0.0030959375680065034,323.1051031230873,-10,0,0
13:06:02:865,6.003592746149643,3.352970143844874,321.6405141978103,-0.19550832186823955,0.018906117046501778,-0.002692857617551795,321.7140126075937,-11,1,0
13:06:02:983,6.013081856890475,3.3063434952963004,320.6439592100645,-0.2154630054501743,0.0175668016272386,-0.007099350557078866,320.71737969532,-12,1,-1
13:06:03:109,5.965557921992744,3.3015407972335415,321.65551957829075,-0.12316562591216873,-0.06504313506938779,-0.002791278453630402,321.7277751891133,-7,-4,0
13:06:03:235,5.950921957688224,3.3322919002055165,322.33467891289973,-0.1815521692521832,0.014379255798121757,-0.007412855761181956,322.40682820209753,-10,1,0
13:06:03:353,5.968093652585296,3.3146741046655,320.9408306948833,-0.17784781204865516,-0.01676850134707179,-0.0035361887177110347,321.01342964646807,-10,-1,0
13:06:03:478,5.963302771011941,3.343731008483726,321.0100586542674,-0.20330451722594245,0.0015618621451533136,-0.004550045755031417,321.082854220234,-12,0,0
13:06:03:598,5.975526263342014,3.3601644028071513,319.85791489615997,-0.2024870987449981,-0.01754187709923944,-0.007920485908466881,319.9313728608948,-12,-1,0
13:06:03:726,5.965557921992744,3.3015407972335415,321.65551957829075,-0.12316562591216873,-0.06504313506938779,-0.002791278453630402,321.7277751891133,-7,-4,0
13:06:03:869,5.987790536132394,3.3394503207841084,322.8309678100366,-0.17685883348610235,0.03477827732500691,-0.005542389812736916,322.9037617326786,-10,2,0
13:06:04:008,5.9629891426563395,3.3688965303838443,321.9140514736952,-0.11802097192027027,-0.045867013801634306,-0.0053610699108377615,321.98689917379676,-7,-3,0
13:06:04:135,5.968093652585296,3.3146741046655,320.9408306948833,-0.17784781204865516,-0.01676850134707179,-0.0035361887177110347,321.01342964646807,-10,-1,0
13:06:04:297,5.9629891426563395,3.3688965303838443,321.9140514736952,-0.11802097192027027,-0.045867013801634306,-0.0053610699108377615,321.98689917379676,-7,-3,0
13:06:04:417,5.968651308896715,3.3169414037014504,321.3475605157597,-0.20176338457814266,-0.009783691894996017,-0.00934664076884536,321.42010134425726,-12,-1,0
13:06:04:544,5.934906703785308,3.29682790711652,321.48315632094,-0.13715133709590083,-0.08661274546244124,-0.004600058459115911,321.55483512133,-8,-5,0
13:06:04:666,6.000895653287531,3.3745197152598143,323.03174694173725,-0.1704537763321581,0.007217077142812291,-0.0030959375680065034,323.1051031230873,-10,0,0
13:06:04:791,6.021374477361791,3.338369544121834,320.68555970567434,-0.2141013122882715,-0.0044670547293051005,-0.004652657072994888,320.75945795182935,-12,0,0
13:06:04:913,5.9591847636012485,3.37823183474614,321.19759189837396,-0.19849619793798984,0.023595391641899045,-0.007068795774926158,321.27062949278513,-11,1,-1
13:06:05:035,5.9349931911193075,3.3659108761109695,321.8419437658019,-0.12902853926264982,-0.0692317285800393,-0.007164696149534528,321.9142591858182,-7,-4,0
13:06:05:158,5.991465419620153,3.3181479603918977,321.4210533249703,-0.20025865763746922,0.04243830896547253,-0.0051214643420222404,321.49401438330847,-11,2,-1
13:06:05:282,6.008455266789065,3.347207971583986,322.9405631356833,-0.13644363880907,-0.0211988596838644,-0.00211039510547188,323.01379638382366,-8,-1,0
13:06:05:402,5.9594104107438675,3.376659247206886,320.90246057142195,-0.18086699855679422,0.0056519659223571795,-0.006001675769136278,320.9755529645653,-10,0,0
13:06:05:527,6.006275229318841,3.359240906239875,321.49112989880473,-0.14066710421332443,-0.00041687030119403213,-0.0032056959524065145,321.56477799225246,-8,0,0
13:06:05:646,6.025231816631314,3.3080108485138116,320.56156844291513,-0.19155258652836407,-0.02347501866570515,-0.003619418737733406,320.6352530786342,-11,-1,0
13:06:05:771,5.9656713965236845,3.348782839338486,320.8234935332881,-0.15069276707233664,-0.01776079165341419,-0.005004644381288936,320.89642812692716,-9,-1,0
13:06:05:891,6.043268383922806,3.3380625933378454,322.7177830958153,-0.17699885178301458,0.05738931553837218,-0.005225762472643866,322.791622073614,-10,3,-1
13:06:06:022,5.964557645102522,3.334670229389834,322.1658346641861,-0.1509402060608225,-0.03486516093596949,-0.003899285205974268,322.2382984660765,-9,-2,0
13:06:06:142,5.943410726056963,3.364990743721228,322.39102500820644,-0.17919418853693417,0.03918406926104601,-0.009935372159259047,322.4633627245209,-10,2,-1
13:06:06:261,6.015518396697046,3.3327833329789662,321.1959137632545,-0.09539486761772925,-0.04428825149551491,-0.00221166154792314,321.26952691554425,-5,-3,0
13:06:06:387,5.9975929065367275,3.3849710085127116,321.4615098103946,-0.17454845652537873,0.025061404907344497,-0.004154019265899346,321.53527246474755,-10,1,0
13:06:06:507,5.963302771011941,3.343731008483726,321.0100586542674,-0.20330451722594245,0.0015618621451533136,-0.004550045755031417,321.082854220234,-12,0,0
13:06:06:637,5.972917720117536,3.346064766845531,320.676178728438,-0.15611692082142514,-0.06076670634361726,-0.007185551110410939,320.7492533107261,-9,-3,0
13:06:06:755,5.963302771011941,3.343731008483726,321.0100586542674,-0.20330451722594245,0.0015618621451533136,-0.004550045755031417,321.082854220234,-12,0,0
13:06:06:879,5.9629891426563395,3.3688965303838443,321.9140514736952,-0.11802097192027027,-0.045867013801634306,-0.0053610699108377615,321.98689917379676,-7,-3,0
13:06:07:045,5.980589983537695,3.2960877139673204,319.7528409028968,-0.20290548046506005,-0.03741497300930507,-0.005452175232905847,319.82575086481484,-12,-2,0
13:06:07:165,5.965557921992744,3.3015407972335415,321.65551957829075,-0.12316562591216873,-0.06504313506938779,-0.002791278453630402,321.7277751891133,-7,-4,0
13:06:07:292,5.973453785724136,3.3000060205398434,319.8055096891486,-0.17830005264955645,-0.015625760964482243,-0.009355984992785242,319.87831470326637,-10,-1,0
13:06:07:409,5.973799512422737,3.346555060071346,321.217767606001,-0.20292966631092713,-0.031707999166037816,-0.006863472567981814,321.29074050953847,-12,-2,0
13:06:07:534,5.973799512422737,3.346555060071346,321.217767606001,-0.20292966631092713,-0.031707999166037816,-0.006863472567981814,321.29074050953847,-12,-2,0
13:06:07:658,6.021147432174045,3.326686286487729,321.7471624435865,-0.16794486988841295,-0.041696395584481745,-0.003964338833123046,321.82069168800865,-10,-2,0
13:06:07:781,5.964557645102522,3.334670229389834,322.1658346641861,-0.1509402060608225,-0.03486516093596949,-0.003899285205974268,322.2382984660765,-9,-2,0
13:06:07:904,5.957025612395829,3.398165973330776,322.22589015804823,-0.15354732092759915,-0.010974694902364591,-0.006403876497509888,322.2988643701302,-9,-1,0
13:06:08:025,6.008455266789065,3.347207971583986,322.9405631356833,-0.13644363880907,-0.0211988596838644,-0.00211039510547188,323.01379638382366,-8,-1,0
13:06:08:151,5.973799512422737,3.346555060071346,321.217767606001,-0.20292966631092713,-0.031707999166037816,-0.006863472567981814,321.29074050953847,-12,-2,0
13:06:08:270,5.975176121965811,3.313724869358646,320.9009224148664,-0.18167441146232877,-0.05353676216694722,-0.005781878825833409,320.97365235936485,-10,-3,0
13:06:08:435,5.9479115737806465,3.342757323987395,320.7513080762476,-0.18526256104654504,0.03089270722050682,-0.008442983402435376,320.82386649256705,-11,2,-1
13:06:08:561,6.0250807108293785,3.338035493324313,322.39560091037606,-0.14859731249594885,-0.008727768351629394,-0.003634695512704047,322.469173045873,-9,-1,0
13:06:08:684,5.963302771011941,3.343731008483726,321.0100586542674,-0.20330451722594245,0.0015618621451533136,-0.004550045755031417,321.082854220234,-12,0,0
13:06:08:804,5.977159656994998,3.361557288955198,321.59066913494013,0.09563319158703398,0.08709157306826208,-0.00544731541654484,321.66377629386665,5,5,0
13:06:08:928,5.978247616306652,3.327706099326357,319.9449086763926,-0.2231323388481493,-0.01950544525850756,-0.006509449970752059,320.0180583348236,-13,-1,0
13:06:09:081,5.962503072304422,3.3747905469528594,320.7953826909387,-0.184104104523604,-0.005779295778017586,-0.0034401270084750773,320.8685372702485,-11,0,0
13:06:09:217,6.028498598592253,3.365584294677101,321.8561361333249,-0.13204707918883016,-0.06478470471339094,-0.007196357327122748,321.9301823682756,-8,-4,0
13:06:09:341,6.0175263285733225,3.3705977920845998,320.56477751348893,-0.1937189482035436,-0.0013027234475605626,-0.006080392357874851,320.63896852201816,-11,0,0
13:06:09:461,6.003592746149643,3.352970143844874,321.6405141978103,-0.19550832186823955,0.018906117046501778,-0.002692857617551795,321.7140126075937,-11,1,0
13:06:09:590,5.931679956686496,3.3387636775289753,322.7853008625166,-0.17700547976811334,-0.00647469380993462,-0.009391389851063345,322.8570622162512,-10,0,-1
13:06:09:711,5.975526263342014,3.3601644028071513,319.85791489615997,-0.2024870987449981,-0.01754187709923944,-0.007920485908466881,319.9313728608948,-12,-1,0
13:06:09:832,5.9975929065367275,3.3849710085127116,321.4615098103946,-0.17454845652537873,0.025061404907344497,-0.004154019265899346,321.53527246474755,-10,1,0
13:06:09:953,5.950921957688224,3.3322919002055165,322.33467891289973,-0.1815521692521832,0.014379255798121757,-0.007412855761181956,322.40682820209753,-10,1,0
13:06:10:123,6.000895653287531,3.3745197152598143,323.03174694173725,-0.1704537763321581,0.007217077142812291,-0.0030959375680065034,323.1051031230873,-10,0,0
13:06:10:286,6.003592746149643,3.352970143844874,321.6405141978103,-0.19550832186823955,0.018906117046501778,-0.002692857617551795,321.7140126075937,-11,1,0
13:06:10:402,5.978247616306652,3.327706099326357,319.9449086763926,-0.2231323388481493,-0.01950544525850756,-0.006509449970752059,320.0180583348236,-13,-1,0
13:06:10:527,5.971417700160463,3.3792680900286824,321.0896448662453,-0.18016292207292786,-0.03327206321063792,-0.008281299210147797,321.1629451267777,-10,-2,0
13:06:10:653,6.016458772275204,3.2977980708344363,321.51577864003707,-0.13369811681416138,-0.027242919956054917,-0.0007238918289180418,321.5889754994468,-8,-2,0
13:06:10:776,5.964557645102522,3.334670229389834,322.1658346641861,-0.1509402060608225,-0.03486516093596949,-0.003899285205974268,322.2382984660765,-9,-2,0
13:06:10:901,5.978247616306652,3.327706099326357,319.9449086763926,-0.2231323388481493,-0.01950544525850756,-0.006509449970752059,320.0180583348236,-13,-1,0
13:06:11:019,5.975526263342014,3.3601644028071513,319.85791489615997,-0.2024870987449981,-0.01754187709923944,-0.007920485908466881,319.9313728608948,-12,-1,0
13:06:11:140,5.963302771011941,3.343731008483726,321.0100586542674,-0.20330451722594245,0.0015618621451533136,-0.004550045755031417,321.082854220234,-12,0,0
13:06:11:268,5.978247616306652,3.327706099326357,319.9449086763926,-0.2231323388481493,-0.01950544525850756,-0.006509449970752059,320.0180583348236,-13,-1,0
13:06:11:389,5.963302771011941,3.343731008483726,321.0100586542674,-0.20330451722594245,0.0015618621451533136,-0.004550045755031417,321.082854220234,-12,0,0
13:06:11:514,5.996055546550702,3.4073851994824715,322.8343996592911,-0.14645310109669807,0.00833185112657998,-0.004576370036290684,322.9080558911311,-8,0,0
13:06:11:632,6.003592746149643,3.352970143844874,321.6405141978103,-0.19550832186823955,0.018906117046501778,-0.002692857617551795,321.7140126075937,-11,1,0
13:06:11:758,5.957025612395829,3.398165973330776,322.22589015804823,-0.15354732092759915,-0.010974694902364591,-0.006403876497509888,322.2988643701302,-9,-1,0
13:06:11:884,5.978247616306652,3.327706099326357,319.9449086763926,-0.2231323388481493,-0.01950544525850756,-0.006509449970752059,320.0180583348236,-13,-1,0
13:06:12:006,5.968093652585296,3.3146741046655,320.9408306948833,-0.17784781204865516,-0.01676850134707179,-0.0035361887177110347,321.01342964646807,-10,-1,0
13:06:12:170,6.019945118111798,3.378038386073295,320.76594794625566,-0.15987377926967428,0.0012279102735785281,-0.00762563011380652,320.840216064668,-9,0,0
13:06:12:290,6.000895653287531,3.3745197152598143,323.03174694173725,-0.1704537763321581,0.007217077142812291,-0.0030959375680065034,323.1051031230873,-10,0,0
13:06:12:413,5.9975929065367275,3.3849710085127116,321.4615098103946,-0.17454845652537873,0.025061404907344497,-0.004154019265899346,321.53527246474755,-10,1,0
13:06:12:536,5.9975929065367275,3.3849710085127116,321.4615098103946,-0.17454845652537873,0.025061404907344497,-0.004154019265899346,321.53527246474755,-10,1,0
13:06:12:683,5.999499906582542,3.363601009095984,322.0596470419188,-0.15994353464828542,0.0465824283447286,-0.008576978919485044,322.1330843978041,-9,3,-1
13:06:12:824,6.006275229318841,3.359240906239875,321.49112989880473,-0.14066710421332443,-0.00041687030119403213,-0.0032056959524065145,321.56477799225246,-8,0,0
13:06:12:942,6.028881570165539,3.4182575805001805,321.5601424526278,-0.1713128006054911,0.014437577149208026,-0.010547343688468434,321.63481949569456,-10,1,-1
13:06:13:067,6.048799084580625,3.406447068445844,323.01326096018255,-0.16770630051000196,0.05697430606634703,-0.005332446351497022,323.08784967579135,-10,3,-1
13:06:13:193,5.9629891426563395,3.3688965303838443,321.9140514736952,-0.11802097192027027,-0.045867013801634306,-0.0053610699108377615,321.98689917379676,-7,-3,0
13:06:13:314,6.017798496565649,3.358077622641007,321.9998669685888,-0.19254538578271632,-0.01704703201271422,-0.005020056991643366,322.07360169975715,-11,-1,0
13:06:13:439,5.964557645102522,3.334670229389834,322.1658346641861,-0.1509402060608225,-0.03486516093596949,-0.003899285205974268,322.2382984660765,-9,-2,0
13:06:13:560,6.0146559613162305,3.3907452060335173,321.8453300332743,-0.16971612309546003,-0.018266947307726062,-0.006458582027034851,321.91938385815246,-10,-1,0
13:06:13:682,5.968093652585296,3.3146741046655,320.9408306948833,-0.17784781204865516,-0.01676850134707179,-0.0035361887177110347,321.01342964646807,-10,-1,0
13:06:13:806,5.978247616306652,3.327706099326357,319.9449086763926,-0.2231323388481493,-0.01950544525850756,-0.006509449970752059,320.0180583348236,-13,-1,0
13:06:13:927,6.017798496565649,3.358077622641007,321.9998669685888,-0.19254538578271632,-0.01704703201271422,-0.005020056991643366,322.07360169975715,-11,-1,0
13:06:14:053,5.975176121965811,3.313724869358646,320.9009224148664,-0.18167441146232877,-0.05353676216694722,-0.005781878825833409,320.97365235936485,-10,-3,0
13:06:14:174,5.964557645102522,3.334670229389834,322.1658346641861,-0.1509402060608225,-0.03486516093596949,-0.003899285205974268,322.2382984660765,-9,-2,0
13:06:14:342,5.9975929065367275,3.3849710085127116,321.4615098103946,-0.17454845652537873,0.025061404907344497,-0.004154019265899346,321.53527246474755,-10,1,0
13:06:14:461,5.978247616306652,3.327706099326357,319.9449086763926,-0.2231323388481493,-0.01950544525850756,-0.006509449970752059,320.0180583348236,-13,-1,0
13:06:14:585,5.95195373601797,3.434328693389948,322.4784741997593,-0.1460913691468639,0.01702737458873711,-0.009003191928922082,322.5516806483184,-8,1,-1
13:06:14:719,6.02447749933348,3.2831027792064384,320.7241287081273,-0.16062288468477628,-0.010764697666118338,-0.005084981776529094,320.79750595755297,-9,-1,0
13:06:14:831,5.972917720117536,3.346064766845531,320.676178728438,-0.15611692082142514,-0.06076670634361726,-0.007185551110410939,320.7492533107261,-9,-3,0
13:06:14:960,5.996055546550702,3.4073851994824715,322.8343996592911,-0.14645310109669807,0.00833185112657998,-0.004576370036290684,322.9080558911311,-8,0,0
13:06:15:079,5.963302771011941,3.343731008483726,321.0100586542674,-0.20330451722594245,0.0015618621451533136,-0.004550045755031417,321.082854220234,-12,0,0
13:06:15:199,5.957025612395829,3.398165973330776,322.22589015804823,-0.15354732092759915,-0.010974694902364591,-0.006403876497509888,322.2988643701302,-9,-1,0
13:06:15:324,6.021374477361791,3.338369544121834,320.68555970567434,-0.2141013122882715,-0.0044670547293051005,-0.004652657072994888,320.75945795182935,-12,0,0
13:06:15:450,6.003592746149643,3.352970143844874,321.6405141978103,-0.19550832186823955,0.018906117046501778,-0.002692857617551795,321.7140126075937,-11,1,0
13:06:15:568,5.964557645102522,3.334670229389834,322.1658346641861,-0.1509402060608225,-0.03486516093596949,-0.003899285205974268,322.2382984660765,-9,-2,0
13:06:15:692,5.9594104107438675,3.376659247206886,320.90246057142195,-0.18086699855679422,0.0056519659223571795,-0.006001675769136278,320.9755529645653,-10,0,0
13:06:15:819,6.000895653287531,3.3745197152598143,323.03174694173725,-0.1704537763321581,0.007217077142812291,-0.0030959375680065034,323.1051031230873,-10,0,0
13:06:15:936,5.960017220652101,3.364458615144637,322.3622396328261,-0.17938720306658262,-0.010429232682826165,-0.004935127352275781,322.4348847878205,-10,-1,0
13:06:16:060,5.975526263342014,3.3601644028071513,319.85791489615997,-0.2024870987449981,-0.01754187709923944,-0.007920485908466881,319.9313728608948,-12,-1,0
13:06:16:185,5.9975929065367275,3.3849710085127116,321.4615098103946,-0.17454845652537873,0.025061404907344497,-0.004154019265899346,321.53527246474755,-10,1,0
13:06:16:307,6.003592746149643,3.352970143844874,321.6405141978103,-0.19550832186823955,0.018906117046501778,-0.002692857617551795,321.7140126075937,-11,1,0
13:06:16:434,5.943343475145548,3.2757162680733303,320.23590272671197,-0.16901153676389585,-0.09823576851840213,-0.00653053208909863,320.30780047311464,-10,-6,0
13:06:16:552,5.960017220652101,3.364458615144637,322.3622396328261,-0.17938720306658262,-0.010429232682826165,-0.004935127352275781,322.4348847878205,-10,-1,0
13:06:16:674,5.983640804546483,3.391581454154702,323.20814036910974,-0.08952940780700246,-0.03234257567068966,-0.005584451569304854,323.2813152393688,-5,-2,0
13:06:16:801,6.003592746149643,3.352970143844874,321.6405141978103,-0.19550832186823955,0.018906117046501778,-0.002692857617551795,321.7140126075937,-11,1,0
13:06:16:925,6.302423873699716,3.383766288130282,333.4466836998247,-0.1440423990289072,-0.022839020093486827,-0.0008886625196158373,333.5234044132246,-8,-1,0
13:06:17:045,6.582014432750219,3.6477124573614823,353.38312511079505,-0.07694354941146586,0.1883744598904989,-0.006888453586797883,353.46323971982764,-4,11,-1
13:06:17:170,6.94018645075726,3.710763773710614,365.00027884198954,0.1406532714863846,-0.022753842464470292,0.0009742323673946434,365.0851126935823,8,-1,0
13:06:17:291,6.973484223511386,3.8312183836425704,369.3701094427525,-0.19508241421175399,0.018277228156844124,0.005354438441125868,369.4557963630692,-11,1,0
13:06:17:415,6.974021543662757,3.741745337613037,369.7752326490343,0.059161021452780085,-0.078901234477119,0.0008843175871988177,369.859919855221,3,-5,0
13:06:17:539,6.917069291326452,3.6660684928379994,369.3339850739263,-0.08085158063034426,0.07247401876587801,-0.0023812046854024787,369.4169438945139,-5,4,0
13:06:17:707,7.029860241577681,3.745537635337017,369.8306808919359,0.06930788075234569,-0.028653468927145608,-0.0019208794941539147,369.916450723926,4,-2,0
13:06:17:821,6.992883154433174,3.7321390386487705,366.9614029546337,0.1345678747045114,-0.06447074846334619,0.0026377126128331236,367.04700044415074,8,-4,0
13:06:17:951,6.980725809064592,3.728448461265198,370.8440601113101,0.09190019184833778,-0.03223167744130544,0.0016645168890433786,370.9284955090275,5,-2,0
13:06:18:067,7.077025475522815,3.8296382778045888,374.63975895811484,-0.14791419049590815,0.005849444959617767,0.006439496764590667,374.7261659013344,-8,0,0
13:06:18:196,7.063590256912839,3.8139304062437773,373.491466429046,-0.1598826871664588,-0.039773328796365116,0.003926305898657366,373.5777239983407,-9,-2,0
13:06:18:359,6.973354228352611,3.6431217954547974,367.99904627782627,-0.11986712839639212,0.038520440712639104,-0.0020801313870257338,368.0831401558625,-7,2,0
13:06:18:478,6.995731888711853,3.7730519067618413,367.4983932106678,0.12978532631090672,-0.037911700776625416,0.0052107726935834275,367.58433753054885,7,-2,0
13:06:18:606,6.973354228352611,3.6431217954547974,367.99904627782627,-0.11986712839639212,0.038520440712639104,-0.0020801313870257338,368.0831401558625,-7,2,0
13:06:18:724,7.148766759396911,3.7466035362501375,369.5147671902082,0.08531401287697482,-0.07061101041383279,0.0008511249573720925,369.6029018769629,5,-4,0
13:06:18:847,7.005394846789427,3.657533736772428,369.6848715463862,-0.16336688653795023,0.06548150400719528,0.005850180618251002,369.769329934573,-9,4,0
13:06:18:970,7.0026507392246735,3.7751902683009493,371.42078245193716,0.10279379387246378,0.04362781743289652,0.0012409562326116516,371.5059714407652,6,2,0
13:06:19:094,7.075268411820886,3.8215561401565776,371.710815869364,0.12213877797424974,0.057419958676693104,-0.0003577629885413667,371.7977869066731,7,3,0
13:06:19:219,7.052745677334126,3.7422320298432794,370.51135118266467,-0.14718426937737708,0.06629566537428991,0.0003601182587971528,370.59736490881613,-8,4,0
13:06:19:340,7.022096231655264,3.684658948007562,369.9423307897009,-0.027652418298968702,0.1212970050680012,-0.0033392178636091727,370.02731609594207,-2,7,0
13:06:19:469,7.024031524986414,3.740133642647326,370.60739226037333,0.017717067053906382,-0.08418745599752134,-0.0012838776844736983,370.6928173252931,1,-5,0
13:06:19:589,7.060046402756183,3.742191645095171,368.51480606856,0.10899636208616455,-0.0711578079912743,0.002985628349778033,368.6014250450832,6,-4,0
13:06:19:741,7.076346429866108,3.7650004424199426,371.8360254289555,-0.10417504952843079,0.06337771993987758,-0.002167402282593584,371.92241087884145,-6,4,0
13:06:19:877,7.0228842991981555,3.782784060376502,368.669023824764,0.11689431908612276,-0.053067625086142295,0.0054887911767528596,368.75531113060833,7,-3,0
13:06:20:000,7.078134900249195,3.706370596540724,371.2848459305198,-0.00419907640177209,-0.1039921023465243,-0.0009369472302463898,371.3708039067084,0,-6,0
13:06:20:121,7.1199891850422015,3.7472152773479537,370.9813868409948,0.027236549218675403,-0.13019154887207007,0.00136724709097254,371.06862606638913,2,-7,0
13:06:20:242,7.0252982060053055,3.659559000702055,368.8390915669606,0.1718262124787376,-0.05322840868271159,0.002270969270260581,368.92414214158396,10,-3,0
13:06:20:368,7.104049696914989,3.7715748535928726,372.13975468701415,-0.08769386844273457,-0.012987764117385921,0.0007414848001187609,372.2266638991403,-5,-1,0
13:06:20:490,7.003997631148636,3.7250839260007975,369.5986431781693,0.12742260287623378,-0.0659520725254082,-0.0009198221264706903,369.6837692842581,7,-4,0
13:06:20:614,7.08592744492841,3.8444592605715027,371.93902389832795,0.07101554088369867,0.03719209577593686,-0.0010254273217118004,372.026380426445,4,2,0
13:06:20:780,6.9768522107063955,3.7205234034593677,369.0955867350816,0.13094553015481658,-0.009038795882777556,0.0012143553000799397,369.1802688504356,8,-1,0
13:06:20:901,7.046202228186141,3.921464740794901,370.2876937536101,0.14633890785389325,-0.04087456603540215,0.00022672314341872128,370.3754891956555,8,-2,0
13:06:21:020,7.0303371566283595,3.6677469349464924,369.78992890889145,-0.1019725219389865,-0.038411206909259754,0.002203684472437551,369.87493768915687,-6,-2,0
13:06:21:145,6.92969990008499,3.7455676414255654,368.21494239525845,-0.1862232758668422,0.09285501863626373,-0.0018131596096397694,368.2991906328403,-11,5,-1
13:06:21:267,7.042121182575184,3.77759779867939,368.07601756274016,0.12283374994205515,-0.047937338637765795,0.00010675986561471744,368.1627580577987,7,-3,0
13:06:21:394,7.012251315554304,3.6993394932281998,370.0198061202291,-0.15131605376136006,0.03733498549300145,-0.001774665150941236,370.10473342346023,-9,2,0
13:06:21:513,7.1440064601168425,3.8775283754016816,372.60634741714136,0.031097454549532166,-0.10322374796149282,0.002606923147518947,372.6949988799792,2,-6,0
13:06:21:638,7.029860241577681,3.745537635337017,369.8306808919359,0.06930788075234569,-0.028653468927145608,-0.0019208794941539147,369.916450723926,4,-2,0
13:06:21:763,7.037628250316934,3.7713892798863986,371.77163383697365,-0.06519381921965552,-0.0628012471648377,0.0004475039178753391,371.85736420609305,-4,-4,0
13:06:21:883,6.96715963634939,3.866429981680742,368.91939455170274,0.14139735847372273,-0.08311277355320239,0.006587069666402185,369.0054339309877,8,-5,0
13:06:22:093,7.029860241577681,3.745537635337017,369.8306808919359,0.06930788075234569,-0.028653468927145608,-0.0019208794941539147,369.916450723926,4,-2,0
13:06:22:214,7.032339784762905,3.8001757714668427,371.5625093591301,0.06046908114397714,-0.0519429872244856,-0.0032344314058204383,371.64848109469796,3,-3,0
13:06:22:339,7.129986457139971,3.7980210529690206,372.08687299231997,-0.14727104216533876,0.019438865088717693,-8.248384709131364e-05,372.1745594798235,-8,1,0
13:06:22:458,6.9470291132707755,3.7961467630278887,369.879071657427,0.11330496794550199,-0.09224780262931874,0.0017362064217965067,369.9637814623306,7,-5,0
13:06:22:579,7.029860241577681,3.745537635337017,369.8306808919359,0.06930788075234569,-0.028653468927145608,-0.0019208794941539147,369.916450723926,4,-2,0
13:06:22:705,6.92969990008499,3.7455676414255654,368.21494239525845,-0.1862232758668422,0.09285501863626373,-0.0018131596096397694,368.2991906328403,-11,5,-1
13:06:22:827,7.092351226852409,3.7856072035271247,372.1274330102386,0.10819876508087803,0.02491704621546807,-0.002736368875067846,372.21426445881144,6,1,0
13:06:22:953,6.964059054251924,3.781218397109978,371.489096363963,0.11845038812283913,-0.04452391486523147,0.00551165717774172,371.5736056939345,7,-3,0
13:06:23:116,6.955624057416519,3.6880868500046184,368.9522687129874,-0.13777505432127476,0.05004453133515548,0.001909923991217124,369.0362574044748,-8,3,0
13:06:23:259,6.973490629538178,3.8110131471041844,370.16515445287143,0.1462355896070355,-0.05384567045407288,-0.0027863890367139433,370.2504489718896,8,-3,0
13:06:23:400,6.945733587335138,3.715610643442513,368.66108185797805,-0.17912834906913616,0.06754967281368046,0.0009468363591926365,368.7452267544825,-10,4,0
13:06:23:522,7.024031524986414,3.740133642647326,370.60739226037333,0.017717067053906382,-0.08418745599752134,-0.0012838776844736983,370.6928173252931,1,-5,0
13:06:23:646,7.04493112385462,3.7402646655888407,368.2119414166757,0.11417266742057382,-0.04923268190343982,0.00018442167408340697,368.29832260837946,7,-3,0
13:06:23:771,6.990894719661923,3.787404580175265,368.55498120313945,0.13469888558404228,-0.07934405805817173,0.0012711473391263679,368.64073460766895,8,-5,0
13:06:23:891,7.032339784762905,3.8001757714668427,371.5625093591301,0.06046908114397714,-0.0519429872244856,-0.0032344314058204383,371.64848109469796,3,-3,0
13:06:24:024,7.032339784762905,3.8001757714668427,371.5625093591301,0.06046908114397714,-0.0519429872244856,-0.0032344314058204383,371.64848109469796,3,-3,0
13:06:24:166,7.037628250316934,3.7713892798863986,371.77163383697365,-0.06519381921965552,-0.0628012471648377,0.0004475039178753391,371.85736420609305,-4,-4,0
13:06:24:301,7.028232690080199,3.7346877364164572,371.87050785107255,0.07248839860704583,-0.014088947641163958,-0.0007794025945678324,371.9556674613913,4,-1,0
13:06:24:437,6.956696005631528,3.7523251500388692,368.9036295610131,-0.20458081664892808,0.04521913714713601,0.002614832633323458,368.9882971946882,-12,3,0
13:06:24:555,7.016262319318714,3.7486211609728795,370.33594896605763,0.059770216853427774,-0.07712484948917589,-0.00444582440372785,370.42137518525095,3,-4,0
13:06:24:679,7.0492875997405875,3.7361776593035505,372.61105225848405,0.047365061679423524,-0.03110042931747474,0.002096981492509591,372.69645523447156,3,-2,0
13:06:24:797,7.024031524986414,3.740133642647326,370.60739226037333,0.017717067053906382,-0.08418745599752134,-0.0012838776844736983,370.6928173252931,1,-5,0
13:06:24:960,7.074733050571457,3.725292696510152,370.89539551382194,0.08057125587626596,-0.10201669516659527,-0.0006328780114599729,370.98156836528403,5,-6,0
13:06:25:082,7.092005502244094,3.8415881957261466,370.93672059581274,0.10137819861809468,-0.05030345962144507,-0.006155192499095402,371.0243995053229,6,-3,0
13:06:25:212,6.9795290517268525,3.783185070228825,369.4069938361783,0.09186626503244448,-0.11924631530658697,-0.001741833389819549,369.4922914082806,5,-7,0
13:06:25:330,7.091615098848977,3.8100720430787005,369.9467264674489,0.1514785365942262,-0.08684888301413354,-0.0003853788712724218,370.0343066225957,9,-5,0
13:06:25:494,7.046157539323353,3.78824544913131,368.4049701703661,0.14196903721421023,-0.04338581557866093,-0.0015165344647560704,368.4918197000853,8,-2,0
13:06:25:614,7.0354541472566865,3.7267044637683386,372.09898430420867,-0.1365103257606208,-0.03408762027124162,0.0022832964445484902,372.18414805233465,-8,-2,0
13:06:25:739,7.015847582922123,3.787236375268955,369.7986190330229,0.08814940292433232,0.01873364062767591,0.00033353166755074453,369.88455484840097,5,1,0
13:06:25:864,6.944612464645978,3.7418029838093596,370.50249420696366,-0.14922995368669548,0.06231476263503387,0.00043283112664989516,370.5864635215848,-9,4,0
13:06:25:988,7.032339784762905,3.8001757714668427,371.5625093591301,0.06046908114397714,-0.0519429872244856,-0.0032344314058204383,371.64848109469796,3,-3,0
13:06:26:113,7.024031524986414,3.740133642647326,370.60739226037333,0.017717067053906382,-0.08418745599752134,-0.0012838776844736983,370.6928173252931,1,-5,0
13:06:26:271,7.024031524986414,3.740133642647326,370.60739226037333,0.017717067053906382,-0.08418745599752134,-0.0012838776844736983,370.6928173252931,1,-5,0
13:06:26:392,7.104049696914989,3.7715748535928726,372.13975468701415,-0.08769386844273457,-0.012987764117385921,0.0007414848001187609,372.2266638991403,-5,-1,0
13:06:26:562,7.018401529272063,3.735929445140719,368.52777688834624,0.08909733381924341,-0.06232544805563082,0.00036004551094458745,368.6135340259658,5,-4,0
13:06:26:679,6.965941646800937,3.8287971667519085,369.26876342002583,0.12491562729811116,-0.08517974445382472,-0.0036925393564170845,369.35430641665164,7,-5,-1
13:06:26:802,6.955947231580672,3.715287029824904,368.9663363688894,-0.2287785698259931,0.05039940565582874,0.0014255868431495603,369.050600775941,-13,3,0
13:06:26:927,6.945733587335138,3.715610643442513,368.66108185797805,-0.17912834906913616,0.06754967281368046,0.0009468363591926365,368.7452267544825,-10,4,0
13:06:27:047,6.937626596680962,3.7875281161366856,368.30708269091394,0.14350622680163191,-0.04795585683821089,-0.0013769775392514618,368.391888065301,8,-3,0
13:06:27:175,7.034793756134969,3.8756993043717767,371.6557531497861,0.06573881028955698,-0.046871904278753346,-0.0003917393189007373,371.7425294711704,4,-3,0
13:06:27:294,7.00343367468652,3.878551198156431,369.82385257999965,0.1434756944399823,-0.03730339173505932,0.005040782282693032,369.91049347071214,8,-2,0
13:06:27:420,6.965941646800937,3.8287971667519085,369.26876342002583,0.12491562729811116,-0.08517974445382472,-0.0036925393564170845,369.35430641665164,7,-5,-1
13:06:27:542,6.974433905581443,3.7121334647266924,371.2057135000956,-0.16465153806470928,0.005553338075672079,0.004914064493012405,371.2897849366157,-9,0,0
13:06:27:663,6.990894719661923,3.787404580175265,368.55498120313945,0.13469888558404228,-0.07934405805817173,0.0012711473391263679,368.64073460766895,8,-5,0
13:06:27:788,7.095590903618321,3.8066559024626945,372.8871441817818,0.026340522842070238,-0.0603926110493086,-0.002840540836342054,372.9740746157516,2,-3,0
13:06:27:908,7.048612632738486,3.661204846628435,372.412106532726,-0.11296317525725032,0.09580520277094307,0.0052567037018058736,372.4967979098852,-6,5,0
13:06:28:035,7.027559975375664,3.7675949459056146,370.77127934658273,-0.026013226917695732,-0.08453420105361044,0.0018073686909802524,370.85701147367513,-1,-5,0
13:06:28:157,6.999844283552248,3.821377898075499,367.96431528028324,0.148499942562759,-0.02079222731678887,0.006326282052200504,368.05072757531883,9,-1,0
13:06:28:279,6.944612464645978,3.7418029838093596,370.50249420696366,-0.14922995368669548,0.06231476263503387,0.00043283112664989516,370.5864635215848,-9,4,0
13:06:28:405,6.944612464645978,3.7418029838093596,370.50249420696366,-0.14922995368669548,0.06231476263503387,0.00043283112664989516,370.5864635215848,-9,4,0
13:06:28:524,7.033265249929756,3.7481290356545762,370.80721543912824,0.03800037404714557,-0.09261493624929228,0.0012327586449793692,370.8928501778699,2,-5,0
13:06:28:651,6.965467721717988,3.7218624709757564,369.1028729913617,-0.17095483872486142,0.02610706157971314,0.0036744311372731066,369.1873519655196,-10,2,0
13:06:28:772,7.027449254336761,3.7735555819222157,370.0961909760678,0.1447452914891442,-0.004127438235403337,-0.0027891857539841898,370.1821380614497,8,0,0
13:06:28:894,7.033771374025414,3.727377667005101,370.95825640443337,0.08418701562651709,-0.07141643450148284,0.004325962240352138,371.04365683653975,5,-4,0
13:06:29:056,6.955624057416519,3.6880868500046184,368.9522687129874,-0.13777505432127476,0.05004453133515548,0.001909923991217124,369.0362574044748,-8,3,0
13:06:29:182,7.028232690080199,3.7346877364164572,371.87050785107255,0.07248839860704583,-0.014088947641163958,-0.0007794025945678324,371.9556674613913,4,-1,0
13:06:29:310,6.955624057416519,3.6880868500046184,368.9522687129874,-0.13777505432127476,0.05004453133515548,0.001909923991217124,369.0362574044748,-8,3,0
13:06:29:427,7.076346429866108,3.7650004424199426,371.8360254289555,-0.10417504952843079,0.06337771993987758,-0.002167402282593584,371.92241087884145,-6,4,0
13:06:29:592,7.008555175102549,3.7090672098742092,370.26570139093263,-0.10621785268143634,0.08115250714856934,0.001671203152811677,370.3505996373289,-6,5,0
13:06:29:718,6.977262720465363,3.715648818024242,368.42132178780815,0.14043246472265203,-0.05181766741809206,-0.0011631252853394527,368.5061174378045,8,-3,0
13:06:29:837,7.034793756134969,3.8756993043717767,371.6557531497861,0.06573881028955698,-0.046871904278753346,-0.0003917393189007373,371.7425294711704,4,-3,0
13:06:29:961,7.032339784762905,3.8001757714668427,371.5625093591301,0.06046908114397714,-0.0519429872244856,-0.0032344314058204383,371.64848109469796,3,-3,0
13:06:30:082,6.978207400334758,3.7610590777440653,369.27978637423445,-0.1636809673067459,-0.004969408530281687,0.006473424546045872,369.36486239016915,-9,0,0
13:06:30:207,7.032339784762905,3.8001757714668427,371.5625093591301,0.06046908114397714,-0.0519429872244856,-0.0032344314058204383,371.64848109469796,3,-3,0
13:06:30:326,6.955624057416519,3.6880868500046184,368.9522687129874,-0.13777505432127476,0.05004453133515548,0.001909923991217124,369.0362574044748,-8,3,0
13:06:30:450,7.032339784762905,3.8001757714668427,371.5625093591301,0.06046908114397714,-0.0519429872244856,-0.0032344314058204383,371.64848109469796,3,-3,0
13:06:30:574,6.994201817831101,3.7790643173452483,367.1221892282392,0.15991690880099188,-0.060538574228535015,0.0010005436677922239,367.2082542780299,9,-3,0
13:06:30:702,6.990894719661923,3.787404580175265,368.55498120313945,0.13469888558404228,-0.07934405805817173,0.0012711473391263679,368.64073460766895,8,-5,0
13:06:30:823,6.988513643581435,3.821898268198856,368.2553956985891,0.14077330301704208,-0.0880329092807197,0.0013791492200598934,368.34152995615824,8,-5,0
13:06:30:945,7.029860241577681,3.745537635337017,369.8306808919359,0.06930788075234569,-0.028653468927145608,-0.0019208794941539147,369.916450723926,4,-2,0
13:06:31:070,6.957817611937457,3.6824225800917696,369.06593693628156,-0.19991538147278326,0.05437294975491543,0.0026261886622646817,369.149884557255,-11,3,0
13:06:31:197,6.957786904511804,3.77863483985097,370.8108717824612,-0.17678321499801147,0.03657694412126257,0.0021468673115354105,370.8953916024442,-10,2,0
13:06:31:316,6.974021543662757,3.741745337613037,369.7752326490343,0.059161021452780085,-0.078901234477119,0.0008843175871988177,369.859919855221,3,-5,0
13:06:31:440,7.023785377230684,3.6988770475018296,370.61256855453183,-0.00182957957988129,-0.08594365510657477,-0.0011983720152451726,370.6975738024536,0,-5,0
13:06:31:562,6.9768522107063955,3.7205234034593677,369.0955867350816,0.13094553015481658,-0.009038795882777556,0.0012143553000799397,369.1802688504356,8,-1,0
13:06:31:682,7.042542334870078,3.704164187413317,369.4247328205697,0.0688065950851587,-0.0864874660992141,0.000687597549258422,369.51042130691667,4,-5,0
13:06:31:805,7.024031524986414,3.740133642647326,370.60739226037333,0.017717067053906382,-0.08418745599752134,-0.0012838776844736983,370.6928173252931,1,-5,0
13:06:31:930,6.974880735316314,3.721947408979315,369.83417624228036,0.1096234223731812,-0.07600093974854584,-0.000823820239764432,369.9186664262743,6,-4,0
13:06:32:056,6.944612464645978,3.7418029838093596,370.50249420696366,-0.14922995368669548,0.06231476263503387,0.00043283112664989516,370.5864635215848,-9,4,0
13:06:32:177,7.095705319912903,3.751673641888798,371.37738579030525,0.025577656081231512,-0.03135260594341867,-0.001462132808636349,371.4641123521134,1,-2,0
13:06:32:300,7.029868883765214,3.7963236858123492,370.0400839852133,0.10711892253029338,-0.018223550933483573,-0.0037727032328684416,370.126322876169,6,-1,0
13:06:32:420,7.023277055884232,3.830410605851804,369.2457100572661,0.12995849580162203,-0.047481694409390665,-0.0064702485451020855,369.3323609727528,7,-3,-1
13:06:32:544,6.944612464645978,3.7418029838093596,370.50249420696366,-0.14922995368669548,0.06231476263503387,0.00043283112664989516,370.5864635215848,-9,4,0
13:06:32:667,6.992883154433174,3.7321390386487705,366.9614029546337,0.1345678747045114,-0.06447074846334619,0.0026377126128331236,367.04700044415074,8,-4,0
13:06:32:790,6.992883154433174,3.7321390386487705,366.9614029546337,0.1345678747045114,-0.06447074846334619,0.0026377126128331236,367.04700044415074,8,-4,0
13:06:32:912,6.964018092522086,3.7321216256789294,366.70866696187676,0.14362969593543062,-0.09208521616247636,0.005334128830655685,366.79377408126555,8,-5,0
13:06:33:033,7.02934671816639,3.831926778468809,369.71792027939955,0.11720963945678615,-0.033948411549741986,-0.003636492619686922,369.80459158026173,7,-2,0
13:06:33:266,7.023277055884232,3.830410605851804,369.2457100572661,0.12995849580162203,-0.047481694409390665,-0.0064702485451020855,369.3323609727528,7,-3,-1
13:06:33:466,6.974021543662757,3.741745337613037,369.7752326490343,0.059161021452780085,-0.078901234477119,0.0008843175871988177,369.859919855221,3,-5,0
13:06:33:624,7.029860241577681,3.745537635337017,369.8306808919359,0.06930788075234569,-0.028653468927145608,-0.0019208794941539147,369.916450723926,4,-2,0
13:06:33:739,6.944612464645978,3.7418029838093596,370.50249420696366,-0.14922995368669548,0.06231476263503387,0.00043283112664989516,370.5864635215848,-9,4,0
13:06:33:884,7.029860241577681,3.745537635337017,369.8306808919359,0.06930788075234569,-0.028653468927145608,-0.0019208794941539147,369.916450723926,4,-2,0
13:06:34:024,7.04088030240258,3.7310213061676474,366.94789656519345,0.1319749485863997,-0.0950137600673195,0.005224648734850825,367.0344034406581,8,-5,0
13:06:34:152,6.9768522107063955,3.7205234034593677,369.0955867350816,0.13094553015481658,-0.009038795882777556,0.0012143553000799397,369.1802688504356,8,-1,0
13:06:34:272,6.985887437458891,3.7740107882997385,366.3560519878069,0.1719153361515684,-0.08239704171367897,-0.001640391712896585,366.44208629579066,10,-5,0
13:06:34:391,7.024031524986414,3.740133642647326,370.60739226037333,0.017717067053906382,-0.08418745599752134,-0.0012838776844736983,370.6928173252931,1,-5,0
13:06:34:548,7.032339784762905,3.8001757714668427,371.5625093591301,0.06046908114397714,-0.0519429872244856,-0.0032344314058204383,371.64848109469796,3,-3,0
13:06:34:684,6.965248132913444,3.7600472928782254,369.2302242655147,-0.16685070533131358,0.037914328599836074,0.0036698952085502065,369.3150567582644,-10,2,0
13:06:34:808,6.992883154433174,3.7321390386487705,366.9614029546337,0.1345678747045114,-0.06447074846334619,0.0026377126128331236,367.04700044415074,8,-4,0
13:06:34:926,6.944612464645978,3.7418029838093596,370.50249420696366,-0.14922995368669548,0.06231476263503387,0.00043283112664989516,370.5864635215848,-9,4,0
13:06:35:047,6.939883042749222,3.743831126736359,369.2384125317072,0.08762735799270444,-0.10675072846156472,0.0034397102702194847,369.32260090209445,5,-6,0
13:06:35:176,6.965248132913444,3.7600472928782254,369.2302242655147,-0.16685070533131358,0.037914328599836074,0.0036698952085502065,369.3150567582644,-10,2,0
13:06:35:323,7.027089860800996,3.712533154414103,371.70612485081193,0.12314600381079621,-0.021194323877553774,-0.0025311627867206643,371.791078626077,7,-1,0
13:06:35:456,7.02775974877334,3.7850321996934935,372.06121661012514,0.10901512229333658,-0.004028697149966688,-0.0026493742410970654,372.1468322869962,6,0,0
13:06:35:581,7.035878766567291,3.829783752564907,371.9845714799322,0.13647114424433188,-0.03373639043954026,-0.003907601166893034,372.07081617982084,8,-2,0
13:06:35:706,7.095590903618321,3.8066559024626945,372.8871441817818,0.026340522842070238,-0.0603926110493086,-0.002840540836342054,372.9740746157516,2,-3,0
13:06:35:830,7.02775974877334,3.7850321996934935,372.06121661012514,0.10901512229333658,-0.004028697149966688,-0.0026493742410970654,372.1468322869962,6,0,0
13:06:35:983,7.028232690080199,3.7346877364164572,371.87050785107255,0.07248839860704583,-0.014088947641163958,-0.0007794025945678324,371.9556674613913,4,-1,0
13:06:36:112,7.032339784762905,3.8001757714668427,371.5625093591301,0.06046908114397714,-0.0519429872244856,-0.0032344314058204383,371.64848109469796,3,-3,0
13:06:36:236,6.958183274895877,3.708703059859255,370.98146289085776,-0.17086631587808224,0.04908438571727173,0.002134361907500251,371.06524574731344,-10,3,0
13:06:36:357,7.04493112385462,3.7402646655888407,368.2119414166757,0.11417266742057382,-0.04923268190343982,0.00018442167408340697,368.29832260837946,7,-3,0
13:06:36:477,7.029860241577681,3.745537635337017,369.8306808919359,0.06930788075234569,-0.028653468927145608,-0.0019208794941539147,369.916450723926,4,-2,0
13:06:36:604,6.958183274895877,3.708703059859255,370.98146289085776,-0.17086631587808224,0.04908438571727173,0.002134361907500251,371.06524574731344,-10,3,0
13:06:36:724,6.955624057416519,3.6880868500046184,368.9522687129874,-0.13777505432127476,0.05004453133515548,0.001909923991217124,369.0362574044748,-8,3,0
13:06:36:876,6.979344083090128,3.9104429135967274,368.97408103978404,0.16085311186771725,-0.024217822492473798,-0.00023721909010811698,369.0608016123682,9,-1,0
13:06:37:012,6.945733587335138,3.715610643442513,368.66108185797805,-0.17912834906913616,0.06754967281368046,0.0009468363591926365,368.7452267544825,-10,4,0
13:06:37:132,7.034518860923492,3.783196156232317,369.18108007158173,0.09949400108739635,-0.07758853456330199,-0.0019636448963558607,369.267473400489,6,-4,0
13:06:37:259,7.076346429866108,3.7650004424199426,371.8360254289555,-0.10417504952843079,0.06337771993987758,-0.002167402282593584,371.92241087884145,-6,4,0
13:06:37:387,7.109506548139454,3.840410844189138,373.87815931762924,0.09934877413194124,-0.03940463392456182,-0.003483009510614005,373.96546879832204,6,-2,0
13:06:37:507,6.939883042749222,3.743831126736359,369.2384125317072,0.08762735799270444,-0.10675072846156472,0.0034397102702194847,369.32260090209445,5,-6,0
13:06:37:660,6.957982083572531,3.784842500424606,368.11229361740044,0.14221302752271536,-0.01926342846557566,-0.004133406910768532,368.19750034416523,8,-1,0
13:06:37:793,7.024031524986414,3.740133642647326,370.60739226037333,0.017717067053906382,-0.08418745599752134,-0.0012838776844736983,370.6928173252931,1,-5,0
13:06:37:917,6.974021543662757,3.741745337613037,369.7752326490343,0.059161021452780085,-0.078901234477119,0.0008843175871988177,369.859919855221,3,-5,0
13:06:38:122,6.939883042749222,3.743831126736359,369.2384125317072,0.08762735799270444,-0.10675072846156472,0.0034397102702194847,369.32260090209445,5,-6,0
13:06:38:245,7.002104532755812,3.7803762776050616,371.206429770392,0.1268270906797543,-0.08188943389044022,-0.002305960340883168,371.2917104051326,7,-5,0
13:06:38:365,6.955624057416519,3.6880868500046184,368.9522687129874,-0.13777505432127476,0.05004453133515548,0.001909923991217124,369.0362574044748,-8,3,0
13:06:38:521,6.9730109407855005,3.7547156717047963,368.4512506021841,0.14774309469314328,-0.03769265163634636,-0.0014296671263982518,368.5363548439545,8,-2,0
13:06:38:655,7.034000320916882,3.8404012512290406,372.0041380119462,0.05487232386486199,-0.024753344657024556,-0.0005415642346015232,372.09045209504666,3,-1,0
13:06:38:773,6.994986574246397,3.778625065924347,368.8899280804868,0.09598254921534549,-0.06727899878783428,0.005652586185234234,368.9755911761501,5,-4,0
13:06:38:902,6.965467721717988,3.7218624709757564,369.1028729913617,-0.17095483872486142,0.02610706157971314,0.0036744311372731066,369.1873519655196,-10,2,0
13:06:39:027,6.982041912096733,3.778411510001401,370.4293314350021,0.03264088668072453,-0.06149102471031326,0.0037618886380022297,370.51439228481235,2,-4,0
13:06:39:190,7.032339784762905,3.8001757714668427,371.5625093591301,0.06046908114397714,-0.0519429872244856,-0.0032344314058204383,371.64848109469796,3,-3,0
13:06:39:318,7.029868883765214,3.7963236858123492,370.0400839852133,0.10711892253029338,-0.018223550933483573,-0.0037727032328684416,370.126322876169,6,-1,0
13:06:39:474,6.944612464645978,3.7418029838093596,370.50249420696366,-0.14922995368669548,0.06231476263503387,0.00043283112664989516,370.5864635215848,-9,4,0
13:06:39:596,6.968891048234463,3.773513342006868,367.7182526424381,0.1238526284813735,-0.06989949322399185,-0.0022933053900001483,367.80364078104554,7,-4,0
13:06:39:730,7.052745677334126,3.7422320298432794,370.51135118266467,-0.14718426937737708,0.06629566537428991,0.0003601182587971528,370.59736490881613,-8,4,0
13:06:39:843,6.971980167167538,3.780550060740706,369.66548450906754,0.07228069755395193,-0.0773264613898563,0.0008180134966117514,369.750553080772,4,-4,0
13:06:39:967,6.965941646800937,3.8287971667519085,369.26876342002583,0.12491562729811116,-0.08517974445382472,-0.0036925393564170845,369.35430641665164,7,-5,-1
13:06:40:132,7.020719122381054,3.8353654430393482,370.06549854541214,0.11455942979118303,0.0161957901791546,-0.0013439711586466804,370.15196033351145,7,1,0
13:06:40:289,6.983323652595823,3.835869663624172,370.93212702169996,0.08333985880424778,-0.035432412633309776,0.0017631645193358079,371.0176863198785,5,-2,0
13:06:40:417,7.023277055884232,3.830410605851804,369.2457100572661,0.12995849580162203,-0.047481694409390665,-0.0064702485451020855,369.3323609727528,7,-3,-1
13:06:40:541,7.0354541472566865,3.7267044637683386,372.09898430420867,-0.1365103257606208,-0.03408762027124162,0.0022832964445484902,372.18414805233465,-8,-2,0
13:06:40:670,7.054543667015976,3.789317469733069,369.8361018272193,0.09431908021979721,-0.10118979580122538,-0.0016941290649345538,369.9227861702893,5,-6,0
13:06:40:786,6.987872938299942,3.7026724959861586,369.84509807148225,-0.11370195832143021,-0.020336498203308996,-0.00079203096857903,369.92963752492,-7,-1,0
13:06:40:934,6.974021543662757,3.741745337613037,369.7752326490343,0.059161021452780085,-0.078901234477119,0.0008843175871988177,369.859919855221,3,-5,0
13:06:41:071,7.029868883765214,3.7963236858123492,370.0400839852133,0.10711892253029338,-0.018223550933483573,-0.0037727032328684416,370.126322876169,6,-1,0
13:06:41:191,7.017766893794819,3.7407102656059332,368.00390742862265,0.1233581220293752,-0.0803728603018682,0.002892114810944017,368.08982307067544,7,-5,0
13:06:41:317,7.023785377230684,3.6988770475018296,370.61256855453183,-0.00182957957988129,-0.08594365510657477,-0.0011983720152451726,370.6975738024536,0,-5,0
13:06:41:440,6.974021543662757,3.741745337613037,369.7752326490343,0.059161021452780085,-0.078901234477119,0.0008843175871988177,369.859919855221,3,-5,0
13:06:41:593,7.028741826056544,3.7859748011335563,370.94148272749686,-0.13145479403117274,0.058708129625738424,0.0034573333516135997,371.0273850067216,-8,3,0
13:06:41:731,7.02775974877334,3.7850321996934935,372.06121661012514,0.10901512229333658,-0.004028697149966688,-0.0026493742410970654,372.1468322869962,6,0,0
13:06:41:848,6.939883042749222,3.743831126736359,369.2384125317072,0.08762735799270444,-0.10675072846156472,0.0034397102702194847,369.32260090209445,5,-6,0
13:06:41:977,6.955624057416519,3.6880868500046184,368.9522687129874,-0.13777505432127476,0.05004453133515548,0.001909923991217124,369.0362574044748,-8,3,0
13:06:42:097,6.976188781726395,3.777520277238762,368.50358610611477,0.10695564000655967,-0.04332960835351918,0.0003776441555921963,368.5889714064028,6,-2,0
13:06:42:219,6.973037400377706,3.819746836651723,371.112753442357,-0.1673725142434192,0.0041106435557680945,0.004932224469502316,371.1979114758741,-10,0,0
13:06:42:373,6.97806446142125,3.7800591269247854,369.0629474204448,0.09362607490648762,-0.012254888140702323,0.0030049399370657465,369.14826477893246,5,-1,0
13:06:42:512,6.944612464645978,3.7418029838093596,370.50249420696366,-0.14922995368669548,0.06231476263503387,0.00043283112664989516,370.5864635215848,-9,4,0
13:06:42:632,7.003869347038156,3.7836858703571603,369.35383388243804,0.09517173901931249,-0.09782268046174872,-0.0072847697189781764,369.4396095010003,5,-6,-1
13:06:42:888,6.963450081073742,3.8640849138521793,371.32183312245667,0.15359261913170755,-0.05238884437856974,0.003974361502828358,371.4072219850802,9,-3,0
13:06:43:018,6.944612464645978,3.7418029838093596,370.50249420696366,-0.14922995368669548,0.06231476263503387,0.00043283112664989516,370.5864635215848,-9,4,0
13:06:43:172,6.945733587335138,3.715610643442513,368.66108185797805,-0.17912834906913616,0.06754967281368046,0.0009468363591926365,368.7452267544825,-10,4,0
13:06:43:290,7.049378792740153,3.789844353902403,371.1790198105565,-0.1252383241182781,0.0016673939186680996,0.006328812597060912,371.2652978789101,-7,0,0
13:06:43:442,6.944612464645978,3.7418029838093596,370.50249420696366,-0.14922995368669548,0.06231476263503387,0.00043283112664989516,370.5864635215848,-9,4,0
13:06:43:574,6.995731888711853,3.7730519067618413,367.4983932106678,0.12978532631090672,-0.037911700776625416,0.0052107726935834275,367.58433753054885,7,-2,0
13:06:43:699,6.945733587335138,3.715610643442513,368.66108185797805,-0.17912834906913616,0.06754967281368046,0.0009468363591926365,368.7452267544825,-10,4,0
13:06:43:823,6.958183274895877,3.708703059859255,370.98146289085776,-0.17086631587808224,0.04908438571727173,0.002134361907500251,371.06524574731344,-10,3,0
13:06:43:962,7.021299799681973,3.7813347476252996,368.97571750066334,0.10135264550922413,-0.05566780838073981,-0.004735304895911547,369.06188810073564,6,-3,0
13:06:44:123,7.0197176220241655,3.7324176826340145,372.59776270886067,-0.13950385534781504,0.07057917470955898,0.0019528601140920987,372.6825729127927,-8,4,0
13:06:44:272,6.9735149634738445,3.7688904822881817,370.99220673831104,0.09910101496647644,0.004075528540924304,0.004115209552019202,371.0768813965308,6,0,0
13:06:44:391,7.033265249929756,3.7481290356545762,370.80721543912824,0.03800037404714557,-0.09261493624929228,0.0012327586449793692,370.8928501778699,2,-5,0
13:06:44:651,7.024031524986414,3.740133642647326,370.60739226037333,0.017717067053906382,-0.08418745599752134,-0.0012838776844736983,370.6928173252931,1,-5,0
13:06:44:792,6.909908960505522,3.720508740018089,368.98103791882386,-0.1707373220228764,0.10058280307192782,0.003282578779537151,369.0644867374529,-10,6,0
13:06:44:936,7.060046402756183,3.742191645095171,368.51480606856,0.10899636208616455,-0.0711578079912743,0.002985628349778033,368.6014250450832,6,-4,0
13:06:45:059,7.118494549713554,3.888623086063956,370.98163120802684,0.1312676190490515,0.0027915273211435963,0.0024533267294187997,371.07029663923277,8,0,0
13:06:45:174,7.014532960030778,3.835345006105319,369.9436367984225,0.11903607255708049,0.033474550822040844,0.0013264609426950778,370.03000952842507,7,2,0
13:06:45:291,7.015847582922123,3.787236375268955,369.7986190330229,0.08814940292433232,0.01873364062767591,0.00033353166755074453,369.88455484840097,5,1,0
13:06:45:415,6.955624057416519,3.6880868500046184,368.9522687129874,-0.13777505432127476,0.05004453133515548,0.001909923991217124,369.0362574044748,-8,3,0
13:06:45:539,6.9438451237587735,3.811021841344641,370.53531471710755,-0.18202423229882156,0.06637971567708136,-0.00066061337996297,370.6199675207528,-10,4,0
13:06:45:663,7.0032341317884725,3.784539084080843,368.130512858999,0.1405087164865337,-0.021818274983974466,0.006395548614769305,368.2165701353121,8,-1,0
13:06:45:782,6.983323652595823,3.835869663624172,370.93212702169996,0.08333985880424778,-0.035432412633309776,0.0017631645193358079,371.0176863198785,5,-2,0
13:06:45:909,7.029860241577681,3.745537635337017,369.8306808919359,0.06930788075234569,-0.028653468927145608,-0.0019208794941539147,369.916450723926,4,-2,0
13:06:46:031,7.0148237129220306,3.855462527620646,372.2262642998682,0.09541192848797138,-0.05968316933777011,0.0005123521604456362,372.3123207438354,5,-3,0
13:06:46:151,6.994201817831101,3.7790643173452483,367.1221892282392,0.15991690880099188,-0.060538574228535015,0.0010005436677922239,367.2082542780299,9,-3,0
13:06:46:277,6.944612464645978,3.7418029838093596,370.50249420696366,-0.14922995368669548,0.06231476263503387,0.00043283112664989516,370.5864635215848,-9,4,0
13:06:46:400,6.97806446142125,3.7800591269247854,369.0629474204448,0.09362607490648762,-0.012254888140702323,0.0030049399370657465,369.14826477893246,5,-1,0
13:06:46:525,6.990894719661923,3.787404580175265,368.55498120313945,0.13469888558404228,-0.07934405805817173,0.0012711473391263679,368.64073460766895,8,-5,0
13:06:46:645,7.029860241577681,3.745537635337017,369.8306808919359,0.06930788075234569,-0.028653468927145608,-0.0019208794941539147,369.916450723926,4,-2,0
13:06:46:768,7.024159003366338,3.854663555818295,371.1116555766665,0.13429112059604967,-0.05028002241548741,-0.005147591323152626,371.19813866139935,8,-3,0
13:06:46:891,6.9768522107063955,3.7205234034593677,369.0955867350816,0.13094553015481658,-0.009038795882777556,0.0012143553000799397,369.1802688504356,8,-1,0
13:06:47:056,6.968891048234463,3.773513342006868,367.7182526424381,0.1238526284813735,-0.06989949322399185,-0.0022933053900001483,367.80364078104554,7,-4,0
13:06:47:177,7.026711258338816,3.733690002996837,370.3365618462093,-0.20642406159092344,0.009951374473967456,0.0016132537276302536,370.4220351871872,-12,1,0
13:06:47:301,7.0869726653548915,3.789887484043993,370.39746476554285,0.07367604152702997,-0.06522542870065706,-0.0043644186938129595,370.4846425068693,4,-4,0
13:06:47:423,7.009621698105198,3.8105102105922217,369.8867466426659,0.15398208288971038,0.04060093489238572,-0.0006092620689398326,369.9727829534374,9,2,0
13:06:47:550,6.990894719661923,3.787404580175265,368.55498120313945,0.13469888558404228,-0.07934405805817173,0.0012711473391263679,368.64073460766895,8,-5,0
13:06:47:669,7.024031524986414,3.740133642647326,370.60739226037333,0.017717067053906382,-0.08418745599752134,-0.0012838776844736983,370.6928173252931,1,-5,0
13:06:47:791,7.019127641132658,3.7298553139890167,371.9587411627791,-0.10509057832405251,0.009547778938294284,-0.002370058165042874,372.0436602079185,-6,1,0
13:06:47:920,7.033265249929756,3.7481290356545762,370.80721543912824,0.03800037404714557,-0.09261493624929228,0.0012327586449793692,370.8928501778699,2,-5,0
13:06:48:039,6.974021543662757,3.741745337613037,369.7752326490343,0.059161021452780085,-0.078901234477119,0.0008843175871988177,369.859919855221,3,-5,0
13:06:48:294,6.941590339199153,3.7629619645415446,369.39084968829553,-0.16252137061926847,0.14458625251167997,0.00047619697347387645,369.47522974162257,-9,8,-1
13:06:48:426,7.076346429866108,3.7650004424199426,371.8360254289555,-0.10417504952843079,0.06337771993987758,-0.002167402282593584,371.92241087884145,-6,4,0
13:06:48:583,6.945733587335138,3.715610643442513,368.66108185797805,-0.17912834906913616,0.06754967281368046,0.0009468363591926365,368.7452267544825,-10,4,0
13:06:48:699,7.028232690080199,3.7346877364164572,371.87050785107255,0.07248839860704583,-0.014088947641163958,-0.0007794025945678324,371.9556674613913,4,-1,0
13:06:48:822,7.0091023020952266,3.931461592906461,371.9490486550169,0.11548181294079483,-0.056316566408576886,0.00035842411582516905,372.0358567405968,7,-3,0
13:06:48:944,7.044870640350625,3.7955473941214533,369.8610894643582,0.11186311702805979,-0.06709192045688292,-0.001166810757434801,369.947647488293,6,-4,0
13:06:49:066,6.962935589317736,3.613942094048769,369.1307669978419,-0.1691806060886088,0.039703151691556554,0.0037071520080852486,369.2141197109005,-10,2,0
13:06:49:188,7.052745677334126,3.7422320298432794,370.51135118266467,-0.14718426937737708,0.06629566537428991,0.0003601182587971528,370.59736490881613,-8,4,0
13:06:49:312,6.965467721717988,3.7218624709757564,369.1028729913617,-0.17095483872486142,0.02610706157971314,0.0036744311372731066,369.1873519655196,-10,2,0
13:06:49:475,7.098047957662645,3.7905936168808307,372.7144391475098,-0.02963600510271263,-0.07948317777230789,0.0004950030594678587,372.80129296157276,-2,-5,0
13:06:49:637,6.969846419602649,3.81898107786973,369.5584455992037,0.08374038671034294,-0.07562410111442763,0.0007338477647281043,369.64389361828444,5,-4,0
13:06:49:770,7.098135218805413,3.7383246324630406,373.42944005634223,0.019691377864537507,-0.02861415234787416,-0.000128644387968728,373.5156024792478,1,-2,0
13:06:49:888,6.939883042749222,3.743831126736359,369.2384125317072,0.08762735799270444,-0.10675072846156472,0.0034397102702194847,369.32260090209445,5,-6,0
13:06:50:017,6.974021543662757,3.741745337613037,369.7752326490343,0.059161021452780085,-0.078901234477119,0.0008843175871988177,369.859919855221,3,-5,0
13:06:50:134,7.022018353722955,3.7707818491523635,370.2102704684343,-0.18034078499644576,0.015658832287173522,-8.102443336953407e-05,370.29605979246554,-10,1,0
13:06:50:257,6.991241041581626,3.7472018974026153,370.234897869554,0.059344796978487616,-0.10599314500379779,0.0011278177556172148,370.319859815593,3,-6,0
13:06:50:381,6.97813328113256,3.802240083129549,368.8941276606484,0.16436581827513114,-0.02503154171653843,-0.0002511126986237777,368.9797132583982,9,-1,0
13:06:50:501,6.945733587335138,3.715610643442513,368.66108185797805,-0.17912834906913616,0.06754967281368046,0.0009468363591926365,368.7452267544825,-10,4,0
13:06:50:621,6.97806446142125,3.7800591269247854,369.0629474204448,0.09362607490648762,-0.012254888140702323,0.0030049399370657465,369.14826477893246,5,-1,0
13:06:50:750,7.023785377230684,3.6988770475018296,370.61256855453183,-0.00182957957988129,-0.08594365510657477,-0.0011983720152451726,370.6975738024536,0,-5,0
13:06:50:887,6.999844283552248,3.821377898075499,367.96431528028324,0.148499942562759,-0.02079222731678887,0.006326282052200504,368.05072757531883,9,-1,0
13:06:51:073,6.990894719661923,3.787404580175265,368.55498120313945,0.13469888558404228,-0.07934405805817173,0.0012711473391263679,368.64073460766895,8,-5,0
13:06:51:209,7.020728438158731,3.7631626619774305,369.59673289488694,0.13238531417226473,-0.015166964907433357,-0.004010398604780595,369.68256246081893,8,-1,0
13:06:51:342,6.974021543662757,3.741745337613037,369.7752326490343,0.059161021452780085,-0.078901234477119,0.0008843175871988177,369.859919855221,3,-5,0
13:06:51:497,7.031337363277824,3.8882960885741595,371.4841826759262,0.1123884022855414,-0.05235295297473801,-0.004985760684962036,371.5710652486137,6,-3,0
13:06:51:612,6.968891048234463,3.773513342006868,367.7182526424381,0.1238526284813735,-0.06989949322399185,-0.0022933053900001483,367.80364078104554,7,-4,0
13:06:51:735,6.980725809064592,3.728448461265198,370.8440601113101,0.09190019184833778,-0.03223167744130544,0.0016645168890433786,370.9284955090275,5,-2,0
13:06:51:855,6.955624057416519,3.6880868500046184,368.9522687129874,-0.13777505432127476,0.05004453133515548,0.001909923991217124,369.0362574044748,-8,3,0
13:06:51:977,6.974021543662757,3.741745337613037,369.7752326490343,0.059161021452780085,-0.078901234477119,0.0008843175871988177,369.859919855221,3,-5,0
13:06:52:107,7.027559975375664,3.7675949459056146,370.77127934658273,-0.026013226917695732,-0.08453420105361044,0.0018073686909802524,370.85701147367513,-1,-5,0
13:06:52:254,6.965925694275835,3.6418709708023655,371.0554455279056,-0.13209674343517425,0.0251648173444545,0.003175186346220023,371.13869510044174,-8,1,0
13:06:52:386,7.034000320916882,3.8404012512290406,372.0041380119462,0.05487232386486199,-0.024753344657024556,-0.0005415642346015232,372.09045209504666,3,-1,0
13:06:52:512,7.029860241577681,3.745537635337017,369.8306808919359,0.06930788075234569,-0.028653468927145608,-0.0019208794941539147,369.916450723926,4,-2,0
13:06:52:658,6.970832147813008,3.738162055329248,367.84183744141654,-0.2172444014254881,0.06338754011838885,0.004986876071264278,367.92687280037376,-12,4,0
13:06:52:797,7.019946244968217,3.8365730406152654,370.5653245395421,0.1003711970432655,-0.07399861093518682,-0.0061254745613603355,370.6516675924639,6,-4,-1
13:06:52:925,6.945733587335138,3.715610643442513,368.66108185797805,-0.17912834906913616,0.06754967281368046,0.0009468363591926365,368.7452267544825,-10,4,0
13:06:53:042,6.996512318347445,3.7607842541849856,371.73546994220453,-0.1229973682448821,0.09244995290079557,0.00025840126390028857,371.82032528625837,-7,5,0
13:06:53:172,7.032456346919494,3.768336395242062,371.55617092612687,0.07600922022002031,-0.044836056386868516,-0.0004782410574390737,371.6418221281672,4,-3,0
13:06:53:289,7.01270911645366,3.8220073277912445,370.44150339871925,0.16739461197170777,-0.04285189815380414,-0.001454401877914148,370.52758773061555,10,-2,0
13:06:53:412,6.996763096888518,3.8197020329774487,367.61822125183903,0.1557752135197527,-0.03597366000578146,0.0035674543773990923,367.70463882554,9,-2,0
13:06:53:534,6.92969990008499,3.7455676414255654,368.21494239525845,-0.1862232758668422,0.09285501863626373,-0.0018131596096397694,368.2991906328403,-11,5,-1
13:06:53:656,6.944612464645978,3.7418029838093596,370.50249420696366,-0.14922995368669548,0.06231476263503387,0.00043283112664989516,370.5864635215848,-9,4,0
13:06:53:783,6.944612464645978,3.7418029838093596,370.50249420696366,-0.14922995368669548,0.06231476263503387,0.00043283112664989516,370.5864635215848,-9,4,0
13:06:53:901,6.97806446142125,3.7800591269247854,369.0629474204448,0.09362607490648762,-0.012254888140702323,0.0030049399370657465,369.14826477893246,5,-1,0
13:06:54:029,7.021755018431033,3.763906599109373,369.79105759768885,0.12768325710640205,-0.001709460617117588,-0.001212861283931451,369.87686912760967,7,0,0
13:06:54:152,7.029868883765214,3.7963236858123492,370.0400839852133,0.10711892253029338,-0.018223550933483573,-0.0037727032328684416,370.126322876169,6,-1,0
13:06:54:272,6.982041912096733,3.778411510001401,370.4293314350021,0.03264088668072453,-0.06149102471031326,0.0037618886380022297,370.51439228481235,2,-4,0
13:06:54:402,6.974021543662757,3.741745337613037,369.7752326490343,0.059161021452780085,-0.078901234477119,0.0008843175871988177,369.859919855221,3,-5,0
13:06:54:521,7.028767619088605,3.853961868238644,370.96560812285736,-0.17019867344342338,0.058705370746908694,0.0024323438542829174,371.05220523032386,-10,3,0
13:06:54:688,6.950506135698036,3.8021302584579972,368.57400845846865,0.17521268653390942,-0.06499510636725464,-0.000278947648841348,368.6591453377876,10,-4,0
13:06:54:807,7.024031524986414,3.740133642647326,370.60739226037333,0.017717067053906382,-0.08418745599752134,-0.0012838776844736983,370.6928173252931,1,-5,0
13:06:54:932,6.957450449026292,3.8098037944121326,369.74179332938223,0.1568883543754499,-0.013102660274183343,0.004905540595337881,369.82687092223324,9,-1,0
13:06:55:055,7.037628250316934,3.7713892798863986,371.77163383697365,-0.06519381921965552,-0.0628012471648377,0.0004475039178753391,371.85736420609305,-4,-4,0
13:06:55:174,7.003225444860222,3.6902603993514838,369.135934014955,0.03329411379713504,-0.10775998241219162,-0.0026133188103803005,369.2208024604515,2,-6,0
13:06:55:356,6.990894719661923,3.787404580175265,368.55498120313945,0.13469888558404228,-0.07934405805817173,0.0012711473391263679,368.64073460766895,8,-5,0
13:06:55:519,7.023785377230684,3.6988770475018296,370.61256855453183,-0.00182957957988129,-0.08594365510657477,-0.0011983720152451726,370.6975738024536,0,-5,0
13:06:55:670,6.909908960505522,3.720508740018089,368.98103791882386,-0.1707373220228764,0.10058280307192782,0.003282578779537151,369.0644867374529,-10,6,0
13:06:55:791,7.01693653016172,3.702552939611612,369.48399946646646,0.06089773112146167,-0.1115171944984854,0.003364470515255715,369.5691710062877,3,-6,0
13:06:55:916,6.965248132913444,3.7600472928782254,369.2302242655147,-0.16685070533131358,0.037914328599836074,0.0036698952085502065,369.3150567582644,-10,2,0
13:06:56:036,6.9409100492556135,3.705971901801407,369.29446533214144,0.0799987576902593,-0.1079052045240043,0.003464538292579046,369.37827844230503,5,-6,0
13:06:56:159,6.980725809064592,3.728448461265198,370.8440601113101,0.09190019184833778,-0.03223167744130544,0.0016645168890433786,370.9284955090275,5,-2,0
13:06:56:285,7.0077082643892545,3.79291465430555,369.21839971362095,-0.19815778710361232,0.01438627762732226,0.005525375822774308,369.30437428194756,-11,1,0
13:06:56:406,6.944612464645978,3.7418029838093596,370.50249420696366,-0.14922995368669548,0.06231476263503387,0.00043283112664989516,370.5864635215848,-9,4,0
13:06:56:532,7.033775488384386,3.7091920449092752,370.86669016816734,0.025810179453642095,-0.09249909416715311,0.0012704608088458039,370.9519294727262,1,-5,0
13:06:56:653,7.013525662798045,3.7824508341521073,369.8910089204592,0.06997081054508066,-0.09338633810002804,-0.004321354775111522,369.97683029715625,4,-5,0
13:06:56:776,6.955624057416519,3.6880868500046184,368.9522687129874,-0.13777505432127476,0.05004453133515548,0.001909923991217124,369.0362574044748,-8,3,0
13:06:56:899,6.9426648361520575,3.6771895517151876,368.5005252694803,-0.18281653517220547,0.0680267434180781,0.0009965950408529045,368.5842636927264,-10,4,0
13:06:57:020,6.974021543662757,3.741745337613037,369.7752326490343,0.059161021452780085,-0.078901234477119,0.0008843175871988177,369.859919855221,3,-5,0
13:06:57:146,6.974021543662757,3.741745337613037,369.7752326490343,0.059161021452780085,-0.078901234477119,0.0008843175871988177,369.859919855221,3,-5,0
13:06:57:263,7.052745677334126,3.7422320298432794,370.51135118266467,-0.14718426937737708,0.06629566537428991,0.0003601182587971528,370.59736490881613,-8,4,0
13:06:57:389,6.944612464645978,3.7418029838093596,370.50249420696366,-0.14922995368669548,0.06231476263503387,0.00043283112664989516,370.5864635215848,-9,4,0
13:06:57:508,7.051935385756103,3.727111428047797,368.73846079534917,0.16175499153053025,-0.037917360041402434,-0.00023811743428510106,368.8247193749427,9,-2,0
13:06:57:633,7.027559975375664,3.7675949459056146,370.77127934658273,-0.026013226917695732,-0.08453420105361044,0.0018073686909802524,370.85701147367513,-1,-5,0
13:06:57:761,6.971661333712323,3.751251886157594,371.05049948597065,-0.12947987132400804,0.0011675190263311316,0.003141959727903385,371.1349473186993,-7,0,0
13:06:57:881,7.017766893794819,3.7407102656059332,368.00390742862265,0.1233581220293752,-0.0803728603018682,0.002892114810944017,368.08982307067544,7,-5,0
13:06:58:005,6.983323652595823,3.835869663624172,370.93212702169996,0.08333985880424778,-0.035432412633309776,0.0017631645193358079,371.0176863198785,5,-2,0
13:06:58:123,6.944612464645978,3.7418029838093596,370.50249420696366,-0.14922995368669548,0.06231476263503387,0.00043283112664989516,370.5864635215848,-9,4,0
13:06:58:248,7.056903216297234,3.79726222464084,370.02439673045745,0.11110906796222861,-0.0876081770783191,0.0016061144860983318,370.11116338087646,6,-5,0
13:06:58:371,6.974021543662757,3.741745337613037,369.7752326490343,0.059161021452780085,-0.078901234477119,0.0008843175871988177,369.859919855221,3,-5,0
13:06:58:492,6.944612464645978,3.7418029838093596,370.50249420696366,-0.14922995368669548,0.06231476263503387,0.00043283112664989516,370.5864635215848,-9,4,0
13:06:58:619,6.945733587335138,3.715610643442513,368.66108185797805,-0.17912834906913616,0.06754967281368046,0.0009468363591926365,368.7452267544825,-10,4,0
13:06:58:738,6.944612464645978,3.7418029838093596,370.50249420696366,-0.14922995368669548,0.06231476263503387,0.00043283112664989516,370.5864635215848,-9,4,0
13:06:58:863,6.980725809064592,3.728448461265198,370.8440601113101,0.09190019184833778,-0.03223167744130544,0.0016645168890433786,370.9284955090275,5,-2,0
13:06:58:986,6.982512303692624,3.782828802172879,366.1047752529552,0.20355534841613562,-0.08603720347906199,-0.0031508714969895584,366.1908952101822,12,-5,-1
13:06:59:109,6.944612464645978,3.7418029838093596,370.50249420696366,-0.14922995368669548,0.06231476263503387,0.00043283112664989516,370.5864635215848,-9,4,0
13:06:59:280,6.974731577954071,3.6458950383791002,369.03721138035473,-0.20060163270524875,-0.006817962938371183,0.008245086467859939,369.12112214638165,-11,0,1
13:06:59:396,7.024031524986414,3.740133642647326,370.60739226037333,0.017717067053906382,-0.08418745599752134,-0.0012838776844736983,370.6928173252931,1,-5,0
13:06:59:519,7.023277055884232,3.830410605851804,369.2457100572661,0.12995849580162203,-0.047481694409390665,-0.0064702485451020855,369.3323609727528,7,-3,-1
13:06:59:645,7.095533634874285,3.7820108115383673,370.8050215489857,0.14487838656864632,-0.04509993824087629,0.00243931436932735,370.8921867730378,8,-3,0
13:06:59:768,6.965248132913444,3.7600472928782254,369.2302242655147,-0.16685070533131358,0.037914328599836074,0.0036698952085502065,369.3150567582644,-10,2,0
13:06:59:891,6.994201817831101,3.7790643173452483,367.1221892282392,0.15991690880099188,-0.060538574228535015,0.0010005436677922239,367.2082542780299,9,-3,0
13:07:00:033,6.969846419602649,3.81898107786973,369.5584455992037,0.08374038671034294,-0.07562410111442763,0.0007338477647281043,369.64389361828444,5,-4,0
13:07:00:176,6.974021543662757,3.741745337613037,369.7752326490343,0.059161021452780085,-0.078901234477119,0.0008843175871988177,369.859919855221,3,-5,0
13:07:00:298,7.033265249929756,3.7481290356545762,370.80721543912824,0.03800037404714557,-0.09261493624929228,0.0012327586449793692,370.8928501778699,2,-5,0
13:07:00:422,6.996887775081223,3.828974053392662,369.21408442918573,0.126760320946308,-0.055473355432101495,0.003902939687445752,369.30022694512456,7,-3,0
13:07:00:542,6.951414326994077,3.648410673493975,368.7412061669601,-0.14507604393612542,0.05135312907095299,0.001993167965611249,368.82476894462036,-8,3,0
13:07:00:667,6.965248132913444,3.7600472928782254,369.2302242655147,-0.16685070533131358,0.037914328599836074,0.0036698952085502065,369.3150567582644,-10,2,0
13:07:00:790,7.028232690080199,3.7346877364164572,371.87050785107255,0.07248839860704583,-0.014088947641163958,-0.0007794025945678324,371.9556674613913,4,-1,0
13:07:00:916,7.04493112385462,3.7402646655888407,368.2119414166757,0.11417266742057382,-0.04923268190343982,0.00018442167408340697,368.29832260837946,7,-3,0
13:07:01:036,7.015841608838108,3.7471387218244416,367.61192899284487,0.15568390015872818,-0.10165922059760238,-0.0012692827608833373,367.6979649385094,9,-6,-1
13:07:01:158,7.025353750934856,3.7693232135050057,369.0304561859079,0.16900713194879483,-0.043385552533425756,0.002130517783895175,369.1165682891963,10,-2,0
13:07:01:282,6.957817611937457,3.6824225800917696,369.06593693628156,-0.19991538147278326,0.05437294975491543,0.0026261886622646817,369.149884557255,-11,3,0
13:07:01:404,7.032339784762905,3.8001757714668427,371.5625093591301,0.06046908114397714,-0.0519429872244856,-0.0032344314058204383,371.64848109469796,3,-3,0
13:07:01:529,7.036250448202312,3.7932182587545134,367.4319585498601,0.18856616902713014,-0.07250693960226844,-0.005698521087898638,367.5188994989434,11,-4,-1
13:07:01:649,6.974021543662757,3.741745337613037,369.7752326490343,0.059161021452780085,-0.078901234477119,0.0008843175871988177,369.859919855221,3,-5,0
13:07:01:773,6.945733587335138,3.715610643442513,368.66108185797805,-0.17912834906913616,0.06754967281368046,0.0009468363591926365,368.7452267544825,-10,4,0
13:07:01:901,7.026711258338816,3.733690002996837,370.3365618462093,-0.20642406159092344,0.009951374473967456,0.0016132537276302536,370.4220351871872,-12,1,0
13:07:02:021,6.955624057416519,3.6880868500046184,368.9522687129874,-0.13777505432127476,0.05004453133515548,0.001909923991217124,369.0362574044748,-8,3,0
13:07:02:145,6.965248132913444,3.7600472928782254,369.2302242655147,-0.16685070533131358,0.037914328599836074,0.0036698952085502065,369.3150567582644,-10,2,0
13:07:02:266,6.966711475931877,3.810545522828365,367.60431878795663,0.13091925825274786,-0.06907027330545222,-0.00233223967492958,367.69007399918763,8,-4,0
13:07:02:418,6.976188781726395,3.777520277238762,368.50358610611477,0.10695564000655967,-0.04332960835351918,0.0003776441555921963,368.5889714064028,6,-2,0
13:07:02:554,7.024031524986414,3.740133642647326,370.60739226037333,0.017717067053906382,-0.08418745599752134,-0.0012838776844736983,370.6928173252931,1,-5,0
13:07:02:676,7.030457470936424,3.8697437996755846,372.1120049345087,0.14195095463724003,-0.005167346548250614,-0.0014055493674115756,372.19853098273455,8,0,0
13:07:02:803,7.023277055884232,3.830410605851804,369.2457100572661,0.12995849580162203,-0.047481694409390665,-0.0064702485451020855,369.3323609727528,7,-3,-1
13:07:02:922,6.971661333712323,3.751251886157594,371.05049948597065,-0.12947987132400804,0.0011675190263311316,0.003141959727903385,371.1349473186993,-7,0,0
13:07:03:044,7.040992795819259,3.8617993216572657,368.1375309662427,0.15515380062781645,-0.042272895071461224,-0.0016197527409014454,368.22510883897206,9,-2,0
13:07:03:212,7.032562239554173,3.786968612978027,370.75684558859814,0.04911888194785225,-0.09174013476950464,0.0011904420547929101,370.842873214164,3,-5,0
13:07:03:373,7.100532124793957,3.8411658750489064,373.33182588193273,-0.002562599124819816,-0.044252651022008385,0.00013654958416643161,373.4191001114868,0,-3,0
13:07:03:496,7.031305714919426,3.807817794064162,370.24715428656174,-0.17729744885087,-0.012619917521356844,0.0027537800991928522,370.3334902404946,-10,-1,0
13:07:03:620,6.974021543662757,3.741745337613037,369.7752326490343,0.059161021452780085,-0.078901234477119,0.0008843175871988177,369.859919855221,3,-5,0
13:07:03:741,7.023277055884232,3.830410605851804,369.2457100572661,0.12995849580162203,-0.047481694409390665,-0.0064702485451020855,369.3323609727528,7,-3,-1
13:07:03:867,6.955624057416519,3.6880868500046184,368.9522687129874,-0.13777505432127476,0.05004453133515548,0.001909923991217124,369.0362574044748,-8,3,0
13:07:03:990,6.974021543662757,3.741745337613037,369.7752326490343,0.059161021452780085,-0.078901234477119,0.0008843175871988177,369.859919855221,3,-5,0
13:07:04:112,6.946498852227338,3.6780500011560457,368.74678848799493,-0.20640803456424467,0.068892927264549,-0.00019230586205791356,368.8305517691357,-12,4,0
13:07:04:279,6.939883042749222,3.743831126736359,369.2384125317072,0.08762735799270444,-0.10675072846156472,0.0034397102702194847,369.32260090209445,5,-6,0
13:07:04:400,7.029860241577681,3.745537635337017,369.8306808919359,0.06930788075234569,-0.028653468927145608,-0.0019208794941539147,369.916450723926,4,-2,0
13:07:04:521,6.974880735316314,3.721947408979315,369.83417624228036,0.1096234223731812,-0.07600093974854584,-0.000823820239764432,369.9186664262743,6,-4,0
13:07:04:647,6.965898144490298,3.8893979175799016,371.55058593421853,0.11299911722135732,-0.046767153126513035,0.005580569252297605,371.6362321695529,6,-3,0
13:07:04:811,6.974021543662757,3.741745337613037,369.7752326490343,0.059161021452780085,-0.078901234477119,0.0008843175871988177,369.859919855221,3,-5,0
13:07:04:934,7.163563988090668,3.798533422673005,372.51835575867364,0.01225682535404802,-0.05483383583892107,0.002454334484043177,372.6065899609404,1,-3,0
13:07:05:055,6.944612464645978,3.7418029838093596,370.50249420696366,-0.14922995368669548,0.06231476263503387,0.00043283112664989516,370.5864635215848,-9,4,0
13:07:05:178,7.031337363277824,3.8882960885741595,371.4841826759262,0.1123884022855414,-0.05235295297473801,-0.004985760684962036,371.5710652486137,6,-3,0
13:07:05:302,6.983323652595823,3.835869663624172,370.93212702169996,0.08333985880424778,-0.035432412633309776,0.0017631645193358079,371.0176863198785,5,-2,0
13:07:05:421,7.033454861587635,3.8339393589787356,371.97475094928654,-0.14064500284378295,-0.03577168698602853,0.0023139599415425574,372.06099489476463,-8,-2,0
13:07:05:547,6.928515657612884,3.7174100353140305,371.3586552795465,-0.1386573825452176,0.03668556715512503,-0.0018660477817468552,371.44188551861174,-8,2,0
13:07:05:667,7.016013529016068,3.7406373687484886,369.41960663962317,0.06989812389491519,-0.11090471276422721,0.003343604879321176,369.50515907567205,4,-6,0
13:07:05:790,7.019127641132658,3.7298553139890167,371.9587411627791,-0.10509057832405251,0.009547778938294284,-0.002370058165042874,372.0436602079185,-6,1,0
13:07:05:916,7.042933600192352,3.8474889178066216,372.97071824785706,-0.13272535329853669,0.01217849123733574,0.004802111184344878,373.0570502684432,-8,1,0
13:07:06:038,7.032339784762905,3.8001757714668427,371.5625093591301,0.06046908114397714,-0.0519429872244856,-0.0032344314058204383,371.64848109469796,3,-3,0
13:07:06:165,7.021570237638346,3.802622096870676,372.47395508202584,-0.14892288904480602,0.053341066031499115,0.00202997970596806,372.5595383262395,-9,3,0
13:07:06:288,6.974021543662757,3.741745337613037,369.7752326490343,0.059161021452780085,-0.078901234477119,0.0008843175871988177,369.859919855221,3,-5,0
13:07:06:408,7.0139046832239185,3.799621856394614,370.5177239789574,0.09963985696766198,-0.04011275154176861,0.0018463745457871854,370.60358304757904,6,-2,0
13:07:06:572,6.955624057416519,3.6880868500046184,368.9522687129874,-0.13777505432127476,0.05004453133515548,0.001909923991217124,369.0362574044748,-8,3,0
13:07:06:694,7.046157539323353,3.78824544913131,368.4049701703661,0.14196903721421023,-0.04338581557866093,-0.0015165344647560704,368.4918197000853,8,-2,0
13:07:06:815,6.944612464645978,3.7418029838093596,370.50249420696366,-0.14922995368669548,0.06231476263503387,0.00043283112664989516,370.5864635215848,-9,4,0
13:07:06:939,6.949557442448782,3.784422010138473,370.0255596619415,0.07053403315192519,-0.0870780653029086,0.006201380888722163,370.1101633321216,4,-5,0
13:07:07:062,6.955624057416519,3.6880868500046184,368.9522687129874,-0.13777505432127476,0.05004453133515548,0.001909923991217124,369.0362574044748,-8,3,0
13:07:07:188,7.008067749186007,3.7799347700464323,370.84152514077357,0.13748212037060728,-0.0010067245862224606,0.002535070692196483,370.92699778956234,8,0,0
13:07:07:309,7.092355354702964,3.7982690455105588,371.80376146002607,-0.12096812406321794,0.030153730642218587,0.008455246317484273,371.89079766517943,-7,2,0
13:07:07:475,6.971661333712323,3.751251886157594,371.05049948597065,-0.12947987132400804,0.0011675190263311316,0.003141959727903385,371.1349473186993,-7,0,0
13:07:07:598,7.046845291853512,3.751976827601963,370.98331185246184,0.04467467746008803,-0.12485213887919921,0.0014746120845980095,371.0692024834493,3,-7,0
13:07:07:720,6.945733587335138,3.715610643442513,368.66108185797805,-0.17912834906913616,0.06754967281368046,0.0009468363591926365,368.7452267544825,-10,4,0
13:07:07:842,7.029860241577681,3.745537635337017,369.8306808919359,0.06930788075234569,-0.028653468927145608,-0.0019208794941539147,369.916450723926,4,-2,0
13:07:07:963,7.038976201071159,3.854664439067721,371.542232132488,0.11829540133486638,-0.04799940638653093,0.005350264722471289,371.6288953807126,7,-3,0
13:07:08:090,7.026682423100191,3.916338469060577,369.67327481751573,0.1532745403053225,-0.029838197078379057,-0.005401353585559668,369.7607903593699,9,-2,0
13:07:08:210,6.945733587335138,3.715610643442513,368.66108185797805,-0.17912834906913616,0.06754967281368046,0.0009468363591926365,368.7452267544825,-10,4,0
13:07:08:331,6.971661333712323,3.751251886157594,371.05049948597065,-0.12947987132400804,0.0011675190263311316,0.003141959727903385,371.1349473186993,-7,0,0
