timestamp,tx,ty,tz,rx,ry,rz,Distance,Angle X,Angle Y,Angle Z
12:31:49:938,err,err,err,err,err,err,err,err,err,err
12:31:50:138,err,err,err,err,err,err,err,err,err,err
12:31:50:295,err,err,err,err,err,err,err,err,err,err
12:31:50:501,err,err,err,err,err,err,err,err,err,err
12:31:50:657,err,err,err,err,err,err,err,err,err,err
12:31:50:801,err,err,err,err,err,err,err,err,err,err
12:31:50:921,err,err,err,err,err,err,err,err,err,err
12:31:51:044,err,err,err,err,err,err,err,err,err,err
12:31:51:169,err,err,err,err,err,err,err,err,err,err
12:31:51:290,err,err,err,err,err,err,err,err,err,err
12:31:51:412,err,err,err,err,err,err,err,err,err,err
12:31:51:536,err,err,err,err,err,err,err,err,err,err
12:31:51:657,err,err,err,err,err,err,err,err,err,err
12:31:51:786,err,err,err,err,err,err,err,err,err,err
12:31:51:908,err,err,err,err,err,err,err,err,err,err
12:31:52:030,err,err,err,err,err,err,err,err,err,err
12:31:52:158,err,err,err,err,err,err,err,err,err,err
12:31:52:276,err,err,err,err,err,err,err,err,err,err
12:31:52:399,err,err,err,err,err,err,err,err,err,err
12:31:52:521,err,err,err,err,err,err,err,err,err,err
12:31:52:646,err,err,err,err,err,err,err,err,err,err
12:31:52:769,err,err,err,err,err,err,err,err,err,err
12:31:52:890,err,err,err,err,err,err,err,err,err,err
12:31:53:012,err,err,err,err,err,err,err,err,err,err
12:31:53:134,err,err,err,err,err,err,err,err,err,err
12:31:53:257,err,err,err,err,err,err,err,err,err,err
12:31:53:382,err,err,err,err,err,err,err,err,err,err
12:31:53:543,err,err,err,err,err,err,err,err,err,err
12:31:53:669,err,err,err,err,err,err,err,err,err,err
12:31:53:834,err,err,err,err,err,err,err,err,err,err
12:31:53:966,err,err,err,err,err,err,err,err,err,err
12:31:54:079,err,err,err,err,err,err,err,err,err,err
12:31:54:200,err,err,err,err,err,err,err,err,err,err
12:31:54:364,err,err,err,err,err,err,err,err,err,err
12:31:54:488,err,err,err,err,err,err,err,err,err,err
12:31:54:609,err,err,err,err,err,err,err,err,err,err
12:31:54:737,err,err,err,err,err,err,err,err,err,err
12:31:54:857,err,err,err,err,err,err,err,err,err,err
12:31:54:980,err,err,err,err,err,err,err,err,err,err
12:31:55:102,err,err,err,err,err,err,err,err,err,err
12:31:55:225,err,err,err,err,err,err,err,err,err,err
12:31:55:350,err,err,err,err,err,err,err,err,err,err
12:31:55:471,err,err,err,err,err,err,err,err,err,err
12:31:55:596,err,err,err,err,err,err,err,err,err,err
12:31:55:722,err,err,err,err,err,err,err,err,err,err
12:31:55:839,err,err,err,err,err,err,err,err,err,err
12:31:55:966,err,err,err,err,err,err,err,err,err,err
12:31:56:086,err,err,err,err,err,err,err,err,err,err
12:31:56:210,err,err,err,err,err,err,err,err,err,err
12:31:56:335,err,err,err,err,err,err,err,err,err,err
12:31:56:454,err,err,err,err,err,err,err,err,err,err
12:31:56:582,err,err,err,err,err,err,err,err,err,err
12:31:56:702,err,err,err,err,err,err,err,err,err,err
12:31:56:866,err,err,err,err,err,err,err,err,err,err
12:31:56:990,err,err,err,err,err,err,err,err,err,err
12:31:57:109,err,err,err,err,err,err,err,err,err,err
12:31:57:240,err,err,err,err,err,err,err,err,err,err
12:31:57:358,err,err,err,err,err,err,err,err,err,err
12:31:57:480,err,err,err,err,err,err,err,err,err,err
12:31:57:606,err,err,err,err,err,err,err,err,err,err
12:31:57:726,err,err,err,err,err,err,err,err,err,err
12:31:57:851,err,err,err,err,err,err,err,err,err,err
12:31:57:972,err,err,err,err,err,err,err,err,err,err
12:31:58:097,err,err,err,err,err,err,err,err,err,err
12:31:58:222,err,err,err,err,err,err,err,err,err,err
12:31:58:342,err,err,err,err,err,err,err,err,err,err
12:31:58:468,err,err,err,err,err,err,err,err,err,err
12:31:58:588,err,err,err,err,err,err,err,err,err,err
12:31:58:712,err,err,err,err,err,err,err,err,err,err
12:31:58:834,err,err,err,err,err,err,err,err,err,err
12:31:58:957,err,err,err,err,err,err,err,err,err,err
12:31:59:086,err,err,err,err,err,err,err,err,err,err
12:31:59:203,err,err,err,err,err,err,err,err,err,err
12:31:59:328,err,err,err,err,err,err,err,err,err,err
12:31:59:451,err,err,err,err,err,err,err,err,err,err
12:31:59:573,err,err,err,err,err,err,err,err,err,err
12:31:59:721,err,err,err,err,err,err,err,err,err,err
12:31:59:817,err,err,err,err,err,err,err,err,err,err
12:31:59:981,err,err,err,err,err,err,err,err,err,err
12:32:00:106,err,err,err,err,err,err,err,err,err,err
12:32:00:229,err,err,err,err,err,err,err,err,err,err
12:32:00:351,err,err,err,err,err,err,err,err,err,err
12:32:00:473,err,err,err,err,err,err,err,err,err,err
12:32:00:596,err,err,err,err,err,err,err,err,err,err
12:32:00:723,err,err,err,err,err,err,err,err,err,err
12:32:00:842,err,err,err,err,err,err,err,err,err,err
12:32:00:969,err,err,err,err,err,err,err,err,err,err
12:32:01:181,err,err,err,err,err,err,err,err,err,err
12:32:01:293,err,err,err,err,err,err,err,err,err,err
12:32:01:419,err,err,err,err,err,err,err,err,err,err
12:32:01:542,err,err,err,err,err,err,err,err,err,err
12:32:01:670,0.12956904624101803,3.336081488951978,84.77273442649074,0.7119591691589158,0.10777083148719035,-0.15428206887930776,84.8384507754768,40,9,-6
12:32:01:792,1.413913695809777,1.3385406406101772,91.90725123312828,-0.021185501376659217,-0.0017499240468895703,0.0008601880865745752,91.92787211839031,-1,0,0
12:32:01:912,0.10507550336020431,3.2937873610130253,82.90992033732948,0.7333614988373276,0.10343929182458594,-0.15425476988126582,82.97538771457049,42,8,-6
12:32:02:035,1.4500410256912468,1.2699956662723075,91.98137149033256,-0.12324678893622598,0.006266879320421307,0.0013641619028606769,92.00156634107434,-7,0,0
12:32:02:157,err,err,err,err,err,err,err,err,err,err
12:32:02:278,0.10496216102107367,3.3748517001089464,83.15607803534338,0.7167080289846092,0.10414916492585351,-0.1519190041179372,83.22459945997393,41,8,-6
12:32:02:403,err,err,err,err,err,err,err,err,err,err
12:32:02:525,0.06413906349689283,3.466105393275481,83.29866767612164,0.6982467301234648,0.10444338473985375,-0.1492351204822846,83.37077447783312,40,8,-6
12:32:02:646,err,err,err,err,err,err,err,err,err,err
12:32:02:770,err,err,err,err,err,err,err,err,err,err
12:32:02:894,1.5142930280129545,1.3333147697195178,91.82025798461157,-0.12919702488535667,-0.021127712620183012,0.000596188439627191,91.84242259441149,-7,-1,0
12:32:03:019,err,err,err,err,err,err,err,err,err,err
12:32:03:138,err,err,err,err,err,err,err,err,err,err
12:32:03:265,err,err,err,err,err,err,err,err,err,err
12:32:03:384,err,err,err,err,err,err,err,err,err,err
12:32:03:509,err,err,err,err,err,err,err,err,err,err
12:32:03:634,1.2072226814781968,-2.068062423976881,77.21875506845768,-1.2409322212967182,0.011510417170227622,0.012042734500195594,77.2558761720725,-71,1,0
12:32:03:756,err,err,err,err,err,err,err,err,err,err
12:32:03:880,err,err,err,err,err,err,err,err,err,err
12:32:04:001,err,err,err,err,err,err,err,err,err,err
12:32:04:125,err,err,err,err,err,err,err,err,err,err
12:32:04:251,err,err,err,err,err,err,err,err,err,err
12:32:04:370,err,err,err,err,err,err,err,err,err,err
12:32:04:521,0.11464600500006483,3.407816821806175,82.80872197186302,0.7110407935812669,0.10180905483806962,-0.1508851111763895,82.87889232977693,40,8,-6
12:32:04:658,err,err,err,err,err,err,err,err,err,err
12:32:04:780,err,err,err,err,err,err,err,err,err,err
12:32:04:906,err,err,err,err,err,err,err,err,err,err
12:32:05:025,err,err,err,err,err,err,err,err,err,err
12:32:05:149,1.6612949660815886,1.3224192104951469,105.89724361932257,-0.12937256202762865,0.007261595868417856,0.00039599103067706034,105.91852953899412,-7,0,0
12:32:05:273,err,err,err,err,err,err,err,err,err,err
12:32:05:396,1.8581671701582503,1.5150314328744985,112.12200015104493,-0.10731309537836238,-0.02040932548945809,-0.001415899395404208,112.14763048475777,-6,-1,0
12:32:05:522,err,err,err,err,err,err,err,err,err,err
12:32:05:738,1.854516992229869,1.5445718886693596,116.98318111657038,-0.15052773224565935,0.006346123490136148,-0.0003171023931385279,117.00807493393798,-9,0,0
12:32:05:860,1.874452723801384,1.5450628057917861,117.27929098990833,-0.1249988230077435,-0.022411409792311026,0.0009112264583124992,117.3044453001812,-7,-1,0
12:32:05:988,1.9261037028800971,1.5243495721886415,117.01691453569785,-0.14769852420324683,-0.020685747821206055,0.0017737220987940928,117.04269223043057,-8,-1,0
12:32:06:099,1.9241139924024062,1.6255312513188145,117.45123912108508,-0.065539941162979,-0.02232718284613242,0.0006659529802861903,117.47824538008337,-4,-1,0
12:32:06:214,1.9141853641231212,1.5433973426365424,117.3963959439549,-0.11434179749302122,-0.025552648547063916,0.001825718564752292,117.4221442556527,-7,-1,0
12:32:06:341,1.9112061603185944,1.5329158458746004,117.67286961592227,-0.1382673081058518,-0.0038407082734249207,0.0025746848250910444,117.69837205171368,-8,0,0
12:32:06:504,1.9839407591583038,1.5479327080511318,121.78228460477409,-0.1381981150402898,-0.000999627363781166,0.0002174778328102927,121.80827952221762,-8,0,0
12:32:06:626,2.0081518060314414,1.5874659404550469,123.44793969505014,-0.14879361293443621,0.001211176536547026,-0.00038933626645098335,123.47447726854692,-9,0,0
12:32:06:752,2.0117903326786553,1.5726702397887011,123.26265284458351,-0.12745944702785383,-0.005004482125573487,0.0011149063946789205,123.2890999979726,-7,0,0
12:32:06:871,2.0443722644662246,1.5976437366712257,123.29216081079902,-0.12735344356509373,-0.001609148940743042,-0.00036367646231101467,123.3194584842999,-7,0,0
12:32:06:997,2.0067095274419384,1.5676381003575441,123.07009571134138,-0.14866916026654367,0.009250932718798725,-0.0011533951020326694,123.09643711635178,-9,1,0
12:32:07:118,2.0051914256095973,1.5697851534293994,122.79981287111313,-0.15573002501298938,-0.006323713519214015,0.001317498059488477,122.82621486987892,-9,0,0
12:32:07:240,2.0068159627526385,1.5384456351950309,122.90902417258447,-0.15166881951742106,-0.005480243912052407,0.0022832053290417144,122.9350330391535,-9,0,0
12:32:07:365,2.024421330540653,1.5872813789730016,123.26277150366114,-0.12404261526692527,0.006487306251812668,-0.0010941722618385337,123.28961263084315,-7,0,0
12:32:07:488,2.010705038720111,1.5622103801475702,122.88502916788434,-0.13197299667651127,0.0007577961001205029,-0.0016038422900201915,122.91140642599596,-8,0,0
12:32:07:612,2.004747446299331,1.5361007399533246,123.07594176230674,-0.16101108255336688,-0.0039748941892336544,-0.002098752151857784,123.10185237633692,-9,0,0
12:32:07:732,2.0066767799034158,1.5602603433350923,122.99385011116168,-0.13868535542857005,-0.020034010041488696,-0.00032048341379278903,123.02011351484315,-8,-1,0
12:32:07:857,2.0096172142528803,1.6112135727869497,123.28063309428883,-0.10620825174695056,0.010664244529813793,-0.0009940557348435903,123.30753856376185,-6,1,0
12:32:07:982,1.9920024098961269,1.5359929729761803,122.83282142527469,-0.13399035065429488,-0.004494015996936039,0.0006125848889262944,122.85857465927026,-8,0,0
12:32:08:101,1.9715245196823379,1.5603474550692447,122.98867880785203,-0.13871629332295185,0.008322103084220945,0.00041545782973377896,123.01437602172048,-8,0,0
12:32:08:227,1.9917364909991024,1.6176813719984864,123.19033980565457,-0.11158838456672342,0.002575012147042512,0.0003003640291537924,123.21705940616961,-6,0,0
12:32:08:350,2.022406285735079,1.5897974120787728,123.08126558419806,-0.1326825393140392,-0.009086467047379044,-0.00107294126079173,123.1081456314079,-8,-1,0
12:32:08:472,2.035191732285537,1.542457320433818,122.85307051669355,-0.16294107881733058,0.0003384369271681348,-0.00011597240609072574,122.87960821614057,-9,0,0
12:32:08:595,2.0260260505315633,1.5826341725458237,123.00184151513204,-0.1417693052563497,-0.0004373282692918698,-0.00079749726273146,123.0287061160736,-8,0,0
12:32:08:716,2.041630792681647,1.5750021938956158,123.19680475000843,-0.16032159480085872,0.014306239325506648,-0.00010523152686295795,123.22378661937029,-9,1,0
12:32:08:840,2.0054089099755554,1.5582236607398816,122.98576282943185,-0.1415518691223852,0.009213100417436062,-0.0012054791599540803,123.0119814677024,-8,1,0
12:32:08:961,2.055173469489151,1.556699320263157,122.92832758091869,-0.16187875321961348,0.0051807703052029735,-0.0018289084165541204,122.95536089412715,-9,0,0
12:32:09:131,2.0125356119922095,1.5875660573499,123.1912471615032,-0.14030188886305475,0.005749442761229998,-4.819020871757759e-05,123.21791283243908,-8,0,0
12:32:09:248,2.0159962645553833,1.5898581154085374,123.08094164288235,-0.15176929133093683,-0.002141070989257392,-0.0014489183550519178,123.10771740822929,-9,0,0
12:32:09:394,2.0474981681466913,1.5881653509209792,123.13552211903011,-0.13713866006911238,0.00602100919229604,-0.00026810288674134614,123.16278384908561,-8,0,0
12:32:09:498,2.0007541309780144,1.5951197453523451,123.06420843949444,-0.1430878199044403,0.0028312355330232814,-0.0004319812864205025,123.0908072235046,-8,0,0
12:32:09:619,2.023392608377794,1.578919818452284,122.9193498764852,-0.14456042330900018,0.0021231113534420187,4.566447100852406e-06,122.94614137702135,-8,0,0
12:32:09:743,2.041814984377036,1.5945922484860926,123.20748783556877,-0.1292847129588372,-0.013300290983447064,0.0009146242621652046,123.23472234569762,-7,-1,0
12:32:09:864,2.0483857970127324,1.5824849967975247,123.12873972917757,-0.14609088319454375,-0.009530348097445114,9.238173510631219e-05,123.15594460047004,-8,-1,0
12:32:09:988,2.039790691443529,1.607905590590051,123.45006009401189,-0.11628705163244343,0.006576990539870597,-0.0009653815708934664,123.47738029156716,-7,0,0
12:32:10:112,2.012024197498549,1.574465737206432,122.8620121932133,-0.17014814910096038,-1.6084410036525594e-05,0.0006577811246570378,122.88857238935707,-10,0,0
12:32:10:232,2.0040682692733385,1.603707736666059,123.29272701280415,-0.11808109004844868,0.0034684678528349184,-0.0006214473338102138,123.31944170481148,-7,0,0
12:32:10:361,2.0325172127409754,1.5589112440916826,123.07534132045447,-0.18365242605546786,-0.006646779338036752,0.000293633822059758,123.10199418219598,-11,0,0
12:32:10:479,2.0369088870009135,1.6438824622565604,123.50379156241823,-0.08228019761368849,-0.000773330496685591,0.0010693855536835252,123.53152584525502,-5,0,0
12:32:10:603,2.015217353309471,1.6027020493169066,123.06491563019992,-0.11275732294767211,0.0021502643831177288,0.0015692603244860824,123.09184868994448,-6,0,0
12:32:10:730,2.0527007450577903,1.5779145652073623,123.20705792947493,-0.1562177355982925,-0.012386687723623387,0.0013218362063867773,123.23425870414788,-9,-1,0
12:32:10:952,2.053530602200813,1.6233787635943604,123.12925543585287,-0.06635048439754657,0.000545641788819786,0.00040124676286410475,123.15707811868454,-4,0,0
12:32:11:071,2.013783565950299,1.5652187062787832,123.11995515127866,-0.13458632310867538,0.0022243594071543597,-0.0007569199325581764,123.14637059329782,-8,0,0
12:32:11:194,1.978388689319782,1.5695330659886566,123.08672279392947,-0.14612498617577732,0.015968840621579543,0.00019098317223668066,123.11262641987985,-8,1,0
12:32:11:314,2.01831470820772,1.582765831532542,123.06802964508309,-0.12455346309542685,-0.018820345578545578,-0.0013215309508130654,123.09475481376892,-7,-1,0
12:32:11:473,2.0334862578648316,1.5798784974372053,123.46674846573336,-0.14190214187657468,0.0019017948518323998,0.0014797583963868355,123.49359926380096,-8,0,0
12:32:11:602,2.0191219472770814,1.539991905287461,122.95231204842783,-0.1703290345880698,-0.010185013521232883,-0.0027999724577964053,122.97853254353095,-10,-1,0
12:32:11:723,2.0534973149942233,1.5153272497723564,122.72960429639994,-0.18425397984658654,-0.00939591111845297,0.0007270036300184092,122.7561356456267,-11,-1,0
12:32:11:842,2.022538315361777,1.587909093730719,123.10628705134505,-0.15595184469810153,-0.008100482365568408,0.00021601324346177166,123.13313943896348,-9,0,0
12:32:11:962,2.000519416411722,1.540853113253998,122.83764934751699,-0.16508456662134946,-0.00168290575281466,-9.099043723467496e-05,122.86360080786989,-9,0,0
12:32:12:079,2.0238777209529215,1.5222818184591291,122.56768752014425,-0.1874217157851175,0.007198625715123972,-0.0009172781012548224,122.59384750875512,-11,0,0
12:32:12:204,2.023858549064361,1.5837738097971255,123.13782932145482,-0.14430953283700407,-0.009946249335360773,-0.0009910879800277127,123.16464327438682,-8,-1,0
12:32:12:324,2.018422064783806,1.5239029433864084,122.77326588558367,-0.1513229409047751,0.0036028425805280737,-0.0014041404734898783,122.79931239231225,-9,0,0
12:32:12:446,2.0148186014162297,1.5701136012221029,123.34883977139955,-0.11571492531804971,0.005143678530302954,-0.0013722668262977859,123.37528530328818,-7,0,0
12:32:12:572,2.040418522008445,1.5824415422236637,123.19551336741243,-0.11037142089601248,0.0018537834039684799,-0.00020210520062960403,123.22257075243888,-6,0,0
12:32:12:694,2.0254452626299657,1.607191344879635,123.554525953417,-0.10231482162075337,0.012074534197766449,-0.0003122309156839454,123.58157781847811,-6,1,0
12:32:12:819,1.9972448144901638,1.5539384788159618,123.18783336652378,-0.15526000436023607,0.024456028757118588,0.0001831960719426544,123.2138222813633,-9,1,0
12:32:12:940,2.026785876253784,1.5612072775476946,123.13970558389956,-0.12306793376076486,-0.009134086165620165,0.0027948226586224727,123.16627915318833,-7,-1,0
12:32:13:061,1.9953775582880695,1.6078932049340555,123.04946653393203,-0.14141765006325518,-0.005573489402114451,-0.00046847758243337363,123.07614743094558,-8,0,0
12:32:13:188,2.0275635022749845,1.5815563002719855,123.25597975993782,-0.1518486311954786,0.0037878499113640366,0.0003912816709523641,123.28280042515618,-9,0,0
12:32:13:309,2.0205129300839855,1.598642075611346,123.29786251955503,-0.14505646407558162,0.0008685992974850646,0.0027701206720550276,123.32477865732272,-8,0,0
12:32:13:434,2.042431655411296,1.6021181893667438,122.98905877634465,-0.12962880227842197,0.005975100687722078,-0.0037591778192676687,123.016449666095,-7,0,0
12:32:13:554,2.0131643801923307,1.6447811100941427,123.29069988996828,-0.05762794232926946,0.006531808444614482,-0.0018159910853015816,123.31810416593349,-3,0,0
12:32:13:679,2.0312000117727886,1.5735575702442872,122.92401148998339,-0.13431523547280166,-0.00943006033863027,-0.0023197578783626382,122.95086196405565,-8,-1,0
12:32:13:805,2.025753428343815,1.6634209010829446,123.45615472636607,-0.036268008390349424,0.009316735754969186,-0.0017615689731667284,123.48397785084121,-2,1,0
12:32:13:924,2.0094433612351903,1.5581495664851785,123.28122350857629,-0.17123965838825972,0.010998275427653836,0.00014471245013945332,123.30744406752211,-10,1,0
12:32:14:050,2.011780015580733,1.593852401112085,123.29351544742899,-0.0965342690598374,0.009180485194389918,-0.0004468903981264049,123.32022776370887,-6,1,0
12:32:14:212,2.0163445251768968,1.582179896472911,123.26520468425235,-0.1511566192481273,0.01667749583175053,-0.0006142353380624283,123.29184735545024,-9,1,0
12:32:14:332,2.0139923362706234,1.575156406508077,122.98518751018759,-0.15312301385917532,0.00023501886780282423,0.000538034584643772,123.01176216017524,-9,0,0
12:32:14:482,2.0164787427214974,1.5715927539759278,123.03992069609396,-0.14119320164291455,-0.0039049978100154687,-0.002001964735173598,123.06647868207365,-8,0,0
12:32:14:621,2.055695732437515,1.5434889040267001,122.72849685580712,-0.1570932255594945,-0.012648958648889826,-0.00042664483620697406,122.7554161062846,-9,-1,0
12:32:14:743,2.019682622395567,1.6128423867993937,123.23381669867246,-0.12068926659834077,0.013152955193130015,0.00012727006120351537,123.26091820435975,-7,1,0
12:32:14:891,1.9932053582422542,1.5477977294332657,122.9923524924425,-0.1588118616237818,-0.004491404991615016,-0.0007061571199871523,123.0182397737693,-9,0,0
12:32:14:989,2.030047508671193,1.5632950967965065,122.94755144924784,-0.15186086153435305,0.010540510811295273,0.001765593361002754,122.97424686418118,-9,1,0
12:32:15:115,2.0102954324710596,1.5941210042098723,123.0477313431485,-0.1439212040241831,0.005028380166311813,-0.0005121261639649751,123.07447622556647,-8,0,0
12:32:15:277,1.9993299326476175,1.5887827885856804,122.91670689281305,-0.14835114638547994,0.0016399958501968107,-4.800893473774416e-05,122.94323236478941,-8,0,0
12:32:15:400,2.0163824840087505,1.6001232771326606,123.04526528784376,-0.1344219706019947,-0.001347350782587941,6.207079436487217e-05,123.0721881766132,-8,0,0
12:32:15:524,2.023191077444974,1.5548747602360364,122.74268043364448,-0.13920422304283117,-0.002090347506937933,-0.0009918627139417113,122.76920028122544,-8,0,0
12:32:15:647,2.0355559555970224,1.6105341484087938,123.19962333155537,-0.1048462252894321,0.007406746324580941,-0.0005627998252774155,123.22696335351561,-6,0,0
12:32:15:773,2.0208880457859104,1.5655505145020148,123.1024738385038,-0.15326037243009538,0.010050849826380364,0.0015496060406642448,123.12901364855713,-9,1,0
12:32:15:933,2.0189428903175877,1.5499183665656957,122.97087803461926,-0.13529761045012773,-0.006525482447750547,-0.0005738263299500103,122.99721631786058,-8,0,0
12:32:16:056,2.022365095299799,1.555908523969719,122.7364699148051,-0.15660070390572678,-0.0009046415024088852,-0.0003831570550912892,122.76299059187791,-9,0,0
12:32:16:181,2.0194584777205606,1.5897458109852838,123.16226353500747,-0.09854200955475019,-0.015546080380115943,0.0009733015516262743,123.1890768832749,-6,-1,0
12:32:16:302,1.9865457500843382,1.5568040196655977,122.92758799177308,-0.1616225504507742,0.0008614583971500051,-0.0018093866286528685,122.95349483543743,-9,0,0
12:32:16:424,2.0352184912773366,1.6104684179907727,123.1541902665317,-0.14061540708940737,-0.007572336018858397,2.6135355821519833e-06,123.18153393685952,-8,0,0
12:32:16:552,2.023850794375078,1.5702653815620455,123.08874459912431,-0.1260595356078505,0.0030234632335039203,-0.001893044332117014,123.11539608186654,-7,0,0
12:32:16:671,2.0232706355831676,1.5745079209678134,123.07784316145867,-0.13808320778992936,0.0038963016626545255,-0.0015054811971765803,123.1045416568155,-8,0,0
12:32:16:797,2.0434861025264905,1.5315898157880676,122.70370109115129,-0.17615702990501572,-6.988294935229227e-05,-0.0017697572083689818,122.73027281107805,-10,0,0
12:32:16:960,2.0207076905339556,1.5746884098772709,123.05832809723346,-0.1560738326850709,-0.009751040689616899,-0.0029004621102106175,123.08499103158412,-9,-1,0
12:32:17:081,2.0312051544559564,1.5864847791893018,123.1171227651681,-0.1391831986063959,-0.002855223118891762,0.0006476098042255053,123.14409708267613,-8,0,0
12:32:17:205,2.0081408197183777,1.5718014926291228,122.87227115055983,-0.15503370010066939,0.003536676679333096,-0.0009144102227790484,122.89873151168301,-9,0,0
12:32:17:326,2.0362797514133066,1.54691827811546,123.27051598465252,-0.14988184166993332,0.006984310709534206,-0.0007126651821112074,123.29703768747916,-9,0,0
12:32:17:454,2.031076588583223,1.6283694300674334,123.25191540732362,-0.11585703715120188,0.0007938455319074495,0.0009434151139339145,123.27940424370783,-7,0,0
12:32:17:574,2.013382794498765,1.5641750696598673,123.13561670647101,-0.15675371678375496,0.003389010301665482,-0.00010672312795591227,123.16200897845354,-9,0,0
12:32:17:832,2.014528803432835,1.5840567361528877,122.96075931717343,-0.13803243725387682,-0.002446805046791243,-0.0015357343625129482,122.98746234433436,-8,0,0
12:32:17:955,2.041825659543016,1.61062806858367,123.15616200619145,-0.0855562558914576,-0.00014251781640982553,-0.00017701579222488374,123.18361666591281,-5,0,0
12:32:18:076,2.0420347443951874,1.5905721927624883,122.88760262946425,-0.12550628530105873,0.010125864832009918,0.0020984627235972235,122.91485958099133,-7,1,0
12:32:18:200,2.0496934377333997,1.5751902620986376,123.21220132560912,-0.14100312707169105,0.004269091395133744,-0.0007249291084862186,123.23931606047208,-8,0,0
12:32:18:322,2.0044524292673316,1.59979024936873,123.02900708315468,-0.15364223229793994,-0.0037847009277753546,-0.0016549039254016179,123.05573429243391,-9,0,0
12:32:18:450,2.021388686913415,1.6166591999515167,123.13619051726735,-0.13039708009800155,0.007606993004063845,-0.0010527956152442156,123.16339153456732,-7,0,0
12:32:18:568,2.0443722644662246,1.5976437366712257,123.29216081079902,-0.12735344356509373,-0.001609148940743042,-0.00036367646231101467,123.3194584842999,-7,0,0
12:32:18:688,2.0421823463079125,1.5597885950637318,123.18694791398896,-0.14591253351365902,-0.0012962845747218825,-0.00023195890054152087,123.21374755099647,-8,0,0
12:32:18:815,1.9566520549576423,1.5565676315775474,123.1715751292738,-0.13109245167085393,0.014647890985910964,-0.00037962468390223943,123.19694927181511,-8,1,0
12:32:18:939,1.9838881217284106,1.5681055446839076,123.12282795672138,-0.14974019786162676,0.009355766042154007,-0.0004200016074801225,123.14879427399691,-9,1,0
12:32:19:063,1.9914397222368416,1.557011334329453,122.8789563936809,-0.15956188507665658,-0.0033286645231672602,0.0007776313991985982,122.90495531451393,-9,0,0
12:32:19:195,1.9850779213723255,1.5901824121908632,123.27035365038756,-0.15764265572991593,-0.0008948413994255807,0.0025157224707566908,123.2965908026235,-9,0,0
12:32:19:310,2.0083645772023395,1.6700562515984585,123.28389815516434,0.00968963785412684,0.00019119197510070516,-0.00035473511592446356,123.311565396322,1,0,0
12:32:19:430,2.012055179292559,1.627096045033857,123.17668383846502,-0.09720756525510757,-0.008440247125113473,-0.0010077873289697974,123.20386052809162,-6,0,0
12:32:19:543,1.981270646531695,1.5804458105081154,122.16382776205391,-0.17575488198570627,-0.021089517475468757,-0.0007946128394852028,122.19011439478864,-10,-1,0
12:32:19:667,1.9112518116230552,1.5261269608109043,118.20097015986187,-0.13067051330610002,-0.025586491988899313,-0.002367881585021239,118.22627158851158,-7,-1,0
12:32:19:829,1.8578164980555942,1.5295015465525303,118.06599133158548,-0.1564841017531141,0.011853645421518734,0.003116150553938594,118.090512600426,-9,1,0
12:32:19:953,1.974226703081841,1.543238368013188,121.87441411295906,-0.12989762415170525,-8.719056141114182e-05,0.0018901491300082358,121.90017215374515,-7,0,0
12:32:20:076,2.004715287109652,1.5799394598014003,124.29407798913228,-0.1298730939883195,-0.007735110955468419,-0.0006256517740098071,124.32028360347118,-7,0,0
12:32:20:199,1.9754645076419388,1.6739072434002515,123.7541875782229,0.05003054405053923,0.03260002499353916,0.0003383951106105707,123.78127228553777,3,2,0
12:32:20:323,1.9922702580602647,1.5843533313948817,123.21373650424063,-0.1267844527697416,-0.012381321169910394,0.0004111920113134262,123.24002669423719,-7,-1,0
12:32:20:443,1.9920476918726828,1.5675806408410555,122.7053357261333,-0.1563776603723442,0.006342119453040416,-0.0001583355323966774,122.7315158332827,-9,0,0
12:32:20:565,1.9580116815179487,1.5742742055751828,122.61592546847909,-0.16192843026447193,0.0014750858473346045,-0.0009383891969769518,122.64166228289194,-9,0,0
12:32:20:695,2.0264161077115035,1.564821352752469,122.53875396593207,-0.154994638677257,-0.01034244670765641,-0.0008668659398583812,122.56549780272935,-9,-1,0
12:32:20:812,1.9998499225079367,1.5475448896569408,122.30099950465474,-0.15596688823976973,0.0035435192735444026,-0.0001049096740067564,122.32713834115313,-9,0,0
12:32:20:938,2.0063791608357078,1.556187029820687,122.41509955752213,-0.1456632748720572,-0.0005561453032634023,0.0009351631088537216,122.44143038647854,-8,0,0
12:32:21:057,2.015734110606575,1.60859229143834,122.77092936082192,-0.1124024627022327,0.009968023626449463,0.0012298722430312842,122.79801239956885,-6,1,0
12:32:21:181,2.01116022623731,1.554078419499523,122.31299933619047,-0.14597681067592572,0.0035291777503023308,-0.001429433029719671,122.33940383950089,-8,0,0
12:32:21:305,2.0135632028911092,1.5460099301493049,122.51387601607551,-0.1459370509821733,0.004503584139841371,-0.0014388856335161846,122.54017463655941,-8,0,0
12:32:21:427,1.9855349856644906,1.5490973381186317,122.54021701878418,-0.14184206123805637,0.011154566025435282,-0.00011230463742098323,122.56609171688957,-8,1,0
12:32:21:550,1.9824912643157548,1.5470822579236054,122.5258174973849,-0.14462892850246575,0.013603743392232425,-0.0008965287985198056,122.55162050551736,-8,1,0
12:32:21:674,2.030560536129673,1.5732937042910546,122.83745919508537,-0.11365910175602305,0.0057310905638527235,-0.0009693845866181398,122.86431463478365,-7,0,0
12:32:21:797,2.010588363308942,1.5788754590648595,122.70609247826826,-0.13788301138806558,-0.0003375117876377854,0.0007396358460929385,122.73271953544919,-8,0,0
12:32:21:920,2.0380116974664237,1.6013062366561546,122.49420236584307,-0.114996694731901,-0.010558418726804974,-0.0018857213297715453,122.52161967010832,-7,-1,0
12:32:22:044,1.9832501181335933,1.5753511861039948,122.3779933591019,-0.15224903211999705,0.01141558876944397,0.0006220090325928303,122.4042003813228,-9,1,0
12:32:22:165,2.0205607211423904,1.531960152288331,122.57491431149657,-0.15116310774834668,-0.0023942330854690337,-0.0009075906732148212,122.6011385999606,-9,0,0
12:32:22:287,2.009461661018838,1.5498061445977487,122.35476384469976,-0.1347639220336757,0.0069822669185818234,-0.0010421251283765165,122.38107725765934,-8,0,0
12:32:22:411,1.9944341531010152,1.5545289699578977,122.67230354295644,-0.13756822723627346,0.0017405020633963527,-0.0016068946064152613,122.6983634138807,-8,0,0
12:32:22:534,2.0277832901100576,1.5653886815831617,122.43793429818095,-0.17059338403998864,-0.0006001963320345432,-0.0016738193178018434,122.46473003278027,-10,0,0
12:32:22:658,2.0127634067430336,1.5282836164344686,122.46349282734964,-0.15366744141020014,0.004401664397670273,-0.0013809354709076469,122.48956666923964,-9,0,0
12:32:22:781,2.0301586500801037,1.544012540126309,122.5443754842749,-0.15030083586543025,0.0011246202090913582,0.00028447045580946997,122.5709161330677,-9,0,0
12:32:22:905,2.0024143488912727,1.5738231201816313,122.58648990990515,-0.14219647833317084,0.006695469875011814,0.0002702728211595598,122.61294422233544,-8,0,0
12:32:23:025,2.029864406126039,1.5671864255337753,122.58860182468528,-0.17271933980384102,0.0020801831478141934,0.00044362895128562493,122.61542203218511,-10,0,0
12:32:23:149,1.9942885335579728,1.5705849038600734,122.52705402881575,-0.1645940873103253,0.00047069278064674374,0.00039098833802825317,122.55334712963024,-9,0,0
12:32:23:273,2.0347461805077414,1.5643304369886069,122.76912675576021,-0.14385836741003263,-0.002314854418609094,-0.002221698285962411,122.79595191254107,-8,0,0
12:32:23:419,1.9997400567151806,1.5944239453403937,122.5897012610095,-0.12857406684813594,-0.004953770945788648,-0.0005101974196025556,122.61637738603869,-7,0,0
12:32:23:521,2.00538589528703,1.563832825618476,122.68191883040107,-0.12324149768865433,0.0039280046355043815,-0.001001307535294667,122.70827337064365,-7,0,0
12:32:23:642,1.9964823702295629,1.5867136675320441,122.50172457799118,-0.1378587255088056,0.013486829755619278,0.0017053101077433945,122.52826664365811,-8,1,0
12:32:23:764,2.000597089071008,1.5375899413168819,122.54523209077541,-0.1603884339139845,-0.006946061914948499,0.0003641314163074893,122.57120575291103,-9,0,0
12:32:23:932,1.9990694544075893,1.570001847385494,122.55104070880768,-0.146840864317631,0.010555796875605296,0.0007640478911127738,122.57739907216246,-8,1,0
12:32:24:051,1.9928300682118196,1.5812715801820088,122.51110078730075,-0.1280676754884647,0.002470532076370673,0.00029962081820834863,122.5375110225731,-7,0,0
12:32:24:174,2.0126055482303715,1.566139400618275,122.78315853995069,-0.14143889479544142,-0.0019062489981703035,0.0002799222587200299,122.80963885119768,-8,0,0
12:32:24:300,2.0153045035501385,1.5556672905475628,122.58066082749932,-0.15218138107009685,0.004896386329986803,9.040705118800744e-05,122.60709588709511,-9,0,0
12:32:24:418,2.004627778329324,1.5610265148024676,122.66253677339901,-0.14586092689833433,0.004892186659991685,-0.00018579469461449182,122.68884734968795,-8,0,0
12:32:24:547,2.0402904303444074,1.6292418975678304,122.94787514790009,-0.06992550096306861,-0.00403413786525803,-0.0021917400664969748,122.97559602451445,-4,0,0
12:32:24:666,1.9968492919136105,1.5535212876343079,122.50202811170082,-0.11510098717388517,-0.0029449930089404386,-0.00042453725323029275,122.52815075306445,-7,0,0
12:32:24:790,1.9798827743720906,1.5671486662921088,122.57387098760475,-0.15229734357962124,0.00339243106877031,-0.0008976680711559668,122.5998765889611,-9,0,0
12:32:24:916,2.0161531120380283,1.5794047414102832,122.7601491179892,-0.12030161223403382,0.006661443551183677,-0.0011155683449508443,122.78686250645593,-7,0,0
12:32:25:036,2.030037353899454,1.5934206389286918,122.64222019097451,-0.13196188946823909,0.005730034980503786,0.0025957984198294558,122.66936950340238,-8,0,0
12:32:25:201,1.9932562480404918,1.5532929260741266,122.51144330917313,-0.13421867500910142,-0.00030581588264663414,-0.0017561919659196286,122.53750254955128,-8,0,0
12:32:25:364,2.03559858849291,1.6133718169765663,122.9478762526053,-0.11078373366504612,0.003420174720853391,0.00046884271923559645,122.97531014500119,-6,0,0
12:32:25:487,2.0147296895234557,1.5827588697226993,122.68043389643432,-0.14986854843731726,0.008659846331269098,0.0010347744484405768,122.70718447743361,-9,0,0
12:32:25:613,2.001422503050906,1.5335518433102957,122.23512968276813,-0.15705612048690068,0.01319366574619292,-0.0018671639520048853,122.2611320160867,-9,1,0
12:32:25:736,2.020786309426084,1.6025685281757227,122.58531631015457,-0.1347972574222911,0.00019873331900573622,0.0014370526960540014,122.61244462963991,-8,0,0
12:32:25:855,2.0083566706887526,1.6030091639437447,122.59574925044774,-0.13443461878471868,0.014323907311295458,0.00041785817299206627,122.6226768145886,-8,1,0
12:32:25:981,1.9975089007422941,1.548767015249958,122.50934301903679,-0.16074863405574444,-0.002541589181818815,0.001675288088131124,122.53541466870747,-9,0,0
12:32:26:102,2.018456183609868,1.6106102221230387,122.72673516857739,-0.12689822211011287,-0.008583603352576902,0.0013693318995764692,122.7538991469961,-7,0,0
12:32:26:228,2.0096161123452183,1.5594132092546484,122.57253659772667,-0.14556947978256873,-0.003623743362001254,-0.0011667036419370329,122.59892762368372,-8,0,0
12:32:26:348,2.0234026206990037,1.553196671874293,122.13573067595632,-0.16052239941875124,-0.015381089549869543,-0.001631697128480912,122.16236444100413,-9,-1,0
12:32:26:471,2.0244397459645436,1.5878718762351933,122.5171608598745,-0.13683839411668072,0.008413835489725996,0.0011700196086034708,122.54417325415658,-8,0,0
12:32:26:596,1.9753538279195588,1.5475940372388226,122.55484422661682,-0.16430604956843534,0.009177113013540154,3.0362629043740825e-06,122.58053235917964,-9,1,0
12:32:26:718,2.000015450912835,1.5946750774877587,122.77947215323677,-0.11572195866546255,-0.00046134236249517857,0.0003499776840643211,122.80611480147923,-7,0,0
12:32:26:843,2.007063090923713,1.5798311953973547,122.5513099986993,-0.11288913720820656,0.0012185047811729723,0.0007386567551228146,122.57792522005825,-6,0,0
12:32:27:006,2.0051275201355265,1.5742356851525503,122.51168004821012,-0.13923945105456717,-0.0008514637513300461,-0.0026718641237097607,122.53820017692205,-8,0,0
12:32:27:126,2.010493937460246,1.5779495256820588,122.74815264606511,-0.1407991924265984,-0.0011905478392536877,-0.0010298857975572832,122.77475713109705,-8,0,0
12:32:27:250,2.0162321477533602,1.5790008457867923,122.56107063687548,-0.1147185093096513,0.004318553187640431,0.0003066488311124493,122.5878235038122,-7,0,0
12:32:27:415,2.0060388362912454,1.5615642272393402,122.13389246574405,-0.1466348831062979,0.00833657930713358,0.0006616741237783775,122.16034693583035,-8,0,0
12:32:27:537,2.0105864397112416,1.5979170979683672,122.6220722342965,-0.12424398900511902,0.011651062006685631,-0.0001362765872446619,122.64896410453926,-7,1,0
12:32:27:662,2.0102354369698894,1.5668537381321002,122.65108974759134,-0.1175951725161495,0.012645206578667474,-0.00018985838980269056,122.6775688274774,-7,1,0
12:32:27:782,2.0349210407972325,1.5465701392042468,122.53413227876418,-0.1653878556620029,-0.004618437440109247,0.0008839316491776804,122.5607863720996,-9,0,0
12:32:27:946,1.9973833559306877,1.5295008703794781,121.95353592935656,-0.17376017156113957,0.0017155079297260557,0.0019699606120809642,121.97948122063768,-10,0,0
12:32:28:073,2.0232182913649885,1.5441957766948002,122.36258098127651,-0.1440700437707303,0.004424675718377233,-0.0012210911907846393,122.38904843674015,-8,0,0
12:32:28:194,2.0243266637885196,1.56346662898359,122.53335604773712,-0.15699200247420061,-0.006803813216220139,0.00011492906158295438,122.56004924388365,-9,0,0
12:32:28:331,2.0044547090889204,1.5605950596864893,122.66433386808409,-0.12772650539996439,0.005834110941285765,0.00016334281509072055,122.69063574259408,-7,0,0
12:32:28:439,2.029505763287716,1.5527937164833496,122.78523293852228,-0.12516025024192506,0.00586822611951037,-0.0008841627842369842,122.81182145761191,-7,0,0
12:32:28:563,2.016905384400421,1.5526002592476884,122.31907892010167,-0.16787681531574355,0.012769324936640456,0.0003843270958681536,122.34555792000256,-10,1,0
12:32:28:685,2.0223662099286153,1.6086578602769372,122.69650451241766,-0.05789644119453794,0.001169228093176928,0.000879348604993876,122.72371394626313,-3,0,0
12:32:28:808,2.0240356291998047,1.5665009078905414,122.64802270398523,-0.11823992534295966,-0.004584599527835553,-0.0011216777840575285,122.67472485610053,-7,0,0
12:32:28:933,1.9993762276212153,1.6008973067601628,122.707594124137,-0.08652237754565824,0.012724125431132584,-0.00013052182295908343,122.73432296313982,-5,1,0
12:32:29:055,2.0059412563760337,1.6486068221038417,122.96201179783186,-0.0266211354706044,0.010171666439542865,-0.0006303902468883782,122.98942251327169,-2,1,0
12:32:29:177,2.0152007168931574,1.5935118778006252,122.63779952097907,-0.15074149694954392,0.019783127602228695,-0.0006979826378549512,122.66470635591116,-9,1,0
12:32:29:301,2.025273475106007,1.5875325827768405,122.7146853744452,-0.12479525442366753,-0.0054136343614994255,-0.0015613608374263634,122.74166366356381,-7,0,0
12:32:29:421,1.957534012455418,1.5548822478840996,122.26330293940593,-0.14261529366364234,0.026522764469642402,0.001284363492535645,122.28885821638721,-8,2,0
12:32:29:550,2.0106492815820145,1.5580419042649798,122.70096829121357,-0.13297372122042705,0.013059122532028372,-7.310971469373389e-05,122.72733120503506,-8,1,0
12:32:29:670,2.0009577533373113,1.5890666331002128,122.86856281267885,-0.14615191105107825,-0.0007400566646570407,0.0002648576092894476,122.89512883897505,-8,0,0
12:32:29:792,2.0308919860178496,1.5573842403012739,122.4695348360869,-0.1457451701989921,-0.0016994195379947247,-0.0002246670213883674,122.49627313064798,-8,0,0
12:32:29:917,2.0350354415533785,1.58187905864823,122.65123827977447,-0.13131633975237408,-0.017048909524121136,-1.9813575400203834e-05,122.6783190387225,-8,-1,0
12:32:30:038,2.007079947949706,1.5656666299325666,122.18652425549219,-0.1615125895175692,-0.008338610539600728,-0.0008633872958723854,122.21303691321776,-9,0,0
12:32:30:166,2.0001366365676043,1.6017396854198995,122.38303159267444,-0.12929468849374187,0.0045864110337733854,-0.0006047091794178538,122.40985474380051,-7,0,0
12:32:30:283,2.0572704232776426,1.595699395576039,122.89373798686258,-0.11787079529699147,-0.011270544859802202,-0.0012978365845840798,122.92131407749905,-7,-1,0
12:32:30:405,2.0367919923032494,1.5452886488231097,122.39839917916272,-0.16298522823222766,0.005208201709098161,0.0010839378476443858,122.42509775470776,-9,0,0
12:32:30:533,1.9907984275356112,1.5488093118672441,122.53592843226068,-0.14217814353521216,0.005754225231613852,0.0008730163965937102,122.56188577783762,-8,0,0
12:32:30:653,2.007842755094604,1.5612367482169993,122.15201182979536,-0.16732474796072452,0.00410402923085905,-0.0012773372326841822,122.17848782326467,-10,0,0
12:32:30:778,2.0109754725440117,1.6154341324982162,122.38885088449061,-0.14519309302789088,0.006966315884183132,0.0005151125005485748,122.41603028449211,-8,0,0
12:32:30:898,2.0248097520671218,1.5694975694156332,122.54915785329663,-0.12874573609945142,0.006838883780394449,-0.0008596254169010696,122.57593266096197,-7,0,0
12:32:31:023,1.9932217354229707,1.552075057149606,122.49971489666066,-0.1548439524653971,0.015573625873004595,-0.0001529380661821144,122.52576063682582,-9,1,0
12:32:31:143,1.998330738384156,1.559081783984159,122.63733986187003,-0.12895562360008136,-0.0023811692047861046,-0.0003377808218447981,122.66352836171369,-7,0,0
12:32:31:267,2.01723994241524,1.5266225055828038,122.72449651956042,-0.14544901438080343,0.005950711834753303,0.0005250259178720207,122.75056773489655,-8,0,0
12:32:31:392,1.9845358542163472,1.5351064883786363,122.44973089765121,-0.161487053106544,0.008222917285072306,-0.0020694407126518838,122.47543235847151,-9,0,0
12:32:31:513,1.9977932965736893,1.5461327682449677,122.61058051977591,-0.16859085052315192,0.01152963979011267,-0.0005116866482524599,122.63660204029352,-10,1,0
12:32:31:640,2.0349801898242945,1.575536835139532,122.7972967110746,-0.09097355254840692,-0.0013491337125073279,-0.0025994116660036015,122.82426283206242,-5,0,0
12:32:31:758,2.0138216561026683,1.565279539149036,122.55950006251057,-0.1549036336073777,0.005551201543280921,-0.0008904063384412173,122.58603767668973,-9,0,0
12:32:31:883,2.0279761756028476,1.5707849860107839,122.31585255524396,-0.15762255597623734,-0.014401012047981452,0.001114419389259061,122.34274739091514,-9,-1,0
12:32:32:009,2.0354231415757678,1.591200674604186,122.88556828326601,-0.1432979848960365,0.0015528329110996648,0.00022916447077412573,122.91272415520436,-8,0,0
12:32:32:171,2.040328419153304,1.5698151022822797,122.81021129357511,-0.11810679273072983,-0.004449918852091792,0.0010426974268000115,122.83719004229103,-7,0,0
12:32:32:294,2.0309820049378713,1.54104842087769,122.52623497826188,-0.11684831128683482,0.00019568331360754853,4.8118783637016547e-05,122.5527558894051,-7,0,0
12:32:32:417,2.034762158321791,1.5834493815819328,122.87982250113977,-0.09963254126108478,-0.012535177691710432,-0.0010288703956752255,122.90686859120846,-6,-1,0
12:32:32:538,2.031540572215545,1.542085565916443,122.39869556302617,-0.14872996218071957,0.011215156992097833,0.00048189794739571533,122.42526643025747,-9,1,0
12:32:32:664,2.0862137441800375,1.4759673253960868,123.61168283283213,-0.17906088842898277,-0.003048773825201012,-0.00017771608394297252,123.63809647554724,-10,0,0
12:32:32:784,2.2493308207976335,1.6317639498349954,135.0757654407884,-0.07383807366231772,-0.01766063803431607,-0.00030573653810401266,135.10434690321497,-4,-1,0
12:32:32:950,2.7311965699995224,1.9868559918677655,158.86921204029576,0.0835272965985995,0.025140047176501232,-0.0008820229736498962,158.90510868358152,5,1,0
12:32:33:096,3.219021890635996,2.05157083646259,180.80686862118574,-0.08674042389014247,0.04941332866722025,0.00016078131901416516,180.84715863244338,-5,3,0
12:32:33:238,3.755564995932502,2.323187586288371,210.3962796349358,-0.018285402213251267,-0.04116525676841958,0.0004332402749760578,210.44261914645963,-1,-2,0
12:32:33:358,4.084626285245639,2.576155372558432,226.92377813053713,0.15170601230672237,0.05678954187425134,-0.0024707434920329136,226.97515685517416,9,3,0
12:32:33:483,4.312470725273323,2.6328697195712403,235.87203751206573,0.1518210123121869,0.060466200532840374,-0.005090542285548099,235.92614837446467,9,3,0
12:32:33:604,5.217547034599038,4.222450352649806,221.92854883613128,0.7494662769780125,-0.036164575747751976,0.12497589746675601,222.030026511168,43,-4,6
12:32:33:730,4.501415310509696,2.670990679262612,243.53974969969028,0.053938963611699454,-0.039888200940754986,-0.005526707300577308,243.59599055566204,3,-2,0
12:32:33:849,4.2508704265485555,2.4539354602662007,233.15518195783395,-0.14938602406170695,-0.006032980584424576,0.0006821444001246024,233.20684074961676,-9,0,0
12:32:33:974,3.9638740133884545,2.4801271825557185,219.8600655470649,0.15819002219393796,0.006226498447495684,-0.0008149447958568756,219.90978093389876,9,0,0
12:32:34:099,3.813774082180104,2.3625639651059256,211.8971289102776,0.02129048839119343,-0.06299251476860786,-0.0011791634623117494,211.9446149862221,1,-4,0
12:32:34:220,3.649071400067247,2.1924412855948776,201.851372861285,-0.030552091514116943,-0.011811847437957582,0.0002785119811942333,201.89625862521345,-2,-1,0
12:32:34:343,3.463587794090815,2.1603130305468627,194.47711495618134,-0.12176473551690105,0.014499163445261393,-4.770613008277939e-05,194.5199517645352,-7,1,0
12:32:34:464,4.1794274347956515,3.8036064481120104,170.4383355946145,0.7368068450379087,-0.045538908699925024,0.13173832023278273,170.53199487473685,42,-5,6
12:32:34:588,3.2045362338972447,2.0706742672145477,183.42925522888908,-0.09755013509978969,0.002369472655750368,0.0027485592565195663,183.4689303893719,-6,0,0
12:32:34:713,3.1183323202547726,2.0434088590251656,178.975407616928,-0.1190859323493976,0.015974988526602302,0.0014276336960506245,179.01423420463027,-7,1,0
12:32:34:835,3.10571882237536,2.112591695708906,177.05336087732408,0.04861537244157682,-0.018760322894447613,-0.0020006615614398637,177.09319899711673,3,-1,0
12:32:34:960,3.074412432513391,2.063332786659606,175.58004125216559,0.032938642108961316,0.018607485378662376,-0.0006432365461774357,175.61907709615681,2,1,0
12:32:35:081,3.0808407411550394,2.0101954455640225,174.89494769666217,0.0790713623275493,0.017808899817187043,-6.7441070769044425e-06,174.9336308295804,5,1,0
12:32:35:204,3.1352917502707016,1.9345871374151746,175.42529384474457,-0.11842520001506274,0.03078037790474068,0.0028952941039640952,175.46397465652757,-7,2,0
12:32:35:328,3.6594828192974003,-0.006670187751690989,158.41961705433278,-0.8933778140148885,-0.020233611095095992,-0.1577920763321973,158.46187846494053,-51,-5,-7
12:32:35:452,3.9531271122033624,3.715280709211049,157.94841265952695,0.7446912913573743,-0.05461025680130225,0.134114613927367,158.041550189745,42,-6,6
12:32:35:575,3.039158603435394,2.012365226858723,175.2974987685379,-0.09290249401914048,0.01253553716322454,0.0008699111414649636,175.33539053291167,-5,1,0
12:32:35:700,err,err,err,err,err,err,err,err,err,err
12:32:35:817,3.032733953166524,2.012741914179002,175.32629378577704,-0.13271720296654962,-0.0060098097517162835,0.00091058431134677,175.36407242619677,-8,0,0
12:32:35:945,err,err,err,err,err,err,err,err,err,err
12:32:36:106,3.071690420636612,2.0845136470078502,175.72740115131177,-0.028861737190002217,-0.0023022824456412484,-0.001383873193706804,175.76660659686993,-2,0,0
12:32:36:232,3.1053991521443396,1.961988359115268,175.02942144586294,-0.16162131504575225,0.004193238927740005,-0.0010644481967085372,175.067961871637,-9,0,0
12:32:36:352,3.056976947913597,2.0001607240072605,174.87398528335132,-0.10458439421547434,0.02951198626623722,0.0020081118033803587,174.91213931532513,-6,2,0
12:32:36:474,3.0713011124691003,2.1263086284462793,174.79360466141875,0.07517900546205644,0.003623187245228368,-4.998650885477036e-05,174.8335159785995,4,0,0
12:32:36:599,3.0512671160305405,1.9623028994431644,172.85914089541558,-0.1562408620147493,0.007078589201653791,0.0020723285149973816,172.89720487845855,-9,0,0
12:32:36:719,2.9921257132782793,1.9486034595530513,170.7401645953102,-0.10677620559006017,0.017752593089117728,0.0027035488430505674,170.7774975743592,-6,1,0
12:32:36:886,3.0270677506370944,2.0593977776422805,171.18770319992248,-0.000333495141418727,-0.0003829142133222085,0.0001605285685977777,171.22684948698395,0,0,0
12:32:37:008,3.0537909015115976,1.9974565152888821,171.18204761517987,-0.08942130315801954,-0.042420514406592585,0.003740420019962826,171.22093591943226,-5,-2,0
12:32:37:130,3.030810166904595,1.9793494413847876,171.40619350312718,-0.1000524953022748,-0.025171674980731234,0.004338314045147268,171.44441316563922,-6,-1,0
12:32:37:254,3.03277082685715,2.0843931770552695,170.8264211786518,0.05462004636536689,0.008416384373926583,0.0006179794352285911,170.8660544593657,3,0,0
12:32:37:376,3.033422636505515,1.9787862618132723,171.24895704349507,-0.09551233221308733,-0.009647304304926016,0.0016183503100246767,171.28725152925546,-5,-1,0
12:32:37:505,3.0341091722546283,2.0002436392768863,171.15881504571425,-0.15845062095701892,-0.011121623123614387,0.0047987012229529875,171.19739122118258,-9,-1,0
12:32:37:623,3.0406308944538267,1.9538203111819725,171.09432850583437,-0.14661110393765883,0.002097377796672503,0.002748541276237397,171.1324986579319,-8,0,0
12:32:37:770,2.9666115678964076,2.1058963111826396,171.18527098838794,0.08148618856607542,0.04156933980639808,0.0005885275699160013,171.22392527575124,5,2,0
12:32:37:912,3.0962859543893533,2.0280845021179044,174.67840884221727,-0.15255919498305184,-0.015490692341698104,0.0025107159024680696,174.71761968704783,-9,-1,0
12:32:38:033,3.085008929454794,2.0365986084483314,177.99578285895709,-0.13916194186427905,0.013600285829201739,0.0012657366025661308,178.03416450097367,-8,1,0
12:32:38:154,3.0999909661765717,2.039733387323265,175.8789288440221,-0.1308666663550051,0.012804485937122185,0.0004898190367480189,175.91807203241606,-7,1,0
12:32:38:278,err,err,err,err,err,err,err,err,err,err
12:32:38:402,3.5963296635647586,0.04215985895747531,156.4403805897458,-0.8940719021074547,-0.011871970988930673,-0.1571289124820248,156.48171792119123,-51,-4,-8
12:32:38:528,3.0129458052837483,1.9521606592457048,172.99832286783158,-0.18893630513039386,0.020781735522258392,0.003399186622738778,173.03557001017907,-11,1,0
12:32:38:647,3.013057683803804,2.1017222827814943,173.063016198538,0.08040904355605472,0.019014430977087764,-0.0011203592988738968,173.10200267153266,5,1,0
12:32:38:771,3.0125958015563623,1.955381812751934,172.9747974567343,-0.13654631043979124,0.01950434960392585,0.0022390081580661806,173.0120799444231,-8,1,0
12:32:38:893,err,err,err,err,err,err,err,err,err,err
12:32:39:056,3.8720253613268243,3.674240955028035,156.13842882921276,0.74702106737243,-0.04635044419467926,0.13330944041828252,156.22964374359145,43,-5,6
12:32:39:183,err,err,err,err,err,err,err,err,err,err
12:32:39:303,2.9656479444091968,1.9735866862866775,173.2960548770339,-0.10650184142294739,0.0211111536673493,0.0010479310011963657,173.33266497715428,-6,1,0
12:32:39:427,3.00980733090112,1.9745307757987671,172.85479280605176,-0.12674931741922987,0.021749975582003336,0.002829487999731472,172.89227023778943,-7,1,0
12:32:39:552,3.8480704421127068,3.6672608442816466,155.7855843396602,0.7493709688281731,-0.046416083635975026,0.13313290932143942,155.8762481466527,43,-5,6
12:32:39:673,3.648313222222976,0.025241836942172413,155.98268058973096,-0.8967846567353108,-0.01924148654093863,-0.1553472796851574,156.02534239820085,-51,-5,-7
12:32:39:798,2.9871398454573064,1.9910485732255363,172.4807133650864,-0.15294567053073052,0.023002420947540334,0.00483661215174193,172.51806792856902,-9,1,0
12:32:39:918,2.963792996522018,1.9494265063730363,172.2064756005922,-0.16166762124372214,0.024954958150622177,0.004159719584669865,172.24301022510997,-9,1,0
12:32:40:041,2.9804578710704708,1.994760911905269,171.45486813364104,-0.14335624964813853,-0.02745634966426124,0.0032920000656436613,171.49237302848525,-8,-2,0
12:32:40:166,2.97220474653518,1.9418055111566626,170.71696521097613,-0.16062509014366927,-0.009370966423801795,0.0014431613442244821,170.7538779077773,-9,-1,0
12:32:40:288,2.99128335324212,1.9611943519587065,170.729857720741,-0.15473876954392946,0.01889334781149864,0.0031262231611150527,170.76732233284565,-9,1,0
12:32:40:413,2.998800952367847,1.9557590801610802,170.70696071745738,-0.12724012410085261,-0.022352912942959165,0.0035815774216471355,170.74449987663758,-7,-1,0
12:32:40:532,2.9901030397435657,1.9895830163830643,171.0759978242971,-0.1024611123545673,-0.028796386131292796,-6.984860745364096e-05,171.1136937487654,-6,-2,0
12:32:40:657,3.012797937939155,1.9108445211319374,170.77313351800507,-0.15732708265601641,-0.014664028516462237,0.0049597757193854215,170.81039608219746,-9,-1,0
12:32:40:782,2.9930267362530856,1.9614432448033075,170.90757508758665,-0.12185885011069614,-0.03757390513793906,0.0014243014672739203,170.94503412198196,-7,-2,0
12:32:40:903,2.9458026987358235,2.0037609021714826,171.16182519130606,-0.15019439626546835,-0.004660539738466867,0.003733557909963067,171.19889957038907,-9,0,0
12:32:41:028,3.0149912242715047,2.0076809374015503,171.31705625887204,-0.14740257310585295,-0.03357044757068273,0.002999978575162813,171.3553463421389,-8,-2,0
12:32:41:149,3.0224725138059267,2.0931634473964738,171.61361359005278,-0.012992239496780224,-0.007234881749077303,0.0009255281607689355,171.65299019460795,-1,0,0
12:32:41:274,3.0118359273043125,2.004984163759512,171.4995119833147,-0.050040322426257416,-0.01872045473441662,0.003047725407792384,171.537674368242,-3,-1,0
12:32:41:395,3.014203253890918,2.0223448785121114,171.7150483439547,-0.09058257324876362,0.0070455298775712405,0.0007751758652013917,171.75340790747094,-5,0,0
12:32:41:520,3.020508196056202,1.945595357543499,171.42786410460283,-0.13921675479827103,-0.01339314183643337,0.000953973737974904,171.46551082513332,-8,-1,0
12:32:41:640,3.01819979601435,1.9670972730757397,171.04173360069026,-0.114110980270703,-0.01642436558777258,0.003554130930834226,171.07967043111785,-7,-1,0
12:32:41:765,3.0221136163805933,1.9348186824940241,171.20321172462764,-0.15637397196298233,0.00726231799589861,0.0020651616185288217,171.24081405690677,-9,0,0
12:32:41:888,3.0065284571512025,1.9827605852503303,170.7824597736554,-0.10654745456991417,-0.007546103044504045,0.0009503743749756054,170.82042945515124,-6,0,0
12:32:42:011,3.0051537033035194,1.9461625832251133,171.03508087115685,-0.12306582863816773,-0.023876473362895268,0.003064956801072828,171.07255006629202,-7,-1,0
12:32:42:133,3.0088202390218406,1.9639106281359326,170.73998208647842,-0.10986969697182866,-0.0403067473787707,0.0014265831354607077,170.7777837632197,-6,-2,0
12:32:42:255,2.9640142050159946,1.9641377427933913,170.9250922618383,-0.15529949923163017,0.010632271739970276,0.0009604969202368416,170.96207293431527,-9,1,0
12:32:42:378,2.986914052816071,1.972988425316717,171.07782045034853,-0.14038388886269007,0.007898496282308933,0.002948229326061867,171.11526813504116,-8,0,0
12:32:42:503,2.951697669131166,1.9990839995989114,171.14250801451323,-0.08423204986527937,0.01339284241278542,0.0028135198655853937,171.17963344237285,-5,1,0
12:32:42:624,2.976854105783137,1.9905351836318808,171.1594701427059,-0.10334503160252188,0.0024635039924574462,0.004840023534903645,171.19692786442235,-6,0,0
12:32:42:750,2.9655374585760454,1.9585371015149706,170.69504743539926,-0.15962386491246663,-0.023668333687009584,0.004062386453997024,170.7320400480514,-9,-1,0
12:32:42:871,2.9563698460501984,1.962150399402259,170.8066506199542,-0.155720206100613,-0.0069827833982547315,0.0020149189489724623,170.84350164072268,-9,0,0
12:32:42:994,2.9643346864629843,1.9614987798250783,170.92730429338937,-0.16219135630706688,-0.014486747538745293,0.004095277732337275,170.96425974630355,-9,-1,0
12:32:43:118,2.974808197192492,1.9730093450750346,171.1566016007798,-0.14360829680337464,0.0009320115725454748,0.0019883632862765944,171.19382150420586,-8,0,0
12:32:43:242,3.0158625448987997,2.0376597689942484,171.1729744886065,0.021567558377147633,-0.03582346110894951,-0.0004520002512144268,171.211666306654,1,-2,0
12:32:43:362,2.979697860837065,1.9989793695654945,171.37405896508523,-0.12996189549311754,0.026524406508627318,0.0010326893715763355,171.41161747101722,-7,2,0
12:32:43:486,2.9877163259082136,2.054603368688154,171.0454104103951,0.025705185156839776,0.004438088675566293,-0.0004903701585132736,171.08383987480298,1,0,0
12:32:43:653,2.953331439663243,1.9568811283973622,171.0218924323729,-0.1364168550677445,0.005078814488270923,0.0018557349419943189,171.0585842379543,-8,0,0
12:32:43:775,2.97080154312008,2.0708849975417016,171.3711796413528,-0.01583294340336073,-0.01090130917557016,0.0017674394470513087,171.40943800780184,-1,-1,0
12:32:43:896,2.944115922778242,1.9755451453947457,171.33768006861106,-0.10579630015256733,0.003139860841027858,0.0027015083114971107,171.37435983390856,-6,0,0
12:32:44:019,2.97080154312008,2.0708849975417016,171.3711796413528,-0.01583294340336073,-0.01090130917557016,0.0017674394470513087,171.40943800780184,-1,-1,0
12:32:44:142,2.9530349455182154,1.974345394754162,171.05307603102946,-0.13629365486138198,-0.019054904618415663,0.004326418765994641,171.08995667427234,-8,-1,0
12:32:44:267,2.9689714986389872,1.987691837246108,171.332391954438,-0.11609423642199639,-0.012172660168166028,0.001736890230814472,171.3696421290211,-7,-1,0
12:32:44:483,2.986914052816071,1.972988425316717,171.07782045034853,-0.14038388886269007,0.007898496282308933,0.002948229326061867,171.11526813504116,-8,0,0
12:32:44:594,2.9894875995432266,2.0556429188751566,171.88322440899597,-0.09752194144777647,-0.0029296504259997426,0.0009623200766264102,171.9215098152381,-6,0,0
12:32:44:718,2.975653830532014,1.9542307329717301,171.26849906433426,-0.15290693096071256,0.0036877595847100843,0.002739912796128807,171.3054940894387,-9,0,0
12:32:44:838,2.9709728511896505,1.9718660561695391,170.9723789964757,-0.1387113169709026,0.0021226030600226906,0.0019435712674715094,171.0095591338113,-8,0,0
12:32:44:962,2.969666205990998,1.9497465000607899,171.58846781412421,-0.135710459052174,-0.006464037503345048,0.001861734148423667,171.62523915668186,-8,0,0
12:32:45:085,2.99128335324212,1.9611943519587065,170.729857720741,-0.15473876954392946,0.01889334781149864,0.0031262231611150527,170.76732233284565,-9,1,0
12:32:45:209,2.9563652648113345,2.0383409407184074,171.11206730956465,0.05400852445664126,0.005663851425361617,0.0016527985761201449,171.14974293969178,3,0,0
12:32:45:333,3.004591141629442,2.0200107957136595,171.42553711754488,-0.08533654599028245,0.016995889576568834,0.0025221562933867956,171.4637652321385,-5,1,0
12:32:45:454,2.968795835251812,1.9725954520061735,171.1291054673198,-0.14298816771271203,0.0393073784715461,0.002059600194091436,171.1662221922706,-8,2,0
12:32:45:578,2.9540260484626666,1.9828212860174534,171.24187511115093,-0.16377455485160558,0.006905709233743302,-0.0002122713764575401,171.2788301038114,-9,0,0
12:32:45:707,2.951891522711391,1.9747803361318634,171.01949339303005,-0.13366432066696116,0.010102992961597753,0.0039041574648880626,171.05636656186311,-8,1,0
12:32:45:823,2.9433362180513063,2.0613839198472186,170.86704263310062,0.042599910001671626,-0.0085965772309767,-0.0003598706707747395,170.90482377609862,2,0,0
12:32:45:949,3.0279546497144465,1.9625861377993983,171.34115032828674,-0.13570387824657967,-0.02452181966301306,0.00390269487452719,171.37914123232608,-8,-1,0
12:32:46:070,2.980153004204816,1.9708604606626405,170.83306235307987,-0.13550166914455056,-0.019295825344895847,0.0007930502273080416,170.87042106758895,-8,-1,0
12:32:46:191,2.998020266337592,1.9890906218784405,171.6258870081365,-0.12392789817526911,0.0017440504353311403,6.246407546660419e-05,171.66359456317187,-7,0,0
12:32:46:315,3.0081163965419773,1.9676035991456966,171.50943225164303,-0.09279872376546697,0.008365588276842,-0.001233264897530372,171.54709434863491,-5,0,0
12:32:46:439,2.9888327886521915,1.9149766440338802,170.94183156318795,-0.15344339733722562,0.028646171801736394,0.0024433380282207337,170.97868298464297,-9,2,0
12:32:46:565,2.9760321705711528,1.9646414249781394,170.49335336466595,-0.13676808221877176,0.008172502310940789,0.002233992989857142,170.53064277407117,-8,0,0
12:32:46:685,2.9989975637184187,1.9904259869062984,171.13868302439664,-0.10290226937573022,-0.009235055491951638,0.0033752807804553744,171.17653054470244,-6,-1,0
12:32:46:809,2.9959055641230363,1.9919123569893085,171.54365744015647,-0.07820752754326434,-0.02089259700431858,0.002251414578499905,171.58137886417867,-4,-1,0
12:32:46:932,2.9791524456153584,2.0087171510053787,170.96586350779393,-0.09318197304162606,-0.010813675258579057,0.0018916869692399867,171.00361627419633,-5,-1,0
12:32:47:054,3.027937038003242,1.967302764377914,170.9725388824198,-0.11087243507298858,-0.007892814838097778,0.002402756140873463,171.0106655585358,-6,0,0
12:32:47:217,3.0734186675454045,1.9351110540879162,173.42349918171354,-0.16263407421115192,0.015605710567398528,0.002204617782590256,173.4615249141073,-9,1,0
12:32:47:340,3.3076932368658296,2.1397934439249324,184.81574702194862,0.07203545994100155,0.022463992656599673,0.0012466188657901294,184.8577288019432,4,1,0
12:32:47:465,3.700275091296695,2.2002899810236807,202.44691860074505,0.09196137004816325,-0.0446361640305054,-5.826460635840556e-05,202.4926866893927,5,-3,0
12:32:47:608,4.102958343581996,2.5613807636366057,226.0453779658422,0.1469413581644241,0.03185286878709275,-0.00400698959636063,226.09712036712443,8,2,0
12:32:47:710,4.702840026506523,2.6794829377869496,252.27716331237767,0.01812581489139577,-0.01891378654951474,-0.002127719859552521,252.3352204153611,1,-1,0
12:32:47:832,err,err,err,err,err,err,err,err,err,err
12:32:47:952,err,err,err,err,err,err,err,err,err,err
12:32:48:078,5.534290963438125,3.236344981127205,292.4271245313441,-0.1498729319714862,-0.03831870846089727,-0.0021637229821759953,292.4973939490318,-9,-2,0
12:32:48:201,err,err,err,err,err,err,err,err,err,err
12:32:48:324,err,err,err,err,err,err,err,err,err,err
12:32:48:446,err,err,err,err,err,err,err,err,err,err
12:32:48:573,5.130144710237907,2.8717410124740206,272.6332510913604,0.07969392329276889,-0.005054345836222444,0.00019604060274676377,272.6966352594683,5,0,0
12:32:48:693,5.109684262627036,3.0177861867420606,272.5558691923312,0.04573156514880616,0.04088068128286903,0.0010962056795548604,272.6204646352137,3,2,0
12:32:48:815,err,err,err,err,err,err,err,err,err,err
12:32:48:941,5.114890969032923,2.6673109020098487,270.2504561015383,-0.12843515577653675,0.04684598492746359,-0.0018844491570869364,270.3120154195195,-7,3,0
12:32:49:062,5.149817091792423,2.6072342363140635,271.09030959787833,-0.09418407579533539,0.0666178279839485,-0.002194542047275613,271.1517550087321,-5,4,0
12:32:49:188,5.120580391531523,2.7158036167436053,270.2057474759678,-0.04621886150098316,0.09580558813572741,-0.002906667493665241,270.26790764328155,-3,5,0
12:32:49:310,5.143293960433654,2.6479113811611343,270.8484039538737,-0.035285599154149826,0.07472380268667816,0.0002528290188496009,270.9101748399396,-2,4,0
12:32:49:434,5.170147245585588,2.7396780200271613,270.158390019283,0.027211964576496772,-0.09289068314802519,-0.0024002501640660425,270.221745897708,2,-5,0
12:32:49:554,5.133447180876028,2.635170988999763,270.623789929696,-0.06811000289299414,0.08711234899609357,-0.0015181991753796796,270.6853008236914,-4,5,0
12:32:49:676,5.137346036458764,2.739570111284375,269.4560407485323,0.050769708182755856,-0.04461114995906886,-0.0029476803493128983,269.518933406482,3,-3,0
12:32:49:801,5.133447180876028,2.635170988999763,270.623789929696,-0.06811000289299414,0.08711234899609357,-0.0015181991753796796,270.6853008236914,-4,5,0
12:32:49:922,5.171219431555513,2.627716532086605,270.4786523298326,-0.0017216786596895618,-0.07997417700587633,-0.0002588233030550506,270.54084307317584,0,-5,0
12:32:50:047,5.1598406824481495,2.732629876517524,270.2335420130992,0.07523583203421122,0.003948069989177381,-0.0010003497823002218,270.29661198552924,4,0,0
12:32:50:168,5.140940969666388,2.685930853847962,270.82454195175467,0.0005678473367416252,0.07730529377717973,-0.00021575092604723622,270.8866479211978,0,4,0
12:32:50:298,5.175012780615113,2.716689121219526,271.36900423731237,0.06590389814776113,-0.04749216511023007,-0.0030453425466845244,271.4319391998874,4,-3,0
12:32:50:416,5.16198203822184,2.581612519164998,271.18092132467666,-0.09481217671319571,0.042791402269336816,-3.86394033739544e-06,271.24233237505996,-5,2,0
12:32:50:537,5.130359347704809,2.7263338209869166,270.56278038536357,0.048370679075622994,-0.040023634391688545,-0.002029375314872039,270.62514963136465,3,-2,0
12:32:50:661,5.171219431555513,2.627716532086605,270.4786523298326,-0.0017216786596895618,-0.07997417700587633,-0.0002588233030550506,270.54084307317584,0,-5,0
12:32:50:783,5.171899982953779,2.7926555003633093,271.8221358140607,0.04027970701565361,-0.01762654474370597,-0.0010138440710582642,271.885676328664,2,-1,0
12:32:50:911,5.1018166055202006,2.6713077952221873,269.68312180485026,-0.08555007207188962,0.1185600738132979,-0.004569176933553209,269.74460254919444,-5,7,-1
12:32:51:030,5.141075492510457,2.710388229621666,270.88123161911966,-0.00766460496427391,0.07616489390052188,-0.0022272645651884872,270.943570702584,0,4,0
12:32:51:152,5.133447180876028,2.635170988999763,270.623789929696,-0.06811000289299414,0.08711234899609357,-0.0015181991753796796,270.6853008236914,-4,5,0
12:32:51:278,5.134323570777964,2.725027839955126,271.5154698246689,0.011419719426684473,0.059961454074490265,-0.00032373258156382707,271.5776820899845,1,3,0
12:32:51:398,5.170685803462011,2.685011353404622,271.1676660877915,0.05885777571847315,0.01869395131423997,-0.001421978208294509,271.23024980474804,3,1,0
12:32:51:522,5.140940969666388,2.685930853847962,270.82454195175467,0.0005678473367416252,0.07730529377717973,-0.00021575092604723622,270.8866479211978,0,4,0
12:32:51:645,5.140326817364583,2.656897406586015,270.07147159193966,0.08940288272528191,-0.023275315992076957,-0.003449672422758147,270.133451892679,5,-1,0
12:32:51:772,5.13329281816115,2.714446983319053,270.5186304005249,0.08734013645121673,-0.04849208229719183,-0.0032518297930771625,270.58094595029786,5,-3,0
12:32:51:893,5.149817091792423,2.6072342363140635,271.09030959787833,-0.09418407579533539,0.0666178279839485,-0.002194542047275613,271.1517550087321,-5,4,0
12:32:52:016,5.134323570777964,2.725027839955126,271.5154698246689,0.011419719426684473,0.059961454074490265,-0.00032373258156382707,271.5776820899845,1,3,0
12:32:52:137,5.120739330966446,2.648426791268787,271.3059588302699,-0.05245308200096483,0.08339457752704427,-0.0018171783815857897,271.36720404753504,-3,5,0
12:32:52:261,5.2006796958828705,2.7203838387019648,271.2324745565092,0.07938988795686837,0.007119955310760295,-0.005370203983941133,271.29596902935447,5,0,0
12:32:52:397,5.197430828652208,2.6604890621527137,270.64712810354445,0.08099527992878396,-0.0655626223387925,-0.001345653107723568,270.71010221261577,5,-4,0
12:32:52:506,5.169860795218156,2.768977484784973,270.13317939499603,0.03597223309181485,-0.09235518632783724,-0.0024318912262531554,270.1968343763529,2,-5,0
12:32:52:632,5.134550360252906,2.6915334448131065,271.5435168630779,-0.009817607569916799,0.06159533824468687,-8.443605660495146e-05,271.60539300620525,-1,4,0
12:32:52:751,5.133447180876028,2.635170988999763,270.623789929696,-0.06811000289299414,0.08711234899609357,-0.0015181991753796796,270.6853008236914,-4,5,0
12:32:52:874,5.1572700752310086,2.662050208813921,269.8440778121312,0.10882889753595852,-0.010828155936764068,-0.00366079765590132,269.90648431674003,6,-1,0
12:32:52:998,5.125664952633523,2.658698156923435,270.2235331846604,0.0203095291124012,0.08703341560871895,0.0005287287262801836,270.28521787899825,1,5,0
12:32:53:120,5.100118200753569,2.7681046127556073,270.36769619478014,0.024872303629665155,-0.044178901052569296,-0.0034145603890619724,270.42996275280177,1,-3,0
12:32:53:247,5.107190456148361,2.614358339385657,270.50621418368604,-0.04417777419508025,0.07569370169675747,-0.003347678616861385,270.56705301250616,-3,4,0
12:32:53:367,5.171430310432335,2.7046393285941677,270.42024333841704,-0.007141119204116249,-0.08370798765682659,-0.00019604090440627787,270.48320977939113,0,-5,0
12:32:53:492,5.114552699303157,2.651801484119017,269.96224828872414,-0.07333596829576729,0.10176059113361992,-0.0025712622922213703,270.02371414660576,-4,6,0
12:32:53:615,5.1589556225503985,2.6578048193887884,271.07900075296817,-0.10316352636797829,0.04610359200447311,7.423306491658862e-05,271.1411134424308,-6,3,0
12:32:53:735,5.171219431555513,2.627716532086605,270.4786523298326,-0.0017216786596895618,-0.07997417700587633,-0.0002588233030550506,270.54084307317584,0,-5,0
12:32:53:865,5.121855315287604,2.6551708045310543,270.39424488228855,-0.08089244982864546,0.10309098448446756,-0.003521429966975972,270.4557838156452,-5,6,0
12:32:53:985,5.203640461327444,2.6739383247407917,269.46812449752383,0.08516417505683796,-0.07160054789617872,-0.0022503642143878073,269.531626976183,5,-4,0
12:32:54:106,5.134550360252906,2.6915334448131065,271.5435168630779,-0.009817607569916799,0.06159533824468687,-8.443605660495146e-05,271.60539300620525,-1,4,0
12:32:54:231,5.069149355851809,2.7009597910249297,270.4163742296448,0.0560512451302588,0.03492918890833861,-0.002270797765853483,270.4773685735869,3,2,0
12:32:54:352,5.102663493275404,2.6842852038622853,271.0878839915978,0.05971151714349065,-0.012459867633006522,-0.0014098036964353227,271.1491903156328,3,-1,0
12:32:54:477,5.107405340737228,2.668371490766792,271.0659398993401,-0.06467110642585147,0.10312089073170844,-0.00386384077070174,271.12718338307576,-4,6,0
12:32:54:597,5.165734780498743,2.729120095188888,271.4365521139868,0.025687525643692807,-0.022711135403879326,-0.001928683658511309,271.49941940240956,1,-1,0
12:32:54:721,5.133447180876028,2.635170988999763,270.623789929696,-0.06811000289299414,0.08711234899609357,-0.0015181991753796796,270.6853008236914,-4,5,0
12:32:54:846,5.134550360252906,2.6915334448131065,271.5435168630779,-0.009817607569916799,0.06159533824468687,-8.443605660495146e-05,271.60539300620525,-1,4,0
12:32:54:965,5.120739330966446,2.648426791268787,271.3059588302699,-0.05245308200096483,0.08339457752704427,-0.0018171783815857897,271.36720404753504,-3,5,0
12:32:55:093,5.141075492510457,2.710388229621666,270.88123161911966,-0.00766460496427391,0.07616489390052188,-0.0022272645651884872,270.943570702584,0,4,0
12:32:55:214,5.096062752313441,2.7276415219467545,270.7822088030534,0.044324979077029335,-0.012559096321970524,-0.0023543377608255494,270.8438932080769,3,-1,0
12:32:55:336,5.086402550806729,2.6931132506967783,270.19683225365145,0.04262630552377839,0.050118094100658116,-0.0006909052756848155,270.2581220052374,2,3,0
12:32:55:459,5.170147245585588,2.7396780200271613,270.158390019283,0.027211964576496772,-0.09289068314802519,-0.0024002501640660425,270.221745897708,2,-5,0
12:32:55:581,5.109036332108244,2.6248263434052364,271.84364620567396,-0.06511843564181184,0.06953079973047183,-0.0027759842789599524,271.9043213116913,-4,4,0
12:32:55:709,5.171430310432335,2.7046393285941677,270.42024333841704,-0.007141119204116249,-0.08370798765682659,-0.00019604090440627787,270.48320977939113,0,-5,0
12:32:55:826,5.120739330966446,2.648426791268787,271.3059588302699,-0.05245308200096483,0.08339457752704427,-0.0018171783815857897,271.36720404753504,-3,5,0
12:32:55:952,5.175012780615113,2.716689121219526,271.36900423731237,0.06590389814776113,-0.04749216511023007,-0.0030453425466845244,271.4319391998874,4,-3,0
12:32:56:071,5.140940969666388,2.685930853847962,270.82454195175467,0.0005678473367416252,0.07730529377717973,-0.00021575092604723622,270.8866479211978,0,4,0
12:32:56:197,5.129617715893886,2.728277708127768,269.95654983070256,0.07308479281556719,-0.0024992883874700826,-0.0024920853420047186,270.0190646485179,4,0,0
12:32:56:323,5.140940969666388,2.685930853847962,270.82454195175467,0.0005678473367416252,0.07730529377717973,-0.00021575092604723622,270.8866479211978,0,4,0
12:32:56:442,5.121855315287604,2.6551708045310543,270.39424488228855,-0.08089244982864546,0.10309098448446756,-0.003521429966975972,270.4557838156452,-5,6,0
12:32:56:570,5.134550360252906,2.6915334448131065,271.5435168630779,-0.009817607569916799,0.06159533824468687,-8.443605660495146e-05,271.60539300620525,-1,4,0
12:32:56:687,5.135594326151506,2.7151798865459367,269.7861464901225,0.11125158093015602,-0.0239427809119221,-0.003605736329249307,269.8486823552951,6,-1,0
12:32:56:810,5.133447180876028,2.635170988999763,270.623789929696,-0.06811000289299414,0.08711234899609357,-0.0015181991753796796,270.6853008236914,-4,5,0
12:32:56:936,5.140940969666388,2.685930853847962,270.82454195175467,0.0005678473367416252,0.07730529377717973,-0.00021575092604723622,270.8866479211978,0,4,0
12:32:57:057,5.086411430332686,2.6887572546467493,271.2009443620406,-0.005051719236939296,0.09836827201222378,-0.0004934347684820655,271.26196419637546,0,6,0
12:32:57:181,5.085563552827878,2.7114065121641,271.23710451955276,-0.018245113265217414,0.0992633799553821,-0.0024478382444515666,271.298325741378,-1,6,0
12:32:57:303,5.169933108748539,2.6808478131110416,270.22995822527326,0.007837164411640014,-0.09126298856665509,-0.0023247376825974793,270.29270333432777,0,-5,0
12:32:57:427,5.170147245585588,2.7396780200271613,270.158390019283,0.027211964576496772,-0.09289068314802519,-0.0024002501640660425,270.221745897708,2,-5,0
12:32:57:551,5.107405340737228,2.668371490766792,271.0659398993401,-0.06467110642585147,0.10312089073170844,-0.00386384077070174,271.12718338307576,-4,6,0
12:32:57:672,5.137417137715766,2.67058073017563,270.3686878008959,-0.12102552987102418,-0.0007544252933280976,0.0023385574718063455,270.43067947158215,-7,0,0
12:32:57:798,5.134550360252906,2.6915334448131065,271.5435168630779,-0.009817607569916799,0.06159533824468687,-8.443605660495146e-05,271.60539300620525,-1,4,0
12:32:57:918,5.132368872632652,2.6856089790926365,270.9339243702239,-0.004418294686230088,-0.026973657358976975,0.0003548439968671973,270.9958395999532,0,-2,0
12:32:58:042,5.080747733803187,2.6101828452855544,270.24780750739944,-0.047384784869173684,0.13242845520183663,-0.0031592279257995075,270.30816583036625,-3,8,0
12:32:58:206,5.136051575819308,2.7001513944178255,269.79018045637395,0.07419761100267432,-0.027833637300357046,-0.004349727397754009,269.85257329517,4,-2,0
12:32:58:329,5.120739330966446,2.648426791268787,271.3059588302699,-0.05245308200096483,0.08339457752704427,-0.0018171783815857897,271.36720404753504,-3,5,0
12:32:58:494,5.09471420624122,2.6610050365032722,271.16695114531655,-0.007515673888017936,0.06943547870540828,-0.0038788424338803205,271.2278607630383,0,4,0
12:32:58:615,5.120739330966446,2.648426791268787,271.3059588302699,-0.05245308200096483,0.08339457752704427,-0.0018171783815857897,271.36720404753504,-3,5,0
12:32:58:780,5.07883216225081,2.7306851840367745,270.3265193016436,0.0673951987853888,0.005228540062287126,-0.0042048701836609964,270.38801418599996,4,0,0
12:32:58:903,5.133447180876028,2.635170988999763,270.623789929696,-0.06811000289299414,0.08711234899609357,-0.0015181991753796796,270.6853008236914,-4,5,0
12:32:59:026,5.093030772558044,2.698047314901887,270.05043263748405,0.060633040130483366,0.08650604593722697,-0.00264245720641899,270.1119297429419,3,5,0
12:32:59:150,5.104550369932233,2.6266930097195327,270.7463282860032,-0.1049219129153576,0.09617172773950418,-0.004354026878307397,270.8071827537052,-6,5,-1
12:32:59:275,5.169933108748539,2.6808478131110416,270.22995822527326,0.007837164411640014,-0.09126298856665509,-0.0023247376825974793,270.29270333432777,0,-5,0
12:32:59:396,5.109036332108244,2.6248263434052364,271.84364620567396,-0.06511843564181184,0.06953079973047183,-0.0027759842789599524,271.9043213116913,-4,4,0
12:32:59:518,5.165734780498743,2.729120095188888,271.4365521139868,0.025687525643692807,-0.022711135403879326,-0.001928683658511309,271.49941940240956,1,-1,0
12:32:59:640,5.166371834233878,2.6635741404706197,269.35827849810505,-0.01024485097082837,-0.11965507978588888,0.0011040550466536432,269.42098697130865,-1,-7,0
12:32:59:765,5.140940969666388,2.685930853847962,270.82454195175467,0.0005678473367416252,0.07730529377717973,-0.00021575092604723622,270.8866479211978,0,4,0
12:32:59:887,5.1589556225503985,2.6578048193887884,271.07900075296817,-0.10316352636797829,0.04610359200447311,7.423306491658862e-05,271.1411134424308,-6,3,0
12:33:00:012,5.149817091792423,2.6072342363140635,271.09030959787833,-0.09418407579533539,0.0666178279839485,-0.002194542047275613,271.1517550087321,-5,4,0
12:33:00:135,5.174851107254969,2.6825904127999856,271.8554485462591,0.029479524379352494,-0.023657691735368188,-0.000884004654951093,271.91792930881337,2,-1,0
12:33:00:256,5.11288204640116,2.6220160746881054,270.1539137925013,-0.09351225316022975,0.04844096448337238,-0.0011972736543681192,270.21501377333306,-5,3,0
12:33:00:380,5.134550360252906,2.6915334448131065,271.5435168630779,-0.009817607569916799,0.06159533824468687,-8.443605660495146e-05,271.60539300620525,-1,4,0
12:33:00:504,5.13329281816115,2.714446983319053,270.5186304005249,0.08734013645121673,-0.04849208229719183,-0.0032518297930771625,270.58094595029786,5,-3,0
12:33:00:629,5.100489341039831,2.70056554847781,269.00101828702327,0.10010310019972649,-0.04586853090887211,-0.00799942196352587,269.06292179573,6,-3,-1
12:33:00:753,5.136051575819308,2.7001513944178255,269.79018045637395,0.07419761100267432,-0.027833637300357046,-0.004349727397754009,269.85257329517,4,-2,0
12:33:00:871,5.133447180876028,2.635170988999763,270.623789929696,-0.06811000289299414,0.08711234899609357,-0.0015181991753796796,270.6853008236914,-4,5,0
12:33:00:992,5.110151772273641,2.6730591259394334,269.8062644219307,0.07212736643004464,-0.02519164498109318,-0.002337728588599961,269.8678921575207,4,-1,0
12:33:01:115,5.171430310432335,2.7046393285941677,270.42024333841704,-0.007141119204116249,-0.08370798765682659,-0.00019604090440627787,270.48320977939113,0,-5,0
12:33:01:240,5.120739330966446,2.648426791268787,271.3059588302699,-0.05245308200096483,0.08339457752704427,-0.0018171783815857897,271.36720404753504,-3,5,0
12:33:01:404,5.164697736574781,2.7119976025820876,270.3318395092992,0.017972149464792853,-0.08295458446787787,-0.007901334664627885,270.39477155852717,1,-5,0
12:33:01:525,5.140940969666388,2.685930853847962,270.82454195175467,0.0005678473367416252,0.07730529377717973,-0.00021575092604723622,270.8866479211978,0,4,0
12:33:01:650,5.210867304034046,2.6886680388631374,272.0777932719764,-0.03973228355455779,-0.04346185730536662,-0.0020114087485115302,272.14097020778,-2,-2,0
12:33:01:772,5.147950152181122,2.6821252867332053,270.6774628732256,-0.09217751770565921,0.05241139133221575,-0.001133696258967256,270.7396980391119,-5,3,0
12:33:01:899,5.134550360252906,2.6915334448131065,271.5435168630779,-0.009817607569916799,0.06159533824468687,-8.443605660495146e-05,271.60539300620525,-1,4,0
12:33:02:044,5.086411430332686,2.6887572546467493,271.2009443620406,-0.005051719236939296,0.09836827201222378,-0.0004934347684820655,271.26196419637546,0,6,0
12:33:02:182,5.173047750164714,2.6508525404254675,270.55796588774245,-0.01470391716526698,-0.07806158202503323,0.001909697165880792,270.6203989863465,-1,-4,0
12:33:02:313,5.072110246572609,2.666009939405588,270.8795274819051,-0.06470919234758024,0.11680108406449073,-0.004022458740251239,270.9401268180307,-4,7,0
12:33:02:429,5.11288204640116,2.6220160746881054,270.1539137925013,-0.09351225316022975,0.04844096448337238,-0.0011972736543681192,270.21501377333306,-5,3,0
12:33:02:551,5.120739330966446,2.648426791268787,271.3059588302699,-0.05245308200096483,0.08339457752704427,-0.0018171783815857897,271.36720404753504,-3,5,0
12:33:02:675,5.114552699303157,2.651801484119017,269.96224828872414,-0.07333596829576729,0.10176059113361992,-0.0025712622922213703,270.02371414660576,-4,6,0
12:33:02:797,5.114552699303157,2.651801484119017,269.96224828872414,-0.07333596829576729,0.10176059113361992,-0.0025712622922213703,270.02371414660576,-4,6,0
12:33:02:966,5.120739330966446,2.648426791268787,271.3059588302699,-0.05245308200096483,0.08339457752704427,-0.0018171783815857897,271.36720404753504,-3,5,0
12:33:03:085,5.082773021273338,2.6998881236091274,270.83864209575506,0.03922117475509661,0.08452064429696138,-0.002446335303726154,270.8997859536591,2,5,0
12:33:03:210,5.130023212477273,2.6915832588578086,269.65431656183705,0.056758303322338804,-0.015132734345938327,-0.0011652377664195764,269.716540462448,3,-1,0
12:33:03:331,5.120739330966446,2.648426791268787,271.3059588302699,-0.05245308200096483,0.08339457752704427,-0.0018171783815857897,271.36720404753504,-3,5,0
12:33:03:454,5.129617715893886,2.728277708127768,269.95654983070256,0.07308479281556719,-0.0024992883874700826,-0.0024920853420047186,270.0190646485179,4,0,0
12:33:03:579,5.1982107483011015,2.705225289656068,269.6799263375883,0.09048892349935866,-0.049669523141352756,-0.0025484614112683056,269.7435862227286,5,-3,0
12:33:03:699,5.165734780498743,2.729120095188888,271.4365521139868,0.025687525643692807,-0.022711135403879326,-0.001928683658511309,271.49941940240956,1,-1,0
12:33:03:825,5.121855315287604,2.6551708045310543,270.39424488228855,-0.08089244982864546,0.10309098448446756,-0.003521429966975972,270.4557838156452,-5,6,0
12:33:03:946,5.169933108748539,2.6808478131110416,270.22995822527326,0.007837164411640014,-0.09126298856665509,-0.0023247376825974793,270.29270333432777,0,-5,0
12:33:04:074,5.096463146081681,2.729038253431099,271.07006050925867,0.03822111648935127,0.058871491859648774,-0.004332668791958137,271.13170100687455,2,3,0
12:33:04:192,5.079855521075727,2.621357297696347,270.08457814049626,-0.09274430962718228,0.062437286177899,-0.001349898363860295,270.14506435529603,-5,4,0
12:33:04:315,5.165734780498743,2.729120095188888,271.4365521139868,0.025687525643692807,-0.022711135403879326,-0.001928683658511309,271.49941940240956,1,-1,0
12:33:04:438,5.205217502454028,2.6444619683239283,270.429712396964,-0.029146040402061604,-0.10382761049301688,0.0003715473709165154,270.49272969056756,-2,-6,0
12:33:04:560,5.164870011727871,2.6614831327856536,271.0135700979986,-0.0005168991052670463,0.0853467380261262,-0.004123319761650703,271.0758464931299,0,5,0
12:33:04:687,5.140940969666388,2.685930853847962,270.82454195175467,0.0005678473367416252,0.07730529377717973,-0.00021575092604723622,270.8866479211978,0,4,0
12:33:04:806,5.176560397756896,2.7175550028055984,270.7846912812383,0.08641293012878247,-0.01448710208785668,-0.0034443955092849487,270.8478002772414,5,-1,0
12:33:04:930,5.153760006727588,2.6250911071159417,270.2217859186595,-0.0855471904114369,0.08774364992943497,0.00030060713912156067,270.2836767742319,-5,5,0
12:33:05:056,5.140940969666388,2.685930853847962,270.82454195175467,0.0005678473367416252,0.07730529377717973,-0.00021575092604723622,270.8866479211978,0,4,0
12:33:05:176,5.120739330966446,2.648426791268787,271.3059588302699,-0.05245308200096483,0.08339457752704427,-0.0018171783815857897,271.36720404753504,-3,5,0
12:33:05:301,5.141075492510457,2.710388229621666,270.88123161911966,-0.00766460496427391,0.07616489390052188,-0.0022272645651884872,270.943570702584,0,4,0
12:33:05:464,5.140940969666388,2.685930853847962,270.82454195175467,0.0005678473367416252,0.07730529377717973,-0.00021575092604723622,270.8866479211978,0,4,0
12:33:05:585,5.146921824343714,2.6901241366110265,271.23330652693534,0.0703660923128094,-0.05345564434444928,-0.005237644860636976,271.2954738687521,4,-3,0
12:33:05:718,5.140940969666388,2.685930853847962,270.82454195175467,0.0005678473367416252,0.07730529377717973,-0.00021575092604723622,270.8866479211978,0,4,0
12:33:05:830,5.176000603218988,2.688698364549143,271.00747250391805,0.07407977166084136,-0.0686422667310285,-0.0049994795443496385,271.0702311839165,4,-4,0
12:33:05:954,5.176560397756896,2.7175550028055984,270.7846912812383,0.08641293012878247,-0.01448710208785668,-0.0034443955092849487,270.8478002772414,5,-1,0
12:33:06:080,5.140940969666388,2.685930853847962,270.82454195175467,0.0005678473367416252,0.07730529377717973,-0.00021575092604723622,270.8866479211978,0,4,0
12:33:06:201,5.133447180876028,2.635170988999763,270.623789929696,-0.06811000289299414,0.08711234899609357,-0.0015181991753796796,270.6853008236914,-4,5,0
12:33:06:326,5.080120208894866,2.69588959948258,270.5222522210308,0.039317589027065,0.07467761067069956,-0.003407295730018111,270.5833778871282,2,4,0
12:33:06:447,5.870556985387538,4.180457878612599,245.69660758290928,0.7389922563394752,-0.045812166110562574,0.13243589416320223,245.80228364509483,42,-5,6
12:33:06:573,5.141075492510457,2.710388229621666,270.88123161911966,-0.00766460496427391,0.07616489390052188,-0.0022272645651884872,270.943570702584,0,4,0
12:33:06:692,5.082773021273338,2.6998881236091274,270.83864209575506,0.03922117475509661,0.08452064429696138,-0.002446335303726154,270.8997859536591,2,5,0
12:33:06:816,5.120739330966446,2.648426791268787,271.3059588302699,-0.05245308200096483,0.08339457752704427,-0.0018171783815857897,271.36720404753504,-3,5,0
12:33:06:941,5.169878320470893,2.712126240470672,270.6909456376591,0.004275631385066765,0.057785600463447585,-0.003985366726890186,270.75389437790705,0,3,0
12:33:07:061,5.107405340737228,2.668371490766792,271.0659398993401,-0.06467110642585147,0.10312089073170844,-0.00386384077070174,271.12718338307576,-4,6,0
12:33:07:186,5.1806947534748575,2.6522618169638164,270.1979197996417,0.07432004155428791,-0.0515577370212704,-0.004009891745276892,270.2605963786212,4,-3,0
12:33:07:308,5.162588280244728,2.72656808527406,270.9387245093327,0.03632936643877795,-0.04061972823557126,-0.0036929283928489117,271.0016216372497,2,-2,0
12:33:07:430,5.134550360252906,2.6915334448131065,271.5435168630779,-0.009817607569916799,0.06159533824468687,-8.443605660495146e-05,271.60539300620525,-1,4,0
12:33:07:554,5.131568088931427,2.676408713527314,269.752823592145,0.012430520252602316,-0.08389010400241728,-0.0024960841639575324,269.8149032032665,1,-5,0
12:33:07:677,5.136579825793322,2.713886506951841,272.0958221063732,-0.04508404176095088,0.018538981541167853,0.0014932138313591167,272.15783295731626,-3,1,0
12:33:07:804,5.047285122334898,2.667523073521725,269.71005580724756,0.06084240437930973,0.05108533183337134,-0.004601045406062885,269.7704671938767,3,3,0
12:33:07:969,5.141075492510457,2.710388229621666,270.88123161911966,-0.00766460496427391,0.07616489390052188,-0.0022272645651884872,270.943570702584,0,4,0
12:33:08:091,5.071419861438158,2.684379661384928,270.6647313595689,0.0022248708766540717,0.10754821169341566,-0.001704787778720918,270.72554736397717,0,6,0
12:33:08:216,5.140940969666388,2.685930853847962,270.82454195175467,0.0005678473367416252,0.07730529377717973,-0.00021575092604723622,270.8866479211978,0,4,0
12:33:08:334,5.120739330966446,2.648426791268787,271.3059588302699,-0.05245308200096483,0.08339457752704427,-0.0018171783815857897,271.36720404753504,-3,5,0
12:33:08:457,5.089022805653684,2.653895527985372,270.2656299537464,-0.0796624258170033,0.11331442259248092,-0.0036774861546451654,270.326565562627,-5,6,0
12:33:08:580,5.169933108748539,2.6808478131110416,270.22995822527326,0.007837164411640014,-0.09126298856665509,-0.0023247376825974793,270.29270333432777,0,-5,0
12:33:08:702,5.085809875495359,2.7173229518455413,271.0732236623866,-0.07957914875591114,0.09129613611953893,-0.003754953367173407,271.13454573851817,-5,5,0
12:33:08:826,5.107405340737228,2.668371490766792,271.0659398993401,-0.06467110642585147,0.10312089073170844,-0.00386384077070174,271.12718338307576,-4,6,0
12:33:08:949,5.120739330966446,2.648426791268787,271.3059588302699,-0.05245308200096483,0.08339457752704427,-0.0018171783815857897,271.36720404753504,-3,5,0
12:33:09:072,5.210519225996343,2.691259735345937,271.1017881893483,0.07718525794763398,-0.02456680052319346,-0.007141081685781065,271.16521153907235,4,-1,0
12:33:09:194,5.133447180876028,2.635170988999763,270.623789929696,-0.06811000289299414,0.08711234899609357,-0.0015181991753796796,270.6853008236914,-4,5,0
12:33:09:316,5.10432299411201,2.7273681701257653,270.2426280729317,0.06157804414422095,0.06520904143680126,-0.0045631032359909965,270.3045887108255,4,4,0
12:33:09:442,5.130563733207802,2.6948201711472235,270.3539167961745,-0.034672018357977716,0.08080816341723607,-0.00086204466538575,270.41602220838945,-2,5,0
12:33:09:562,5.131568088931427,2.676408713527314,269.752823592145,0.012430520252602316,-0.08389010400241728,-0.0024960841639575324,269.8149032032665,1,-5,0
12:33:09:689,5.140940969666388,2.685930853847962,270.82454195175467,0.0005678473367416252,0.07730529377717973,-0.00021575092604723622,270.8866479211978,0,4,0
12:33:09:808,5.141075492510457,2.710388229621666,270.88123161911966,-0.00766460496427391,0.07616489390052188,-0.0022272645651884872,270.943570702584,0,4,0
12:33:09:932,5.170685803462011,2.685011353404622,271.1676660877915,0.05885777571847315,0.01869395131423997,-0.001421978208294509,271.23024980474804,3,1,0
12:33:10:056,5.1970542627075025,2.713610863930773,269.93698710317466,0.03542971683433654,-0.033171328744677056,0.0008445543014616335,270.0006482645363,2,-2,0
12:33:10:176,5.073130955300131,2.666745947709064,269.49388017099653,-0.005965706107171288,0.11662600457805872,-0.0005011368107562793,269.55481750704934,0,7,0
12:33:10:303,5.141075492510457,2.710388229621666,270.88123161911966,-0.00766460496427391,0.07616489390052188,-0.0022272645651884872,270.943570702584,0,4,0
12:33:10:424,5.105127724839278,2.7342933972697154,270.9316844022301,0.056931131729848566,0.09048136759637732,-0.006595220027934628,270.9935724376113,3,5,0
12:33:10:589,5.102383907999161,2.7048539556722306,270.68061236181785,-0.016515317577787014,0.0973559724826921,-0.00235113195897408,270.7422103496882,-1,6,0
12:33:10:720,5.134550360252906,2.6915334448131065,271.5435168630779,-0.009817607569916799,0.06159533824468687,-8.443605660495146e-05,271.60539300620525,-1,4,0
12:33:10:834,5.140940969666388,2.685930853847962,270.82454195175467,0.0005678473367416252,0.07730529377717973,-0.00021575092604723622,270.8866479211978,0,4,0
12:33:10:957,5.129617715893886,2.728277708127768,269.95654983070256,0.07308479281556719,-0.0024992883874700826,-0.0024920853420047186,270.0190646485179,4,0,0
12:33:11:082,5.119824270856814,2.668281921673106,270.00284400264985,-0.11153189185988825,0.021884900100666804,-0.0009699573860982161,270.06456283358847,-6,1,0
12:33:11:205,5.140940969666388,2.685930853847962,270.82454195175467,0.0005678473367416252,0.07730529377717973,-0.00021575092604723622,270.8866479211978,0,4,0
12:33:11:373,5.1982107483011015,2.705225289656068,269.6799263375883,0.09048892349935866,-0.049669523141352756,-0.0025484614112683056,269.7435862227286,5,-3,0
12:33:11:491,5.134550360252906,2.6915334448131065,271.5435168630779,-0.009817607569916799,0.06159533824468687,-8.443605660495146e-05,271.60539300620525,-1,4,0
12:33:11:613,5.133447180876028,2.635170988999763,270.623789929696,-0.06811000289299414,0.08711234899609357,-0.0015181991753796796,270.6853008236914,-4,5,0
12:33:11:738,5.126175606569363,2.7194679822745407,271.2278924186622,0.07735516718173129,-0.005041403661483421,-0.005161965551601369,271.2899607584575,4,0,0
12:33:11:881,5.086411430332686,2.6887572546467493,271.2009443620406,-0.005051719236939296,0.09836827201222378,-0.0004934347684820655,271.26196419637546,0,6,0
12:33:12:025,5.169933108748539,2.6808478131110416,270.22995822527326,0.007837164411640014,-0.09126298856665509,-0.0023247376825974793,270.29270333432777,0,-5,0
12:33:12:146,5.120739330966446,2.648426791268787,271.3059588302699,-0.05245308200096483,0.08339457752704427,-0.0018171783815857897,271.36720404753504,-3,5,0
12:33:12:270,5.134550360252906,2.6915334448131065,271.5435168630779,-0.009817607569916799,0.06159533824468687,-8.443605660495146e-05,271.60539300620525,-1,4,0
12:33:12:392,5.140940969666388,2.685930853847962,270.82454195175467,0.0005678473367416252,0.07730529377717973,-0.00021575092604723622,270.8866479211978,0,4,0
12:33:12:514,5.129617715893886,2.728277708127768,269.95654983070256,0.07308479281556719,-0.0024992883874700826,-0.0024920853420047186,270.0190646485179,4,0,0
12:33:12:639,5.101525234961824,2.712510801967129,269.5216781907095,0.047283074392731515,-0.08598665134384947,-0.0048489621884393146,269.58360166989036,3,-5,0
12:33:12:762,5.170685803462011,2.685011353404622,271.1676660877915,0.05885777571847315,0.01869395131423997,-0.001421978208294509,271.23024980474804,3,1,0
12:33:12:883,5.181550435034498,2.689405262155459,270.52687954076,0.09050970174182565,-0.04018158771265739,-0.0053093584163764855,270.5898629284471,5,-2,0
12:33:13:008,5.884585009351156,4.1548994795490355,245.42153842963907,0.7457222880981239,-0.042969760657312735,0.12958661137693045,245.5272348550935,43,-5,6
12:33:13:171,5.133447180876028,2.635170988999763,270.623789929696,-0.06811000289299414,0.08711234899609357,-0.0015181991753796796,270.6853008236914,-4,5,0
12:33:13:295,5.086411430332686,2.6887572546467493,271.2009443620406,-0.005051719236939296,0.09836827201222378,-0.0004934347684820655,271.26196419637546,0,6,0
12:33:13:502,5.138748208850238,2.6934397900498417,270.9959078550615,0.016087007724116368,-0.04530774158990464,-0.0032643172327207763,271.05800749146954,1,-3,0
12:33:13:623,5.901167093624234,4.223071259632456,247.07386218462477,0.7283536908938514,-0.04563533584316169,0.13002747194969905,247.18040269964317,42,-5,6
12:33:13:745,5.1400424356709395,2.6882206256635097,270.5392788361865,0.017574039536399272,0.06822187495927819,0.0011325377790983998,270.6014559450422,1,4,0
12:33:13:868,5.137346036458764,2.739570111284375,269.4560407485323,0.050769708182755856,-0.04461114995906886,-0.0029476803493128983,269.518933406482,3,-3,0
12:33:13:992,5.140940969666388,2.685930853847962,270.82454195175467,0.0005678473367416252,0.07730529377717973,-0.00021575092604723622,270.8866479211978,0,4,0
12:33:14:119,5.181550435034498,2.689405262155459,270.52687954076,0.09050970174182565,-0.04018158771265739,-0.0053093584163764855,270.5898629284471,5,-2,0
12:33:14:236,5.141075492510457,2.710388229621666,270.88123161911966,-0.00766460496427391,0.07616489390052188,-0.0022272645651884872,270.943570702584,0,4,0
12:33:14:360,5.121855315287604,2.6551708045310543,270.39424488228855,-0.08089244982864546,0.10309098448446756,-0.003521429966975972,270.4557838156452,-5,6,0
12:33:14:486,5.114552699303157,2.651801484119017,269.96224828872414,-0.07333596829576729,0.10176059113361992,-0.0025712622922213703,270.02371414660576,-4,6,0
12:33:14:646,5.10411631900861,2.7030935381764483,269.85519511432494,0.07994539105871182,0.10883479269378551,-0.004868556127948771,269.9169965901823,5,6,0
12:33:14:772,5.191543735896543,2.7045253711018935,270.0664093159333,0.07699588704385953,-0.07923229103780706,-0.002241359271242876,270.1298428990138,4,-5,0
12:33:14:937,5.170685803462011,2.685011353404622,271.1676660877915,0.05885777571847315,0.01869395131423997,-0.001421978208294509,271.23024980474804,3,1,0
12:33:15:057,5.138242873095231,2.7127709427870945,269.0977499137314,0.06174024998779899,-0.06531258419253609,-0.004918742956563449,269.1604719765591,4,-4,0
12:33:15:183,5.133447180876028,2.635170988999763,270.623789929696,-0.06811000289299414,0.08711234899609357,-0.0015181991753796796,270.6853008236914,-4,5,0
12:33:15:302,5.096463146081681,2.729038253431099,271.07006050925867,0.03822111648935127,0.058871491859648774,-0.004332668791958137,271.13170100687455,2,3,0
12:33:15:425,5.871621565900824,4.204276225009952,245.67539062343957,0.7394963045263359,-0.050516592712399895,0.1305227171666772,245.7815075150467,42,-5,6
12:33:15:551,5.10466402291974,2.6573853641719607,270.48149135513285,0.007065594100708016,0.07775243106692088,-0.004007239233662872,270.5427072708806,0,4,0
12:33:15:673,5.181550435034498,2.689405262155459,270.52687954076,0.09050970174182565,-0.04018158771265739,-0.0053093584163764855,270.5898629284471,5,-2,0
12:33:15:798,5.133447180876028,2.635170988999763,270.623789929696,-0.06811000289299414,0.08711234899609357,-0.0015181991753796796,270.6853008236914,-4,5,0
12:33:15:917,5.07883216225081,2.7306851840367745,270.3265193016436,0.0673951987853888,0.005228540062287126,-0.0042048701836609964,270.38801418599996,4,0,0
12:33:16:040,5.175987217943409,2.7466597619688877,270.6573729050575,0.028568598534900572,-0.08622518518440128,-0.0035152164543085034,270.7207943461228,2,-5,0
12:33:16:164,5.0987280567115,2.6344812800425053,270.4835720682447,-0.06444014320454007,0.10127307351379769,-0.001728022600977203,270.544451575353,-4,6,0
12:33:16:287,5.134550360252906,2.6915334448131065,271.5435168630779,-0.009817607569916799,0.06159533824468687,-8.443605660495146e-05,271.60539300620525,-1,4,0
12:33:16:413,5.13152530314306,2.704429734197438,270.45714787131084,-0.09746468001458952,0.0813977436332417,-0.0032686848002268618,270.5193437202007,-6,5,0
12:33:16:577,5.10432299411201,2.7273681701257653,270.2426280729317,0.06157804414422095,0.06520904143680126,-0.0045631032359909965,270.3045887108255,4,4,0
12:33:16:697,5.164870011727871,2.6614831327856536,271.0135700979986,-0.0005168991052670463,0.0853467380261262,-0.004123319761650703,271.0758464931299,0,5,0
12:33:16:823,5.1018166055202006,2.6713077952221873,269.68312180485026,-0.08555007207188962,0.1185600738132979,-0.004569176933553209,269.74460254919444,-5,7,-1
12:33:16:945,5.073130955300131,2.666745947709064,269.49388017099653,-0.005965706107171288,0.11662600457805872,-0.0005011368107562793,269.55481750704934,0,7,0
12:33:17:076,5.102383907999161,2.7048539556722306,270.68061236181785,-0.016515317577787014,0.0973559724826921,-0.00235113195897408,270.7422103496882,-1,6,0
12:33:17:193,5.131794794434989,2.6990522736654206,270.2550573638999,0.05666628788482112,-0.060059225414202326,-0.0040075319181857695,270.3172510805646,3,-3,0
12:33:17:312,5.164870011727871,2.6614831327856536,271.0135700979986,-0.0005168991052670463,0.0853467380261262,-0.004123319761650703,271.0758464931299,0,5,0
12:33:17:433,5.124366004030361,2.6943196635829354,270.25567728441314,0.0437747808036676,0.026049366898874667,-0.00038337580261928953,270.31768271766776,3,1,0
12:33:17:558,5.140940969666388,2.685930853847962,270.82454195175467,0.0005678473367416252,0.07730529377717973,-0.00021575092604723622,270.8866479211978,0,4,0
12:33:17:684,5.165734780498743,2.729120095188888,271.4365521139868,0.025687525643692807,-0.022711135403879326,-0.001928683658511309,271.49941940240956,1,-1,0
12:33:17:828,5.140940969666388,2.685930853847962,270.82454195175467,0.0005678473367416252,0.07730529377717973,-0.00021575092604723622,270.8866479211978,0,4,0
12:33:17:931,5.107405340737228,2.668371490766792,271.0659398993401,-0.06467110642585147,0.10312089073170844,-0.00386384077070174,271.12718338307576,-4,6,0
12:33:18:053,5.124366004030361,2.6943196635829354,270.25567728441314,0.0437747808036676,0.026049366898874667,-0.00038337580261928953,270.31768271766776,3,1,0
12:33:18:173,5.140940969666388,2.685930853847962,270.82454195175467,0.0005678473367416252,0.07730529377717973,-0.00021575092604723622,270.8866479211978,0,4,0
12:33:18:298,5.130563733207802,2.6948201711472235,270.3539167961745,-0.034672018357977716,0.08080816341723607,-0.00086204466538575,270.41602220838945,-2,5,0
12:33:18:419,5.133447180876028,2.635170988999763,270.623789929696,-0.06811000289299414,0.08711234899609357,-0.0015181991753796796,270.6853008236914,-4,5,0
12:33:18:544,5.087141609524115,2.6457530652492207,270.12809956933995,-0.10353601095852438,0.10919224895245476,-0.00546532482955697,270.18895091394995,-6,6,-1
12:33:18:664,5.133447180876028,2.635170988999763,270.623789929696,-0.06811000289299414,0.08711234899609357,-0.0015181991753796796,270.6853008236914,-4,5,0
12:33:18:808,5.167926584767105,2.713884697286627,269.8112961910112,0.0412767829682604,-0.10553075357060694,-0.004457617967437878,269.8744304071975,2,-6,0
12:33:18:913,5.131100869451673,2.7364790804662755,269.6389987517128,0.03667769971478427,-0.08540976511656255,-0.0025966955743562006,269.7016984776264,2,-5,0
12:33:19:037,5.134550360252906,2.6915334448131065,271.5435168630779,-0.009817607569916799,0.06159533824468687,-8.443605660495146e-05,271.60539300620525,-1,4,0
12:33:19:159,5.853705171732739,4.2029361351141254,247.1594842567033,0.7328129324057294,-0.04277790521984855,0.1312588723481203,247.2645166505558,42,-5,6
12:33:19:279,5.131083621657439,2.659151556914352,270.8768477412796,-0.002128471985062659,-0.03034809275399996,-0.0017601787479069998,270.9384907103224,0,-2,0
12:33:19:404,5.140940969666388,2.685930853847962,270.82454195175467,0.0005678473367416252,0.07730529377717973,-0.00021575092604723622,270.8866479211978,0,4,0
12:33:19:527,5.133447180876028,2.635170988999763,270.623789929696,-0.06811000289299414,0.08711234899609357,-0.0015181991753796796,270.6853008236914,-4,5,0
12:33:19:650,5.193898517389435,2.7332237851252192,270.0219441388535,0.08349244800680768,-0.021998247750547352,-0.0006908003465529069,270.08572233754717,5,-1,0
12:33:19:814,5.120739330966446,2.648426791268787,271.3059588302699,-0.05245308200096483,0.08339457752704427,-0.0018171783815857897,271.36720404753504,-3,5,0
12:33:19:935,5.089022805653684,2.653895527985372,270.2656299537464,-0.0796624258170033,0.11331442259248092,-0.0036774861546451654,270.326565562627,-5,6,0
12:33:20:100,5.193898517389435,2.7332237851252192,270.0219441388535,0.08349244800680768,-0.021998247750547352,-0.0006908003465529069,270.08572233754717,5,-1,0
12:33:20:224,5.121855315287604,2.6551708045310543,270.39424488228855,-0.08089244982864546,0.10309098448446756,-0.003521429966975972,270.4557838156452,-5,6,0
12:33:20:345,5.1334549224571635,2.685922837162777,270.1395138542683,0.0935897970860134,-0.0013477153060976036,-0.0016120719135350656,270.2016348698662,5,0,0
12:33:20:472,5.130359347704809,2.7263338209869166,270.56278038536357,0.048370679075622994,-0.040023634391688545,-0.002029375314872039,270.62514963136465,3,-2,0
12:33:20:592,5.165734780498743,2.729120095188888,271.4365521139868,0.025687525643692807,-0.022711135403879326,-0.001928683658511309,271.49941940240956,1,-1,0
12:33:20:719,5.174851107254969,2.6825904127999856,271.8554485462591,0.029479524379352494,-0.023657691735368188,-0.000884004654951093,271.91792930881337,2,-1,0
12:33:20:841,5.169933108748539,2.6808478131110416,270.22995822527326,0.007837164411640014,-0.09126298856665509,-0.0023247376825974793,270.29270333432777,0,-5,0
12:33:20:962,5.165734780498743,2.729120095188888,271.4365521139868,0.025687525643692807,-0.022711135403879326,-0.001928683658511309,271.49941940240956,1,-1,0
12:33:21:085,5.0773961694660015,2.7301560272492895,269.4033479562155,0.09520419761268392,0.029252772612103555,-0.004629660040783578,269.4650210951554,5,2,0
12:33:21:208,5.141075492510457,2.710388229621666,270.88123161911966,-0.00766460496427391,0.07616489390052188,-0.0022272645651884872,270.943570702584,0,4,0
12:33:21:329,5.093559020219552,2.686997208008618,271.1942968719238,-0.010271814048151584,0.0697147186481659,-0.005972522643668209,271.2554348825945,-1,4,0
12:33:21:454,5.853717803870997,4.181198027304959,247.13745466192427,0.7382769799078781,-0.044733857943407854,0.13049151983153448,247.24212813726865,42,-5,6
12:33:21:575,5.152939328906755,2.7395978943721198,271.8730239040236,0.038952695919670134,0.01921994360583172,-0.006810540354648318,271.93565287962525,2,1,0
12:33:21:703,5.130871639424885,2.6570765651856854,271.5321077744352,0.04340702137355671,-0.003433317043484554,-0.004893095268634239,271.59357770772306,2,0,0
12:33:21:823,5.124366004030361,2.6943196635829354,270.25567728441314,0.0437747808036676,0.026049366898874667,-0.00038337580261928953,270.31768271766776,3,1,0
12:33:21:944,5.133447180876028,2.635170988999763,270.623789929696,-0.06811000289299414,0.08711234899609357,-0.0015181991753796796,270.6853008236914,-4,5,0
12:33:22:070,5.120739330966446,2.648426791268787,271.3059588302699,-0.05245308200096483,0.08339457752704427,-0.0018171783815857897,271.36720404753504,-3,5,0
12:33:22:190,5.164870011727871,2.6614831327856536,271.0135700979986,-0.0005168991052670463,0.0853467380261262,-0.004123319761650703,271.0758464931299,0,5,0
12:33:22:316,5.130359347704809,2.7263338209869166,270.56278038536357,0.048370679075622994,-0.040023634391688545,-0.002029375314872039,270.62514963136465,3,-2,0
12:33:22:437,5.1589556225503985,2.6578048193887884,271.07900075296817,-0.10316352636797829,0.04610359200447311,7.423306491658862e-05,271.1411134424308,-6,3,0
12:33:22:560,5.871969437708697,4.18012028817247,245.6801489997105,0.739221960584712,-0.050931205971970935,0.13065480967298815,245.78586013686981,42,-5,6
12:33:22:686,5.130563733207802,2.6948201711472235,270.3539167961745,-0.034672018357977716,0.08080816341723607,-0.00086204466538575,270.41602220838945,-2,5,0
12:33:22:807,5.169933108748539,2.6808478131110416,270.22995822527326,0.007837164411640014,-0.09126298856665509,-0.0023247376825974793,270.29270333432777,0,-5,0
12:33:22:932,5.170147245585588,2.7396780200271613,270.158390019283,0.027211964576496772,-0.09289068314802519,-0.0024002501640660425,270.221745897708,2,-5,0
12:33:23:052,5.031235210406538,2.6736930967982064,266.2823250921,-0.019018652330009406,-0.06692562274187328,-0.003978484055339815,266.34327214888145,-1,-4,0
12:33:23:176,4.809732013063176,2.630904743382358,253.9025285771781,0.08961965621264922,-0.027077733724986848,-0.006023741050988913,253.96170813666174,5,-2,0
12:33:23:296,4.408507214931506,2.427463789416104,236.5579927621137,0.08872523770215172,0.041056624441515685,-5.1150798674704995e-05,236.61152012519017,5,2,0
12:33:23:421,4.040579445157704,2.3015015820836195,218.29893290563945,0.10208329885315075,0.007204540358723661,-0.0023186584670924926,218.34845385192412,6,0,0
12:33:23:544,3.6812823013832574,2.132683515537031,201.0656757917111,0.03548032908711813,-0.023494035849779604,-0.0007487193711871693,201.11068136709548,2,-1,0
12:33:23:667,3.3878929229885673,2.0482954242791886,185.94583178940803,0.003741896627749948,-0.01873206056233136,0.0006905537741467216,185.98797190264102,0,-1,0
12:33:23:793,3.077335117697295,1.9488154945105765,172.37859307393754,0.008826974260026065,-0.046421709286611386,9.858560169437333e-05,172.4170734684022,1,-3,0
12:33:23:956,2.718586078627942,1.8058067549685517,157.8905492574314,-0.12500722770027212,0.018844463590611423,0.00040746233016484347,157.92427676933198,-7,1,0
12:33:24:077,2.5754128388956548,1.863280934763704,149.3228331889082,0.0468902778447184,-0.00808549421309092,-0.003138810488411694,149.35666399158458,3,0,0
12:33:24:202,2.427652538267024,1.6717559825301576,142.66270454958496,-0.15105491754534126,0.022528233538698827,0.002063556490350645,142.69315167279,-9,1,0
12:33:24:324,2.2858743243133905,1.6032035762522148,136.71543834410147,-0.10451948001982331,-0.013338461306683341,0.0007288988300879206,136.74394525811107,-6,-1,0
12:33:24:447,2.186059377950611,1.6034662780444124,132.68654988236307,-0.05049236432609655,0.030714770513707575,0.0007603815884963149,132.714243694464,-3,2,0
12:33:24:571,2.188031405530423,1.556051809950392,132.0701157745413,-0.10732313525749555,-0.00200433933625572,0.00030762866501679196,132.0974044384203,-6,0,0
12:33:24:691,2.244565521339051,1.601806386487267,132.3778706050993,-0.17252750639860856,-0.002279161736317034,0.0011550574218690231,132.40658776669608,-10,0,0
12:33:24:817,2.196164413927123,1.5920718930276245,132.29570062979835,-0.16401884782137172,0.009633290301132469,0.0014257180510743722,132.3235059850471,-9,1,0
12:33:24:939,2.216678504564654,1.5656559342431025,132.51512898692954,-0.12650455691173026,0.003441589572211837,0.00016007490092916082,132.54291513513502,-7,0,0
12:33:25:061,2.190184709551058,1.6170309323048073,132.37742077237286,-0.003262776390349489,0.0019337248333554007,-0.0011927249104890139,132.40541238349675,0,0,0
12:33:25:185,2.2127763747891644,1.601314124604628,132.2291991441103,-0.10162883841957271,0.0028063040633061653,0.00018216201159205057,132.25740694760074,-6,0,0
12:33:25:307,2.1921354619742006,1.5915103366713703,131.98425519495217,-0.06885870649340249,0.005871543535859667,-0.0018902265961551871,132.01205241341276,-4,0,0
12:33:25:474,2.172911654408963,1.6380765448228047,132.31675022838604,-0.008710849903429664,0.02221017477167151,-0.0006233003985973417,132.34472876101134,0,1,0
12:33:25:595,2.192732709319498,1.583016975192406,131.82792734248216,-0.11908748794520375,0.020671317931112945,0.0011382957225971485,131.85566520591,-7,1,0
12:33:25:724,2.1882928307303744,1.58266337412285,132.113697222702,-0.10713275586034399,-0.0016994114686155024,-6.737534102514414e-05,132.14129726440783,-6,0,0
12:33:25:839,2.2068518842841933,1.5797895447929386,130.56070763109352,-0.1493928093702427,-0.00940416317211639,0.00025377921733731344,130.58891341678623,-9,-1,0
12:33:25:961,2.0975361168142035,1.5468770405805419,127.63226765923277,-0.15112667268021243,0.006564518051185541,0.0022494850187777366,127.65887448265416,-9,0,0
12:33:26:087,2.0620974155127363,1.5401422097444806,124.96571296912079,-0.11783500014533503,0.010497239434754725,3.1477273042600766e-07,124.99221456417989,-7,1,0
12:33:26:209,2.0636265197292563,1.6008621283833866,124.91998538769332,0.005478584989299721,-0.0042686153016199815,0.0006924693122756318,124.94728513748721,0,0,0
12:33:26:334,2.0357823800295076,1.5267994733576395,124.34011262260763,-0.13854361904782247,-0.0009430324741125954,-0.0010757691685563963,124.36614946814682,-8,0,0
12:33:26:456,2.0366059104826313,1.5818211650776461,124.10012224227454,-0.032408700801361504,0.010534281669144214,6.954283146343583e-05,124.1269119183281,-2,1,0
12:33:26:578,1.986718503381488,1.580347971279009,121.21303545758197,-0.05648108181118677,-0.0005010960974804262,-0.0007772836825505378,121.23961611190884,-3,0,0
12:33:26:701,2.0054203676782953,1.583504657790075,120.06976088293848,-0.02189340251285328,-0.0167568050638587,-0.0027983678905595675,120.09694699008116,-1,-1,0
12:33:26:823,2.0072312584330922,1.6472108367708778,121.40607691436657,0.0421602409010196,0.00591691845525508,-0.0030605111380839316,121.43384121653526,2,0,0
12:33:26:948,2.027583790748517,1.5397733702062026,121.42978301241935,-0.06938276863054996,-0.016379228154161974,-0.0008278523473869466,121.45647039373138,-4,-1,0
12:33:27:113,2.040855319335247,1.5546325399763805,121.52494909363485,-0.06772024510874755,-0.0036159495849254738,-0.0019496932923099052,121.55202682382286,-4,0,0
12:33:27:235,2.0377750978168723,1.5420581598649135,121.6791418872724,-0.09034592879070892,0.002915467463294886,-0.0014809711676757465,121.70597372824662,-5,0,0
12:33:27:361,2.030032900537526,1.529161069920992,121.77328816696439,-0.112038770413085,-0.013591073888168438,-0.00039271228427809166,121.7998073814141,-6,-1,0
12:33:27:483,2.0315365597286794,1.531590954475522,122.00786231197677,-0.08024725233597059,0.0035401078189853637,-0.0006561631379364177,122.03438604583393,-5,0,0
12:33:27:606,2.0506981532193724,1.5706658610826538,121.91857770864236,-0.07293057446345584,-0.020843466808017116,-0.0013714719048790389,121.94593861486759,-4,-1,0
12:33:27:729,2.035494405640644,1.5753393930403585,122.12436849887811,-0.022709256443349025,0.000372873446055983,-0.0024913913563794662,122.15148919652364,-1,0,0
12:33:27:850,2.016686684061579,1.539651279631353,121.90806773571185,-0.08307225769147185,0.004535603924316839,-0.0011740530732119673,121.93446817983606,-5,0,0
12:33:27:974,2.0227461039374437,1.537181732500477,121.93236587524156,-0.10482312710740437,-0.0018193441882505027,-0.0005052643742691792,121.95883025600688,-6,0,0
12:33:28:096,2.0350042643982817,1.587521514870646,121.8046490622374,-0.07975526234391328,0.009060487547653517,-0.0011243770858839774,121.8319908730507,-5,1,0
12:33:28:251,2.0356741248893298,1.5325216629670635,121.77963884208341,-0.08969666390834619,0.00772277039258813,-0.0010375718048989393,121.80629305704397,-5,0,0
12:33:28:425,2.05236320248368,1.5198676166601874,121.77534373425131,-0.12631977239902384,-0.012671557175763458,-0.0010244963892480658,121.80212039977852,-7,-1,0
12:33:28:548,2.0333582334475424,1.5581794544487197,122.00651041263296,-0.11122532382232073,0.0006036309711237994,-0.0008924020452194555,122.03340137841651,-6,0,0
12:33:28:670,2.026933386369696,1.5387377548923638,121.9072762524279,-0.08435814984063043,0.007422015521382758,-0.00016828867702739178,121.93383523910369,-5,0,0
12:33:28:796,2.054518329849866,1.5089032477378341,121.86260465158946,-0.12745118308190984,-0.014132057654318677,-0.0014994484966623658,121.88926223030606,-7,-1,0
12:33:28:916,2.0106126145543306,1.5790148137101363,122.0214387532897,-0.01511220790330722,0.012903282999602436,-0.0027800082003168387,122.04821738268261,-1,1,0
12:33:29:041,2.0386931087826983,1.5624214834865076,121.92648321041025,-0.0680620264417735,-0.005598340406399542,-0.0002041708913218367,121.95353516213588,-4,0,0
12:33:29:230,2.012204662946986,1.5252547794231142,121.99857345009278,-0.08929322671719005,-0.0014025371240983975,-1.5366385569650848e-05,122.02469952270081,-5,0,0
12:33:29:390,2.057157677825718,1.586774965562329,122.06715290197819,-0.02182487363711463,-0.011767621675502176,-0.0026819055308594346,122.09479747351111,-1,-1,0
12:33:29:553,2.0340333519834375,1.5399382111410456,121.90231955926477,-0.08250775281076778,-0.0017977785226418763,-0.0010827875060828963,121.92901301700189,-5,0,0
12:33:29:685,2.066450468619107,1.533633735447941,121.86426406081117,-0.09051468833936543,-0.01389853899833276,-0.002508579819097586,121.89143163100871,-5,-1,0
12:33:29:833,2.0242218443003464,1.5218325088852143,121.79904041520733,-0.12400652866899167,-0.004709625805898332,0.001436676790221399,121.82536556204275,-7,0,0
12:33:29:956,2.017511607474372,1.548401984417948,121.97955488332381,-0.10726473132945302,-0.008420570707101666,-0.00021018728953356704,122.00606423996084,-6,0,0
12:33:30:081,2.045327653631556,1.5829186202040268,122.00012397027476,-0.07482146589033781,-0.011499002555178705,0.0003612557235209193,122.02753478347134,-4,-1,0
12:33:30:209,2.046133282269189,1.527289285900228,121.9738192660624,-0.08548934958106254,-0.013135287142523587,0.0004384072384708227,122.00054040995758,-5,-1,0
12:33:30:352,2.0315365597286794,1.531590954475522,122.00786231197677,-0.08024725233597059,0.0035401078189853637,-0.0006561631379364177,122.03438604583393,-5,0,0
12:33:30:478,2.017412184349177,1.5652729069472875,121.941946010633,-0.06445699943334798,0.004489813329676411,-0.0013109348874261956,121.96867724155624,-4,0,0
12:33:30:597,2.0573134552614927,1.555551453934893,122.07552414018053,-0.04834019992279614,-0.012205199902405827,-0.002505866251823698,122.10276767165779,-3,-1,0
12:33:30:723,2.01325225543677,1.5434080441684062,121.91301211262378,-0.09492829019071695,0.009383899947453183,-0.0003321694117386888,121.93940222671085,-5,1,0
12:33:30:849,2.0340333519834375,1.5399382111410456,121.90231955926477,-0.08250775281076778,-0.0017977785226418763,-0.0010827875060828963,121.92901301700189,-5,0,0
12:33:30:966,2.035937429610075,1.5486602867176311,121.86014618283197,-0.12109357738040652,0.008751613250764309,-0.0008038105511385186,121.88699117462093,-7,0,0
12:33:31:092,2.0600156429155847,1.5224164650415117,122.0363742226072,-0.07708860933668711,-0.015644821402906288,-0.0013361263259995815,122.06325429768908,-4,-1,0
12:33:31:210,2.0599320275350483,1.6519268324797776,122.06984221612515,0.016788281010279408,-0.01466548902158988,-0.0033765853298186794,122.0983970447099,1,-1,0
12:33:31:338,2.0707298233356157,1.5851310606158786,122.19996755208415,-0.0440064057166591,-0.023622100790119217,-0.0007504577079000577,122.2277899342494,-3,-1,0
12:33:31:458,2.00144154759793,1.5634327512344093,121.91996659297274,-0.10098943926206042,0.006941932930772071,-0.002726656972817645,121.94641587298773,-6,0,0
12:33:31:581,2.02244069412535,1.5509114530424257,121.9410828176404,-0.10252026023269355,-0.013739783750043219,0.0009383243927835314,121.96771405349477,-6,-1,0
12:33:31:708,2.0433671051691533,1.570944059398379,121.86853536462993,-0.08842768873403634,-0.013313253221666481,-0.0009687548735818648,121.89578797597686,-5,-1,0
12:33:31:827,2.001985878886015,1.5006248016525094,121.72421704371375,-0.11780339132287661,-0.009720767319717823,-0.0006582388649138265,121.74992746264667,-7,-1,0
12:33:31:952,2.0111406012309856,1.5197805996430878,121.85833937818282,-0.09299155120212597,-0.0025631271371240037,0.000325817902164086,121.88440956741495,-5,0,0
12:33:32:073,1.9978625599410087,1.5317058902682648,121.77608061939198,-0.07354327185487065,-0.015474139620962432,0.0008135738668967239,121.80209927896706,-4,-1,0
12:33:32:195,2.0423248612822404,1.53124103488046,121.99097956392332,-0.08026227456505329,-0.009247146263679121,-0.0005744816420237233,122.01768267309238,-5,-1,0
12:33:32:322,2.010933113881456,1.517580978321988,121.87175610828899,-0.09687681243410964,0.009461720429811152,-0.0020558724095401932,121.89779260073804,-6,1,0
12:33:32:443,2.020597384144151,1.5154591522272873,121.85712724680303,-0.09954239905908054,-0.00017298112024622165,-6.874029428129743e-05,121.88330029612106,-6,0,0
12:33:32:567,2.025307721415641,1.5407564992149836,122.1111957609568,-0.12271917806363387,-0.0032712439566659935,-0.001992498813192275,122.1377088868422,-7,0,0
12:33:32:729,2.015829269511386,1.5932746903456607,122.26619684600654,-0.018252131741143915,0.0017992530611815698,0.0015469176565560045,122.2931927094437,-1,0,0
12:33:32:854,2.018952643988277,1.555236889558333,122.09810444641491,-0.10060689402401864,0.00602930816053139,-0.00022242105892863288,122.12469873440406,-6,0,0
12:33:32:980,2.0060817348528395,1.548204333794799,122.08962140719693,-0.09317553182133628,0.006905085792558663,-0.0005151137275516574,122.11591606313556,-5,0,0
12:33:33:099,2.0144573790418434,1.598104752433382,122.04193279704569,-0.02201092380400801,0.011132297267828759,-0.00025716413227024195,122.06901874828986,-1,1,0
12:33:33:221,2.0351133870729505,1.5655015412082949,121.9351237521614,-0.06395535380437128,-0.002195832363709633,-0.0012114662392902688,121.96215349865173,-4,0,0
12:33:33:349,2.030024659614064,1.5202578634598776,121.66186720743991,-0.1222828272496937,0.012903602353962138,0.00015500417083017638,121.68829901223368,-7,1,0
12:33:33:469,2.042529217704912,1.5717064757812982,122.14809974899927,-0.0952227405649602,-0.006779781007442672,-0.0004926895966625299,122.17528579521583,-5,0,0
12:33:33:593,2.002401985222634,1.5270430040407428,121.96108912101147,-0.1029632255442038,0.008686607933041697,-0.0004493832761206884,121.98708429022277,-6,0,0
12:33:33:714,2.0243269145106955,1.5063835681247937,121.95303134434664,-0.09804354240826357,-0.0032119102128914277,-0.0005459229587317763,121.97913323592,-6,0,0
12:33:33:838,2.044077997534606,1.570474853413173,121.92210995281656,-0.056664871344534934,-0.013450677811021758,-0.0021307071209091264,121.94935646190142,-3,-1,0
12:33:33:958,2.0385250314083323,1.5907119799825598,121.94672081060577,-0.04575225890323322,-0.004763895235218849,-0.0003651058502658339,121.97413113183782,-3,0,0
12:33:34:082,2.052464991884613,1.556460763565167,121.98112754162696,-0.061176180975425945,-0.00815365315639078,-0.0019685005932223824,122.0083220890202,-4,0,0
12:33:34:249,2.0283161210720113,1.515385080848292,121.9083668927632,-0.11892805116557595,-0.009079796639111286,-0.00019830827280635844,121.93465617571906,-7,-1,0
12:33:34:373,2.0154982676781517,1.4978491851189277,121.80250761413478,-0.10625721552633874,-0.009888278366116238,-0.000507433872197563,121.8283901499964,-6,-1,0
12:33:34:495,1.7076981720619206,1.4721944112472984,117.40846545364109,-0.1350154353361493,0.00019027847053950376,0.0020339622375191956,117.43011261857073,-8,0,0
12:33:34:617,2.627767056515775,3.3913356223204882,96.83406920042704,0.7304333364604861,-0.06479840942917073,0.13910951222356804,96.92906310761299,42,-6,6
12:33:34:740,1.4591780435664845,1.3629898599514156,97.37782707499252,-0.11203661822776183,0.010210258185513103,-0.001818781644153363,97.39829643155112,-6,1,0
12:33:34:866,1.3357829663704401,1.3311389553777102,92.39702367367126,-0.05871296745432378,-0.005158275521007172,0.0023599082410355725,92.41626605097576,-3,0,0
12:33:34:984,2.087164960910311,-0.7616550536483345,82.48127853006554,-0.9063598299079713,-0.030159446279797855,-0.16393756792214786,82.51119732466043,-52,-5,-7
12:33:35:109,2.13543528151892,-0.8606626140831367,82.69064775357907,-0.899130221309201,-0.022596082201181075,-0.1663016067281742,82.72269368125852,-51,-5,-8
12:33:35:236,0.05321914595619891,3.4152522156976968,82.539606863041,0.7134818842689817,0.11046263260396358,-0.15400312314881634,82.61025046009539,41,9,-6
12:33:35:358,1.4378280484918602,1.3025105051187365,90.87402885711971,-0.09755339687853787,-0.02072081432459685,0.000958010120243367,90.89473584227858,-6,-1,0
12:33:35:490,err,err,err,err,err,err,err,err,err,err
12:33:35:603,0.07281761049817419,3.3743409815549166,82.46404599343498,0.7163153019621407,0.10721104062426383,-0.15569340789149394,82.53308646277297,41,9,-6
12:33:35:724,err,err,err,err,err,err,err,err,err,err
12:33:35:848,0.12291856749038235,3.3307202962498463,82.21152319146019,0.7249678287245832,0.105346510664277,-0.15626249603941816,82.2790577979967,41,9,-6
12:33:36:059,err,err,err,err,err,err,err,err,err,err
12:33:36:178,0.04042809548840768,3.3852379767071192,82.70249383464783,0.7211125737425299,0.09618165915316318,-0.15210404651185574,82.77175820930594,41,8,-6
12:33:36:297,0.034822555406236494,3.3438220628965434,82.31761445221932,0.7280939675603082,0.09901171671924236,-0.15457351880105435,82.38550848118197,41,8,-6
12:33:36:422,err,err,err,err,err,err,err,err,err,err
12:33:36:543,2.1535887796896658,-0.806791655406344,82.87102671983295,-0.9054805340872567,-0.026817468651923592,-0.1629809271929802,82.90293075040536,-52,-5,-7
12:33:36:662,err,err,err,err,err,err,err,err,err,err
12:33:36:792,2.1348635546167167,-0.8173789590986561,82.58673114844592,-0.9046475167661197,-0.02251967386149043,-0.16379941904979825,82.61836304687533,-52,-5,-8
12:33:36:914,0.050039342890055676,3.344987207870053,82.53081918379496,0.717678112340868,0.1074332748981962,-0.1528832904572076,82.59859295717396,41,9,-6
12:33:37:034,2.117315726044322,-0.8169604030423201,82.84274546551774,-0.9025136339433087,-0.02375995270470723,-0.16521084660030091,82.87382533978055,-51,-5,-8
12:33:37:163,1.4335192309127196,1.3192086181201976,91.47850243817486,-0.07681145377452182,0.019287861446919526,-0.002432997463611827,91.4992442432979,-4,1,0
12:33:37:281,1.4435358453492564,1.3468802854577313,91.68882690571029,-0.07180224298012347,0.014254508129367955,-0.0015015797263727318,91.71008047965864,-4,1,0
12:33:37:404,0.1076253211873624,3.3421095080206595,82.51683692250245,0.7270256412108778,0.09977161786183252,-0.15215192376371478,82.58456063253122,41,8,-6
12:33:37:528,0.06175014011186912,3.358207452932043,82.5648372655686,0.724117861380768,0.09963558640171075,-0.14926611175391571,82.63312727391211,41,8,-6
12:33:37:655,2.5454567589184895,3.287596519944311,85.09640399435331,0.7254923822481437,-0.06534317797500207,0.13553816043147823,85.19792024315889,41,-6,6
12:33:37:775,1.5811411494917016,1.3262235232900106,104.94023979321818,-0.07314252102777795,0.009334879755386563,-0.002632672352959442,104.96052974345392,-4,1,0
12:33:37:895,1.7993884810988898,1.6175430286079535,114.4015809312725,0.005224479350693766,0.00043897697404353067,-0.00038548874812124303,114.427164449399,0,0,0
12:33:38:026,1.8227904933286891,1.494968960840945,115.91595162779377,-0.07587399790269901,-0.02406882937621984,0.0016125204423932588,115.93992124869446,-4,-1,0
12:33:38:148,1.8303434077719147,1.5509519153032998,114.37563764283797,-0.06414586763616605,-0.021273832816031606,0.0009372138197470856,114.40079586716051,-4,-1,0
12:33:38:266,1.8734417717456342,1.5554576912709328,114.38082990618783,-0.0017416651462037482,-0.0309020958310223,-0.0005602328563304937,114.406745792063,0,-2,0
12:33:38:394,1.8528928602585175,1.581219411437424,116.16770070795837,0.04183012651278204,-0.003656988129974712,-0.0009865729697286036,116.19323626852166,2,0,0
12:33:38:511,1.9679149606417154,1.6000332096777723,120.6275483425996,0.0009678242918433972,-0.003485290470022482,-0.0021364321534695575,120.65420927058696,0,0,0
12:33:38:634,1.9591305385030666,1.534930756495901,121.78141527083574,-0.08621983234471901,-0.0010991625303362947,-0.001996521514944657,121.80684426690429,-5,0,0
12:33:38:765,2.0203949800317753,1.5943074051209007,121.04097434577564,-0.04884349377438674,-0.01495670440412255,-0.0009641081828157472,121.06833311213992,-3,-1,0
12:33:38:882,1.9889088519846203,1.6108295745030945,120.71627563421966,0.0428496397552213,-0.024025623235819513,-0.0019630033805729747,120.74340451277862,2,-1,0
12:33:39:004,1.9841462580293274,1.52740770429422,121.05431927966931,-0.12870902950362828,-0.002495644680653365,-0.0015604342968722504,121.0802131932898,-7,0,0
12:33:39:308,2.0224035841452985,1.5313302282403545,121.61296939823009,-0.06965907165496582,0.005770803837161309,-0.0017001605765812173,121.63942376704986,-4,0,0
12:33:39:426,2.0427040477194285,1.615149628656775,125.49268257876925,0.042695095434856764,0.027714471049657345,-0.0022005927280577884,125.51969856944866,2,2,0
12:33:39:550,2.058361932732779,1.5482920028916218,124.7085166757114,-0.09748130361957522,0.009496719240696937,-0.0006442491336437965,124.73511211133987,-6,1,0
12:33:39:688,2.007281918440744,1.5026539772555008,122.91124482796411,-0.13230515134483725,0.007190208280333927,0.00037765688064022446,122.9368181418211,-8,0,0
12:33:39:868,1.9708283237532542,1.5157218169737958,121.88675956864282,-0.11779723370170954,0.003251331204362819,0.000647615850043785,121.91211480018013,-7,0,0
12:33:40:001,2.0096545386301434,1.5379697466801032,121.65850995087845,-0.09562507551557,-0.004542847671708709,0.00036007063831289894,121.68482693324724,-5,0,0
12:33:40:111,2.0090373351673954,1.5021171585783237,121.94838965804728,-0.12193812036698974,0.00037730949439046443,-0.00027806425922517557,121.97418713466847,-7,0,0
12:33:40:239,2.0134907634490307,1.4986019999982538,121.97022801626274,-0.110172269719611,-0.004924327220758217,-0.0011663313276176557,121.99605106456526,-6,0,0
12:33:40:355,1.994030060711937,1.5257771982429638,121.89567799050674,-0.10301743378879948,-0.010787085318111693,-0.000628675043427982,121.92153404836657,-6,-1,0
12:33:40:579,1.9820160272035965,1.5496326556810056,121.91584459646135,-0.06879849269801977,0.002668210847344526,-0.002266516433373585,121.94180133394849,-4,0,0
12:33:40:734,1.9867600613924055,1.5623216080273494,121.9973411571819,-0.08727876217327579,0.014051717360343479,-0.00012759046966212494,122.02351951066763,-5,1,0
12:33:40:860,1.9647397952901133,1.5491687761468476,121.9324180468536,-0.0871146058225849,0.008783732266004205,-0.0023494033853470164,121.95808582096086,-5,0,0
12:33:40:983,1.9518121963899588,1.5586472324431413,122.0404554424283,-0.0596057458310102,0.0008002351946328138,0.00014587215412971,122.06601376566906,-3,0,0
12:33:41:103,1.9909450530084278,1.5173767900883328,121.95900073573968,-0.117186679925826,0.006913521648167749,-0.001345388489390229,121.98468819891843,-7,0,0
12:33:41:227,1.9720370728168841,1.509044577934328,121.75183402197302,-0.12384082018561193,0.013469648275010527,0.0010676482626841295,121.77715398821252,-7,1,0
12:33:41:345,2.0017400705380357,1.512925794617693,122.13718693481246,-0.09363097358102637,0.012606128205405945,-0.0008986700411599455,122.16295813428611,-5,1,0
12:33:41:461,1.9974124674060219,1.5354357157613132,121.76348494631503,-0.10223806715408246,-0.00488054580192537,-0.0022263361257260873,121.78954588006998,-6,0,0
12:33:41:586,1.9750381233094365,1.4973244838709967,121.83712350279237,-0.12605524594398498,0.010985034035049876,0.0006120483878252785,121.86232978091796,-7,1,0
12:33:41:709,2.002144007231352,1.554532393317055,122.09837545823859,-0.101642766821677,0.011695607689381458,-0.0003021513242953835,122.12468399602336,-6,1,0
12:33:41:837,1.9910225823488572,1.5270212680020598,121.56497002776148,-0.10916576642118961,8.27586138659453e-05,-0.0007122846599538319,121.59086274357502,-6,0,0
12:33:41:955,1.9779488318946534,1.5180221659386233,121.81488495475624,-0.11201619040316767,0.006489274046976754,-0.00047773202869612753,121.84039916800327,-6,0,0
12:33:42:077,1.980923760365241,1.5426008228741745,121.70834963746024,-0.07316354339443952,0.0023275202340634353,0.00021839641068094334,121.73424352957298,-4,0,0
12:33:42:202,1.9983241300835568,1.518495831998626,122.02691950177585,-0.10013283977496916,-0.0013790629392836922,-0.0027384319147091773,122.05272717974619,-6,0,0
12:33:42:321,1.9575037102811157,1.5461295835694464,122.03714463370635,-0.07741393700503134,0.006493920267153876,-0.0011509757948066053,122.06263559260513,-4,0,0
12:33:42:449,2.000931457475018,1.5855729188255467,122.12638149669363,-0.07481043816519856,-0.014343031976022375,-0.0010886977411420978,122.15306310385499,-4,-1,0
12:33:42:568,1.9971644446144894,1.5768991013587708,122.23712781185803,-0.07318157767845558,-0.007536133440801788,-0.0006713974663703709,122.26361148063316,-4,0,0
12:33:42:706,2.006456927809345,1.5536727739356568,121.78158669065046,-0.0934136622156579,-0.01303885871861563,-0.00033162203716658345,121.80802364944617,-5,-1,0
12:33:42:815,1.962754553966065,1.5403181014096057,122.1382586538963,-0.07142932299674769,0.001850670021752357,-0.0016442907289764101,122.16373935132602,-4,0,0
12:33:42:939,1.9978140462953076,1.5453472995323743,121.92052582221766,-0.0923709994461849,0.0116716786127168,-0.0023395909111682735,121.94668497341692,-5,1,0
12:33:43:065,1.9663810998448403,1.5419772465221044,121.84593013733124,-0.09536982115818492,0.021373925471944565,0.00013973348967906562,121.87155139527034,-5,1,0
12:33:43:196,1.959815689374234,1.4981779788083551,121.81803608190368,-0.10617055303396596,-6.048410345385694e-05,-0.0004306352982917837,121.84301100040368,-6,0,0
12:33:43:453,1.9551135232528534,1.551100942489683,121.88074841474064,-0.06588906153008721,0.007926272532034574,0.00037772041728631386,121.90629687247456,-4,0,0
12:33:43:598,1.9753961654900385,1.4783919638980996,121.6449189592194,-0.149729829767874,-0.007427928619147804,0.0005642586554931975,121.66993934988464,-9,0,0
12:33:43:723,1.9722243058542617,1.5610694777587133,122.06792334802627,-0.02425577295982505,0.004316354942957433,-0.0013476483085280572,122.093834885823,-1,0,0
12:33:43:849,2.008159437829197,1.5472715507384933,121.97671384486503,-0.057144007687746017,0.0010298855172152569,-0.0025339969242498,122.00305518294022,-3,0,0
12:33:44:229,1.9926798349490862,1.573270397455102,122.01734959773195,-0.05529951214347758,-0.007127871895005207,-0.0017466917148378984,122.04376082177761,-3,0,0
12:33:44:353,1.9913985295407515,1.5741992995621719,122.13551613884682,-0.02448744313086063,0.011983623352686644,-0.00011420920332797806,122.16189288825183,-1,1,0
12:33:44:482,2.0023969839854505,1.5127385154592545,121.9580399803292,-0.10630963753520971,-0.0034360022066489844,0.0016757556354952846,121.98385748672324,-6,0,0
12:33:44:628,1.9968711547799642,1.5581856113640933,121.88177292317395,-0.05604495818423774,0.0002883777403416126,-0.0006090349380368049,121.90808836047096,-3,0,0
12:33:44:748,1.9847198881409984,1.5129248036661556,121.86770135200528,-0.1397043253134485,0.013518935920576135,-0.00024319647403546108,121.8932511967643,-8,1,0
12:33:44:867,1.9924745140235693,1.5586666799185955,121.9061141012826,-0.08995651329086933,0.005876006500191976,-0.00011123243539693307,121.93235850988471,-5,0,0
12:33:45:154,2.0082100720976213,1.5637581057248415,122.03111191270762,-0.06902822078748137,-0.011923285901039587,-0.0025849747147330443,122.05765245062952,-4,-1,0
12:33:45:274,1.9968711547799642,1.5581856113640933,121.88177292317395,-0.05604495818423774,0.0002883777403416126,-0.0006090349380368049,121.90808836047096,-3,0,0
12:33:45:406,1.9545056372218916,1.5019118173799504,121.99822238626831,-0.10604243090141134,0.009116436715504373,-0.0007684179863424144,122.02312115661726,-6,1,0
12:33:45:526,1.9673154779957664,1.5346441774560937,121.69335841513501,-0.10140052634491357,0.0017376126348241198,-0.001722035512594313,121.71893421031862,-6,0,0
12:33:45:645,1.9996350061996797,1.6176446457196942,121.85357146913485,-0.007008259384707238,-0.002011646455124747,2.4942531229557864e-05,121.88071297027024,0,0,0
12:33:45:777,1.9794592300544722,1.5191362847106176,121.75124079449203,-0.10834244585673196,-0.010091176568300289,-0.0001847398635692302,121.77680677737183,-6,-1,0
12:33:45:916,1.9894903776054325,1.5909470993355397,121.80668821384683,-0.09193381666168428,0.005321860504499208,-0.002354633344781348,121.83332252820145,-5,0,0
12:33:46:055,1.966831619501198,1.5629314488493757,121.88056433563443,-0.08315142437018036,0.021474496149844934,3.704416284679477e-05,121.90645243015645,-5,1,0
12:33:46:179,1.9773858148267205,1.544938171710301,122.09323689151255,-0.09802009099193867,-0.014395576301063721,0.0007303960567604536,122.11902138185552,-6,-1,0
12:33:46:309,1.9772909798691838,1.5409264551890531,121.87770788816601,-0.09772868271449178,-0.02035617034461221,-0.0016748335151660803,121.9034856516929,-6,-1,0
12:33:46:428,1.994291821986082,1.5377176894505267,121.92546206370852,-0.10375471783100332,-0.009536384648818374,0.0004999353181770759,121.95146606339965,-6,-1,0
12:33:46:552,1.991879287041868,1.4938408664970662,121.9956205392669,-0.1182450297107792,-0.006602085689343288,-0.00037777241748155623,122.02102513251297,-7,0,0
12:33:46:670,1.991004268008902,1.5218011004369896,121.97092655619687,-0.11098223412483918,-0.021866336970674263,-0.0023834303305471645,121.99666758383891,-6,-1,0
12:33:46:799,1.9906661808503483,1.5274114509429217,121.78787869397337,-0.11525910572679181,-0.007490610441267663,0.0010488465127535586,121.81372309539687,-7,0,0
12:33:46:913,1.9917407318775313,1.5432665067895663,121.8332637778965,-0.0929024907382557,0.0038068349320212694,-0.0016902965651071822,121.85931587461218,-5,0,0
12:33:47:040,1.972012983206835,1.5161834565285026,121.93914585769117,-0.0832087611031434,0.0023707422063335417,-0.00042518035891169403,121.96451508526187,-5,0,0
12:33:47:162,1.9622291358535724,1.5320722137540945,122.25662742766899,-0.0866348636265824,0.017213080111277892,-0.0028888677542838097,122.28197143666607,-5,1,0
12:33:47:285,1.9951858324955773,1.5084318812338908,122.14181628559052,-0.11853948270934775,-0.005572746860300602,0.001897390857386007,122.16742372166755,-7,0,0
12:33:47:451,1.960283835676138,1.579343203124487,121.68593252433548,-0.05436229596549186,0.011736827706381134,-0.00016791113519958468,121.71196823643432,-3,1,0
12:33:47:571,1.9966090279788231,1.555743945934323,121.94270251767745,-0.07801093625783864,7.1802568942115e-05,-0.0018902717736839993,121.96896934938286,-4,0,0
12:33:47:697,1.9971389621603297,1.6219538244889924,121.79841104558432,0.04605647715550439,-0.001318802610813751,-0.0019769766385296394,121.8255811866788,3,0,0
12:33:47:816,1.9794047429243828,1.5054705940045758,121.98419568309235,-0.11811458697343527,0.023858644213441287,0.0015139544950958119,122.0095425829336,-7,1,0
12:33:47:940,1.986746042522136,1.571250471759509,121.88886426135959,-0.08848511477598234,-0.0016482927004633373,-0.00012461425436915874,121.91518042806082,-5,0,0
12:33:48:063,1.9968711547799642,1.5581856113640933,121.88177292317395,-0.05604495818423774,0.0002883777403416126,-0.0006090349380368049,121.90808836047096,-3,0,0
12:33:48:186,2.0044073814901413,1.5614609890954005,121.82332895891781,-0.08358946567909135,-0.009794823098645893,-0.0003531432683858122,121.84982268351538,-5,-1,0
12:33:48:314,2.0052635890891155,1.5076686485883672,121.66658164001979,-0.12324825955938945,-0.014359879890868675,-0.00013137328119817459,121.69244526585561,-7,-1,0
12:33:48:433,1.999068931815472,1.5051126528650907,121.82331631441198,-0.13176618257624872,-0.018545635367061306,-0.00012565206181454108,121.84901328502107,-8,-1,0
12:33:48:554,2.004520164505784,1.5080221675154772,122.13889662242983,-0.11906122086382472,-0.005899922758184964,-0.0016326106521892924,122.16465241669633,-7,0,0
12:33:48:680,1.9703236089709861,1.5236080494612418,122.02260863038927,-0.1276760139317687,0.004716308837458291,-0.0007219896918999579,122.04802568488195,-7,0,0
12:33:48:803,1.9845623255519294,1.6033467884781627,121.97534679912366,0.017998093682501135,0.0016794571786482835,-0.0025319153680107265,122.00202635741182,1,0,0
12:33:49:049,1.980087084530987,1.5452410427473924,121.89017904807463,-0.12732646800538902,0.005442805852177591,-1.0318906394728155e-05,121.91605416479902,-7,0,0
12:33:49:171,1.9698148908646578,1.5672652173371855,122.01752444364102,-0.06381609284271994,0.005616295801617586,-0.001544361491388419,122.04348717699065,-4,0,0
12:33:49:294,1.9724249434986072,1.591854925479238,122.1666482796218,-0.08398789175448663,0.0052096512589289235,-0.001395920973463883,122.192939297401,-5,0,0
12:33:49:417,1.998872273004423,1.5400287303197255,122.17102873882278,-0.10743218632398746,0.003123644080873926,-0.00014511290277003194,122.19708442494141,-6,0,0
12:33:49:538,1.9803189719727166,1.5718352635431283,121.84112946679546,-0.06926522552424429,0.0038105233950519726,-0.0015644919096688826,121.8673588746014,-4,0,0
12:33:49:665,1.989910790020849,1.529911124895292,122.00776236497205,-0.0826182986111983,0.009000923758168937,-0.002157205936361976,122.03357919158894,-5,1,0
12:33:49:786,1.9890391118497648,1.5518841990896668,122.04160995418678,-0.0862992330230775,-0.0015780462111137097,-0.0003298195343457341,122.06768278854857,-5,0,0
12:33:49:915,2.0211434949806177,1.5377503555186989,121.72468461110175,-0.06371363072478364,-0.004267775782598799,-0.0017214336937440232,121.7511747001046,-4,0,0
12:33:50:036,2.0100708047234166,1.5569977273971307,121.69611219158014,-0.10367071508784753,-0.021025171264618815,-0.0023054368600897036,121.72266982410788,-6,-1,0
12:33:50:199,2.011396499525282,1.5485359498957187,121.78788675992556,-0.10131368453430607,-0.004291382375698223,0.00021142826395520147,121.81433840445415,-6,0,0
12:33:50:319,2.0284488678693107,1.5871954288157,122.08492582858334,-0.0544074673434797,-0.004202777987371074,-7.194674930498934e-06,122.11209157454273,-3,0,0
12:33:50:441,1.9840514389596213,1.5734301420481287,122.04761275692756,-0.05592458983385084,-0.009889581280709823,-0.001291723924236372,122.07387895118796,-3,-1,0
12:33:50:561,1.978430925492828,1.5486636485008702,121.87310818440594,-0.12171655763768983,0.022405851031859228,0.001062914854569394,121.89900346824435,-7,1,0
12:33:50:688,2.0176531513985054,1.5143395950836482,121.87533419099942,-0.10161025093346979,-0.012486206521768104,-0.0021380388635417517,121.90144065111117,-6,-1,0
12:33:50:811,1.998316367792301,1.5590299566053798,121.80343454318903,-0.03640068481587426,0.01129683110499506,-0.00031572191038784306,121.82980140026623,-2,1,0
12:33:50:935,2.0174466610385027,1.599642263521687,122.14537703675326,-0.022626205642945152,-0.004435017164008376,-0.0009425492741700614,122.17250950132764,-1,0,0
12:33:51:055,2.004606530056475,1.518067353815163,121.8557472288299,-0.09564971838285341,-0.009259745981326617,2.374464022146161e-05,121.88168897963118,-5,-1,0
12:33:51:178,2.0466347640259905,1.5605948365731532,121.50348148234221,-0.09292460318623962,-0.035056593477902215,0.0020087860229284177,121.53073760341923,-5,-2,0
12:33:51:304,2.014412544419253,1.5860308500824407,122.07656824720794,-0.10743939161040654,0.009930589803102154,-0.00115167489154923,122.10348834808833,-6,1,0
12:33:51:449,2.0115306734619978,1.5203359777678427,121.7128683430655,-0.12348066063461147,-0.021484430451219647,-0.0007493773518416113,121.73898306389769,-7,-1,0
12:33:51:588,1.9965832004742203,1.5206066816021768,121.57860664276802,-0.1013037261876491,-0.005360387442291385,-0.00031035206566189683,121.60450724522289,-6,0,0
12:33:51:713,2.0071758235024557,1.5462265410846907,121.86643884915325,-0.07236209881727797,0.0013762436267055979,-0.0009888348283766026,121.89277455648147,-4,0,0
12:33:51:874,2.0031423145289207,1.5462713400118893,122.07951000409595,-0.07829718948833318,0.009483979963034694,-0.0014798285307907344,122.10573408742671,-4,1,0
12:33:52:000,1.995765391548669,1.5207941372130098,121.72611933522094,-0.12315701192393595,-0.016661227080988283,-0.0008304529373805207,121.75197748997071,-7,-1,0
12:33:52:124,1.9969178582886442,1.478369007031442,121.91804499391534,-0.1394602827856435,-0.0009043971296162169,-0.0010280142338903065,121.94335960187446,-8,0,0
12:33:52:244,1.9953396120587352,1.5040034274660985,121.75386079672975,-0.1505369034356555,-0.0016089440668927229,-0.00028821191274144083,121.77949755762144,-9,0,0
12:33:52:370,2.003857938961632,1.5509896948518906,121.81619840319065,-0.08141044081003729,0.004787910400399007,-5.49423919351444e-05,121.84255089696121,-5,0,0
12:33:52:496,1.9929906151495258,1.5998970029712056,121.80861458134116,-0.04574650581091172,-0.010633443408981981,-0.0013022087362759684,121.83542287954644,-3,-1,0
12:33:52:615,2.013353360025486,1.5181801006282238,121.70737668441846,-0.09135224142404615,-0.009079452350751813,-0.0007247541533224047,121.73349580938353,-5,-1,0
12:33:52:739,2.0190307236010114,1.5651622432598369,121.84771406699943,-0.09617623900426286,-0.014490839760865844,-0.002339217064636994,121.8744913477132,-6,-1,0
12:33:52:861,1.9998005707003275,1.5335206640859032,121.91356993190466,-0.10966909696955578,-0.004503865789301702,-0.001884997064221059,121.93961383197488,-6,0,0
12:33:52:984,1.9953960378643363,1.5156570171298536,121.66152001090666,-0.11108248291530948,0.010978701519375087,-0.0007471087970691707,121.68732174267679,-6,1,0
12:33:53:105,1.9961899352456929,1.5410122230522507,121.740029945693,-0.07623677893157457,-0.0030567561989881926,-0.0019360534225248802,121.766146297349,-4,0,0
12:33:53:231,1.9850022495383706,1.5196469765706389,121.83930339137648,-0.12870644477192789,-0.002584747315848242,-0.0012700275516137425,121.86494742853645,-7,0,0
12:33:53:351,1.9922404727846588,1.544867757664424,121.83945512699657,-0.09071009409836692,0.004184485737447507,-0.0009188258346260836,121.86553435706702,-5,0,0
12:33:53:475,2.001440631676343,1.5436490957413576,121.90816910059996,-0.07731232981102465,-0.005284525601457345,-0.0010821554055733225,121.9343688653588,-4,0,0
12:33:53:642,1.9745706126213287,1.5348159539972017,122.16772850219871,-0.07998735817778409,0.0022277928182001315,-0.001887354546308391,122.19332418959641,-5,0,0
12:33:53:806,2.020597384144151,1.5154591522272873,121.85712724680303,-0.09954239905908054,-0.00017298112024622165,-6.874029428129743e-05,121.88330029612106,-6,0,0
12:33:53:925,2.010215917026116,1.5215475033551473,122.05441589814914,-0.1139771054337189,-0.0010212894070841822,-0.0026012567846890105,122.08045099472886,-7,0,0
12:33:54:074,1.9870842947852438,1.5370160060312068,121.9405610927278,-0.10529472517105912,0.010000933962672,-0.0029446755846348617,121.96643539026078,-6,1,0
12:33:54:215,1.969434563294838,1.5846479023955742,121.89135994721309,-0.03620974383906581,0.0034490952577331045,-0.002205297348349578,121.91756809932984,-2,0,0
12:33:54:335,1.9574010390439363,1.53680767289538,121.78360531490549,-0.10083428005395785,0.01576445841922656,-0.0007913986161786143,121.80902971515616,-6,1,0
12:33:54:461,2.0037262978671126,1.6076881065716897,122.09457654665945,-0.04274348451994774,-0.0033198010456361496,-0.000572320615567463,122.12160006416907,-2,0,0
12:33:54:582,1.99768418074557,1.5373451115068708,121.73952058246583,-0.13504696636882263,-0.006149284918699505,-0.001998799644429066,121.76561519462913,-8,0,0
12:33:54:704,2.005071844631855,1.5347462644435386,121.70486935715674,-0.11967454645351777,-0.01476232511290339,-0.0015843438594387972,121.73106006455767,-7,-1,0
12:33:54:950,1.9875401698714898,1.5377940326579655,121.65043636136598,-0.09564305590368868,-0.00977787224715692,-0.0029507571299363295,121.67638962972433,-5,-1,0
12:33:55:085,2.0077866789794663,1.5451706423029106,121.79448816486797,-0.10637068706677218,-0.016124475929546304,-0.0018403055045343552,121.8208360954902,-6,-1,0
12:33:55:206,2.007840735358706,1.539937443189973,121.88598509925929,-0.08202766043809469,-0.013285881688351354,-0.0011668338762105199,121.91224793007618,-5,-1,0
12:33:55:335,2.016644449253883,1.5459700944032368,121.80149189790214,-0.08815439474994868,0.00398182911171836,0.0003053198397771642,121.82799475868515,-5,0,0
12:33:55:453,1.998272281242793,1.5714566239109797,122.12608740057514,-0.07778046168350827,0.002881339459761551,-0.0006627031799657217,122.15254312458556,-4,0,0
12:33:55:566,2.031670089272461,1.552199472722661,121.82550381818811,-0.0969815988662099,-0.014204281906090622,-0.0004838448174733222,121.85233024899496,-6,-1,0
12:33:55:691,1.9992021622085556,1.5323643280855648,121.97095334828849,-0.11327586230633176,0.010924599266955352,-0.0021745537781649414,121.9969606605416,-6,1,0
12:33:55:811,2.0091203295067186,1.532363607297608,121.77024034195337,-0.08963049810969591,-0.0032231993142848078,-0.0011287493284985325,121.79645370724262,-5,0,0
12:33:55:937,2.028019692351426,1.5575120883500924,121.9657527299814,-0.09334205965823267,-0.0062267607427245845,0.0003958664406184776,121.99255529239844,-5,0,0
12:33:56:059,2.0111786902333892,1.5324573056548398,121.68487943834425,-0.10463164985892524,-0.007474906198033241,-0.0011737175443668898,121.7111463631909,-6,0,0
12:33:56:180,1.969434563294838,1.5846479023955742,121.89135994721309,-0.03620974383906581,0.0034490952577331045,-0.002205297348349578,121.91756809932984,-2,0,0
12:33:56:307,2.036492582884714,1.530382584746004,121.84048734507891,-0.11234350744302017,-0.03206155347134362,0.0015617490840169302,121.8671150449627,-6,-2,0
12:33:56:424,1.9822846692751581,1.5480090407267093,121.75784192265364,-0.06686356284582476,0.001021247568282695,-0.0004204135364680388,121.78381606010763,-4,0,0
12:33:56:551,1.986744908846642,1.5689722007043063,121.83933631070715,-0.07324670002294918,0.00959954884936591,-0.002229760931542855,121.86563380105572,-4,1,0
12:33:56:673,2.005477625772566,1.5310525145296878,121.93334699662594,-0.09636316433378635,0.003470683023503675,-0.0017838581098322368,121.95944888408323,-6,0,0
12:33:56:796,2.000689218619595,1.5093673642901921,121.86670499195777,-0.10866924192337975,-0.00490062311242343,-0.00026424720770167135,121.89247201032043,-6,0,0
12:33:56:919,2.0106260871562505,1.5187809201707465,122.04250660762544,-0.11779533057592416,0.00023339684199376632,-0.0006563636332523429,122.0685165463156,-7,0,0
12:33:57:043,1.9875486165631489,1.5435078692777116,122.15007270790767,-0.0672368422081503,0.015676661048343234,-0.0008293761285895931,122.17599203032016,-4,1,0
12:33:57:169,1.9985686860519036,1.5450611751394965,121.84327641066999,-0.09060627147202517,0.011095848051478004,-0.00038024206144102223,121.86946088875064,-5,1,0
12:33:57:286,2.0098945549533704,1.5493079125097289,121.83410173969902,-0.10143641421284359,-0.00163549521425276,0.00038089902314473545,121.86052838326744,-6,0,0
12:33:57:409,1.99596972866543,1.5756534039521806,121.77193088964711,-0.045300916755368306,-0.001883913463856729,-0.0021586635202692508,121.79848000447349,-3,0,0
12:33:57:535,2.0283946157406407,1.5601258562974922,121.72678515015686,-0.10000793612341252,-0.011765496770949388,6.188298805704792e-06,121.75368002814987,-6,-1,0
12:33:57:656,1.9897738289142026,1.5402510514710481,121.94244941296509,-0.10053325234240745,-0.004855074351337483,-0.0005068649258477772,121.96840796708523,-6,0,0
12:33:57:782,2.0229072174200518,1.6249672436663523,121.85998363293642,0.017966858923603227,-0.014559201313502794,-0.00043137957055304314,121.88760512526616,1,-1,0
12:33:57:903,2.0266806186541135,1.5173573066882213,121.85370954665343,-0.09667997215356341,-0.008262562555976185,-0.0010043558111541592,121.88000794964844,-6,0,0
12:33:58:028,1.9869174226482644,1.6035352035423491,121.94723923787896,-0.04457232750756649,0.011422417914649804,-0.0024068143516085007,121.97396576209987,-3,1,0
12:33:58:193,2.0095384709013864,1.5220726826735187,122.02970394856555,-0.09474007207505546,5.615929041133174e-05,-0.002260218636488387,122.05573970892122,-5,0,0
12:33:58:315,1.9926221167900249,1.5185048777753396,121.83835373834555,-0.13042616095453646,0.0035778163264947784,-0.0002827060417719277,121.8641080943621,-7,0,0
12:33:58:436,2.0034545343024432,1.5369905923320268,121.73163580220454,-0.06496094509779989,0.002411163609603541,-0.0018142843381297677,121.75782243959728,-4,0,0
12:33:58:560,1.9684275680481549,1.617920379371454,121.96759071764052,0.036885222122125326,0.019372785791367877,-0.0026055574226629672,121.9942029725614,2,1,0
12:33:58:681,2.0146979647677288,1.5597376763184063,121.87361567322652,-0.05368543292456673,-0.006512871483898267,-0.0005201295398856128,121.90024604886362,-3,0,0
12:33:58:804,2.013477932832163,1.5097672910346531,121.80224668835409,-0.12407214640824032,-0.02270083958522178,-0.0012293783854829612,121.82824298572866,-7,-1,0
12:33:58:926,2.0386931087826983,1.5624214834865076,121.92648321041025,-0.0680620264417735,-0.005598340406399542,-0.0002041708913218367,121.95353516213588,-4,0,0
12:33:59:056,1.9939998916144306,1.5138888207273402,121.64510701120005,-0.11326260507151928,-0.0005023515788018789,0.0007548192556637557,121.67086732121044,-6,0,0
12:33:59:174,2.016998432137083,1.5578969693951663,122.00986164504413,-0.11173681981652636,0.005852791366474818,-0.0009725945843645337,122.03647677758197,-6,0,0
12:33:59:298,2.0280831616948296,1.562005240992572,121.99213255621592,-0.08757784980066931,0.006261925668265271,-0.0015749333671003641,122.01898781458972,-5,0,0
12:33:59:420,1.9943121177297654,1.5327682878279318,121.69421327968551,-0.10443108560613004,-0.0015241648883400542,-0.0012639556616632769,121.72020458908489,-6,0,0
12:33:59:544,2.0194024145425997,1.518081827123365,122.01410940317729,-0.13673102700223388,-0.02437770000177296,0.0004745165267349538,122.04026160245732,-8,-1,0
12:33:59:668,2.0061285230215873,1.5246693819257242,122.14062191360814,-0.09410716701873062,-0.005894881434356719,-0.0003590483120676385,122.16661037213906,-5,0,0
12:33:59:789,1.9945493473050302,1.526580125703675,121.99566146438933,-0.08703281090299322,0.0043289903504674385,-0.0011366947252611393,122.02151486566996,-5,0,0
12:33:59:913,1.9932899493028364,1.5990364066600378,122.07492731679373,-0.03779003712564968,0.008311829292694622,-0.0005215023143605857,122.10167075700598,-2,0,0
12:34:00:042,2.0063772923234526,1.5519882740961854,122.02947277535141,-0.12136075578665388,0.004000337603638941,-0.0016062797770095229,122.05583330292869,-7,0,0
12:34:00:158,2.038224358924167,1.5374673969670343,121.89011335141716,-0.08568918249999237,-0.00597432627707394,-7.559931584991292e-05,121.91684829159328,-5,0,0
12:34:00:284,2.016686684061579,1.539651279631353,121.90806773571185,-0.08307225769147185,0.004535603924316839,-0.0011740530732119673,121.93446817983606,-5,0,0
12:34:00:404,2.026003466814125,1.532992637602493,121.7634249136128,-0.0885412722300603,-0.009072818805062402,-0.0010456532548258745,121.78992734691776,-5,-1,0
12:34:00:527,1.9861251280484995,1.5419248473559615,121.6454773607436,-0.12500005598587144,-0.00699583312962903,-0.0008078806254429262,121.67146085907879,-7,0,0
12:34:00:653,2.0150174714851534,1.5652584055726046,121.90215850300999,-0.06347690217927107,0.007662414497195165,-3.0376495344726732e-05,121.92885867168435,-4,0,0
12:34:00:778,2.0406007403254938,1.516229150655872,122.11559433164685,-0.10571533287197653,-0.005328767349768199,-0.00043007111152614056,122.14205410582407,-6,0,0
12:34:00:896,1.9982695886819328,1.5551198441569622,121.77443171594486,-0.07420078316332077,0.009439976924399514,-0.0015062837858307936,121.80075409791213,-4,1,0
12:34:01:019,2.045722291659353,1.5402474178639682,121.9944625679934,-0.08461524031809198,-0.01391264297043865,-0.001525229873112182,122.02133517978064,-5,-1,0
12:34:01:143,1.983814920905482,1.5345311502411605,121.68670387710748,-0.10138280172591767,-0.0037265514262972877,-0.001635726395158916,121.71254745492065,-6,0,0
12:34:01:268,1.9988247064675488,1.584577522647997,121.92936889266218,-0.03723010216321593,-0.0015069613978798554,-0.00145513503299271,121.95604611783445,-2,0,0
12:34:01:388,2.023515095027518,1.5238837574157862,122.20457652206426,-0.06254468739477972,-0.011012686642124176,-0.0007856357814776494,122.23082818169473,-4,-1,0
12:34:01:512,2.006979660367921,1.5228503418999018,121.87277827382351,-0.08897609239294087,0.0016336399454497633,-0.0006850864973865281,121.89881510786519,-5,0,0
12:34:01:633,2.017203048280133,1.5763212294357596,121.650420903037,-0.05757946842502224,-0.01521434363628993,-0.0023902317817866233,121.67735534043474,-3,-1,0
12:34:01:800,1.9749757123452336,1.5874315401614878,122.01191981019511,-0.03566201281557041,0.012856573383074344,-0.00224850792531134,122.03822779657419,-2,1,0
12:34:01:921,1.9930831676651926,1.5175255453916086,121.89739354081303,-0.11542612449985745,0.006541830166220434,0.0020413922057493025,121.92313076827543,-7,0,0
12:34:02:042,2.014380910012627,1.531977686673203,122.01309429829651,-0.07983169795357388,0.009638657476283391,-0.0007530995249458713,122.03933737253773,-5,1,0
12:34:02:167,2.0114428570987917,1.503408482170898,121.75133474642455,-0.1326271713582694,-0.007043483029106031,-0.000987527837221647,121.7772296119745,-8,0,0
12:34:02:288,2.020229708228431,1.5679809958496167,122.16148873202023,-0.06652130129559441,-0.010315998454171332,-0.003408122249074871,122.18825320668456,-4,-1,0
12:34:02:416,2.0009205633132656,1.5296567075133387,121.63645464139171,-0.08985293902433822,-0.009591640826189103,-0.0008409366101282777,121.66252763472767,-5,-1,0
12:34:02:535,1.9929906151495258,1.5998970029712056,121.80861458134116,-0.04574650581091172,-0.010633443408981981,-0.0013022087362759684,121.83542287954644,-3,-1,0
12:34:02:658,1.9863601963969058,1.5172476225176437,121.82413121959449,-0.11373465825094475,0.010355545378846294,-0.0009121075133848078,121.84977067925422,-7,1,0
12:34:02:784,1.995075011504273,1.5678547693186007,121.82850012830055,-0.07452502783230007,-0.0010774035697898652,-0.0031019957580546978,121.8549216748775,-4,0,0
12:34:02:905,2.026003466814125,1.532992637602493,121.7634249136128,-0.0885412722300603,-0.009072818805062402,-0.0010456532548258745,121.78992734691776,-5,-1,0
12:34:03:033,1.993155926841851,1.568180918794854,122.04973441900451,-0.04670850160790399,0.007916859553484258,-0.0003880784573218493,122.07608092371048,-3,0,0
12:34:03:153,1.990294234557843,1.577008075242607,122.17714517256792,-0.05451486303139129,-0.0009761248682911355,-0.0013250310885975156,122.20353116063477,-3,0,0
12:34:03:274,1.9908695827601246,1.564112523372571,121.98869011980189,-0.0843672873122235,-0.005042977928929991,-0.0006138396238967296,122.01496025826661,-5,0,0
12:34:03:398,2.010392361686351,1.5290659582489687,121.92128219723118,-0.09889186443693453,-0.0015424808988751526,-0.000778112281429823,121.94744266596771,-6,0,0
12:34:03:520,1.999767741315588,1.5387646445347913,121.97869621368517,-0.08625196842543698,-0.0007552749894419813,0.0003778513921946119,122.00479169951059,-5,0,0
12:34:03:644,2.019653128765888,1.5419622773547539,121.80441020551291,-0.09397690599102161,-0.014502596783177904,-0.0007357981403769934,121.83091147955093,-5,-1,0
12:34:03:768,2.0009757860156085,1.5021357565643565,121.933819651266,-0.1037067804893078,-0.005447457896155619,-0.0019228323565207111,121.9594879075623,-6,0,0
12:34:03:887,2.0169432057206853,1.5296059882179849,121.53317041896685,-0.12235056004314157,-0.015906647987996764,0.0005917781221061414,121.55952972293012,-7,-1,0
12:34:04:013,2.0180198988789835,1.5468017179477136,122.03180457177329,-0.0761987344107625,-0.02331917594060854,-0.0022776376412518987,122.05829069305528,-4,-1,0
12:34:04:175,1.9904535988647685,1.4922539634191416,121.84408669538762,-0.11593900114836687,0.004662931590466801,-0.0021734356956012264,121.86948014188667,-7,0,0
12:34:04:302,2.0235625007820315,1.5652937916099212,121.85648792676112,-0.04551533693975661,-0.0034406070907230606,-0.0009049540340783164,121.88334012363421,-3,0,0
12:34:04:421,2.0063937764770565,1.509029465876298,121.60511438968435,-0.11915473858126711,-0.0036936673930479612,-0.0010960437349207825,121.63102659947988,-7,0,0
12:34:04:545,1.9673154779957664,1.5346441774560937,121.69335841513501,-0.10140052634491357,0.0017376126348241198,-0.001722035512594313,121.71893421031862,-6,0,0
12:34:04:668,2.0093926351751983,1.5581532073698054,122.06217954836414,-0.07794893416758134,0.0032370845088067132,5.0790472547923616e-05,122.08866112902139,-4,0,0
12:34:04:792,2.039341106659245,1.5374482849222015,121.92579339363321,-0.10425358960432946,-0.007383241079519019,-0.0004230477650612826,121.95253894054463,-6,0,0
12:34:04:916,2.0040884959731593,1.5422079325442513,121.84275626597619,-0.11236022891125091,-0.010387957107502762,-0.001173644105751539,121.86899536181043,-6,-1,0
12:34:05:036,2.0033598735404645,1.5411482169555561,121.82314532756111,-0.09572505118749218,0.001634432747763528,-0.0042239684141722215,121.84936325689031,-5,0,0
12:34:05:158,2.036857825267258,1.5114163977689654,121.87649768644383,-0.12425056983574771,-0.020502318723478793,-0.0009478037343609964,121.90288699469568,-7,-1,0
12:34:05:284,2.007683129520537,1.5207377383455551,121.82358348650843,-0.0907320804922025,-0.0001720198131662194,-0.0008463446803344624,121.84961603678396,-5,0,0
12:34:05:404,1.9884797316396703,1.5347658408864053,121.6643660681038,-0.11824199678571279,-0.009546966663021935,-0.0013674190645883977,121.69029348548331,-7,-1,0
12:34:05:531,2.0021447563658263,1.5370269988396292,122.0202077938583,-0.08990631036859921,0.008026286214392156,-0.002820287061990064,122.04631147919613,-5,0,0
12:34:05:651,1.9973322290538527,1.5663029616812139,121.82563394970732,-0.059806786625560264,-0.0006088706986592409,0.0002571655062818405,121.85207313890507,-3,0,0
12:34:05:779,1.9926562023793617,1.6182696993598666,121.73158569709877,-0.0030942625558683244,0.0006398471429322226,-0.003431744821821016,121.75864828377017,0,0,0
12:34:05:942,1.9998005707003275,1.5335206640859032,121.91356993190466,-0.10966909696955578,-0.004503865789301702,-0.001884997064221059,121.93961383197488,-6,0,0
12:34:06:062,2.0082764836228693,1.5724278402240477,122.02635439265812,-0.04021898549546834,-0.010858200593962503,-0.001767094862551422,122.05300844350367,-2,-1,0
12:34:06:187,2.0188842672829614,1.5355915380356029,121.89660386159507,-0.08856571339243802,0.004571103765656546,0.0017390227779628255,121.92299195823158,-5,0,0
12:34:06:309,1.991476996124747,1.5549337117945288,122.02313460403204,-0.09891070387587307,0.008408285746050272,-0.0006648226020174974,122.04928995314921,-6,0,0
12:34:06:432,1.9878082435464135,1.5387621765751476,121.90757349896411,-0.08430312209161042,0.008173772165206188,-0.003572019474968474,121.93348862004444,-5,0,0
12:34:06:558,2.0202366441703403,1.5425659547339545,121.70693860196356,-0.107910776268382,-0.004683860232748411,-0.0018928210437618785,121.73347842596662,-6,0,0
12:34:06:676,2.0141320910217297,1.523152803626359,121.79678175924896,-0.10403379597458023,0.005899327451747389,-0.00019255127151430763,121.82295666028385,-6,0,0
12:34:06:800,1.9899335036070942,1.5425394425039758,121.65814706136374,-0.12445996593005237,0.0018712067435128145,-0.0017435977340963102,121.68419786350594,-7,0,0
12:34:06:922,2.0146979647677288,1.5597376763184063,121.87361567322652,-0.05368543292456673,-0.006512871483898267,-0.0005201295398856128,121.90024604886362,-3,0,0
12:34:07:047,1.9989960467713415,1.5130512467025163,121.91826439628626,-0.12297005858409787,-0.0006878014055414732,0.0014752369787865193,121.94403840562653,-7,0,0
12:34:07:169,2.0429228778541835,1.578191811243348,121.97375853879421,-0.08105373954514145,-0.024486563389435712,-0.0009903052898727102,122.00107374674212,-5,-1,0
12:34:07:294,2.010218381272313,1.5089037113641335,121.87903046507503,-0.10999718147980093,-0.0022675172184583436,-0.0006955811228667364,121.90494590235977,-6,0,0
12:34:07:419,2.000599211421292,1.5546359163353043,121.91484618185349,-0.07869240168517642,-0.003602498537870821,-0.0006685484399931926,121.94117028133728,-5,0,0
12:34:07:538,2.014458490774284,1.5231403707364768,121.77908354022054,-0.10348582431337416,-0.01005418786596169,-0.0016526773933164072,121.80526748665689,-6,-1,0
12:34:07:702,2.016459300386186,1.4898881061410896,121.8315646614337,-0.11918280878795996,0.005160662658667632,0.0013634393316579135,121.85735932856922,-7,0,0
12:34:07:897,2.027475104284576,1.5710681046674004,122.20003278324342,-0.04665838551675877,-0.0017914897742525343,-0.0011032625511871858,122.22694843001588,-3,0,0
12:34:08:032,2.035008990940631,1.5270430294974067,121.96397954916924,-0.1033059039635339,-0.0020039174972033735,-0.0009320952604429408,121.99051368642284,-6,0,0
12:34:08:154,2.0008745593747603,1.543994065718708,122.19316090110054,-0.10225458249794475,0.015462794623289965,0.0001642956565859009,122.21929466201142,-6,1,0
12:34:08:283,2.0032345940509804,1.5491442605536327,121.87474289736912,-0.06851036549819713,0.005160917952296603,-0.0020001443314622107,121.90104902370051,-4,0,0
12:34:08:398,2.0274954178995377,1.571176242538228,121.90245297102884,-0.12465167952617512,-0.023094836487115314,-0.000800535361331132,121.92943603908212,-7,-1,0
12:34:08:524,2.017250423651217,1.5319086441463188,121.90916565001187,-0.09418002802140574,-0.00930591779139211,-0.00028769506288166296,121.93547766276951,-5,-1,0
12:34:08:647,1.9824455554603326,1.566668251741124,121.99153603969111,-0.08083299511523764,-0.007771046140858201,0.0008246584001723819,122.01770119582909,-5,0,0
12:34:08:768,2.010926501418981,1.515786645113462,122.2647298902497,-0.11089049038513357,-0.010507037517593866,-0.0011934012992043848,122.2906603534519,-6,-1,0
12:34:08:900,1.9658062526100604,1.5164357627359573,121.86978608289063,-0.11595769896966256,-0.005810297286056642,0.00013937903294000724,121.89507263025371,-7,0,0
12:34:09:018,1.9529757514316393,1.5668592504752685,121.65385399040603,-0.05436100694766673,0.0049153567809544045,-0.0013028929001102972,121.67961765602121,-3,0,0
12:34:09:180,1.985683906944025,1.5774096236780069,121.88725335583146,-0.07966383820589774,-0.013817509431841317,0.000381115903302201,121.91363210210669,-5,-1,0
12:34:09:306,1.9891714661747988,1.514890534670742,121.65417891997045,-0.11206055926072844,0.004370609801692018,-0.00023459282404533635,121.67987074757296,-6,0,0
12:34:09:426,2.010760465612849,1.5189904596073502,121.69158611487926,-0.1069330782218698,-0.020059222190581035,-0.000380952305748677,121.7176758766841,-6,-1,0
12:34:09:547,2.007933128857284,1.5682834796566463,122.23751124753042,-0.06838413725049591,0.006285726881246416,-0.002139641631374679,122.2640603959833,-4,0,0
12:34:09:670,1.9996308277785488,1.5389603249099082,121.67552619144753,-0.11208885005016356,-0.007640405220419553,-0.00035690120694302366,121.70168690817184,-6,0,0
12:34:09:795,2.042622672220494,1.5286271932785083,122.02259090431647,-0.10241449797531618,-0.009887428232229914,-0.0009074889851207584,122.04925931557011,-6,-1,0
12:34:09:921,1.991185916627923,1.518815192291592,121.83610289404274,-0.11152905088515888,-0.009385510763133915,-0.0012332627497109085,121.86183811739704,-6,-1,0
12:34:10:040,2.014262237932258,1.5648523286465312,121.97000128342508,-0.04923188253708547,-0.017751270019768606,-0.0005063682587571342,121.9966689227716,-3,-1,0
12:34:10:166,2.008435200344206,1.5445987115082425,121.86461120991909,-0.1094504363234443,-0.0019626423954691797,-0.002131036632564965,121.89094741808479,-6,0,0
12:34:10:290,2.0249607620741825,1.5683708814962425,121.89343660631666,-0.05890665684676449,-0.004668275198794686,-0.0009260194670832,121.92034342556619,-3,0,0
12:34:10:409,2.0269702695869367,1.5084648188595118,121.86886036655488,-0.1103724835764373,-0.0081145062499229,-0.0006061344904439953,121.89504994718357,-6,0,0
12:34:10:537,2.0113202644944095,1.5019970093266033,121.93481754475201,-0.12199649894863279,-0.016272525944001446,0.0002194280065356564,121.96065404012211,-7,-1,0
12:34:10:654,1.9986362766252284,1.5420900560448947,121.6518263683453,-0.10680857588146676,-0.006971990054064925,-0.000746183766257116,121.67801546483747,-6,0,0
12:34:10:784,2.031331763405004,1.590936709028855,121.90061906851359,-0.07763722880701146,-0.011473735209698731,-0.00015092876008240475,121.92792263313606,-4,-1,0
12:34:10:899,2.002196970897285,1.5655097838402405,121.85966975946975,-0.09600568186855479,-0.008565781723711528,-0.002431609230171909,121.88617119050298,-6,0,0
12:34:11:025,1.9799311597651756,1.5453902211301678,121.63038854380567,-0.11914551322074193,0.01478914028009179,-0.0002257634781830828,121.65631827262449,-7,1,0
12:34:11:146,1.9916341737570382,1.4810386909366433,121.67846617767995,-0.12801315918490372,0.003245924313692846,0.001323962464356485,121.7037764970296,-7,0,0
12:34:11:268,1.9902167537932045,1.5591311398774157,121.7813340478255,-0.10319882300676825,-0.008185473620417187,-0.00011289755057483349,121.80757437493975,-6,0,0
12:34:11:393,2.010283950068227,1.5894939579290779,122.01763699958678,0.01451088541057791,0.002869977516520348,0.00034260785404109504,122.04454707837267,1,0,0
12:34:11:516,1.9819118212559002,1.5335826100057022,121.91709678095422,-0.12778379377673957,-0.012419991658711589,-0.0023115664862989643,121.94284865290585,-7,-1,0
12:34:11:640,2.0315365597286794,1.531590954475522,122.00786231197677,-0.08024725233597059,0.0035401078189853637,-0.0006561631379364177,122.03438604583393,-5,0,0
12:34:11:760,2.0206982830639606,1.5435299651440744,121.86129301605148,-0.11099979395964082,-0.000166595838442931,0.00036507999094728856,121.88781908725922,-6,0,0
12:34:11:885,2.0119697875877063,1.586351590792237,122.27297730610535,-0.07772977457415992,0.004669443274025927,0.0005274097869013196,122.29981812372056,-4,0,0
12:34:12:008,2.005723725788479,1.5871272276923853,121.85160420694156,-8.790123258702269e-05,-0.010587435565483055,-0.002031761672530272,121.87844497000367,0,-1,0
12:34:12:130,1.9740738924733086,1.5217115497204714,121.81044934997749,-0.12455274323024729,0.02466898999795753,-0.0007135792114036,121.83594766987669,-7,1,0
12:34:12:254,1.995050026621666,1.526208342849609,121.58151897153303,-0.12888856265616017,0.010010364481137653,-6.980652329597104e-05,121.60746396475733,-7,1,0
12:34:12:416,2.0085956376693086,1.5618089858708877,121.86720964090452,-0.0843950856967937,-0.0016960532516405236,-0.0023144767184272454,121.8937672295191,-5,0,0
12:34:12:539,2.033518017227263,1.5232235556404208,121.84746682687432,-0.08772858004939235,-0.01577947096329341,-0.0005354893239012282,121.87395364741839,-5,-1,0
12:34:12:664,2.0106584369622227,1.5862822618919743,122.09246060260995,-0.055868401384095906,0.0025465665040884577,-0.00010290833432272467,122.11931859769109,-3,0,0
12:34:12:883,2.0208947960854653,1.5341862133087671,121.84284469421681,-0.10665191319203063,-0.0030938625074187465,-0.00244785241663365,121.8692600547529,-6,0,0
12:34:13:007,2.0374962105115166,1.5153110679881676,121.84887311022828,-0.09954091988678501,-0.006112029551730099,2.043098734849896e-05,121.8753274320653,-6,0,0
12:34:13:174,2.0098972951225287,1.5707597574809873,122.12853778042083,-0.04520778700986336,0.003958860720724071,-0.00037989670053162073,122.15517473171711,-3,0,0
12:34:13:315,2.00240575519886,1.5800113240161866,121.89515170860167,-0.04267472305677868,0.006635085943159719,-0.0022042707810777944,121.92183592226411,-2,0,0
12:34:13:456,1.9916352692765429,1.545617603433036,121.80636390758812,-0.10604232113097485,-0.010942846152394199,-0.0019263129907047527,121.83244983669029,-6,-1,0
12:34:13:567,1.9976420365772898,1.548042369366372,122.08662661917701,-0.09334136875195186,0.0027349849404354233,-0.0005494259279067477,122.11278151010235,-5,0,0
12:34:13:687,2.044796288090682,1.559035452665921,121.98567219792471,-0.07440626630779937,-0.01336694358751492,-0.002082733636112538,122.0127698439061,-4,-1,0
12:34:13:809,2.0009274949561475,1.5718712964725907,122.03294895483451,-0.05770062603049956,0.01102891048822873,-0.001773579557296914,122.0594737037072,-3,1,0
12:34:13:934,2.034362519610035,1.5682109516252862,121.93829153925314,-0.06028891198155149,-0.0021350628786184593,-0.0021950501609198066,121.96534286411811,-3,0,0
12:34:14:056,1.9896429177839687,1.5028030539522763,121.68364189892993,-0.11316964430212217,-0.010499321796774637,-0.0013989035297195924,121.70918536308702,-6,-1,0
12:34:14:183,2.0090491179910757,1.573832226765404,122.06338812864158,-0.05582752596508637,0.0028324644498553776,-0.0012450555427102909,122.09006490161231,-3,0,0
12:34:14:302,2.012101071800448,1.530546810786403,121.95105455051372,-0.11539668204140027,-0.003699533454891986,-0.0011348106271389245,121.97725538085173,-7,0,0
12:34:14:427,1.9777367692068077,1.5597061005903408,121.98731122574478,-0.09075723205679215,0.02433366328013079,-0.00016042044828659205,122.01331167514145,-5,1,0
12:34:14:550,2.0248775265377312,1.5818309955240146,121.99021574253119,-0.07604878376894307,-0.01573456873900987,0.00030544900675423726,122.01727359355799,-4,-1,0
12:34:14:677,1.9997182777080182,1.5532587563070632,122.0172785639116,-0.10118122273406309,0.011261247646189803,-0.002271333494742043,122.04354859679165,-6,1,0
12:34:14:802,2.019162282606895,1.522204181390807,121.78502513329583,-0.122996828779863,-0.01541719278647187,-0.0010254559496228762,121.8112739799188,-7,-1,0
12:34:14:919,1.9970092004033835,1.5108265721486345,122.1064470179205,-0.09581691915014916,-0.011428237467453197,-0.0018133190940071264,122.13212127044152,-5,-1,0
12:34:15:042,2.020597384144151,1.5154591522272873,121.85712724680303,-0.09954239905908054,-0.00017298112024622165,-6.874029428129743e-05,121.88330029612106,-6,0,0
12:34:15:207,1.9835887334575604,1.5400414746698141,121.91414061270838,-0.08267529319010734,0.01664687716264278,0.00030188755890172945,121.94000177686743,-5,1,0
12:34:15:327,1.998636243283044,1.5694329642196398,122.16432429671389,-0.09925307981347259,0.0037400507184357605,0.0005086609319487103,122.1907516857754,-6,0,0
12:34:15:454,2.001813003518881,1.5271637171473744,121.74233929120118,-0.09635886725669449,-0.010376941426204097,-0.0024122280499623565,121.76837298910573,-6,-1,0
12:34:15:575,1.9749271439162301,1.5240780435845378,121.81588758051029,-0.12102522231236158,-0.0024209457476262694,0.0013570615194518564,121.84142816847739,-7,0,0
12:34:15:698,2.001571389223233,1.5624466661657825,121.98343723540677,-0.08666098470761995,-0.004783630734758801,-0.001667588842621113,122.0098622545538,-5,0,0
12:34:15:822,2.027432384207905,1.574040685594835,121.98733243776125,-0.07015788911935983,-0.005851260819728614,-0.0009004958896269479,122.01433260659716,-4,0,0
12:34:15:941,1.9961899352456929,1.5410122230522507,121.740029945693,-0.07623677893157457,-0.0030567561989881926,-0.0019360534225248802,121.766146297349,-4,0,0
12:34:16:098,1.979302745416046,1.527329982224693,121.7860767019364,-0.11510023304087368,0.0020876594069983673,-0.0028806906786262372,121.81173529131974,-7,0,0
12:34:16:328,2.008960356597862,1.494145788268569,121.59152547764917,-0.12366892494544206,-0.005264952490309805,0.0009055442700927958,121.617299186147,-7,0,0
12:34:16:437,2.0099420048889374,1.562273484725839,122.09746527717468,-0.03972168605786696,0.0026947736391488264,-0.0011769796202046373,122.12400088604603,-2,0,0
12:34:16:561,2.0206000888207387,1.571685695015443,121.83480230784683,-0.06932076434515497,-0.0016161306971305446,-0.0017066740589971102,121.86169239771364,-4,0,0
12:34:16:682,2.011874118848675,1.547489612108627,121.80904820182144,-0.08621284846574037,0.008704144811729693,-0.0006956587165219205,121.83548984349075,-5,0,0
12:34:16:806,2.00462163527603,1.5755252937704627,121.87285877156172,-0.08166926120993388,-0.011459242953305223,-0.0029846637679729485,121.89952622141301,-5,-1,0
12:34:16:930,2.015805379399866,1.5409221132673177,121.85649406760679,-0.0969742988691096,-0.023589369350738066,-0.0011993566603346487,121.88290716394756,-6,-1,0
12:34:17:057,1.9757408448170963,1.5413860875670462,121.86856663129188,-0.132607133251866,0.008951437072568498,-0.001478439755569272,121.89432700385385,-8,1,0
12:34:17:174,2.0579055695407837,1.598781634904587,121.81358648400557,-0.06395784085171347,-0.030355559940498197,-0.0008744007316920339,121.84145817473443,-4,-2,0
12:34:17:298,1.9835887334575604,1.5400414746698141,121.91414061270838,-0.08267529319010734,0.01664687716264278,0.00030188755890172945,121.94000177686743,-5,1,0
12:34:17:420,1.9959524994572895,1.5117259097139992,121.89033144283452,-0.10593421166252755,0.015448606890712103,0.00019621023331734458,121.91604505088837,-6,1,0
12:34:17:546,2.0045886297314772,1.552106482523691,121.94343875469843,-0.1005625861519015,-0.008455175595319062,-0.0009708282894010793,121.96978997042025,-6,0,0
12:34:17:664,2.00467410101181,1.5520551546749313,122.01054951990557,-0.10276333824028532,0.006300780842278154,-0.0012740286244194072,122.03688699571023,-6,0,0
12:34:17:788,2.0336113845972603,1.5923541488836008,121.85320507677032,-0.05747467618997256,-0.0005637283534969762,0.00016370965742559663,121.88057578827102,-3,0,0
12:34:17:909,1.989910790020849,1.529911124895292,122.00776236497205,-0.0826182986111983,0.009000923758168937,-0.002157205936361976,122.03357919158894,-5,1,0
12:34:18:034,2.014548103033478,1.5865407152952002,121.97377130978472,-0.019751392776599454,0.008351549064789987,-0.0018689008496033228,122.0007229611054,-1,0,0
12:34:18:158,2.0165755510756123,1.554832316781335,121.95158051388722,-0.0967889432059164,-0.009250884047595153,-0.0018904139913627342,121.9781622681766,-6,-1,0
12:34:18:279,2.001318746111251,1.5248960088490096,121.9599997621532,-0.12415773528011528,-0.003902237370960015,0.0001758979845370793,121.98595052933656,-7,0,0
12:34:18:405,2.0227461039374437,1.537181732500477,121.93236587524156,-0.10482312710740437,-0.0018193441882505027,-0.0005052643742691792,121.95883025600688,-6,0,0
12:34:18:524,2.011557231444559,1.528507166487854,121.57568131279257,-0.12523662558412843,-0.009678183008466444,-2.7298676097729887e-05,121.60192837008417,-7,-1,0
12:34:18:648,1.9699099735497552,1.5251714716523093,121.82673728110001,-0.11971705264627842,0.002730718056879745,0.0003652972338527281,121.85220806321072,-7,0,0
12:34:18:798,1.9870846206615003,1.5137134666982803,121.66079211910838,-0.1321305578973768,0.007289809899797214,0.0003807154989015968,121.6864338075442,-8,0,0
12:34:18:938,2.006646901634961,1.5284151540026885,121.78948713148475,-0.11357517688831927,0.00020909622443098525,-0.0004987793967768845,121.81560598060051,-7,0,0
12:34:19:062,2.005477625772566,1.5310525145296878,121.93334699662594,-0.09636316433378635,0.003470683023503675,-0.0017838581098322368,121.95944888408323,-6,0,0
12:34:19:183,1.9717253899378564,1.541893887379084,121.68545680942266,-0.09071411081764884,0.012740818361428253,0.0008172633404069011,121.71119725272251,-5,1,0
12:34:19:304,1.9946896710913908,1.5111581892079398,121.87998793982574,-0.1064688148865874,0.0005812387395485802,-0.0020572962464209684,121.90567602113052,-6,0,0
12:34:19:430,1.9933762866417195,1.5645903342520953,122.06401497990566,-0.019536875749384616,0.007886758149319736,-0.0007799636447176939,122.09031593434761,-1,0,0
12:34:19:577,1.9711405599088372,1.6038745369624616,122.2459073527254,-0.003719184767522098,0.020889156093769727,-0.0030659877413331048,122.27231768936237,0,1,0
12:34:19:714,1.9695726193414296,1.5269740204009028,121.60797074923549,-0.09286408390598373,-0.0006194237577912381,0.0001962923699057413,121.63350449489135,-5,0,0
12:34:19:840,1.9880178224305545,1.555711517086955,122.06982333050249,-0.06466535024082708,-0.013981157817003534,-0.0008528684751456815,122.09592221334334,-4,-1,0
12:34:19:963,1.9756471139531928,1.576470920920966,121.88867304005564,-0.047269998431121917,-0.001957409948753804,-0.000171555764551598,121.91487627664216,-3,0,0
12:34:20:086,1.9909515692812096,1.6253623271417292,122.13604138555833,-0.036052646944307806,-0.015397732987274381,-0.0008948654718566395,122.16308074119829,-2,-1,0
12:34:20:206,1.980857086300323,1.539091067396037,122.01155819500367,-0.08659572927389735,-0.008028449015746144,-0.0017809715847473342,122.03734235586603,-5,0,0
12:34:20:328,1.9757408448170963,1.5413860875670462,121.86856663129188,-0.132607133251866,0.008951437072568498,-0.001478439755569272,121.89432700385385,-8,1,0
12:34:20:456,1.990294234557843,1.577008075242607,122.17714517256792,-0.05451486303139129,-0.0009761248682911355,-0.0013250310885975156,122.20353116063477,-3,0,0
12:34:20:576,1.9954723274204715,1.5270204183874962,121.77894657710942,-0.11535869837766233,-0.0030481873335786802,-0.0027971949199365955,121.80486661294837,-7,0,0
12:34:20:698,1.9623882757144884,1.527815249861993,122.12409204548526,-0.07172902302317082,0.01622040302907959,-0.001211845368659752,122.14941279071516,-4,1,0
12:34:20:822,1.96127692801761,1.5547855959023975,122.0778545521632,-0.08308166100402797,-0.011110915192164453,-0.0010527121195102397,122.1035074741783,-5,-1,0
12:34:20:949,1.999466125931672,1.5643156189553116,121.99381846479938,-0.0842527816773017,-0.0010494334904836186,-0.0005839511114281926,122.02023066593048,-5,0,0
12:34:21:068,2.0036458809252715,1.5642164999992163,121.96823022659456,-0.03366256528339851,-0.006011972826644336,-0.0011893097142160398,121.99471527358303,-2,0,0
12:34:21:192,2.0095100029012847,1.539633220976687,121.91251162693703,-0.08321073842247867,0.013843907303011958,-0.000273035174625925,121.93879240051113,-5,1,0
12:34:21:314,2.044129375509642,1.5301948799881397,121.67797530542177,-0.10783450790222861,-0.004436320397132797,-0.001178547020139264,121.70476422762337,-6,0,0
12:34:21:436,1.9797100507741907,1.5464897320832462,122.11379868232031,-0.11423208668922828,0.010826195547667146,0.0005239954509657881,122.13963611785826,-7,1,0
12:34:21:565,2.0134446124298004,1.5561734542812444,122.05347796004382,-0.08050748739929406,-0.0006927043122594363,0.0010536542357595983,122.08000293729532,-5,0,0
12:34:21:682,1.9611867105306346,1.6085551636996513,122.07331318905932,0.006928017525929261,-0.010127136290801574,-0.0021062286410273297,122.0996621452426,0,-1,0
12:34:21:845,2.002495417784679,1.5386098668981651,121.93306922568442,-0.08512537782245179,-0.0073663538676068336,-0.002329957244184135,121.959217277811,-5,0,0
12:34:21:973,2.0089286552575696,1.5849888061243556,122.11241921681221,-0.041674224011095724,-0.007220430820282418,0.001267952440148782,122.13922756772266,-2,0,0
12:34:22:094,1.9939089449904617,1.5434211250003034,121.76070886505902,-0.09040883510710526,-0.01271464834031765,-0.000581248667670045,121.7868139207676,-5,-1,0
12:34:22:215,1.9822107211166256,1.5644914046308667,121.81920920713667,-0.07926872150105028,-0.012213086721531008,-0.0011190967364398704,121.8453795781777,-5,-1,0
12:34:22:341,1.9936460938120866,1.5736853563917954,121.88314711149577,-0.08482550565756848,-0.0106397050988098,-0.0010509450957288601,121.90960856368466,-5,-1,0
12:34:22:460,1.988213503505944,1.558746295573255,121.99459828074535,-0.058367847533838405,-0.0012998246440259877,-0.0004630352082758786,122.02075517152778,-3,0,0
12:34:22:588,1.9789899748590098,1.5446391869024678,121.68908464994148,-0.08687602918178819,0.0034881084910475904,-0.00011245774108323228,121.71497703437704,-5,0,0
12:34:22:708,1.9892993010135078,1.5289375891360102,121.99556969399285,-0.10117563010273406,-0.0028939109726040103,-0.00021792678500569222,122.0213669273638,-6,0,0
12:34:22:831,2.0053281299000765,1.5947625059148192,122.0359170420686,-0.04256307953556872,-0.019560125760739816,-0.00028892664144397644,122.06281029313347,-2,-1,0
12:34:22:957,2.026853428252664,1.537523187506334,122.06387998455874,-0.10837471118835074,-0.018816150763486333,-0.0011004682832754231,122.09038827547604,-6,-1,0
12:34:23:076,1.991917368867086,1.5267612115853852,121.88835744930282,-0.08378251624574233,0.006961929903407689,0.0008555601647976697,121.91419284189438,-5,0,0
12:34:23:202,1.9700062488905226,1.5195079403101803,121.93370709586837,-0.07836195744764567,-0.008850769292025128,9.679663626189122e-05,121.95908639844082,-4,-1,0
12:34:23:324,2.0261009215417682,1.5272022080548036,122.40727714771127,-0.09787153431657254,-0.010880294150181451,-0.0007401707083561352,122.43356945807452,-6,-1,0
12:34:23:448,1.9869854834424021,1.5416133163676566,122.02680395584964,-0.10076538762102216,-0.014867276899484385,-0.0015153081822841686,122.05271634260328,-6,-1,0
12:34:23:568,1.999044917801068,1.528181266703262,121.84311809219791,-0.0805492061380005,-0.0022747251188405494,0.0005358196567971721,121.86909758013545,-5,0,0
12:34:23:691,2.014981339942617,1.5496686357644995,121.80877442194644,-0.100468452328638,-0.023434805395020363,-0.0009950951527065174,121.83529516875487,-6,-1,0
12:34:23:816,1.983683400353775,1.5665016298032037,122.22066535293807,-0.08743734747632158,-0.007005797870538342,-0.001293477897890564,122.24679941210687,-5,0,0
12:34:23:938,2.014634706550966,1.571029454428253,121.85490498962305,-0.08789758712627255,-0.020767315282590494,4.018713847424496e-05,121.88168343347405,-5,-1,0
12:34:24:062,1.987498197831809,1.5833934653206605,121.8840312804002,-0.03771644997832312,-0.0035732872697255115,-0.00208214056079666,121.91051786090476,-2,0,0
12:34:24:227,1.9796994779674313,1.5441110400429816,122.35166189800503,-0.08911958645410656,0.001328896978401758,0.00015557399885089443,122.37741890614781,-5,0,0
12:34:24:348,1.98826384701305,1.5317862761461971,121.66957731301868,-0.10495212793961979,-0.008333278240908267,-0.0006335342493934268,121.69546255242945,-6,0,0
12:34:24:474,1.981795548503203,1.5576386993667195,122.10144830628323,-0.0461458454872938,0.006283517944712929,-0.002592239254287359,122.12746386626469,-3,0,0
12:34:24:593,2.0048321223579157,1.5083071841785953,121.85061596092179,-0.1282157973404094,-0.024642705110049,-0.00010598738684782014,121.87644133488936,-7,-1,0
12:34:24:716,1.9867981117818088,1.5550137661574281,121.77378304685838,-0.09139666935955153,-0.00581219599552873,-0.0019929767256576794,121.79991655207837,-5,0,0
12:34:24:843,2.0221430281171378,1.556233739245375,122.00741388435253,-0.13241591975954495,-3.5778226743969394e-05,-0.0003202583887885384,122.03409346828052,-8,0,0
12:34:24:964,2.0021370771014575,1.5521692095210917,121.78916001157178,-0.07865656558509505,-0.009594830073698062,-0.002534132942720232,121.81550508229535,-5,-1,0
12:34:25:092,1.9683434959155308,1.489215470917367,121.81597967164944,-0.11945698383298063,0.002572156141894953,-0.0016025923012044623,121.84098260519916,-7,0,0
12:34:25:211,1.9782057708763296,1.5110593911247887,121.88425382871833,-0.10673353193713261,0.005985357469762694,-0.0021396261466384825,121.90967119116873,-6,0,0
12:34:25:427,2.0224269851027596,1.5245279547122343,122.11825287388544,-0.11126132041289599,-0.02596396972618991,-0.00015527276506407798,122.14451310380258,-6,-1,0
12:34:25:537,1.989546462542324,1.547132447610152,121.8349882309899,-0.08736627652088029,-0.006287260366282504,-0.0003961645830611289,121.86105313504602,-5,0,0
12:34:25:662,1.98512778538349,1.553243659121697,121.800918266882,-0.07745109494730656,-0.003520593637020133,-0.0026373406251487983,121.82699614143235,-4,0,0
12:34:25:789,1.9858952443479023,1.586652107727879,122.17174331909511,-0.04091207010667925,-0.011079037339315251,-0.003005314805577288,122.19818374451947,-2,-1,0
12:34:25:943,1.9918749621569352,1.5589813666398091,121.7779955303525,-0.06886240954031551,0.003665204630692107,-0.0008526286990404757,121.80426176516546,-4,0,0
12:34:26:076,1.958053964041797,1.5702301690134315,122.06393427859572,-0.060854885807596515,0.006459506234191111,-0.0012722948629220556,122.08973605376954,-3,0,0
12:34:26:197,2.0078300567351133,1.56449471571452,121.98012213806504,-0.08358941934881538,-0.010984796470665914,-0.000525719236092339,122.00667695691696,-5,-1,0
12:34:26:316,1.95590811465617,1.6362760303312605,121.99223239587391,0.013809271714474871,0.021116402459054426,-0.0018202503560699698,122.01888272201694,1,1,0
12:34:26:442,1.976337414046226,1.4996700502151523,121.75329468461975,-0.10219405697605963,0.0058311316952553045,-0.001982726305715127,121.77856825563981,-6,0,0
12:34:26:569,2.0011090802783045,1.5987978994961127,122.06564447785712,-0.03792918620794292,-0.015782488459670445,-0.00207394413992269,122.09251473398857,-2,-1,0
12:34:26:686,1.9854701538265096,1.508197752086452,121.96618704304835,-0.09568985418647168,0.0016189103373712066,0.00038486563602012434,121.99166993697148,-5,0,0
12:34:26:807,1.9996329270183635,1.5047492508710345,121.70860325744742,-0.12909207002605996,-0.00852339026182498,-0.0017189194644651325,121.73432921337167,-7,0,0
12:34:26:932,2.0154590575544016,1.545435887630875,121.82322147737528,-0.08944480378583713,-0.010141898023658258,-0.0017443019401181478,121.84969322251527,-5,-1,0
12:34:27:054,2.0055508348474467,1.5217204534185647,121.78984924812079,-0.12392934320689496,-0.011096144881484636,0.0013612576684862664,121.8158661553145,-7,-1,0
12:34:27:180,1.9640200396942031,1.5682300731754524,122.16085307989228,-0.04959621393681524,0.0010298919053022676,-0.001790640216886045,122.18670445464089,-3,0,0
12:34:27:346,1.9924088200458796,1.53689479058272,121.89987135049509,-0.08677573837007278,0.0036344263597379036,-0.002569320711557754,121.92583964759386,-5,0,0
12:34:27:470,1.979302745416046,1.527329982224693,121.7860767019364,-0.11510023304087368,0.0020876594069983673,-0.0028806906786262372,121.81173529131974,-7,0,0
12:34:27:591,1.984194575725971,1.5261025181898713,121.97835189615363,-0.12286907610358772,0.014795275986742974,-0.0018252865012768566,122.00403414769633,-7,1,0
12:34:27:712,1.9910274905678025,1.5605000857910898,121.78221728928408,-0.06680107927105973,0.005506534524548162,-9.147948308499644e-05,121.80848820538063,-4,0,0
12:34:27:838,2.0075726418688222,1.5561261419894779,121.92375464326511,-0.0599482276702954,0.0021615254721586096,-0.0008977499956709041,121.95021042537513,-3,0,0
12:34:27:958,1.989276646441794,1.552564894766687,121.9241398870846,-0.09929413145177475,-0.019856112435285473,-0.001972375929726601,121.9502503750358,-6,-1,0
12:34:28:123,1.9724097613140206,1.621520984177651,121.90263464458582,0.012476284541746437,0.0010130859267622838,-0.00204902650353689,121.92937326116308,1,0,0
12:34:28:290,1.9989090665982183,1.5151942906386988,121.82258390038623,-0.13455810580704528,-0.004028075464865124,-9.113776835108663e-05,121.84840335171224,-8,0,0
12:34:28:460,1.9896619059905585,1.5115220872560855,121.84074521667246,-0.1225336949138677,-0.0077799202860549515,-0.0013550719109816601,121.86636389289092,-7,0,0
12:34:28:572,2.0058942609852206,1.566269187586182,121.92795830778262,-0.06265125802410626,-0.008908377465289925,-0.00020133032749238293,121.9545154065999,-4,-1,0
12:34:28:699,1.9757449749092375,1.5016729106279505,121.80918238507695,-0.11866072480812756,-0.005749632592250779,-0.0010917340990827579,121.83445942366771,-7,0,0
12:34:28:819,1.9901141735710768,1.557623138479551,122.10389213510986,-0.046231317055690065,0.011338063198130249,-0.0016253046305071063,122.13004224517373,-3,1,0
12:34:28:946,2.0001161314664633,1.5581090677526401,121.98549547841314,-0.0932338235737873,-0.002478365135010876,-0.0009973935025681217,122.01184071851517,-5,0,0
12:34:29:065,2.0049848707027347,1.5156431450644337,122.04709865922311,-0.1048737742127166,-0.007745065807902822,-0.001363735995758442,122.07297583662434,-6,0,0
12:34:29:191,1.9667217001982447,1.548080528962768,121.81256350574766,-0.08543882993202469,0.018824140660906236,-0.001539867993430093,121.83827467348671,-5,1,0
12:34:29:316,2.0178024789340383,1.6134593855756554,121.95014690703324,-0.015024586312381408,-0.020591018658493426,0.0002693675001479853,121.97751066766318,-1,-1,0
12:34:29:432,1.9551374425734867,1.5176452669514902,121.98814184329818,-0.08242486842604627,0.008223453339126666,-0.0011266395484540817,122.01324747729768,-5,0,0
12:34:29:558,1.980754821440698,1.6265290386598337,121.87802910890422,0.0041363755342098095,-0.007646357095662373,-0.0007490639794374912,121.90497514805197,0,0,0
12:34:29:677,2.004845984686239,1.5318617925945843,121.67140159734743,-0.10509538799840944,-0.014284893946236325,-0.0011928640579173333,121.69755944404523,-6,-1,0
12:34:29:806,1.9719114426424997,1.5323012788737918,121.67938953917425,-0.10446158035849319,-0.0029587700527438144,-0.000721417742211737,121.70501312835462,-6,0,0
12:34:29:925,1.992014400382912,1.5445133769097321,121.86974308552001,-0.10972220686171755,0.0033955550263779625,-0.0022138503823778215,121.89580765011338,-6,0,0
12:34:30:047,1.9848024193939893,1.5695663503948034,121.9446042523396,-0.05847875726524056,0.0009702607739425,-0.001311055596982836,121.97085506559362,-3,0,0
12:34:30:173,2.0203878839044758,1.5380926684875376,121.93879443842881,-0.12162822343662119,-0.01387275632915859,-0.0008594988200316504,121.96522982127193,-7,-1,0
12:34:30:297,1.9770593356607487,1.5507922730447108,121.93392886787012,-0.018699417620808286,0.023881729642379466,-0.0008137450280883092,121.95981604383334,-1,1,0
12:34:30:417,1.9921902117093977,1.5914523550776194,121.94522759531674,-0.01242539056948661,-0.007913032231904366,-0.0026921266915567454,121.97188231601459,-1,0,0
12:34:30:543,1.9409160920903032,1.5290142888256149,121.80019772725375,-0.1130082436615104,0.01984086194261403,-0.0023874167744401815,121.82525684918573,-6,1,0
12:34:30:664,1.983164103364882,1.5550756655256177,121.99471592371918,-0.11552032252349247,0.00321895882722017,-0.000920953075752681,122.02074378356873,-7,0,0
12:34:30:796,1.9705426101997927,1.5203210776608966,122.00048467041185,-0.09621850093394567,-0.009367836586473102,-0.0008010870974580796,122.02586887284676,-6,-1,0
12:34:31:005,1.9859844480480053,1.5456834517484992,121.58919987158869,-0.09972053022181242,-0.00849067117620431,-0.0020960382220956975,121.61524080876558,-6,0,0
12:34:31:127,1.983830672947262,1.5603167410797876,121.90049740128649,-0.07017348079870785,0.002498815684459693,0.00019283462282043243,121.92662317620575,-4,0,0
12:34:31:250,2.013505925906745,1.615198124751065,122.09428751232939,-0.03254958435390565,0.00041982987595591054,0.0007042952356711033,122.12157104393643,-2,0,0
12:34:31:375,1.99167631907434,1.5689984902321163,121.7863453047435,-0.0716641988263588,-0.009954667931873088,-0.0011434650250375382,121.81273510396412,-4,-1,0
12:34:31:538,1.9653694601265526,1.585504731369568,121.88259300517358,-0.034846339936057916,-0.004278960864795387,-0.0006968580253519086,121.90874857873318,-2,0,0
12:34:31:670,1.9966350974322593,1.569072762857504,121.88844921959537,-0.10928498696284637,-0.017298678734063978,-0.0037832136279755475,121.91489898369814,-6,-1,0
12:34:31:821,1.993937739019067,1.6266304167100454,121.90161373600714,0.003564593258724424,0.004624570118202315,-0.0006642118042975908,121.92877078713758,0,0,0
12:34:31:948,1.9918847828794797,1.5248198371929484,121.84134407372476,-0.08534388344449617,0.006047004753875044,0.0006865177787411772,121.86716459414302,-5,0,0
12:34:32:060,2.0048603604972315,1.5564038425652384,122.33603674448926,-0.0882690105734598,-0.0013778723728252555,-0.0008588597175188266,122.36236244995955,-5,0,0
12:34:32:178,1.9945869490635193,1.5407032046728646,121.97206300970257,-0.08327938781352567,-0.009661450654301556,-0.0005857575896009834,121.99809956841588,-5,-1,0
12:34:32:307,1.990025491329614,1.5517632665500687,121.88216459032247,-0.06507789084090244,0.019507904773446032,-0.0030834399474720313,121.90828608390004,-4,1,0
12:34:32:426,1.9797165484676225,1.5251902145889276,122.01109430910547,-0.1070996425331905,-0.008695016762787477,-0.0034253301288862514,122.03668553885092,-6,-1,0
12:34:32:548,1.980524747912471,1.6227190243975824,121.82081016705385,-0.015207944847357047,0.002572729102096724,-0.0031283371657496073,121.84771432023912,-1,0,0
12:34:32:700,1.986587329860362,1.5643396779905514,122.05124927783812,-0.052029575878583735,0.017133802486171214,0.0014905029005429274,122.07743910374381,-3,1,0
12:34:32:835,1.9642499622757328,1.545198257153397,122.07417342102939,-0.09714581449464718,-0.0003597325204751634,-0.0004914355479686296,122.09975320202645,-6,0,0
12:34:33:002,1.9918496904566232,1.586886712654048,121.8686903128542,-0.04890265210589198,-0.02281941410336816,-0.002366931041914635,121.89529668202351,-3,-1,0
12:34:33:129,1.9806435885056193,1.5512147384121622,121.78703519578285,-0.08002232850096236,-0.010223233230716293,-0.00018117345351587857,121.8130171942564,-5,-1,0
12:34:33:248,1.9916570612686295,1.5622324081382895,121.9382596120472,-0.06859983844004365,0.005335977007468439,-0.002715908587676387,121.96452937293597,-4,0,0
12:34:33:374,2.013235754592762,1.5425438160966682,121.87455842698579,-0.13104649506635518,0.008217252828883057,-2.932085025973269e-06,121.90094565425208,-8,0,0
12:34:33:497,2.010392361686351,1.5290659582489687,121.92128219723118,-0.09889186443693453,-0.0015424808988751526,-0.000778112281429823,121.94744266596771,-6,0,0
12:34:33:615,1.9644308437188682,1.5034103987710254,121.9544695511926,-0.12005794974191945,-0.002181864651403429,0.0006312720348489927,121.97955515117954,-7,0,0
12:34:33:742,2.0043513919043954,1.5377360782974812,121.63917424564116,-0.09541305566335485,-0.01566861992181358,-0.0028622290603745274,121.66540497573736,-5,-1,0
12:34:33:903,1.9664207957533675,1.5586882706307605,122.00447062302179,-0.11035561379185745,-0.004905177367604447,-0.0008483991724430225,122.03027153897003,-6,0,0
12:34:34:023,1.9799100367425304,1.5260707758683774,121.76400089340072,-0.11638568873527087,-0.010939382381943462,-0.00042401003994969747,121.78965821995989,-7,-1,0
12:34:34:149,2.0090491179910757,1.573832226765404,122.06338812864158,-0.05582752596508637,0.0028324644498553776,-0.0012450555427102909,122.09006490161231,-3,0,0
12:34:34:271,2.0040884959731593,1.5422079325442513,121.84275626597619,-0.11236022891125091,-0.010387957107502762,-0.001173644105751539,121.86899536181043,-6,-1,0
12:34:34:435,2.018240103147674,1.5004569210062333,121.71366997477264,-0.11776788944476027,-0.015032964490121684,-0.0005763080679061646,121.73964893498592,-7,-1,0
12:34:34:555,1.9681653790745541,1.5464288535433968,121.81550436541426,-0.10511824732303553,-0.007905719079081724,0.0015178571468264794,121.84121724998778,-6,0,0
12:34:34:680,1.984544687805524,1.5536955936598265,122.0100986844227,-0.03281348330333326,-0.012134871131493342,-0.0028581964060105645,122.03612812851046,-2,-1,0
12:34:34:805,1.9631711378996834,1.5340141517192791,121.94031452835381,-0.09222873533191364,-0.0014144582072383623,-0.0003305637491127021,121.96576383398832,-5,0,0
12:34:34:924,1.967867217306199,1.557885760606364,121.87588994673764,-0.09054710269249087,0.005921382319530877,-0.0003334434138197758,121.90173115972289,-5,0,0
12:34:35:051,1.9821456270197066,1.5335240471378682,121.75638867866309,-0.08757939765362485,-0.014545332652735471,-0.002018903323519253,121.7821776014846,-5,-1,0
12:34:35:172,1.9814785319535637,1.526449861386596,121.80861162058514,-0.09946827222191937,0.0025667362680356484,-0.00019606340496098034,121.83428980088681,-6,0,0
12:34:35:295,1.9555699522461492,1.4955922684183112,122.04665373013397,-0.09890761449795751,-0.004337094237402791,-3.0656976710854494e-05,122.07148207830814,-6,0,0
12:34:35:424,1.966602732189937,1.5532924571977405,122.03101658881232,-0.1194394241295919,-0.0031771562732281896,0.0008189631758093325,122.05674603831953,-7,0,0
12:34:35:540,2.003792834672873,1.5433804950383456,122.11216149039268,-0.10084551963424246,0.007782818662501817,-0.002738807496672273,122.13835266996395,-6,0,0
12:34:35:666,2.00585127645412,1.5022068934968862,121.6708360197055,-0.11370578515775195,-0.015799313275688984,-0.0013128972936833267,121.69664088473513,-7,-1,0
12:34:35:805,1.9998809238654354,1.5649852582568218,122.0659667516541,-0.0031896324216044393,0.013565824070422413,-0.0015544822236909536,122.09237872031214,0,1,0
12:34:35:954,2.029346984135292,1.5040087308700008,121.958407047353,-0.11960531253174167,-0.008884162204962947,0.00010385301383747115,121.98456189605469,-7,-1,0
12:34:36:080,1.969837997966625,1.562845630096888,121.84556412419518,-0.08204940823606763,-0.011060387666437113,-0.0008735535868003956,121.87150710869668,-5,-1,0
12:34:36:286,2.0224501000553086,1.5621855796307247,122.12517706919154,-0.09110402368412816,-0.009507126696154923,0.0016662137645735702,122.15191198820347,-5,-1,0
12:34:36:404,1.961153297471959,1.5753737173855067,122.05503388996053,-0.05326339670551949,-0.011619003000140484,-0.0020668828169741835,122.08095356149963,-3,-1,0
12:34:36:526,2.00896198777131,1.5467681607003694,122.03268054549109,-0.05943963333417501,-0.010430927287708502,-0.00021040985976370389,122.05901663182915,-3,-1,0
12:34:36:650,2.033790800283107,1.5950228839881755,122.26276461805894,-0.03200305216199126,-0.02068498777740492,-0.0005380506018533917,122.29008142556226,-2,-1,0
12:34:36:772,1.9927275220910317,1.528304695796566,121.808002929486,-0.11455137723382407,0.018861872384862175,0.0015615574066684288,121.83388796180708,-7,1,0
12:34:36:901,2.006455836000399,1.548498997589372,122.03411775026616,-0.07380525079431384,-0.00818405941236271,-0.00043305836056197015,122.06043424981407,-4,0,0
12:34:37:020,1.9966787981082685,1.5943711107589384,122.3649922136191,-0.05200003299564226,-0.0030797482750838994,0.0005862905329970968,122.39166664810436,-3,0,0
12:34:37:142,1.9683548832246436,1.5314350445308071,121.9651961139129,-0.13245791653088546,0.008099577973291536,0.0013999761678368688,121.9906913553127,-8,0,0
12:34:37:261,2.005477625772566,1.5310525145296878,121.93334699662594,-0.09636316433378635,0.003470683023503675,-0.0017838581098322368,121.95944888408323,-6,0,0
12:34:37:385,2.022866800169595,1.5327909270579436,121.92768592410798,-0.11109162055885585,-0.017376010886440467,-0.0015768866357767216,121.95409805711827,-6,-1,0
12:34:37:511,1.9979416181569076,1.529680009419099,122.0272603991504,-0.10068250978753585,-0.001148492058675141,-0.002920165359123587,122.05320140071231,-6,0,0
12:34:37:631,2.0190059655830805,1.5202799947421033,121.75854698647849,-0.10710283261755155,-0.014861312769241297,-0.000644132490072825,121.78477491299955,-6,-1,0
12:34:37:784,2.0068549573440517,1.549370621612489,122.25653762168527,-0.11409978306409514,-0.006872344362262324,-0.002147031774936974,122.28282384450188,-7,0,0
12:34:37:920,2.030302219804041,1.5609759090225697,121.94124092856227,-0.0876113416979114,-0.024137591938478642,-0.0005312222705698495,121.96813113305441,-5,-1,0
12:34:38:046,1.9965553653959986,1.539996266800571,122.19102187637549,-0.09064123566450764,0.005774091305002285,-0.0005251208305811103,122.21703501976198,-5,0,0
12:34:38:170,2.030160418729332,1.52779611444304,121.86688008514622,-0.08171434707642082,-0.0123445255859059,-0.001553944032248972,121.89336394562459,-5,-1,0
12:34:38:291,2.0034953489754415,1.5800663713055032,121.8782299628971,-0.07564698945585341,-0.02065485868236118,0.0004589730150175754,121.90493649659936,-4,-1,0
12:34:38:414,2.0149683788289687,1.5663420787213023,121.9900712986772,-0.08128700689231204,-0.007183506242888587,-0.00259239130195878,122.01676532563711,-5,0,0
12:34:38:539,1.9947959167388745,1.582129432367526,121.85976831687877,-0.05526011605483853,-0.02559248206063831,-0.0013578995804787968,121.88636297196489,-3,-1,0
12:34:38:657,1.9908154937803888,1.5645213424819917,122.02370602925791,-0.08490195087475376,-0.00381807682568758,-0.00013583231419298203,122.04997298842844,-5,0,0
12:34:38:782,1.994202438657578,1.542374421612614,122.18427136044139,-0.10437306477336437,0.00790295936145708,-0.0011534939251145557,122.21027751422861,-6,0,0
12:34:38:944,2.025366840228603,1.5361801270530233,122.06520588965135,-0.12835718759202294,-0.016587859953679337,-4.68285584703788e-05,122.09167231676051,-7,-1,0
12:34:39:068,2.0177812780483455,1.532564417454973,121.73635770376427,-0.10572430313477181,-0.014375501064769184,-0.0011436854378745844,121.76272410700467,-6,-1,0
12:34:39:194,2.006979660367921,1.5228503418999018,121.87277827382351,-0.08897609239294087,0.0016336399454497633,-0.0006850864973865281,121.89881510786519,-5,0,0
12:34:39:317,1.9647933325717852,1.53214912797626,121.96940724320585,-0.11355534729659152,0.024631847073523398,-0.0006858107999630762,121.99485315802906,-7,1,0
12:34:39:441,1.9758505256619463,1.518174829884208,122.03880198739398,-0.11854719340809759,-0.0011831887479499283,-0.0008006492986397507,122.06423731229475,-7,0,0
12:34:39:561,2.0060771923207366,1.5300209675408618,121.74901636543838,-0.12837511706322058,0.0006264995254589145,0.00025866744939226263,121.77515467374471,-7,0,0
12:34:39:682,1.9568849846652094,1.5309549548776795,121.77344850377253,-0.09169251209701212,0.003199997527358695,-6.834995597385676e-05,121.79879302529238,-5,0,0
12:34:39:814,1.9704766663415485,1.6410275612660512,121.74049749528072,0.04145392362901869,0.014764266574073962,-0.0007646008242922636,121.76750174060352,2,1,0
12:34:39:930,1.9738378156363445,1.5575392260157779,121.78001046471347,-0.0709433013169423,0.01065949297889331,-0.0009406736563027196,121.80596419284541,-4,1,0
12:34:40:050,1.9980355215737267,1.6168598914364913,122.02882356236921,0.003218177560653731,-0.010578736524397668,-0.0003148431424308026,122.05588950095706,0,-1,0
12:34:40:245,2.01295157183697,1.5601659865804514,121.98911995863615,-0.09034089769492726,-0.004338888275654576,-0.001905324675539712,122.01570177734817,-5,0,0
12:34:40:384,2.0122238317544947,1.537588792744956,122.12842748209968,-0.09231591725181118,-0.02704835045307229,5.09895629531467e-05,122.15468072609882,-5,-2,0
12:34:40:505,1.9908695827601246,1.564112523372571,121.98869011980189,-0.0843672873122235,-0.005042977928929991,-0.0006138396238967296,122.01496025826661,-5,0,0
12:34:40:626,1.9827400994307565,1.5534816062957184,121.9679241733231,-0.11705610561186953,-0.012232841572625669,-0.0023799066647057173,121.99393054800916,-7,-1,0
12:34:40:756,2.0029404169150595,1.5424588467276243,121.81669570344988,-0.09358896672086102,-0.008709732293974887,-0.0008276546800674978,121.84292470929309,-5,-1,0
12:34:40:869,1.9798816367889018,1.5358437689323716,122.08046151570655,-0.07624039988386376,-0.004451217849460738,-0.0009079623332026818,122.10617441909385,-4,0,0
12:34:40:995,1.988116571475511,1.5923130923167832,122.01495295950605,-0.0619864522203919,-0.012635192000621069,0.0016954442175376562,122.04153724939805,-4,-1,0
12:34:41:119,1.9985561730515973,1.5454729830315321,121.83254096054628,-0.08964648747966762,-0.004214756992686671,-0.0018348393739479449,121.85873276224939,-5,0,0
12:34:41:241,1.9904862039561755,1.497216346243679,121.57137341331894,-0.1365017010914918,0.0008852028899131114,-0.0002159789575356887,121.59688534545705,-8,0,0
12:34:41:365,1.9779309910462173,1.5693707622454385,121.75422866418197,-0.10475449045475041,-0.02259417658806761,-0.0006660491812141552,121.7804061957614,-6,-1,0
12:34:41:484,1.985860067546486,1.5270541324010931,122.03791599225026,-0.10514818177994441,0.013753527717020162,-0.0024861407531161905,122.06362469737941,-6,1,0
12:34:41:614,1.993812916976785,1.546186844997207,121.95300041612545,-0.10967420394948484,0.004583172191848579,-0.0002566635228030114,121.97909777581994,-6,0,0
12:34:41:735,1.9694588144951495,1.5328241029625704,121.77762983822608,-0.08914913120557393,0.0016107724964810376,-0.0009783220839776996,121.80319965735147,-5,0,0
12:34:41:986,2.017873951507891,1.5622294380700203,121.81940695384807,-0.08242835262589046,-0.027093447203417293,-0.0022030226646501698,121.84613365506759,-5,-2,0
12:34:42:101,2.007964311018219,1.5284471742299064,121.96124436082904,-0.10091168625551261,0.0012170758883592778,-0.0013865416037786512,121.98734851401841,-6,0,0
12:34:42:225,1.9993061000984251,1.5022382911627967,121.9777305007665,-0.10473311932848593,-0.002651147105267588,-0.0017475775606914544,122.00336340807554,-6,0,0
12:34:42:349,1.9950909542044017,1.5626993084512688,122.14478902084056,-0.09110444356710838,-0.006421954889309608,0.0002765703848507207,122.17107637239609,-5,0,0
12:34:42:514,1.9985561730515973,1.5454729830315321,121.83254096054628,-0.08964648747966762,-0.004214756992686671,-0.0018348393739479449,121.85873276224939,-5,0,0
12:34:42:636,1.9823236266803623,1.51684233898103,121.6225194539474,-0.12604269884642685,-0.0024883210646598256,-0.0003440669853188738,121.64813050749294,-7,0,0
12:34:42:759,1.9943538401255136,1.558491585452423,121.99932767162112,-0.05881685769045422,0.004139407812534147,-0.0019486243880131866,122.02558049683323,-3,0,0
12:34:42:879,2.0030555545384088,1.5404468255834811,122.11994535531775,-0.1237087760609071,-0.004569129385757814,-0.0016053699121972168,122.14608573983372,-7,0,0
12:34:43:007,1.9476513834386058,1.527157969865027,122.03228249439542,-0.1048499588038264,0.030811104393448394,-0.001981408539941862,122.0573780161128,-6,2,0
12:34:43:125,1.9830691301146737,1.5492050325035467,122.02568710197188,-0.07269912493189995,-0.009430574858809496,-0.0011884176193921103,122.0516321567061,-4,-1,0
12:34:43:252,2.0180989230392403,1.567788408223634,121.92130666854382,-0.09445742458698854,0.0032439826692940155,-0.0007308136121623426,121.94808610027974,-5,0,0
12:34:43:371,1.9840008484660507,1.5432180822381565,121.91514484316741,-0.07811140675396519,0.0011547204858310797,-0.001173783837870735,121.9410526588423,-4,0,0
12:34:43:496,1.980055053038656,1.592616851630624,121.9605760271832,-0.011342639432695386,0.007210846007467238,-0.0013582188509473508,121.98704501434361,-1,0,0
12:34:43:621,1.9992021622085556,1.5323643280855648,121.97095334828849,-0.11327586230633176,0.010924599266955352,-0.0021745537781649414,121.9969606605416,-6,1,0
12:34:43:743,1.9632173674890843,1.565416123139156,121.9476543871535,-0.06439309972647314,0.0129983344971542,-0.000290011092334717,121.97350187888857,-4,1,0
12:34:43:868,1.995221607249502,1.549443815379366,122.25583230832703,-0.0618024564665621,-0.005741541782325537,-0.0017215455054629695,122.2819292405907,-4,0,0
12:34:43:987,2.0111424002036427,1.5237499276234825,121.64111383551412,-0.09843457456678568,0.0057666345514510164,-0.0010657051489021004,121.6672802471574,-6,0,0
12:34:44:110,1.9880577588691724,1.5606120124235159,121.69057529111157,-0.08089818188440749,-0.009390613355035765,-0.0030486884199776238,121.71681887967502,-5,-1,0
12:34:44:236,1.984610118123028,1.55479898992963,122.0540299116262,-0.08248786822203401,0.002868968170320133,-0.001344250185384199,122.08006510027829,-5,0,0
12:34:44:357,2.0081883415353152,1.5408428507073568,121.99899471212844,-0.08391387969158959,-0.012744947205280655,-0.002483140682078348,122.02525037005906,-5,-1,0
12:34:44:566,1.966694932041673,1.5033276932598993,121.73835872168159,-0.15111459754100012,-0.010616239024828883,-0.00042949398097571865,121.7635243714548,-9,-1,0
12:34:44:687,2.018952643988277,1.555236889558333,122.09810444641491,-0.10060689402401864,0.00602930816053139,-0.00022242105892863288,122.12469873440406,-6,0,0
12:34:44:809,1.9901568487610126,1.5496769931126448,122.26905724351967,-0.11402797704170321,0.002337895320452207,0.001349280699856279,122.29507178249148,-7,0,0
12:34:44:933,2.0119109234233545,1.5708386545357382,122.06748210303226,-0.11195769409389479,-0.000718430416686101,-0.0006938466363082796,122.0941665544119,-6,0,0
12:34:45:054,1.9879658708211492,1.5868076729729435,121.8643079877912,-0.0008299416122684093,-0.003937676280441471,-0.0021437773119150736,121.89085087994826,0,0,0
12:34:45:181,2.0059424816590283,1.587973908470843,121.84352240517383,-0.06311664873528255,-0.010824602156390476,-0.0005398640067837637,121.87037957795079,-4,-1,0
12:34:45:301,1.9955284506808364,1.527029553523037,122.17988106113837,-0.1274399410168571,-0.008919953191469366,-0.001622498815032433,122.20571708872187,-7,-1,0
12:34:45:428,1.9968711547799642,1.5581856113640933,121.88177292317395,-0.05604495818423774,0.0002883777403416126,-0.0006090349380368049,121.90808836047096,-3,0,0
12:34:45:548,2.017052260939573,1.5661731750408912,121.90284594627212,-0.0788871287699641,-0.023726894245281373,-0.0013011894696724068,121.92959135516747,-5,-1,0
12:34:45:671,1.9715041916025862,1.5659428793322667,121.92453708396718,-0.046324295827659394,-0.012494772838468502,-0.0027140312286180334,121.95052992512385,-3,-1,0
12:34:45:802,2.0188454511562357,1.477235288094314,121.89254008611967,-0.12200284684399143,-0.01252788389187341,-0.0005687606588125919,121.91820737567599,-7,-1,0
12:34:45:917,1.9910777951688599,1.5471596452284189,121.83124652939823,-0.1047218957169527,-0.007005933051915751,0.0009764076833537615,121.8573375905663,-6,0,0
12:34:46:041,1.9840514389596213,1.5734301420481287,122.04761275692756,-0.05592458983385084,-0.009889581280709823,-0.001291723924236372,122.07387895118796,-3,-1,0
12:34:46:161,1.9985561730515973,1.5454729830315321,121.83254096054628,-0.08964648747966762,-0.004214756992686671,-0.0018348393739479449,121.85873276224939,-5,0,0
12:34:46:282,1.9998330798608306,1.5698466212503557,122.00238509533666,-0.09371948714370507,-0.0003964985565745148,0.0006133277000126615,122.02887248398382,-5,0,0
12:34:46:412,1.9946823886745528,1.5756927439444557,121.87195833334779,-0.04792659378970005,-0.012164883908115052,-0.00210433133835837,121.89846509886935,-3,-1,0
12:34:46:533,2.0101848653840766,1.5374445286644645,122.07535389372741,-0.1088082783735618,-0.013068838231882351,-0.0011847417489735201,122.10158314760103,-6,-1,0
12:34:46:655,1.9714930645197317,1.632622483354499,121.91448915585798,0.026562062671509668,0.0036523590462548953,-0.0005574086429819663,121.9413584769762,2,0,0
12:34:46:818,1.9873950932650664,1.5313792028321618,122.29570680738908,-0.08865242067151824,0.017615502461946167,-0.0016314942285880433,122.32144033258632,-5,1,0
12:34:46:939,1.9648030698949164,1.5909644705182864,121.99578821884461,-0.06341126442307354,0.024133229532561053,-0.0021185311366831165,122.02198147131976,-4,1,0
12:34:47:108,1.979936557272832,1.5640298268435548,121.89903719046194,-0.06508743176642515,0.004644783583235132,-0.002434761472844288,121.9251475538648,-4,0,0
12:34:47:226,1.9871561965390674,1.5684319885314444,122.00169474627114,-0.06159803435983147,-0.013970203875809441,-0.0007519616244401053,122.02795700008427,-4,-1,0
12:34:47:350,1.9887257762448154,1.5561858471198382,121.72233090912296,-0.08809428794085122,-0.007639933168418231,-0.0007503411532387841,121.74852190706015,-5,0,0
12:34:47:475,1.9485772066258809,1.5799508847670714,121.82357041987613,-0.10892139891089576,-0.0012170281333940172,-0.0009284522150666529,121.84939682975447,-6,0,0
12:34:47:594,2.0003195867280152,1.5468126922151295,122.00931858446044,-0.05880392781972422,-0.014780797347282685,-0.0001709973155109106,122.03551831085166,-3,-1,0
12:34:47:721,1.9572559237845324,1.5245348576721522,121.82864752953196,-0.1207484490477134,0.01674012266210446,-0.0006416794159388986,121.85390603570482,-7,1,0
12:34:47:844,1.9902807069536383,1.5557017857855049,121.9824035997954,-0.07924127626677055,0.009647862235560573,-0.0003393113573180434,122.00855795116237,-5,1,0
12:34:47:965,2.0061449013323966,1.5684862101987114,121.88020941026296,-0.09229128298151737,0.00021983755165846597,-0.003407610949229414,121.90680954010026,-5,0,0
12:34:48:127,2.0010960900244092,1.5560388349872931,121.99365723025426,-0.11401128510960282,-0.002970693034434091,-5.1977029056412286e-05,122.01999035744211,-7,0,0
12:34:48:253,2.0046050312661645,1.5234986571274618,121.84149571158306,-0.10449908824729694,-0.011457303484558997,-0.0017088779761868906,121.86750824861137,-6,-1,0
12:34:48:375,2.0009685485818194,1.5409940886382194,121.9261033429869,-0.09903971070862097,-0.016012710059426925,0.00200290385402012,121.95225793038173,-6,-1,0
12:34:48:500,1.9916352692765429,1.545617603433036,121.80636390758812,-0.10604232113097485,-0.010942846152394199,-0.0019263129907047527,121.83244983669029,-6,-1,0
12:34:48:617,2.0230992457101036,1.522183142521614,121.99972619960542,-0.1294816927272458,-0.014620093562851596,0.000635494179004576,122.02599380810655,-7,-1,0
12:34:48:746,2.001826888008474,1.5530565188525753,121.98294827943663,-0.06599147729777066,-0.004886194500489502,-0.0019962825653934784,122.00925770770026,-4,0,0
12:34:48:886,1.9759949389802802,1.5190945414436927,122.0161332993085,-0.09871651756012656,-0.0028793137428804695,-0.002203126764223501,122.04158713135183,-6,0,0
12:34:48:994,1.967842163049416,1.549176567325048,121.86203918865807,-0.08490484988023483,-0.008635818567418636,-0.001060518093389447,121.88777192989237,-5,0,0
12:34:49:113,1.9833953516296101,1.557497002427141,121.90595698496041,-0.0743582046758495,-0.013307232128199436,-0.0026421463863255243,121.93203845770992,-4,-1,0
12:34:49:235,2.025001895491781,1.540794387090196,121.87477188205852,-0.08050214525902771,-0.019489169082282157,-0.0010815171530035924,121.90133182752285,-5,-1,0
12:34:49:361,2.0029487048824737,1.5672029315455334,121.8606209991148,-0.07624931298164894,-0.007653972620569812,-0.0009491910302953189,121.88715633253955,-4,0,0
12:34:49:481,1.9951926066850874,1.5222527539351836,121.93170486352264,-0.09144757344368837,-0.010838422386327132,-6.15278308419361e-05,121.95752825434691,-5,-1,0
12:34:49:607,1.9659675342815148,1.5489735954902217,121.85454815458631,-0.08522252751170084,0.007690263317000118,-0.000385930260624841,121.88024964490255,-5,0,0
12:34:49:727,2.01729297169099,1.5300129021398634,121.90963473509848,-0.1150015737889293,-0.02478626388009823,-0.001083830346365437,121.93592354863875,-7,-1,0
12:34:49:852,2.014458490774284,1.5231403707364768,121.77908354022054,-0.10348582431337416,-0.01005418786596169,-0.0016526773933164072,121.80526748665689,-6,-1,0
12:34:49:977,1.9897131341995493,1.5296443240592716,122.11797289418287,-0.06891147783236642,-0.0007449060861224204,-0.0002721449000567779,122.14375986475491,-4,0,0
12:34:50:095,1.9863371643809324,1.5337621225482945,122.12731975054959,-0.06340404705464776,0.0024389924487323265,-0.0012921556517421972,122.15310143844954,-4,0,0
12:34:50:224,2.0173823179851023,1.5267947889604372,121.8706231106356,-0.10079777256881642,-0.024697483673304627,-0.0006804760793897257,121.89688146593048,-6,-1,0
12:34:50:343,2.004118637641845,1.5506950202758405,121.75096227341434,-0.11484598570905867,-0.0008061453377090085,-0.0040689535549651035,121.77732942162106,-7,0,0
12:34:50:469,2.007601843289666,1.5277816737946914,122.01823398803717,-0.10348562511195003,-0.011026102450797116,-0.001046865821392616,122.0443116559037,-6,-1,0
12:34:50:590,1.9914319873218729,1.5828594709639807,121.97941646499336,-0.057510125854093264,0.007804805575794039,-0.0011350888749085235,122.00593955461858,-3,0,0
12:34:50:712,2.0078354076651523,1.6269745141732432,122.1497550338484,-0.00232138200876609,0.0066805677616709365,-0.0010121724242316053,122.17708911217035,0,0,0
12:34:50:880,1.995401193107446,1.566307926194578,122.0026017022805,-0.08162656640378801,0.002906626053845344,-0.0015838151587790224,122.02897102150133,-5,0,0
12:34:50:998,1.979702408456562,1.537941867432618,121.83081431936164,-0.08339178727389997,0.01784599395874849,-0.0016683738414273968,121.8566034506642,-5,1,0
12:34:51:119,2.02132311443172,1.6022349742733166,121.98784158397415,-0.031041214789630227,-0.012005147497053328,-0.001163992754975517,122.01510725464487,-2,-1,0
12:34:51:330,1.9969775385924626,1.59245860476145,122.06150699439966,-0.014122068510222949,-0.00986542435928303,-0.001164702912454397,122.08822766115249,-1,-1,0
12:34:51:449,1.9823637846981923,1.4886419952072472,121.82231888889241,-0.1207656535202006,0.0007757357430010856,-0.0010542994021363933,121.8475408066645,-7,0,0
12:34:51:572,2.008236487454884,1.5491303338352858,122.018325963307,-0.08969245838758141,-0.011536311570652777,-0.0013189866765837817,122.04468316755381,-5,-1,0
12:34:51:696,2.0055333078980326,1.5661745538514686,121.94106289574596,-0.08005438123898995,-0.022074518811340885,7.439181651236556e-05,121.96760999022032,-5,-1,0
12:34:51:862,1.9985686860519036,1.5450611751394965,121.84327641066999,-0.09060627147202517,0.011095848051478004,-0.00038024206144102223,121.86946088875064,-5,1,0
12:34:51:982,1.996340465410816,1.554550486485438,122.20501976652525,-0.08731750781532871,-0.007388971793220317,-0.0005799818449568277,122.23121065671278,-5,0,0
12:34:52:107,2.013414858375292,1.5494337961398943,121.81528418947529,-0.10095005288325032,-0.020385626887486213,0.00012183241710613565,121.8417746367935,-6,-1,0
12:34:52:269,2.001672651359151,1.5514114443456182,121.92708548330738,-0.08375653372095544,-0.004279589586158197,8.964197303296482e-05,121.95338349273705,-5,0,0
12:34:52:394,2.023405154211619,1.5486639307350276,121.9567683030859,-0.10595274422905128,-0.01536009653056035,0.0003006443762768444,121.98338355415883,-6,-1,0
12:34:52:517,2.0097940607072498,1.53754770675158,121.88062794160219,-0.12070095789314869,-0.0017083278472494678,-0.00027074203966445394,121.90689395008081,-7,0,0
12:34:52:638,2.017511607474372,1.548401984417948,121.97955488332381,-0.10726473132945302,-0.008420570707101666,-0.00021018728953356704,122.00606423996084,-6,0,0
12:34:52:765,1.96960413980881,1.5018450682405193,121.73041154139084,-0.11592131974483698,-0.0009603766103398248,-0.0020908700075725666,121.75560756331895,-7,0,0
12:34:52:887,1.9998915593019737,1.5557369957297658,121.96341454854179,-0.09579921011838743,-0.003495997764569842,-0.0019867673130309306,121.98973060134327,-5,0,0
12:34:53:009,2.022389397272026,1.5877645943120124,121.9632805466681,-0.08397542609492079,-0.02889707413504805,-0.0014192430803733527,121.99038018215379,-5,-2,0
12:34:53:134,1.9917739965078571,1.5326397217041838,121.82036490849556,-0.1263886218901438,-0.02213187211422992,0.001609048568751407,121.8462861748717,-7,-1,0
12:34:53:255,1.9902884192330268,1.5515471926024589,121.95683119065554,-0.06732816959691004,-0.018554662709328158,-0.0008607165392973472,121.98293823624948,-4,-1,0
12:34:53:380,2.027432384207905,1.574040685594835,121.98733243776125,-0.07015788911935983,-0.005851260819728614,-0.0009004958896269479,122.01433260659716,-4,0,0
12:34:53:499,1.9687787743951732,1.6146069006125146,121.86929096018858,-0.01139007972251701,0.004753821192933601,-0.001443124860971043,121.89588641313995,-1,0,0
12:34:53:624,1.9730871160181853,1.5397289602985869,122.0246931183839,-0.08602436026876473,0.0012539663911013757,-0.0018363101667425393,122.05035669212255,-5,0,0
12:34:53:743,1.9966161836736427,1.5687280607949734,122.16385555756726,-0.10024120661176947,0.005808227601635863,-3.718111211406124e-05,122.19024097121581,-6,0,0
12:34:53:869,2.02053255873012,1.540954653679098,122.17425876296576,-0.10647012647001339,-0.007520258899025009,0.0008013524058949323,122.20068165663275,-6,0,0
12:34:53:992,2.0040303305532094,1.5889036135619072,122.00866584254376,-0.03359921083430496,0.008234252413636187,-0.0007916370200512405,122.03546735657005,-2,0,0
12:34:54:155,2.0216102030532164,1.5623079641307833,121.84991577542083,-0.10060146541593554,-0.03098799043380796,-0.0016033440535375943,121.87669871006938,-6,-2,0
12:34:54:277,1.966831619501198,1.5629314488493757,121.88056433563443,-0.08315142437018036,0.021474496149844934,3.704416284679477e-05,121.90645243015645,-5,1,0
12:34:54:404,1.9649441840011361,1.5794761151484,121.9770611251157,-0.062137966210921276,0.009493243422648517,-0.002543469020811187,122.00311139952446,-4,1,0
12:34:54:524,1.9943538401255136,1.558491585452423,121.99932767162112,-0.05881685769045422,0.004139407812534147,-0.0019486243880131866,122.02558049683323,-3,0,0
12:34:54:650,1.9630685676884971,1.5440906710662028,121.94850643233335,-0.09483925979368839,-0.0018220334953597504,-0.0009816483762509233,121.97407952216228,-5,0,0
12:34:54:769,2.017814608965254,1.5673563203792684,121.97853184846008,-0.07928122501892902,-0.008243963045899883,-4.9815533455048937e-05,122.00528846544718,-5,0,0
12:34:54:898,1.9849315827338987,1.4778758470597668,121.7011207449556,-0.1337154434786699,-0.0042170621875005495,-0.0002843566974692678,121.72627843233244,-8,0,0
12:34:55:019,1.9810501353012426,1.5207127536158598,121.80088223724569,-0.1257362912790532,0.0018998214944877356,-0.0010226987972131593,121.82648333055083,-7,0,0
12:34:55:144,2.016658550973958,1.5095650396601303,121.88722143650118,-0.12735838672925462,-0.009500589918932996,-6.677445361872176e-05,121.913249681201,-7,-1,0
12:34:55:274,1.9961899352456929,1.5410122230522507,121.740029945693,-0.07623677893157457,-0.0030567561989881926,-0.0019360534225248802,121.766146297349,-4,0,0
12:34:55:391,1.966102712933518,1.6120806330544004,121.85252121132658,-0.08007768086702516,0.005368773252483138,-0.002857154928445613,121.8790436843105,-5,0,0
12:34:55:512,1.9634850544622204,1.5469722554070586,121.80967614375486,-0.0869134712251088,0.01154156134858989,0.0013304803339799377,121.83532163935276,-5,1,0
12:34:55:645,2.0027771631196574,1.5543836793468373,122.16616436099875,-0.06915231506628926,-0.0014294277298934897,-0.0005015700637519653,122.1924667877128,-4,0,0
12:34:55:802,1.9656932043495714,1.564650700730124,121.71780898740072,-0.07592496922625273,0.005470335061730702,-0.0006187454419611324,121.743735388242,-4,0,0
12:34:55:923,2.0061737481393096,1.5834962053280115,121.89097954275398,-0.05424119483989935,-0.011748807767615718,-0.002494057913628495,121.91777182688372,-3,-1,0
12:34:56:046,1.9648638631582434,1.5538631190655023,121.77147846477013,-0.12879399883130685,-0.008879135128476353,-0.002018820029272838,121.79724195600453,-7,-1,0
12:34:56:165,2.006455836000399,1.548498997589372,122.03411775026616,-0.07380525079431384,-0.00818405941236271,-0.00043305836056197015,122.06043424981407,-4,0,0
12:34:56:388,1.9631711378996834,1.5340141517192791,121.94031452835381,-0.09222873533191364,-0.0014144582072383623,-0.0003305637491127021,121.96576383398832,-5,0,0
12:34:56:558,1.9919138697154095,1.5409490775252173,122.16276723202755,-0.08839402565810002,-0.017543637523736826,-0.0010466486797242219,122.18872264947545,-5,-1,0
12:34:56:719,1.9816426197527048,1.540709505139336,121.85104225023031,-0.11486627969637396,0.0022588597979354866,-0.0011029973552815966,121.87689358823951,-7,0,0
12:34:56:883,1.980186029079878,1.5300615219633462,122.04965926273951,-0.10096557070584458,0.008834784380376938,-9.354636487512302e-05,122.07531098105616,-6,1,0
12:34:57:041,1.9903631542390283,1.5517573120714847,121.7480420953199,-0.0782135760693895,-0.009452142800243974,-0.0014480539980366205,121.77419780185419,-4,-1,0
12:34:57:161,1.9875111784902217,1.6048861334844278,121.92207792252923,-0.009875904798896168,0.0112483866068333,-0.0017155658817319195,121.94883740787922,-1,1,0
12:34:57:296,2.003715749327444,1.5237921095552907,121.94626328452786,-0.07260736733336592,-0.006148962777575763,2.6359490296279253e-05,121.9722425318836,-4,0,0
12:34:57:449,1.9745493385134807,1.5655824473545223,121.93148803738478,-0.08070774823690106,-0.01675320966506467,-0.0027564256433542174,121.95752403398733,-5,-1,0
12:34:57:573,1.957195070359447,1.5188870950701137,121.6930431531912,-0.14395727268973577,-0.0024921665812567243,-0.002901263699095034,121.71825821311882,-8,0,0
12:34:57:681,1.9713255197000261,1.6269239590324447,121.78886552671845,0.06746994833282835,0.013914380260314258,-0.001909447146920746,121.81568360501946,4,1,0
12:34:57:810,1.981053630082985,1.5599456291471,121.70146734360861,-0.08215659943165615,-0.00019977102570107775,-0.002143554714308369,121.72758585233913,-5,0,0
12:34:57:927,1.9807838294636064,1.5900461834609578,122.08743908937534,-0.01798099246951902,0.007323315717301304,-0.002809706989066429,122.11385889753274,-1,0,0
12:34:58:054,2.0096861571582685,1.5754573240280736,121.99850296248802,-0.06846111971207706,0.00100430534970019,-0.001015823688793516,122.0252253811412,-4,0,0
12:34:58:173,1.9761992015417906,1.5594805374248606,122.0046180799411,-0.057584588686896865,0.011288952034594757,-0.0020652718739283885,122.0305870495716,-3,1,0
12:34:58:299,1.9998005707003275,1.5335206640859032,121.91356993190466,-0.10966909696955578,-0.004503865789301702,-0.001884997064221059,121.93961383197488,-6,0,0
12:34:58:423,1.9673154779957664,1.5346441774560937,121.69335841513501,-0.10140052634491357,0.0017376126348241198,-0.001722035512594313,121.71893421031862,-6,0,0
12:34:58:540,2.0019271939680086,1.5252547331430149,122.03191340736885,-0.10784773793226991,-0.002486997911162278,0.0005422273123664099,122.05786334503195,-6,0,0
12:34:58:664,1.9924088200458796,1.53689479058272,121.89987135049509,-0.08677573837007278,0.0036344263597379036,-0.002569320711557754,121.92583964759386,-5,0,0
12:34:58:788,1.9730934697852245,1.5394666587479886,122.18964874404419,-0.091295259721739,0.004838836749845388,-0.0011537678239596726,122.21527447756604,-5,0,0
12:34:58:909,1.9900297313942665,1.5672699986615273,121.7599970609511,-0.09031635824409016,0.0045023659065448335,-0.00152741095438458,121.78634339638971,-5,0,0
12:34:59:042,1.9829844405726451,1.559830229890042,122.16606146049979,-0.07846350140481403,-0.0069770221640359795,-0.0013584303536185607,122.19211050803666,-4,0,0
12:34:59:160,2.019653128765888,1.5419622773547539,121.80441020551291,-0.09397690599102161,-0.014502596783177904,-0.0007357981403769934,121.83091147955093,-5,-1,0
12:34:59:286,2.0132316399099284,1.543085261145545,121.86345690225905,-0.12982241422793644,-0.007508147835306609,-0.0014897467614014882,121.88985331818168,-7,0,0
12:34:59:404,1.9816426197527048,1.540709505139336,121.85104225023031,-0.11486627969637396,0.0022588597979354866,-0.0011029973552815966,121.87689358823951,-7,0,0
12:34:59:526,2.0076308344938094,1.5421975342880048,121.66201936571838,-0.12537589245912523,-0.00332375385300495,-0.00022545127180041406,121.68835569168813,-7,0,0
12:34:59:674,1.9796901908169995,1.5411483779733983,122.03321847672294,-0.08425628384137421,0.007645634730715314,-0.0018312499046227464,122.05900508918684,-5,0,0
12:34:59:812,2.002957463192714,1.567101252813878,122.1580984498507,-0.05106162292237476,-0.0007800953533024954,0.00013025742470636437,122.18456801830314,-3,0,0
12:34:59:937,1.9685450008246068,1.5658946159654095,121.94286050446036,-0.11583912890645658,-0.007529981440785096,0.000335449037317218,121.9688010246016,-7,0,0
12:35:00:149,1.981428649701274,1.6073840454284043,122.15747955033459,-0.028488415767069144,-0.01790636129553808,-0.0011588718576100274,122.18412152589127,-2,-1,0
12:35:00:266,1.9801456546261444,1.508355673060675,121.88534250358387,-0.1288988800632898,0.005044412534776045,-0.0005312702540286295,121.9107576502826,-7,0,0
12:35:00:388,1.9775951614736613,1.5237029614159805,121.75736566904085,-0.1197476841333832,-0.0073677776026981725,0.0005447848423976893,121.78295713276896,-7,0,0
12:35:00:512,1.967203295668855,1.532333183663118,121.77891525151793,-0.1252474838305595,0.0054723854781992196,0.0008738200646244114,121.80444217526974,-7,0,0
12:35:00:678,2.0057337174213914,1.6154305613342137,121.98985623130568,-0.0134552420832814,0.00692481900745293,2.4900722027559844e-05,122.01703818310918,-1,0,0
12:35:00:804,1.9775091469992563,1.5286078317040235,122.00539590614343,-0.08462827102116124,-0.004508703205203704,-0.002098243043901847,122.03099530260504,-5,0,0
12:35:00:922,2.0135751102915123,1.4918250951427146,121.83464985569249,-0.1346062002110297,-0.008593906426852602,-0.0014563120603034649,121.860419875768,-8,0,0
12:35:01:047,1.9660366777519773,1.6376637100674893,121.95340956983298,0.0011899629266940322,-0.004692851242429781,-0.00243252187841706,121.98024982903162,0,0,0
12:35:01:173,1.9663195880516728,1.550299733252288,122.00425609021153,-0.10516995225031679,0.008190247348495112,-0.0022117288739211573,122.02994856227382,-6,0,0
12:35:01:290,2.0045800382031613,1.5609461603162438,122.01358770018139,-0.08958735495608112,-0.008862353823063291,-0.0027751922299044437,122.04003637132702,-5,-1,0
12:35:01:412,2.001985878886015,1.5006248016525094,121.72421704371375,-0.11780339132287661,-0.009720767319717823,-0.0006582388649138265,121.74992746264667,-7,-1,0
12:35:01:578,1.9814674026552337,1.608138074072066,121.78416392986827,-0.0020661985724719028,0.002262834984862875,-0.0017225687640513418,121.81089813818012,0,0,0
12:35:01:697,1.9849175039298461,1.5255915753762406,121.7776260285203,-0.13574655191775517,-0.004522412145239084,-0.0022334630237060603,121.80335598124714,-8,0,0
12:35:01:864,1.9931294869146798,1.5665475477529078,122.03539475800194,-0.0485300583188885,-0.006338252073814964,-0.0008484336167814688,122.06172295241595,-3,0,0
12:35:01:986,1.9752529486119712,1.553783346403802,121.97741959810469,-0.04810348727015384,-0.0021511085693972083,-0.0025552212169184844,122.00330634335553,-3,0,0
12:35:02:111,1.9685661689425995,1.5878985246063122,122.21402424157367,-0.02411672892672694,0.01065492542031614,-0.0018889647417890594,122.24019140939656,-1,1,0
12:35:02:237,1.998448804793088,1.5862273909908113,122.03479452777137,-0.08829265988748286,-0.0006341332911328549,-0.002180995283357536,122.06146398596358,-5,0,0
12:35:02:356,1.9728438320945594,1.5367115162619194,121.69269663210468,-0.09835999353337394,-0.005661801305399875,-0.002662004611183786,121.71838812876018,-6,0,0
12:35:02:478,1.9853745577018702,1.6130090196674152,121.84858605345215,-0.013002380777883038,-0.012777774207982533,0.00024454856196614867,121.87543408520617,-1,-1,0
12:35:02:604,1.9912181103732751,1.5412584243875267,122.11156706236885,-0.0693183240862809,-0.016768275488673535,-0.0006814136287564649,122.13752591861859,-4,-1,0
12:35:02:725,1.9894983701730622,1.549841674367451,121.7987381635651,-0.13577272770130344,0.004910953519907364,-0.0016802067986506773,121.82484447442245,-8,0,0
12:35:02:854,2.003161578894863,1.5220847362170742,121.79359584812443,-0.12341490984725648,-0.010430739698754465,-0.001102515865641156,121.81957719460225,-7,-1,0
12:35:02:970,1.989096927348795,1.5510995217335457,121.93807625428452,-0.08451986609225347,0.009538308187525142,-0.0009450194581915222,121.96416218261993,-5,1,0
12:35:03:094,1.9700692925162642,1.5663643754721595,122.05940099636962,-0.017001253294883414,0.005777449347017994,-0.0023707704539312844,122.08534736800571,-1,0,0
12:35:03:219,1.9670079303577046,1.561067358721039,121.99236387069995,-0.08888470292576156,0.00891294649612549,-0.0005555713788663187,122.01820722440489,-5,1,0
12:35:03:477,1.997752142820834,1.5358820742586827,121.79016452034398,-0.10267002383322936,-0.016687775873173903,-0.0002845315763799802,121.81623094342818,-6,-1,0
12:35:03:606,1.9518643104050852,1.5005222635091051,121.99356740978169,-0.10793412907554925,0.012980489900390536,-0.00018178634078179173,122.01840775356179,-6,1,0
12:35:03:764,2.00240575519886,1.5800113240161866,121.89515170860167,-0.04267472305677868,0.006635085943159719,-0.0022042707810777944,121.92183592226411,-2,0,0
12:35:03:894,1.9774450582730476,1.563630346385094,121.92347400202168,-0.10076595571069864,0.010428687669763908,0.0007205182909905835,121.94953358475908,-6,1,0
12:35:04:138,1.994194408988046,1.5704024954447926,122.24666075301691,-0.08257429078551409,0.009190934508004674,-0.0013303965985468182,122.27301027046705,-5,1,0
12:35:04:301,1.969434563294838,1.5846479023955742,121.89135994721309,-0.03620974383906581,0.0034490952577331045,-0.002205297348349578,121.91756809932984,-2,0,0
12:35:04:423,1.9747059872566282,1.5984955454298104,121.8010266837478,0.0005553580448847974,-0.003522174176523411,-0.0022013809393569713,121.82752050731358,0,0,0
12:35:04:542,2.013482377161212,1.5696216228775115,122.0200252388848,-0.06046368608521023,-0.0026573148668569344,-0.0006943782651174055,122.0467303233488,-3,0,0
12:35:04:674,1.999502012469387,1.5287231326311221,122.07359516721672,-0.12180814368135147,-0.011715618185346197,0.002071678595590214,122.099539883505,-7,-1,0
12:35:04:827,1.99609567940758,1.5911353566733624,121.96231754098895,-0.013296772020099424,0.005009489506880713,0.0014289898603888284,121.98902823472947,-1,0,0
12:35:04:946,1.987181213453364,1.5492943722139711,121.80279897483659,-0.1186901043164255,0.008975033373434544,-0.0008693561466409597,121.82885963650538,-7,1,0
12:35:05:063,1.9944643948940852,1.5466128190220128,121.84775053748562,-0.07130705513358171,-0.012742823267817885,-0.0019534486064795306,121.87388649944577,-4,-1,0
12:35:05:189,1.9820764249766014,1.5236013453007005,121.78329688214586,-0.10266943054355447,0.0005483985387240605,-0.0011724699199793672,121.80895446353166,-6,0,0
12:35:05:307,1.9853793706326581,1.533696810652351,122.0136102656752,-0.07730061975533309,0.0027498786136264156,0.00024502128136581454,122.03939956922281,-4,0,0
12:35:05:430,1.9707389780585438,1.5196983810485765,121.91098622998322,-0.11256308625364786,0.014819471804048193,-0.002431008187140396,121.93638447508668,-6,1,0
12:35:05:556,1.9908695827601246,1.564112523372571,121.98869011980189,-0.0843672873122235,-0.005042977928929991,-0.0006138396238967296,122.01496025826661,-5,0,0
12:35:05:675,1.9832844963876661,1.6064237541690891,122.03400509861015,-0.026700179855759048,0.01753469284406532,-0.002126258665510217,122.06069152302545,-2,1,0
12:35:05:810,1.982605018053596,1.537582411939845,121.69713547976014,-0.13317705444902847,-0.0026891830681906124,-0.0017704977218301766,121.72299563480276,-8,0,0
12:35:05:924,1.993812916976785,1.546186844997207,121.95300041612545,-0.10967420394948484,0.004583172191848579,-0.0002566635228030114,121.97909777581994,-6,0,0
12:35:06:089,1.9943371460991919,1.5696770986398778,121.9803809026368,-0.09346464105017745,-0.010072904287362587,-0.0015300928652391642,122.00678092630207,-5,-1,0
12:35:06:217,1.9910662693930175,1.5240475115646877,121.75269897749648,-0.11904054016251557,-0.011514991706249493,-0.0018399742481438211,121.7785152398053,-7,-1,0
12:35:06:334,2.00894549506952,1.5320051903238459,121.7910010026162,-0.10802938710233088,-0.0029621160168140457,-0.000996376599839919,121.81720250902414,-6,0,0
12:35:06:499,1.9669197058052788,1.50549199343903,122.00123787260613,-0.10060251433157462,0.009146209819376442,-0.0002823421487559007,122.02637961408024,-6,1,0
12:35:06:624,2.004324192403116,1.5621013536256891,122.14158599358684,-0.09187526748968974,-0.006600471553344098,-0.0032488239667043035,122.1680175215102,-5,0,0
12:35:06:744,2.001947133061116,1.5219281123592723,121.75706473864098,-0.12263062373563136,-0.008635261650830053,-0.0003303608152082079,121.78303195138628,-7,0,0
12:35:06:865,1.9928036537356266,1.5194446498104301,122.0091427768437,-0.09801175539383697,-0.008665338286842926,-0.0021195445323838324,122.03487575109999,-6,-1,0
12:35:06:989,1.986895316273471,1.5827383628931209,121.98292686888676,-0.04123023487427253,-0.01464723847501275,-0.002010508077803953,122.00937366130267,-2,-1,0
12:35:07:115,1.9727328077493247,1.5270231910831473,121.87972575740969,-0.10041185899902379,0.014073565864380218,-0.00024897877491445965,121.9052542971724,-6,1,0
12:35:07:238,1.983814920905482,1.5345311502411605,121.68670387710748,-0.10138280172591767,-0.0037265514262972877,-0.001635726395158916,121.71254745492065,-6,0,0
12:35:07:354,1.966395683168476,1.5954651521873793,121.86352611028717,-0.053417526514454104,0.0074728822837308705,-0.0008083472903056044,121.88983229567292,-3,0,0
12:35:07:486,1.9954603100442831,1.5267224463242655,121.78805819330971,-0.11614439468501868,0.0124925078909363,-0.0013226883477865726,121.81397235856839,-7,1,0
12:35:07:605,1.9832406815576316,1.531258029810533,121.7427048353712,-0.108033135113108,-0.015097660791516034,-0.0006375877397705231,121.76848596984016,-6,-1,0
12:35:07:724,1.9835954719133224,1.5385458308597548,121.68046257252324,-0.11283652158532202,-0.002713321014538768,-0.00043307916624977106,121.7063545840277,-6,0,0
12:35:07:853,1.9916928382495924,1.511266939932926,121.83531353503403,-0.14122240901523628,-0.011191356911240043,-0.0017011334972045738,121.86096336524554,-8,-1,0
12:35:07:972,1.995836067284078,1.535192957843,121.93214760710579,-0.09007104503068213,0.00041203255684702173,-0.0021739357450335926,121.95814363586516,-5,0,0
12:35:08:100,1.9937142677995021,1.561122120124405,122.10345211485027,-0.05798628312216555,-0.006849561417135239,-0.001919820431094586,122.12970571166993,-3,0,0
12:35:08:260,1.984790857318756,1.5348781556337114,121.9600545036489,-0.10919953997826869,-0.012172787262601044,0.0003727679417015755,121.98586041108597,-6,-1,0
12:35:08:384,1.9948965512287555,1.5798038045605884,121.6625222812191,-0.06974344411873332,-0.01452767677417631,0.00013452216101473904,121.68913147910598,-4,-1,0
12:35:08:508,1.9981370002516294,1.5171856185683985,121.61807054376415,-0.1254046346469792,-0.0071950205364279375,-0.00027090618597688863,121.64394553968133,-7,0,0
12:35:08:627,1.9455456401402722,1.6340510865271007,122.04584058613669,-0.021974797143785026,0.03286969408130424,-0.0027277002555054983,122.07228381237053,-1,2,0
12:35:08:754,1.9939895744111233,1.5714022894672128,121.99287966391937,-0.09114413801223946,-0.01074155665938128,-0.0026328655138789184,122.01929350833709,-5,-1,0
12:35:08:973,1.9909381157209163,1.5642473169485445,121.83412223850483,-0.07966431557508329,0.004232315053265865,-0.0024378190308014178,121.86042854789306,-5,0,0
12:35:09:100,1.9840129850088923,1.5174746406754167,122.07531987993576,-0.08511994820100373,-0.011213778043004408,-0.0025992741467469396,122.10087125241333,-5,-1,0
12:35:09:262,1.9965773610892508,1.4972169847066623,121.74373558593736,-0.12375704711026536,-0.016518276950830885,0.00019297715724368324,121.76931113493555,-7,-1,0
12:35:09:379,2.006979660367921,1.5228503418999018,121.87277827382351,-0.08897609239294087,0.0016336399454497633,-0.0006850864973865281,121.89881510786519,-5,0,0
12:35:09:509,1.9961899352456929,1.5410122230522507,121.740029945693,-0.07623677893157457,-0.0030567561989881926,-0.0019360534225248802,121.766146297349,-4,0,0
12:35:09:666,1.9794254637445596,1.563422854274391,121.82873895503486,-0.06389767253974427,0.006208654475252487,0.00018199267457902956,121.85484828910919,-4,0,0
12:35:09:794,1.9749757123452336,1.5874315401614878,122.01191981019511,-0.03566201281557041,0.012856573383074344,-0.00224850792531134,122.03822779657419,-2,1,0
12:35:09:910,1.9820086823399987,1.5403831489388977,121.64394455022807,-0.12728480325731364,-0.0011435431997148344,0.00014634936582855405,121.66984172095141,-7,0,0
12:35:10:045,2.0020391836227547,1.5739794311174644,122.03369974854593,-0.05479274116073546,-0.016977360523709257,-0.0011901506198818816,122.06026972959137,-3,-1,0
12:35:10:199,2.015852555008511,1.54634118133963,121.93493799953183,-0.057278740163288676,-0.022198406127053625,-0.002401222857024839,121.96140347471535,-3,-1,0
12:35:10:320,1.985345370217164,1.5076519704615576,121.9701748042657,-0.09663770988959132,0.017054281754861095,0.0018490485759157598,121.99564808830768,-6,1,0
12:35:10:452,1.9812304139460049,1.5689445867882303,121.94268922524215,-0.07602408842062608,-0.008118402151762493,-0.000411207040070617,121.9688743760208,-4,0,0
12:35:10:615,1.9889509274856099,1.549983229652661,121.68422412144504,-0.09627236281374896,-0.02305171987012978,-0.0011338951354423045,121.7103478503049,-6,-1,0
12:35:10:766,1.9753961654900385,1.4783919638980996,121.6449189592194,-0.149729829767874,-0.007427928619147804,0.0005642586554931975,121.66993934988464,-9,0,0
12:35:10:884,1.9866083341430054,1.523748506172389,122.01410058818176,-0.10933873118186188,-0.0016863859651444553,-0.00244473331394782,122.03978517076423,-6,0,0
12:35:11:011,1.9731162218940452,1.5360431419011493,121.87305452402965,-0.14096247162914693,0.012148706485270649,-0.001244655063791872,121.89870399301212,-8,1,0
12:35:11:128,2.0148784830471334,1.5771589494655585,122.22526054561446,-0.07249465367197147,-0.014340709552173592,-0.0005733065556961216,122.25204080544695,-4,-1,0
12:35:11:254,1.9995485597386045,1.5407555778184514,121.84504790792298,-0.11458816742818825,-0.00401591319711387,-0.00022601769953443034,121.87119356877315,-7,0,0
12:35:11:378,1.967715956864188,1.5560892411997178,121.78343550249083,-0.10771919120170315,0.005151086538751239,0.000750264153919935,121.80927092222012,-6,0,0
12:35:11:499,1.9994154519093463,1.6029533455209235,121.89191061144203,-0.011608235859471334,-0.01583960241735352,-0.0014692603404667477,121.91884593484727,-1,-1,0
12:35:11:624,1.9984503320060034,1.6432262025716264,122.01484591012446,0.022299808804212222,0.0017160319029490962,-0.0008897739715899457,122.04227389947194,1,0,0
12:35:11:743,1.9760892486934858,1.5649244951933656,121.9831050286594,-0.10032328755496843,-0.0021830378061631545,-0.0007592814068255627,122.00914650069235,-6,0,0
12:35:11:872,1.9641915014060687,1.5508078956976392,122.20053017696343,-0.09221865775275373,0.002069098618855919,-0.0003581548015162457,122.22615362071451,-5,0,0
12:35:11:992,1.9824331276417118,1.5651413616390584,122.23415017729337,-0.07276224738127333,0.009219956480847585,-0.000733464434968291,122.2602436532522,-4,1,0
12:35:12:115,2.006721576272133,1.5715083528095208,122.08677222266031,-0.07660866737006033,-0.021425056252318688,-0.0005485900781287707,122.11337568724963,-4,-1,0
12:35:12:237,1.9953250584767874,1.534192452906271,121.96152568215145,-0.10998261698275637,0.000700425638630282,-0.002683907501707708,121.98749450369749,-6,0,0
12:35:12:361,1.9782645876307863,1.5334547817207755,121.78489846185171,-0.12376813783663317,0.0056193408064312,-3.7816311630516116e-05,121.81061738497917,-7,0,0
12:35:12:486,1.9588633685441452,1.560844860846718,121.9288528643889,-0.05351571259351531,0.002658495833698138,-0.0017737053480866242,121.95457573704257,-3,0,0
12:35:12:606,1.9928699305693214,1.5142944330067574,122.04365162737929,-0.10653730559786562,-0.019917310281810527,0.00033784649649529354,122.0693144108507,-6,-1,0
12:35:12:727,1.971359436835385,1.5089069078131994,121.86483470008315,-0.12744908064655308,-0.014424087314618365,-0.001538709175958462,121.8901185271564,-7,-1,0
12:35:12:896,1.9882800428988814,1.5627920471248777,122.0757778959523,-0.0887140989785703,0.0148564454146708,0.0007833650495928253,122.10197019464273,-5,1,0
12:35:13:016,1.9619919793251748,1.5830061845056842,122.00262423872721,-0.07470629650079287,-0.011704838951209103,0.0003377532305613373,122.0286672968413,-4,-1,0
12:35:13:138,1.9507350972674498,1.5399296650025358,121.90433939436403,-0.08251606809790163,-0.001976521603670468,-0.0011081822250448106,121.92967117961551,-5,0,0
12:35:13:259,2.0215115084966055,1.536973035914991,122.03995987483779,-0.09082894698745346,-0.013094601398906539,-0.0017199887753559678,122.06637784887423,-5,-1,0
12:35:13:386,1.9736921616055614,1.5232279609116146,121.8931765055461,-0.14275356771604725,-0.0016160233810488332,-0.00046683035054522295,121.91867027974797,-8,0,0
12:35:13:512,1.9872452816173385,1.5953500466240746,122.0517965189623,-0.042175481987846326,-0.012351543614591851,-0.00040430754987135897,122.07839824918555,-2,-1,0
12:35:13:631,2.0176643799066816,1.5631013997061034,121.73422854512883,-0.09586857155414208,-0.013918333920038106,-0.001024277210775006,121.76098166084802,-5,-1,0
12:35:13:755,1.962399050420898,1.529783288797858,121.80311435681254,-0.11194269861237849,0.009652615449114001,-0.001331231778722787,121.82852668387044,-6,1,0
12:35:13:877,1.9946823886745528,1.5756927439444557,121.87195833334779,-0.04792659378970005,-0.012164883908115052,-0.00210433133835837,121.89846509886935,-3,-1,0
12:35:13:999,1.9904121211549175,1.5492496156199071,122.0450774950945,-0.0731954791758503,0.009995067971369764,-0.0012214919759651805,122.07113850360847,-4,1,0
12:35:14:125,1.9868618034491332,1.4795569258757313,121.86964007654466,-0.11760816429060732,-0.002848765499246525,-0.00044647564650018596,121.8948148237219,-7,0,0
12:35:14:245,1.9507507081731268,1.5459338368594602,122.08493234170386,-0.09639683990038987,0.0146267305716089,-0.0015375311255338025,122.11030277839701,-6,1,0
12:35:14:372,1.9952261257359205,1.547521055507609,122.06212277984248,-0.04249740149960226,-0.009372280144795103,-0.0021722490069717828,122.08823680531798,-2,-1,0
12:35:14:492,1.9896429177839687,1.5028030539522763,121.68364189892993,-0.11316964430212217,-0.010499321796774637,-0.0013989035297195924,121.70918536308702,-6,-1,0
12:35:14:613,1.9649441840011361,1.5794761151484,121.9770611251157,-0.062137966210921276,0.009493243422648517,-0.002543469020811187,122.00311139952446,-4,1,0
12:35:14:737,2.0067209234145054,1.587943765534754,121.8557422181954,-0.06372579451465046,-0.011500940548347716,-0.0004657535791582399,121.88260911965357,-4,-1,0
12:35:14:860,2.0056840642321627,1.526702806303575,121.89386811988466,-0.1194977483152867,-0.02459712214424945,-0.0001536953315102228,121.91992730990337,-7,-1,0
12:35:14:986,1.9694184470380154,1.5660640446149066,121.92807686178321,-0.06292358830793675,-0.009009147702754457,-0.0011349805674843421,121.95403680413487,-4,-1,0
12:35:15:106,1.996607975457543,1.5483962633813106,121.80475325719195,-0.10190081313352443,-0.017713941309486655,-0.0028780750121530307,121.83095620753178,-6,-1,0
12:35:15:235,1.9946984548105653,1.5492994589055893,122.09584278447998,-0.09178981297509956,0.020265378328097678,-0.0006026036412412412,122.12196352823452,-5,1,0
12:35:15:358,1.9825355585734823,1.579098500647762,121.83180646222458,-0.05885542346204083,-0.011236384532925657,-0.00024215777554528002,121.85816782294367,-3,-1,0
12:35:15:480,1.9875341446713473,1.5858121768681206,122.2115781649137,-0.02685537249487251,0.002777276493535163,-0.0017450476823166119,122.23802571129553,-2,0,0
12:35:15:646,1.9676201256596133,1.5292235744037368,121.78156637865514,-0.1121163140709177,-0.00998797375738206,-0.00034421063832781195,121.80706040020095,-6,-1,0
12:35:15:763,1.995201494871109,1.5067566093752893,121.92160812794765,-0.132650932695912,0.0015179692871380701,-0.0007447137834595879,121.94724135047034,-8,0,0
12:35:15:926,2.006405802893684,1.5355983571923413,121.76806983245342,-0.10216706931104153,-0.0013432589249110015,-0.002186653402577884,121.79427965746893,-6,0,0
12:35:16:053,1.9919263464671746,1.5067719796316874,121.709099431098,-0.14455877887098414,-0.014456831725364407,-0.002149444341577852,121.73472395622069,-8,-1,0
12:35:16:174,2.0397933100648626,1.569808505488784,122.12838716952002,-0.04657743879888571,-0.01778057857013561,-0.0017342300052993252,122.1555074817336,-3,-1,0
12:35:16:298,1.9840215608964649,1.5213908171751904,121.84841816798689,-0.10779726676556944,-0.00021686499928673164,-0.0008363443968551249,121.87406607483516,-6,0,0
12:35:16:421,1.9816268464845608,1.5769608409833862,122.0619208964005,-0.05125714119028942,-0.007487371388696828,-0.0020145220081393364,122.0881901879614,-3,0,0
12:35:16:546,1.9828910602489556,1.5845498582035773,122.19570606606021,-0.061095096976847466,-0.006101623027912301,-0.00147975917057228,122.22206525907232,-4,0,0
12:35:16:667,2.00518735561015,1.5452702647403613,122.24216596727491,-0.06713354090790392,-0.015236877137468586,0.000962843713942188,122.26837602950722,-4,-1,0
12:35:16:790,1.9983144342379708,1.5899980503007884,121.88120042420792,-0.028746087698090284,-0.0010694456324502237,-0.0007873595480333952,121.90795040203072,-2,0,0
12:35:16:936,1.9824051706598858,1.605742361309023,121.7918955555826,-0.005415389747734165,0.0021401598704916328,-0.0007449883445678208,121.81861172174597,0,0,0
12:35:17:077,1.98561728467157,1.5371087956917477,122.16563751873015,-0.09404897749365802,-0.009289006166994886,-9.742606091282554e-05,122.19144147528806,-5,-1,0
12:35:17:221,1.9961899352456929,1.5410122230522507,121.740029945693,-0.07623677893157457,-0.0030567561989881926,-0.0019360534225248802,121.766146297349,-4,0,0
12:35:17:363,2.0073454145645675,1.5239702629257745,121.8147128494609,-0.12119423556626195,-0.001792755470967289,-0.0020487795051110274,121.84078211983159,-7,0,0
12:35:17:488,1.9944124215131918,1.5527879593430005,122.16939718534974,-0.08861290833309898,-0.017466657579626368,0.0018355338081401291,122.19554181714449,-5,-1,0
12:35:17:608,2.0177868309928897,1.539668511432733,121.82775274992902,-0.1157340345186199,-0.01180234944761659,-0.0001239266809236485,121.85418902490905,-7,-1,0
12:35:17:734,2.0121172633849382,1.5446281804343753,121.9276333454377,-0.0938847417132533,-0.017697436332807955,-0.0012429304516585178,121.95401701181021,-5,-1,0
12:35:17:855,1.9893013609566463,1.5122259183196425,122.09728557799481,-0.11133277173366843,-0.014211881947775794,0.0009996751653412743,122.12285327753835,-6,-1,0
12:35:17:974,1.9728475479170078,1.531276787864094,121.69109371247647,-0.12423931939014826,-0.004622187415413896,-0.001057602647520747,121.716717113908,-7,0,0
12:35:18:102,2.0024988217325146,1.5947277217134024,121.87489819374427,-0.038392735557940434,-0.019830188666689626,-0.0010752996126506974,121.90178000247975,-2,-1,0
12:35:18:224,1.9956378188047348,1.5529538814195971,122.08780987552701,-0.1036429577722091,0.003931218507295141,-0.0016180649367165433,122.11399410495298,-6,0,0
12:35:18:386,1.9896758252642237,1.5368179161128317,121.85742440420299,-0.08565867688266368,-0.022628846541937177,-0.0034733951359807685,121.88335613045356,-5,-1,0
12:35:18:511,1.9789772254869085,1.5363634487813667,121.97684706480277,-0.10721122923429066,0.007563778542288891,-0.0011272538914644259,122.00257367521404,-6,0,0
12:35:18:633,2.007642466260079,1.5621101981770709,122.29752958253322,-0.06190370600662353,0.007079944632307083,-0.0030300685184213054,122.3239819435836,-4,0,0
12:35:18:760,1.9670311773081888,1.540021849647552,122.0313340222951,-0.0857792139531984,0.009355802853129022,-0.00092755781991137,122.05690214900119,-5,1,0
12:35:18:878,1.9618070567731036,1.5676503119953864,121.99643802036938,-0.09673972001873543,0.001105178387705687,-0.000317335882738295,122.02228117883443,-6,0,0
12:35:19:005,1.993496498913254,1.606685515052384,122.03026065514742,-0.026257585829992287,0.006027545223900538,-0.0020208653071403576,122.05711770396135,-2,0,0
12:35:19:123,2.0058116878329013,1.5271491932349295,121.72718765787339,-0.13189707378140605,0.01301409286717414,-0.0013227062155389884,121.75329022363448,-8,1,0
12:35:19:245,1.9951305991237596,1.526081613669238,121.72683614314083,-0.09746715272967586,-0.016814725936525766,-0.002426151166750701,121.75274990166832,-6,-1,0
12:35:19:378,1.9873486558713311,1.5909788955149315,122.08809064121469,-0.016757814849980124,0.014191174637412565,-0.0018844162358071764,122.11462911929685,-1,1,0
12:35:19:494,1.9782435381971573,1.5686477274733601,122.01876595344947,-0.06173879097917547,-0.0034656329500273916,-0.0008257843059601053,122.04488251455695,-4,0,0
12:35:19:616,2.0008883743455597,1.5662365242218024,121.99659569590442,-0.09893368074097583,-0.01640554976301477,-0.00015067895983814227,122.02305524992546,-6,-1,0
12:35:19:742,2.003161578894863,1.5220847362170742,121.79359584812443,-0.12341490984725648,-0.010430739698754465,-0.001102515865641156,121.81957719460225,-7,-1,0
12:35:19:861,1.9986800409365841,1.5216282851583347,121.80655637511506,-0.10671245213490277,-0.019408735127712753,-0.0018186148502167814,121.8324556532795,-6,-1,0
12:35:19:987,1.9867336304139567,1.6341735320578563,121.66842854408594,0.003776445865313828,-0.006678310796026652,-0.0030918927405516575,121.6956208663173,0,0,0
12:35:20:107,1.968655006609279,1.5580246674407165,121.87470335446018,-0.07281068816299407,-0.008513039920347375,-0.0004687902917572876,121.90055931429137,-4,0,0
12:35:20:232,2.01600659274367,1.611128984477033,121.86392456557208,-0.0002118902681035156,-0.009417704607665838,-0.0031087254241842937,121.89124714149925,0,-1,0
12:35:20:357,1.9944643948940852,1.5466128190220128,121.84775053748562,-0.07130705513358171,-0.012742823267817885,-0.0019534486064795306,121.87388649944577,-4,-1,0
12:35:20:475,2.023747202895885,1.5602527392908394,121.98003017472712,-0.08974700717853006,-0.0018924793005086866,-0.0006100613237213029,122.00679367469269,-5,0,0
12:35:20:605,2.0002265981485223,1.5300594225069293,122.03997727410263,-0.08318800949605094,-0.0022884055160545436,-0.0018989660665374012,122.06595774966839,-5,0,0
12:35:20:725,2.006998069714448,1.5631802418264622,122.07255650310283,-0.08812334626534771,0.0050494635785097546,-0.0010251073015797435,122.09906070450954,-5,0,0
12:35:20:848,1.9833355176485332,1.5557497047479099,121.8621683340473,-0.09283938105066014,0.0025055654158924394,0.0008896137385593631,121.88823588843621,-5,0,0
12:35:20:971,1.9916570612686295,1.5622324081382895,121.9382596120472,-0.06859983844004365,0.005335977007468439,-0.002715908587676387,121.96452937293597,-4,0,0
12:35:21:176,2.0257160340941507,1.5235500904837227,122.01167523670794,-0.10957310303248562,-0.0024054611649499806,0.0009708729606670897,122.0380007391013,-6,0,0
12:35:21:296,1.9867872821703545,1.5603216450122046,121.888986155582,-0.1044102651994621,-0.001983778174835261,-0.00019982723287145446,121.91516260652794,-6,0,0
12:35:21:421,1.9825118832572055,1.5968600020180659,121.86125495463143,-0.05139713752182762,0.0034738139071787016,5.171143143701726e-05,121.88784096188998,-3,0,0
12:35:21:543,2.01058874867156,1.537422449466832,121.94053358993258,-0.12240773597021172,-0.0027539403997881994,-0.0013936999417508596,121.96679821616162,-7,0,0
12:35:21:667,1.9663098234101573,1.581387037741798,122.06853728130862,-0.09621908895610892,0.011591135518406714,-3.724247698014141e-05,122.09461475955034,-6,1,0
12:35:21:786,1.9811734882639414,1.5684403290655833,122.04984054606973,-0.046294523802107926,0.007499552295608202,-0.0009758734245032264,122.07599530938704,-3,0,0
12:35:21:916,1.9734304838548824,1.5541147908448485,121.81229595332812,-0.09383114428430259,-0.0021200776603200002,-0.0007995138966103028,121.83819247706742,-5,0,0
12:35:22:036,1.9434718186034206,1.538390156106313,121.9459495037978,-0.10338852918571328,0.006532182653677961,-0.001489382015582878,121.97113727175342,-6,0,0
12:35:22:159,1.9838954326180807,1.56113229817479,122.02362813624455,-0.10726428401449613,0.0029821384852307237,-0.0009795223837087844,122.04973903565899,-6,0,0
12:35:22:285,1.9994219570717602,1.5425888338921976,122.03191940886911,-0.08216250337044886,0.0007318162189239687,0.0005253525112283499,122.05804612185793,-5,0,0
12:35:22:402,1.9766618813837178,1.5731001363776451,122.12652029684604,-0.07544030551023069,-0.0007343905508590476,-0.0017084547055909568,122.15264547298325,-4,0,0
12:35:22:530,1.9964795515160438,1.5242180970586405,121.8189064805768,-0.13934173232864633,-0.0027602530076954804,-0.0015023198403183195,121.84479942751163,-8,0,0
12:35:22:679,1.9649461008149445,1.54334713913968,122.11135424164858,-0.10086000031099439,0.02758310220813182,-0.0003274771694870733,122.13691402807092,-6,2,0
12:35:22:814,1.9813792030069832,1.536207487655382,122.0219490142355,-0.07399330590545854,0.006605343146712129,-0.0007627080583019998,122.04770312555631,-4,0,0
12:35:22:938,1.984610118123028,1.55479898992963,122.0540299116262,-0.08248786822203401,0.002868968170320133,-0.001344250185384199,122.08006510027829,-5,0,0
12:35:23:059,1.988349292873501,1.5587825420189345,121.9769415571935,-0.09178541216015161,-0.0013453964509618406,0.0005395332066466528,122.00310490955044,-5,0,0
12:35:23:183,2.0053634924421853,1.542831378876817,122.14683339246827,-0.06810683554754753,0.008923105641103362,-0.0007209725766635223,122.17303597442387,-4,1,0
12:35:23:306,2.00166202712291,1.5325260805753895,121.74549280973967,-0.10603078729354974,-0.00928914034716977,-0.0012242361973773164,121.77159072026957,-6,-1,0
12:35:23:428,2.0064017488128547,1.560157450278695,122.13309339942418,-0.09447934982394117,-0.00826683299745985,-0.0022649802845869124,122.15953602793263,-5,0,0
12:35:23:558,1.9754471421460122,1.525705344900075,122.18885972458162,-0.05965809745447914,0.01457353760442265,-0.0030337569627707367,122.21435107631326,-3,1,0
12:35:23:674,2.004064476135965,1.5473983346091509,121.85208081339749,-0.1227200665788654,0.004874209308257203,2.6971053350763782e-05,121.8783832949273,-7,0,0
12:35:23:796,1.9934771795930344,1.585665125616972,122.11369175579793,-0.04075695755206611,-0.0061765004901035815,-0.002041219128422676,122.14025544179195,-2,0,0
12:35:23:920,1.9950646089039512,1.5589005944998806,122.26305412235051,-0.0999352323091762,0.009966815224681177,0.0004190008767454438,122.28926713813459,-6,1,0
12:35:24:043,1.9837850652702484,1.5828551135309687,122.10087913310952,-0.012038716079418083,-0.006835075316790366,-0.00011050521592121626,122.12725133471989,-1,0,0
12:35:24:166,1.9876649527901227,1.5867140245467948,121.98050599774508,-0.06892233825394431,-0.0022936821296868867,-0.0018811084130508403,122.00701749008607,-4,0,0
12:35:24:289,2.014845556308962,1.5236483416791415,121.82249190218232,-0.12157474111244562,-0.02183737770111834,0.0006732638394389888,121.84867927122623,-7,-1,0
12:35:24:415,2.0060017363096923,1.5866104736946884,122.12689238595664,-0.07312933563862835,-0.007244928699340691,-0.002114634301050577,122.15367051223777,-4,0,0
12:35:24:535,2.0613134155465134,1.5762777094633973,122.04633408387215,-0.05191081850778212,-0.014797102720414129,0.00046702655903058425,122.07391747513715,-3,-1,0
12:35:24:659,2.0266423121355874,1.564489858849757,121.90025362979935,-0.09866482188567297,-0.005249245962174245,0.0012620977775071125,121.92713702285144,-6,0,0
12:35:24:782,2.0068160677825047,1.5452223816452073,121.89625151174158,-0.12782969020600055,0.00035971123963658767,-0.0020231323759343687,121.9225621267549,-7,0,0
12:35:24:903,2.001562104236299,1.5232673631845473,122.27306078264947,-0.10007591566302684,0.0020565395869765477,-6.3352692832093025e-06,122.29892880755068,-6,0,0
12:35:25:072,1.9703086769003755,1.5532771518705428,121.87904466132632,-0.06277243078551457,0.002039161584681998,-0.0020036323539381123,121.90486583295339,-4,0,0
12:35:25:193,2.0242017621804353,1.5641852815370163,121.93524236050132,-0.11817786183166835,-0.005196278847473919,-0.002006460097234122,121.96207360439223,-7,0,0
12:35:25:314,2.0247810703898987,1.5530991514338623,122.00392209781567,-0.1010465871143022,-0.004324104914700459,-0.0021341332009599282,122.03060625354227,-6,0,0
12:35:25:438,1.9861148206959995,1.5410551366576084,121.78384261171429,-0.11243404420279184,-0.01848150010952417,-0.0014146328048037062,121.80978542091766,-6,-1,0
12:35:25:560,1.989376167245424,1.5487633292879537,121.78431849362535,-0.08340192406495546,-0.007872222692694516,-0.001615554838688536,121.81041218361314,-5,0,0
12:35:25:687,2.0327584300223065,1.5369756601188345,122.00888933192365,-0.08993687562987858,-0.02673828170427189,-0.001641226445392441,122.03550088816048,-5,-2,0
12:35:25:818,2.003041068865499,1.5610693332531818,122.00474053903233,-0.05540267286589829,0.009157621931192943,-0.0006348929262773297,122.03116743268248,-3,1,0
12:35:25:932,1.9712843717160582,1.5563295053164576,121.78762695030804,-0.10750556542758057,0.014063150668494395,-0.00019400043080609474,121.81352224523634,-6,1,0
12:35:26:053,1.9849659719069412,1.616159299640783,122.04109706267947,0.017486140405971413,0.0022442581109312237,-0.002822174199372015,122.06793777668973,1,0,0
12:35:26:176,2.020435160449124,1.520794157850826,122.02703808806754,-0.09653094872956604,0.0021980114630426326,-0.0012410485221598985,122.0532383743046,-6,0,0
12:35:26:301,1.995988165714596,1.507915629009053,121.87844503524707,-0.12937942473953845,0.0002557388327380574,-0.000450267590084631,121.90411454299492,-7,0,0
12:35:26:423,2.0059076693255142,1.5297471107022313,121.94037689918638,-0.11631645675300402,-0.008481770413555054,0.0012933412735616307,121.96646797425998,-7,0,0
12:35:26:544,1.9916570612686295,1.5622324081382895,121.9382596120472,-0.06859983844004365,0.005335977007468439,-0.002715908587676387,121.96452937293597,-4,0,0
12:35:26:711,1.9845633286930286,1.5435669183816618,122.06855470556559,-0.09938629831038362,0.0013986519188976811,-0.0029964478654451988,122.09444351952621,-6,0,0
12:35:26:831,1.9988667222031897,1.5228248999215885,121.8740968796443,-0.10679922869508086,-0.015953890476432146,0.0003777049377393144,121.89999981164019,-6,-1,0
12:35:26:957,1.9744511920489338,1.501199309834057,121.99638711100606,-0.1070328909022531,0.01573535438706443,0.0012252756837617695,122.02159860047759,-6,1,0
12:35:27:075,2.010399050673668,1.5593960831141502,121.81251176308928,-0.0691023955566558,-0.00363965390002321,-0.0012663424651261589,121.83908011192364,-4,0,0
12:35:27:200,1.961176401649345,1.533054768559644,121.71172243185535,-0.12217396544252114,0.008633618047382443,-0.0020811903403905093,121.73717528812138,-7,0,0
12:35:27:323,2.0101465644380463,1.5503131280685614,121.60722030086532,-0.0935345812653492,-0.007280949910033838,-0.0007198828521310347,121.6337132102312,-5,0,0
12:35:27:445,2.0120822280013244,1.5373296455262617,121.90782707393173,-0.10389559882403844,-0.017836964446457864,-0.0005299865681920866,121.93412221039235,-6,-1,0
12:35:27:570,1.9868161302075547,1.5190224967574426,121.90911307340936,-0.13170151437412297,-0.0019301742359701477,0.0001756648702483741,121.93476418981675,-8,0,0
12:35:27:691,2.010727036534159,1.6512906776031286,121.98265563821037,0.03359293926609779,-0.013290940309442462,-0.0022192399950003248,122.01040144458015,2,-1,0
12:35:27:814,1.964255072197427,1.584644661289866,121.80131689201257,-0.05016782279009729,0.008062723300617762,-0.0016630772529885316,121.82746075216241,-3,0,0
12:35:27:942,1.997111751131988,1.5205516326609978,121.79449101797252,-0.12580296304082977,-0.003126645740064428,-0.0009425628056044222,121.82035369732385,-7,0,0
12:35:28:061,2.010210259189334,1.5656473831345625,121.98393231485457,-0.09933816835590305,-0.002149424446853721,-0.0026967125322021855,122.01054028242596,-6,0,0
12:35:28:186,1.984537341960629,1.5403192578073046,121.91618006740516,-0.09947717757203868,-0.013761927984012113,-0.0009992980373799611,121.94205974193468,-6,-1,0
12:35:28:309,1.9872275181610635,1.5543879128604277,122.26633714346593,-0.0719108022380548,-0.010454980071628848,-0.0018621589103263376,122.29236441197897,-4,-1,0
12:35:28:430,1.9683434959155308,1.489215470917367,121.81597967164944,-0.11945698383298063,0.002572156141894953,-0.0016025923012044623,121.84098260519916,-7,0,0
12:35:28:556,2.008056850064418,1.5624402829625945,122.11727269178628,-0.10817717661433914,-0.010861749287304616,-0.002336318675836998,122.1437751243632,-6,-1,0
12:35:28:675,2.0058549380883997,1.5468132513044555,121.82796671754929,-0.10496646039931946,0.0030791553500095466,0.0005521177239459702,121.8542964355355,-6,0,0
12:35:28:800,1.9841086461814907,1.613429160251029,121.97979859692349,-0.031856479108582816,0.0024225066657844983,-0.0017029460514450688,122.00660271690634,-2,0,0
12:35:28:923,1.9703086769003755,1.5532771518705428,121.87904466132632,-0.06277243078551457,0.002039161584681998,-0.0020036323539381123,121.90486583295339,-4,0,0
12:35:29:047,1.9736400465799293,1.6315779401062882,121.694694862135,-0.0002970343674203366,0.008964409008342372,-0.00228489804929158,121.72163348885954,0,1,0
12:35:29:171,1.9889722715312177,1.572354248148415,122.13385034722226,-0.0767454902270436,0.013750699119046568,-0.000742513007802019,122.16016416662296,-4,1,0
12:35:29:295,1.9751557395302024,1.5204809905963286,121.58834917177705,-0.11975583852105744,0.005498726503312639,-0.00041213230223551055,121.61389623293937,-7,0,0
12:35:29:416,2.000741723161792,1.596496900353127,122.03485791765095,-0.04010892523333922,0.0004322943372632514,0.0009974198578171852,122.06169881161286,-2,0,0
12:35:29:537,2.0031312614467423,1.5665504640765586,122.22848137023703,-0.07055927987636454,-0.0012449563056283384,-0.0011675836076749581,122.25493148859667,-4,0,0
12:35:29:663,2.0171508194573717,1.5283000152012522,121.93237714567356,-0.11820521043287542,-0.009062964108815528,-0.0001290807598577383,121.9586372290199,-7,-1,0
12:35:29:782,1.9851032979134342,1.5259262457461713,121.79109688776983,-0.13570484657904797,0.011079569579053419,-0.0007492902288160172,121.81683121447948,-8,1,0
12:35:29:905,1.9781909430244065,1.565721045096788,122.00547532109994,-0.08254503272673724,0.009019920851916515,-0.0016719768594520021,122.03155628822263,-5,1,0
12:35:30:029,1.9747576752629359,1.5403372684824184,121.89243252475431,-0.11683298466362155,-0.0044230398509010095,-0.00236528256597406,121.91815867039031,-7,0,0
12:35:30:195,2.008159437829197,1.5472715507384933,121.97671384486503,-0.057144007687746017,0.0010298855172152569,-0.0025339969242498,122.00305518294022,-3,0,0
12:35:30:319,1.9996308277785488,1.5389603249099082,121.67552619144753,-0.11208885005016356,-0.007640405220419553,-0.00035690120694302366,121.70168690817184,-6,0,0
12:35:30:441,1.9973211896058116,1.5722496659545593,121.88074563883072,-0.08664420278478444,0.0002490259643624038,0.00037392379701309036,121.90724924475941,-5,0,0
12:35:30:561,1.9757866491568794,1.603194295357545,121.88051420771822,-0.05959650625130528,-0.002335234219206791,-8.243873512379651e-05,121.90706996876537,-3,0,0
12:35:30:687,1.9606177540073095,1.5349037495748477,121.90946484141344,-0.10746964477283877,-0.012353754746267405,0.0005507253865404084,121.93489069752597,-6,-1,0
12:35:30:814,2.009639081342048,1.5162169165469854,122.10281251108681,-0.08794619574096199,0.003985071251280199,0.00042103779021630014,122.12876150232958,-5,0,0
12:35:30:936,1.9800213974915297,1.5471617922742755,122.32619137166158,-0.08408056823949424,0.013313183950717976,-0.0012109363562764494,122.3519974902019,-5,1,0
12:35:31:056,1.9999419117594992,1.5388008655336494,121.93682084374122,-0.10255031241328953,-0.0039973280012909835,-0.001565416502873228,121.96292860223069,-6,0,0
12:35:31:179,2.012101071800448,1.530546810786403,121.95105455051372,-0.11539668204140027,-0.003699533454891986,-0.0011348106271389245,121.97725538085173,-7,0,0
12:35:31:303,2.017412184349177,1.5652729069472875,121.941946010633,-0.06445699943334798,0.004489813329676411,-0.0013109348874261956,121.96867724155624,-4,0,0
12:35:31:424,1.9773768143334898,1.574053477369708,121.95763118787112,-0.06918673472643982,-0.004246389987488731,-0.00143749859317291,121.98381641993447,-4,0,0
12:35:31:550,1.995253513939914,1.5344309306309698,121.71134695865133,-0.12010673829127735,-0.0013304032268051382,0.00032356788837538945,121.73737098095626,-7,0,0
12:35:31:668,1.9660589762233958,1.5587875169728276,122.22946908923387,-0.11686075965277445,-8.990335298799736e-05,-0.0007039112093836404,122.25521796740227,-7,0,0
12:35:31:792,2.005269651331044,1.576133886803921,121.81360896377593,-0.062218982087257936,-0.011583646084050487,-0.0016760404502843276,121.84030791648301,-4,-1,0
12:35:31:917,1.9833355176485332,1.5557497047479099,121.8621683340473,-0.09283938105066014,0.0025055654158924394,0.0008896137385593631,121.88823588843621,-5,0,0
12:35:32:040,2.00668180325191,1.5632278786569909,121.85720350459528,-0.11683203802419785,-0.01337112058101089,-0.0013081737557883463,121.88374993911395,-7,-1,0
12:35:32:164,1.9772232548740496,1.5718896721885258,121.86065364293191,-0.08679405751882603,-0.019651054787111214,-0.0009112341242945215,121.88682929350391,-5,-1,0
12:35:32:283,2.030747047196862,1.5954831070331448,121.92955413351699,-0.03880721191469008,-0.02387486233694187,-0.0009438058431545075,121.9569008753206,-2,-1,0
12:35:32:411,2.0159081892367325,1.5919422505003982,121.96453953167973,-0.028316198846062554,-0.019292390432314777,-0.000617183942942482,121.99158605875665,-2,-1,0
12:35:32:553,1.9959582226948422,1.5390423190623264,121.9313941720583,-0.10180148454182789,0.0011545069502485366,-0.0009620114671790015,121.9574408768422,-6,0,0
12:35:32:694,2.0083794310744407,1.5971751789833564,122.03101020669718,-0.07230795595216458,-0.012622171705292846,-0.0028533632422134817,122.05798625472467,-4,-1,0
12:35:32:817,2.027500294982799,1.6234192628768849,122.17685067723687,-0.023676501217948058,-0.015367605545809394,-0.001115516719503127,122.20445609288178,-1,-1,0
12:35:32:940,1.9916436349501652,1.5143310567343289,121.58736609578119,-0.11097284173950502,-0.015061781045800611,-0.001866757017157832,121.61310553154848,-6,-1,0
12:35:33:069,1.9897969758171359,1.5504339278829542,121.81552176997648,-0.11713890659262575,-0.008201984461923368,-0.0011998325786530177,121.84163689585476,-7,0,0
12:35:33:185,1.9791617194276434,1.5265909394044548,121.78814207837249,-0.11634240101050675,0.017642427269736513,-0.0014027076338484078,121.8137886772666,-7,1,0
12:35:33:312,2.0175374747990187,1.594713809913059,121.87753599559204,-0.08859559729000667,-0.024973515253436183,-0.0012336434733840797,121.90466500489052,-5,-1,0
12:35:33:447,2.002586547771114,1.637857834688695,121.73805505517863,0.03751966974305608,-0.007952152277717915,-0.0013516547051105371,121.76554101955803,2,0,0
12:35:33:557,1.9715146447173313,1.5396739826511514,121.94889093373628,-0.10157811055708915,0.0038824575141634668,0.0008984518190571303,121.97454433583876,-6,0,0
12:35:33:681,2.0156493217784206,1.588455083596582,122.03390333970242,-0.06792464751025688,0.008650660872437103,-0.000839277809962295,122.06088479142213,-4,0,0
12:35:33:804,2.0011929116358527,1.5797278561073362,122.01987096760766,-0.0801003379281767,-0.002911321760756898,-0.0010842789930054794,122.04650435027038,-5,0,0
12:35:33:928,1.9911820373800706,1.580830858781813,121.77579482979905,-0.12422267203681306,0.004721561282526176,0.00015042755107032456,121.80233182718374,-7,0,0
12:35:34:047,1.9851824537962233,1.5277237573738487,121.75319708967488,-0.09584411787962042,-0.0046946019846355585,-0.0025037115110644087,121.77896325232417,-5,0,0
12:35:34:173,1.9765237442350017,1.5538568623407947,121.786322250504,-0.12927656851987185,0.005975543238639179,-0.0019721581995057946,121.81227115756349,-7,0,0
12:35:34:297,2.0088844678669218,1.5266904328413322,121.97607685096511,-0.08635641560270306,-0.011534685610731796,0.0002852832515069296,122.00217098246864,-5,-1,0
12:35:34:416,2.0294665626771407,1.5629622829619445,121.98365871275541,-0.1036452380631099,-0.021751753051732436,0.0003298856085710663,122.01055109529247,-6,-1,0
12:35:34:546,1.9968711547799642,1.5581856113640933,121.88177292317395,-0.05604495818423774,0.0002883777403416126,-0.0006090349380368049,121.90808836047096,-3,0,0
12:35:34:664,1.98242072376796,1.5213529863721207,121.79936716124845,-0.12446359185952709,0.015027593798233414,-0.0001854160667682685,121.8249988619568,-7,1,0
12:35:34:827,1.9972700182538252,1.5421364564172968,121.87412638972435,-0.1316499760629677,0.01300906238413429,-7.668713839476935e-05,121.90024592114051,-8,1,0
12:35:34:951,1.9976420365772898,1.548042369366372,122.08662661917701,-0.09334136875195186,0.0027349849404354233,-0.0005494259279067477,122.11278151010235,-5,0,0
12:35:35:071,1.9995292535865283,1.5480087903462765,121.77719194964531,-0.13794156760437445,-0.0054847020723328005,0.00029159539796278975,121.80344382484306,-8,0,0
12:35:35:198,1.9871561965390674,1.5684319885314444,122.00169474627114,-0.06159803435983147,-0.013970203875809441,-0.0007519616244401053,122.02795700008427,-4,-1,0
12:35:35:320,2.003161578894863,1.5220847362170742,121.79359584812443,-0.12341490984725648,-0.010430739698754465,-0.001102515865641156,121.81957719460225,-7,-1,0
12:35:35:442,2.0209275092614285,1.596452811088583,121.85271364444193,-0.035465897229686835,-0.02746451503788451,-0.0009731279372013514,121.87992710897922,-2,-2,0
12:35:35:567,1.9460082072806582,1.52952711273782,121.80347496600261,-0.11233208088486547,0.014899680155754798,-0.0014109999102621695,121.82862108275309,-6,1,0
12:35:35:685,1.9922554369947878,1.5835056136689407,122.094613945673,-0.059797338508199106,0.008717948745050786,-0.0015002496273319311,122.12113382333823,-3,0,0
12:35:35:821,1.972924893067821,1.528574165275591,121.93919636640094,-0.08266312221031993,-0.012926114557320378,-0.0008595750039219346,121.96473499375188,-5,-1,0
12:35:35:931,1.9699549090847868,1.5231864186639517,122.04209067896292,-0.0934535033763333,0.020870571976554658,0.00012894970735861165,122.06749246421849,-5,1,0
12:35:36:057,1.9955969267657478,1.547316453554912,121.67677573205123,-0.08244871609851966,-0.002931263455918887,-0.001059946124427085,121.70297592026847,-5,0,0
12:35:36:178,2.0271590838170668,1.4877831379901942,122.06823470919934,-0.14828221977865888,-0.005209394993741258,-0.00036266596868983497,122.09413088939603,-8,0,0
12:35:36:305,2.0020508736141998,1.5515643661635783,122.08903193781634,-0.08807667384683782,0.009831030186298951,-0.002544909371515623,122.11530321460954,-5,1,0
12:35:36:428,1.9731643176000058,1.5111306515179632,121.88773997947168,-0.10671806395136994,0.01295749225973457,-0.0012119963780086325,121.91307579818296,-6,1,0
12:35:36:550,1.9911460277313928,1.5238714972794214,121.81938335365874,-0.12147556275755089,0.003342457666412376,-0.0021276753651318318,121.84518458892677,-7,0,0
12:35:36:672,2.002553929815679,1.5216736825066615,121.94160794204126,-0.12849421369159827,-0.003721851950423255,0.0021337239136210375,121.96754265183978,-7,0,0
12:35:36:796,2.002219391161912,1.5627655752568383,121.71625914531094,-0.1133562799489739,-0.010600668991770935,-0.0011686718626492138,121.74275690595331,-6,-1,0
12:35:36:919,1.9778591640431318,1.5272221550381149,122.08063452995916,-0.07142277116601828,0.01209437322861103,-0.0005286574324477768,122.10620648280367,-4,1,0
12:35:37:135,2.016686684061579,1.539651279631353,121.90806773571185,-0.08307225769147185,0.004535603924316839,-0.0011740530732119673,121.93446817983606,-5,0,0
12:35:37:247,1.9791617194276434,1.5265909394044548,121.78814207837249,-0.11634240101050675,0.017642427269736513,-0.0014027076338484078,121.8137886772666,-7,1,0
12:35:37:368,1.9768385371588992,1.5129898905523609,121.69341727511247,-0.15321198562949176,0.004614039204582612,-0.0006516492971404218,121.7188762563373,-9,0,0
12:35:37:491,1.991418947178831,1.5327939579289163,121.44448518476943,-0.13263816415650445,-0.003774276821787417,-0.0015385974920057485,121.47048278711306,-8,0,0
12:35:37:613,1.9973640750312487,1.5731962619331674,121.83847067569967,-0.06724238761211301,-0.00126725417959749,-0.0006982965403154335,121.86499639486358,-4,0,0
12:35:37:737,2.0015826341761547,1.5252968393940385,121.99898691827732,-0.10661014515382929,-0.016353156783387373,0.0010232891111937477,122.02493873211206,-6,-1,0
12:35:37:858,2.014786786774117,1.5481364977344316,122.08010545588684,-0.09303027595034351,-0.0034106460686407856,-0.00045936373268905934,122.10654462612652,-5,0,0
12:35:37:986,1.985636974995397,1.5452919776551581,121.83194570575981,-0.12529067367289812,-0.0041888352345615595,-0.0023066122703707974,121.85792414095967,-7,0,0
12:35:38:105,2.0040932652827608,1.5376974475315524,121.86523872735712,-0.10212800543464907,0.004434092599356606,-0.0009118564191697722,121.89141607730971,-6,0,0
12:35:38:229,1.9979831704597488,1.5149336142552192,121.97237740727445,-0.10349504202272422,0.0010698653156167074,0.0006740328353030796,121.99814675226683,-6,0,0
12:35:38:354,2.0069929650959404,1.5238041932367046,121.7419473561016,-0.11910492473906412,-0.016455510334692322,-0.001759700691299396,121.76802431688331,-7,-1,0
12:35:38:475,1.9609300264973035,1.6148902350725134,122.0803655433387,0.014844258586140878,0.017506591373862117,-0.0013072970979928493,122.10679247378235,1,1,0
12:35:38:601,1.9585745984869292,1.545429522306698,121.87965203759958,-0.10865215934764322,0.01617813745861259,-0.0007349767891790364,121.90518425265026,-6,1,0
12:35:38:723,1.9840008484660507,1.5432180822381565,121.91514484316741,-0.07811140675396519,0.0011547204858310797,-0.001173783837870735,121.9410526588423,-4,0,0
12:35:38:870,2.0013479939468004,1.5489936182287252,122.09431691912931,-0.09220196782982809,0.011546799541098959,-0.001509091937611257,122.12054290319452,-5,1,0
12:35:39:014,1.9698193837908264,1.4963063544950141,122.03162703715216,-0.13392921278012915,0.01866431508700865,-0.0017994430558395452,122.05669632775526,-8,1,0
12:35:39:131,1.9836075947729732,1.566570968670444,122.11541663756365,-0.050594178960928285,-0.007304212642261126,-0.00039797136703851146,122.14157287449544,-3,0,0
12:35:39:251,1.9896429177839687,1.5028030539522763,121.68364189892993,-0.11316964430212217,-0.010499321796774637,-0.0013989035297195924,121.70918536308702,-6,-1,0
12:35:39:411,1.9979976484860105,1.5739507746045558,121.9693091651329,-0.06974111891408259,0.012456443022367487,-0.0025225990714145513,121.99582654281254,-4,1,0
12:35:39:584,1.9940389191249885,1.6106796779753967,121.95788006060549,0.012474826408526313,0.004353513941361857,-0.002284561427228881,121.98481458408281,1,0,0
12:35:39:706,2.0176531513985054,1.5143395950836482,121.87533419099942,-0.10161025093346979,-0.012486206521768104,-0.0021380388635417517,121.90144065111117,-6,-1,0
12:35:39:830,1.9951775198948247,1.5121553864507675,121.85504280026318,-0.12202198295983452,0.002422877288020282,0.0011002995359674168,121.88075649216589,-7,0,0
12:35:39:957,1.991380194611055,1.5366340286673714,121.99640640903505,-0.10728449229393267,-0.01975571394720413,-0.0004950533395489341,122.02233408657611,-6,-1,0
12:35:40:075,1.9835458924207507,1.5173030514080033,122.02618723390292,-0.11929152538056,0.003216404675939135,-0.0010804139562287465,122.05173916704621,-7,0,0
12:35:40:201,1.996229267663182,1.55294775510133,121.82407392778171,-0.11335924513443764,-0.0020207138860968746,-0.001686942895284121,121.85032444101564,-6,0,0
12:35:40:320,2.008433891028363,1.5757234836704606,121.7658173705145,-0.11327108854738387,-0.01755004278783113,-0.0017873564455338448,121.79257362869508,-6,-1,0
12:35:40:457,2.0325368289759975,1.541751602559703,122.08378989056803,-0.10241685022444212,-0.011479703541136265,-0.0016110892402805626,122.11044164202134,-6,-1,0
12:35:40:565,1.9810259790584586,1.5387623810074043,121.90695593483605,-0.08425790398013755,0.005449633969770557,-3.120327231779868e-05,121.9327608105917,-5,0,0
12:35:40:693,1.9948547884498398,1.5607885599170706,122.1422950466371,-0.059403846412415987,-0.008661885201797904,-0.003210025826240632,122.1685546522325,-3,-1,0
12:35:40:820,2.0423248612822404,1.53124103488046,121.99097956392332,-0.08026227456505329,-0.009247146263679121,-0.0005744816420237233,122.01768267309238,-5,-1,0
12:35:40:938,1.9966975920348555,1.549090635515775,121.82648026391286,-0.1017551575056245,-0.01460434042948452,3.755744735631325e-05,121.85268883600652,-6,-1,0
12:35:41:061,2.001016892913184,1.5460355048463048,122.04471556961893,-0.07764077479914089,-0.01728916138671607,-0.0023640692362578907,122.07090928168412,-4,-1,0
12:35:41:182,1.971461730087984,1.55945334850275,121.98493844788818,-0.09102462871746766,0.004541662035611226,0.0004433878249057162,122.01083461821916,-5,0,0
12:35:41:313,1.987703007743394,1.5442063747560255,121.90400943213798,-0.09352191158039398,-0.00472820844840368,-0.002336936942620095,121.92999242272434,-5,0,0
12:35:41:426,2.001225166677401,1.5898531985162798,122.02859444673628,-0.06577807610118651,-0.0013199592747250536,0.0002418242399235448,122.05535792420837,-4,0,0
12:35:41:551,2.0105974929675186,1.5499454706241467,122.1602211684049,-0.05835482245214739,0.0028549450512116645,-0.0010420913196448993,122.18659692926322,-3,0,0
12:35:41:716,2.000610246652097,1.6011380949569258,122.06591633577017,-0.08468582939399509,-0.016706947403795257,-0.0025069341110218186,122.09280902432123,-5,-1,0
12:35:41:834,2.0032345940509804,1.5491442605536327,121.87474289736912,-0.06851036549819713,0.005160917952296603,-0.0020001443314622107,121.90104902370051,-4,0,0
12:35:41:959,2.030515190774186,1.5648848806767088,122.14902862514032,-0.053932786365045,-0.006087535956426431,-0.000824401270844026,122.17592664144227,-3,0,0
12:35:42:086,1.9908695827601246,1.564112523372571,121.98869011980189,-0.0843672873122235,-0.005042977928929991,-0.0006138396238967296,122.01496025826661,-5,0,0
12:35:42:204,1.9968711547799642,1.5581856113640933,121.88177292317395,-0.05604495818423774,0.0002883777403416126,-0.0006090349380368049,121.90808836047096,-3,0,0
12:35:42:332,2.0135375599603087,1.5202790645759705,121.9427194470589,-0.07750141779887236,-0.0028923009239601918,0.0010508839136013223,121.9688173595353,-4,0,0
12:35:42:452,1.995107930183546,1.5722533909727174,122.02964359230633,-0.09106236512019747,-0.009992456826586825,-0.001363954279374234,122.05607871648104,-5,-1,0
12:35:42:587,1.9846617327020142,1.5661011634322763,122.11120770362825,-0.08505639701334296,0.0022153719578434203,-0.003105245368215175,122.13737594154377,-5,0,0
12:35:42:710,1.9783146960162232,1.5046654171241984,121.71051172009861,-0.12904119324766927,0.0033859101260790775,-0.0008231593998126861,121.73588793047934,-7,0,0
12:35:42:826,1.9704912465605409,1.5529596365243756,121.85828700975931,-0.09679787595305446,0.016411914448227143,-0.00011482375466806077,121.88411148438635,-6,1,0
12:35:42:951,2.0037490179719333,1.5363511893690782,121.93417777495529,-0.10609213757048767,0.004348951023321594,-0.0028520312501905706,121.96031770522123,-6,0,0
12:35:43:068,2.0055221026427352,1.5444387214153918,121.7939343945066,-0.09016168409305983,0.0007838139578117883,-0.0019881007273885023,121.82023586072133,-5,0,0
12:35:43:196,1.9888255341458014,1.548548149564519,122.09364143208137,-0.092782212194747,0.013132151336309485,-0.0006118152314490807,122.11965733051517,-5,1,0
12:35:43:315,2.007808249220461,1.5834217849416112,122.02029514500555,-0.07463635232790461,0.0024561254856307014,-0.0021209743279008274,122.04708495408208,-4,0,0
12:35:43:454,1.9846864064923837,1.5309808766831599,121.95342832396989,-0.11457943152592352,0.014203634622886287,-0.0015774031922524965,121.97918495606758,-7,1,0
12:35:43:565,2.013180969229716,1.563766017716265,121.85609330257832,-0.09845440039991808,-0.006578805290609643,-0.0014092668531675485,121.88275405790479,-6,0,0
12:35:43:688,2.0186833570785647,1.5705858379331548,121.9446746887406,-0.0738510189754721,-0.024175940778454322,-0.0008454270766649737,121.97149465064875,-4,-1,0
12:35:43:814,1.9749757123452336,1.5874315401614878,122.01191981019511,-0.03566201281557041,0.012856573383074344,-0.00224850792531134,122.03822779657419,-2,1,0
12:35:43:935,1.965159198691711,1.5330719870243321,121.92619795201587,-0.11094185570397394,-0.002807748852776448,0.0010608285603758928,121.95167037571794,-6,0,0
12:35:44:060,2.0098425824312716,1.5269753017152166,121.8657943066121,-0.10009212015996935,-0.004020168007359633,-0.0026721380005069527,121.89193140958794,-6,0,0
12:35:44:176,1.9628269981637612,1.5256303417776296,121.83854273453152,-0.13774159958701057,0.010726134701406044,-1.2567811969864805e-05,121.86390250373051,-8,1,0
12:35:44:312,1.9969636911571749,1.5395138716801886,122.10434922844138,-0.10657912784143075,0.002072277098903654,-0.0022337206503068208,122.13038142676075,-6,0,0
12:35:44:475,2.0051671539310245,1.5749857113764356,122.19965498508228,-0.0746262430624108,-0.01837649301787927,-0.0016111357683396786,122.22625312828414,-4,-1,0
12:35:44:587,1.9554690486797974,1.5680204358485663,121.92819788831045,-0.09428255112561856,0.019775639619242887,-0.0018263440064881585,121.95395847441188,-5,1,0
12:35:44:903,1.9886604096464262,1.5189598414280079,121.89473720513493,-0.11313394729410825,-0.0046239351715180255,-0.00041950555048028573,121.9204206338449,-6,0,0
12:35:45:049,2.0101848653840766,1.5374445286644645,122.07535389372741,-0.1088082783735618,-0.013068838231882351,-0.0011847417489735201,122.10158314760103,-6,-1,0
12:35:45:172,1.9550093841470702,1.533543850519312,121.9765841181759,-0.11164655781591559,0.008101667876562546,-0.0007234896443050555,122.00188888526279,-6,0,0
12:35:45:284,2.0010951072132617,1.5676414950325566,121.82789322357624,-0.10966116840849346,-0.005844761994674654,9.291240537902467e-05,121.85441087125305,-6,0,0
12:35:45:487,1.970226391992774,1.5417450958525085,122.06640772311512,-0.08442019752882646,0.00586023715375277,-0.0013953359436078368,122.09204177341809,-5,0,0
12:35:45:640,1.9998635466347623,1.5689754470941928,121.98555855047474,-0.07739081504343735,-0.014126515104052639,0.0009001686598678276,122.01203888563637,-4,-1,0
12:35:45:829,2.0159388374183846,1.5370696188546653,121.95735028073886,-0.12372889656194114,0.0059862247625276244,-0.0008836332505936417,121.98369513958927,-7,0,0
12:35:45:959,2.0095915639777875,1.579792950775182,121.88235088905724,-0.05916778326184924,-0.014990031787748225,-0.001485620635114005,121.90915331616654,-3,-1,0
12:35:46:123,1.9841321703281214,1.5821362045165852,122.09049414301397,-0.06156022035319222,0.004240684082841433,-0.0015063296084236494,122.11686491031573,-4,0,0
12:35:46:277,1.9940389191249885,1.6106796779753967,121.95788006060549,0.012474826408526313,0.004353513941361857,-0.002284561427228881,121.98481458408281,1,0,0
12:35:46:443,2.0200880662053793,1.5666863467626553,122.04023001681703,-0.06521668340423092,-0.009522552040124338,-0.00029669220481061225,122.0670021113895,-4,-1,0
12:35:46:574,1.9914169801850905,1.4998463054673392,121.94063659831741,-0.1253998825177592,-0.005724552463847083,0.001105887931512021,121.96611879752467,-7,0,0
12:35:46:728,2.0192656248929097,1.5391753979159928,121.92453028961584,-0.08407983160948918,-0.013093333728327805,-0.0022457312554450466,121.95096383757235,-5,-1,0
12:35:46:839,1.9902167537932045,1.5591311398774157,121.7813340478255,-0.10319882300676825,-0.008185473620417187,-0.00011289755057483349,121.80757437493975,-6,0,0
12:35:46:963,1.9961131263508924,1.5471913051777444,122.11467514677848,-0.11313461783511768,0.005375604161198057,6.288994918147333e-05,122.14078825171896,-6,0,0
12:35:47:088,1.9924591915161731,1.5444918908823557,122.02753795211947,-0.13269501534860853,0.008415360811770098,0.0006790792104357596,122.05357580786733,-8,0,0
12:35:47:213,1.968687185692852,1.5258561641796382,121.97444385706652,-0.12308141667003106,0.0057285059243148,-0.0009234972212369272,121.99987262497264,-7,0,0
12:35:47:336,2.0138033601450385,1.5121139616897437,121.96816420297391,-0.125461192316956,-0.017890596534240688,0.0008515955956571713,121.99415958008021,-7,-1,0
12:35:47:453,2.015180507868696,1.5573757776611077,121.92417276652917,-0.09205511378624441,-0.021632209173645736,-0.0014301486009530126,121.95076988930653,-5,-1,0
12:35:47:605,1.9661660027557675,1.5954679910064895,121.93300062322632,-0.07210351450258945,0.007524452307093275,-0.00210618341419842,121.95928815733728,-4,0,0
12:35:47:747,1.9928430938571013,1.5153014373073914,121.82910799847012,-0.09866852040186612,-0.011832530017460735,-0.0019716466399689178,121.85482804446255,-6,-1,0
12:35:47:868,1.9849653873839992,1.5503738807383012,121.79688851451355,-0.11663717020264174,0.00994830068469037,-0.0023179577455154613,121.82292804959185,-7,1,0
12:35:47:992,2.0077866789794663,1.5451706423029106,121.79448816486797,-0.10637068706677218,-0.016124475929546304,-0.0018403055045343552,121.8208360954902,-6,-1,0
12:35:48:113,1.9714166885913245,1.5515846572809306,121.8831660687191,-0.06531068130962722,0.01577635235047406,-0.0005429827467791737,121.90898272745831,-4,1,0
12:35:48:234,2.011566892339697,1.5127611236677871,121.92199871071944,-0.08772789472643742,-0.0033151366832067076,-0.0013319310136404542,121.94797504344346,-5,0,0
12:35:48:358,1.9666602572467808,1.5562588791330183,121.53112964809529,-0.117753843012292,-0.001143502532374075,-0.002068619730434115,121.5570037793317,-7,0,0
12:35:48:483,1.989910790020849,1.529911124895292,122.00776236497205,-0.0826182986111983,0.009000923758168937,-0.002157205936361976,122.03357919158894,-5,1,0
12:35:48:602,1.994004174974537,1.5350755684929112,121.94365373741725,-0.12632150658968858,0.0022224245440508974,-0.0022751340549782765,121.96961587412628,-7,0,0
12:35:48:725,1.988275493761217,1.566800888847011,121.93854844723157,-0.06218518617435057,-0.0022410204175125443,-0.00030688817745969376,121.96482157524859,-4,0,0
12:35:48:894,1.97884529839582,1.5673239117929259,121.87636625256035,-0.07654190417554532,0.006751645363397637,-0.0009316807809976993,121.90250606073565,-4,0,0
12:35:49:015,2.016502111197801,1.5303611028011734,122.28213436649246,-0.08973329371191424,-0.0016404799974806623,-0.0004982735283134181,122.30833443021922,-5,0,0
12:35:49:135,1.9957596834909759,1.5716614041479464,122.01189386903157,-0.09133537984821788,0.003597551077390035,-0.00038322069704966455,122.03833586947734,-5,0,0
12:35:49:261,1.988027122570616,1.628184430605969,121.99073058459416,-0.012299455045886169,-0.013541597228487594,-0.00010392072660156545,122.01779208354486,-1,-1,0
12:35:49:381,2.0042749265977795,1.5553236183127706,121.88273513558585,-0.11186887977482368,-0.02226546498649766,0.0006227820490237289,121.9091353167204,-6,-1,0
12:35:49:510,1.978305488264169,1.5093885674986809,121.67584986009062,-0.12109875104893947,0.0028824785685910284,-0.0008742400204940883,121.7012916350024,-7,0,0
12:35:49:634,1.9703086769003755,1.5532771518705428,121.87904466132632,-0.06277243078551457,0.002039161584681998,-0.0020036323539381123,121.90486583295339,-4,0,0
12:35:49:752,2.032400860745553,1.599458077065182,122.15335729506832,-0.03918572617306781,-0.021721974845400723,-0.0010303390534280041,122.1807334151161,-2,-1,0
12:35:49:876,1.9924745140235693,1.5586666799185955,121.9061141012826,-0.08995651329086933,0.005876006500191976,-0.00011123243539693307,121.93235850988471,-5,0,0
12:35:49:995,1.9740478106627262,1.5498601192118446,121.87071669798016,-0.06730005551616233,-0.0015188744896327709,-0.0009890358329703427,121.89655663564596,-4,0,0
12:35:50:125,1.9839842057885155,1.582392550787004,121.72802392374747,-0.06783831910022967,-0.002032632612238101,-0.0012798832456836563,121.75447411858852,-4,0,0
12:35:50:245,1.9908695827601246,1.564112523372571,121.98869011980189,-0.0843672873122235,-0.005042977928929991,-0.0006138396238967296,122.01496025826661,-5,0,0
12:35:50:371,2.0056579730711603,1.5275464948063722,121.79976568157673,-0.09738907584134614,0.0024018560206298997,0.00020537908325545684,121.82585514695037,-6,0,0
12:35:50:491,1.9961947020743636,1.5650245555725795,121.868694594153,-0.09696927679096952,-0.0004504516874772288,-0.0015119897811522321,121.89508938932312,-6,0,0
12:35:50:613,1.9943012349484746,1.551261709410316,122.16953121486756,-0.07368246527615387,0.022173857435168153,-0.0005849039653960827,122.19565461818722,-4,1,0
12:35:50:764,1.994021844344535,1.5583406443987395,121.99277107949744,-0.09316212515345013,0.005036590793502588,-0.0004991873098664165,122.01901796168652,-5,0,0
12:35:50:905,1.9886670589535902,1.5553093177992572,121.7133775878914,-0.10664790240022982,-0.0086630859932445,-0.0014486418783169815,121.73955835141683,-6,0,0
12:35:51:024,1.9840514389596213,1.5734301420481287,122.04761275692756,-0.05592458983385084,-0.009889581280709823,-0.001291723924236372,122.07387895118796,-3,-1,0
12:35:51:147,1.9953128245212772,1.6110263863531102,121.75111879723524,-0.013103902331037543,-0.0004175767495335752,-0.0014440053003146,121.77812450380287,-1,0,0
12:35:51:265,2.017776719390877,1.5820486598617725,121.88997806224913,-0.03979479438718543,0.0018419165322389236,-0.0030891679897189985,121.91694325591936,-2,0,0
12:35:51:392,1.997413429936044,1.5429703960754442,121.86925058559791,-0.13016191548543152,-0.0027721549128371585,-0.0015656679037019338,121.89538406497807,-7,0,0
12:35:51:512,1.9892241636216244,1.5570473358770194,121.85660853183026,-0.04047436539212982,-0.00524183242769519,-0.0010337835913483064,121.88278981078102,-2,0,0
12:35:51:639,2.009376511918779,1.5894518964776216,122.03401453268924,-0.08341409530056564,0.0018577623399071315,-0.0009164588667973858,122.06090551139819,-5,0,0
12:35:51:801,2.001648970074395,1.5204981623224334,122.06670547955136,-0.13425169843323317,0.011816823262429407,-8.82682857738361e-05,122.0925841314392,-8,1,0
12:35:51:921,2.0191109221267296,1.5864250751510596,122.18205508934281,-0.04156860137204287,-0.004860616095363675,0.0003332094866402576,122.20903460583477,-2,0,0
12:35:52:049,2.0126823614169416,1.6020270952660933,122.12837793361312,-0.03510502159088125,-0.013006110720616214,-0.0008252129201484575,122.15546683549356,-2,-1,0
12:35:52:170,1.9974376806546146,1.547438099973117,121.60018176842553,-0.09752623645050314,-0.005607197803120086,0.00019303470274233082,121.62643022006144,-6,0,0
12:35:52:333,1.9938489421058885,1.5674607419219222,122.20127759944049,-0.06850245336616925,-0.018642196491713506,-0.0011545586274296698,122.22759350374578,-4,-1,0
12:35:52:462,2.028432101012047,1.51644364680259,121.72962651780061,-0.13018191056952313,-0.02566994166966132,0.0009761515011201249,121.75596950575182,-7,-1,0
12:35:52:580,2.007335622606147,1.5867656097241765,121.96857689702169,-0.019312730865344765,0.0021314868585600912,-0.00281340041043431,121.99541373218372,-1,0,0
12:35:52:703,1.9987929382156024,1.5842387633708916,121.49673973821636,-0.07564076007338325,-0.00882780667769322,-0.00010864744377691592,121.52350699632196,-4,-1,0
12:35:52:827,2.005477625772566,1.5310525145296878,121.93334699662594,-0.09636316433378635,0.003470683023503675,-0.0017838581098322368,121.95944888408323,-6,0,0
12:35:52:946,1.9769692290004224,1.54929828860718,121.71015999630625,-0.11575401112102811,-0.02255718993663838,-0.0006054834102153058,121.73607427071879,-7,-1,0
12:35:53:075,2.012076031325268,1.5607146621579833,122.08472057988153,-0.07480381830489027,-0.014319223389894229,-0.0010436079030751574,122.11127416942408,-4,-1,0
12:35:53:193,2.0042599534954535,1.5407299450834626,121.92589198913737,-0.11707132672284122,0.004538779619700203,-0.0016400597970726394,121.95209733363201,-7,0,0
12:35:53:316,2.0219518233044904,1.5628033962406847,122.06893419891598,-0.07155830132099249,0.0009045316314150539,-0.0018389661879352369,122.09568108696698,-4,0,0
12:35:53:440,1.9983144342379708,1.5899980503007884,121.88120042420792,-0.028746087698090284,-0.0010694456324502237,-0.0007873595480333952,121.90795040203072,-2,0,0
12:35:53:564,1.9847282941790305,1.556604711226521,121.94493626214063,-0.07698460901686947,0.01513357350902473,-0.0007470905002666079,121.97101969159013,-4,1,0
12:35:53:689,1.9810953468240764,1.5322740980773684,121.97126792428237,-0.07827408421423679,0.005899623545734204,-0.0009127155629448142,121.9969786582517,-4,0,0
12:35:53:851,2.0322108219296684,1.554120178552861,122.07960143867207,-0.10182737497168358,-0.023678904414496896,-0.0001573874224593982,122.10640547399295,-6,-1,0
12:35:53:973,2.006456152054283,1.546296467027963,121.93903677575139,-0.10922347156938349,-0.0243973045654207,-0.00022037858151413906,121.96534585222193,-6,-1,0
12:35:54:094,1.9948236602028724,1.5345850637994305,122.11052192391942,-0.07880763918220351,-0.009503441420232022,-0.003077865852080753,122.13645580777816,-5,-1,0
12:35:54:220,1.9793693475126966,1.5361451479255395,121.9106569180948,-0.10545640828949096,-0.0069173178058762295,-3.501916173299149e-05,121.93640110783484,-6,0,0
12:35:54:342,1.9969740874231174,1.6010998116826385,121.96567438219643,-0.04825881809893807,-0.011663068562381472,-0.0005124334145646042,121.99252908935355,-3,-1,0
12:35:54:461,1.9687494305614233,1.5415790791079103,121.72443717353296,-0.12790178112041065,0.0005110127028285964,-0.0011791869196689547,121.75011723029614,-7,0,0
12:35:54:588,1.9791891638624715,1.6046610719656895,121.97731239994089,-0.04368117672707793,-0.004797123518506534,-0.0006515106668782599,122.00392152392072,-3,0,0
12:35:54:710,1.9882569880080816,1.4920427968753576,121.79199057691066,-0.1325901154374678,0.006754365192927378,-0.0012285440494816933,121.8173564244618,-8,0,0
12:35:54:831,2.0098582219631274,1.5485807843557942,121.98667243458365,-0.08977850354053966,-0.01469588853822804,-0.0018955600672613015,122.0130562037542,-5,-1,0
12:35:54:959,1.986658222448034,1.5562624235433709,122.00347643673834,-0.0963684278096043,-0.013293069361064589,0.0003001510116910567,122.02957439192157,-6,-1,0
12:35:55:078,1.9814674026552337,1.608138074072066,121.78416392986827,-0.0020661985724719028,0.002262834984862875,-0.0017225687640513418,121.81089813818012,0,0,0
12:35:55:205,1.9984814547210328,1.5122410189040252,121.69921224748053,-0.13603274778802563,-0.005614448287596713,0.00027177621691300025,121.72501412068694,-8,0,0
12:35:55:325,2.019783927465836,1.5682063579720533,121.65502452396376,-0.1035472941582244,-0.016406864474213755,0.0008249924862690509,121.6818959016544,-6,-1,0
12:35:55:447,2.016431583546606,1.5913167662963863,121.86878395632853,-0.026654694393072654,-0.00817821324331529,-0.0006857386143099434,121.89585221973756,-2,0,0
12:35:55:574,1.9964329942077443,1.529842794781659,121.9490779543761,-0.13441779766171416,0.00036889186042188217,-0.0010672641507064808,121.97501292313768,-8,0,0
12:35:55:693,2.00240575519886,1.5800113240161866,121.89515170860167,-0.04267472305677868,0.006635085943159719,-0.0022042707810777944,121.92183592226411,-2,0,0
12:35:55:825,2.0095384709013864,1.5220726826735187,122.02970394856555,-0.09474007207505546,5.615929041133174e-05,-0.002260218636488387,122.05573970892122,-5,0,0
12:35:55:941,2.005799341707372,1.5111655413571234,121.89973217780523,-0.12508222790222612,0.003352984595504577,-9.324427846603614e-05,121.92559844968252,-7,0,0
12:35:56:062,1.9789250762748825,1.5826916263740094,121.98969863976949,-0.07480933156506876,-0.01767605788220467,0.00043368928157973724,122.0160138320519,-4,-1,0
12:35:56:189,1.9864753624208409,1.5331183943645381,121.71322896332555,-0.14081791061707485,-0.005388089593087109,7.16201651615616e-05,121.73909249314927,-8,0,0
12:35:56:337,1.997874695845725,1.5467565825836063,122.06830210254225,-0.09443786812651876,0.0012834084430440457,-0.0015467849350101963,122.09444842999041,-5,0,0
12:35:56:476,2.008378383758356,1.5493328719168513,122.04043302475351,-0.07295401186278419,0.0030228460406048078,-0.0011208587438660798,122.06679036064517,-4,0,0
12:35:56:601,1.9664799257828698,1.5771757321043867,121.65947562564558,-0.10797010029184448,0.004286464154933327,0.0007539379311251315,121.68558885955024,-6,0,0
12:35:56:722,2.0146979647677288,1.5597376763184063,121.87361567322652,-0.05368543292456673,-0.006512871483898267,-0.0005201295398856128,121.90024604886362,-3,0,0
12:35:56:889,2.0054651576010243,1.5939170624742856,122.00285418058073,-0.05943684782494881,-0.018970974740906903,0.0017811717374600741,122.02974592413295,-3,-1,0
12:35:57:007,1.9648191847699528,1.5450278000384416,121.91918718012379,-0.09279573175012616,0.02359681642993744,-0.0008504188852474316,121.9448064822516,-5,1,0
12:35:57:129,1.997413429936044,1.5429703960754442,121.86925058559791,-0.13016191548543152,-0.0027721549128371585,-0.0015656679037019338,121.89538406497807,-7,0,0
12:35:57:255,1.9774633499389969,1.6233802492721954,121.90091464259929,0.01491309010088782,0.009346704558272268,-0.0011663624073886825,121.92776023300172,1,1,0
12:35:57:375,2.019473574585037,1.5331846881110758,121.97341062406701,-0.09440660278982545,-0.02336773853995061,0.001236238839017735,121.99976159023251,-5,-1,0
12:35:57:501,1.962383975294738,1.5088915925171622,121.86751477944978,-0.1094352028444831,-0.00287982985100759,-0.0012168816049752073,121.89265303218185,-6,0,0
12:35:57:621,1.9723916109966049,1.5387756059908837,122.1379246081657,-0.07360534132603049,0.005436635387284165,-0.0006395609077430156,122.16354115128904,-4,0,0
12:35:57:744,1.9837108004375696,1.5713126510900788,122.24768632391977,-0.08130040742031565,0.006531475135625074,-0.0023395873561957415,122.27387678297735,-5,0,0
12:35:57:868,2.003424313450298,1.5709402595225836,121.7116900662871,-0.0669577011739841,-0.009263909338000866,0.0008461137623783521,121.73831385833567,-4,-1,0
12:35:57:989,1.9875207847939853,1.5832313621038379,122.29122855573843,-0.04883317895529481,-0.009983814067832128,-0.002012297231422729,122.31762523074012,-3,-1,0
12:35:58:124,1.9952757739845217,1.5772604566360018,121.84800142987973,-0.113610804017895,-0.001881043519852643,-0.0031223574269797455,121.87454339778381,-7,0,0
12:35:58:284,1.978222440201661,1.515607686038837,121.8758656191395,-0.11740687477843914,0.00551639326588789,-0.002400735625841528,121.90134146552879,-7,0,0
12:35:58:406,1.9624253021903137,1.5802857101135623,122.19296982076035,-0.05024146082313197,0.00399077622084489,-0.0012062825934325316,122.21894407009708,-3,0,0
12:35:58:527,2.0161857663856857,1.5574748659066382,121.9940028521639,-0.043474309188786316,-0.02017427496883126,-0.0015360474062773308,122.02060262470548,-2,-1,0
12:35:58:653,1.9637196697659125,1.5937629495720986,121.96047059934452,-0.00978278225055256,0.012365626366901613,-0.001057154518602839,121.98669052029582,-1,1,0
12:35:58:776,1.9688449865907927,1.5208647552064465,122.06042992408847,-0.1152197431046812,0.02107330827299747,-0.0011373733603461998,122.08578104528867,-7,1,0
12:35:58:897,2.0197261163420124,1.5595147819847068,121.88035973274299,-0.10562055819217586,-0.013315966682320903,-0.0006729303972170737,121.90706898503919,-6,-1,0
12:35:59:016,1.9873682462151243,1.612385165083715,121.98912607478921,-0.017454066477398385,-0.0013203296178460674,-0.0022476618583841795,122.01596739344184,-1,0,0
12:35:59:142,1.983471351992415,1.5103633087744979,121.6800116797165,-0.13808320289056353,-0.002913681622415311,-0.000257902961488536,121.70554875725514,-8,0,0
12:35:59:271,1.9888763440822268,1.6374333536619294,121.86624600078318,0.04886514301920831,-0.00522514762563939,-0.00341712985473637,121.89347288277226,3,0,0
12:35:59:385,1.9672105372546076,1.507379101966015,121.78545544708652,-0.1461356849778757,0.005419506209402448,0.0010277572063938196,121.81066976053134,-8,0,0
12:35:59:514,2.017443157160314,1.656114541393803,122.07035177755132,0.02211914932168202,-0.005145678647269191,-0.001048231446182541,122.09825377687315,1,0,0
12:35:59:632,2.0305492998978565,1.5986772400071032,122.07452808501145,-0.07149102487097656,-0.008303409619117385,-0.0013554114584764052,122.1018808477383,-4,0,0
12:35:59:757,2.000080132837918,1.5367020355041143,121.72455444453018,-0.08192000096240931,-0.006968081985399333,-0.0009149789891682094,121.75068348228312,-5,0,0
12:35:59:879,2.0284810236854,1.547084002491837,121.83246468725088,-0.12266803563860465,-0.010346551825870045,0.00014135333460525194,121.85917140676958,-7,-1,0
12:36:00:006,1.956985244350449,1.5297859158325644,121.9441834787257,-0.11606301252718437,0.004344477491973797,-0.0016821450699902464,121.96947946305258,-7,0,0
12:36:00:124,2.00527375669789,1.5124903032004584,121.63915552498905,-0.13361929668334557,-0.014499343654118195,0.00042684143292920075,121.66508499396633,-8,-1,0
12:36:00:246,1.9811178171361394,1.531311187072399,121.80691735917998,-0.10978852593604962,0.003884131515410742,0.00100148965498606,121.83265103535722,-6,0,0
12:36:00:371,1.9820764249766014,1.5236013453007005,121.78329688214586,-0.10266943054355447,0.0005483985387240605,-0.0011724699199793672,121.80895446353166,-6,0,0
12:36:00:494,2.0159081892367325,1.5919422505003982,121.96453953167973,-0.028316198846062554,-0.019292390432314777,-0.000617183942942482,121.99158605875665,-2,-1,0
12:36:00:620,1.993501432806955,1.5170286464400808,121.87831890910678,-0.11558117594258477,-0.009691673557276287,0.0005767216443702616,121.90406081827898,-7,-1,0
12:36:00:741,2.0151372766259157,1.573285277877281,122.15545070744344,-0.04250834185114541,-0.002723732746593776,-0.0017755529468463111,122.18220059545447,-2,0,0
12:36:00:865,1.9841321703281214,1.5821362045165852,122.09049414301397,-0.06156022035319222,0.004240684082841433,-0.0015063296084236494,122.11686491031573,-4,0,0
12:36:01:014,2.003692749956619,1.4991974898073446,121.95854124582625,-0.10866702159985638,-0.007243866491933469,-0.0007377063583445104,121.98421275132112,-6,0,0
12:36:01:247,1.9840688973435328,1.6017567540840394,122.07871215158785,-0.08415604023667062,-0.011146657831077439,-0.0026010312772024235,122.10534023816855,-5,-1,0
12:36:01:372,2.004094552449629,1.555785654424828,122.02471667641616,-0.08027062751981408,-0.018109960442379402,0.0010678882646446503,122.0510890731308,-5,-1,0
12:36:01:520,2.0137332056934873,1.5359563696374776,121.7573883557129,-0.10130548801888431,-0.010116227548167956,-0.0021477167810787824,121.78372593494188,-6,-1,0
12:36:01:642,1.995253513939914,1.5344309306309698,121.71134695865133,-0.12010673829127735,-0.0013304032268051382,0.00032356788837538945,121.73737098095626,-7,0,0
12:36:01:762,2.0006301315201482,1.5529655827978281,122.02980459951144,-0.03432080374693649,0.0009061057181393624,0.001495836500293024,122.05608314876994,-2,0,0
12:36:01:891,2.0210349370974883,1.53777175803359,121.89906459639619,-0.08548773869881347,0.00025949797648761985,-0.0001717781251816353,121.92551526925422,-5,0,0
12:36:02:009,2.0065307841886444,1.5664815736030882,122.1813115547893,-0.020000453638357587,0.008587623350984896,-0.0008987436524902188,122.20782676881552,-1,0,0
12:36:02:135,1.9916352692765429,1.545617603433036,121.80636390758812,-0.10604232113097485,-0.010942846152394199,-0.0019263129907047527,121.83244983669029,-6,-1,0
12:36:02:255,2.013505925906745,1.615198124751065,122.09428751232939,-0.03254958435390565,0.00041982987595591054,0.0007042952356711033,122.12157104393643,-2,0,0
12:36:02:379,1.9845836243605042,1.5860061122675544,121.76758949605522,-0.03114689823742417,-0.0010390750924183507,-0.0006550229919474986,121.79408786648902,-2,0,0
12:36:02:544,2.964657888385022,3.3932375126001815,110.05999540866321,0.7347952075448222,-0.05701356880893961,0.13524706003619408,110.15219401612956,42,-6,6
12:36:02:665,1.951720812790217,1.5282954771291195,121.80621882331012,-0.13244414711177763,0.00858021154619641,-0.0007564555131207028,121.83144029858877,-8,0,0
12:36:02:790,1.9644547942879536,1.555385785872741,121.82463611678627,-0.0923638289807401,0.023686111049857572,0.0005794744812210615,121.85040119986918,-5,1,0
12:36:02:913,2.0304940174540365,1.5253661226095747,122.01074028684246,-0.10686165517609716,-0.009010011603789721,2.149480852736931e-05,122.03716808049195,-6,-1,0
12:36:03:032,2.003652604181678,1.5797137077017174,122.14925298342399,-0.08369678308017682,0.010993792766249115,-0.0004361677979043609,122.1758982924417,-5,1,0
12:36:03:163,1.9897729854980426,1.5487984624346463,121.5742878685877,-0.11223891746127251,-0.01144397852891852,8.076326203480684e-05,121.60043356816327,-6,-1,0
12:36:03:282,1.9704535380045929,1.4850087371586016,121.79086351651277,-0.14361768284620852,0.0008718682204258477,1.955902745397598e-05,121.81585436302089,-8,0,0
12:36:03:457,1.9701543144565818,1.5381414149575399,121.94694781591534,-0.1038228495784174,0.017328112894853403,-0.0013839579547686104,121.97256031031225,-6,1,0
12:36:03:575,2.006930764966252,1.5659466750877589,122.10238278036958,-0.08500978682899302,-0.005765934081901872,0.0013609314332805203,122.12891484299891,-5,0,0
12:36:03:690,1.98512361363617,1.5446352128510625,121.88272862410558,-0.12805085413685283,0.00031240600859924327,0.0009738686500716849,121.90867955383473,-7,0,0
12:36:03:820,1.9902167537932045,1.5591311398774157,121.7813340478255,-0.10319882300676825,-0.008185473620417187,-0.00011289755057483349,121.80757437493975,-6,0,0
12:36:03:941,1.9852342342930511,1.5325482033577011,121.7751384258286,-0.08949316053061296,0.00015634979786624526,0.0023149142980958366,121.80096139846492,-5,0,0
12:36:04:062,2.0133802245242958,1.5684052541946714,122.15740831795388,-0.10054194962418808,7.519964061620271e-05,5.3407988439078856e-05,122.18406607217325,-6,0,0
12:36:04:185,2.0124234004890273,1.5641086444154066,121.82146600132276,-0.09671326899906423,-0.01988039684941066,-0.0009257371264890443,121.84812621663826,-6,-1,0
12:36:04:304,2.0015439826686143,1.5416380136171888,121.89835697227369,-0.06293595010918912,-0.018168270560017966,-0.0001797732009643202,121.92453509699945,-4,-1,0
12:36:04:431,2.0000079625714497,1.5396179455030325,122.19924006896393,-0.1090784920535673,-0.013280423651672252,-0.0013663656781116992,122.22530314423746,-6,-1,0
12:36:04:555,1.9805379478562963,1.595832770736896,121.6955216064672,-0.01599260421992319,0.0019384342200215756,-0.0012071652001983584,121.72209820679718,-1,0,0
12:36:04:676,2.0042264161337364,1.5295917955602338,121.5772364123398,-0.10556952196471972,-0.02892077733836807,-0.0008748824476508062,121.6033757271982,-6,-2,0
12:36:04:800,1.9928895609011996,1.5544221301899797,121.98696419698342,-0.11649619150302654,-0.010144036855624561,-0.0028207680650528632,122.0131438450665,-7,-1,0
12:36:04:922,1.9539620256847903,1.561656064633651,121.99407902040886,-0.08811599177979015,0.023133939064623812,-0.0016041382959627783,122.01971993616354,-5,1,0
12:36:05:182,2.0019125288539947,1.6112655210287827,121.87870334472893,-0.01611087108038267,0.007837040169366672,-0.0014606832888875833,121.90579214846552,-1,0,0
12:36:05:288,1.9962779981994594,1.5365437140878833,121.93744511014381,-0.08822200180196207,0.0008393541721994585,-0.0013991989933647005,121.96346425229456,-5,0,0
12:36:05:415,2.0091203295067186,1.532363607297608,121.77024034195337,-0.08963049810969591,-0.0032231993142848078,-0.0011287493284985325,121.79645370724262,-5,0,0
12:36:05:536,1.9762659691146987,1.5869411840420404,122.05021022701276,-0.03731257857043065,-0.01369844845321361,-0.0005999923058852864,122.07652446707475,-2,-1,0
12:36:05:664,2.0075726418688222,1.5561261419894779,121.92375464326511,-0.0599482276702954,0.0021615254721586096,-0.0008977499956709041,121.95021042537513,-3,0,0
12:36:05:782,2.0093926351751983,1.5581532073698054,122.06217954836414,-0.07794893416758134,0.0032370845088067132,5.0790472547923616e-05,122.08866112902139,-4,0,0
12:36:05:903,1.9904121211549175,1.5492496156199071,122.0450774950945,-0.0731954791758503,0.009995067971369764,-0.0012214919759651805,122.07113850360847,-4,1,0
12:36:06:072,1.9908695827601246,1.564112523372571,121.98869011980189,-0.0843672873122235,-0.005042977928929991,-0.0006138396238967296,122.01496025826661,-5,0,0
12:36:06:191,1.9838954326180807,1.56113229817479,122.02362813624455,-0.10726428401449613,0.0029821384852307237,-0.0009795223837087844,122.04973903565899,-6,0,0
12:36:06:313,1.9936753568159582,1.6185306459301392,121.81481256007747,-0.053119678951384815,-0.012300959676220677,-0.0021904972860451633,121.84187679909974,-3,-1,0
12:36:06:479,1.9908695827601246,1.564112523372571,121.98869011980189,-0.0843672873122235,-0.005042977928929991,-0.0006138396238967296,122.01496025826661,-5,0,0
12:36:06:602,1.9971694998839429,1.539026400689817,121.68763853419951,-0.1125664153601401,-0.00719205011578709,-0.0032730077758140966,121.71375707085573,-6,0,0
12:36:06:724,1.9947223040928486,1.6206494352736698,122.169465664816,-0.011124645027698304,0.008670891360170772,-0.00043973905553486764,122.19649652297383,-1,0,0
12:36:06:851,1.9692146302552505,1.5886986709892599,122.213668466836,-0.05582964834429026,0.008970073028888154,-0.0025915687432662773,122.2398565519811,-3,1,0
12:36:06:974,1.9816426197527048,1.540709505139336,121.85104225023031,-0.11486627969637396,0.0022588597979354866,-0.0011029973552815966,121.87689358823951,-7,0,0
12:36:07:097,1.9714579918223074,1.577077036924288,121.93691754867162,-0.09865940471910235,0.00016989920033847969,-0.0028249877077231303,121.96305046966255,-6,0,0
12:36:07:215,2.013968035935826,1.5744584222254425,122.04771194776305,-0.05438388307307518,-0.014420163315414356,0.0014038217325745446,122.07448127375856,-3,-1,0
12:36:07:337,1.9968711547799642,1.5581856113640933,121.88177292317395,-0.05604495818423774,0.0002883777403416126,-0.0006090349380368049,121.90808836047096,-3,0,0
12:36:07:462,1.9962779981994594,1.5365437140878833,121.93744511014381,-0.08822200180196207,0.0008393541721994585,-0.0013991989933647005,121.96346425229456,-5,0,0
12:36:07:584,1.993711522795552,1.5481898545765582,122.02432778252641,-0.09118159700041997,-0.006427811960498006,0.0006892870660785401,122.05043362577369,-5,0,0
12:36:07:711,2.0025938169504105,1.5699249515833535,121.93615399740095,-0.05775627893865226,-0.005820721814490563,-0.0012106810162038637,121.96270207742681,-3,0,0
12:36:07:832,2.031685664909996,1.5143164537376435,121.85412984059062,-0.10113404517875138,0.001729500735336602,0.0009505434794209386,121.88047366239834,-6,0,0
12:36:07:955,2.0244392174525436,1.5901526570114084,121.95583551654921,-0.09766540209883261,-0.0032328388545630796,-0.0005464949009159524,121.98300191484618,-6,0,0
12:36:08:122,1.9528084088687425,1.5273688859972516,122.11481962245763,-0.07207982329744944,-0.0005184302485127342,-0.0011948464225110544,122.13998316612388,-4,0,0
12:36:08:239,1.9916570612686295,1.5622324081382895,121.9382596120472,-0.06859983844004365,0.005335977007468439,-0.002715908587676387,121.96452937293597,-4,0,0
12:36:08:363,2.0032345940509804,1.5491442605536327,121.87474289736912,-0.06851036549819713,0.005160917952296603,-0.0020001443314622107,121.90104902370051,-4,0,0
12:36:08:485,1.9995155387769779,1.5119351114614124,121.8470362860683,-0.14056526519662174,-0.005975108271169702,-0.0016558305074868404,121.87282002919899,-8,0,0
12:36:08:609,1.9495460193584349,1.5183804918135364,121.89304209468528,-0.11376487024800717,0.011876488364616283,-0.0018690972120483727,121.91808692764266,-7,1,0
12:36:08:775,2.0066590847531205,1.6476538711188902,121.78126750447137,0.01835042426686746,-0.012271447154947776,-0.0016483264126555927,121.80894285296564,1,-1,0
12:36:08:896,2.026003466814125,1.532992637602493,121.7634249136128,-0.0885412722300603,-0.009072818805062402,-0.0010456532548258745,121.78992734691776,-5,-1,0
12:36:09:021,1.9959918835135806,1.5453009279373437,122.13847279145293,-0.04766400289440951,-0.007696075610540547,-0.0008429386368003349,122.1645549019249,-3,0,0
12:36:09:143,1.9911460277313928,1.5238714972794214,121.81938335365874,-0.12147556275755089,0.003342457666412376,-0.0021276753651318318,121.84518458892677,-7,0,0
12:36:09:265,2.016686684061579,1.539651279631353,121.90806773571185,-0.08307225769147185,0.004535603924316839,-0.0011740530732119673,121.93446817983606,-5,0,0
12:36:09:432,1.9762756330179998,1.5731833163657432,121.91056612380343,-0.052515368586851296,-0.0016830881899154286,0.0007542598270129375,121.93673238098026,-3,0,0
12:36:09:552,2.001800947744179,1.580860389822162,122.08185161655327,-0.06311221336972579,-0.0024435112886850977,-0.0013915146612433996,122.10849610380363,-4,0,0
12:36:09:675,2.0184647463547107,1.545790454220822,122.19149497672169,-0.09966610252088973,-0.01999538301124872,-0.0007343373574417638,122.21794104265886,-6,-1,0
12:36:09:802,2.007940513663324,1.5411335170342852,121.8994380621018,-0.15298481408192394,0.0004179786428990649,-5.064191108460593e-05,121.92571475074455,-9,0,0
12:36:09:921,1.9687863861955242,1.5899614138457272,121.91943605747927,-0.04609693342560737,0.018600211648375296,-0.0017373341531182367,121.94569687244305,-3,1,0
12:36:10:049,1.9884797316396703,1.5347658408864053,121.6643660681038,-0.11824199678571279,-0.009546966663021935,-0.0013674190645883977,121.69029348548331,-7,-1,0
12:36:10:168,1.9600040378904935,1.5408950689996,121.70363086758424,-0.1102443213517279,-0.002887417404353716,-0.0008660751162434218,121.72916552657139,-6,0,0
12:36:10:292,1.9869662405506159,1.6029548578540855,121.81405064389095,-0.025539109608610503,-0.01724790130420998,-0.001891160136064948,121.84079954346095,-1,-1,0
12:36:10:416,1.9774589369773203,1.5835751149570998,122.40470227843488,-0.03488621231644745,0.006572063253036957,0.0011007991166158053,122.43091600516769,-2,0,0
12:36:10:580,1.9946948069870907,1.5812980140618866,122.01199883298062,-0.011835614296904926,0.004434416331612746,-0.0021096940418846837,122.03854788550035,-1,0,0
12:36:10:706,1.9743435268154028,1.6335619223176723,121.99578294058914,0.010175212714523457,0.0006231128039100798,-0.001969616456069504,122.02269302143459,1,0,0
12:36:10:827,1.9635078923327052,1.5208904253152393,121.70936559363544,-0.08702803320653463,0.007001686889442569,-0.0013798134692271143,121.73470394318244,-5,0,0
12:36:10:946,1.9820836538390971,1.5424973311076522,122.01757053973448,-0.06504878104156839,-0.007566970018863772,-0.0002380400697656007,122.04341634863542,-4,0,0
12:36:11:071,2.0173287976866012,1.5522591756907431,121.95329436568379,-0.08336855110217167,-0.009743715016496776,-0.0017990383298403824,121.9798554297783,-5,-1,0
12:36:11:192,2.0266537655927306,1.566033950738725,121.90345440911432,-0.062323862436106804,-0.02044657090969687,-0.0011818804343918163,121.93035710886552,-4,-1,0
12:36:11:315,1.9815138085920934,1.5342843582099586,121.97771538288472,-0.1287282023055951,-0.007842928169543859,0.0009633270902844608,122.003456817803,-7,0,0
12:36:11:439,1.9876503598127522,1.6207054212980905,122.04066826111686,-0.007715480837600548,0.0008909641168360743,-0.00042984652428497644,122.06761302505863,0,0,0
12:36:11:564,1.9835769745774978,1.5794007439104703,122.06948603868086,-0.09943939556434003,0.005109731499486038,-3.4942230217642156e-05,122.09581690652486,-6,0,0
12:36:11:684,2.001939284447698,1.520035279713513,121.83277771900744,-0.10937612706311708,-0.007572466214083706,-0.0007339570711713262,121.85870504350218,-6,0,0
12:36:11:806,1.9827105833149492,1.5425232678726597,121.9347774744726,-0.11457513771360707,0.003054158545807446,-0.000618823648175469,121.96065134722046,-7,0,0
12:36:11:931,2.003987096654624,1.559382693377432,121.98335359657251,-0.09109381147818083,0.005122672894932318,-0.002970274073738091,122.0097790889501,-5,0,0
12:36:12:053,1.9994154519093463,1.6029533455209235,121.89191061144203,-0.011608235859471334,-0.01583960241735352,-0.0014692603404667477,121.91884593484727,-1,-1,0
12:36:12:181,1.9920420623968909,1.5630457827086812,121.92856051956623,-0.06715021811331713,-0.005875705331954321,0.0007114345417043216,121.95484907977513,-4,0,0
12:36:12:298,2.021087504325217,1.609568591427143,121.94037894419998,-0.06919090136164162,-0.012377917657856792,0.00010578074304709872,121.96774787953468,-4,-1,0
12:36:12:421,1.992435784490314,1.6033568305876083,121.68533758098573,-0.037662559115204074,0.0019172004730605772,-0.0008142702614371806,121.71220947661729,-2,0,0
12:36:12:545,2.0227856964423707,1.5853310833432896,121.82776727559606,-0.06639577228964907,-0.016782410646260845,-0.0004222735195850293,121.85487194188971,-4,-1,0
12:36:12:668,1.9684220777376316,1.5520226378550899,122.07361777913633,-0.10457603993887775,-0.006574862365644605,-0.0017157642685840368,122.09935142100963,-6,0,0
12:36:12:793,1.9848096233308001,1.5731061599832155,121.89588137108733,-0.08604298619354848,-0.00019513086435480942,-0.001109159275482133,121.92218841320738,-5,0,0
12:36:12:956,1.974031575233581,1.5610462055699033,121.76323839227273,-0.01660427820083495,0.010749393760685748,-0.0008746154932882584,121.7892437356,-1,1,0
12:36:13:080,2.015443975487581,1.5285249325078005,121.73613613045572,-0.12980653426008362,-0.011605894521374406,-0.0005159318536963228,121.7624130955874,-7,-1,0
12:36:13:203,1.9926022231263765,1.5583251981252089,121.77812957573563,-0.10408125767431788,0.0022729813894865896,-0.0007634932994146223,121.80439928018765,-6,0,0
12:36:13:330,2.020047174032248,1.5811271775692135,121.96447552458041,-0.04300557607149671,-0.022535734321948685,0.0014091764551954747,121.99144987958351,-2,-1,0
12:36:13:449,1.9770778400438966,1.5680106530320796,121.91786090274314,-0.09395896767586359,-0.002704062786217367,0.001171346659884666,121.94397197604415,-5,0,0
12:36:13:570,2.015073343073007,1.5698924712247968,121.89032862260616,-0.09058154132406061,0.00603001841969062,-0.001128088083902028,121.91709188902142,-5,0,0
12:36:13:696,1.983814920905482,1.5345311502411605,121.68670387710748,-0.10138280172591767,-0.0037265514262972877,-0.001635726395158916,121.71254745492065,-6,0,0
12:36:13:815,2.0225888135503,1.5518917970219255,122.02390213674504,-0.12134814058354713,-0.001153828349634708,-0.0015243110386325752,122.05053021735011,-7,0,0
12:36:13:961,1.9771454351442588,1.5755231780113947,121.92971091718846,-0.0665159187357535,0.023066460534887315,-0.0013660413441977167,121.95591737060285,-4,1,0
12:36:14:106,1.9931433939120664,1.5399532079817768,122.25315907847379,-0.05818448819408542,0.010730417092175088,-0.0013442508870373023,122.27910279822177,-3,1,0
12:36:14:225,1.9936116273747357,1.5860817546345143,122.00875549034086,-0.03740761218465854,0.005290281250351094,-0.002117431791214143,122.0353496285194,-2,0,0
12:36:14:351,1.9992021622085556,1.5323643280855648,121.97095334828849,-0.11327586230633176,0.010924599266955352,-0.0021745537781649414,121.9969606605416,-6,1,0
12:36:14:515,1.995253513939914,1.5344309306309698,121.71134695865133,-0.12010673829127735,-0.0013304032268051382,0.00032356788837538945,121.73737098095626,-7,0,0
12:36:14:637,1.9922710160864838,1.5796260245687341,122.03044311138824,-0.08061347029268326,0.02042493269236814,-0.0021354087434583583,122.05692691584855,-5,1,0
12:36:14:760,2.014990703038995,1.5324371824531309,121.91622067121645,-0.1295112062289562,-0.00809602628843167,-0.001189556343605357,121.942500441824,-7,0,0
12:36:14:885,1.9723535512057058,1.5497595707066392,121.74406205904145,-0.13399560979899805,-0.0026631087392667563,-0.0005186696807706777,121.76990013912997,-8,0,0
12:36:15:005,1.9897218578138138,1.498899953274032,122.02993606193732,-0.1486183204280548,-0.0039012456789045834,-0.000186032494292094,122.05536034694214,-9,0,0
12:36:15:132,1.9961642111962787,1.5539830227867477,121.88179838168323,-0.11372346996868248,8.96582637288354e-05,-0.00033508012912607916,121.90804859215183,-7,0,0
12:36:15:251,1.9710413042330002,1.641699422325408,121.95372857847276,0.006384105902712665,0.016222462425518575,-0.002612129560916369,121.98070378140987,0,1,0
12:36:15:376,2.000271342074839,1.610517488866711,122.19689407314479,-0.041618254133485806,-0.011954699830561903,-0.0015063470176139096,122.22387562643904,-2,-1,0
12:36:15:496,1.9946355816958146,1.4969617043783117,121.68364256786515,-0.12193488636052424,-0.015454882867994891,-1.679550380030752e-05,121.70919576610514,-7,-1,0
12:36:15:620,2.006526675098635,1.5383660452717995,121.99312840208711,-0.06993056795206255,-0.009937520316419575,-0.0016465823931616592,122.0193267343958,-4,-1,0
12:36:15:744,1.9950622461267218,1.5788921525782587,121.56478643048317,-0.06830475068574592,-0.004806570751544889,-0.001970073395568084,121.59140789416158,-4,0,0
12:36:15:911,2.0057872233688028,1.5208859789335125,122.04579248399175,-0.11445252686734861,0.005506720169080194,-0.0011724713940702977,122.07174832692421,-7,0,0
12:36:16:071,1.9838164696356366,1.5517774718621573,121.9250641080989,-0.06609435808195586,0.01577983825852651,-0.0008384333005677431,121.95107543138519,-4,1,0
12:36:16:193,2.010904108420894,1.5695289562398225,121.89208144922696,-0.09114676226979913,0.011850957849572609,-0.0001993847802659974,121.91877081279453,-5,1,0
12:36:16:319,1.9792326717567137,1.5780700272663097,122.14468305305918,-0.08590949237673834,0.010284322556777883,-0.001845775125540326,122.17091006091502,-5,1,0
12:36:16:444,2.0011763886681373,1.5138268996550512,121.88248871141916,-0.10255994279572617,-0.007058748189023173,-0.002216946307121982,121.90831568564099,-6,0,0
12:36:16:565,1.987315213788994,1.5788048224861426,121.94727925275518,-0.06229275169238555,-0.014454875956472565,9.211281907019867e-05,121.97368963664219,-4,-1,0
12:36:16:690,2.0117426197262573,1.5849744497271667,121.94839092709131,-0.05366113096764041,-0.0027379436745110174,-0.0017560721119542072,121.97528152081058,-3,0,0
12:36:16:812,2.010278590474669,1.5923803805750674,121.88145771948989,-0.10995308707342512,-0.002239531841534463,-0.0006944741198844462,121.9084354387159,-6,0,0
12:36:16:934,1.9902747813811723,1.5651246246591966,122.08745780360633,-0.12135453248102258,-0.0024865263846260187,0.00010710344333995669,122.11370996634027,-7,0,0
12:36:17:059,2.000080132837918,1.5367020355041143,121.72455444453018,-0.08192000096240931,-0.006968081985399333,-0.0009149789891682094,121.75068348228312,-5,0,0
12:36:17:185,1.9753481765310374,1.6714675557690435,121.7670417962979,0.034016343355603815,0.008467559115194132,-0.00253899414991795,121.79453301371895,2,0,0
12:36:17:303,1.963926786562685,1.5559320999747197,121.84756068889196,-0.10960110045988808,0.009756091216924475,-0.00021965604854715158,121.8733193892573,-6,1,0
12:36:17:472,1.968206780359064,1.576162266564797,122.00160780601473,-0.06737363341677376,-0.005522550833068134,-0.00018674960519545012,122.0276625715392,-4,0,0
12:36:17:590,2.0119109234233545,1.5708386545357382,122.06748210303226,-0.11195769409389479,-0.000718430416686101,-0.0006938466363082796,122.0941665544119,-6,0,0
12:36:17:710,1.996964305751548,1.5119846231104745,121.83836232162403,-0.12202832158969316,-0.016940830280551586,-0.0017845181656951706,121.86410668098422,-7,-1,0
12:36:17:834,1.9983144342379708,1.5899980503007884,121.88120042420792,-0.028746087698090284,-0.0010694456324502237,-0.0007873595480333952,121.90795040203072,-2,0,0
12:36:17:955,1.9921140833399507,1.5523586583193965,122.01054836159867,-0.0847677534132395,-0.020551060877796623,-0.0012257572809890572,122.03668402338334,-5,-1,0
12:36:18:082,1.9896619059905585,1.5115220872560855,121.84074521667246,-0.1225336949138677,-0.0077799202860549515,-0.0013550719109816601,121.86636389289092,-7,0,0
12:36:18:202,2.0037552337885445,1.5905051476481744,122.1153070598486,-0.03424696726568965,-0.002974043865074084,-0.0007323268806340431,122.14210150469304,-2,0,0
12:36:18:327,1.9812780672009982,1.5454254619335175,122.0672769071295,-0.0966295637975184,-0.006388344970716131,-0.0004041785482175263,122.09313614679489,-6,0,0
12:36:18:453,2.0134349094505732,1.6034067893544994,122.02586658482196,-0.030522497305448697,-0.0021861481661918946,-0.0009077074846599536,122.05300876768057,-2,0,0
12:36:18:571,2.0020391836227547,1.5739794311174644,122.03369974854593,-0.05479274116073546,-0.016977360523709257,-0.0011901506198818816,122.06026972959137,-3,-1,0
12:36:18:775,2.0113024883628743,1.548678492337709,121.92545775102484,-0.1053471390607134,-0.017167355467481337,-0.0013568450258728251,121.95187981564395,-6,-1,0
12:36:18:902,1.9916352692765429,1.545617603433036,121.80636390758812,-0.10604232113097485,-0.010942846152394199,-0.0019263129907047527,121.83244983669029,-6,-1,0
12:36:19:023,1.9859396112297074,1.5378684307889534,121.86639408756069,-0.10168336777868713,-0.014433373146674854,0.0007510149373425739,121.89227622517562,-6,-1,0
12:36:19:150,1.974806472839727,1.5098621014990994,121.89415340342468,-0.1454828546456546,0.011007442396059329,-0.000902609916981094,121.9194987608969,-8,1,0
12:36:19:271,1.9688169266611872,1.583422273955446,121.99620368438119,-0.04065031028776453,-0.007495234057026967,-0.002126974840529757,122.02236344043409,-2,0,0
12:36:19:395,1.9997182777080182,1.5532587563070632,122.0172785639116,-0.10118122273406309,0.011261247646189803,-0.002271333494742043,122.04354859679165,-6,1,0
12:36:19:517,1.9945832223666247,1.5537023768109477,121.73530863055342,-0.09226717610719216,-0.000932904603346271,-0.001353393147729489,121.76156093235151,-5,0,0
12:36:19:638,2.0124234004890273,1.5641086444154066,121.82146600132276,-0.09671326899906423,-0.01988039684941066,-0.0009257371264890443,121.84812621663826,-6,-1,0
12:36:19:761,1.9787553643657299,1.5361577892203304,122.20065059459684,-0.11427271876087843,-0.0013642167977782162,-0.0004810441015825221,122.2263239211919,-7,0,0
12:36:19:887,1.9992601454172345,1.5755042153665364,122.03667248119285,-0.10393475548208753,-0.000994400546376754,-0.0014651159301821758,122.0632159372496,-6,0,0
12:36:20:009,2.001672651359151,1.5514114443456182,121.92708548330738,-0.08375653372095544,-0.004279589586158197,8.964197303296482e-05,121.95338349273705,-5,0,0
12:36:20:131,1.99533346615533,1.6278827570749408,122.12658424127427,-0.0162573536166705,-0.005937319289653255,-0.00010925757324770873,122.15373075085756,-1,0,0
12:36:20:260,2.003758550210457,1.5383784233389604,121.95242300314722,-0.12152173574885286,-0.006899970495809664,0.00018601189794377644,121.97858473043325,-7,0,0
12:36:20:377,1.9917481384356845,1.5101714008730955,121.88454755355845,-0.12588539780683744,0.004995290273823805,-0.0006254661035809697,121.91017435244126,-7,0,0
12:36:20:502,2.0179156320907934,1.568462930772779,122.0947400661499,-0.08095744476284342,-0.006526980260747755,-0.0005837332731960186,122.12148709905294,-5,0,0
12:36:20:628,2.0087368896155366,1.569928748140162,122.16702928987726,-0.09856481201448503,0.004740299211933118,-0.0009453813705243306,122.19362808951892,-6,0,0
12:36:20:748,2.0186460663332215,1.5152171698539911,121.77918934612613,-0.11530968191218106,-0.027902445055023234,-0.00011337111068628866,121.80534377773654,-7,-2,0
12:36:20:875,2.014671933002846,1.562963790320684,122.01617426333304,-0.036535821368736725,-0.003590087562329314,-0.0005421212699120255,122.04281437539672,-2,0,0
12:36:20:995,2.006763469148349,1.5755944081734345,121.99847765798977,-0.05153084383321566,0.018443029135800204,-0.0007544522053170444,122.02515375211459,-3,1,0
12:36:21:115,1.9991170940965155,1.6181946910718112,122.09967932114459,-0.028697547467972047,0.01500187822367569,-0.0013718558109558343,122.12676493521175,-2,1,0
12:36:21:249,2.02686291852462,1.5420178647073155,121.89110171580764,-0.09636707978883209,-0.007887167805690024,-0.0011890685616546303,121.91770449725065,-6,0,0
12:36:21:364,1.9703086769003755,1.5532771518705428,121.87904466132632,-0.06277243078551457,0.002039161584681998,-0.0020036323539381123,121.90486583295339,-4,0,0
12:36:21:532,2.0127089220519925,1.550967052008736,121.99706366265663,-0.10395089088078881,-0.003383526913831,-0.0012156524976931493,122.02352247952695,-6,0,0
12:36:21:800,1.994792558033703,1.5851387452299706,121.79728818549644,-0.04942072747173459,0.0025186684461685374,0.0007583386877460266,121.82393554442446,-3,0,0
12:36:21:940,1.9872359832311615,1.61228854596544,121.89039611831484,0.0006809136302596383,-0.0008774039799715206,-0.00021289526810064956,121.91725573965402,0,0,0
12:36:22:058,2.0093465675227633,1.560637383432586,121.92885457197873,-0.07058802595525838,-0.0014241875268081884,-0.002599060464925336,121.95539610819081,-4,0,0
12:36:22:186,1.9897738289142026,1.5402510514710481,121.94244941296509,-0.10053325234240745,-0.004855074351337483,-0.0005068649258477772,121.96840796708523,-6,0,0
12:36:22:307,1.9967839074453455,1.5507182536331345,122.00536750867356,-0.08696850893235292,0.002248808129127978,-0.00059244441388867,122.03155974583657,-5,0,0
12:36:22:428,2.0116278757744723,1.5720619137062788,121.77055881130678,-0.1012562935801847,-0.019834624567731923,-0.0007142923203017329,121.79731942283887,-6,-1,0
12:36:22:552,2.027889421611719,1.576993920409502,121.9010819430151,-0.098154331253575,-0.0227182734852573,-0.0011269175322837373,121.92814697275185,-6,-1,0
12:36:22:676,1.9921326585747754,1.5563976102210288,122.09307634640868,-0.09873435045719473,-0.004712289149952131,-0.0003350857378553735,122.11924605802494,-6,0,0
12:36:22:842,1.9888980009431483,1.5663400514903962,121.99709974745102,-0.09870226002641234,0.011402838884114181,-0.0002033065880604268,122.02336449715101,-6,1,0
12:36:22:964,2.0047264451965803,1.490968844809922,121.77396368181923,-0.13388222192637977,-0.012986552964081192,-0.0011955403200909717,121.7995900937162,-8,-1,0
12:36:23:085,2.023747202895885,1.5602527392908394,121.98003017472712,-0.08974700717853006,-0.0018924793005086866,-0.0006100613237213029,122.00679367469269,-5,0,0
12:36:23:206,2.003652604181678,1.5797137077017174,122.14925298342399,-0.08369678308017682,0.010993792766249115,-0.0004361677979043609,122.1758982924417,-5,1,0
12:36:23:347,1.9899141347496565,1.5960757777794126,122.01651850690742,-0.07359333330005628,-0.015613244198535107,0.0007774424393343538,122.04318090208305,-4,-1,0
12:36:23:455,2.0385250314083323,1.5907119799825598,121.94672081060577,-0.04575225890323322,-0.004763895235218849,-0.0003651058502658339,121.97413113183782,-3,0,0
12:36:23:578,1.9604119892635796,1.591009862076379,121.7389236169207,-0.05613661478190091,-0.001575579377275208,-0.0007636553565001942,121.76510194203972,-3,0,0
12:36:23:702,2.003182790140519,1.5595049643424237,121.87810210339129,-0.10531503903942906,-0.0074189998688200705,-0.00010761814205839657,121.90453875614803,-6,0,0
12:36:23:834,1.9533347233968468,1.5598718714113844,121.82470576328686,-0.06874089276242085,0.007454800937659512,-0.001219786545208272,121.85034940905285,-4,0,0
12:36:23:948,2.0019589946201806,1.5726973001563493,122.33632526842062,-0.06489107699995034,-0.011607822437674204,-0.0011792159515999817,122.36281173949408,-4,-1,0
12:36:24:072,2.009038863343358,1.5552932892420595,121.795992044538,-0.12745651484341525,0.01019796397775055,-0.0014791509805492707,121.82248910805897,-7,1,0
12:36:24:191,1.98561728467157,1.5371087956917477,122.16563751873015,-0.09404897749365802,-0.009289006166994886,-9.742606091282554e-05,122.19144147528806,-5,-1,0
12:36:24:317,2.007808249220461,1.5834217849416112,122.02029514500555,-0.07463635232790461,0.0024561254856307014,-0.0021209743279008274,122.04708495408208,-4,0,0
12:36:24:442,2.0266414756679607,1.546887157526727,121.73530021287888,-0.10201670465712362,-0.022763358390516665,0.000790948001748522,121.76199511123644,-6,-1,0
12:36:24:558,1.9872858365643105,1.5491071529284022,121.82750471279844,-0.10153960170230827,-0.006353605472421193,-0.0029397770427504093,121.85355941668011,-6,0,0
12:36:24:725,2.0102818924339694,1.5423529699757639,121.90024449663535,-0.09612845999355571,-0.002305795352562416,-0.0012782394133159694,121.92657501263011,-6,0,0
12:36:24:845,2.002353830922377,1.5220540025167095,121.78577555590148,-0.12303702213941749,-0.007931014624179085,0.0008421158482517173,121.8117449058308,-7,0,0
12:36:24:969,1.9506709725519682,1.524138080737049,121.88386536801835,-0.08739491350533833,0.011960256671163945,-0.0006305700417145706,121.90900192841188,-5,1,0
12:36:25:098,1.970155031227726,1.5277148210719929,122.0381261124174,-0.10415978628641913,0.005474411045872318,-0.0009054255652923972,122.06358854487233,-6,0,0
12:36:25:214,1.999441081975719,1.5346757959318313,121.7188766449049,-0.11997403425334076,0.006983408200897722,-0.0006080043258137841,121.74497084535561,-7,0,0
12:36:25:345,2.0067209234145054,1.587943765534754,121.8557422181954,-0.06372579451465046,-0.011500940548347716,-0.0004657535791582399,121.88260911965357,-4,-1,0
12:36:25:462,1.9833953516296101,1.557497002427141,121.90595698496041,-0.0743582046758495,-0.013307232128199436,-0.0026421463863255243,121.93203845770992,-4,-1,0
12:36:25:587,1.9756617918526025,1.53055475362153,121.9509858402718,-0.11515886027315059,0.010686386473673518,-0.0016195431415271975,121.97659113446232,-7,1,0
12:36:25:712,2.0393860715405725,1.5678247471571314,122.08445907806339,-0.08186469424025124,-0.017929755414384036,-0.0005544196231051239,122.11155685834952,-5,-1,0
12:36:25:839,2.031670089272461,1.552199472722661,121.82550381818811,-0.0969815988662099,-0.014204281906090622,-0.0004838448174733222,121.85233024899496,-6,-1,0
12:36:25:958,1.977306445808038,1.5170362957030936,121.81362151347584,-0.15038014944016576,0.006929256119343838,-0.00019583961912287182,121.83911328523143,-9,0,0
12:36:26:139,2.0005311636956153,1.561607559637261,121.83471453615842,-0.0837405934997827,-0.020598404903102583,-0.002293507160925141,121.86114396810184,-5,-1,0
12:36:26:281,2.014814407101432,1.61299025629828,122.0535109505849,-0.01831699011648651,-0.003456610848082863,-0.0013346617584342984,122.08079599194348,-1,0,0
12:36:26:409,1.9560338881357526,1.597488668218165,121.8664801025533,-0.05069262734645719,0.02013489569170499,2.1446365340367684e-05,121.89264543524618,-3,1,0
12:36:26:530,1.9566116073610507,1.554801125295008,122.02267384858202,-0.09903962433213172,0.007183570135591929,-0.0008108704675005618,122.04826368563667,-6,0,0
12:36:26:658,2.0004536163463604,1.5689156951498269,122.03583110515646,-0.11389367418154606,-0.016121045612208697,-0.0007084676261953643,122.06230943520573,-7,-1,0
12:36:26:778,2.012468536534108,1.5685583709633173,121.88349872480168,-0.10995737135627089,-0.018866758594460183,-0.00048600492262562174,121.91020329066961,-6,-1,0
12:36:26:899,2.0137413424231516,1.5572785250118337,122.02952279440996,-0.061232269464778825,-0.004983729620058824,-0.003122156912763066,122.05607196706794,-4,0,0
12:36:27:061,2.015602727038194,1.5871364258930123,122.09741325267393,-0.054839779726557264,0.009755014894174163,-0.0010711621441600837,122.12436275936868,-3,1,0
12:36:27:187,1.9921103026618272,1.6384305660576424,121.7782109517242,-0.009107191074109608,-0.010486954306790716,-0.002491230818977728,121.8055237695746,-1,-1,0
12:36:27:306,2.018952643988277,1.555236889558333,122.09810444641491,-0.10060689402401864,0.00602930816053139,-0.00022242105892863288,122.12469873440406,-6,0,0
12:36:27:432,1.9701543144565818,1.5381414149575399,121.94694781591534,-0.1038228495784174,0.017328112894853403,-0.0013839579547686104,121.97256031031225,-6,1,0
12:36:27:553,2.002505809608057,1.587790423505936,122.06605030073032,-0.053047538694794116,-0.015906107356218127,-7.000663532225495e-05,122.09279972204305,-3,-1,0
12:36:27:677,1.985232087227625,1.6076383898201474,122.20601995153872,-0.045825894060718096,-0.007513456648338606,-0.0006140428690752089,122.23271640615889,-3,0,0
12:36:27:799,1.9873486558713311,1.5909788955149315,122.08809064121469,-0.016757814849980124,0.014191174637412565,-0.0018844162358071764,122.11462911929685,-1,1,0
12:36:27:965,2.0128483781773494,1.520574175310217,122.04839702670336,-0.11530940143176156,-0.0020186828944022224,-0.0001253070215319568,122.07446465663475,-7,0,0
12:36:28:083,1.9779309910462173,1.5693707622454385,121.75422866418197,-0.10475449045475041,-0.02259417658806761,-0.0006660491812141552,121.7804061957614,-6,-1,0
12:36:28:213,2.0040884959731593,1.5422079325442513,121.84275626597619,-0.11236022891125091,-0.010387957107502762,-0.001173644105751539,121.86899536181043,-6,-1,0
12:36:28:335,1.9969485098364985,1.5620063950218912,122.18389124991184,-0.0757923513245633,-0.021778268082287944,-0.00013677086820024288,122.21019167115037,-4,-1,0
12:36:28:458,1.9872858365643105,1.5491071529284022,121.82750471279844,-0.10153960170230827,-0.006353605472421193,-0.0029397770427504093,121.85355941668011,-6,0,0
12:36:28:579,1.9806215537604808,1.6370738457245027,121.71821735424837,0.02171783062693712,0.0014256716499273046,-0.002835889340349796,121.74533793296409,1,0,0
12:36:28:707,2.027240899985807,1.59727158992483,121.80167726832846,-0.08285782732556508,-0.0081732737808514,0.00034334552561949037,121.82901775675859,-5,0,0
12:36:28:829,2.0087901305307687,1.5779749926227908,122.10092211884806,-0.06778141812505355,-0.009775172529404654,-0.0009907796547033861,122.12763989015288,-4,-1,0
12:36:28:951,2.0040111439782424,1.5768902002011274,121.90523893753863,-0.06370392654802746,-0.022155093048875644,-0.0016368467792729942,121.93190691442115,-4,-1,0
12:36:29:075,1.9857610044813656,1.5284451569311222,121.88768185485637,-0.08132598302101118,0.0002705943841258558,0.0008231535524864431,121.91343805879377,-5,0,0
12:36:29:209,1.944225136292022,1.6185727556597684,121.91739937861563,0.023639582901647742,0.03232728997227966,-0.002220836782436936,121.94364296834345,1,2,0
12:36:29:321,2.0105920088389317,1.5568973456920827,122.38573720386061,-0.1064786267955493,-0.007262699932643094,-0.000757303906361942,122.41215250335019,-6,0,0
12:36:29:445,1.997734049487591,1.6034078764097173,122.02676420783189,-0.014562673323728457,0.003441617698432848,0.000373426045272134,122.05364820923796,-1,0,0
12:36:29:566,1.9952538914190077,1.5017079734959509,121.67602547499875,-0.13279059655369554,-0.017213199710688475,-0.0007695545998500913,121.70164888086533,-8,-1,0
12:36:29:690,1.9910662693930175,1.5240475115646877,121.75269897749648,-0.11904054016251557,-0.011514991706249493,-0.0018399742481438211,121.7785152398053,-7,-1,0
12:36:29:849,1.9603064231013627,1.5889371527796528,122.03508498821353,0.028652709298718316,0.01658343217324832,-0.002358070926001782,122.06117110133113,2,1,0
12:36:29:974,1.9811891274034348,1.6031567402091835,121.90628266566368,-0.011711326280395106,-0.008608718295455958,-0.0015898465493971576,121.93291998165596,-1,0,0
12:36:30:099,1.9839812768423761,1.5621080521527304,121.89297053630875,-0.06758070836764528,0.000803318161632467,-0.0014318062996990066,121.91912331311646,-4,0,0
12:36:30:324,2.014458490774284,1.5231403707364768,121.77908354022054,-0.10348582431337416,-0.01005418786596169,-0.0016526773933164072,121.80526748665689,-6,-1,0
12:36:30:465,1.9709689670073411,1.541992921150149,121.93705586685195,-0.11550081385365377,0.017230244893819524,-0.0001578897578359128,121.96273223535769,-7,1,0
12:36:30:593,1.974004346828961,1.5087934951987936,121.67657987043631,-0.12200450019630561,0.00899557225733288,6.94686768556683e-05,121.7019442734549,-7,1,0
12:36:30:712,1.9712169371532844,1.5793084728475022,121.92944713667471,-0.04457688178295484,0.00467641739906547,0.0007765742107252736,121.95560663832099,-3,0,0
12:36:30:850,1.9716780927522872,1.5825050730959478,121.96106171835955,-0.07430355683833002,-0.01093047333700894,-0.0009229447736202996,121.98726331989468,-4,-1,0
12:36:30:962,1.9825367058226544,1.5675083093841662,122.23889499507442,-0.0695103114102397,0.022631088576482068,-0.0013420004311077013,122.26501946062395,-4,1,0
12:36:31:083,1.992876395958002,1.5777661380707282,122.04614432311007,-0.06644860353949611,-0.020381863127924085,-0.0013337582085099213,122.07261054984211,-4,-1,0
12:36:31:210,1.9767082878525406,1.5645432417208711,122.18685414020739,-0.02272164198180785,0.01403671249996994,-0.002362273334014801,122.21285732643187,-1,1,0
12:36:31:331,2.0053281299000765,1.5947625059148192,122.0359170420686,-0.04256307953556872,-0.019560125760739816,-0.00028892664144397644,122.06281029313347,-2,-1,0
12:36:31:494,2.0133780733596853,1.5470458095188617,121.95610245082851,-0.1085739967616221,-0.018116301744843036,-0.00018917678389327158,121.98253140101666,-6,-1,0
12:36:31:617,1.9965175082204323,1.5439736888032516,121.82326404012535,-0.1092493380585719,-0.0018068945858856252,-0.0014162367733312703,121.84940540807922,-6,0,0
12:36:31:740,1.9944875820673809,1.5500807329517063,121.98419385888855,-0.10489636397560594,-0.010349673371414231,-0.001272680943966306,122.0103449810572,-6,-1,0
12:36:31:862,2.0077866789794663,1.5451706423029106,121.79448816486797,-0.10637068706677218,-0.016124475929546304,-0.0018403055045343552,121.8208360954902,-6,-1,0
12:36:31:986,2.0069977293470025,1.5111860414659863,121.82696648386266,-0.1411107830122381,-0.015415436587276852,-0.001628236430558358,121.85286818863855,-8,-1,0
12:36:32:109,1.9891393766203709,1.5498207684547345,121.90482555793676,-0.06822963325612441,-0.006615931522428237,-0.00316204420457049,121.93090303194242,-4,0,0
12:36:32:240,1.9784924083463686,1.5862633207417607,121.9311035724079,-0.08532534478857401,-0.018267539698490442,0.0006871583918791948,121.95747079173903,-5,-1,0
12:36:32:360,2.0178170735298133,1.5518560989640349,121.80829836578648,-0.07989964002787588,-0.025533280405231392,-0.00027018382460048177,121.8348939912642,-5,-1,0
12:36:32:486,1.979605024963428,1.518904260573681,121.89382041370307,-0.11299984778680706,0.007751642064269349,0.001487598202948875,121.9193559745775,-6,0,0
12:36:32:607,2.005972401704779,1.5483487949393344,122.14715624648619,-0.07717527219882378,-0.00671200984893309,-0.0017481365496035313,122.17343855507507,-4,0,0
12:36:32:725,2.0131113923021418,1.5425154988196152,121.8492528914294,-0.11212449150551929,-0.006812204369574631,-0.0011326991993891964,121.87564318493433,-6,0,0
12:36:32:849,2.0090459250684063,1.5527635123418657,121.94724915562337,-0.11729400341758857,-0.015040322708687923,-0.0017854168836127747,121.97368124590639,-7,-1,0
12:36:32:971,2.007554283137317,1.5438259795622111,122.07134400028244,-0.08157737524239807,0.0051555852799244975,-0.00046980619830892117,122.09761135620224,-5,0,0
12:36:33:112,1.9983810999929643,1.5498323990634242,121.80479059943013,-0.11793809636339625,0.008888113354319568,-0.0017738133133139817,121.83104087406058,-7,1,0
12:36:33:306,1.9829621524824033,1.5019456263162592,121.51932904833137,-0.1461594962348061,-0.0055402267969222,-0.00017901579964008804,121.54478726757154,-8,0,0
12:36:33:424,1.99596972866543,1.5756534039521806,121.77193088964711,-0.045300916755368306,-0.001883913463856729,-0.0021586635202692508,121.79848000447349,-3,0,0
12:36:33:549,1.9846841923964589,1.5725433542814573,122.13404087460292,-0.07648049817842646,0.017765572173429344,-0.0017301429706140818,122.16028734537186,-4,1,0
12:36:33:711,2.0149462582801485,1.5694467583462945,121.9528373491409,-0.058850108524670354,-0.032921984722147184,-0.0005684095140794736,121.97957906574796,-3,-2,0
12:36:33:829,2.0013849535492496,1.5470816859267418,122.21531544164002,-0.09844308296970956,-0.010202049855995605,0.0027455636567019722,122.24149185924882,-6,-1,0
12:36:33:955,1.9916352692765429,1.545617603433036,121.80636390758812,-0.10604232113097485,-0.010942846152394199,-0.0019263129907047527,121.83244983669029,-6,-1,0
12:36:34:081,2.004300287420297,1.5374572721792552,121.94414878809478,-0.1227343746168479,-0.008873009511280512,-0.0009325583955940274,121.97030957638391,-7,-1,0
12:36:34:212,1.9641200942181447,1.5769925187149192,121.89159373595932,-0.08009400711927334,-0.002453052204887409,0.00035924023291770475,121.91761684285315,-5,0,0
12:36:34:329,1.9967999845911397,1.5920645552527704,122.17498145014122,-0.03368606184419682,-0.0076493712508095,-0.0007460594092902688,122.20166926874978,-2,0,0
12:36:34:445,1.945319295510322,1.6144050525576437,122.08646217765644,-0.0664594614169722,0.023489720206409742,0.000903468292365793,122.1126316885012,-4,1,0
12:36:34:579,1.9702533842203385,1.5395776093109437,121.8262180117206,-0.11582199322007058,-0.013013845024216632,-0.001127581616561785,121.85187562221765,-7,-1,0
12:36:34:701,2.0176089698631956,1.5520580210916963,121.74058373117751,-0.1124798296006563,-0.01363882339603084,-0.0006129724658682711,121.76719327168524,-6,-1,0
12:36:34:817,2.0038256958533287,1.576947637374658,121.99549221128827,-0.08315819856650858,-0.006367884965809751,-0.0011011227876584074,122.02213816002767,-5,0,0
12:36:34:944,2.036721578237386,1.5741612852398696,121.85564991481628,-0.08319465359375405,-0.018281829609530103,0.0004087796926631006,121.88283568534771,-5,-1,0
12:36:35:079,1.9808816806876015,1.5382972106038153,121.67313160249147,-0.0956177825021716,0.014470251405066659,-0.0005929015383681822,121.69897782848565,-5,1,0
12:36:35:232,1.99596972866543,1.5756534039521806,121.77193088964711,-0.045300916755368306,-0.001883913463856729,-0.0021586635202692508,121.79848000447349,-3,0,0
12:36:35:351,1.997225063652077,1.550647423327837,122.00890897660099,-0.1225325162501423,0.0007055957085602127,-0.0011570442300813915,122.03510677279247,-7,0,0
12:36:35:470,2.027432384207905,1.574040685594835,121.98733243776125,-0.07015788911935983,-0.005851260819728614,-0.0009004958896269479,122.01433260659716,-4,0,0
12:36:35:597,1.9827400994307565,1.5534816062957184,121.9679241733231,-0.11705610561186953,-0.012232841572625669,-0.0023799066647057173,121.99393054800916,-7,-1,0
12:36:35:716,1.9527594835858537,1.5486710636956147,121.8618820850545,-0.12106467015187931,0.008472743816026678,-0.0008412336030823062,121.88736586281611,-7,0,0
12:36:35:851,1.9736265035622875,1.644488420623279,121.8422300552413,0.012802403035840187,0.013922910311603217,0.00041954805706469433,121.8693093792505,1,1,0
12:36:35:976,1.9653694601265526,1.585504731369568,121.88259300517358,-0.034846339936057916,-0.004278960864795387,-0.0006968580253519086,121.90874857873318,-2,0,0
12:36:36:129,1.9810486091936539,1.6027975594160901,121.82556066536718,-0.04225949069205143,0.002341086820330816,-0.0023906944994172845,121.85220861781504,-2,0,0
12:36:36:249,1.9971343332523586,1.5364048804565984,122.05995114693604,-0.0922022737244867,0.0026386984940991753,-0.0008997378119444169,122.08595643846249,-5,0,0
12:36:36:377,1.988116571475511,1.5923130923167832,122.01495295950605,-0.0619864522203919,-0.012635192000621069,0.0016954442175376562,122.04153724939805,-4,-1,0
12:36:36:495,2.0047026767422196,1.5944560796665972,122.01553057998238,-0.09307846451052955,-0.021313292482323977,-0.0009332036337408861,122.04241404416229,-5,-1,0
12:36:36:622,1.9924078722064111,1.5364050314303441,121.6811709511096,-0.1342891479626748,0.00019438045607275098,-0.000713921795925307,121.70717971255021,-8,0,0
12:36:36:743,2.0021370771014575,1.5521692095210917,121.78916001157178,-0.07865656558509505,-0.009594830073698062,-0.002534132942720232,121.81550508229535,-5,-1,0
12:36:36:865,1.9858967040100564,1.543209976260392,121.85956938890767,-0.11142473972882776,-0.0014477561843879213,0.0002164300328863525,121.88551978967736,-6,0,0
12:36:36:986,1.987498197831809,1.5833934653206605,121.8840312804002,-0.03771644997832312,-0.0035732872697255115,-0.00208214056079666,121.91051786090476,-2,0,0
12:36:37:109,1.993418692696555,1.5985710769080548,122.1819222287816,-0.04129129174314942,-0.0034159815865738748,-0.0004401552820847211,122.20863826707323,-2,0,0
12:36:37:236,1.9812930993496847,1.5862060444147894,122.04045980671773,-0.08848373822578239,0.005492830086525242,-0.002274092676209438,122.06684808659539,-5,0,0
12:36:37:357,1.9792975537983943,1.5602610165411233,121.906625317634,-0.10527262465455987,0.0056850646675119555,-0.0016560321835800821,121.93267539745125,-6,0,0
12:36:37:482,1.9687787743951732,1.6146069006125146,121.86929096018858,-0.01139007972251701,0.004753821192933601,-0.001443124860971043,121.89588641313995,-1,0,0
12:36:37:603,1.9732875255932698,1.529351328091126,121.95199946027756,-0.13536279889613237,0.011888390268759543,-0.002914797206938601,121.97755101453274,-8,1,0
12:36:37:726,1.9800784166900822,1.5816800563971745,121.78632810741779,-0.08753321115088897,0.002911742402900468,-0.001648631681383589,121.81269283709587,-5,0,0
12:36:37:881,2.015602727038194,1.5871364258930123,122.09741325267393,-0.054839779726557264,0.009755014894174163,-0.0010711621441600837,122.12436275936868,-3,1,0
12:36:38:049,1.9873486558713311,1.5909788955149315,122.08809064121469,-0.016757814849980124,0.014191174637412565,-0.0018844162358071764,122.11462911929685,-1,1,0
12:36:38:176,1.9976554199216165,1.5601443542074482,122.1454306029769,-0.09483590400258234,0.0021609168857657495,-0.0023191269316351058,122.1717270679651,-5,0,0
12:36:38:302,1.9755937449909475,1.5558603955706543,121.72750913708889,-0.10651441649548325,-0.00847581642415033,-0.0029317344727385203,121.75348107112096,-6,0,0
12:36:38:427,1.9997883952857771,1.5701839700964881,122.1614352049986,-0.04688589316395273,0.00203255216874986,-0.000877961180744608,122.18789171874167,-3,0,0
12:36:38:549,1.9892091039436806,1.5719505508214298,121.72255235275492,-0.1000677806629311,-0.023384833108368495,-0.0019346611166396368,121.74895372307148,-6,-1,0
12:36:38:670,1.9527594835858537,1.5486710636956147,121.8618820850545,-0.12106467015187931,0.008472743816026678,-0.0008412336030823062,121.88736586281611,-7,0,0
12:36:38:790,2.0074139699754676,1.5489613978183918,122.18999144146719,-0.09469723260533952,-0.020617264789539704,-0.0003334685304050012,122.21629597040081,-5,-1,0
12:36:38:917,1.9961131021772844,1.5527187422810873,121.85958156862046,-0.09741976505945749,-0.0012190981935813249,-0.001922782069189777,121.88581961445956,-6,0,0
12:36:39:037,1.989376167245424,1.5487633292879537,121.78431849362535,-0.08340192406495546,-0.007872222692694516,-0.001615554838688536,121.81041218361314,-5,0,0
12:36:39:296,1.9750350902904,1.5369075379698167,122.01506252447557,-0.08984333982696784,-0.00027652564370048973,-0.000843849343511362,122.04072406881167,-5,0,0
12:36:39:429,2.0202127408902233,1.5593510587571806,121.73856112486953,-0.06698748066296621,-0.015001522452972867,4.822122959620619e-05,121.76530745658428,-4,-1,0
12:36:39:608,1.9679151666374781,1.5769453554184374,121.90157938837031,-0.09784472531371877,0.005434295098747782,-0.001292294869370036,121.92766094753154,-6,0,0
12:36:39:734,1.9773768143334898,1.574053477369708,121.95763118787112,-0.06918673472643982,-0.004246389987488731,-0.00143749859317291,121.98381641993447,-4,0,0
12:36:39:860,1.9869493874466406,1.5666511210977223,122.0000596499962,-0.08107615330428393,-0.0011952503887412125,-0.0016198717002504925,122.02629601117188,-5,0,0
12:36:40:020,1.9903633942619752,1.590384573326833,122.06959331746508,-0.08297884960613444,-0.005235753655715114,-0.0030800040145092665,122.09617718103875,-5,0,0
12:36:40:147,1.9873450761274762,1.5503457632946416,121.94271933865869,-0.12107169506382887,-0.017250762498064426,-0.0013762610547891207,121.96876613356494,-7,-1,0
12:36:40:271,1.9773046830808096,1.5658090363237553,121.9463944282807,-0.06380703649546896,0.009642501164202033,-0.001171997943033793,121.97247478757565,-4,1,0
12:36:40:391,1.9683332873910584,1.5041994939407353,121.7583312048883,-0.11342331497303663,0.0038819645450371984,0.0007980397066421113,121.78352996135027,-6,0,0
12:36:40:518,1.9788050412401839,1.5514979516785306,121.57076858793509,-0.09060687744607991,0.002097370814933255,0.00034520711315676395,121.59677047663135,-5,0,0
12:36:40:637,1.9747350768977237,1.5437506840542485,121.8388024996354,-0.09235384288455142,0.009792074075087242,-0.0017861765054022342,121.8645827931299,-5,1,0
12:36:40:760,1.989589953362572,1.5991008883416737,121.76993905640047,-0.06226293041166092,0.006107584010482076,-0.0011455609670878745,121.79668981393995,-4,0,0
12:36:40:886,1.9808005262519384,1.558987620888899,122.20736243059048,-0.04710357497397799,-0.004257465127889924,-0.00254864214403828,122.23335651682228,-3,0,0
12:36:41:004,1.9908648031238956,1.557847941142283,121.99349799808176,-0.0938203026398724,0.008420629406304553,-0.0010548134892608045,122.01968688158489,-5,0,0
12:36:41:131,1.975973980590327,1.5448181640114524,121.8664803678665,-0.10918861837699541,-0.00255713774808466,0.0012737936828591864,121.8922884090024,-6,0,0
12:36:41:249,1.9760892486934858,1.5649244951933656,121.9831050286594,-0.10032328755496843,-0.0021830378061631545,-0.0007592814068255627,122.00914650069235,-6,0,0
12:36:41:380,1.9907208787378272,1.5738356954491437,122.06854792974016,-0.055959441770764534,0.01015449399140014,-0.001354623993852647,122.0949234083407,-3,1,0
12:36:41:498,1.9417303878929655,1.652079871247347,122.43117640484117,0.023427483788268384,0.004711958369583245,-0.0019664435124402664,122.45771776688305,1,0,0
12:36:41:625,1.8842413093494415,1.6325578073936076,122.4417103653023,-0.0022179280370793163,0.00300705055936678,-0.000714444502502609,122.46708965059518,0,0,0
12:36:41:745,1.8766327186403062,1.637321497836881,122.48222039864143,0.0186605730195031,0.010951913218957393,-0.002394395083834458,122.50753807757842,1,1,0
12:36:41:867,1.8885799233339717,1.6674010217397472,122.26657229322336,0.03206678364578308,-0.005988821612498796,-0.002625893212669513,122.29252495810255,2,0,0
12:36:41:990,1.921003449879276,1.6859863764748269,122.58639893500302,0.01707582507659273,-0.009000286731108696,-0.0012533623782519294,122.61304175399864,1,-1,0
12:36:42:112,1.8885799233339717,1.6674010217397472,122.26657229322336,0.03206678364578308,-0.005988821612498796,-0.002625893212669513,122.29252495810255,2,0,0
12:36:42:239,1.8828655307211293,1.6669880228638485,122.235119793535,0.01685638784120665,6.727479621208906e-05,-0.0021207664363297966,122.26098536579444,1,0,0
12:36:42:356,1.8889936423680627,1.6465408105058132,122.3045192107415,-0.011932630371881293,-0.00443274600305181,-0.0003784194567353792,122.33018766025091,-1,0,0
12:36:42:485,1.924127365204185,1.663768081894502,122.47273648649069,-0.025404741406788185,-0.014837648757071997,-0.000926374859907684,122.4991492739327,-1,-1,0
12:36:42:602,1.9306700582666867,1.6996826070266806,122.01563404329401,0.033706832803347596,-0.0038240259710366725,-0.0027731533232081954,122.04274398269472,2,0,0
12:36:42:728,1.9212864034553265,1.7284089081061647,122.02092615066934,0.024569050590634717,-0.006812439277598005,-0.0029064620842077895,122.04829026850324,1,0,0
12:36:42:853,1.9285739272489524,1.7420933369953482,121.72537351831595,0.034270536826727656,0.00661281296055975,-0.0028614394490411523,121.75311431237068,2,0,0
12:36:42:975,1.9374982942052594,1.7626470796346025,121.63024236458868,0.03261905362556853,-0.005009891455311903,-0.0031728572624421716,121.65844270759007,2,0,0
12:36:43:144,1.9468002549075687,1.7202891945610164,121.45740089194348,-0.002470269241945404,0.021379591287608694,-0.0022923520537983222,121.48518287252855,0,1,0
12:36:43:320,1.9495210167240546,1.7651977379984831,121.00523477018046,0.021702402666007144,0.01024679475396871,-0.002822158023910822,121.03381096633855,1,1,0
12:36:43:483,1.9639118916769405,1.7243528347104897,120.88242273170236,0.002612276060380608,0.0074023655759490135,-3.6821140070856e-05,120.91067144012904,0,0,0
12:36:43:644,1.9677857174368865,1.7061241496659096,120.75475022322343,-0.00239321932474361,0.012751017548716362,-0.0013055789354775415,120.78283297603555,0,1,0
12:36:43:817,1.9493016386519901,1.735687197247056,120.82998613835359,0.003363549706770476,0.010195850640134918,0.0007006630020227902,120.8581728188866,0,1,0
12:36:43:990,1.9739434130991507,1.7276575464043198,120.79704817033019,-0.006262059033940697,-0.005439781482716329,-0.0003018410285484134,120.8255275174118,0,0,0
12:36:44:145,1.9639118916769405,1.7243528347104897,120.88242273170236,0.002612276060380608,0.0074023655759490135,-3.6821140070856e-05,120.91067144012904,0,0,0
12:36:44:291,1.9678913359236507,1.7140151729848578,120.9193694688409,0.003537358855597498,0.016288727207927702,-0.0004476984719514646,120.94752728793291,0,1,0
12:36:44:409,1.9454581976240992,1.7461669520540088,120.67273608930722,0.005780204083653552,0.02212760869171132,-0.0021864748209717458,120.70104863630117,0,1,0
12:36:44:576,1.9609346271463544,1.7388565445170419,120.96809146721517,0.03429438673932703,0.012871219566715844,0.0006036473984718848,120.9964794525646,2,1,0
12:36:44:735,1.9334232927335315,1.7644011216920361,120.85844119590983,0.009271902182817253,-0.01127727631715836,0.00011124949825795646,120.88678192942481,1,-1,0
12:36:44:858,1.9414164269698677,1.7415430326187242,120.93602903137887,0.008248677703078345,-0.018350403464451135,0.0006751092603745443,120.96414835708919,0,-1,0
12:36:44:974,1.9118619879584628,1.7305560081300595,120.94430737154187,0.024338852495337713,0.0001189487534494295,-0.0008366170666559465,120.97179640701493,1,0,0
12:36:45:099,1.9336058819699595,1.7814066841057379,120.75633213407906,0.018705143089907682,0.010889469967163081,-0.0020881330490079945,120.78494936024514,1,1,0
12:36:45:226,1.9428518911564583,1.7493918286572039,120.82515462563205,-0.009493901938075113,0.004014418093062035,0.0006318537125880815,120.85343617601048,-1,0,0
12:36:45:346,1.9414164269698677,1.7415430326187242,120.93602903137887,0.008248677703078345,-0.018350403464451135,0.0006751092603745443,120.96414835708919,0,-1,0
12:36:45:472,1.9361576036898023,1.776328754829416,120.93966143727467,0.007242323086362803,-0.012483020945893387,0.0004871412254269256,120.96820143605584,0,-1,0
12:36:45:590,1.9593930340479417,1.7646885744237277,121.10606979513784,0.0030075812221204644,-0.010264766391184284,-0.0007161321181852114,121.13477406612593,0,-1,0
12:36:45:716,1.9316379698654116,1.787021200891011,121.61024034770497,0.01855028425303477,0.004153582194876909,0.0006870732681550606,121.63870776790434,1,0,0
12:36:45:847,1.9080256358991625,1.7759469025741814,120.84547347670464,0.009231129223211903,0.014924112105925414,-0.001743905387299088,120.87358275916594,1,1,0
12:36:45:971,1.863872160721015,1.7669428058074221,121.08203436527393,-0.00901239178613865,0.026657512660672,-0.0036717737577723368,121.10926947324835,-1,2,0
12:36:46:191,1.867885055662366,1.787119990136981,121.2869722493665,0.011908854748748346,0.037528869732726594,-0.00523317006201285,121.31451862765195,1,2,0
12:36:46:347,0.5117969273053588,3.59603792634549,109.94062902264776,0.7177818640741292,0.08280996567959206,-0.15242619895520226,110.0006151562707,41,7,-6
12:36:46:510,1.8094038860895583,1.7262607848780456,122.15820377818864,0.0031853389917883197,-0.11809996901473098,-0.00047419418475601614,122.18379871748081,0,-7,0
12:36:46:630,1.7489437024268424,1.701369551101641,122.55922762133511,0.007083178255015452,-0.12228368399754265,0.002528076382652708,122.58351331872448,0,-7,0
12:36:46:788,1.7445441419995258,1.6965932667530434,122.68200992249523,0.013392797535504552,-0.10213402632797565,0.0018514429968679374,122.70614255855081,1,-6,0
12:36:46:942,1.7420926987495176,1.696225753383634,122.62907559881474,0.014443474461193002,-0.10074379138792365,0.0011512951400909082,122.65317872357527,1,-6,0
12:36:47:088,1.784188784248989,1.7274320612192964,122.2335572233089,0.018790234177960493,-0.11507151492809808,-0.0009533438751064399,122.25878235369392,1,-7,0
12:36:47:236,1.8170874324199184,1.7056696997979912,122.0407770993277,0.011034949563681569,-0.14171153850628904,-0.00011294773676611582,122.06622133444475,1,-8,0
12:36:47:359,err,err,err,err,err,err,err,err,err,err
12:36:47:516,err,err,err,err,err,err,err,err,err,err
12:36:47:641,1.6824342424789167,1.7758510342438272,121.7217921126384,0.001729900576385909,0.071223495073267,0.0013358486958487967,121.74637122718873,0,4,0
12:36:47:765,1.466200048927987,4.837467858046385,102.84375728831235,1.0256160000527907,0.010764085784226985,-0.01049644291747997,102.96790398487485,59,1,0
12:36:47:884,1.759658899381366,1.714555744800552,120.92306422917069,-0.026919656834090488,0.07472195161040118,-0.0029013460639327427,120.94802008886438,-2,4,0
12:36:48:013,2.8041304609613356,3.55991401125751,109.7407646613924,0.7230157601713384,-0.05671096464144629,0.1318320860780153,109.8342913842337,41,-6,6
12:36:48:136,err,err,err,err,err,err,err,err,err,err
12:36:48:257,err,err,err,err,err,err,err,err,err,err
12:36:48:377,err,err,err,err,err,err,err,err,err,err
12:36:48:500,err,err,err,err,err,err,err,err,err,err
12:36:48:624,err,err,err,err,err,err,err,err,err,err
12:36:48:748,err,err,err,err,err,err,err,err,err,err
12:36:48:875,1.5190841099022094,4.83937029634763,102.86028012173405,1.0303318666810717,0.0167839151063564,-0.013570184105216258,102.98526277152341,59,1,0
12:36:48:993,err,err,err,err,err,err,err,err,err,err
12:36:49:116,1.5224332463562735,4.8482340903920855,102.82530864789064,1.032193480361008,0.013416415519843888,-0.012348463230615232,102.95080026555803,59,1,0
12:36:49:238,err,err,err,err,err,err,err,err,err,err
12:36:49:361,err,err,err,err,err,err,err,err,err,err
12:36:49:486,2.8417968822940325,3.6251121787793226,110.22460694382845,0.7160967119796574,-0.06942944284149395,0.13584381089996267,110.32081047449944,41,-6,6
12:36:49:609,1.9106821578919446,1.7956036660439718,121.00248792795728,0.015536947974362393,-0.11646480434651563,-0.002474591576568037,121.03089268277519,1,-7,0
12:36:49:757,2.84195643425431,3.6513861131861236,110.04031913015649,0.7158849083523484,-0.07429281174451421,0.13515998216472036,110.137555680106,41,-7,6
12:36:49:897,1.8637436926458575,1.8125174905895003,120.91106659486775,-0.006687587001617776,0.011266738105685454,-0.00331138135292453,120.93901266884112,0,1,0
12:36:50:018,1.8853838813894284,1.8287021651021638,120.79373939440731,0.01742620617652335,-0.02453882185277296,-0.0004960661423321472,120.82229223480591,1,-1,0
12:36:50:145,1.8454226601332524,1.770846750229172,120.70834991443517,-0.04077288883348086,0.028528850615871647,-0.0023990674696474615,120.73544310629357,-2,2,0
12:36:50:402,1.8968779960914808,1.8556553695180222,120.76972857906335,0.0072967174008346835,-0.011341086080524693,0.00021569300466470548,120.79887807443872,0,-1,0
12:36:50:523,1.9079325708809836,1.7842521543515806,120.65306700161996,0.00989273860450643,-0.01223311867164077,0.0006603131964550067,120.681342134328,1,-1,0
12:36:50:634,1.9307395272335188,1.7619672417405459,120.87502125697291,-0.009899953117303855,-0.007905284671494194,0.0005489636360725161,120.90327972208463,-1,0,0
12:36:50:759,1.936177470036619,1.7642546173022564,121.0008997939872,0.005267319613814984,0.0010436956506115593,3.9184043867059666e-05,121.0292490619713,0,0,0
12:36:50:882,1.9566806170592195,1.7446647150318442,120.98074742008251,-0.004327553881091972,-0.021789659940085405,0.00036390521913729444,121.00914717626455,0,-1,0
12:36:51:004,1.9519730338439314,1.766162760001052,120.85890566156,0.011491875373740152,-0.0063725436551000415,-0.0008172180179670868,120.88757011094866,1,0,0
12:36:51:125,1.930474948473424,1.7702041475088948,120.73801141609864,0.020033524721452724,-0.024171472735441124,-0.001450923968769472,120.76641816732212,1,-1,0
12:36:51:248,1.9354590825915303,1.7698540942412107,120.89006435248974,0.01554513143413914,-0.014205747459615324,-0.0015033062735139745,120.91850993344403,1,-1,0
12:36:51:372,1.930474948473424,1.7702041475088948,120.73801141609864,0.020033524721452724,-0.024171472735441124,-0.001450923968769472,120.76641816732212,1,-1,0
12:36:51:499,1.9233774701461572,1.7727079668580836,120.69756269025592,0.009088551710791579,-0.01687804584590027,-0.0010002179219510035,120.72590241450543,1,-1,0
12:36:51:620,1.926452180300864,1.773112396813175,120.84181000485178,0.005718886240778957,-0.00492618326778588,-0.0010750193926173481,120.87017080662794,0,0,0
12:36:51:741,1.939825202314312,1.760165654858485,121.07093082383683,-0.017566271570169534,-0.028964446899530854,-0.0007083766393754841,121.09926257206672,-1,-2,0
12:36:51:866,1.9351987221629143,1.7452068271729537,121.00406020796797,-0.004248410549180637,-0.010862100852814041,0.00019594950516735614,121.03211692677861,0,-1,0
12:36:51:988,1.9053339968229885,1.7689284066846727,120.55868604521591,0.007773182963268854,0.0010487311127636127,-0.0003830704595486229,120.5867164587226,0,0,0
12:36:52:107,1.896960558150782,1.747560665449347,120.65270728774843,0.00815487078424841,0.012832322667214343,0.0008921510156060139,120.68027263601002,0,1,0
12:36:52:233,1.926452180300864,1.773112396813175,120.84181000485178,0.005718886240778957,-0.00492618326778588,-0.0010750193926173481,120.87017080662794,0,0,0
12:36:52:355,1.926452180300864,1.773112396813175,120.84181000485178,0.005718886240778957,-0.00492618326778588,-0.0010750193926173481,120.87017080662794,0,0,0
12:36:52:484,1.9354590825915303,1.7698540942412107,120.89006435248974,0.01554513143413914,-0.014205747459615324,-0.0015033062735139745,120.91850993344403,1,-1,0
12:36:52:601,1.956404289319112,1.7649853613178523,120.9535725092241,0.007501873004932409,-0.022521311484626116,-0.0006461426963262166,120.98226892323133,0,-1,0
12:36:52:727,1.8926193665714406,1.752401036912079,121.06263770809214,-0.011993442335592124,0.009646782921815391,-0.001330717270764657,121.0901117610421,-1,1,0
12:36:52:849,1.8491710271858288,1.7886147066417586,120.99252988132892,-0.009170170981554024,0.027862050386074373,-0.004204246075442186,121.01987796697232,-1,2,0
12:36:52:973,1.8953507356447654,1.8039631561205183,121.19461624431382,0.005687182020084074,-0.05721343480833188,-0.0026452125412736805,121.22285941226698,0,-3,0
12:36:53:094,1.8739538005408376,1.7982178736670509,121.15406755978677,-0.0009958653639572698,0.0035010816752517443,-0.003996507896068878,121.18190201778941,0,0,0
12:36:53:218,1.8138524498729232,1.7883925885464254,121.09465989030555,-0.012272371536312568,0.04235718890425295,-0.004273325533703764,121.1214475751898,-1,2,0
12:36:53:342,1.916436946993845,1.7795303395178639,121.49189329996915,-0.003163975708346445,-0.10521460559812562,-0.004883679791534811,121.52003783908297,0,-6,0
12:36:53:463,1.8390557389877413,1.7714824604486827,121.20360109321089,-0.022114319906184086,0.0430121130114665,-0.0037889093359436085,121.23049613888814,-1,2,0
12:36:53:590,1.8545027930703304,1.7938451645750224,121.09874297759583,0.010326456076525966,0.011241843397000507,-0.003864402360700016,121.1262259456547,1,1,0
12:36:53:712,1.8160531061746414,1.8072726341522098,121.0830282059615,-0.0026233238363647126,0.04046372228342888,-0.003388847096343708,121.11013170987913,0,2,0
12:36:53:834,0.4565767429663987,3.606652378194644,110.6989095596103,0.7150252579795484,0.08791297597858512,-0.1521894119984076,110.75858874771805,41,8,-6
12:36:53:954,err,err,err,err,err,err,err,err,err,err
12:36:54:079,err,err,err,err,err,err,err,err,err,err
12:36:54:200,1.877527198517269,1.7670582390734688,121.90195190369606,-0.015602826547835541,-0.02883830891589937,-0.0051393602358301435,121.92921504353448,-1,-2,0
12:36:54:333,err,err,err,err,err,err,err,err,err,err
12:36:54:449,1.8220997105650363,1.7269302486656726,122.22935295998498,0.0019603820956180674,-0.0648442243463434,-0.0016802669215223015,122.25513101892938,0,-4,0
12:36:54:574,err,err,err,err,err,err,err,err,err,err
12:36:54:693,err,err,err,err,err,err,err,err,err,err
12:36:54:818,1.8967558751904179,1.7753233723272313,120.88856093298443,0.03751804368434665,0.02599722407685427,-0.004490184561970258,120.91647373445146,2,1,0
12:36:54:942,1.9017578208563821,1.7920870001550682,120.8077703723821,0.00025340588935653655,-0.00811459446100476,-0.005595729292925825,120.8360279096078,0,0,0
12:36:55:063,1.8517925768173158,1.8072033750785927,121.10483560830401,0.027287253770418005,0.0394266817657159,-0.004805365318615139,121.13247428951821,2,2,0
12:36:55:230,1.872688654401085,1.81038125447636,120.88482450207165,0.0069982289862744705,-0.010619633819181748,-0.0017431335433186583,120.91288284537568,0,-1,0
12:36:55:348,1.800857265996971,1.805342368015638,120.99857650532356,0.057682459166649526,0.06952598978986037,-0.0015062887955148525,121.02544304514188,3,4,0
12:36:55:472,1.7716229728121005,1.7149258931377893,122.11614757117096,0.005610954208218211,-0.15759816483734398,-0.0001752682827331043,122.14103780630306,0,-9,0
12:36:55:595,1.734470677711646,1.6792967723057843,121.61039598031451,-0.01357073778697775,0.05940855076208416,-0.004908504607456311,121.63435713921545,-1,3,0
12:36:55:757,1.7599297063030637,1.705109183656981,121.76399146013192,-0.03058776108553138,-0.18151809109091754,-0.0014215882276537362,121.78864629431759,-2,-10,0
12:36:55:990,1.784160657414333,1.7155961657480459,121.69462449937697,-0.014319335506444375,-0.16594587060320298,-7.136954546310474e-05,121.71979350746433,-1,-10,0
12:36:56:139,1.7829203436394088,1.7603328611157396,121.67774590768383,0.03017376002493398,-0.16027373700010325,0.0008229512157524277,121.70353908538797,2,-9,0
12:36:56:261,1.8326875239021574,1.7733985530972758,121.16657730190697,-0.03448377983395069,-0.16342635921364668,-0.0012375185421331027,121.19341211900667,-2,-9,0
12:36:56:381,1.8284578088237282,1.7951026641280883,121.0349250998764,-0.03322845351325441,-0.1620283380686801,-0.003318122315517516,121.0620450243019,-2,-9,0
12:36:56:499,1.8148687197319444,1.8360160853460024,120.93650382068863,-0.039282469621215725,-0.027558322784863618,-0.004677971536371435,120.96405523917817,-2,-2,0
12:36:56:626,1.6484627261909348,1.8313785364659783,120.50227294194052,-0.04855866098957102,0.1270720550938212,-0.002460345999514183,120.52746226846975,-3,7,0
12:36:56:748,2.7447639109550717,3.7305605265312796,111.26434755863728,0.6933922512316315,-0.06663229530002698,0.13535218447890474,111.36070154420827,39,-6,6
12:36:56:972,2.79613527614943,3.634146845333359,111.01249775953521,0.7093055536523306,-0.05937889121782938,0.13580524664579846,111.10715573079344,40,-6,6
12:36:57:139,err,err,err,err,err,err,err,err,err,err
12:36:57:276,err,err,err,err,err,err,err,err,err,err
12:36:57:414,2.7984874187989974,3.6849516496517323,110.71580590917137,0.7186769847228776,-0.05731878178137848,0.13685057964860187,110.81245452840918,41,-6,6
12:36:57:534,err,err,err,err,err,err,err,err,err,err
12:36:57:662,err,err,err,err,err,err,err,err,err,err
12:36:57:784,err,err,err,err,err,err,err,err,err,err
12:36:57:903,1.7840438369911247,1.8737685096463692,121.70945931070982,-0.010856402467969697,0.03361251774581195,-0.003616949617584708,121.73695538555816,-1,2,0
12:36:58:027,err,err,err,err,err,err,err,err,err,err
12:36:58:150,1.7773914238922512,1.858011780361678,121.28133414935961,0.011842892696584301,0.04822588636270299,-0.002146150814384467,121.30858725209156,1,3,0
12:36:58:269,0.478361563767434,3.710996273808985,109.74064604936383,0.722572502747318,0.09516531441478238,-0.1511335381207937,109.80441575119676,41,8,-6
12:36:58:382,0.4908068211634015,3.742494338414237,109.81492086885359,0.7163102304433838,0.09173211267995252,-0.15427315950680812,109.87977066157964,41,8,-6
12:36:58:510,1.7748901735353142,1.896425217347063,120.87626406799001,0.04185196875489972,0.07104818486165018,-0.0007455182551382724,120.90416816126545,2,4,0
12:36:58:632,1.7710834463861835,1.9272536047345679,120.90660801136166,0.050096233099464135,0.07587759469395575,-0.0004323193998202112,120.9349366553937,3,4,0
12:36:58:752,1.7900176237871566,1.9025739259947068,121.0045027562338,0.015663395590582645,0.06922045229282127,-0.00172781812458298,121.03269656551794,1,4,0
12:36:58:878,1.7553742017188358,1.8478408891060123,121.27053194209364,-0.001249946381731841,0.07223916388780459,-0.002511314166683652,121.29731147910024,0,4,0
12:36:58:999,1.7516740455484012,1.8744362780792276,121.27989755821638,0.0023128813780867816,0.07588288860768086,-0.003353303516683283,121.30702957806643,0,4,0
12:36:59:124,1.7550016440589638,1.9153462375664245,121.1129422247956,0.0292037532482778,0.08273868923020203,-0.002451335304338581,121.14079971804333,2,5,0
12:36:59:247,1.7735879131443946,1.8517281842638453,121.22134417827948,0.005276083691575776,0.06493621288518454,-0.0017748436444964427,121.24845894172404,0,4,0
12:36:59:366,1.7735879131443946,1.8517281842638453,121.22134417827948,0.005276083691575776,0.06493621288518454,-0.0017748436444964427,121.24845894172404,0,4,0
12:36:59:490,1.7448957765381663,1.858393455819048,121.12574029718745,0.0013473373278366338,0.08294378802996363,-0.0006993471474018688,121.15256187984352,0,5,0
12:36:59:612,1.7721016040749564,1.90482430693348,121.05997366761112,0.03238732722478437,0.077441380276176,-0.0007519904857986834,121.08792641769925,2,4,0
12:36:59:741,1.7742724934909937,1.86717486300623,121.21734449508713,0.01006547933089971,0.06325780730687673,-0.0027507323217246834,121.24470706505431,1,4,0
12:36:59:901,1.7879918781059472,1.847327999336386,121.18968325814654,0.00028447350874840813,0.061053960928467696,-0.0024602773641882107,121.21694957349483,0,3,0
12:37:00:025,1.7742724934909937,1.86717486300623,121.21734449508713,0.01006547933089971,0.06325780730687673,-0.0027507323217246834,121.24470706505431,1,4,0
12:37:00:149,1.7742724934909937,1.86717486300623,121.21734449508713,0.01006547933089971,0.06325780730687673,-0.0027507323217246834,121.24470706505431,1,4,0
12:37:00:274,1.7742724934909937,1.86717486300623,121.21734449508713,0.01006547933089971,0.06325780730687673,-0.0027507323217246834,121.24470706505431,1,4,0
12:37:00:392,1.7712908533568212,1.8603242067847516,121.31187584453168,-0.0015667703714182621,0.06877772086702949,-0.0022340392702007886,121.33906831008966,0,4,0
12:37:00:515,1.7722581410403655,1.8937022862175248,120.96554620906385,0.035929554598295665,0.075921179214408,-0.0002857932768133593,120.99334848215612,2,4,0
12:37:00:685,1.77389924432316,1.9194314028015695,121.06016009551153,0.03589782380087918,0.07467636641918722,-0.0017004587707092342,121.08836978748188,2,4,0
12:37:00:825,1.7549395706927726,1.9044199121488963,121.01745051237977,0.03305827680284449,0.08142373898031444,-0.001990793238996746,121.04515668383786,2,5,0
12:37:00:965,1.7791668149969502,1.831792262948255,121.04576231179126,0.015075449012232345,0.0564443593244622,-0.0008030461670420721,121.07269498566905,1,3,0
12:37:01:090,1.7724887455022529,1.8821895331405787,120.873191226969,0.03888704355114373,0.07437626347399436,0.00018698423169696596,120.90083833945492,2,4,0
12:37:01:213,1.7748901735353142,1.896425217347063,120.87626406799001,0.04185196875489972,0.07104818486165018,-0.0007455182551382724,120.90416816126545,2,4,0
12:37:01:335,1.7526017213773764,1.8678638036018809,120.82305310269095,0.0370957784780582,0.08196663385890281,-0.0001264991288721652,120.85019937525242,2,5,0
12:37:01:505,1.7471898359519475,1.8866761635023315,120.75325863813622,0.04791582730223203,0.08706319323435018,0.0006359563891183749,120.78063458600224,3,5,0
12:37:01:666,1.794015372045806,1.8341541535980175,121.23806465615087,-0.00262990544863455,0.05694826511324849,-0.00041449658405803987,121.26520908398795,0,3,0
12:37:01:786,1.7888233525520807,1.8731027415057466,121.22094079032513,-0.013556558834043953,0.05935898664125622,-0.004213021691832292,121.24860778152623,-1,3,0
12:37:01:914,1.806849020106742,1.8792575402953087,121.1623557323344,-0.00370588757599323,0.05206176259896761,-0.0035075051741860347,121.19039879005665,0,3,0
12:37:02:032,err,err,err,err,err,err,err,err,err,err
12:37:02:158,1.6946132309061803,1.8639342520002122,120.84102200147436,-0.01422376634954937,0.12222344171656595,0.0002693628990782032,120.86727664367619,-1,7,0
12:37:02:280,1.7993190265223282,1.8404127563694113,121.14820113134782,0.008085063011270665,0.049078430175484834,-0.0008891445155921203,121.17553922072935,0,3,0
12:37:02:404,1.7721016040749564,1.90482430693348,121.05997366761112,0.03238732722478437,0.077441380276176,-0.0007519904857986834,121.08792641769925,2,4,0
12:37:02:528,1.7530570105421623,1.9043717298095721,121.02675660634883,0.032769659502096336,0.08469052373322258,-0.0008970162489311087,121.05443261285357,2,5,0
12:37:02:647,1.7858598854032341,1.8555829975021843,121.28087222112971,-0.0070526512506185485,0.06473624755584155,-0.0029129965072276715,121.3082126259756,0,4,0
12:37:02:771,1.7875194366678973,1.8664730191653613,121.40253176201126,0.00398991080082359,0.05292314774836234,-0.0014300905604402296,121.43003609278016,0,3,0
12:37:02:894,1.7516561341691372,1.878310165355159,121.26279248926946,0.00788732416838564,0.07625050960234135,-0.0024738188984057955,121.28998800636957,0,4,0
12:37:03:137,1.735884882745299,1.8384294773424823,121.14179421306268,0.005601655323985288,0.07861699234795752,-0.002221047424956487,121.16817826652893,0,5,0
12:37:03:283,1.8076953624538217,1.8530859766812107,121.07715699423325,0.026505726292049406,0.052084977112330365,-0.0002564274652570079,121.10482911910084,2,3,0
12:37:03:432,1.7850346812621465,1.8540713678914076,121.06540502456298,0.027998883271016458,0.06259650525756547,-0.0015914387502569181,121.09275875630227,2,4,0
12:37:03:553,1.733153586757788,1.8691394199000024,121.1915189553713,0.01334558271967546,0.08266098136253844,-0.0018848276346979255,121.21832274964225,1,5,0
12:37:03:673,1.832894063360778,1.8695095875750565,120.93722952838318,0.03607183985687181,0.047367979371155396,-0.0011452709594388015,120.9655655661824,2,3,0
12:37:03:795,1.7282783611232613,1.8534792934292545,120.77644576037916,0.005415884049629465,0.11140900918082824,0.0030225686728201735,120.80303051701355,0,6,0
12:37:03:922,1.8068688028660542,1.8547631357220369,121.09338747042491,0.02808701276042143,0.05228215019368648,-0.0014147340123706702,121.12106922506449,2,3,0
12:37:04:043,1.7874832473034228,1.8397463465054091,121.15617303662836,0.006890852429998111,0.07425438268235054,-0.0021587320644473546,121.18332405021866,0,4,0
12:37:04:165,1.7957948652890807,1.846946510772877,121.07282756387619,0.018597120874856682,0.0519364384557039,-0.000547801763889555,121.10022983018634,1,3,0
12:37:04:289,1.7361516354758204,1.8452170007114248,121.0325464450523,0.017526735929858032,0.07652619391374012,-0.0018422803743003311,121.05906140085023,1,4,0
12:37:04:415,1.7714816768989388,1.8792854860908303,121.2925007974767,0.00829490274000428,0.06802374838293354,-0.0023310933096176963,121.31999262683668,0,4,0
12:37:04:536,1.804596091110101,1.8740615939417984,120.88181577530015,0.04330306503306167,0.06452805337400082,-0.0007336025449795388,120.90980960634892,2,4,0
12:37:04:656,1.8135342388172622,1.83939834052579,121.17955901557487,0.0058850100105421015,0.04809959677386632,0.0003241911475982257,121.20708649208463,0,3,0
12:37:04:783,1.766014114808986,1.8296591531208428,121.18794277496035,0.008396038028561236,0.072522439537227,-0.0017608504544799537,121.21461930187039,0,4,0
12:37:04:905,1.8135342388172622,1.83939834052579,121.17955901557487,0.0058850100105421015,0.04809959677386632,0.0003241911475982257,121.20708649208463,0,3,0
12:37:05:031,1.792398503295288,1.8558373117697986,121.13990892784882,0.013031453720885202,0.05742200998638514,9.451896130632936e-05,121.16738158254424,1,3,0
12:37:05:151,1.7676130869949986,1.868158380682311,121.22070879018762,0.011099177114594063,0.08274656595682565,-0.003982242605001717,121.24798848375217,1,5,0
12:37:05:271,1.7867564347695688,1.871621697736274,121.2976081272391,0.01365731959580585,0.06346627316687993,-0.003094768621039279,121.32520432179741,1,4,0
12:37:05:397,1.8314997494999055,1.8539109996125263,121.10025500087238,0.02688874103840711,0.039591308226367875,-5.380936999137691e-05,121.12829206507956,2,2,0
12:37:05:517,1.8067908754246484,1.8716398981839322,121.06889217110405,0.035215932949729675,0.051861341833719314,-0.001479432698593598,121.09683802938214,2,3,0
12:37:05:642,1.753229002174695,1.84749294586779,121.23601650601626,-0.0006056720865844737,0.07493754575652475,-0.0014125310183468155,121.26276732932554,0,4,0
12:37:05:762,1.817834082085119,1.8289892419680198,120.94331189610763,0.014262023439730757,0.05266103315557065,0.0007129647432114997,120.97079984358372,1,3,0
12:37:05:887,1.7683553525360514,1.8365603047674743,121.11096656824992,0.019417146789761648,0.06783304248684857,-0.0024750371318893525,121.13779863239071,1,4,0
12:37:06:012,1.809069169302366,1.894042450230614,121.14048737490779,0.03152519690518419,0.05204098627489591,3.096604891522221e-05,121.16879882829899,2,3,0
12:37:06:133,1.7656222911079482,1.8678999028759653,121.49198543584193,-0.012465798512957824,0.06498443831543103,-0.0023271712446223504,121.5191713157428,-1,4,0
12:37:06:259,1.8263624083931176,1.8477264311651869,121.0546122439852,0.020099218931944236,0.05699745729906134,-0.0006498844854169766,121.08248774349175,1,3,0
12:37:06:379,1.792538332198034,1.8569124427310404,121.1627887916797,0.013667926310862456,0.056697351826735846,-0.001041786795213088,121.19027479657579,1,3,0
12:37:06:502,1.7734464707577986,1.8847272448866186,121.4221334502081,0.011647521919498862,0.06765617308268054,-0.0027058022749450994,121.44970893654873,1,4,0
12:37:06:626,1.8064066728563315,1.8816153559899051,121.17409717699616,0.02988012720661562,0.05302014321224444,-0.002873035142663742,121.20216750568343,2,3,0
12:37:06:746,1.7963061627769632,1.8457895172059589,121.05246741689876,0.017781506957806437,0.05200169717011612,0.0005982526889945764,121.07986423221492,1,3,0
12:37:06:873,1.789875992871348,1.9059158915065026,121.18632058891976,0.030339258074405837,0.060120161916796956,-0.0007830049665104372,121.21452251828487,2,3,0
12:37:06:993,1.782699126701461,1.8714763672965888,121.3303633297425,0.0124479800468294,0.06857679549865442,-0.0031503217334456412,121.35789016663487,1,4,0
12:37:07:122,1.8246961069026129,1.86665438401048,121.17276613472204,0.026028896868567478,0.04854463047771797,0.00031137593073831603,121.20087939949913,1,3,0
12:37:07:240,1.8062324928952043,1.8668984352152647,121.17939002235434,0.026218534897455608,0.06655785638962516,-0.00248892723735324,121.20722895840689,1,4,0
12:37:07:363,1.8110796283943584,1.8454784155568356,121.03355068231153,0.017780660679490187,0.05936760381183039,-0.001837856390007279,121.0611671460768,1,3,0
12:37:07:484,err,err,err,err,err,err,err,err,err,err
12:37:07:608,1.7958030500447653,1.833673546673044,121.0708499172728,0.0169441697453336,0.06515448791131988,-0.00017298601312911447,121.09805104526296,1,4,0
12:37:07:734,1.763378221067411,1.8552349670063386,120.94263251077602,0.0021915132309658705,0.08498535106461647,-0.0014703363911919146,120.96971421876616,0,5,0
12:37:07:856,1.7105650738191474,1.8339097562025939,120.3277018464202,0.0077172876945175465,0.12228248479534694,0.001716143962784099,120.35383288249136,0,7,0
12:37:07:981,1.7487666420837416,1.8551651457760197,120.9303415823963,-0.013260564091647713,0.08724428344899743,-0.0025192206045129882,120.95721283876217,-1,5,0
12:37:08:144,1.6748086034886476,1.8578651769283547,120.63712451309182,-0.0002504453347533287,0.1292672743246628,0.002577978476984673,120.66305340766569,0,7,0
12:37:08:265,1.6773346834889835,1.842708921693962,120.75237336196781,-0.008207831449359479,0.12827004876617493,0.0023351231415957366,120.77808038033474,0,7,0
12:37:08:392,1.7043422481415358,1.8485609485215748,120.49582141996703,0.006573829424962645,0.11887383300909189,0.0015239498109189656,120.52205167417199,0,7,0
12:37:08:513,1.8095329172497974,1.8732177104934273,121.01956254547797,0.023421422110870702,0.06171845866805215,-0.0007932276509298347,121.04758515835155,1,4,0
12:37:08:632,1.6711821045356012,1.8567068440249914,120.67482218262951,0.012337114716274406,0.13139904056524562,0.0005580339036119686,120.70067488933283,1,8,0
12:37:08:756,1.7848681333221887,1.8757378693230333,121.02641696159306,0.026509569034305108,0.06140833596336913,-0.0026505620526329323,121.05411083217761,2,4,0
12:37:08:879,1.7030688182725113,1.8517191480540909,120.65894617273814,0.006401633291390694,0.1112351692909695,0.003074768542297587,120.68517141189618,0,6,0
12:37:09:006,1.682587679583559,1.8499888709670498,120.66367241834236,0.00395481233742023,0.12035957732401852,0.0022824671954375765,120.68958282139856,0,7,0
12:37:09:124,1.7030688182725113,1.8517191480540909,120.65894617273814,0.006401633291390694,0.1112351692909695,0.003074768542297587,120.68517141189618,0,6,0
12:37:09:249,1.6968941214641178,1.8525597132344658,120.53837078367638,-0.004512597529376975,0.12869700034656628,0.0016236830305291006,120.56454809907267,0,7,0
12:37:09:377,1.7418167429325826,1.8532403995388944,121.13259433475899,-0.005862260543573631,0.08536838171928669,-0.002147584030112507,121.15929116586037,0,5,0
12:37:09:494,1.6936796941395575,1.8492586397737805,120.63062171996535,0.0038727998612146045,0.13305269284539148,0.0013958126817136623,120.65668321716991,0,8,0
12:37:09:620,1.7623891460886052,1.8522982837313626,120.97987127884097,-0.002661669222273044,0.08715207756562918,-0.000977170614413332,121.00688525484448,0,5,0
12:37:09:742,1.758581917161522,1.8314613774875494,120.85094081657762,0.019977440777694245,0.0755421295521869,-0.001091713911069661,120.87761065386982,1,4,0
12:37:09:906,1.779577250555694,1.8319741045533624,120.88614078615885,0.019640986293145448,0.06619392887723863,-0.0009261864511749899,120.91311780977888,1,4,0
12:37:10:032,1.7033458611465824,1.841615031112417,120.60695507611226,-0.0054074484634572114,0.12373186895835592,0.003108521898819369,120.63304085438973,0,7,0
12:37:10:152,1.6715024873481676,1.8575028093146881,120.62312465429788,-0.0006633797265722783,0.13141084048075694,0.0010566719023070272,120.64900512900266,0,8,0
12:37:10:272,1.7201691465452646,1.8508780629950863,120.68184743416923,-0.0111845669872259,0.11874295596989445,0.001973981149261403,120.70829727744858,-1,7,0
12:37:10:396,1.6973052145237075,1.852966410619588,120.83903536467433,-0.012719878708262087,0.12122108079675033,0.0027075915565998756,120.86515956790504,-1,7,0
12:37:10:519,1.7225688938217516,1.8521405208981367,120.68632613842763,-0.009321527443446623,0.11737307092447978,0.003465335311962334,120.71282858459591,-1,7,0
12:37:10:644,1.694499256936686,1.8785660591247841,120.8751074744703,0.004329868863079305,0.12251263730168274,0.0005185602569086876,120.90157958081028,0,7,0
12:37:10:764,1.6870584790197487,1.8705269145037706,120.85903549735617,-0.005446160339775615,0.11986927133475617,0.002946126892864825,120.88528239037502,0,7,0
12:37:10:894,1.7718406654241259,1.8620192019881001,120.99578032364596,0.009578113765426053,0.08893789617580596,-0.0019077164527045653,121.0230779272293,1,5,0
12:37:11:012,1.6656692456632158,1.8686723835203387,120.8603033128224,-0.008363481783955271,0.12875276898646373,0.0006626359001178005,120.88622463862583,0,7,0
12:37:11:160,1.669732347403953,1.8475452629482338,120.52277473568454,0.004647327472869541,0.13167852784678583,0.0014653724420997368,120.54849920094057,0,8,0
12:37:11:303,1.7092556827517258,1.85989187118009,120.60453448317472,0.003161728845970837,0.11647310219164297,0.0026130232580328953,120.63098478693101,0,7,0
12:37:11:520,1.6657754600667822,1.8844403148432323,120.85650371918692,-0.002957076538979228,0.12828188391587783,0.0005859265085564881,120.88267210154402,0,7,0
12:37:11:648,1.678529915557215,1.8523131961620858,120.84617376808913,-0.013903484486110201,0.12854419987807172,0.0019245130771049933,120.87202422910477,-1,7,0
12:37:11:809,1.7044007540980226,1.864252148868766,120.48728631335429,0.011960518277450143,0.11841427104581434,0.0014509989317023364,120.51376096181441,1,7,0
12:37:11:921,1.700529657785328,1.867271088282265,120.57584437341103,0.013627710084008336,0.12443246944288572,0.0015706900430777072,120.6022916398987,1,7,0
12:37:12:035,1.7667029243617638,1.8475211518610977,121.19805120456715,0.01583546799833662,0.07082680648386155,-0.002960382776597635,121.22500645252366,1,4,0
12:37:12:159,1.6561373686279146,1.85696683773178,120.64268316509313,-0.001681980443258766,0.13646229883833563,0.0017975798945655682,120.66833933593868,0,8,0
12:37:12:284,1.7235568368857324,1.8684791349076673,120.68674073557057,-0.0032869025502953,0.11600231186804986,0.0033948113672516078,120.71350898645267,0,7,0
12:37:12:408,1.717608190994012,1.8665281806298466,120.86263879909171,-0.011178192790440016,0.11267231291553044,0.003295252622003975,120.88925329749772,-1,6,0
12:37:12:533,1.6626273761118555,1.8489910602677306,120.66445356129442,0.0025488487513024185,0.1288424094210228,0.001484525342456987,120.69007188239854,0,7,0
12:37:12:698,1.6682308068872649,1.8690452160304365,120.8688165205742,-0.007773641551838166,0.12732547866528487,0.002175122264553476,120.894777104426,0,7,0
12:37:12:819,1.7034033146788676,1.8967066579077092,120.86320745284573,-0.0022997231888122116,0.11442789535950813,0.002361087669177959,120.89009055662186,0,7,0
12:37:12:971,1.682587679583559,1.8499888709670498,120.66367241834236,0.00395481233742023,0.12035957732401852,0.0022824671954375765,120.68958282139856,0,7,0
12:37:13:146,1.7038833516925334,1.8872454934889933,120.83618383929232,0.0014820590049221918,0.11293524083053924,0.0021438090963195136,120.86293161624087,0,6,0
12:37:13:276,1.7096617817940143,1.8721536153338043,120.6158342813886,0.00346212890773087,0.11543084761070445,0.00167888787258865,120.6424775191679,0,7,0
12:37:13:434,1.713187064049887,1.8595228623487585,120.67995634359305,0.015951590297464156,0.11233362282256192,0.0021771253289028796,120.70644016904627,1,6,0
12:37:13:602,1.6841570534698227,1.869399186345084,120.85077406631008,-0.007019207741639957,0.12171792896250445,0.0014427781280911562,120.87696484742239,0,7,0
12:37:13:720,1.6773346834889835,1.842708921693962,120.75237336196781,-0.008207831449359479,0.12827004876617493,0.0023351231415957366,120.77808038033474,0,7,0
12:37:13:845,1.7769044450657394,1.829494851199606,121.13413023921859,-0.005909433826959337,0.07351838033740771,-0.0012427206750422748,121.16097535770102,0,4,0
12:37:13:965,1.7170668361970145,1.8451238868204636,120.7446820053819,-0.0046380737860531,0.11134298141193559,0.0039135689331903645,120.77098589172186,0,6,0
12:37:14:087,1.8020780023094007,1.8328221391181638,120.98405268264328,0.002795763668141933,0.05809049387846196,0.0011800830008230146,121.01135370549598,0,3,0
12:37:14:217,1.678029962380816,1.848665377548233,120.64780141297538,0.0028620954886152804,0.13837470245590996,0.0021331933610842842,120.67363147770742,0,8,0
12:37:14:335,1.7205931823492187,1.8788176529566403,120.72165704904582,0.009077193239068377,0.11771882900140528,0.0012737371358717672,120.74853571509529,1,7,0
12:37:14:504,1.743347829948507,1.8341661831606038,120.95386081598791,0.0052802593893295,0.08100456739565579,-0.0012514611284261173,120.98032845689009,0,5,0
12:37:14:663,1.6642377808323003,1.859043204608107,120.76315214525792,-0.0026236120084695423,0.12869613919026635,0.0010709975048528483,120.78892600353089,0,7,0
12:37:14:788,1.7118278512030618,1.8631130675525867,120.88379593541113,-0.00028764903158721034,0.11899146650797983,0.0033096200565820343,120.91027112966358,0,7,0
12:37:14:908,1.6730971052035166,1.8670024211661036,120.72198671299303,-0.006589188792522156,0.1313455490484514,0.0006538907246243658,120.74801459194327,0,8,0
12:37:15:033,1.6843567689371313,1.840863188228024,120.61197618460831,-0.006637658450696848,0.13125577563128996,0.0023233512555591133,120.63778278035186,0,8,0
12:37:15:155,1.6656692456632158,1.8686723835203387,120.8603033128224,-0.008363481783955271,0.12875276898646373,0.0006626359001178005,120.88622463862583,0,7,0
12:37:15:278,1.7455146005419182,1.8339837696670624,120.79149537356001,0.009525855142750174,0.08882501236160759,-0.0013481855921995232,120.81802709972082,1,5,0
12:37:15:397,1.678529915557215,1.8523131961620858,120.84617376808913,-0.013903484486110201,0.12854419987807172,0.0019245130771049933,120.87202422910477,-1,7,0
12:37:15:523,1.6834456719132036,1.8599241833724047,120.75779962921506,-0.0012190785021913017,0.12094944182240919,0.00185948524375472,120.78385437875308,0,7,0
12:37:15:653,1.7754032378994298,1.8302501820528452,121.28719790851159,-0.009213892192845682,0.06468251178358102,-0.0011543077714870156,121.31399856935103,-1,4,0
12:37:15:776,1.7424867354281646,1.8440281495315105,121.04265091714532,0.00017787309158178295,0.08325907161543739,-0.001705941912124381,121.06923655862917,0,5,0
12:37:15:902,1.719491990127833,1.8562563013623488,120.83548438607407,-0.007870979066952355,0.11134974388171362,0.004973604541129658,120.86197345309901,0,6,0
12:37:16:059,1.7784510744733577,1.8592857707554757,121.0519264017022,0.00448351710127783,0.07077347885925331,-0.0006548372139407082,121.07926625712908,0,4,0
12:37:16:181,1.6911680779813911,1.8676918020264914,120.71067442197327,-0.005245568470317805,0.12472771909584746,0.0014287920371535633,120.73696717055208,0,7,0
12:37:16:349,1.7086461187015578,1.8543456893426,120.67606018822612,0.00959878130856608,0.10657387659269099,0.004589613594656868,120.70240085452696,1,6,0
12:37:16:526,1.7189159707098052,1.858235245076923,120.5301445157481,0.018446585524041288,0.11646770230738906,0.002134531586716797,120.55672294537344,1,7,0
12:37:16:701,1.6711821045356012,1.8567068440249914,120.67482218262951,0.012337114716274406,0.13139904056524562,0.0005580339036119686,120.70067488933283,1,8,0
12:37:16:845,1.6866584471151955,1.8508104843259967,120.77286736515792,0.0018915797907319734,0.1301438511360597,0.0014140760206321147,120.79882370192246,0,7,0
12:37:16:974,1.7811717423129296,1.8585723619122623,120.83806656897895,0.02487629143346268,0.06521593763349617,0.0011189243539367335,120.86548389068346,1,4,0
12:37:17:096,1.6469899943901112,1.8548690409557425,120.46277295293677,0.0005573632595192682,0.14329885366406211,0.0017967013305728275,120.48830973464402,0,8,0
12:37:17:204,1.72272267544529,1.8430640365475475,120.59889492481194,-0.003196484118615276,0.1157151052601501,0.0038863549211363936,120.62527975323059,0,7,0
12:37:17:328,1.681537144161268,1.8685998604046101,120.84319236323411,-0.008190907540841506,0.12325027488419434,-6.233263631388301e-05,120.86933595061694,0,7,0
12:37:17:449,1.7817224560243368,1.8461928412196744,121.01523440028218,0.003949784841136236,0.06724535889311546,0.0003418704599057635,121.04243024606087,0,4,0
12:37:17:576,1.73375054339139,1.851754790727419,120.62768235915601,0.007353227998559933,0.11588031512377725,0.002985581038742227,120.65435192355528,0,7,0
12:37:17:696,1.7818561530011043,1.8769190304230032,120.88022357631029,0.01682586956923354,0.07688097791409469,-0.0008228984846039841,120.90792483644533,1,4,0
12:37:17:820,1.7014340692336765,1.8772257749586174,120.73225163404823,0.006629333693504108,0.12550870474174658,0.0004955960810388163,120.75883172310527,0,7,0
12:37:17:944,1.6532565191017232,1.8679234357154526,120.58408083824122,-0.0013014726712427525,0.1372040598866881,9.150771804018134e-06,120.60987914214633,0,8,0
12:37:18:066,1.7033458611465824,1.841615031112417,120.60695507611226,-0.0054074484634572114,0.12373186895835592,0.003108521898819369,120.63304085438973,0,7,0
12:37:18:192,1.6841570534698227,1.869399186345084,120.85077406631008,-0.007019207741639957,0.12171792896250445,0.0014427781280911562,120.87696484742239,0,7,0
12:37:18:314,1.8053275392968327,1.8606821747220825,120.64609589401816,0.03276502252327318,0.0612790234077811,0.0008892534257593857,120.67394830761152,2,4,0
12:37:18:435,1.7033458611465824,1.841615031112417,120.60695507611226,-0.0054074484634572114,0.12373186895835592,0.003108521898819369,120.63304085438973,0,7,0
12:37:18:557,1.7826262062330658,1.8454401259866213,120.85689346249005,0.007381031116518689,0.07651513320550923,0.00023706378650491578,120.88412676134705,0,4,0
12:37:18:681,1.7033458611465824,1.841615031112417,120.60695507611226,-0.0054074484634572114,0.12373186895835592,0.003108521898819369,120.63304085438973,0,7,0
12:37:18:805,1.7811089026324771,1.8373469045300606,120.95766063730655,-0.006115461311963541,0.07993796008589937,-0.0001334324575415303,120.9847257277564,0,5,0
12:37:18:927,1.6845189000141316,1.8563185602230203,120.60904060293068,-0.0016496129949374143,0.13075327771179493,0.002251866746526998,120.63508692615476,0,7,0
12:37:19:048,1.7597210958350726,1.853138013397134,121.1354748034559,-0.0059582789906616005,0.07968353844448527,-0.0008988125633541695,121.16242814788141,0,5,0
12:37:19:174,1.6715367915176438,1.8571764472410583,120.56518887797957,0.0007007755420055167,0.13096032434302143,0.0017136072169864416,120.59107723535963,0,8,0
12:37:19:294,1.6969460285959517,1.8435475633027052,120.75006038287985,-0.00694044143485821,0.12011795890931312,0.003127439310628584,120.77605464623878,0,7,0
12:37:19:424,1.6745337612387594,1.8759561343175932,120.81911524271679,-0.013251496740976657,0.13146892602628976,0.00025906826677478677,120.84528076333098,-1,8,0
12:37:19:582,1.7763148530674375,1.867800705987866,121.14135371410104,-0.002420061699393163,0.07445872166935742,-0.0011080254717901494,121.16877301359233,0,4,0
12:37:19:706,1.7094980050144808,1.8690836858312379,120.69628125043248,-0.0029101498640934365,0.11775010533967449,0.00219455752614657,120.72285684549256,0,7,0
12:37:19:833,1.762460248369059,1.8268299335981046,121.0639558427071,-0.0074133852424031555,0.07584675733629825,-0.00035143370785687767,121.09056518993668,0,4,0
12:37:19:957,1.7763004613742677,1.8700378244525293,121.04519286307294,0.018560150678066798,0.07177448336210285,-0.001956116931265938,121.07266826188513,1,4,0
12:37:20:079,1.7789769911676154,1.8204714933409896,121.04734046459032,0.00025394139664583997,0.06996224751478247,-0.0007836397633207605,121.07409924977189,0,4,0
12:37:20:197,1.7001277009415003,1.844758208213559,120.75951763683057,-0.005299099355630566,0.11798194612037766,0.004631862850384871,120.78557309102057,0,7,0
12:37:20:323,1.7033458611465824,1.841615031112417,120.60695507611226,-0.0054074484634572114,0.12373186895835592,0.003108521898819369,120.63304085438973,0,7,0
12:37:20:446,1.6969460285959517,1.8435475633027052,120.75006038287985,-0.00694044143485821,0.12011795890931312,0.003127439310628584,120.77605464623878,0,7,0
12:37:20:568,1.7583014479572276,1.8477868753298459,121.11585926415592,0.002993513878385284,0.07945107774957652,-0.00259504418969411,121.14271462045645,0,5,0
12:37:20:694,1.683913826346978,1.8812395120254368,120.85913651611823,-0.007215812617782279,0.12135081321614326,0.0005052237862991185,120.88550577839293,0,7,0
12:37:20:816,1.7648563778796709,1.8362128738152803,120.75943324920905,0.013361759508993293,0.08059045101115692,-0.0005754301348331938,120.78628694691581,1,5,0
12:37:20:934,1.6843567689371313,1.840863188228024,120.61197618460831,-0.006637658450696848,0.13125577563128996,0.0023233512555591133,120.63778278035186,0,8,0
12:37:21:060,1.7134772752298915,1.8501609326765132,120.63102426802158,0.005121524348404317,0.12476225910679135,0.002193680928228769,120.65737903585318,0,7,0
12:37:21:181,1.689096552291628,1.8484982658050821,120.51929517362919,0.0060686917462965135,0.12379209257799396,0.0022557676173190003,120.54530477023984,0,7,0
12:37:21:306,1.763378221067411,1.8552349670063386,120.94263251077602,0.0021915132309658705,0.08498535106461647,-0.0014703363911919146,120.96971421876616,0,5,0
12:37:21:427,1.6715024873481676,1.8575028093146881,120.62312465429788,-0.0006633797265722783,0.13141084048075694,0.0010566719023070272,120.64900512900266,0,8,0
12:37:21:580,1.7031965381249115,1.8533905917457791,120.61622845096721,-0.005681258840985143,0.12328641332719104,0.0021748536498150325,120.64249044540222,0,7,0
12:37:21:801,1.7054920421321949,1.8583872570648297,120.59256314642438,0.0012274264604003775,0.11920850248776081,0.0011064980409851057,120.6189396095296,0,7,0
12:37:21:921,1.6973052145237075,1.852966410619588,120.83903536467433,-0.012719878708262087,0.12122108079675033,0.0027075915565998756,120.86515956790504,-1,7,0
12:37:22:040,1.682587679583559,1.8499888709670498,120.66367241834236,0.00395481233742023,0.12035957732401852,0.0022824671954375765,120.68958282139856,0,7,0
12:37:22:164,1.6797241563581091,1.858877671247886,120.68433691756051,-0.000684749978350072,0.12313727076080608,0.000995465084244831,120.7103395599125,0,7,0
12:37:22:293,1.6626273761118555,1.8489910602677306,120.66445356129442,0.0025488487513024185,0.1288424094210228,0.001484525342456987,120.69007188239854,0,7,0
12:37:22:416,1.696734234128546,1.8554390490855013,120.75859673235743,-0.0070582423147403815,0.11971775091062489,0.00219003535835157,120.78476826940664,0,7,0
12:37:22:536,1.690213068107804,1.8583440571242205,120.61558259797437,0.0007487637325855516,0.12416185023034293,0.00183887362906387,120.641738334206,0,7,0
12:37:22:658,1.7054272494776463,1.864913276688411,120.4495871283838,-0.0016217145572310367,0.1160026144992111,0.00023736756691997347,120.47609481980626,0,7,0
12:37:22:783,1.6995842777875494,1.8555189657028353,120.93787514863472,0.0033452349431589553,0.10556653601444274,0.0015238694763002095,120.96404913368329,0,6,0
12:37:22:907,1.682587679583559,1.8499888709670498,120.66367241834236,0.00395481233742023,0.12035957732401852,0.0022824671954375765,120.68958282139856,0,7,0
12:37:23:027,1.689096552291628,1.8484982658050821,120.51929517362919,0.0060686917462965135,0.12379209257799396,0.0022557676173190003,120.54530477023984,0,7,0
12:37:23:153,1.7030688182725113,1.8517191480540909,120.65894617273814,0.006401633291390694,0.1112351692909695,0.003074768542297587,120.68517141189618,0,6,0
12:37:23:317,1.6839253219993393,1.8647011194483498,120.26932015839562,-0.027849551578975958,0.12469150073819578,0.0004676885713882246,120.29556137330091,-2,7,0
12:37:23:434,1.779577250555694,1.8319741045533624,120.88614078615885,0.019640986293145448,0.06619392887723863,-0.0009261864511749899,120.91311780977888,1,4,0
12:37:23:563,1.6682308068872649,1.8690452160304365,120.8688165205742,-0.007773641551838166,0.12732547866528487,0.002175122264553476,120.894777104426,0,7,0
12:37:23:686,1.7601928316286835,1.828619024446874,120.93231375397089,0.014009592867593965,0.07467030671273449,-0.0016877505695430599,120.95894607770829,1,4,0
12:37:23:806,1.6843567689371313,1.840863188228024,120.61197618460831,-0.006637658450696848,0.13125577563128996,0.0023233512555591133,120.63778278035186,0,8,0
12:37:23:933,1.779577250555694,1.8319741045533624,120.88614078615885,0.019640986293145448,0.06619392887723863,-0.0009261864511749899,120.91311780977888,1,4,0
12:37:24:051,1.68832885538759,1.8349911978444977,120.49203948654315,0.004781160476999464,0.1243141210080823,0.0024728850103135245,120.51783779443927,0,7,0
12:37:24:175,1.6906328236249997,1.8742511608959056,120.61081923871579,0.006329484234033442,0.12334101345640948,0.0017654924495443848,120.6372279779033,0,7,0
12:37:24:298,1.7168855848986673,1.878849457863281,120.44844075600649,-0.014595917111785662,0.1023856116895915,-0.0007657041775503693,120.47532798025557,-1,6,0
12:37:24:422,1.6935257266247066,1.849784678542487,120.53676415566002,0.00755523985112553,0.12043984319797851,0.0037755131015569385,120.56285184857282,0,7,0
12:37:24:546,1.6841570534698227,1.869399186345084,120.85077406631008,-0.007019207741639957,0.12171792896250445,0.0014427781280911562,120.87696484742239,0,7,0
12:37:24:666,1.6653710114054987,1.8802180258000416,120.86897731644497,-0.00896281022625312,0.12847205103648515,-0.00027052896185901135,120.89507168596022,-1,7,0
12:37:24:789,1.7196555139210998,1.8627544092669,120.68819268740938,-0.011249498698088153,0.11863596956139555,0.0010331503485880575,120.7148165024868,-1,7,0
12:37:24:926,1.7201691465452646,1.8508780629950863,120.68184743416923,-0.0111845669872259,0.11874295596989445,0.001973981149261403,120.70829727744858,-1,7,0
12:37:25:035,1.6841570534698227,1.869399186345084,120.85077406631008,-0.007019207741639957,0.12171792896250445,0.0014427781280911562,120.87696484742239,0,7,0
12:37:25:162,1.7049410973860906,1.8606486520425756,120.50889380951885,0.0066106342371983744,0.1176669685291751,0.0005960887950361696,120.53531567447689,0,7,0
12:37:25:286,1.6997620801959008,1.8813039165377439,120.83885315319758,-0.006766539387971599,0.11582335802578624,-0.00022232040708785225,120.86544968242869,0,7,0
12:37:25:450,1.7063574145293525,1.8796353159863843,120.6969679791084,-0.004877658040372289,0.11924451453492875,-0.00024060775648754272,120.72366281676985,0,7,0
12:37:25:572,1.6904063589929754,1.8701989764207292,120.62702022228268,0.0005127404854132257,0.12337593425881102,0.0009085843042981366,120.65335936299877,0,7,0
12:37:25:702,1.7063574145293525,1.8796353159863843,120.6969679791084,-0.004877658040372289,0.11924451453492875,-0.00024060775648754272,120.72366281676985,0,7,0
12:37:25:869,1.7196555139210998,1.8627544092669,120.68819268740938,-0.011249498698088153,0.11863596956139555,0.0010331503485880575,120.7148165024868,-1,7,0
12:37:25:988,1.690995648814366,1.8794287844027096,120.719797651619,-0.005582484737760886,0.12430578337755831,0.0004948925839880623,120.74626811577983,0,7,0
12:37:26:134,1.6989966966054686,1.862103574389521,120.65577289657793,0.004367146493924611,0.11367540533125035,0.0006290756277711863,120.68210121127085,0,7,0
12:37:26:267,1.7159208016221288,1.8564614566100615,120.879558733449,-0.009569466832914481,0.11185703204527346,-8.854806676704282e-05,120.9059905584941,-1,6,0
12:37:26:393,1.7241194805258524,1.8793816444267673,120.38031959831305,0.019417921038070565,0.12274066980196316,0.003949629187168236,120.40733370497219,1,7,0
12:37:26:512,1.7063574145293525,1.8796353159863843,120.6969679791084,-0.004877658040372289,0.11924451453492875,-0.00024060775648754272,120.72366281676985,0,7,0
12:37:26:638,1.7036063209139354,1.8784911582176231,120.6894175186859,-0.006497597921472505,0.12093865170982701,-0.001739557639889732,120.71605735993802,0,7,0
12:37:26:758,1.7074901793923436,1.8884839872651586,120.99550707876813,-0.00203452011786319,0.10750015141415806,-0.002617236033868009,121.02228979709112,0,6,0
12:37:26:886,1.7310332216904079,1.8667239335270107,120.89287636533523,0.003408310826002359,0.09411717880477548,-0.0008541625567168195,120.9196786720128,0,5,0
12:37:27:006,1.7788876159596954,1.8693941318543945,121.01421406326081,-0.012507662941931653,0.06753991617886461,-0.0033631433262677713,121.04172454537789,-1,4,0
12:37:27:128,1.6879616396659476,1.8825940951059228,120.64190668812921,-0.015188764628288382,0.12501505117077058,-0.001372311709562483,120.66840110141175,-1,7,0
12:37:27:294,1.6980143572856108,1.8805306331348757,120.65692728218403,-0.002782157184935304,0.12666352389924052,-0.001379317658184602,120.68352724957101,0,7,0
12:37:27:417,1.6829945782224291,1.8854182063866494,120.78479714612189,-0.015273363138586588,0.12099467294803008,0.000127542466487478,120.8112349667576,-1,7,0
12:37:27:538,1.699651707976912,1.885433245425416,120.77005967025097,-0.01503748017568139,0.11465260868010298,-0.0005889918445331951,120.79673417442777,-1,7,0
12:37:27:660,1.7486954294297288,1.8626277315403281,120.75051428837513,0.0022449530031417603,0.09884249931873769,-0.00013414393392851106,120.7775393799621,0,6,0
12:37:27:783,1.6812440760184706,1.8803370956128933,120.85129835980938,-0.00851648009504528,0.12294014198098543,-0.0009987996127171462,120.87761812878325,0,7,0
12:37:27:905,1.7059657872082157,1.8833156762714431,120.62827649731409,-0.013704801337711885,0.1184160346402196,-0.0006011995241728646,120.65503838595417,-1,7,0
12:37:28:033,1.727255949075233,1.8776299026340193,120.97315704102856,-3.250827778178329e-05,0.09970468075489573,-0.0008865119250336679,121.00005632907052,0,6,0
12:37:28:195,1.696734234128546,1.8554390490855013,120.75859673235743,-0.0070582423147403815,0.11971775091062489,0.00219003535835157,120.78476826940664,0,7,0
12:37:28:315,1.6979169696396785,1.8882685865425424,120.72838242583224,0.005421926477880996,0.12731023637354785,-0.001956099217924869,120.7550860355319,0,7,0
12:37:28:441,1.7210122808355899,1.8565654862704961,120.68085273027279,0.011750154436666254,0.10234837310084142,0.0002580070508558921,120.70740215240069,1,6,0
12:37:28:564,1.699651707976912,1.885433245425416,120.77005967025097,-0.01503748017568139,0.11465260868010298,-0.0005889918445331951,120.79673417442777,-1,7,0
12:37:28:688,1.6914338343596462,1.8880294599912935,120.81096585462855,-0.01252825164469901,0.1254291704618383,9.0892419401532e-05,120.83755655584085,-1,7,0
12:37:28:809,1.7828706103682332,1.828373156533275,120.87123649904537,8.500755569773789e-05,0.07668950617618109,0.0003183831171658399,120.89821085864341,0,4,0
12:37:28:934,1.7034953345443196,1.8625433510205485,120.70515161165322,-0.01179231055355642,0.12449040495934956,0.0017594042623322132,120.73153933285799,-1,7,0
12:37:29:059,1.670023808041814,1.8473014125661034,120.46626527982075,0.006058716663122968,0.13096776860370787,0.002124572652188268,120.49200211008382,0,8,0
12:37:29:179,1.7084882327511492,1.8699878221220068,120.67285759468915,0.014143122383478915,0.11537651227164472,-0.00028084704953112424,120.69943805405417,1,7,0
12:37:29:310,1.6673999473111898,1.864990508058728,120.65318438815565,-0.007054811558375242,0.13746953985227522,0.0017173456190588882,120.67911714618121,0,8,0
12:37:29:425,1.6865661627578665,1.873375350484246,120.59368380976056,0.005354212588053618,0.1262839295875931,0.00024204610004087968,120.62002576452083,0,7,0
12:37:29:553,1.7957948652890807,1.846946510772877,121.07282756387619,0.018597120874856682,0.0519364384557039,-0.000547801763889555,121.10022983018634,1,3,0
12:37:29:674,1.70393732535944,1.8675175262981454,120.65501950978876,0.011772731956816152,0.10998949971757413,0.0030150009385404844,120.68150130416547,1,6,0
12:37:29:794,1.6698244042340824,1.843289326799252,120.53104074861605,-0.0008797691893080633,0.1324327873593107,0.001925179398185111,120.5566995775341,0,8,0
12:37:29:919,1.6626273761118555,1.8489910602677306,120.66445356129442,0.0025488487513024185,0.1288424094210228,0.001484525342456987,120.69007188239854,0,7,0
12:37:30:039,1.6642377808323003,1.859043204608107,120.76315214525792,-0.0026236120084695423,0.12869613919026635,0.0010709975048528483,120.78892600353089,0,7,0
12:37:30:161,1.68832885538759,1.8349911978444977,120.49203948654315,0.004781160476999464,0.1243141210080823,0.0024728850103135245,120.51783779443927,0,7,0
12:37:30:286,1.679782927427433,1.842721490104248,120.70163436474041,-0.006259774042048785,0.12653887551642087,0.0045004975819137386,120.72738641871136,0,7,0
12:37:30:406,1.6578161627835348,1.841669016011923,120.69314510431418,-0.007842961673552402,0.1358658510670013,0.0021970026573383795,120.71857924265495,0,8,0
12:37:30:534,1.6531288158971151,1.856606789908232,120.57120734962754,-0.00031926153264945036,0.13785528963779448,0.0009302561519271079,120.59683190449557,0,8,0
12:37:30:656,1.7138059105351076,1.8434334536092667,120.7366893782616,-0.0069413234661724384,0.11361094468750882,0.0024165671856316855,120.76292286798832,0,7,0
12:37:30:779,err,err,err,err,err,err,err,err,err,err
12:37:30:904,2.8715998579793505,3.737404699050169,109.32541761624768,0.7172592999732249,-0.07696513627776294,0.1375059988805965,109.42696750159801,41,-7,6
12:37:31:026,1.8834509967036785,1.920403371374236,120.74350854101378,-0.015484047856701901,0.011443945522094184,-0.0047970447403195395,120.77346642189102,-1,1,0
12:37:31:148,1.874390043159447,1.8768121838819658,120.6367519622013,-0.039079193082315625,0.03337490855752457,-0.0038496919745220253,120.66590937790649,-2,2,0
12:37:31:267,1.9212677291850697,1.909459102113865,120.55302403332908,-0.008822671558237417,0.007095539818729488,-0.003045740840560979,120.5834520460012,-1,0,0
12:37:31:415,1.9362605005906783,1.889663313302385,120.56930599095314,-0.01988463943916543,0.015490288087183324,-0.004443891650841398,120.5996578739089,-1,1,0
12:37:31:559,2.0014382662342287,1.8204263451119558,120.49312527795136,0.01506518437742215,-0.04121599685127724,-0.0012278851139045281,120.52349541255268,1,-2,0
12:37:31:677,1.9752218946530022,1.822338734631058,120.60354725497973,-0.000696199534675633,0.00304804735281632,-7.766134251085605e-05,120.63348635632224,0,0,0
12:37:31:805,2.9946761653250915,3.6106558983152235,108.92619746113671,0.7232301941002299,-0.060786405973226786,0.1384596260581576,109.0271590691684,41,-6,6
12:37:31:927,3.0236732328368516,3.6609440207120256,109.17732320181807,0.7234243842826934,-0.06315536195771587,0.13560439859405615,109.28052439687505,41,-6,6
12:37:32:049,3.036080462757269,3.619067522158311,109.26022537353994,0.7199530967228954,-0.0610929452500301,0.13864240892332164,109.36229827039581,41,-6,6
12:37:32:172,1.9562818798130008,1.754058394805679,120.50902539693558,-0.010327483997353957,0.02001076820761229,-0.0024571671665429462,120.53766615363406,-1,1,0
12:37:32:292,1.9971965193664025,1.8071478687815237,120.49418483414573,-0.0021866676697676387,-0.0025586945293411493,-0.006578412457680549,120.52428450815165,0,0,0
12:37:32:423,1.9790556835788027,1.7753697581122616,120.7540253924935,-0.004553928409865718,-0.0029833761454471867,-0.005368595908507014,120.78329043235944,0,0,0
12:37:32:537,1.9321506451233068,1.7691060566333192,120.84924315362927,-0.0313974688994766,0.04986081194871174,-0.005903819844415986,120.87763446212901,-2,3,0
12:37:32:662,1.9478158529909606,1.7903535917060416,120.63038123933157,-0.01251018906413482,0.0020498623576110427,-0.006586298166642809,120.65938931772767,-1,0,0
12:37:32:786,1.9102928677218087,1.786559023873477,120.8919944246942,-0.024908367992948915,0.010082717892005336,-0.004966845728366605,120.92028501441165,-1,1,0
12:37:32:908,1.9690221366045844,1.8544743586098442,120.64642518726222,-0.006194394427155121,-0.020055309486915508,-0.005714901704620749,120.67674189249078,0,-1,0
12:37:33:033,err,err,err,err,err,err,err,err,err,err
12:37:33:155,1.7844040878695058,1.7814813051494947,120.91458009156739,-0.01643369756744519,0.07438648964838736,-0.0014372761259194612,120.94086758540088,-1,4,0
12:37:33:279,1.933415844556335,1.8652611585178969,120.6074615380498,-0.0063420251884952405,-0.02138959499903512,-0.006807718397966199,120.63737843085624,0,-1,0
12:37:33:399,1.9202327256961738,1.778662621236889,120.40540006389205,-0.02180079833104963,0.04049985147870133,-0.007649605879856541,120.43384615209678,-1,2,0
12:37:33:522,1.935582948692769,1.7636702062878387,120.58079796148903,-0.015214234259580373,0.017195583354234715,-0.003548349836098771,120.60922788483994,-1,1,0
12:37:33:651,1.9230797243947602,1.731977741392195,120.5223625105026,-0.024300542824297302,0.004104450428344381,-0.0031465226856776194,120.55014660976593,-1,0,0
12:37:33:770,1.9458897609365087,1.676866439537964,120.55211859201218,-0.03580918748066474,0.004324709769629581,-0.0042626766486139975,120.57948276983251,-2,0,0
12:37:33:897,1.9402440612520757,1.720828297967358,120.46120456788621,-0.021768898347677448,0.011081167046658643,-0.0020757307611856605,120.489118193281,-1,1,0
12:37:34:017,1.9146173318405932,1.7166125034549198,120.84972310811561,-0.006666507312843697,0.0213288359903352,-0.0007598312665629298,120.87707844468535,0,1,0
12:37:34:136,1.93205266288541,1.740895691595352,120.97217366479123,-0.009155820263998846,0.042824258605095616,-0.0014692856664650217,121.00012539863579,-1,2,0
12:37:34:260,0.6208838123229143,3.5682033542392646,109.69330702840169,0.719660401458342,0.09136094640505621,-0.15110700924117174,109.75308277544103,41,8,-6
12:37:34:382,1.953819779164036,1.6921094709431872,120.75322715274211,0.01016242334884728,0.014798020674498613,-0.001661159546009043,120.7808863769133,1,1,0
12:37:34:508,1.9316723709126569,1.7563334641149624,120.7292732578659,0.002155898555432123,0.03883746073873008,-0.001532289905805205,120.75749867713463,0,2,0
12:37:34:631,1.9422541455720848,1.7013373432643248,120.7259147065679,-0.03952683640839265,0.0012899624387225951,-0.0008860622720422784,120.75352326809801,-2,0,0
12:37:34:755,1.9065306507913227,1.713261963404058,120.606206199392,-0.004587301732984744,0.05059592198926552,-0.0022973089958895146,120.63344104968537,0,3,0
12:37:34:873,0.5751249209692142,3.5284984034141766,109.43810379532121,0.719667946942125,0.09207541652414453,-0.15197821625967317,109.49648228127293,41,8,-6
12:37:34:997,1.9570457355151196,1.71591945512139,121.00522935992646,0.0037823626007451603,0.02864988183441812,-0.0017261129625799907,121.03321833296746,0,2,0
12:37:35:124,1.9206890777865175,1.7306385671947067,120.69540502747415,0.01567170941661629,0.037351521454152437,-0.0012674811419311602,120.72309203764549,1,2,0
12:37:35:243,1.9614786202917363,1.728449149800417,121.03459247636954,-0.011691571255734707,0.02364368847891202,-0.0024896244057290135,121.06282464391022,-1,1,0
12:37:35:373,0.599622319507209,3.564808406812901,109.93641766384624,0.7193603795502683,0.09183708220464798,-0.1525164340993273,109.99583326046027,41,8,-6
12:37:35:492,0.5941749928188553,3.5375230872602366,110.02364138962776,0.7237458734392301,0.08711436277302385,-0.15275352719348811,110.08210017141025,41,8,-6
12:37:35:613,0.9047279700449249,-0.42535944044877494,109.62200692051896,-0.8896558420695451,0.05133511144724602,0.17403953239138184,109.62656550597426,-51,7,8
12:37:35:736,0.6139121720799884,3.5514903273877056,109.77289175680245,0.7242043462741581,0.08863729691415652,-0.1504887719748524,109.83204330408874,41,8,-6
12:37:35:875,0.595217481927786,3.5475180206907395,109.61581112445062,0.7249119859002894,0.0942952247734093,-0.15289807126204008,109.67481578023803,41,8,-6
12:37:35:986,0.9094290009427042,-0.428581634330857,109.89294570657451,-0.8818155857589878,0.04385366671085604,0.17407882705726507,109.89754437380834,-50,6,8
12:37:36:109,0.6345437408371508,3.54949478774193,109.68760740494888,0.7246917082143556,0.087787730579708,-0.15200950209451403,109.74685771004762,41,8,-6
12:37:36:230,0.6086323199629688,3.555503855283021,109.55453357937765,0.7234669473910157,0.09132910393850419,-0.15227592344322755,109.6139036288774,41,8,-6
12:37:36:352,1.9556694412882778,1.708197925479536,120.84187892007621,-0.001974607820265297,0.02651594925329176,-0.0025962358992952716,120.8697740713143,0,2,0
12:37:36:515,1.975285949446049,1.692359129689843,120.80567097451602,-0.02198216870848131,0.018838957087565788,-0.0006939533404604996,120.83367069492239,-1,1,0
12:37:36:640,1.9475044007489204,1.6696562748443344,120.92836825299108,-0.00833988899341689,0.0373838407607216,-0.002184531523514769,120.95557355408673,0,2,0
12:37:36:763,0.5990595001056537,3.5469033742220124,109.63750760270436,0.7221704603461848,0.08925516325914683,-0.15473846244066758,109.69650162682396,41,8,-6
12:37:36:884,0.6079077787558343,3.569855118825776,109.76388188923283,0.7185645872750643,0.09363230426077064,-0.1519929980906636,109.82360030899704,41,8,-6
12:37:37:011,0.6074481559099455,3.560223748761683,109.75479247823199,0.7211090804168224,0.09434069319881208,-0.15172858397218433,109.81420062242923,41,8,-6
12:37:37:198,1.912901559095379,1.7288076746516732,120.89601805144704,-0.007478445762520618,0.048049843009366634,-0.0031956342605786443,120.92350949689863,0,3,0
12:37:37:339,1.9647199292417583,1.7097166406691602,121.0456583461755,-0.021147122667784884,0.021116354522274092,-0.0014359479449172392,121.07367451205397,-1,1,0
12:37:37:552,1.938452090439414,1.734204123498045,120.72873660763301,0.01940729335772185,0.044138059419795206,-0.00157419619091709,120.75675096376233,1,3,0
12:37:37:665,1.9312541514010175,1.7194847573684562,120.9960261277875,0.008579327504484965,0.04339323537182513,-0.002176370960800308,121.0236535109743,0,2,0
12:37:37:788,0.6092791679168358,3.5604803825676195,109.76044051067075,0.7210728332261512,0.09198667128546897,-0.15245431233196552,109.81986406272591,41,8,-6
12:37:37:911,1.9672079268127745,1.7066509835060777,120.8699338184726,-0.00477330327547335,0.02835508741596097,-0.00141269920745101,120.89798784880071,0,2,0
12:37:38:036,0.9192026507492785,-0.4291890437391352,109.73014486938355,-0.8825543406592459,0.04839487059235855,0.1762851466477528,109.73483416766214,-50,7,8
12:37:38:155,0.6088136248925309,3.550844135944329,109.75148817272138,0.7236085483249336,0.09270035774523584,-0.15219005675180347,109.81060196645234,41,8,-6
12:37:38:282,0.6224508317333906,3.5577090252040273,109.70071645227318,0.7194901540894315,0.0893711919005319,-0.15195818599346592,109.76015638057366,41,8,-6
12:37:38:411,1.9647199292417583,1.7097166406691602,121.0456583461755,-0.021147122667784884,0.021116354522274092,-0.0014359479449172392,121.07367451205397,-1,1,0
12:37:38:526,0.5956763534729927,3.5571500452276603,109.62478463077807,0.7223830713896816,0.09358666467141448,-0.15316196440757196,109.68409890274354,41,8,-6
12:37:38:647,1.9631641871296683,1.7040863437223877,120.66966947036688,-0.018238838563916428,-0.010397748295474612,-0.0018839719250000532,120.6976679724181,-1,-1,0
12:37:38:774,1.9819156239722362,1.6934431568213846,121.03147228020981,-0.010831831336274918,0.0019754968139321202,-0.0013158726642004076,121.05954328999067,-1,0,0
12:37:38:896,1.9570457355151196,1.71591945512139,121.00522935992646,0.0037823626007451603,0.02864988183441812,-0.0017261129625799907,121.03321833296746,0,2,0
12:37:39:018,0.9054856969302726,-0.42510367378632546,109.72762629676986,-0.8889237247626235,0.050622545277753526,0.17355771985263485,109.73218575333489,-51,7,8
12:37:39:141,1.9705089121435058,1.6940185788320117,121.05651558707285,-0.010837107778768996,0.028116895144870768,-0.0013596324638904696,121.08440267186141,-1,2,0
12:37:39:266,1.9379365350059055,1.7133568939979453,121.14891274471783,-0.003396715171405218,0.03868716349527916,-0.002423146180360431,121.17652515684371,0,2,0
12:37:39:389,err,err,err,err,err,err,err,err,err,err
12:37:39:518,0.5952082336556475,3.5264445149503993,109.63237935416096,0.7246336684526206,0.09443517293956709,-0.152922882784865,109.69069553345486,41,8,-6
12:37:39:634,0.5974258512944126,3.5555374922202287,109.60537089482673,0.7205234157154786,0.09098194812522792,-0.15435205683549488,109.66465289006713,41,8,-6
12:37:39:755,1.9796866232209216,1.7397726398710107,120.85338566104778,-0.007357365700556797,0.014287513341865479,-0.0014287196037906028,120.88211941268466,0,1,0
12:37:39:880,1.963081071558236,1.7110180976745912,120.67101985757996,0.00626407026205822,0.00372777686650601,-0.0010301472972944557,120.69911475935744,0,0,0
12:37:40:006,1.969870721241187,1.6628123836587059,120.9622228180975,-0.03421463267110232,0.012714163449772409,-0.002664530988080482,120.98968834068762,-2,1,0
12:37:40:128,0.609440578805064,3.527157772607722,109.76689408866345,0.7188081059285647,0.0916576837973886,-0.1528435329623652,109.82523980235062,41,8,-6
12:37:40:245,1.944071264242321,1.7217825295565885,120.90924703325787,-0.00149996213383536,0.041513714540000454,-0.0013513242446083224,120.93713228909024,0,2,0
12:37:40:373,0.6079077787558343,3.569855118825776,109.76388188923283,0.7185645872750643,0.09363230426077064,-0.1519929980906636,109.82360030899704,41,8,-6
12:37:40:497,0.6074104562748792,3.57072428762209,109.74545169606608,0.7212524030679764,0.09431802258724817,-0.15174133676356177,109.80520564788439,41,8,-6
12:37:40:614,1.9424202906795995,1.6906505198370203,120.69085679789343,-0.021098713428791244,0.012707107581059269,-0.002099538268667011,120.71832590943053,-1,1,0
12:37:40:739,1.9647199292417583,1.7097166406691602,121.0456583461755,-0.021147122667784884,0.021116354522274092,-0.0014359479449172392,121.07367451205397,-1,1,0
12:37:40:890,1.9692612998296595,1.7126945353515266,121.04116312904947,-0.0014375825588720406,0.028374464130379813,-0.0023926668276347397,121.06929620788085,0,2,0
12:37:41:027,0.6086323199629688,3.555503855283021,109.55453357937765,0.7234669473910157,0.09132910393850419,-0.15227592344322755,109.6139036288774,41,8,-6
12:37:41:193,0.595217481927786,3.5475180206907395,109.61581112445062,0.7249119859002894,0.0942952247734093,-0.15289807126204008,109.67481578023803,41,8,-6
12:37:41:311,0.6088136248925309,3.550844135944329,109.75148817272138,0.7236085483249336,0.09270035774523584,-0.15219005675180347,109.81060196645234,41,8,-6
12:37:41:437,1.934516998384586,1.7095969781398495,120.88812706273153,-0.017032361269511687,0.03792373672094043,-0.0022873925198572567,120.91569105198806,-1,2,0
12:37:41:556,1.9519620918735274,1.7267346058710658,121.0932661557806,5.078125314062879e-05,0.03540884738743573,-0.0022475332451733264,121.12130645217604,0,2,0
12:37:41:681,1.9423412657957797,1.7030340554584331,121.06985281220788,0.0007772099258184356,0.020125247643941746,-0.0014108251796220873,121.09740820742839,0,1,0
12:37:41:803,1.9533020386741107,1.7165068376729287,120.94936694482348,-0.02529872790900478,0.03240429134097016,-0.0010421276452087392,120.977316671067,-1,2,0
12:37:41:928,1.9672960538366404,1.7240128217632953,120.98411771791312,-0.0004854537718833808,0.01811441780795341,-0.00043539243888453646,121.01239281145921,0,1,0
12:37:42:056,1.987166838366673,1.7174545268851045,120.75780828669717,-0.018685659682017536,-0.008479685391279025,-0.0009583895475097597,120.78636820561388,-1,0,0
12:37:42:174,0.6097488909811583,3.5701077504952976,109.76944690375767,0.7185282804191415,0.09126958041195242,-0.15271815213514414,109.82918071540493,41,8,-6
12:37:42:297,0.6121907258204922,3.5405741502618984,109.76383062762427,0.72340379330574,0.0883680267421203,-0.15376864628028983,109.82262497704228,41,8,-6
12:37:42:422,0.6132783506820733,3.5482588149731984,109.64302170366045,0.7251350877220818,0.0885164066597287,-0.15039540424808712,109.70213516273422,41,8,-6
12:37:42:542,1.9390789736756981,1.6667421107668103,120.88310526195869,0.00453670290670711,0.03309799792581556,-0.0018240325089438675,120.9101451256417,0,2,0
12:37:42:671,0.6021197844752886,3.548409278411449,109.64278362691373,0.7254659626714703,0.08790288840133019,-0.1519244001119165,109.70184026760988,41,8,-6
12:37:42:791,1.9688723377290351,1.7177136236720818,120.94312410964955,-0.007710115009523557,0.014324570263919041,-0.0019452209943884074,120.97134482090094,0,1,0
12:37:42:912,0.8851584619266941,-0.43851927945615404,109.8872262911914,-0.8834620555239288,0.05173776582755532,0.17355553422562742,109.89166622921267,-50,7,7
12:37:43:068,0.596568087033406,3.538134144729449,109.6125568788949,0.7273927645576337,0.09266989922172307,-0.1533599252283323,109.67126748714787,41,8,-6
12:37:43:197,1.9549300184999503,1.7510597318792989,120.96463933545247,0.019752665813760242,0.02937348248025784,-0.0028236346077239066,120.9931069570409,1,2,0
12:37:43:326,1.9131920163522114,1.7277976627200442,120.95711823242479,0.005130523280156174,0.03590042017566618,-0.0029344133210917867,120.98458595849111,0,2,0
12:37:43:446,1.9934828696644589,1.6962214621807785,120.93169363763914,-0.020156143514483162,-0.012934226438209935,-0.0015676813095191126,120.96001681245014,-1,-1,0
12:37:43:625,1.9451308924874509,1.7235194194398218,121.28832582123779,0.00621592079541122,0.033657873228251964,-0.0018549477775451643,121.31616559179916,0,2,0
12:37:43:748,1.9522896450909273,1.7169220274779526,120.71463364727518,-0.0026670708265462265,0.027956754014247503,-0.002606046619686932,120.74262723952394,0,2,0
12:37:43:867,0.9170716670142712,-0.4157739633591384,109.76227460646054,-0.8865219817788093,0.051552511049283566,0.17475025318673962,109.76689307443797,-50,7,8
12:37:44:174,0.9186823849911899,-0.4384578768981654,109.74486527223641,-0.8844243633261354,0.048965648609411064,0.1759041784857179,109.74958622361922,-50,7,8
12:37:44:343,0.611291019937704,3.591197855302951,109.75058553890824,0.7187902239891166,0.08910966865977682,-0.15355715475287376,109.8110258802831,41,8,-6
12:37:44:491,1.9719708031536822,1.6808255712856004,120.96028654110259,-0.02578777072668335,0.011206858673502323,-0.0017695849871353835,120.98803562152426,-1,1,0
12:37:44:643,1.9614786202917363,1.728449149800417,121.03459247636954,-0.011691571255734707,0.02364368847891202,-0.0024896244057290135,121.06282464391022,-1,1,0
12:37:44:780,1.951004505467149,1.729447646297689,120.81450745633671,0.026238161442006816,0.03166884266136241,-0.0019545694831593755,120.84263576924693,2,2,0
12:37:44:949,1.959096359126645,1.6846831500351163,120.84065184746126,-0.0018234167613575209,0.023325963854603008,-0.0019005389103380224,120.86827273846392,0,1,0
12:37:45:214,1.9562479875380687,1.723730532141594,120.85630331926446,-0.013076757341545054,0.027002272608023396,-0.0015636110212063823,120.8844249898813,-1,2,0
12:37:45:374,0.6222428688066033,3.5588184825996514,109.68952596428923,0.7221656714697339,0.08972435009120079,-0.15156761915293218,109.74900674470979,41,8,-6
12:37:45:509,0.6090217447061186,3.570837409607562,109.7459949596471,0.7212191438095675,0.0922100589953366,-0.15255620658909644,109.80576121941083,41,8,-6
12:37:45:628,1.9472736784236848,1.7244439296328387,120.9206578327044,0.01700358303498262,0.038040280782344414,-0.0014805436236078875,120.94862989029312,1,2,0
12:37:45:844,1.9556694412882778,1.708197925479536,120.84187892007621,-0.001974607820265297,0.02651594925329176,-0.0025962358992952716,120.8697740713143,0,2,0
12:37:46:015,0.6088136248925309,3.550844135944329,109.75148817272138,0.7236085483249336,0.09270035774523584,-0.15219005675180347,109.81060196645234,41,8,-6
12:37:46:154,1.9541123296277734,1.7061685308844867,121.00570588182305,-0.009042160576649447,0.019348834572739136,-0.0010889457920963375,121.03350950051332,-1,1,0
12:37:46:283,1.9499398761580327,1.7037343423320765,120.75947473191371,-0.005578035167379848,0.006068054492333537,-0.0016768368298010195,120.78723323993137,0,0,0
12:37:46:402,1.9723059406304906,1.7394228805251974,120.89919476614062,0.021726190222639365,0.02359823881038938,-0.0011119712130081801,120.92779199911799,1,1,0
12:37:46:522,0.595217481927786,3.5475180206907395,109.61581112445062,0.7249119859002894,0.0942952247734093,-0.15289807126204008,109.67481578023803,41,8,-6
12:37:46:651,1.9312541514010175,1.7194847573684562,120.9960261277875,0.008579327504484965,0.04339323537182513,-0.002176370960800308,121.0236535109743,0,2,0
12:37:46:771,1.9447391063230313,1.698453751979141,120.97587656648926,-0.01851917750138869,0.027386509679931736,-0.003177511937771154,121.00342749843792,-1,2,0
12:37:46:895,1.9470203523573915,1.704913811026002,120.92279354090219,-0.008493725661850976,0.0394107006616545,-0.00031648512699429803,120.95048415401725,0,2,0
12:37:47:018,1.9496446088259136,1.751205826734873,120.99413360859376,0.01911385418071329,0.02180808811673986,-0.003908392640744753,121.02251114417743,1,1,0
12:37:47:139,0.594762707080159,3.537877310636486,109.60689167988707,0.7274322308489161,0.0950004602669878,-0.15263376535869963,109.66558722894501,41,8,-6
12:37:47:314,1.951547077492479,1.7281843301096462,121.08657080469183,0.0021591355753161454,0.036497395832944465,-0.0013334257537135172,121.11462664069172,0,2,0
12:37:47:423,0.6347353460493944,3.5372882265660137,109.67709845557718,0.7227305505465373,0.08729539928379754,-0.15237474134877002,109.73596139184136,41,8,-6
12:37:47:549,0.5987701485468523,3.525082408732976,109.6182144434499,0.7227373778127063,0.08949229509367371,-0.15483935203004862,109.67651375499368,41,8,-6
12:37:47:673,0.6222428688066033,3.5588184825996514,109.68952596428923,0.7221656714697339,0.08972435009120079,-0.15156761915293218,109.74900674470979,41,8,-6
12:37:47:800,0.5988065629814697,3.557249743865944,109.62301438548606,0.7223192956088474,0.08947476340781944,-0.15484007955552267,109.68234989277256,41,8,-6
12:37:47:961,1.9522896450909273,1.7169220274779526,120.71463364727518,-0.0026670708265462265,0.027956754014247503,-0.002606046619686932,120.74262723952394,0,2,0
12:37:48:166,0.5956763534729927,3.5571500452276603,109.62478463077807,0.7223830713896816,0.09358666467141448,-0.15316196440757196,109.68409890274354,41,8,-6
12:37:48:303,1.94626967273288,1.7253480579742693,120.8547129004623,0.004639682236486773,0.023847318036161167,-0.002858401891258098,120.88269694961858,0,1,0
12:37:48:487,0.9074207023377432,-0.4273414797125636,109.84823099930684,-0.8842244238114908,0.04939084856770285,0.1743598491782283,109.85281009946168,-50,7,8
12:37:48:859,1.9638509343026078,1.7262136710619114,120.92110729777502,-0.011526631824913668,0.021110388269057114,-3.207842156396255e-05,120.94937252524439,-1,1,0
12:37:48:988,0.6088136248925309,3.550844135944329,109.75148817272138,0.7236085483249336,0.09270035774523584,-0.15219005675180347,109.81060196645234,41,8,-6
12:37:49:108,0.5958340792870914,3.5238749094725805,109.6312205157705,0.7201249440882755,0.09326010322373061,-0.15355062605747782,109.68945812795843,41,8,-6
12:37:49:364,1.9628244279936204,1.7228601617936303,121.17462208477598,0.008316110828875999,0.024560853253584078,-0.0026699402431715684,121.20276384744905,0,1,0
12:37:49:481,1.952455861005567,1.731942140218197,121.02260388946316,0.008704874202980153,0.017743493218613075,-0.005670412688325284,121.05074291243379,0,1,0
12:37:49:600,1.9418087950614282,1.7145773771960022,121.08398789414147,0.01528171185719683,0.03301440848526696,-0.002587564304041531,121.11169440366842,1,2,0
12:37:49:720,0.6103809470461329,3.561445562440013,109.74237690490858,0.7237178295181064,0.09057295178390125,-0.15301800635639956,109.80184765355159,41,8,-6
12:37:49:847,1.9554399594144525,1.7389924349477164,121.04603504995043,0.01732562175217739,0.031953525472085235,-0.0008735218920299662,121.07431784419646,1,2,0
12:37:49:965,1.9556039621723313,1.7122138465628978,120.84676324821962,-0.02815854069924681,0.014978300594882952,-0.000889036487097548,120.87471303248033,-2,1,0
12:37:50:094,0.8956623248661226,-0.4582833256841289,109.80049552549288,-0.8862528285612316,0.04840978305758296,0.17310812914514134,109.80510485515036,-50,7,8
12:37:50:215,0.6091039956766938,3.5651206812106464,109.56342136230016,0.7209362957309579,0.09061140317350014,-0.15253958034469256,109.62310155146166,41,8,-6
12:37:50:336,0.5936547798527402,3.5369012378847238,109.62408293397596,0.7248132036442585,0.09641207989078299,-0.15207024887627318,109.68273180168076,41,8,-6
12:37:50:468,0.6092791679168358,3.5604803825676195,109.76044051067075,0.7210728332261512,0.09198667128546897,-0.15245431233196552,109.81986406272591,41,8,-6
12:37:50:580,0.610988567686104,3.5502841815234674,109.78582446626277,0.7215867595931766,0.09239993419551978,-0.14919959660329973,109.84491375815486,41,8,-6
12:37:50:711,0.6101632684237619,3.5414456907674627,109.74796265235744,0.726099437872819,0.09107221277026799,-0.1526519626925014,109.80678231847992,41,8,-6
12:37:50:827,1.952461391919579,1.7418222053823764,120.9067776403589,-0.021895134403136656,0.017775864166567137,-0.002987406104685506,120.93508560156266,-1,1,0
12:37:50:955,1.98497453730853,1.7060088413366468,120.8741443787257,-0.005722595822892978,0.00826958622309269,-0.0021319529147885443,120.90247875610123,0,0,0
12:37:51:075,0.6217687165407395,3.549188720570184,109.68071511171989,0.7246943321405211,0.09044379517863059,-0.15130318591107023,109.73988611407135,41,8,-6
12:37:51:238,1.9694188833598025,1.71457862081627,121.03393074373321,0.0012472906475756058,0.029616866524115163,-0.0005339024954635305,121.06209473598209,0,2,0
12:37:51:377,0.6089479990946208,3.549134363678038,109.73185427724975,0.7217804929120186,0.09220460437220132,-0.15256768235690607,109.79092410359162,41,8,-6
12:37:51:567,0.6072722447669169,3.564874157233687,109.55803943885205,0.7209719377751433,0.09296285126346605,-0.1518153644098012,109.61770437762888,41,8,-6
12:37:51:684,1.9601104765087005,1.7471245763462016,121.01900772416091,-0.0022297733818087582,0.024829097414093493,-0.002584452543095882,121.04748947378425,0,1,0
12:37:51:813,0.6072481113646663,3.540223823344938,109.76009157334504,0.7235038402492256,0.09482363831568934,-0.15136166644949273,109.81884918891302,41,8,-6
12:37:51:934,1.9280368719730319,1.7384747161189293,120.9633919951338,0.018721089171033597,0.04616300341441923,-0.0023092105563734156,120.99124688789134,1,3,0
12:37:52:054,1.9752788081854509,1.7425595437894612,120.80216770228614,-0.017995396709231035,0.017998756758518013,-0.001666443346291867,120.83088165574637,-1,1,0
12:37:52:181,1.9715955669542833,1.7244731689570691,121.11181779963411,-0.00337438118178254,0.012737191354505923,-0.003862214023943278,121.14013953897303,0,1,0
12:37:52:304,1.9309486756713417,1.725603837063009,120.85798111211211,-0.010719458840260218,0.04153761590701302,-0.0019777302235362993,120.88572235746541,-1,2,0
12:37:52:429,1.9422419538710782,1.7223981346182486,121.03614072994553,0.011465692582486734,0.03302607402489997,-0.00106607743837389,121.06397615286181,1,2,0
12:37:52:548,0.6110202337132603,3.537752733358023,109.7574001571886,0.7189266715924738,0.08951938220967129,-0.1536705150092227,109.81610050167332,41,8,-6
12:37:52:671,0.6088052471789936,3.5297447656624064,109.76814617884996,0.7233272385220038,0.09284149241063014,-0.15221471815668972,109.8265708172712,41,8,-6
12:37:52:795,1.9674515747832784,1.7098332734614845,120.78216720533702,-0.02962910295919884,0.012235737322903138,-0.0026934524325189315,120.81029058130827,-2,1,0
12:37:52:919,0.6075149114653513,3.5382187185763594,109.6147826663934,0.7274219108782433,0.09236103671289894,-0.1533411435951695,109.67355490303392,41,8,-6
12:37:53:048,0.6246555967636512,3.529267312712465,109.68356563408373,0.7270213549878964,0.08684419440895387,-0.1526172357979919,109.74210902194974,41,8,-6
12:37:53:167,1.951266769397258,1.7286911159628866,120.91892356282267,-0.008171661368435928,0.03520565446787712,0.0002617871196909809,120.94702100742917,0,2,0
12:37:53:294,0.6208752959233281,3.5471183674414455,109.71011958783316,0.7193716035185528,0.09150430898735377,-0.151131395079613,109.76920276116786,41,8,-6
12:37:53:411,1.9325334307785857,1.740195591020567,120.81265624060904,-0.00581406411046721,0.050475112317891535,-0.0037766350604237138,120.8406424762284,0,3,0
12:37:53:579,0.597235046806826,3.5466723316839324,109.63248128074467,0.722207362242041,0.09160380021137773,-0.15401364800968192,109.69146058879103,41,8,-6
12:37:53:700,1.9817663102531753,1.7218346586671063,120.86359163359165,-0.01575880605911905,0.012193246375682648,-0.0013382102253113354,120.89210021697798,-1,1,0
12:37:53:827,1.9336568742698645,1.7247863220881956,120.89299763987,0.01819178240815748,0.03845233950305286,-0.0026749921488997998,120.92076246500388,1,2,0
12:37:53:942,err,err,err,err,err,err,err,err,err,err
12:37:54:071,1.9624618076374511,1.7288745640956844,121.03359637694781,-0.011062211747064137,0.023341408801912315,-0.001545331792033199,121.0618507852194,-1,1,0
12:37:54:191,1.9642536859736632,1.7742550496512535,120.84468828567181,0.007012692472875392,0.030304387125117516,-0.0024915366127399095,120.87367356205097,0,2,0
12:37:54:316,0.5953872856224787,3.5353291201983272,109.60558965561539,0.7229446017736679,0.09382491045986135,-0.15326237233394027,109.66420711318322,41,8,-6
12:37:54:439,0.6079077787558343,3.569855118825776,109.76388188923283,0.7185645872750643,0.09363230426077064,-0.1519929980906636,109.82360030899704,41,8,-6
12:37:54:561,1.9632766321033024,1.7025172911163318,120.74997468489174,-0.02264409206314398,0.0036267214281946176,-0.0022339448197784754,120.77793427055585,-1,0,0
12:37:54:680,1.9776276458832716,1.7140881411898325,120.96084602342044,-0.028833733964659873,0.01889560974993177,-0.0008278225719838143,120.98915397655759,-2,1,0
12:37:54:808,1.9723468114518534,1.698913959856566,120.95466249884812,-0.017240090380451528,0.011516810586101812,-0.0008930166048825613,120.98267165506759,-1,1,0
12:37:54:930,0.6086323199629688,3.555503855283021,109.55453357937765,0.7234669473910157,0.09132910393850419,-0.15227592344322755,109.6139036288774,41,8,-6
12:37:55:049,1.9723468114518534,1.698913959856566,120.95466249884812,-0.017240090380451528,0.011516810586101812,-0.0008930166048825613,120.98267165506759,-1,1,0
12:37:55:177,1.945206035944459,1.7427187966083495,120.8368364986684,0.012315391421079944,0.023896230583392356,-0.0038702446712568263,120.86505677958476,1,1,0
12:37:55:300,0.6222428688066033,3.5588184825996514,109.68952596428923,0.7221656714697339,0.08972435009120079,-0.15156761915293218,109.74900674470979,41,8,-6
12:37:55:419,0.612151222074644,3.551076282008704,109.75449546663987,0.7235453530045549,0.08834811292801048,-0.15378099057993425,109.8136337028149,41,8,-6
12:37:55:546,1.950740081651532,1.701727433165441,120.93827253470495,-0.01313808244730683,0.034085226336847914,-0.0021106124226007873,120.96597466561214,-1,2,0
12:37:55:666,1.9723468114518534,1.698913959856566,120.95466249884812,-0.017240090380451528,0.011516810586101812,-0.0008930166048825613,120.98267165506759,-1,1,0
12:37:55:792,1.9596771754528677,1.7268776029090152,120.78845651280521,-0.0070164772475089345,0.007747642589661369,-0.0030575936235300947,120.81669449059288,0,0,0
12:37:55:920,1.9775190910542693,1.7347460011852738,120.95663637048807,-0.0012799463055392824,0.018262901815859958,-0.0018069011600936706,120.98523797350894,0,1,0
12:37:56:038,1.9312562388211878,1.7319972631011933,120.8857942233014,0.012510888306598387,0.028470417823927553,-0.002202591143073232,120.91362541160424,1,2,0
12:37:56:162,0.6092791679168358,3.5604803825676195,109.76044051067075,0.7210728332261512,0.09198667128546897,-0.15245431233196552,109.81986406272591,41,8,-6
12:37:56:282,1.9643430858472133,1.7066287069904689,120.93033850622102,-0.022068217357150186,0.006402356940847922,-0.0013240916467784697,120.95833165405202,-1,0,0
12:37:56:407,0.6097488909811583,3.5701077504952976,109.76944690375767,0.7185282804191415,0.09126958041195242,-0.15271815213514414,109.82918071540493,41,8,-6
12:37:56:526,0.5878071491999048,3.5594754585755273,109.717640776363,0.7218837688474109,0.09178413536525039,-0.15234947564567292,109.77693783448272,41,8,-6
12:37:56:648,1.9628244279936204,1.7228601617936303,121.17462208477598,0.008316110828875999,0.024560853253584078,-0.0026699402431715684,121.20276384744905,0,1,0
12:37:56:771,1.9383822387023317,1.7553452933384788,120.91838849949937,0.011157251788573764,0.0331085668795969,-0.003503021194147313,120.94666279033095,1,2,0
12:37:56:895,1.9721982217430583,1.7242720299067316,121.1131857690877,-0.003677814378647092,0.012887318254494604,-0.0029128819304491617,121.14151413531414,0,1,0
12:37:57:020,1.9492450486524473,1.7341439009001618,120.9398947079799,-0.0172879203413058,0.03580977969784403,-0.0020962820768564293,120.96803273305717,-1,2,0
12:37:57:139,1.9519620918735274,1.7267346058710658,121.0932661557806,5.078125314062879e-05,0.03540884738743573,-0.0022475332451733264,121.12130645217604,0,2,0
12:37:57:309,0.6228864961307143,3.562060385860908,109.81948345304195,0.7212300119511319,0.08984799969546516,-0.15166196244036065,109.87900257862071,41,8,-6
12:37:57:428,0.602954602542548,3.5411643441911176,109.83874383208726,0.7211124984483164,0.08805471125704632,-0.15246778014266266,109.89746605712156,41,8,-6
12:37:57:550,0.6229036026000496,3.556214045866178,109.68791213974212,0.7176559284585085,0.0885189534469225,-0.15219640245411534,109.74731311888203,41,8,-6
12:37:57:677,1.9812306340659607,1.7209366756564644,120.8558934537188,-0.016717029278882183,-0.0011350222904927948,-0.002184330273257778,120.88438228474186,-1,0,0
12:37:57:796,1.907357993307456,1.7139507633459243,120.68489098479562,0.009555830568935714,0.05094298605016005,-0.0023155427604269626,120.71213093034937,1,3,0
12:37:57:924,1.9131655891865937,1.7323097850533833,120.7163989929203,0.0018876222750245516,0.0570258918459388,-0.003685187972490374,120.74398571183978,0,3,0
12:37:58:043,0.6122025487478276,3.5616708959271426,109.74718376476564,0.7236842895596276,0.08822331502734504,-0.15374365021225864,109.80666935951034,41,8,-6
12:37:58:164,0.6066299863236314,3.557236793454548,109.62704503131717,0.7224131816176301,0.09327325468416843,-0.15314285123354873,109.68642092731194,41,8,-6
12:37:58:288,1.9747069733599025,1.7035369176935908,120.94390865641302,0.0047045881637386554,0.022613119484222344,-8.010827146707076e-06,120.97202381853151,0,1,0
12:37:58:410,1.9723468114518534,1.698913959856566,120.95466249884812,-0.017240090380451528,0.011516810586101812,-0.0008930166048825613,120.98267165506759,-1,1,0
12:37:58:546,0.6105955964807674,3.5615875942346764,109.74746069344381,0.7237135407755722,0.0903327303886865,-0.15292852524527942,109.8069344888238,41,8,-6
12:37:58:656,1.9605736549216537,1.6875279033563106,120.87059754552807,-0.03027201466233101,0.022594974579909846,-0.0013718069646351295,120.89827521720066,-2,1,0
12:37:58:787,1.975227792555522,1.7169295996775193,121.05080901757812,-0.011573411337335825,-0.0045210923812560345,-0.00270763990513731,121.07909702294985,-1,0,0
12:37:58:901,1.9688723377290351,1.7177136236720818,120.94312410964955,-0.007710115009523557,0.014324570263919041,-0.0019452209943884074,120.97134482090094,0,1,0
12:37:59:031,0.6101399505127117,3.555248450393359,109.92963805805135,0.7219357744954095,0.09223903085689379,-0.15223228436864006,109.9888057298442,41,8,-6
12:37:59:150,1.979376498056788,1.7025259616275643,121.23880696412071,-0.02009720143131743,-0.005128254247971937,-0.00169897242542285,121.26691568624312,-1,0,0
12:37:59:279,1.9330476597628676,1.7315961276817489,120.76176864182895,-0.0001964801836107368,0.037004182106105524,-0.0024927141014177657,120.78965131130622,0,2,0
12:37:59:396,0.596568087033406,3.538134144729449,109.6125568788949,0.7273927645576337,0.09266989922172307,-0.1533599252283323,109.67126748714787,41,8,-6
12:37:59:520,0.8969718549627078,-0.4260627843821138,109.77636395654658,-0.886596580549941,0.04672092447296127,0.1741167237785186,109.78085521403543,-50,6,8
12:37:59:643,1.9342074474934292,1.698895090205065,120.75750105425294,0.003520683857026,0.03561287247909181,-0.0025052225935756544,120.78493889490262,0,2,0
12:37:59:763,1.9680385307823316,1.721200275923865,120.88484336115064,-0.017221050831499902,0.02859960958807733,-0.000364199418151144,120.91311368291865,-1,2,0
12:37:59:887,1.9580249721424305,1.7244434062191962,120.88203786002212,0.0027029366885637446,0.025424177377950257,-0.001680514069258394,120.91019247377207,0,1,0
12:38:00:013,0.5956763534729927,3.5571500452276603,109.62478463077807,0.7223830713896816,0.09358666467141448,-0.15316196440757196,109.68409890274354,41,8,-6
12:38:00:134,1.9654821861456064,1.738929637863774,120.87409114599167,-0.009110629631189098,0.030357126434247202,-0.0014007471508771991,120.90257609695088,-1,2,0
12:38:00:283,0.5943041234559153,3.566510215895144,109.62795039751083,0.7198851761848238,0.0952293429124196,-0.15270070076297781,109.68755946264069,41,8,-6
12:38:00:422,0.8971578877123066,-0.42575976216872385,110.01951997760122,-0.8846242813816411,0.049463538137397664,0.1738794663325452,110.02400165305913,-50,7,8
12:38:00:545,0.6113164188505481,3.559601908067495,109.77681214697067,0.7183542626469966,0.08927765702548009,-0.15356956063956032,109.83620968814957,41,8,-6
12:38:00:668,1.944071264242321,1.7217825295565885,120.90924703325787,-0.00149996213383536,0.041513714540000454,-0.0013513242446083224,120.93713228909024,0,2,0
12:38:00:788,1.9072630924549192,1.7327295217878684,120.83972434182638,-0.016403345793873748,0.05410046178874562,-0.002234074183502282,120.86719564508851,-1,3,0
12:38:00:916,1.9694188833598025,1.71457862081627,121.03393074373321,0.0012472906475756058,0.029616866524115163,-0.0005339024954635305,121.06209473598209,0,2,0
12:38:01:042,1.9601104765087005,1.7471245763462016,121.01900772416091,-0.0022297733818087582,0.024829097414093493,-0.002584452543095882,121.04748947378425,0,1,0
12:38:01:156,1.9321177388252422,1.7242038275528093,121.13030214856724,-0.004145325575301617,0.019330315427637575,-0.0015356516380806509,121.15797974710054,0,1,0
12:38:01:285,1.941342282182742,1.731477180928835,120.89871393037824,-0.004008227041091886,0.031796961706125414,-0.0007981506504913542,120.9266961969279,0,2,0
12:38:01:402,1.9688723377290351,1.7177136236720818,120.94312410964955,-0.007710115009523557,0.014324570263919041,-0.0019452209943884074,120.97134482090094,0,1,0
12:38:01:555,0.6106794744490515,3.575687516951879,109.55389242982451,0.7210507063045816,0.08848013059990097,-0.1533652767346487,109.61393076231214,41,8,-6
12:38:01:694,1.94626967273288,1.7253480579742693,120.8547129004623,0.004639682236486773,0.023847318036161167,-0.002858401891258098,120.88269694961858,0,1,0
12:38:01:812,0.6202425466553166,3.5643898832388023,109.92134072505189,0.7194584387711388,0.09287870495410384,-0.1526602967793654,109.98086525777731,41,8,-6
12:38:01:939,1.9329554251554661,1.7230190921650554,120.9825806920744,-0.0174516530313688,0.04211598253311357,-0.0013878485830763395,121.01028858069009,-1,2,0
12:38:02:060,1.9489125004406367,1.7793339658821916,120.92517799270755,0.026652960269643845,0.03308724646846256,-0.005364220343104048,120.95397042621013,2,2,0
12:38:02:183,0.5852277706784197,3.5418309300210367,109.49050714555013,0.7211683102022678,0.09212846468100681,-0.1532432169631962,109.54934145338433,41,8,-6
12:38:02:309,1.9692612998296595,1.7126945353515266,121.04116312904947,-0.0014375825588720406,0.028374464130379813,-0.0023926668276347397,121.06929620788085,0,2,0
12:38:02:425,1.9602455978882234,1.727932654149408,121.03501390135253,-0.012382826402350503,0.02420661379615833,-0.003439023960077141,121.06321862631076,-1,1,0
12:38:02:552,1.9492450486524473,1.7341439009001618,120.9398947079799,-0.0172879203413058,0.03580977969784403,-0.0020962820768564293,120.96803273305717,-1,2,0
12:38:02:674,1.9533020386741107,1.7165068376729287,120.94936694482348,-0.02529872790900478,0.03240429134097016,-0.0010421276452087392,120.977316671067,-1,2,0
12:38:02:798,2.00778908033459,1.7229650209960634,120.85114349480821,0.0016644526006394772,-0.0032510670958311354,-0.0010680807498246456,120.88010055198255,0,0,0
12:38:02:918,0.6092791679168358,3.5604803825676195,109.76044051067075,0.7210728332261512,0.09198667128546897,-0.15245431233196552,109.81986406272591,41,8,-6
12:38:03:043,1.9647199292417583,1.7097166406691602,121.0456583461755,-0.021147122667784884,0.021116354522274092,-0.0014359479449172392,121.07367451205397,-1,1,0
12:38:03:168,0.6088136248925309,3.550844135944329,109.75148817272138,0.7236085483249336,0.09270035774523584,-0.15219005675180347,109.81060196645234,41,8,-6
12:38:03:289,1.9543447143336918,1.7087102577432955,121.10918750696916,-0.008493298679930357,0.03395222081663521,-0.001206001515360379,121.13700694917956,0,2,0
12:38:03:419,1.9688723377290351,1.7177136236720818,120.94312410964955,-0.007710115009523557,0.014324570263919041,-0.0019452209943884074,120.97134482090094,0,1,0
12:38:03:535,0.6202062484036305,3.5385895349337,109.68973297661115,0.7245853473811462,0.0925655861807821,-0.1504751207142722,109.74854801849342,41,8,-6
12:38:03:658,0.6089862440062629,3.5386336774743956,109.74119376257539,0.7216376512844347,0.0922264153749235,-0.1525550679424187,109.7999198587315,41,8,-6
12:38:03:783,err,err,err,err,err,err,err,err,err,err
12:38:03:910,1.9492450486524473,1.7341439009001618,120.9398947079799,-0.0172879203413058,0.03580977969784403,-0.0020962820768564293,120.96803273305717,-1,2,0
12:38:04:028,0.6066050268059702,3.535282431680278,109.55438226130798,0.7258858599585863,0.09415881461533973,-0.15118435303088287,109.61308710271364,41,8,-6
12:38:04:152,0.9079418266796322,-0.418065435124375,109.83361703479197,-0.8823510318460599,0.04882167851409082,0.1747422023173427,109.83816535254958,-50,7,8
12:38:04:276,1.9627309262695538,1.725857278353504,120.92208017717522,-0.012061497498429887,0.021560592124125963,-0.0009781815158166611,120.95032191114404,-1,1,0
12:38:04:395,0.5956763534729927,3.5571500452276603,109.62478463077807,0.7223830713896816,0.09358666467141448,-0.15316196440757196,109.68409890274354,41,8,-6
12:38:04:521,1.9747069733599025,1.7035369176935908,120.94390865641302,0.0047045881637386554,0.022613119484222344,-8.010827146707076e-06,120.97202381853151,0,1,0
12:38:04:643,0.6078595065465378,3.559259210277159,109.77130430613121,0.7184199120677979,0.09375343639409806,-0.15203022973195165,109.83067453300514,41,8,-6
12:38:04:765,0.9080454159772896,-0.4259876818377067,109.82584871692075,-0.8860585421201042,0.04821720054373007,0.174926628917559,109.83042865424189,-50,7,8
12:38:04:888,1.9312562388211878,1.7319972631011933,120.8857942233014,0.012510888306598387,0.028470417823927553,-0.002202591143073232,120.91362541160424,1,2,0
12:38:05:010,0.9085429003338796,-0.43801023963837493,109.82809364177187,-0.8840950884522194,0.04750561450899774,0.1752205328604915,109.83272488724654,-50,7,8
12:38:05:134,1.9451650369355358,1.745484943458609,120.78433090903458,0.0019085929384516582,0.03653367808896816,-0.003223598400431695,120.81260272774493,0,2,0
12:38:05:257,1.9787157430408329,1.7142281435152982,121.05467857954119,-0.015214875047890616,-0.006712763319071774,-0.0007635867090591444,121.08298435418499,-1,0,0
12:38:05:384,0.6125609839129346,3.560894246637334,109.77678227094981,0.7217024396977082,0.090269534310084,-0.15002800938743727,109.83622865229063,41,8,-6
12:38:05:503,0.5942674417194805,3.5769977192632996,109.6186016620817,0.7200293569988883,0.09520655363140762,-0.152713549800701,109.6785571423423,41,8,-6
12:38:05:669,1.9541123296277734,1.7061685308844867,121.00570588182305,-0.009042160576649447,0.019348834572739136,-0.0010889457920963375,121.03350950051332,-1,1,0
12:38:05:794,0.9075233370617259,-0.43525382432912685,109.8404696199352,-0.8879256539469323,0.04879047164669131,0.1745436928539795,109.84508095871574,-51,7,8
12:38:05:916,0.6072342558180361,3.575354690361345,109.54870851175103,0.7211151135861902,0.09294079562533109,-0.15182799949220901,109.60871968596258,41,8,-6
12:38:06:035,1.9730986691279024,1.7287237362759202,120.78445558694999,-0.004481519776154209,0.021598066302870207,7.601434119312049e-05,120.81293935481568,0,1,0
12:38:06:202,0.620203360651771,3.5749063279069855,109.91194582228358,0.7196035974307656,0.09285656494376941,-0.15267299748804553,109.97181657998777,41,8,-6
12:38:06:366,0.5943041234559153,3.566510215895144,109.62795039751083,0.7198851761848238,0.0952293429124196,-0.15270070076297781,109.68755946264069,41,8,-6
12:38:06:487,0.6009452851157997,3.5659235234730584,109.92337270750535,0.7220113721956414,0.09017622480239233,-0.15299109160489113,109.98283872133912,41,8,-6
12:38:06:654,1.9790344824467108,1.7191295197509329,121.0557372017601,0.006720371869341848,0.006205440658049572,-0.0008307356428408519,121.08411742772046,0,0,0
12:38:06:772,1.9794946079109772,1.713060852683343,121.01459536415867,-0.00015539338559833972,0.0035979159878183186,-0.002360004904972393,121.04290672128953,0,0,0
12:38:06:937,0.6204154546924476,3.5585783592475875,109.68435791080135,0.7221977906543016,0.09207518623260624,-0.1508424181180758,109.74382335958639,41,8,-6
12:38:07:065,1.935620876464493,1.705556511364461,120.81271276749067,0.010732163205917793,0.022893483174869486,-0.0015220580773157672,120.84025454057544,1,1,0
12:38:07:182,0.5943041234559153,3.566510215895144,109.62795039751083,0.7198851761848238,0.0952293429124196,-0.15270070076297781,109.68755946264069,41,8,-6
12:38:07:306,0.6356103909637084,3.5293448684934225,109.6855947783384,0.7270506282319884,0.08653394313888857,-0.152598224514934,109.74420247852602,41,8,-6
12:38:07:460,0.6012009197141326,3.5449533151582413,109.50623845833098,0.7264007531343462,0.08812389068971713,-0.15196888649890372,109.56525178105221,41,8,-6
12:38:07:592,1.9589547717087064,1.6546697294712565,120.82014926165053,-0.02536130515119716,0.010810872478698288,-0.0008037581075349073,120.84735786651996,-1,1,0
12:38:07:755,1.9522946314692735,1.7036711065096315,120.89153758491298,-0.009316229991501678,0.018235052614360554,-0.002431064082523074,120.91930288093646,-1,1,0
12:38:07:881,1.9473424133502004,1.658838012115363,121.1171979209844,-0.02776211949084344,0.015756120631375083,-0.000882351553236618,121.14420959441759,-2,1,0
12:38:08:003,1.9951179185064603,1.6988611143327121,120.84363624414999,-0.014402431577494218,-0.004686199319645592,-0.003347414361075412,120.8720441016159,-1,0,0
12:38:08:127,1.9506556926075886,1.6519326750991241,120.88697967375148,-0.01500927360444746,-0.004572308641518491,-0.00034469634785101933,120.91400164512035,-1,0,0
12:38:08:247,1.9681782290956527,1.6803043972311036,120.95502722522923,-0.01053142885219475,0.003588895955508524,-0.0002441859379191072,120.98270851433598,-1,0,0
12:38:08:372,1.9809749021473917,1.6997317510765277,121.26823244269528,0.006624376555623082,0.00730002566912414,-0.001446555630708681,121.29632125239466,0,0,0
12:38:08:499,1.9696133693928093,1.6606172956687675,121.05292246570248,-0.007865203583017767,0.0029543879701452646,-0.0012054078678448222,121.08033310209773,0,0,0
12:38:08:617,1.9827662175805776,1.639118733605384,120.99003480774374,-0.003362075561964644,-0.001038676129218732,-0.002918237847699466,121.01738137505487,0,0,0
12:38:08:742,1.9677876002944503,1.6161759568568543,120.73478156345874,-0.027171003172909866,-0.0159399002870001,-0.003286352145392577,120.76163170452563,-2,-1,0
12:38:08:863,1.9768764861423254,1.6121813448562905,120.86899016542938,-0.0361107086237847,-0.00896973220092925,-0.0013579365866694584,120.89590544324001,-2,-1,0
12:38:08:987,1.9917108058052717,1.6422399988685576,120.49274275252998,-0.04917603413064637,-0.031997275106779154,-0.0005941709878151731,120.52039213417459,-3,-2,0
12:38:09:137,1.9742542728317185,1.6161158628759384,120.45232202874865,-0.035417775880925526,-0.02670389107910832,-0.0014305538854832455,120.47934010664817,-2,-2,0
12:38:09:318,1.9670828299024972,1.6635092945018044,120.54000321125353,0.009180123676901311,-0.003135592093236938,-0.00137771560186088,120.56752901258947,1,0,0
12:38:09:438,1.9538880150987243,1.600751059034969,121.02179917676524,-0.02371409968210064,0.00642024197137245,-0.0012927792663480467,121.04815553452207,-1,0,0
12:38:09:565,1.951954178546863,1.643520705961976,120.84505345676088,0.006064542662552796,-0.007293784144634925,-0.0014060083839729522,120.87199109137512,0,0,0
12:38:09:682,1.9663424990983234,1.631351166946443,120.84247204243766,-0.009846809996740548,0.015016145730837623,-0.002215598551460499,120.86947860721907,-1,1,0
12:38:09:807,1.9710543443193334,1.6472002807732058,120.72245198536905,-0.01697561780415389,0.00843851319656218,-0.0012685274079596608,120.74977738013837,-1,0,0
12:38:09:932,1.985290622436424,1.6593785825014495,120.9292125727003,-0.006250184713784,-0.002593761727134064,-0.00016317076572480612,120.95689054199819,0,0,0
12:38:10:093,1.9701130476112767,1.6553531890599562,120.87337486677723,-0.010091359422298758,-0.001494900341439448,-0.0020860426675145876,120.90076216172234,-1,0,0
12:38:10:218,1.9948654251799365,1.6710575046912834,120.56619338631025,-0.012440059631500869,-0.03486784670540751,-0.0026552017154749135,120.5942739474546,-1,-2,0
12:38:10:341,1.9656996025536106,1.6697774658291094,120.86552447293835,0.024194930052963824,0.016904127751329146,-0.001564305720181471,120.89304007192196,1,1,0
12:38:10:462,1.9537775881304609,1.6419153524927144,120.86990442836522,0.0033127539882707832,0.01699667242745113,-0.001567936159300051,120.89684416646604,0,1,0
12:38:10:587,1.957281405811412,1.65412384824544,120.82849454904655,0.004837237675931605,-0.00011260351414755673,-0.0009592705613709815,120.85566669046115,0,0,0
12:38:10:708,1.997765938838572,1.660249301289487,121.08469181638793,0.0063659477636981735,-0.01536598586101945,-0.0024774503288413955,121.11255132627029,0,-1,0
12:38:10:883,1.971165955772086,1.6313547200290288,121.00167929412886,-0.029763128547162503,-0.012275451065144239,-0.00012209083528642693,121.02872884339061,-2,-1,0
12:38:10:994,1.9969479116938333,1.6495546823413103,120.94063643189925,-0.003972471449407905,-0.01489875943290125,0.0003022959890053149,120.96836930439663,0,-1,0
12:38:11:118,1.980497385278952,1.6394400881825026,120.85336212528085,-0.030821338481820865,-0.0004909945385496268,-0.001901594162184929,120.88070677606127,-2,0,0
12:38:11:242,1.9616500421424028,1.656017626657137,120.92383992762365,-0.02634211375810109,-0.003428615778890471,-0.0007032224786347258,120.9510873374406,-2,0,0
12:38:11:367,1.9589547717087064,1.6546697294712565,120.82014926165053,-0.02536130515119716,0.010810872478698288,-0.0008037581075349073,120.84735786651996,-1,1,0
12:38:11:492,1.9710543443193334,1.6472002807732058,120.72245198536905,-0.01697561780415389,0.00843851319656218,-0.0012685274079596608,120.74977738013837,-1,0,0
12:38:11:610,1.93503545164257,1.653918445958108,120.7668233756679,-0.009204674956865984,0.009199184106159176,-0.00213700087695814,120.79364816361314,-1,1,0
12:38:11:731,1.954714198200525,1.6279306487253329,120.84389415178212,-0.03015181999593017,0.0032200716866472284,-0.00026586444042047276,120.87066567021475,-2,0,0
12:38:11:859,1.9589547717087064,1.6546697294712565,120.82014926165053,-0.02536130515119716,0.010810872478698288,-0.0008037581075349073,120.84735786651996,-1,1,0
12:38:11:979,1.9394159573816114,1.6411875073487303,120.7715680685339,0.004869350016770364,0.00563567916511863,-0.0007850402228186164,120.79828841677575,0,0,0
12:38:12:107,1.9579845437075953,1.6296325591554663,120.76638633713249,-0.010130302268757467,-0.016612438979965692,-0.002613955546564602,120.79325094839031,-1,-1,0
12:38:12:226,1.9511112528684542,1.666008515189004,120.7129917360359,-0.007445388782899979,0.017962793294202008,-0.0005456717688570204,120.74025340936645,0,1,0
12:38:12:349,1.9721155877253622,1.6589632263759688,120.59099717643015,-0.02920351655507498,0.00543300707338998,-0.0005481110240408996,120.61853090998747,-2,0,0
12:38:12:477,1.9495436627602576,1.646278799942722,120.72659711330142,-0.01829780699504437,0.019121220738863833,-0.001414092855549384,120.75355980234102,-1,1,0
12:38:12:594,1.960372809840695,1.6825276954251072,121.00320483090807,0.006606770809253258,-0.012204179886480555,0.00041562182673101055,121.03077930985214,0,-1,0
12:38:12:722,1.985323002597582,1.6441308335078384,121.02841196650573,-0.013390313121186968,-0.01639122012557252,-0.0028579300044849903,121.05585973738141,-1,-1,0
12:38:12:840,1.9681090942450117,1.6533343150691764,120.89050129375651,-0.013291806164949254,0.0016165092523254228,-0.0012747645231901126,120.91782445454425,-1,0,0
12:38:12:965,1.971165955772086,1.6313547200290288,121.00167929412886,-0.029763128547162503,-0.012275451065144239,-0.00012209083528642693,121.02872884339061,-2,-1,0
12:38:13:092,1.9590134666202177,1.634532986050452,120.8232320667365,-0.0366691117959696,0.009920254636542883,-0.0016531331737821898,120.85016689643977,-2,1,0
12:38:13:211,1.9965644626278252,1.6499807692346842,120.88878179305111,-0.01764281237580603,-0.005073574430410242,-0.0027255048385901397,120.91652604007525,-1,0,0
12:38:13:335,1.990598882254414,1.6598976483166683,121.04144668482687,-0.00850212009359078,-0.007250054762602661,-0.0010462365829421393,121.0691932725609,0,0,0
12:38:13:455,1.971165955772086,1.6313547200290288,121.00167929412886,-0.029763128547162503,-0.012275451065144239,-0.00012209083528642693,121.02872884339061,-2,-1,0
12:38:13:582,1.9304099113604638,1.679132285417325,120.71213758812111,0.0249352594760958,0.014444051482845839,-0.0011680275820779083,120.73924850168353,1,1,0
12:38:13:702,1.986826768814734,1.6541513188336647,120.77094535990976,-0.009107813638017282,0.0050027416338621535,-0.0012482287415864685,120.79861315562023,-1,0,0
12:38:13:824,1.9595067875082832,1.6231492908083696,120.69836005588135,-0.016916302169121735,0.021076854331573178,-0.0009251625851214764,120.72517716139296,-1,1,0
12:38:13:950,1.9725132752577126,1.6269073487529522,120.73112054331904,-0.02851893266695645,0.007737262058273314,-0.00022648118374364365,120.75819269841664,-2,0,0
12:38:14:071,1.9760974277740293,1.6397493285005473,120.81231086254728,-0.029259921148071612,-0.02263869075228087,-0.0017931769344104163,120.83959696578408,-2,-1,0
12:38:14:198,1.978962351412982,1.6635118579918406,120.77692098165036,0.003080125402325176,-0.0128029417339966,-0.002051433420679432,120.80458685620263,0,-1,0
12:38:14:318,2.001871318097191,1.6148752005927374,120.83902151336943,-0.04771342253716999,-0.010724561712003916,-0.0006946243327356905,120.86639082472956,-3,-1,0
12:38:14:440,1.9825870991785308,1.6434950786662805,120.9349908218236,-0.011822868979613684,-0.0019605057286497954,-0.002970687350342697,120.9624062787856,-1,0,0
12:38:14:565,1.9430439289526458,1.6430629721824164,120.79977106821973,-0.00883588970503115,0.027905671351850552,-0.0011121493183134617,120.8265689563959,-1,2,0
12:38:14:693,1.9628956956181673,1.6503906758141025,121.08241688721863,-0.006552778968976428,-0.001906728563031851,-0.0008603701537840888,121.1095719922455,0,0,0
12:38:14:816,1.9880678791850925,1.6543446527928922,120.87541841370566,-0.011569263217601385,-0.007538190859719583,-0.0011444737058734723,120.90308534860011,-1,0,0
12:38:14:937,1.947991069506662,1.6450884419589868,120.60291409936568,-0.01661337010730356,0.031622956047608605,-0.001508786285807555,120.62986311211549,-1,2,0
12:38:15:055,1.9842235666881116,1.6348086537411572,120.90777946574987,-0.038582294054695106,-0.01493166867947337,0.00048501730748494367,120.93511019482867,-2,-1,0
12:38:15:182,1.9702258721024046,1.6540198245702553,120.98871380686741,-0.014954940467972683,-0.012055947242891338,-0.001168260223441826,121.01605860466304,-1,-1,0
12:38:15:301,1.9702258721024046,1.6540198245702553,120.98871380686741,-0.014954940467972683,-0.012055947242891338,-0.001168260223441826,121.01605860466304,-1,-1,0
12:38:15:430,1.9828616006897395,1.64841649302806,120.77367262574712,-0.016678462375021696,-0.004971803665898934,-0.002617257193945353,120.8011962547272,-1,0,0
12:38:15:546,1.960485762145046,1.6446427510816004,120.79744030153647,-0.006720403855065376,0.008001310767533026,-0.001862749021591979,120.8245419507375,0,0,0
12:38:15:679,1.9430439289526458,1.6430629721824164,120.79977106821973,-0.00883588970503115,0.027905671351850552,-0.0011121493183134617,120.8265689563959,-1,2,0
12:38:15:852,1.9352109962688924,1.6511207307326503,120.76831405312433,0.017801302260374956,0.021918382613857392,-0.002449793622095488,120.79510304851601,1,1,0
12:38:16:015,1.9628956956181673,1.6503906758141025,121.08241688721863,-0.006552778968976428,-0.001906728563031851,-0.0008603701537840888,121.1095719922455,0,0,0
12:38:16:148,1.9431801298580884,1.631995923714399,120.73637092783672,-0.0062026084556950295,0.013095056555736078,-0.0016818325780570687,120.76303500879841,0,1,0
12:38:16:333,1.9523933589245928,1.6604547796848128,120.92007577549042,-0.00461309221872673,-0.0071537539109095055,-0.0019975044079375403,120.94723508808994,0,0,0
12:38:16:504,1.848385579970911,2.5239975220969044,126.90884866282464,0.028530580745706538,-0.03526053119177601,-0.0015242397771398943,126.94740234312604,2,-2,0
12:38:16:630,2.399249341502865,2.802169850074587,143.84893663466306,0.09313515942486368,0.029426384321617597,-0.0008562038999157241,143.89623040300492,5,2,0
12:38:16:758,2.9261079054038728,2.8127564811236643,173.95412907966215,0.04789645499582222,0.01621615612827063,-0.004180723704130895,174.00147335686538,3,1,0
12:38:16:911,4.268946151077687,3.0320715909973264,226.90152675419023,0.08387208531273589,0.04150322521315122,-0.004531781933648572,226.9619355811812,5,2,0
12:38:17:029,5.852510610439891,1.068686503128398,249.56349422693785,-0.8734049775878516,-0.019793155079331246,-0.1539263827417907,249.63439591139303,-50,-5,-7
12:38:17:154,7.044369123688667,4.9349196330968,293.87104926367886,0.7548706737168389,-0.0356664408802423,0.12648649009708682,293.9968880166446,43,-4,6
12:38:17:270,err,err,err,err,err,err,err,err,err,err
12:38:17:395,err,err,err,err,err,err,err,err,err,err
12:38:17:517,err,err,err,err,err,err,err,err,err,err
12:38:17:638,err,err,err,err,err,err,err,err,err,err
12:38:17:786,err,err,err,err,err,err,err,err,err,err
12:38:17:883,err,err,err,err,err,err,err,err,err,err
12:38:18:009,err,err,err,err,err,err,err,err,err,err
12:38:18:135,err,err,err,err,err,err,err,err,err,err
12:38:18:256,err,err,err,err,err,err,err,err,err,err
12:38:18:379,err,err,err,err,err,err,err,err,err,err
12:38:18:571,err,err,err,err,err,err,err,err,err,err
12:38:18:744,err,err,err,err,err,err,err,err,err,err
12:38:18:869,err,err,err,err,err,err,err,err,err,err
12:38:18:995,err,err,err,err,err,err,err,err,err,err
12:38:19:116,err,err,err,err,err,err,err,err,err,err
12:38:19:238,err,err,err,err,err,err,err,err,err,err
12:38:19:401,err,err,err,err,err,err,err,err,err,err
12:38:19:558,err,err,err,err,err,err,err,err,err,err
12:38:19:712,err,err,err,err,err,err,err,err,err,err
12:38:19:849,err,err,err,err,err,err,err,err,err,err
12:38:20:000,err,err,err,err,err,err,err,err,err,err
12:38:20:117,err,err,err,err,err,err,err,err,err,err
12:38:20:318,err,err,err,err,err,err,err,err,err,err
12:38:20:443,err,err,err,err,err,err,err,err,err,err
12:38:20:564,err,err,err,err,err,err,err,err,err,err
12:38:20:699,err,err,err,err,err,err,err,err,err,err
12:38:20:810,err,err,err,err,err,err,err,err,err,err
12:38:20:934,err,err,err,err,err,err,err,err,err,err
12:38:21:060,err,err,err,err,err,err,err,err,err,err
12:38:21:191,err,err,err,err,err,err,err,err,err,err
12:38:21:298,err,err,err,err,err,err,err,err,err,err
12:38:21:493,err,err,err,err,err,err,err,err,err,err
12:38:21:617,err,err,err,err,err,err,err,err,err,err
12:38:21:743,err,err,err,err,err,err,err,err,err,err
12:38:21:859,err,err,err,err,err,err,err,err,err,err
12:38:21:986,err,err,err,err,err,err,err,err,err,err
12:38:22:105,err,err,err,err,err,err,err,err,err,err
12:38:22:235,err,err,err,err,err,err,err,err,err,err
12:38:22:353,err,err,err,err,err,err,err,err,err,err
12:38:22:477,err,err,err,err,err,err,err,err,err,err
12:38:22:601,err,err,err,err,err,err,err,err,err,err
12:38:22:722,err,err,err,err,err,err,err,err,err,err
12:38:22:845,err,err,err,err,err,err,err,err,err,err
12:38:22:970,err,err,err,err,err,err,err,err,err,err
12:38:23:089,err,err,err,err,err,err,err,err,err,err
12:38:23:217,err,err,err,err,err,err,err,err,err,err
12:38:23:339,err,err,err,err,err,err,err,err,err,err
12:38:23:463,err,err,err,err,err,err,err,err,err,err
12:38:23:581,err,err,err,err,err,err,err,err,err,err
12:38:23:703,err,err,err,err,err,err,err,err,err,err
12:38:23:827,err,err,err,err,err,err,err,err,err,err
12:38:23:953,err,err,err,err,err,err,err,err,err,err
12:38:24:117,err,err,err,err,err,err,err,err,err,err
12:38:24:239,err,err,err,err,err,err,err,err,err,err
12:38:24:363,err,err,err,err,err,err,err,err,err,err
12:38:24:481,err,err,err,err,err,err,err,err,err,err
12:38:24:606,err,err,err,err,err,err,err,err,err,err
12:38:24:734,err,err,err,err,err,err,err,err,err,err
12:38:24:851,err,err,err,err,err,err,err,err,err,err
12:38:24:979,err,err,err,err,err,err,err,err,err,err
12:38:25:098,err,err,err,err,err,err,err,err,err,err
12:38:25:222,err,err,err,err,err,err,err,err,err,err
12:38:25:346,err,err,err,err,err,err,err,err,err,err
12:38:25:494,err,err,err,err,err,err,err,err,err,err
12:38:25:593,err,err,err,err,err,err,err,err,err,err
12:38:25:713,err,err,err,err,err,err,err,err,err,err
12:38:25:838,err,err,err,err,err,err,err,err,err,err
12:38:25:963,err,err,err,err,err,err,err,err,err,err
12:38:26:085,err,err,err,err,err,err,err,err,err,err
12:38:26:233,err,err,err,err,err,err,err,err,err,err
12:38:26:332,err,err,err,err,err,err,err,err,err,err
12:38:26:453,err,err,err,err,err,err,err,err,err,err
12:38:26:576,err,err,err,err,err,err,err,err,err,err
12:38:26:698,err,err,err,err,err,err,err,err,err,err
12:38:26:825,err,err,err,err,err,err,err,err,err,err
12:38:26:984,err,err,err,err,err,err,err,err,err,err
12:38:27:106,err,err,err,err,err,err,err,err,err,err
12:38:27:232,err,err,err,err,err,err,err,err,err,err
12:38:27:352,err,err,err,err,err,err,err,err,err,err
12:38:27:477,err,err,err,err,err,err,err,err,err,err
12:38:27:597,err,err,err,err,err,err,err,err,err,err
12:38:27:724,err,err,err,err,err,err,err,err,err,err
12:38:27:846,err,err,err,err,err,err,err,err,err,err
12:38:28:060,err,err,err,err,err,err,err,err,err,err
12:38:28:228,err,err,err,err,err,err,err,err,err,err
12:38:28:344,err,err,err,err,err,err,err,err,err,err
12:38:28:476,err,err,err,err,err,err,err,err,err,err
12:38:28:594,err,err,err,err,err,err,err,err,err,err
12:38:28:721,err,err,err,err,err,err,err,err,err,err
12:38:28:845,err,err,err,err,err,err,err,err,err,err
12:38:28:972,err,err,err,err,err,err,err,err,err,err
12:38:29:092,err,err,err,err,err,err,err,err,err,err
12:38:29:213,err,err,err,err,err,err,err,err,err,err
12:38:29:335,err,err,err,err,err,err,err,err,err,err
12:38:29:447,err,err,err,err,err,err,err,err,err,err
12:38:29:569,err,err,err,err,err,err,err,err,err,err
12:38:29:689,err,err,err,err,err,err,err,err,err,err
12:38:29:816,err,err,err,err,err,err,err,err,err,err
12:38:29:936,err,err,err,err,err,err,err,err,err,err
12:38:30:062,err,err,err,err,err,err,err,err,err,err
12:38:30:181,err,err,err,err,err,err,err,err,err,err
12:38:30:304,err,err,err,err,err,err,err,err,err,err
12:38:30:430,err,err,err,err,err,err,err,err,err,err
12:38:30:552,err,err,err,err,err,err,err,err,err,err
12:38:30:679,err,err,err,err,err,err,err,err,err,err
12:38:30:797,err,err,err,err,err,err,err,err,err,err
12:38:30:920,err,err,err,err,err,err,err,err,err,err
12:38:31:045,err,err,err,err,err,err,err,err,err,err
12:38:31:169,err,err,err,err,err,err,err,err,err,err
12:38:31:294,err,err,err,err,err,err,err,err,err,err
12:38:31:499,err,err,err,err,err,err,err,err,err,err
12:38:31:619,9.370027477470266,4.354004021150299,492.58121062981587,0.043577949406984146,-0.3309632746893069,-0.0033456743845405364,492.68956131775286,3,-19,-1
12:38:31:741,err,err,err,err,err,err,err,err,err,err
12:38:31:864,err,err,err,err,err,err,err,err,err,err
12:38:31:987,9.391010709184107,4.363196267386544,494.11001877403834,0.008677095984093964,-0.3081425624315159,-0.0019054785843804337,494.21851363206565,1,-18,0
12:38:32:113,9.146576790954644,4.276875333861874,487.49447864330637,-0.13075674332273365,0.4380359789832849,0.01423312297926095,487.5990342867009,-8,25,-1
12:38:32:234,err,err,err,err,err,err,err,err,err,err
12:38:32:357,err,err,err,err,err,err,err,err,err,err
12:38:32:477,err,err,err,err,err,err,err,err,err,err
12:38:32:600,err,err,err,err,err,err,err,err,err,err
12:38:32:728,9.023822668989014,4.351028568103807,491.4980007113969,0.09381905503806338,-0.573231095818413,0.0150257651838705,491.60008698988463,6,-33,-1
12:38:32:848,8.512739831963646,4.430634568199793,478.5089910499741,0.1853042196601071,-0.5722179460882011,0.05833350635297381,478.6052149504723,11,-33,0
12:38:32:973,err,err,err,err,err,err,err,err,err,err
12:38:33:094,9.480305227249215,4.250852611194451,493.5136356603255,-0.053352662431259426,-0.3354290286806092,0.008530375396641495,493.6229882387939,-3,-19,1
12:38:33:216,err,err,err,err,err,err,err,err,err,err
12:38:33:340,err,err,err,err,err,err,err,err,err,err
12:38:33:461,err,err,err,err,err,err,err,err,err,err
12:38:33:589,9.347933632771328,4.284944161655317,492.3992791147405,-0.07234072823647868,-0.2920792465637878,0.0013792756138770966,492.5066443027823,-4,-17,1
12:38:33:708,err,err,err,err,err,err,err,err,err,err
12:38:33:835,8.5919611712796,4.326829766409103,478.66334944679267,0.1507028043886134,-0.5974632670293853,0.03904966084136318,478.76000810032014,9,-34,0
12:38:33:959,err,err,err,err,err,err,err,err,err,err
12:38:34:079,9.24267517230508,4.168538051681719,467.8143379066429,-0.0770294826270872,-0.2515438533848667,-0.0047414201223841415,467.9242016661029,-4,-14,0
12:38:34:204,8.150352388759917,4.332998970759607,454.73550703077035,-0.192632156255932,0.4835185177045556,0.043386350441709874,454.8291816480923,-11,28,0
12:38:34:325,9.107532106937361,4.277899439207637,448.41375639413087,0.15231508554951131,0.4496141072223191,-0.041772657522137754,448.52663743437336,9,26,0
12:38:34:446,8.980375351170167,4.3475444808964685,459.12171378677994,-0.06738828949854857,0.2596812615347679,0.007651690753746231,459.2301126395907,-4,15,0
12:38:34:571,7.684531637915671,4.164776860144809,439.722915123949,-0.25766768680483665,0.5651503214917502,0.06136177440743003,439.8097764692056,-15,32,-1
12:38:34:714,8.922057639209912,4.306092434309389,456.12280855021993,-0.14073886354192053,-0.35971202908550665,-0.01831241229547003,456.2303826185963,-8,-21,0
12:38:34:858,7.5141890893084335,4.131344684519021,436.60616805499944,-0.2812349687642885,0.5936887171472641,0.07237987059562676,436.6903674575873,-17,34,-1
12:38:35:202,8.909719720070532,4.420407905670696,457.24812868092704,-0.03951416000565596,-0.2817488573810797,-0.007862559914076419,457.35628813185934,-2,-16,0
12:38:35:357,8.672959960049914,4.425373521687862,454.12033707657724,-0.06536606611904532,-0.31242461970997654,-0.008627540729192086,454.2247072890457,-4,-18,0
12:38:35:471,8.797420549232719,4.253417936788645,454.15748697537856,-0.029779416580775736,-0.23882221802003517,-0.009318844112220242,454.2625993280277,-2,-14,0
12:38:35:599,8.92959194051661,4.359466068093127,449.42359089361133,0.08819317061247714,0.4305699021747366,-0.029676585993095982,449.53343213639977,5,25,-1
12:38:35:717,8.779131641587275,4.227483880727707,451.8469627672107,-0.033584584556275277,-0.34599910011090096,-0.0009210927431993088,451.9520135305243,-2,-20,0
12:38:35:842,7.597913735625885,4.118658385501006,439.52130781619695,-0.25708488353837133,0.5406139803406338,0.06474844415033522,439.6062689094534,-15,31,0
12:38:35:967,8.951575345249664,4.352070460779611,459.62592161416177,-0.07602453671166705,-0.2633332134895854,-0.002667271587610656,459.7336827317799,-4,-15,0
12:38:36:089,7.678612076758908,4.391931875554683,444.55646594103354,-0.23587204291591346,0.5203119695408954,0.05945449430828396,444.6444664661938,-14,30,0
12:38:36:214,8.889761935027554,4.134553347486816,451.2712916040194,-0.022460778999379434,-0.2921130529925875,-0.004775776998079141,451.37778082732933,-1,-17,0
12:38:36:333,7.523057753313728,4.260553079981817,436.77623819942363,-0.27618366783525966,0.5744584237772851,0.08156427710525381,436.8617984742391,-16,33,0
12:38:36:456,err,err,err,err,err,err,err,err,err,err
12:38:36:584,7.753284990482919,4.222805947542552,441.10910562005637,-0.238921439717791,0.5585128870681354,0.06804889373357015,441.1974485183933,-14,32,0
12:38:36:702,9.212541665498625,4.320569490838159,457.2994958615,-0.12254060258280967,-0.2935701371136894,-0.011825123538184603,457.412688017993,-7,-17,0
12:38:36:828,7.491219701599654,4.303874241859139,440.4992108408859,-0.26818329003056374,0.585494136903058,0.07030603370226705,440.5839266899675,-16,34,-1
12:38:36:977,err,err,err,err,err,err,err,err,err,err
12:38:37:073,7.537151219743176,4.222334613447398,441.0151201023018,-0.23877473905349267,0.5879593630584689,0.07154487355532273,441.09973125920726,-14,34,0
12:38:37:196,8.937839698877218,4.295430116340578,456.8305031670895,0.029723350371503057,0.33487521052679414,-0.015387245078455873,456.93811870127814,2,19,-1
12:38:37:318,8.833917298092953,4.457017058433713,456.86090138576793,-0.06601048522359991,0.28959257112080566,-0.0008589274802478098,456.9680364214822,-4,17,-1
12:38:37:444,9.259378171016996,4.208323513945481,451.52256071597327,-0.19810710735879034,-0.44517900775942076,-0.037535294768455206,451.63709868258354,-12,-26,0
12:38:37:562,8.80424976593402,4.429275914692403,454.34971594008846,-0.05717619928927774,-0.2556155568367724,-0.005655070947426338,454.456596028607,-3,-15,0
12:38:37:689,7.596413539395091,4.1683556932381185,443.8801736658939,-0.2634031701525149,0.5600573504643896,0.07582286935175929,443.9647387591845,-16,32,0
12:38:37:809,7.800969159038084,4.305493702494519,448.2288746754078,-0.15444027651106415,0.5942457176759796,0.048317450262731244,448.3174282677676,-9,34,0
12:38:37:934,8.89020988608138,4.407563215325212,456.56634200951964,-0.07461272272669456,-0.22701581144056246,0.0022516696062381014,456.6741585652393,-4,-13,1
12:38:38:058,8.351298423833176,4.353206411305346,452.1979358537684,-0.10974610816784844,0.37273410884763675,0.02036682635939267,452.2959957614396,-6,21,0
12:38:38:177,8.885655647801364,4.321242102892023,459.9636350693639,-0.012999932875563551,0.28904424435492654,-0.00590591902555342,460.06974862060434,-1,17,0
12:38:38:305,7.440675500598285,4.129741323243102,440.43743479208644,-0.24749560659677017,0.5909587051077185,0.0687441566362702,440.51963904182014,-15,34,0
12:38:38:424,8.856767349105986,4.326364433971279,456.93297664409306,-0.046390529427850186,-0.2487716948692562,-0.0014309826776617493,457.039281574268,-3,-14,0
12:38:38:547,8.108434089238568,4.246090082189462,447.1438955963454,-0.21429873680012293,0.45238839398485164,0.046133812276234754,447.2375647834616,-13,26,0
12:38:38:715,8.792331771761939,4.198302083801616,457.17656923594745,-0.027229852410344473,0.25926489700552735,-0.007358316550840192,457.2803803977628,-2,15,-1
12:38:38:832,7.564897092365232,4.1785136430943055,444.8400873512675,-0.25462416143653116,0.5505533950534791,0.07193688493127245,444.92402830030085,-15,32,0
12:38:38:998,7.407901840327072,4.187687999603812,437.98000019628444,-0.2636467223731842,0.5579446200612638,0.07504210813814066,438.06266025809055,-16,32,0
12:38:39:124,8.947077756737361,4.324967185594068,459.77081625775,0.017734753703261975,-0.1858382117802313,-0.004390354588503907,459.87820020507525,1,-11,0
12:38:39:245,8.995429519939009,4.331331840236933,457.0490183993573,-0.025714194327111466,-0.23523746032731294,0.0016512014844137781,457.15805079597413,-2,-13,0
12:38:39:366,8.81340684012061,4.295219246275577,454.1896087658506,-0.05049161771494217,-0.29278789050318543,0.0005694290037200357,454.29541683730366,-3,-17,0
12:38:39:491,8.918469921029345,4.4214935695620765,457.28545115608915,-0.035522904111482026,-0.32295915324130187,-0.007690677095214866,457.3937828066162,-2,-19,0
12:38:39:613,9.021399022846031,4.306738476134065,452.28489206387195,-0.1527511891949984,-0.39634483106330864,-0.026550547461067883,452.3953550003133,-9,-23,0
12:38:39:737,8.924155224169718,4.434290580292857,466.04653583739616,-0.012112443505856529,0.23518136845243648,-0.006027131653951445,466.153061821386,-1,13,0
12:38:39:859,8.857268523966809,4.322405144034385,459.2195967115657,0.03446072260749657,0.329903536440158,-0.006831635504105552,459.3253448220203,2,19,0
12:38:39:986,8.848225151167306,4.494883943848842,460.0123485799163,-0.055409889667823134,0.2739790775817658,-0.006199060369250371,460.119393110098,-3,16,-1
12:38:40:105,7.468899745647491,4.090295298418322,436.75701319933455,-0.28238171443510557,0.587676595921131,0.06515340853745105,436.84002055425566,-17,34,-1
12:38:40:229,7.580999330374811,4.233886356619872,438.1920727800912,-0.26528829950549776,0.5817226265651473,0.07215305995874352,438.2780966371017,-16,33,0
12:38:40:352,7.751895224650157,4.343517267859535,444.13832565957176,-0.21348763520228237,0.5281968316391824,0.057687496081759645,444.22720576470545,-13,30,0
12:38:40:472,9.031813759928102,4.417483897874766,457.0944301352189,-0.047417017716491185,-0.2351423214591546,-0.007479337568955746,457.2049932846562,-3,-13,0
12:38:40:642,8.877655095093107,4.364016713081787,460.1788208500838,-0.03770431682370369,-0.2718452672792882,-0.00325670682712224,460.2851339776606,-2,-16,0
12:38:40:764,8.874589453189959,4.4249204766909465,457.3232934110766,-0.021913966873639213,0.3091245542364123,-0.007476097910781868,457.4307958101874,-1,18,-1
12:38:40:892,8.810709703124147,4.303719730447094,454.30731729736925,-0.010081760259467797,0.33133443290335773,-0.006038244139736127,454.41312608563976,-1,19,0
12:38:41:008,8.799184065793174,4.379031927888486,457.3673954258545,-0.02929659239719781,0.2703805113758105,-0.0006904128562498607,457.47298932229774,-2,15,0
12:38:41:130,err,err,err,err,err,err,err,err,err,err
12:38:41:260,8.864975352959616,4.373627632039911,457.12954192215886,-0.044973677692349966,-0.27099526282422753,-0.0012807545513899125,457.2364098632513,-3,-16,0
12:38:41:376,8.749400444957445,4.377004507857404,457.1606518773783,-0.02751523855446726,0.2734677859692565,-0.0009221022865662002,457.2653188265621,-2,16,0
12:38:41:499,9.146655710659536,4.282338332726735,453.93175905470105,-0.1310521961889211,-0.35171598023184375,-0.019439840192058504,454.0440965487608,-8,-20,0
12:38:41:624,8.771812749365903,4.351340239674929,454.62058760656566,-0.009445110254665623,-0.26744732624689743,-0.006749724608033331,454.7260246967732,-1,-15,0
12:38:41:744,8.726650072162471,4.288165263263028,448.3642387591199,0.026845081464258267,0.3886980152575523,-7.950097844386212e-06,448.4696571462245,2,22,0
12:38:41:869,7.403961926382396,4.100040498537064,437.70742660539656,-0.2701035060344455,0.5887361610683178,0.07498726117993491,437.7892418616698,-16,34,0
12:38:41:990,9.034350445294134,4.272048274202398,459.8015397894584,-0.024142595809163336,-0.19628191219232355,-0.007137489546911262,459.9101280437107,-1,-11,0
12:38:42:114,8.951779304396888,4.355523715051161,459.8530896441298,-0.06977884326410261,-0.22273891377130878,0.00047043078255890476,459.960834196564,-4,-13,0
12:38:42:239,8.896507453408145,4.295468577732449,454.2663529687659,-0.053199167243524796,-0.28038719564996434,-0.005860013294657336,454.3737650158889,-3,-16,0
12:38:42:358,8.701168668446552,4.290240041658768,457.2942683822541,-0.019715782189519637,0.2981583939890888,-0.0013568400258845614,457.3971626399456,-1,17,0
12:38:42:488,7.424758388472769,4.071348347881825,439.10334052038456,-0.2559663978794529,0.5655559671596398,0.07459794904469154,439.18497990101827,-15,33,0
12:38:42:604,8.690596372625143,4.316974050579406,451.0309045669945,0.018329583342876776,0.3630764075296733,-0.008535319793839362,451.1352786080762,1,21,0
12:38:42:760,8.917179313517103,4.423256828162314,456.8960714612688,-0.0021377183236565463,-0.3075990841212727,-0.0017659090820152112,457.0044872915562,0,-18,0
12:38:42:897,7.519987939457796,4.193980086474633,442.33161693270193,-0.25589521591809783,0.5592436522268454,0.06977683696973803,442.41541454369997,-15,32,0
12:38:43:060,8.915478353908401,4.3664384749201535,459.9897524899189,-0.011253185174971155,-0.2509286394400005,-0.006782982490979089,460.0968636439191,-1,-14,0
12:38:43:195,9.04459541409501,4.3594015702254625,459.85728615342305,-0.04526556604890369,-0.2116724669276862,0.003355291888523068,459.96688219549713,-3,-12,0
12:38:43:308,8.877893216737943,4.53736053475621,462.9360688390246,-0.0016942978724900407,-0.21391457990799181,-0.002277531046543574,463.04341962792245,0,-12,0
12:38:43:425,9.046709744594931,4.393919186717874,455.61533248374525,-0.09453051200325019,-0.3044517340751671,-0.01688741836766144,455.7263221246893,-5,-17,0
12:38:43:552,8.937194972084875,4.370958027863219,457.112105891642,-0.06017453000939489,-0.18971929431475412,-0.001261009402249071,457.22035834020136,-3,-11,0
12:38:43:671,8.73631269997144,4.294054109252109,457.1966365190784,0.005664292226536721,0.3105161556980562,-0.004988911297815213,457.3002585879907,0,18,0
12:38:43:793,7.666409120734689,4.1739713257232705,440.5767261990263,-0.26959438571406347,0.5295307390453297,0.0696424579104635,440.6631905817483,-16,31,0
12:38:43:918,8.644347437031804,4.3026213743113075,454.5482987039186,-0.03040473815762102,0.3170589104898404,-0.003040999042284347,454.6508475170035,-2,18,0
12:38:44:084,8.992092461619873,4.2950107159043,456.8204116053102,0.030843724519842557,-0.23818328644734055,-0.005466383896599275,456.92909001630994,2,-14,-1
12:38:44:205,8.80359880101287,4.4649415753155814,456.0218689605407,0.029240834802244292,0.28554637145870176,-0.008183494931526142,456.12869239435565,2,16,0
12:38:44:329,9.258961613950756,4.318959052456742,445.7511958787602,-0.2272459340095709,-0.48402070638280476,-0.05220253277275896,445.868265752128,-13,-28,0
12:38:44:452,8.768906762007198,4.345072365859396,454.5278639760796,-0.04344413059305809,0.35934236157599503,-0.0066229834963808226,454.633206563624,-3,21,-1
12:38:44:579,8.832790722804916,4.245704511028558,457.40173636843525,-0.029606017181615353,0.2556594548074201,-0.020028246057834865,457.50671320933355,-2,15,-1
12:38:44:697,9.222569753659647,4.346372644931478,455.40924609307365,-0.0998464242572221,-0.3340291195690347,-0.020155077871294527,455.52335634420706,-6,-19,0
12:38:44:820,9.268572192668891,4.273662104372103,453.1261866009869,-0.13067092043521472,-0.4390345167526969,-0.026694316843149487,453.24111861328896,-8,-25,0
12:38:44:947,8.99061636555877,4.44950434597817,457.61066163293975,0.07591590980906582,0.33039985668732097,-0.0203949249184361,457.7205991778111,4,19,0
12:38:45:065,8.847109995354447,4.42614189160662,457.5962938070738,-0.03249808633343368,0.25413409242692125,-0.007138387678837803,457.70321191060515,-2,15,-1
12:38:45:194,7.873719059416424,4.253854164242734,447.6418379823071,-0.2579320046776984,0.5333689554456373,0.06664124134108634,447.7312875366824,-15,31,0
12:38:45:314,8.771384831175611,4.369216139490967,459.2381097390323,0.041500527438933954,0.3071298090620954,-0.007174738260609767,459.342648442543,2,18,0
12:38:45:445,7.542575078596571,4.107270254847933,438.3405434114671,-0.26598479541522146,0.5979284106764985,0.07502656538699079,438.42467095958784,-16,34,0
12:38:45:557,8.851529246456249,4.366134330932905,456.7281523415218,-0.06353021284484513,-0.2628421178388835,-0.003942262602365104,456.83478177596874,-4,-15,0
12:38:45:680,7.654506702201348,4.10410444751227,441.82200587333494,-0.29911528773721807,0.5507350435448465,0.07428571689158862,441.9073658812527,-18,32,-1
12:38:45:811,8.884316034884796,4.329072871283537,457.18513174814177,-0.04889607175088666,0.2708462277449155,-0.00411874385078601,457.2919380821166,-3,16,-1
12:38:45:929,8.037171995385243,4.259751081831712,448.3280528842854,-0.20026822742862835,0.4543278080452995,0.04284285783357912,448.4203213682194,-12,26,0
12:38:46:051,8.947366694638042,4.418618198119461,457.05289019184704,-0.036793845294423956,-0.261514031413579,-0.007778798707729429,457.16181379274195,-2,-15,0
12:38:46:171,7.544900384865679,4.162449911626488,443.37159660318383,-0.2663173571803252,0.5501751480443934,0.07553568727931177,443.45532377629735,-16,32,0
12:38:46:295,7.599522967176408,4.2836701579269025,438.7027105459994,-0.2820521084200984,0.5788956983969648,0.07964751677703545,438.7894379081583,-17,33,0
12:38:46:516,8.796875014491397,4.423957715051126,457.37437751474937,-0.030521726652474778,0.25772311391745384,-0.007373913063708646,457.48035763176716,-2,15,-1
12:38:46:633,8.76271488683296,4.393237047248112,454.1072718811683,0.004826456870021581,0.3319322130960232,-0.0030819683617878033,454.2130558221533,0,19,0
12:38:46:747,8.718417154764921,4.304903474136841,454.37158438051017,-0.0073795987812796445,0.35093120557178015,-0.0065879933908333166,454.47560955904027,-1,20,0
12:38:46:911,7.442934846425113,4.150116752168163,442.2036502725829,-0.2760660428326728,0.559984643455599,0.07943145958153838,442.28575498492097,-16,32,0
12:38:47:037,7.664937870217205,4.206670284387288,443.534717328234,-0.24566913012550912,0.5301206935548411,0.06306648707818625,443.62088862323907,-14,31,0
12:38:47:156,8.889568214563496,4.410794715856712,456.7781691158558,-0.06671889095864382,-0.250282071633832,-0.010573373658305423,456.8859543845709,-4,-14,0
12:38:47:282,8.871058539395962,4.424172271706665,457.3038845389226,-0.02328300502326144,-0.25898183744817577,0.001952138826671837,457.4113157698303,-1,-15,0
12:38:47:405,8.82028505344453,4.3790908859455495,456.88656040809303,-8.439908796438877e-05,0.31345170348984436,-0.004575869788044518,456.99267274973835,0,18,0
12:38:47:529,8.909534567974173,4.3305916855551505,456.98922474744853,-0.025885987172211,-0.2610702172229656,0.0014306277075035124,457.0965820981808,-2,-15,0
12:38:47:649,7.58007317287584,4.086243848199586,440.3378496018409,-0.26954208385600775,0.5796885401345766,0.0770154808332877,440.42204382849246,-16,33,0
12:38:47:773,8.532714987430827,4.312844352884136,451.3155362946812,-0.018141421581810955,0.34113777536689543,-0.0018688493286050144,451.41679316616546,-1,20,0
12:38:47:895,8.432738075914198,4.390738848286949,451.65781883499426,-0.11487879467804685,0.4124036139499266,0.030360843888055735,451.75787206630423,-7,24,0
12:38:48:017,err,err,err,err,err,err,err,err,err,err
12:38:48:145,9.008458392530642,4.386567344223599,457.88437924279197,-0.01828754894696628,-0.24080923892782916,-0.005067299954386454,457.99399455695084,-1,-14,0
12:38:48:264,9.2094747774042,4.137486669288393,452.9636582663177,-0.14051168375800266,-0.375363932033736,-0.03000571555032638,453.0761623961468,-8,-22,0
12:38:48:385,7.396494732477929,4.124836282095257,439.9254892299389,-0.2732316129098416,0.5753102254516251,0.07050208863188603,440.0069982203496,-16,33,-1
12:38:48:512,7.786767589183857,4.293034423578997,443.543442677974,-0.2199306830202565,0.5170674344084351,0.05771517508406491,443.63256128994766,-13,30,0
12:38:48:658,9.276700139377075,4.064431117700276,438.55898583780805,-0.2424353957958045,-0.48703422173765065,-0.056750301900132145,438.6759177626157,-14,-28,0
12:38:48:800,8.80763772625432,4.245886238468797,456.45221019669873,0.02797405824088912,0.30593337621244204,-0.008236416584703164,456.5569211234435,2,18,0
12:38:48:920,9.002427016212962,4.349939371476529,454.7857322810262,-0.028615282306497576,-0.28713855841119706,-0.0028263588025137427,454.8956231390966,-2,-16,0
12:38:49:047,7.514803704859788,4.184865337196923,441.38734399598684,-0.2845577419573732,0.5642565413678984,0.07585850804009821,441.4711460700967,-17,33,0
12:38:49:166,9.139641208434114,4.299278552071031,451.659248145818,-0.15996892788190972,-0.4076262968086243,-0.029392373605100153,451.77216965317024,-9,-23,0
12:38:49:289,7.693957401096487,4.284797545786649,442.7471479045343,-0.2210960222400344,0.5760542451969748,0.07194313017781157,442.83472475416585,-13,33,0
12:38:49:414,8.909594080294914,4.2973643851156575,454.3327898813987,-0.0477248409284504,0.3302352085967693,0.0003285714067669336,454.44046053223434,-3,19,0
12:38:49:541,9.262612625759992,4.22626743299753,449.0786221579954,-0.15933732631756695,-0.42648003111744864,-0.03428453016343084,449.19401844681073,-9,-24,0
12:38:49:663,7.455765387609289,4.065908324353712,438.5941514225352,-0.26061143577692314,0.5626937065794937,0.06864365295401621,438.6763610112481,-15,32,0
12:38:49:783,7.469779203338983,4.200488472149431,439.00128811373713,-0.2836128898756201,0.5550234641943654,0.0707284791784197,439.08492648947964,-17,32,-1
12:38:49:903,err,err,err,err,err,err,err,err,err,err
12:38:50:025,8.820852507116703,4.37161365180663,456.92230372969317,-0.043046402903348116,-0.29574935356043563,-0.0013477457652478833,457.0283471410969,-3,-17,0
12:38:50:157,8.927840719803536,4.3446845308283555,459.305877244727,-0.10404813697673843,-0.17846484164241455,-0.0022032649528811988,459.4131816732502,-6,-10,0
12:38:50:277,9.277221099683738,4.174583582244354,448.4597692002506,-0.1969409947569204,-0.49216136412290473,-0.05292849853488935,448.57514261331914,-11,-28,0
12:38:50:440,7.37886250584197,4.055929276666973,433.8556480486416,-0.2553870980860833,0.5905994510614988,0.07770204684330623,433.93734745684685,-15,34,0
12:38:50:614,7.429248018763791,3.9979222098830958,436.02765167844535,-0.3018588772017766,0.5826266458923647,0.08009380282146289,436.1092639882123,-18,34,-1
12:38:50:781,8.944062282945378,4.371937149699047,457.15963751699843,-0.05795748695213396,-0.21872569262409366,-0.001126902774516898,457.2680223449214,-3,-13,0
12:38:50:898,8.916166751027946,4.4486756548072,459.9177816399472,-0.05362830123932756,-0.28361248694283553,-0.005667641498624256,460.0257108175846,-3,-16,0
12:38:51:012,8.247159616185888,4.284976705832108,450.51785380469994,-0.1795872350958588,0.42686960750928316,0.035763527792885295,450.6137073635215,-10,25,0
12:38:51:177,8.87956717252063,4.35258414442095,455.88533569733704,-0.09407042229851541,-0.3116766180415532,-0.01015720897756545,455.99257779680937,-5,-18,0
12:38:51:322,8.931380588654825,4.310672506296769,451.514504026774,-0.04207183389089189,-0.2778166429475591,-0.00783974627147685,451.62340373725056,-2,-16,0
12:38:51:465,8.175163316098343,4.318174647935617,449.4163344190808,-0.14787994088118636,0.4172443316423506,0.03118546153066421,449.5114254056486,-9,24,0
12:38:51:627,8.900131451172703,4.29332632548305,454.1463505766188,-0.05756361987494725,-0.3323086228603846,-0.009023551523871689,454.2538417370252,-3,-19,0
12:38:51:756,8.193853478645117,4.452684707926756,449.7565206150618,-0.18198167374780524,0.4625806085427215,0.045948981795954476,449.85319102091984,-11,27,0
12:38:51:892,8.993273919084826,4.255346766508073,451.97574747726566,0.0874188619319253,0.39223116990948714,-0.024270371804044795,452.08523893124396,5,23,0
12:38:52:053,8.004853701373696,4.325419390291729,446.3560458043316,-0.19036002669742844,0.49077233488541844,0.053906175047305,446.4487726063998,-11,28,0
12:38:52:171,8.831459179079049,4.280328414189517,456.76185870556105,-0.04276187943410557,0.2927517076244555,0.0022926296566630725,456.867279908207,-3,17,0
12:38:52:293,8.917501231083284,4.36018222809803,460.13100929286423,-0.05907971659732995,-0.24663742051650062,0.00035916554029536774,460.23806745003014,-3,-14,0
12:38:52:426,9.027741872963032,4.35000036843837,459.59575672957953,-0.08729454785651,-0.22296021155378803,-0.009231621252306142,459.70499478509595,-5,-13,0
12:38:52:579,7.4344540970030275,4.315826822246744,441.50265203272784,-0.2825609041015093,0.568289467017142,0.08219735707077191,441.58633269250083,-17,33,0
12:38:52:696,8.715051427348362,4.409435980010587,460.12064957688244,-0.03276759355462673,0.2756728777993241,-0.0029624593845567807,460.22430119898644,-2,16,0
12:38:52:818,7.555484773540565,4.187279648602293,441.6882514480187,-0.258971627332113,0.5802470957167826,0.0739053158170865,441.7727132001557,-15,33,0
12:38:52:946,7.484946894035147,4.096460161837079,437.3982176539109,-0.27311067657676047,0.5784814207911924,0.07457007586770203,437.4814352891812,-16,33,0
12:38:53:078,8.96372032489086,4.407986256363478,460.0179272036199,-0.0344066122161723,-0.23869243194687037,0.0030995106834897346,460.1263652233091,-2,-14,0
12:38:53:192,8.743406368788882,4.478829508194381,459.0280693353572,-0.0895362170142162,0.25595697608606427,-0.008800540204282671,459.13317839864146,-5,15,-1
12:38:53:315,9.038884815083394,4.322710265437477,459.4629192807495,0.020554718793709965,0.31707514457283953,-0.016721957869988344,459.57215043638985,1,18,-1
12:38:53:436,7.792104754632039,4.068038643015836,446.68781876563764,-0.21337488276058322,0.5819934778040566,0.05447749370834108,446.77429790500634,-13,33,-1
12:38:53:558,8.83156032677113,4.302109270734833,452.5316225002409,0.07099501150674664,0.37136555528229237,-0.02672211261186876,452.63823740895253,4,21,-1
12:38:53:680,9.030610801801034,4.370251459600413,456.95514544461486,-0.053901321549132436,-0.22237099911330252,-0.0013982447383101653,457.06526446185217,-3,-13,0
12:38:53:805,7.551382115568947,4.223675599267816,440.9858200547497,-0.2857006119255617,0.5653784499153145,0.07593249689196876,441.070693083074,-17,33,0
12:38:53:922,8.888111053560506,4.322951435164735,459.559221171361,0.01873271452194172,0.23912887184794257,-0.0025791108346232506,459.66549162498495,1,14,0
12:38:54:049,7.562938887635868,4.159882108723769,439.230759686513,-0.27842974718939356,0.5596414201399202,0.07663077266048783,439.31556188981966,-16,32,0
12:38:54:178,8.894708765272622,4.444183510417428,456.81525158655165,0.09142431498958514,0.3031675361989181,-0.013911029177892624,456.9234516778251,5,17,0
12:38:54:301,8.80052217219748,4.442012571750378,462.41480956135547,0.0035419690813397364,0.2713650742583706,-0.0049300273991183235,462.51987715973416,0,16,0
12:38:54:421,8.680297214044112,4.342199037938132,454.34406651860274,-0.04793491839748014,0.34088674874888264,-0.006157884510473303,454.4477231023055,-3,20,-1
12:38:54:545,8.794013274495807,4.410705068988354,456.82008582878154,-0.07301804708814875,0.26207686460583574,-0.0007718613413401275,456.92601130302586,-4,15,-1
12:38:54:665,8.912404136112064,4.246283242082379,457.25601259482306,-0.014527717687763897,0.3317639484351477,-0.008155528692261263,457.3625727177229,-1,19,-1
12:38:54:786,8.234778335345355,4.24168479424028,446.79588283464085,-0.21938135652779936,0.41442136243975064,0.04246620070936161,446.89189339493737,-13,24,0
12:38:54:914,7.620629934898413,4.1541251193079125,442.6088406772888,-0.2738570425424779,0.5401706215254146,0.07575671187224021,442.6939310650251,-16,31,0
12:38:55:057,8.721669659986432,4.452027292500773,459.8043271194221,-0.026757910417335166,0.2025136718807234,-0.005262339578139501,459.90858581506785,-2,12,0
12:38:55:251,7.67324955149399,4.194436337215654,446.2231452337354,-0.24311680222608614,0.5817975601901932,0.07276711463342923,446.3088251392233,-14,34,0
12:38:55:431,8.866867820775028,4.352445499720782,454.66995257931893,-0.006551933078693017,-0.288800594758551,-0.006276279864986,454.7772321755557,0,-17,0
12:38:55:585,7.512413857193806,4.198363999121343,438.70033975522205,-0.2868287095916677,0.5908888025384831,0.07694905725059621,438.7847430387458,-17,34,-1
12:38:55:725,8.871449941781073,4.3521555766985225,454.6450725697423,-0.009322287666212917,-0.2670061852744276,0.0064818868229511144,454.75244462694155,-1,-15,0
12:38:55:855,8.954655711318523,4.286569739052203,457.4019186040349,-0.04827305395147783,-0.24431229011785371,-0.0010473590222597026,457.50964545208024,-3,-14,0
12:38:55:972,8.905814512715438,4.309933213612625,459.8536501254289,-0.07358633594366776,-0.22091157406169948,0.0002582820842313492,459.9600728216755,-4,-13,0
12:38:56:103,8.944472455460224,4.234026626124166,456.9858570405391,-0.06878423314601857,-0.2588817712878357,-0.004262102579848311,457.0929928406836,-4,-15,0
12:38:56:220,8.875757241749092,4.377448450636313,457.06763636900047,-0.0192231791564474,0.3000084757055992,-0.0012997231455753801,457.17476454578866,-1,17,0
12:38:56:343,7.491243397500656,4.216798686661085,440.4370365703127,-0.27266396736983073,0.5734729439069829,0.0702101540121306,440.52092266048317,-16,33,-1
12:38:56:467,8.912028568212552,4.5377618713797006,460.01992103132216,-0.06977959187773726,-0.2065251163095869,0.007061724411985816,460.12861602128794,-4,-12,1
12:38:56:588,8.780079652761735,4.331468919350753,457.06759196370746,-0.027970007947324002,0.31013766502860435,-0.007760232224936939,457.1724346952803,-2,18,-1
12:38:56:715,8.807244492187854,4.29177156947445,457.4509379129193,-0.019799639815677797,0.2574656204785638,0.005392653000442139,457.5558408065176,-1,15,0
12:38:56:837,8.870391840914134,4.425641821205073,457.42226661833183,-0.021126222500192766,-0.2690897635546254,-0.004826460266567223,457.52967133858454,-1,-15,0
12:38:57:011,8.690838019118265,4.321192603918325,456.7451431091864,-0.07023755002979938,0.2990065419024078,-0.007484642696643623,456.84825612540743,-4,17,-1
12:38:57:191,8.786874646339875,4.378324659530406,457.193123794926,-0.02358327434361893,0.28577445404044494,-0.007691440134265647,457.29851447193363,-1,16,-1
12:38:57:344,8.90010616629748,4.489735842440781,462.88209296322935,-0.012201157701291428,0.2660952505194177,-0.008438650150057158,462.98941845762084,-1,15,-1
12:38:57:501,7.6566383112320775,4.0408580270995005,440.2337575093849,-0.2728242824781252,0.5259836687030212,0.06360687382606847,440.3188775133949,-16,30,-1
12:38:57:769,7.351927444021482,4.105051169574977,434.28459099959605,-0.2753098397530951,0.6106164701092317,0.08263609427739402,434.3662144572635,-16,35,0
12:38:57:932,8.83872463836323,4.3928122387161865,462.43973513928427,-0.021158204361862897,0.28289729432194033,-0.01475785105329641,462.5450556305718,-1,16,-1
12:38:58:073,7.406125864840966,4.171657200922332,440.2692163727267,-0.26974621878898025,0.579121659269353,0.07673032171050008,440.35126468489074,-16,33,0
12:38:58:198,8.912753131870511,4.377544033124453,457.15553748993165,-0.024017164629575347,-0.259883832176637,0.0014550578603288056,457.2633655978357,-1,-15,0
12:38:58:314,7.548308936913112,4.194265288988462,438.41124040560334,-0.2878398931842076,0.5634917813054092,0.07334785776659938,438.49627654417003,-17,32,-1
12:38:58:434,9.031292398508494,4.366896457380983,456.7856131301201,-0.06277768703896393,-0.26183837047298386,-0.004504696460166272,456.89575440106313,-4,-15,0
12:38:58:560,8.961074943975458,4.4255281432976625,457.073053718673,-0.001166086205887015,-0.28432006232482493,-0.0017293037864486913,457.18230783705053,0,-16,0
12:38:58:680,8.889091956895633,4.34257695750342,459.0234902142206,-0.09645288187892687,-0.25582881398176416,-0.005501371738076108,459.13008886250816,-6,-15,0
12:38:58:809,8.731039964295052,4.371917775714676,457.05986138105976,-0.05193926446986248,-0.25989544941048254,0.004914555788768632,457.1641517109246,-3,-15,1
12:38:58:927,8.969512430678583,4.354985158800618,456.00314986861207,-0.08549259564443053,-0.2799183736511325,-0.007213058669719795,456.11214710756536,-5,-16,0
12:38:59:053,8.907288627530718,4.372011213057504,456.96323409669805,-0.04355536563854614,-0.2731175493614186,-0.0010873387016605823,457.0709480910539,-3,-16,0
12:38:59:179,8.811258055565736,4.403378014935507,460.06755087047753,-0.0679797519923352,0.24530489140243233,-0.005370380112077784,460.17298852760104,-4,14,-1
12:38:59:341,7.541481686423082,4.199102180144294,442.70322822971644,-0.2688983524558511,0.5758649589544745,0.08635860429613937,442.78736961453444,-16,33,0
12:38:59:458,8.681826609315573,4.307191468913688,454.56399195113573,-0.00664891267881575,0.32791916263053383,-0.006628150176442245,454.6672946124191,0,19,0
12:38:59:583,8.763568820305382,4.3467947590801135,454.51371459628325,-0.027311492453772616,-0.256937569354711,-0.009413096630495443,454.6189739982895,-2,-15,0
12:38:59:702,8.717173340407415,4.3701859939404635,456.9606025208296,-0.05385072365224243,-0.22304602520780764,-0.0014129693057425132,457.0646342617945,-3,-13,0
12:38:59:856,8.867576272336157,4.4285250887478185,456.78267145335,0.029044145728560216,0.29004567022372396,-0.001235011775007187,456.8901998111433,2,17,0
12:39:00:016,9.557324914298675,4.0991886366410855,433.5649468113622,-0.2972744170047247,-0.5842343895716113,-0.0951897400407636,433.68964584197255,-17,-34,0
12:39:00:153,7.437242564234037,4.196242776337982,442.47949580965206,-0.2539470364296791,0.5883083463330754,0.07328108091455318,442.56188860131317,-15,34,0
12:39:00:285,8.732707393110882,4.197650906832311,457.00219837125303,-0.020463041622153524,0.3115977617546407,-0.007991006405826005,457.104900179059,-1,18,-1
12:39:00:403,7.494014695487223,4.086162759807769,440.3304085562825,-0.27038573940319816,0.579386130863261,0.07730104292960584,440.4131306871975,-16,33,0
12:39:00:524,7.533333128351549,4.130546120820826,440.4163454292838,-0.2696347344731482,0.5851634604909368,0.07048632949574306,440.5001360278623,-16,34,-1
12:39:00:648,8.72223062074349,4.369290835489208,457.0602411852433,-0.06745421049605049,-0.25810127128665256,-0.003853411887010136,457.16433815611566,-4,-15,0
12:39:00:811,9.109729784256375,4.405837751403494,456.4344145266125,-0.07381442570885528,-0.28776611053886614,-0.014142909501046387,456.5465730320242,-4,-17,0
12:39:00:938,8.971332322056206,4.3620710195572885,456.55353416983223,-0.07765372827439915,-0.21123442395112554,-0.004188075189726847,456.66250342038876,-4,-12,0
12:39:01:057,8.691900538039185,4.345404760835079,454.6821991979038,-0.051306521532221455,0.31512960553928837,-0.0059598474003270995,454.78603094745654,-3,18,-1
12:39:01:178,8.975018412626582,4.481724563531689,459.2340156610682,-0.08030812440847801,-0.24197039300174103,-0.015497575292491251,459.3435728850036,-5,-14,0
12:39:01:304,8.921480135636589,4.228388116542228,460.0472621296136,-0.03118118687715212,-0.2742208020639284,-0.003146896748922344,460.15318695715683,-2,-16,0
12:39:01:427,8.867891998787881,4.170704418031914,454.35718706543315,-0.008345340768349864,-0.3027674240530678,-0.00010584798522012954,454.4628562620467,0,-17,0
12:39:01:548,8.947366694638042,4.418618198119461,457.05289019184704,-0.036793845294423956,-0.261514031413579,-0.007778798707729429,457.16181379274195,-2,-15,0
12:39:01:674,8.821010427696812,4.3793107044196145,457.3287549767779,-0.024874309821622826,-0.232623177956248,0.0015724765459502552,457.4347808330944,-1,-13,0
12:39:01:796,8.763829208532062,4.351730922190685,454.5526993136241,-0.007919715151940758,0.3393505524263958,-0.013112454463804196,454.6580019286116,-1,19,-1
12:39:01:922,7.939544771131721,4.272950068968406,449.5160704157357,-0.21385342280165723,0.4709391295768243,0.05833227410905583,449.6064857577895,-12,27,0
12:39:02:041,8.345622101699593,4.31455756721028,449.1024273838454,-0.15262902255826646,0.4431609446908015,0.034151404578406486,449.2006846581239,-9,25,0
12:39:02:206,9.122182958350173,4.157270415661695,446.93224474268385,-0.18561976898616356,-0.43639565783889933,-0.040714620676674314,447.04466053177373,-11,-25,0
12:39:02:374,8.805437205209266,4.480185346151668,459.15022738295806,-0.08809697544771025,-0.22996967695587278,0.004154009922904529,459.2565068574781,-5,-13,1
12:39:02:493,8.866471061587594,4.364614220094551,458.91387699302567,0.036006454571185724,0.26280740859303153,-0.005747154248728099,459.020272605847,2,15,0
12:39:02:654,7.423465616796346,4.244866415674247,439.15914046701613,-0.2587541715024513,0.5891989312705335,0.07136324778214444,439.24239024527117,-15,34,0
12:39:02:781,7.435598935177319,4.245484154008238,439.1318934697135,-0.2825685856790439,0.5770738880189978,0.08046498101404685,439.2153596238667,-17,33,0
12:39:02:901,8.908596234025264,4.302578301660076,454.53989441287166,-0.028480695264022516,-0.2894673353227634,-0.0032386836042261453,454.6475457755901,-2,-17,0
12:39:03:027,7.629061193812975,4.263661884578532,440.709862969786,-0.29119243558438196,0.5493100572377196,0.0685812518607326,440.7965116765473,-17,32,-1
12:39:03:153,8.69236799229386,4.424016033009802,457.4488876404383,-0.03651636458075444,0.32882724401008523,-0.01159363260684411,457.5528537586102,-2,19,-1
12:39:03:272,9.176698913397065,4.439527862107054,456.0883785089784,-0.1365363838708798,-0.31206257126426973,-0.028083858871227284,456.2022908990426,-8,-18,0
12:39:03:397,7.881234036813639,4.187340010161232,445.71415501331904,-0.24923518395683267,0.5090589200169918,0.06523387099702954,445.80349442948597,-15,29,0
12:39:03:519,7.555484773540565,4.187279648602293,441.6882514480187,-0.258971627332113,0.5802470957167826,0.0739053158170865,441.7727132001557,-15,33,0
12:39:03:643,8.769359890119043,4.295936102827672,454.2500620163473,-0.05393341580163868,0.30807114884433234,-0.01224224762567169,454.3550105168175,-3,18,-1
12:39:03:763,7.718278640457782,4.096412117273175,441.3054207649771,-0.2634907002265309,0.5659187521864728,0.06721898380239553,441.39191974248894,-16,33,-1
12:39:03:886,7.466422456495726,4.025680139057775,438.6822233345476,-0.2848977155338152,0.5738558840884629,0.07375446991879814,438.76422670338883,-17,33,-1
12:39:04:010,9.025730093368566,4.346747559546331,459.36323738236797,-0.09363741180172684,-0.21137063828701863,-0.002412443947636632,459.4724604113662,-5,-12,0
12:39:04:131,9.315769716302725,4.195096784761767,450.410004457269,-0.2091071147144344,-0.4127958661422352,-0.04371835410945286,450.52586442693587,-12,-24,0
12:39:04:257,8.784957291402245,4.559713909560128,457.3394303031916,-0.020822826222107692,0.3082411760859304,-0.007931720923224254,457.4465225308819,-1,18,-1
12:39:04:376,7.633349858218685,4.05475782805452,441.41698694256775,-0.2624488287475178,0.5763589843501736,0.06739336838654696,441.5016030011184,-16,33,-1
12:39:04:500,7.485164011657966,4.21676500623219,440.4749474049211,-0.2733294275261373,0.5502700939448785,0.060265958979544246,440.5587226224981,-16,32,-1
12:39:04:623,7.423966724026713,4.130584716990743,436.69539636708436,-0.2537840589448748,0.5864948272079753,0.07281611425377658,436.77802854565454,-15,34,0
12:39:04:746,8.825903967855723,4.379055694933393,457.33016807553224,-0.026703927672194375,-0.2576411217124477,0.0017325894018520782,457.43628555420014,-2,-15,0
12:39:04:873,8.771448685431617,4.396951054952101,460.03309972680256,-0.11415225122403687,0.3372478422118994,0.01628014335836811,460.1377232252003,-7,19,0
12:39:04:991,7.62480030894371,4.15506335004063,438.96602762576566,-0.23642396590180464,0.548347778546499,0.06264956940591554,439.0519052922315,-14,32,0
12:39:05:114,8.197881762497353,4.330764933411467,450.59788753047513,-0.1784561783901567,0.47378911823153,0.032991362702007324,450.6932626934056,-11,27,-1
12:39:05:242,8.87067016943739,4.395867173740474,454.8668047086883,-0.025579456451643782,-0.2874580366370768,-0.002780863818187079,454.9745294666022,-1,-16,0
12:39:05:403,8.736143066633424,4.463339255378856,458.0090063963109,-0.12079726185494351,-0.2634568100725044,-0.0018016809371649745,458.1140595235266,-7,-15,1
12:39:05:525,7.902522787395955,4.223015068525445,445.0225790430272,-0.23192754543162408,0.5115699663829318,0.05690651955405654,445.112771756531,-14,29,0
12:39:05:648,9.007456005792898,4.414592444833577,460.3251416860381,-0.01647266844739105,-0.20671809965620228,-0.00045082101815662503,460.4344241674609,-1,-12,0
12:39:05:769,7.425080857504224,4.117870283860459,439.395784052148,-0.2559010852556508,0.5714276238036303,0.06848085254871436,439.4778079996953,-15,33,0
12:39:05:902,7.365625186532746,3.919846552610463,432.9587463049062,-0.2666992768737871,0.6105565172113404,0.07752711103741537,433.0391363760331,-16,35,0
12:39:06:017,7.998312337352435,4.265130453307844,448.7332227813505,-0.19433664610847237,0.502837704300002,0.046317983107007916,448.82476487574377,-11,29,0
12:39:06:141,8.968014426974035,4.368594287925827,453.229499342334,-0.08274651078553076,-0.31894427593390723,-0.0057827921753177145,453.33926475975767,-5,-18,0
12:39:06:261,7.62911361559223,4.160435174157802,443.1741845905216,-0.26842794361596933,0.5507727081749472,0.07593382636099975,443.2593715680151,-16,32,0
12:39:06:389,7.360666426872322,4.169710208888524,440.095955321738,-0.27065216996927016,0.5798927718762905,0.07729834171476192,440.17725495989345,-16,33,0
12:39:06:550,8.998633397150348,4.3783399203545486,457.2128952285137,-0.023437315454869777,-0.2339702266756797,0.0016714383580240426,457.3223992182258,-1,-13,0
12:39:06:673,8.810709703124147,4.303719730447094,454.30731729736925,-0.010081760259467797,0.33133443290335773,-0.006038244139736127,454.41312608563976,-1,19,0
12:39:06:801,7.9052291150163585,4.270668117391526,445.3310095669025,-0.2588905934831589,0.49101787564827676,0.04452700315727003,445.421642194681,-15,28,-1
12:39:06:920,8.766482671239554,4.358711168754144,459.94792329982664,-0.05364154280578557,0.2754039355723909,0.007071268302467886,460.05210762401794,-3,16,0
12:39:07:083,7.432645633775977,4.2434722409324115,438.96265524182303,-0.281871920370009,0.578297198848963,0.08054865205351099,439.0460841127369,-17,33,0
12:39:07:211,8.554966165264217,4.283188402795092,453.56990051389647,-0.08402340047136546,0.2769300385726653,0.0042607473293097805,453.67079231659665,-5,16,0
12:39:07:330,7.8247561824705345,4.105317435464439,438.49315231164513,-0.21903139908543856,0.4777927601058523,0.05333453539165245,438.5821759542499,-13,27,0
12:39:07:453,8.406855219149353,4.212935149645533,443.7559210367245,-0.12001052139723024,0.2725756959763028,-0.006720518730536607,443.8555412433222,-7,16,-1
12:39:07:582,8.279426662126305,4.148441534326344,441.6915463660672,-0.09877817464021366,0.34557752218028265,0.010464683217106193,441.78861529499034,-6,20,0
12:39:07:722,7.336150387706772,3.9341569487644303,426.70393557285547,-0.27503738766289426,0.5666501213571163,0.066838328107587,426.7851278181705,-16,33,-1
12:39:07:869,7.652569590919806,4.123172394549304,436.29454130019,-0.2145641746603078,0.46681148359211494,0.04793414595444575,436.38112830446994,-13,27,0
12:39:07:993,8.522230490536746,4.337802385708346,442.90282795669526,-0.08253729710112621,0.29067335521590126,0.004092555520262389,443.006049568298,-5,17,0
12:39:08:151,7.6380230893372305,3.948294851687003,431.9705213844806,-0.2743741150077473,0.4746438055138808,0.060145963579537345,432.05608406100373,-16,27,0
12:39:08:276,7.702668173885084,4.062131402731121,434.66708970808287,-0.20337607698092,0.4468849662370647,0.04027146945250956,434.75431094334715,-12,26,0
12:39:08:395,8.342748439411643,4.124818691309795,440.02093850099646,-0.14655019654938112,0.2790762539437737,0.0011668320657045685,440.11934960878193,-9,16,-1
12:39:08:518,8.344223291559816,4.202030473287073,438.01963578864144,-0.040446306599756725,0.23085483450140512,-0.0023313818768875105,438.1192582606384,-2,13,0
12:39:08:643,8.442777152104227,4.111749232958699,433.2836289380885,-0.0076286075691505955,-0.22575056343489114,-0.006239480740939459,433.38538285636025,0,-13,0
12:39:08:762,8.331118339420781,4.158126061406093,431.5250020957497,-0.12095222830431032,0.11566479300796016,-0.003674642427535997,431.625445240274,-7,7,-1
12:39:08:891,8.275822730315108,3.950138191830597,427.4429334878951,-0.07607572808368968,0.21012025653125363,0.0013577362605499343,427.5412894941672,-4,12,0
12:39:09:009,7.986647578963137,3.953548221021694,421.1596271156668,-0.15573731153252163,0.3118250049473122,0.014682820748733599,421.2539003917875,-9,18,-1
12:39:09:137,7.0039371766840794,3.7926326027587356,406.9147637093376,-0.2937564401523912,0.5354757627628978,0.07760287149305796,406.99270770206743,-17,31,0
12:39:09:262,8.094943585302511,3.8692008897749037,424.2467512386359,-0.10218654232929518,0.18314106840138822,0.00030297573618820597,424.3416132831091,-6,10,-1
12:39:09:380,6.793584638850323,3.79488039363893,403.5871716027688,-0.299015556644895,0.549089076391524,0.0845332630872426,403.6621842478807,-18,32,0
12:39:09:546,7.60901096857834,3.7832684440919286,413.56094805115316,-0.22157578286349264,0.3851564105018969,0.03150346941908557,413.64824177192946,-13,22,-1
12:39:09:664,8.22939350747396,4.14818774346838,426.88777689994697,-0.11005582839026555,0.17928082238139442,-0.001537315778239202,426.9872415490126,-6,10,-1
12:39:09:792,8.235284997324834,4.024676808707355,423.466914770484,-0.12003931284464757,0.24223714896682133,-0.00033737749217876257,423.56610564070644,-7,14,-1
12:39:09:917,7.414367081075877,3.9137664346119654,408.88403430547646,0.25418112073897287,-0.4240982922748619,0.04973050798267514,408.9699792366668,15,-24,0
12:39:10:095,7.51782663655687,4.0869935003043,415.2429414158549,-0.2284901523926037,0.4166216932300348,0.033447141747576736,415.3310987981757,-13,24,-1
12:39:10:254,8.181916082565566,3.91737580643544,424.73812478983587,-0.09393018750236726,0.2403086714284051,0.00844356806929371,424.83498471050757,-5,14,0
12:39:10:373,8.033136626404131,3.9573204896328518,421.20072084050673,-0.11919560041905203,0.20822219993678664,0.0012492411300623041,421.29590421232274,-7,12,-1
12:39:10:491,7.101862576595544,3.9103210253035074,406.9005718158708,-0.27789911542045126,0.488672653203236,0.05081255058364357,406.98132930966307,-17,28,-1
12:39:10:615,7.360100385457018,3.908290510279275,408.18978843486974,0.259610856369777,-0.41411709452664364,0.049369258074983186,408.27484516548463,15,-24,0
12:39:10:736,8.188110755378942,3.937175296610728,422.53940819549064,-0.07484919522186591,0.17189428145756347,0.001458027655334497,422.6370759709257,-4,10,0
12:39:10:905,6.954777225967884,3.763065230117578,404.24202722861077,-0.30055469780344046,0.5481772879581859,0.07280830651863132,404.3193615993252,-18,32,-1
12:39:11:054,7.146680856381207,3.921749551559556,411.2975836695581,-0.28146949241669894,0.5053186370682909,0.06036318385784725,411.37836294489927,-17,29,-1
12:39:11:186,7.767895154015072,4.031208945392691,417.8643545862606,0.18269950802621218,-0.32929027797944993,0.027736121968804473,417.9559901167554,11,-19,0
12:39:11:304,7.582853236714503,3.940077054743999,416.614481185797,-0.20916221912764468,0.4010062263120375,0.03411768127527947,416.7021115906634,-12,23,-1
12:39:11:437,6.861040443067902,3.7533581466656187,403.4897994866416,-0.2815761777261086,0.5504295444103593,0.07658272292815776,403.5655831003293,-17,32,0
12:39:11:557,7.555916095716453,4.048068969639571,413.6859320197724,0.24999234186988195,-0.3620249863987483,0.040456251199002397,413.7747322898007,15,-21,0
12:39:11:680,8.062284435864813,4.0994184956925785,419.0900556369045,-0.10884418772630755,0.2593001448149588,-0.0009800328456637797,419.1876434200695,-6,15,-1
12:39:11:799,8.061329080130262,4.039718014063509,424.5984033476921,-0.09984790151112923,0.17581917779172399,7.38880685078785e-05,424.6941352003589,-6,10,-1
12:39:11:924,7.8021025456967665,4.052806408833093,412.09525759146004,0.1990843884685206,-0.3549006474813886,0.039318370205759,412.18903354321895,11,-20,0
12:39:12:088,8.056176722719542,3.986379210922301,422.9788789850654,-0.059128132096338354,0.21807405174747108,-0.005142109301228153,423.07437321358,-3,12,-1
12:39:12:209,8.114254397448073,4.125937305689838,421.41097180971605,-0.11228190436565728,0.23261543325718018,0.0007773129440164037,421.5092782427052,-7,13,-1
12:39:12:334,8.147408651337143,3.963690242819389,422.0942961357713,-0.15095414079919672,0.1541389620016435,0.0037935129207020326,422.1915275540535,-9,9,0
12:39:12:455,8.159504925495751,3.9835113476787143,419.47818734081625,-0.08689877880476965,0.217003976480521,3.859869865661954e-05,419.5764477875554,-5,12,-1
12:39:12:576,7.598286330636483,3.9234541409117263,415.1924806974402,-0.22743879278593165,0.3937588234864447,0.03068858590898611,415.28053587334483,-13,23,-1
12:39:12:704,8.102350450841179,3.9329938490745824,418.9150787181125,-0.11008758435704309,0.27340588894502854,0.005489897220417459,419.011884915986,-6,16,-1
12:39:12:823,8.208555062314675,4.0696429331637445,423.7478847752257,-0.1156050629480497,0.2043321507194965,0.0027585068999529867,423.84692074060473,-7,12,-1
12:39:12:946,7.065411175271772,3.865231733747423,406.39151872112336,-0.2785585231013472,0.5275827478181326,0.06954479529010192,406.47131084480293,-16,30,0
12:39:13:072,8.393868053191717,4.02824977923813,427.78276194801646,-0.14833368323279209,0.10451441941380889,0.004680062473696252,427.88406751952294,-9,6,0
12:39:13:196,8.252929480222056,3.930325484708309,422.0882093459278,-0.08772115735483539,0.2293371710174124,0.004214136097766712,422.1871797819932,-5,13,0
12:39:13:326,8.26406436634614,4.025904517572725,423.9762601425061,-0.1594209371163876,0.16569017664035604,0.0020419094716456056,424.0759033845966,-9,9,-1
12:39:13:443,8.255653919089745,4.050629098660384,425.2762946573213,-0.07706669515863016,0.11519459201408574,0.003319985889593222,425.3757047777734,-4,7,0
12:39:13:565,8.223302858115757,3.989386937952428,423.97734453474135,-0.11207680175522101,0.14334707368923916,0.00045395138907971595,424.0758500513414,-6,8,0
12:39:13:687,8.244536846983165,3.922791299880305,421.6945404532363,-0.11139482689499748,0.23023533674081872,0.001336502576091758,421.7933689941911,-6,13,-1
12:39:13:807,8.183759331344705,3.971858959390874,426.2642219704367,-0.1255645718998213,0.16680647361890885,0.004904008213869208,426.36127463976885,-7,10,0
12:39:13:933,8.085374629211952,4.014632202250381,423.05658417964503,-0.16582706559037053,0.16572319016143422,0.008286833133016655,423.1528848682981,-10,9,0
12:39:14:052,7.32293683338412,3.9950285588928005,410.7887247242059,-0.24400415736562364,0.4816500932694584,0.04736104086682548,410.87341361737134,-14,28,-1
12:39:14:178,8.191104648026581,4.100858154110659,422.94097613464044,-0.12421741198239666,0.21952959206496006,0.0034520195868662446,423.0401642003718,-7,13,-1
12:39:14:298,8.140690839220081,4.076129837882545,420.7272290224941,-0.11770975159256976,0.2467925468577612,0.001631236487452362,420.82572036740015,-7,14,-1
12:39:14:426,8.19294613747129,4.064979182339913,419.47284626622843,-0.0930600055049411,0.242599007690542,-0.0036241438948125776,419.57254101866016,-5,14,-1
12:39:14:548,8.414376760351189,3.980759306731141,425.16011304262906,0.00018362421359017334,-0.20005748463829895,0.003969885595904248,425.26200148066886,0,-11,0
12:39:14:694,8.122249529162012,4.037826428675871,421.04184538376165,-0.11919333373425905,0.1742409556105742,0.0048986018674720385,421.13953809140924,-7,10,0
12:39:14:849,8.224524223056642,3.9661092794283506,422.2401244905362,-0.1464918886422419,0.20937001540797634,0.006430029633096722,422.33883973806564,-8,12,-1
12:39:14:966,8.109359961467852,3.9066575907169723,420.50221509794,-0.13165513338073503,0.20019840120169544,0.007443539542943864,420.5985456403647,-8,11,0
12:39:15:082,8.184189385072127,3.925308479276109,418.3959683152693,-0.12244162186039166,0.22663771159663232,0.0055606184982360165,418.49441490301876,-7,13,0
12:39:15:231,8.178224389082809,4.00836515573268,421.9852739704189,-0.11235789529495865,0.18835420979488007,0.004351978312646678,422.08354835656576,-6,11,0
12:39:15:367,8.81720606310097,5.489701848227359,391.0987123131782,0.7203442507782265,-0.06065712673193338,0.13739872368376826,391.2366070834473,41,-6,6
12:39:15:540,8.20695158366141,3.9702074696828236,421.96236922303547,-0.08851720095070446,0.21831436762484746,-0.0015543423322374429,422.060845900169,-5,12,-1
12:39:15:673,8.073091516274445,3.988701902810953,420.75728151643017,-0.16516906426310762,0.18357456085090162,0.0005804285788423444,420.8536259777217,-10,10,-1
12:39:15:820,8.172253385538617,4.020041145215843,423.5294100030032,-0.16896130992806063,0.17030572501724067,0.002426554812250366,423.62732158549295,-10,10,-1
12:39:15:947,8.115631822411894,3.9781438974190477,419.26817740249527,-0.10795797488654495,0.22967856958747945,0.003134809460446067,419.36558477199316,-6,13,-1
12:39:16:071,8.191609863642855,3.976727763558312,423.0409174623082,-0.13299641504692106,0.21476527491282363,-0.00022521620819207223,423.1389070780599,-8,12,-1
12:39:16:188,8.343965495791975,4.09542621128358,426.04993430076627,-0.11984280796416227,0.15487291779609272,-0.0013690834699322263,426.1513120873081,-7,9,-1
12:39:16:314,8.21575231010111,4.05054141889045,421.91785087953866,-0.10001403285452808,0.19703796236796786,0.0043031025573370225,422.0172725880017,-6,11,0
12:39:16:427,6.90571197973816,3.850299896629063,401.5174022189356,-0.3032852950226338,0.5482004559366532,0.0699920952641567,401.59524144576665,-18,32,-1
12:39:16:557,8.156161705112206,4.102838158783351,423.2162386492771,-0.13519416694953848,0.19162839948824958,-0.002754054862460373,423.31470670313234,-8,11,-1
12:39:16:676,8.254682404404944,3.923790606362383,421.7967443179267,-0.11125402398604106,0.17823839727333793,-0.0014918841818718442,421.8957565934062,-6,10,-1
12:39:16:828,8.20691060091295,4.122243982183546,425.03109048608866,-0.14635050604647162,0.14712476280958706,0.005372216317356004,425.1303025624658,-8,8,0
12:39:16:965,8.197820403347677,3.9789140149099653,423.2277165918048,-0.13166302292297885,0.22636084928988295,0.0059840544200063525,423.3258037346845,-8,13,-1
12:39:17:086,8.18333383708373,4.120088255599804,420.4798755524027,-0.07526531156267739,0.21306638332492953,0.005434860323132938,420.5796807080522,-4,12,0
12:39:17:209,8.58729866670868,2.0298808838781865,390.60953475155895,-0.8630115861444209,0.006232730329486697,-0.15583911853525745,390.7091894921635,-49,-3,-8
12:39:17:331,8.200945744590308,3.989395202544301,420.8669736179285,-0.17267460940658816,0.1750187918603508,0.0006042962866648857,420.9657708977084,-10,10,-1
12:39:17:455,8.158571435253572,3.9218474861642347,418.6814956154477,-0.198268481508781,0.20785006726552668,0.006401763756045801,418.77934278848693,-11,12,-1
12:39:17:583,8.316598058193675,4.079802769153636,424.87085097719125,-0.13968566984815742,0.19507016030541702,0.0018805326082613823,424.97182330594507,-8,11,-1
12:39:17:700,8.144477743753816,4.152942202780627,423.0717830513992,-0.05929346399226532,0.2455378128093974,0.006935281403559995,423.17054843283734,-3,14,0
12:39:17:823,8.204713302551584,4.036967120869364,424.2881735052155,-0.09796257086847365,0.24730472858406957,-0.003332550361410559,424.38669701146847,-6,14,-1
12:39:17:947,8.300860251373782,3.943592535157152,423.7326291465942,-0.12520210599647888,0.18311269985834747,0.008963763015185294,423.8322748523068,-7,10,0
12:39:18:071,8.142877230039595,4.0003141100615105,421.925616789306,-0.18836753015497165,0.17854971274249956,0.005113364233698332,422.02314517760624,-11,10,-1
12:39:18:236,8.1832948177372,3.9289277127718223,418.6783445803945,-0.12128676198412244,0.2964254829853654,0.013975415179544171,418.7767412448138,-7,17,0
12:39:18:356,8.081428704354515,3.9714540971936794,419.1638834215087,-0.15606505119160932,0.2481285419254146,0.013773375294548128,419.26059092472525,-9,14,0
12:39:18:522,6.976033144580892,3.8906377330281585,405.01829130242305,-0.3077361573619815,0.5265291790182393,0.0799267704276012,405.09704811308904,-18,30,0
12:39:18:650,8.122636754955565,3.8767946322096436,421.3940351487835,-0.1203729579661589,0.21601745871756647,0.007253067476902133,421.49014178678897,-7,12,0
12:39:18:767,7.139515299212374,3.841010673917648,404.38063633181656,-0.25822861995008495,0.5121350074189455,0.062117314492169506,404.46189571062155,-15,29,0
12:39:18:891,8.256638228350718,3.9687066682030117,421.9393800511677,-0.09575063632641596,0.20052162142507185,0.0044332192503503,422.03881710740285,-6,11,0
12:39:19:015,8.113874717891324,3.883036288820855,418.8374388887671,-0.195894625763428,0.22000127564983996,0.0005693798474176244,418.9340200421298,-11,13,-1
12:39:19:177,8.232495938161394,4.128447622490307,424.7832215830126,-0.0770508779498344,0.17642607341365057,0.0031243386434418787,424.8830467406134,-4,10,0
12:39:19:303,8.04964137534911,3.936691857114137,419.25533540168976,-0.10647821312797237,0.15970706239242663,0.006173668751909135,419.351082664434,-6,9,0
12:39:19:425,8.025115629557867,3.9222606487892375,418.2239931106881,-0.12962114174935005,0.17724012880553544,0.00327034991967852,418.3193696482554,-7,10,0
12:39:19:545,7.861064125699985,3.9220100680710184,411.6093043792575,-0.19959062874855935,0.20001574896641372,0.008357496806474084,411.7030458276191,-12,11,-1
12:39:19:671,7.93673959039181,3.833464749800126,413.8978887281098,-0.12548693069219968,0.19849405206000703,0.003135873811549417,413.99172646431043,-7,11,-1
12:39:19:793,8.009068693416657,3.8989946368603565,415.6750545995005,-0.08929876042743283,0.18841122792303755,-0.00017698459765618313,415.77048759719816,-5,11,0
12:39:19:918,7.9206095227898325,4.030803703859315,410.3096679726124,-0.154739775262137,0.15884901876660992,0.007612753973609637,410.40590525174827,-9,9,0
12:39:20:039,7.768271489992819,3.8061747660712943,400.90351189732667,-0.1197058754828615,0.17298134321924163,0.002741473184045906,400.99683148361913,-7,10,0
12:39:20:159,err,err,err,err,err,err,err,err,err,err
12:39:20:283,err,err,err,err,err,err,err,err,err,err
12:39:20:409,err,err,err,err,err,err,err,err,err,err
12:39:20:531,err,err,err,err,err,err,err,err,err,err
12:39:20:654,err,err,err,err,err,err,err,err,err,err
12:39:20:777,err,err,err,err,err,err,err,err,err,err
12:39:20:904,err,err,err,err,err,err,err,err,err,err
12:39:21:025,err,err,err,err,err,err,err,err,err,err
12:39:21:142,err,err,err,err,err,err,err,err,err,err
12:39:21:266,7.698530843108563,3.842825234488781,393.3195990883588,-0.06844667667847969,-0.15084523463537255,0.004253797902853176,393.41370300226254,-4,-9,1
12:39:21:394,8.106319150560205,5.246470922255539,356.1684284913164,0.7148974146146039,-0.06204961123474291,0.1270926953020561,356.2992945843182,41,-6,5
12:39:21:517,err,err,err,err,err,err,err,err,err,err
12:39:21:640,7.436152822249547,3.7523303099848504,376.6213247618289,-0.09284073783825215,-0.1043521975536468,0.0038506554561284945,376.7134170917012,-5,-6,0
12:39:21:760,7.348332608982149,3.608028570089901,375.3801818066949,-0.006466063010820666,-0.13529563751989904,-0.0005517778467659556,375.46943518151,0,-8,0
12:39:21:923,err,err,err,err,err,err,err,err,err,err
12:39:22:048,err,err,err,err,err,err,err,err,err,err
12:39:22:170,7.199002355215755,3.6078486381102155,370.11282663290586,-0.05749762908458282,0.16994829153050706,0.0020457558734439446,370.20041416090464,-3,10,0
12:39:22:296,err,err,err,err,err,err,err,err,err,err
12:39:22:414,7.225372222595901,3.548872841883889,367.18973934508733,-0.006877737277507473,-0.11446117756337407,0.006447250322157226,367.27796718904347,0,-7,0
12:39:22:539,7.114682069199778,3.750489034285909,365.83528365274765,-0.19936371307667355,0.047726236119534,0.004448946741673361,365.92368006761797,-11,3,0
12:39:22:663,err,err,err,err,err,err,err,err,err,err
12:39:22:782,err,err,err,err,err,err,err,err,err,err
12:39:22:913,7.171202205563558,3.624866943071486,366.8565136272977,-0.15110310825136786,0.04134905696616745,0.0035462896411346837,366.94450178767323,-9,2,0
12:39:23:034,err,err,err,err,err,err,err,err,err,err
12:39:23:156,err,err,err,err,err,err,err,err,err,err
12:39:23:301,7.225832788493872,3.7526809744786025,367.02640137484127,-0.05030716993450296,-0.13426052878221276,0.007561919134907879,367.1167043055241,-3,-8,1
12:39:23:441,7.278572904552107,3.782703855756558,368.2940433749305,-0.18457757224193616,0.0031176776573475836,0.0016102180593679878,368.38538089539117,-11,0,0
12:39:23:562,7.244796182947828,3.7031808028899365,366.02419996372544,-0.05612952557275766,-0.1561024711682351,0.0038556684747485647,366.11462082096176,-3,-9,0
12:39:23:689,err,err,err,err,err,err,err,err,err,err
12:39:23:854,7.204551744820158,3.6772947184243843,370.7183830907883,-0.11265283542683448,0.07517667696878429,0.006932635378780179,370.80661755656195,-6,4,0
12:39:23:973,err,err,err,err,err,err,err,err,err,err
12:39:24:142,7.27667543107242,3.7554989225017854,371.44363085786637,-0.1362414792898589,0.12546700761938714,0.0026424185325023223,371.5338809346477,-8,7,0
12:39:24:305,err,err,err,err,err,err,err,err,err,err
12:39:24:424,err,err,err,err,err,err,err,err,err,err
12:39:24:550,err,err,err,err,err,err,err,err,err,err
12:39:24:670,err,err,err,err,err,err,err,err,err,err
12:39:24:797,7.339362848154824,3.6398100660701767,372.96342136109337,-0.06743095058889322,-0.14354726557794115,0.0036918357010710997,373.0533851042052,-4,-8,0
12:39:24:916,7.2424942394428795,3.8482095953232895,371.8631163982895,-0.05223097459920139,0.1394189498373577,0.003516642830575089,371.95354518722587,-3,8,0
12:39:25:040,7.290169087615608,3.6988166670306226,372.8117683907483,-0.13787412954198353,0.03573872714519533,0.004908349048780372,372.90138436414964,-8,2,0
12:39:25:163,err,err,err,err,err,err,err,err,err,err
12:39:25:288,err,err,err,err,err,err,err,err,err,err
12:39:25:413,err,err,err,err,err,err,err,err,err,err
12:39:25:530,err,err,err,err,err,err,err,err,err,err
12:39:25:655,err,err,err,err,err,err,err,err,err,err
12:39:25:779,err,err,err,err,err,err,err,err,err,err
12:39:25:944,err,err,err,err,err,err,err,err,err,err
12:39:26:063,err,err,err,err,err,err,err,err,err,err
12:39:26:190,err,err,err,err,err,err,err,err,err,err
12:39:26:311,err,err,err,err,err,err,err,err,err,err
12:39:26:436,err,err,err,err,err,err,err,err,err,err
12:39:26:556,err,err,err,err,err,err,err,err,err,err
12:39:26:680,err,err,err,err,err,err,err,err,err,err
12:39:26:846,err,err,err,err,err,err,err,err,err,err
12:39:26:969,err,err,err,err,err,err,err,err,err,err
12:39:27:090,7.264314235796217,3.5982909502006724,367.4789589980876,0.03159597569034415,-0.09692475224783577,0.0067970216490753485,367.5683654307003,2,-6,0
12:39:27:214,err,err,err,err,err,err,err,err,err,err
12:39:27:337,7.286154797905323,3.6375586036209584,369.73268283546724,-0.06658360388134481,0.09002485582819655,0.0027691186033183207,369.82235822222276,-4,5,0
12:39:27:460,7.2364044657472695,3.5949007893588787,369.9603159724975,-0.11711467865252419,0.009673758535298144,-0.0007489747804339219,370.0485431071813,-7,1,0
12:39:27:579,err,err,err,err,err,err,err,err,err,err
12:39:27:710,err,err,err,err,err,err,err,err,err,err
12:39:27:829,err,err,err,err,err,err,err,err,err,err
12:39:27:948,err,err,err,err,err,err,err,err,err,err
12:39:28:105,7.227592778984389,3.741799265365421,369.77203020550536,0.059088649426385975,-0.07824878333708853,0.000861037830725619,369.86158692330065,3,-4,0
12:39:28:237,7.33482762597392,3.6050237931265645,370.52181546456023,-0.0972039650866442,-0.031543140158488775,0.0043773809495312455,370.61194210117594,-6,-2,0
12:39:28:359,err,err,err,err,err,err,err,err,err,err
12:39:28:481,err,err,err,err,err,err,err,err,err,err
12:39:28:606,7.213258863377755,3.613990400383639,368.5244230405797,-0.1168703888860902,0.0023002787496396357,0.0032201002873345204,368.6127268657938,-7,0,0
12:39:28:733,7.24598419016507,3.748951396868296,370.60296404112654,-0.10982402072877204,0.040215786843562334,0.0050706226395470485,370.6927513177574,-6,2,0
12:39:28:853,7.268685006481815,3.652572391219326,371.38559012900373,-0.09168809410029559,-0.00672282993835021,-0.0009509825044670575,371.4746715756875,-5,0,0
12:39:28:978,err,err,err,err,err,err,err,err,err,err
12:39:29:100,7.1607380185143,3.58676022611411,367.52490819051724,-0.014717508134773898,-0.12404586556416607,0.004723038503667969,367.61215861059,-1,-7,0
12:39:29:223,err,err,err,err,err,err,err,err,err,err
12:39:29:344,err,err,err,err,err,err,err,err,err,err
12:39:29:511,7.234996103227223,3.684272835440994,368.6375468709767,-0.13999183359210954,-0.07409526622651776,0.0052472908386373175,368.72694503926783,-8,-4,1
12:39:29:631,err,err,err,err,err,err,err,err,err,err
12:39:29:758,err,err,err,err,err,err,err,err,err,err
12:39:29:879,err,err,err,err,err,err,err,err,err,err
12:39:30:006,err,err,err,err,err,err,err,err,err,err
12:39:30:165,err,err,err,err,err,err,err,err,err,err
12:39:30:288,7.275843571340328,3.6813960021276633,368.6116076320523,0.022952068387807695,-0.08715351601053319,-0.002585625167021173,368.70178716312887,1,-5,0
12:39:30:415,7.163677247619543,3.617281117205168,366.59011078876927,-0.1899255201540071,0.04832862457024117,0.002526398260097755,366.67794087251974,-11,3,0
12:39:30:534,7.148980069176792,3.618965395833079,369.2788357702239,-0.14434561096221463,0.04120882286951025,0.0071484734296576626,369.3657582591783,-8,2,0
12:39:30:658,err,err,err,err,err,err,err,err,err,err
12:39:30:779,7.241473048325241,3.6836945519885744,368.93636278210994,0.016936373818335074,-0.0733113465966824,-0.002802076939769988,369.0258098295492,1,-4,0
12:39:30:957,err,err,err,err,err,err,err,err,err,err
12:39:31:070,err,err,err,err,err,err,err,err,err,err
12:39:31:189,err,err,err,err,err,err,err,err,err,err
12:39:31:311,err,err,err,err,err,err,err,err,err,err
12:39:31:434,err,err,err,err,err,err,err,err,err,err
12:39:31:558,7.22521616940844,3.732765807212174,369.139222527471,0.05437805930611265,-0.10011515892805498,0.00504111210505234,369.2287947837383,3,-6,0
12:39:31:684,err,err,err,err,err,err,err,err,err,err
12:39:31:803,err,err,err,err,err,err,err,err,err,err
12:39:31:932,7.1531704034460235,3.6583908713733537,369.4748485167062,-0.13777962294317156,0.03937496902132938,0.007077709811116465,369.562194166329,-8,2,0
12:39:32:050,err,err,err,err,err,err,err,err,err,err
12:39:32:173,err,err,err,err,err,err,err,err,err,err
12:39:32:298,err,err,err,err,err,err,err,err,err,err
12:39:32:420,7.222305573116293,3.6527937883884976,369.17657733506707,-0.15318061121161125,0.028364769385663877,0.00702193896514211,369.26528384494355,-9,2,0
12:39:32:546,err,err,err,err,err,err,err,err,err,err
12:39:32:665,err,err,err,err,err,err,err,err,err,err
12:39:32:788,err,err,err,err,err,err,err,err,err,err
12:39:32:909,err,err,err,err,err,err,err,err,err,err
12:39:33:032,err,err,err,err,err,err,err,err,err,err
12:39:33:193,7.171838117500088,3.607382857353108,368.71064886084895,-0.18473362892409192,0.04016241317320309,0.0037801846664172875,368.7980355919096,-11,2,0
12:39:33:322,err,err,err,err,err,err,err,err,err,err
12:39:33:444,7.228782855817288,3.5938636576064433,366.6840732885493,0.0500477585576488,-0.1542006504439283,0.003724205729884597,366.77292806455637,3,-9,0
12:39:33:571,err,err,err,err,err,err,err,err,err,err
12:39:33:692,7.214257333838986,3.7040034226824097,369.96790924476215,-0.11565948927713654,-0.052908369108387795,-0.00287172835474648,370.0567781046237,-7,-3,0
12:39:33:817,err,err,err,err,err,err,err,err,err,err
12:39:33:936,7.126185218622333,3.6167507506757874,368.7229681728948,-0.11427305299456994,0.08335822215924157,0.0053245517854251445,368.8095587969382,-7,5,0
12:39:34:061,err,err,err,err,err,err,err,err,err,err
12:39:34:182,err,err,err,err,err,err,err,err,err,err
12:39:34:348,err,err,err,err,err,err,err,err,err,err
12:39:34:472,err,err,err,err,err,err,err,err,err,err
12:39:34:594,err,err,err,err,err,err,err,err,err,err
12:39:34:718,7.164848050930833,3.643421719983416,368.05149758467223,-0.12505857979385676,0.16121082667754819,0.0028037760529978856,368.1392595795001,-7,9,0
12:39:34:843,7.204368187959572,3.6557045509622195,366.77034719933596,-0.18649370941560936,0.0430686679895571,0.002624602811248831,366.8593118369398,-11,2,0
12:39:34:963,err,err,err,err,err,err,err,err,err,err
12:39:35:084,err,err,err,err,err,err,err,err,err,err
12:39:35:214,err,err,err,err,err,err,err,err,err,err
12:39:35:334,7.174620576291786,3.7226611672603878,367.83834646696414,0.07309678608253782,-0.11843127338688599,0.010421606784547262,367.92714294834286,4,-7,0
12:39:35:456,err,err,err,err,err,err,err,err,err,err
12:39:35:592,err,err,err,err,err,err,err,err,err,err
12:39:35:723,err,err,err,err,err,err,err,err,err,err
12:39:35:822,err,err,err,err,err,err,err,err,err,err
12:39:35:951,7.332433559170361,3.680299815898252,368.42549180894304,-0.15004907119855226,-0.03864642596881301,0.007785569947958766,368.5168275714097,-9,-2,1
12:39:36:070,err,err,err,err,err,err,err,err,err,err
12:39:36:190,err,err,err,err,err,err,err,err,err,err
12:39:36:315,err,err,err,err,err,err,err,err,err,err
