timestamp,tx,ty,tz,rx,ry,rz,Distance,Angle X,Angle Y,Angle Z
14:49:56:433,err,err,err,err,err,err,err,err,err,err
14:49:56:635,7.279602858311998,3.776460758087466,368.5303832510551,0.10250287263765599,-0.07923360035069468,0.0029744383640198753,368.62161853695136,6,-5,0
14:49:56:796,7.322501520746541,3.6421140418202897,371.15486951924515,-0.14032466924597856,0.07191881486513499,0.0057736883252549765,371.24496116588955,-8,4,0
14:49:56:954,7.2091219423382045,3.6941190072697117,369.722276178684,-0.1667918941830768,0.10231727232712565,-0.002021689509770602,369.8110050514539,-10,6,-1
14:49:57:095,7.332042454960311,3.815586885230817,370.8813980571058,0.134199459562939,-0.08983477988967563,0.005028287306602159,370.97348823687315,8,-5,0
14:49:57:218,err,err,err,err,err,err,err,err,err,err
14:49:57:337,7.23533374066426,3.743189557401278,369.68885216931034,0.06715300649240676,-0.1013519155233553,0.0031004877594798135,369.77859448684103,4,-6,0
14:49:57:463,7.2122094666390435,3.7278164892483514,368.1321710378252,0.07902873540194598,-0.12454250585241794,0.0018411807235528897,368.22168313964175,5,-7,0
14:49:57:589,7.303721712219672,3.707492678955034,368.272703081218,0.1229207969641065,-0.152705009215181,0.008326589879335525,368.363779011402,7,-9,0
14:49:57:705,err,err,err,err,err,err,err,err,err,err
14:49:57:832,7.728416024088096,5.136909808565094,339.5106441221916,0.7461332252435844,-0.05118872587306328,0.1278726708898135,339.6374445329727,43,-5,6
14:49:57:955,7.306550301000876,3.7232349779559604,369.6026603844846,0.12169402803771011,-0.09793705510492616,0.0016580255436968064,369.69362277335915,7,-6,0
14:49:58:083,7.337031831607981,3.7849273344837955,371.0081064657053,0.030059562229179604,-0.1102272533715779,0.00650156388461569,371.0999498440999,2,-6,0
14:49:58:203,7.250737745646631,3.714262621643699,368.27780113558873,0.14175592939195297,-0.10917584416977028,0.0036596361836705297,368.367897290118,8,-6,0
14:49:58:321,err,err,err,err,err,err,err,err,err,err
14:49:58:450,err,err,err,err,err,err,err,err,err,err
14:49:58:571,7.187689431139907,3.7249344830696196,371.1558200162763,-0.07995545359741621,0.13840159734289462,-0.004043202447632342,371.24409860389187,-5,8,-1
14:49:58:694,7.227191110908999,3.6899614714401086,369.0454914205454,0.035527267020657734,-0.12911053863490835,-4.647281137313082e-05,369.1346947183997,2,-7,0
14:49:58:814,err,err,err,err,err,err,err,err,err,err
14:49:58:937,7.261368237266684,3.7219488657833772,371.40647721690175,0.04920424347035916,-0.11145890009651138,-0.009236667285357299,371.4960991594739,3,-6,-1
14:49:59:076,err,err,err,err,err,err,err,err,err,err
14:49:59:182,err,err,err,err,err,err,err,err,err,err
14:49:59:314,7.301043892978618,3.852225747013703,370.6354924885403,0.1432451634392431,-0.02351899302147545,-3.7640357901907315e-05,370.7274108794169,8,-1,0
14:49:59:429,err,err,err,err,err,err,err,err,err,err
14:49:59:552,7.247731577578531,3.7731238633020516,367.49526369047226,0.12977415995581496,-0.03722772053158241,0.0051628394665136825,367.5860918365087,7,-2,0
14:49:59:717,err,err,err,err,err,err,err,err,err,err
14:49:59:837,7.294412371099886,3.7298839176911716,371.206903738098,0.0827988694266187,-0.08651166500740962,-0.0004895887765670628,371.29730118693925,5,-5,0
14:49:59:961,7.272637391132808,3.7220773030432115,369.15214592567463,0.13460458795593996,-0.12322856171891397,0.004321823574974232,369.2425381177029,8,-7,0
14:50:00:086,7.7601861895518125,5.192456959416545,341.025918714369,0.74129456669838,-0.03867095975240333,0.13386580145616664,341.1537180421039,42,-5,6
14:50:00:208,err,err,err,err,err,err,err,err,err,err
14:50:00:330,err,err,err,err,err,err,err,err,err,err
14:50:00:453,7.761640591568618,5.1366295952140915,339.4912225272943,0.7461348830745785,-0.05176276216107334,0.12799587562566556,339.6187836403458,43,-5,6
14:50:00:577,7.246141536422964,3.7292622153723762,369.65629373779166,0.020089256789906244,-0.1489212765449567,0.0030210328868948916,369.74611487316184,1,-9,0
14:50:00:700,7.728416024088096,5.136909808565094,339.5106441221916,0.7461332252435844,-0.05118872587306328,0.1278726708898135,339.6374445329727,43,-5,6
14:50:00:822,7.21487252505049,3.7672682646050077,366.5189904614962,0.1485169358410415,-0.11702887889996932,-0.002681247481302842,366.60935212381656,9,-7,-1
14:50:00:947,7.279602858311998,3.776460758087466,368.5303832510551,0.10250287263765599,-0.07923360035069468,0.0029744383640198753,368.62161853695136,6,-5,0
14:50:01:075,7.140374490265788,3.7081900511299395,370.3154731082105,-0.1173732849745806,0.1302137079756908,-0.0015744561223127692,370.4028688396923,-7,7,-1
14:50:01:193,7.226063654398194,3.6933365572925547,368.4495008225458,0.07235224966591226,-0.1501184843327435,0.0020852937408673304,368.53886007753107,4,-9,0
14:50:01:357,7.321327402878969,3.7134040347381094,371.8732364051263,0.12014122480599546,-0.10959176600836977,0.005674291122996923,371.963835821291,7,-6,0
14:50:01:482,7.728739057652818,5.166915353521479,339.54781691223576,0.7387052406378566,-0.0485192260161651,0.1289537177714376,339.67506589615454,42,-5,6
14:50:01:600,err,err,err,err,err,err,err,err,err,err
14:50:01:725,7.193083806095785,3.7438958776369473,369.23545669423163,0.08758265729404605,-0.10607370568155558,0.003406320167618387,369.32449105249157,5,-6,0
14:50:01:849,7.241104231127316,3.657609936610851,369.63271349539417,-0.16043331904129135,0.1130166117829461,-0.0019175016513421166,369.72172587894073,-9,6,-1
14:50:01:973,7.22989590731819,3.7470810261956875,369.7860744813931,0.1821206307660311,-0.059352222965947256,0.006011724584341175,369.87572628033587,10,-3,0
14:50:02:094,7.284595782439233,3.687484228467594,371.97356032464114,-0.14649578923150802,-0.01875690417436978,0.002421901611386321,372.06315654232435,-8,-1,0
14:50:02:259,7.77841489866377,5.110908629378693,340.5451144973856,0.728871125563529,-0.03376058033880961,0.13072473436592905,340.6722767314521,42,-4,6
14:50:02:383,7.236844979382461,3.6122087012501614,371.4759395816917,-0.1230884841980647,0.14110944825046456,0.002849620871188542,371.563983272138,-7,8,0
14:50:02:509,7.259681422525988,3.7299738393477977,370.6748310055925,0.10363151284310586,-0.11436450317403948,0.002130191017052392,370.76467741712315,6,-7,0
14:50:02:635,7.672726252875727,5.153755818645184,338.8525581061856,0.735051043650455,-0.03256230113159213,0.13003509046025252,338.9785952863332,42,-4,6
14:50:02:753,7.236497223033123,3.7149227640711735,367.59515524534686,0.16675204777433283,-0.10801349551655458,0.0010642932310919555,367.68514479518024,10,-6,0
14:50:02:871,err,err,err,err,err,err,err,err,err,err
14:50:02:999,err,err,err,err,err,err,err,err,err,err
14:50:03:124,7.204397312771684,3.6645367577173724,370.14832922661975,-0.15252946354173122,0.012596802332648479,0.001383220067848182,370.2365700461625,-9,1,0
14:50:03:244,err,err,err,err,err,err,err,err,err,err
14:50:03:366,7.2490049376730115,3.734315230708692,369.9532854598432,-0.15778138582996676,0.1227905650495432,0.002965320332141837,370.0431415461729,-9,7,0
14:50:03:489,7.246220945833596,3.6876173125727285,367.89681572734503,0.07472992823548445,-0.13289996462933198,0.0020609755519096717,367.98664821126306,4,-8,0
14:50:03:612,7.186108602838929,3.8188871610599855,368.9065547850164,0.10749761600584573,0.005690497816436354,0.0025179261500261883,368.99630109169254,6,0,0
14:50:03:791,7.239722762212238,3.697198741455321,372.54818823640824,0.04148150793487586,-0.072980730740995,-0.0027606775246020645,372.6368680397013,2,-4,0
14:50:03:900,err,err,err,err,err,err,err,err,err,err
14:50:04:024,7.207552358817954,3.750306222022346,367.82867208021395,0.1572240966617324,-0.11104981354782532,0.003971612398595393,367.91839531621355,9,-6,0
14:50:04:143,7.235576412559664,3.7319399704814504,372.53342371197795,-0.1381312147006592,0.07888928637711916,0.0018297686596965123,372.62237281802254,-8,5,0
14:50:04:269,7.7089423298230475,5.190700479010118,338.874698179165,0.7417226937041502,-0.042429491304825775,0.12637537742825805,339.00211242605485,42,-5,6
14:50:04:392,7.807756780712076,5.090850766046505,338.84432584239175,0.7423753635401468,-0.04207251612765844,0.12627636533575698,338.9724988595002,42,-5,6
14:50:04:513,7.247319779900532,3.8662154140859557,369.07855520050805,0.13445064746851676,-0.05367739720083862,0.0038012308898955913,369.16994890499245,8,-3,0
14:50:04:639,7.1931632038692,3.678259086966562,369.49745783536866,0.09890987881909567,-0.0895590219063581,0.0031469777599836884,369.5857715518664,6,-5,0
14:50:04:764,err,err,err,err,err,err,err,err,err,err
14:50:04:882,7.208186317446704,3.627264152376202,370.98788357115876,-0.01628415507402298,-0.07186915854402112,-0.0009975181852234663,371.07563211807076,-1,-4,0
14:50:05:004,err,err,err,err,err,err,err,err,err,err
14:50:05:132,7.224000116794605,3.7418952988432417,370.44543165567586,-0.1449843582042488,0.11259561418327522,0.0026321349572308184,370.534756524506,-8,6,0
14:50:05:253,7.236989592440496,3.7559095117080554,368.97197281844234,-0.17788843560695128,0.09327680498791012,0.003193060645064829,369.06205115150294,-10,5,0
14:50:05:375,7.253459907456274,3.6863425447289533,370.17871407534835,0.09868241637117495,-0.11415549947516918,0.007123271806291899,370.26812198252316,6,-7,0
14:50:05:500,7.165113576564994,3.722443322422284,370.27205830217775,-0.039143277127085006,0.1540005686211965,-0.0032895681922839566,370.3600850472214,-2,9,0
14:50:05:622,7.225798483247012,3.784871009054097,370.0032844700964,0.07240306123977229,-0.05729846952314196,0.0005694612892275751,370.09318817148574,4,-3,0
14:50:05:744,err,err,err,err,err,err,err,err,err,err
14:50:05:866,7.178748427681925,3.7758916869085275,369.5400041311866,0.06148524672071925,-0.048319064424974516,0.002341261439787543,369.62901190287624,4,-3,0
14:50:06:031,7.21290760487525,3.6699837139446094,368.71866238920427,0.10211037157944024,-0.09709759986569891,-0.0020427592712793283,368.80746577402834,6,-6,0
14:50:06:155,7.285248500458328,3.8163245924155573,372.7812333474513,-0.08620809233612775,0.0464845288968596,0.0028571317162448436,372.871944660838,-5,3,0
14:50:06:274,7.197249904397811,3.6600533036215412,366.5819857404875,0.14844454469125232,-0.15055217274085908,0.005096845311551754,366.6708996713683,9,-9,0
14:50:06:401,7.244355605519188,3.8208788201750865,370.4024007955726,0.05508045926509493,-0.0809296373100191,0.005867307166500273,370.4929396334317,3,-5,0
14:50:06:522,err,err,err,err,err,err,err,err,err,err
14:50:06:644,7.260964242687547,3.724876951488296,372.1248000778013,-0.15441029190144528,0.08447594471804833,-0.0007593814093186013,372.2142704719701,-9,5,0
14:50:06:766,err,err,err,err,err,err,err,err,err,err
14:50:06:891,7.28155475704433,3.6382021755593232,369.70601221974846,0.07832148718655842,-0.029068561597625626,-0.002005268669909008,369.7956097984113,4,-2,0
14:50:07:014,7.264572416480613,3.7492597120819324,367.7345264918917,0.15633939819374418,-0.06816543973389878,0.006040355838403921,367.82538375566025,9,-4,0
14:50:07:137,7.151422939585829,3.6371096383659856,372.8502810713091,-0.07284411801196802,0.13376560531346302,-0.00039412894410718934,372.9365944923299,-4,8,0
14:50:07:261,7.779658937353715,5.144206508900008,340.52857692982906,0.7295715132458115,-0.04043821069350285,0.12809103202079428,340.65627494535056,42,-5,6
14:50:07:382,7.781966252059965,5.1604888889089136,341.6727691637957,0.7249126870091116,-0.05352820515658362,0.13358908935610858,341.80033767153765,41,-5,6
14:50:07:505,7.0377458553344105,3.745531195836025,368.0538502189581,0.0193336191818701,0.1933246445787529,-0.00042499688720186923,368.1401846194768,1,11,0
14:50:07:634,7.281555905218035,3.748785910821546,372.3431742626457,0.0993512096635856,-0.0801825660757122,0.0032273358836899706,372.43323411342993,6,-5,0
14:50:07:750,7.235007481735737,3.7690038919592515,371.6433844241568,-0.07046310017733848,0.14648845843441918,0.0008787127359584267,371.732909371554,-4,8,0
14:50:07:876,7.22619019206023,3.7461264472091123,369.14174215839694,0.09827937246552759,-0.10144179670451396,0.002958994246656732,369.2314681765176,6,-6,0
14:50:07:998,7.1082856616995675,3.732122664230266,368.43410916526244,0.08188530160608604,-0.13121854109442405,-0.002987196627369266,368.52157231433506,5,-8,0
14:50:08:160,err,err,err,err,err,err,err,err,err,err
14:50:08:285,7.773332826295334,5.120385722667265,338.35158005146263,0.7493771430670084,-0.057250214184835745,0.13015165074618137,338.4795928508816,43,-6,6
14:50:08:408,err,err,err,err,err,err,err,err,err,err
14:50:08:530,7.304811248249616,3.7362307875274965,372.60688453593644,0.047328490851527925,-0.03051751038859371,0.002078347067243129,372.69720966415474,3,-2,0
14:50:08:653,7.159074708749809,3.7165504884414062,370.81055163136074,-0.10228252602169248,0.08490218639346696,-0.0037371064179552525,370.89827486707543,-6,5,0
14:50:08:776,err,err,err,err,err,err,err,err,err,err
14:50:08:901,7.704597994628556,5.097574456641585,337.2588211806641,0.7400209394651914,-0.03890192532850089,0.1270791188247589,337.3853265329881,42,-5,6
14:50:09:023,7.691553657209507,5.0979429266283285,339.34692536286633,0.7403622264162627,-0.0494375637720853,0.1293550910352419,339.47236231094814,42,-5,6
14:50:09:146,7.830814196928235,5.128516639106196,341.49586132507596,0.7346269276268645,-0.03694962559183245,0.12455737745645906,341.6241306407671,42,-4,6
14:50:09:269,7.16188000933959,3.7031398162646134,370.58854723912833,-0.1796092566991314,0.06995903730231606,-0.0007698536727103999,370.6762429864836,-10,4,0
14:50:09:391,7.16188000933959,3.7031398162646134,370.58854723912833,-0.1796092566991314,0.06995903730231606,-0.0007698536727103999,370.6762429864836,-10,4,0
14:50:09:516,7.219755260000689,3.730504825198644,370.6892780426581,0.10406944686762148,-0.09168400660357039,0.00669131048614053,370.7783467087206,6,-5,0
14:50:09:638,7.348776952049817,3.7207317994954603,369.3308513214491,0.1241509684676529,-0.1259664089944789,0.0041928662584508405,369.4226930030708,7,-7,0
14:50:09:759,7.261801204732974,3.75699651987823,372.79354337079155,0.10780045262062013,0.005309909783521074,0.0025565613724934364,372.88319184234854,6,0,0
14:50:09:883,7.1690166206692485,3.6873123668481473,368.88252557549816,-0.13801540176221594,0.05926713880070856,0.0018073319002317536,368.9706068872644,-8,3,0
14:50:10:013,7.144505725169027,3.7706381997552403,371.56649200773387,-0.056896127044107216,0.06199241510518056,-0.0014589412284713621,371.654301276635,-3,4,0
14:50:10:128,err,err,err,err,err,err,err,err,err,err
14:50:10:252,7.277463671855404,3.824243586297012,372.12389696371724,0.11527893260825801,-0.0788323054011142,0.00312833480472105,372.21469746366245,7,-5,0
14:50:10:438,7.187788072478684,3.6875060970298144,367.17881989538677,0.10145707141965796,-0.10306457852017745,0.0015060382018610764,367.26767864645996,6,-6,0
14:50:10:583,7.142091791295669,3.627894600429689,369.72147916438126,-0.11975977544229767,0.07019599533354841,-0.0034817503316947863,369.8082520035013,-7,4,0
14:50:10:709,7.27872909405292,3.693931583037888,372.76177523215364,-0.17282960242549011,0.06837765081515972,0.0009312707817505656,372.85113128699425,-10,4,0
14:50:10:830,err,err,err,err,err,err,err,err,err,err
14:50:10:950,7.171748417606881,3.733711870678419,368.68396221237373,0.07623710825379817,-0.0827874701212183,-0.00029335969798356985,368.7726109302502,4,-5,0
14:50:11:075,7.727766032156361,5.1297990418056,339.5232624622364,0.7322348740457547,-0.04605034134882841,0.1301379583534527,339.6499359032145,42,-5,6
14:50:11:197,7.209501319191439,3.703069413940119,368.0570152197401,0.11660131072171857,-0.10604160580803752,0.005452514072128761,368.1462427960115,7,-6,0
14:50:11:318,7.200712834357132,3.7335244341425358,366.8837170620567,0.1424108913025596,-0.14444148463808568,0.00502577222691832,366.9733659481223,8,-8,0
14:50:11:442,7.287180383360282,3.724799772726444,369.5661655326786,0.12875219011272448,-0.14960860651055027,0.0017638763621849868,369.6567703124261,7,-9,0
14:50:11:566,7.295591183133768,3.678005021418778,370.59335328565703,0.056136546282579115,-0.13526973889056063,-0.0013729271841704024,370.68340517368296,3,-8,0
14:50:11:691,7.289237821103225,3.786000412481657,368.44496847282477,0.1343882411849635,-0.10714066795156896,0.00378511923335781,368.5365132250491,8,-6,0
14:50:11:813,7.675308552390415,5.120877311858009,338.89365361562466,0.7348900063310045,-0.039362354112241434,0.12742531452873287,339.0192357474196,42,-5,6
14:50:11:936,7.743264782688793,5.254969088763839,340.48287383317773,0.750184619256402,-0.034547968413832314,0.12988743866596797,340.6114505170346,43,-4,6
14:50:12:058,err,err,err,err,err,err,err,err,err,err
14:50:12:179,7.672726252875727,5.153755818645184,338.8525581061856,0.735051043650455,-0.03256230113159213,0.13003509046025252,338.9785952863332,42,-4,6
14:50:12:303,7.232041982309845,3.7145798866367463,371.02551562496245,-0.13184416293234047,0.10144032961062109,-0.004529482506817178,371.1145830868646,-8,6,-1
14:50:12:426,7.247456581791726,3.7410845514324533,369.0750925543796,0.18869753433441727,-0.05658387930055842,0.0006079014002524055,369.1652005329725,11,-3,0
14:50:12:548,err,err,err,err,err,err,err,err,err,err
14:50:12:716,7.16188000933959,3.7031398162646134,370.58854723912833,-0.1796092566991314,0.06995903730231606,-0.0007698536727103999,370.6762429864836,-10,4,0
14:50:12:838,7.227266379851367,3.695543231435453,368.5508384948955,0.07548882387891365,-0.14582128753613838,0.002513974368528239,368.6402188779614,4,-8,0
14:50:13:000,err,err,err,err,err,err,err,err,err,err
14:50:13:132,err,err,err,err,err,err,err,err,err,err
14:50:13:247,7.204735293068932,3.739739676176124,368.3832718443898,0.10628876587132886,-0.08033321408980142,0.002690956321405715,368.4726975479545,6,-5,0
14:50:13:375,7.205816588289385,3.6749917033028843,370.08605325589417,0.06614423885975367,-0.11088905991882073,-0.0018984198674274586,370.1744401917128,4,-6,0
14:50:13:499,7.2947045611328845,3.833178495059665,369.27950775261877,0.1363915139444997,-0.06818090995064562,0.0066066405397395,369.37144017645113,8,-4,0
14:50:13:615,7.229053720989957,3.7360898262943776,367.523404894946,0.12673430124588272,-0.09836669393650835,4.304850622905484e-05,367.61348007175354,7,-6,0
14:50:13:743,7.318450755833279,3.6882276407090337,367.420656851848,0.09516193086518421,-0.15262679691096978,0.0045278959274597025,367.51204310340455,5,-9,0
14:50:13:862,7.211326408859614,3.7858311200731496,369.6685248452089,0.08833280150160036,-0.01326384852424303,0.00832265175427778,369.758237240332,5,-1,0
14:50:14:028,7.333611541310046,3.799242613953455,371.37670481838796,0.06469216871384711,-0.08793529965568116,-0.0007339872904494106,371.46853565873187,4,-5,0
14:50:14:156,7.192644782946746,3.72402875249597,370.0178545746245,0.10886554362700858,-0.06627525343962803,-0.0011031985688403573,370.1064917468093,6,-4,0
14:50:14:278,err,err,err,err,err,err,err,err,err,err
14:50:14:399,7.177017730550575,3.6739556726920672,368.93990609333,0.10609878683894615,-0.08380650937912233,-0.0018811705544019392,369.0279960137777,6,-5,0
14:50:14:520,err,err,err,err,err,err,err,err,err,err
14:50:14:641,7.230035594714552,3.6108380355634333,370.95236825728216,-0.09344658721178435,0.1174595840959967,0.0013178027298082395,371.0403900948065,-5,7,0
14:50:14:768,7.190456510650825,3.753994149531223,368.4071182633029,0.14699366781148443,-0.0421625706467919,-0.0015054044063578865,368.49640422123184,8,-2,0
14:50:14:886,err,err,err,err,err,err,err,err,err,err
14:50:15:136,err,err,err,err,err,err,err,err,err,err
14:50:15:257,err,err,err,err,err,err,err,err,err,err
14:50:15:379,7.67638896212222,5.157973272294722,338.92198077599437,0.7413074553112824,-0.04188303018095914,0.12623826191634782,339.04813919102844,42,-5,6
14:50:15:502,7.288196640402079,3.670456467266285,368.36021913201085,0.11676918234377147,-0.11931031231306831,0.00046211181252840434,368.4505951955164,7,-7,0
14:50:15:628,7.301502995745431,3.7529846604728903,372.20677820086564,0.11707264124579854,-0.043033031273722225,0.00027563112002902944,372.29730401726925,7,-2,0
14:50:15:747,7.208622195867994,3.733861013442811,367.12073696727,0.1336354808625351,-0.055359046639986996,0.0023512897657455905,367.2104865923928,8,-3,0
14:50:15:875,7.188313394744178,3.642001267082271,369.65437364692986,-0.04114761384979734,-0.09207756005899037,0.0006908907490985568,369.7421966438163,-2,-5,0
14:50:15:993,err,err,err,err,err,err,err,err,err,err
14:50:16:114,7.156294032684485,3.7510757544753837,366.83784644495665,0.19147258201722767,-0.11545396826439251,0.0048650286147663875,366.926816542443,11,-7,0
14:50:16:239,7.656161849582892,5.165257396284567,339.41808244711876,0.7387423695306576,-0.035278945226022415,0.13437716828159266,339.5437105739348,42,-5,6
14:50:16:367,7.2608102475110075,3.705027256766249,366.6063460239028,0.1717128612713455,-0.1182674850046061,0.006312711088709397,366.6969587239868,10,-7,0
14:50:16:490,7.369900539047743,3.799770174317606,370.1492960211084,0.11335715613941057,-0.04530930112381531,-0.001224370089821959,370.2421572866267,7,-3,0
14:50:16:610,7.25791103680995,3.7369779004740367,370.12142334381804,-0.15197665033261318,0.09031431624602863,0.0008417836494725437,370.2114399832893,-9,5,0
14:50:16:730,7.317874554094801,3.7060171945995672,370.653082249172,0.14047364826586245,-0.06726554683298265,0.0021558383093451096,370.74383775357285,8,-4,0
14:50:16:855,7.2070145952633275,3.7001333321084324,367.52962076177187,-0.19760670815279768,0.11143504795466537,0.005531633449258518,367.6188980225902,-11,6,0
14:50:16:975,7.159162132869126,3.7410076065687594,370.42806136611676,-0.14920122806373518,0.07036921549333348,0.00033308435640736807,370.51612297957655,-9,4,0
14:50:17:105,7.777248333657931,5.117714249925681,340.4530399405262,0.7445898648839915,-0.03890378274539789,0.12844936619115058,340.5803121079268,42,-5,6
14:50:17:226,7.242110610950543,3.7690646795746976,366.8397238240961,0.1413044085954743,-0.0629311956167132,0.0025455717513933533,366.93056153719215,8,-4,0
14:50:17:349,7.211816047417301,3.7229730911761814,369.3088795619654,0.13059682229699107,-0.043604745266406224,0.0035467979788352676,369.398049998445,7,-3,0
14:50:17:470,err,err,err,err,err,err,err,err,err,err
14:50:17:597,7.355574127866319,3.7709038095882046,369.8448597653462,0.1466503170777827,-0.11606918491981133,0.0025503258373934436,369.9372169451734,8,-7,0
14:50:17:715,err,err,err,err,err,err,err,err,err,err
14:50:17:836,err,err,err,err,err,err,err,err,err,err
14:50:17:963,7.709602289380313,5.157719821708125,338.90435334804886,0.7413068207194238,-0.04246503166097628,0.12636175492090668,339.0312681147254,42,-5,6
14:50:18:083,7.75689153806301,5.106444093232776,337.88436018595786,0.7373992150345801,-0.045513309632151035,0.12978252401213783,338.01196132072704,42,-5,6
14:50:18:208,7.064367142097355,3.710070684895999,370.29118808149656,-0.10361013669561393,0.1400510958602165,-0.0015704766906467014,370.37715085897446,-6,8,-1
14:50:18:424,7.283169663326281,3.7860650906064364,370.93943602249175,-0.13145159695954456,0.059224019059013026,0.0034988628709342533,371.03024680731806,-8,3,0
14:50:18:555,err,err,err,err,err,err,err,err,err,err
14:50:18:679,7.192155907078668,3.7681584421999297,370.77258602691,0.10476660364266359,-0.015839887495300978,0.001221969049095429,370.8614790912095,6,-1,0
14:50:18:810,7.253839233800465,3.6622612126918748,369.67407950767335,0.15156860190982932,-0.035554237701244634,0.004908206066834622,369.76337758175214,9,-2,0
14:50:18:970,7.186984284020462,3.6761339416047916,371.35007756198456,0.01663661803386645,-0.10257255723473459,-0.003986445041695651,371.43781015016134,1,-6,0
14:50:19:109,7.6747029222655,5.098539071199661,338.8773292891262,0.7556611317263858,-0.04043584757094097,0.12658085766985402,339.0025670577384,43,-5,6
14:50:19:239,7.2637435755201185,3.838937839360974,370.5444965828351,0.10750497788668936,-0.025839220172537012,0.0011086019414292669,370.6355667799464,6,-1,0
14:50:19:354,7.1987461882662815,3.7419036998256856,370.50111175618196,-0.14920226846362414,0.06283702012898078,0.00047996689632178016,370.58993186883623,-9,4,0
14:50:19:481,7.1934142354255926,3.6806717457564972,370.3200362874184,0.07653623657573051,0.17372313777016427,-0.0004467654619781641,370.40818272383956,4,10,0
14:50:19:601,7.709386171152211,5.127819129640453,338.8710331009536,0.7486818774516235,-0.045174791198563914,0.12527866911684526,338.9975018183317,43,-5,6
14:50:19:723,7.159074708749809,3.7165504884414062,370.81055163136074,-0.10228252602169248,0.08490218639346696,-0.0037371064179552525,370.89827486707543,-6,5,0
14:50:19:849,7.242126719920442,3.7616308547901434,368.4220978926929,0.16812562759663535,-0.08141134119947856,-0.00034101578907748365,368.5124699135269,10,-5,0
14:50:19:970,7.1987461882662815,3.7419036998256856,370.50111175618196,-0.14920226846362414,0.06283702012898078,0.00047996689632178016,370.58993186883623,-9,4,0
14:50:20:134,err,err,err,err,err,err,err,err,err,err
14:50:20:261,7.281978608302369,3.7126060173372903,371.70287171743377,0.12313622752132194,-0.02051382254567775,-0.0025766781018522907,371.7927319070113,7,-1,0
14:50:20:381,7.795683611869635,5.151232675986714,341.01646801979393,0.7277419311328683,-0.04726723466854532,0.1307222418972958,341.14445524110994,41,-5,6
14:50:20:543,7.728739057652818,5.166915353521479,339.54781691223576,0.7387052406378566,-0.0485192260161651,0.1289537177714376,339.67506589615454,42,-5,6
14:50:20:714,7.692466398911439,5.134978456469648,339.3695693838289,0.7467801221489225,-0.05186843742250045,0.12816718070855368,339.49557680007,43,-5,6
14:50:20:831,7.287105116352444,3.704622352447711,370.85166595020917,0.12950656749045322,-0.07246361821305496,0.0026333646902952936,370.94175319825695,7,-4,0
14:50:20:953,7.212697153049419,3.7612964056326033,368.22156723358546,0.17428473250149426,-0.10502615849587434,0.0023686674122173814,368.3114075437123,10,-6,0
14:50:21:078,err,err,err,err,err,err,err,err,err,err
14:50:21:202,7.222147692770455,3.6814395878099377,368.8229086855065,0.1322583312947794,-0.09476880419665207,0.006740036595427567,368.91198189537346,8,-5,0
14:50:21:325,7.706806198318552,5.0612448185280305,338.8307339008367,0.7493395978544157,-0.038486724611932636,0.12789351396173582,338.9561583695908,43,-5,6
14:50:21:447,7.253562550355769,3.6757128286925616,371.2736264614976,-0.17448392367847118,0.06240987592640938,0.004406222446781447,371.3626674025576,-10,4,0
14:50:21:568,7.178625019447753,3.669330483197359,368.22884590405414,0.1182957607811205,-0.1229415004775588,0.0005846366908168556,368.31709110384276,7,-7,0
14:50:21:697,7.227592778984389,3.741799265365421,369.77203020550536,0.059088649426385975,-0.07824878333708853,0.000861037830725619,369.86158692330065,3,-4,0
14:50:21:815,7.188313394744178,3.642001267082271,369.65437364692986,-0.04114761384979734,-0.09207756005899037,0.0006908907490985568,369.7421966438163,-2,-5,0
14:50:21:940,err,err,err,err,err,err,err,err,err,err
14:50:22:061,7.260964242687547,3.724876951488296,372.1248000778013,-0.15441029190144528,0.08447594471804833,-0.0007593814093186013,372.2142704719701,-9,5,0
14:50:22:183,7.148218254618258,3.7457841619879644,368.8533329556694,0.10808122603848414,-0.10582050130423967,0.00027794676745380965,368.94160670180554,6,-6,0
14:50:22:309,7.232601740508863,3.741138819111211,368.81362534071684,0.0950993915290793,-0.1348032292489546,0.005891074463485146,368.90350619716713,5,-8,0
14:50:22:432,7.239385366823492,3.652249452999087,369.3922258819344,0.13369065406318614,-0.11883504906347508,0.004117786551929666,369.4812094932114,8,-7,0
14:50:22:553,7.200758160459213,3.725012946720606,369.83468050212906,-0.005215371012473314,0.1283685415167594,-0.0006059979865259534,369.92352931606086,0,7,0
14:50:22:678,7.200727781807917,3.6313188718334346,369.9923328594659,-0.12060936988355697,0.1648121436307498,0.0013084957166268779,370.0802120245372,-7,9,0
14:50:22:801,7.171801226777233,3.707500820245434,370.7168510176871,0.14265534703568786,-0.06072799038822632,0.002476188677878417,370.80475175439506,8,-3,0
14:50:22:924,7.706860696343683,5.091046808062803,338.8580586631971,0.7419902696097751,-0.035716664544046914,0.12897011137717915,338.9839205336817,42,-4,6
14:50:23:048,7.16188000933959,3.7031398162646134,370.58854723912833,-0.1796092566991314,0.06995903730231606,-0.0007698536727103999,370.6762429864836,-10,4,0
14:50:23:171,err,err,err,err,err,err,err,err,err,err
14:50:23:335,7.210275256809643,3.7595651567564157,371.60959624697057,-0.12168558881935757,0.10209328221623118,0.00012251738752648708,371.69855316140706,-7,6,0
14:50:23:456,7.702373770741868,5.163565729056,338.7469945243234,0.756003961444159,-0.02806287766803763,0.13207936615513738,338.8738928746274,43,-4,6
14:50:23:584,7.187873027989904,3.6942549608511177,369.6889803640977,-0.16019849384079715,0.05907209855670765,0.005540483426102788,369.7773049296407,-9,3,0
14:50:23:702,7.22619019206023,3.7461264472091123,369.14174215839694,0.09827937246552759,-0.10144179670451396,0.002958994246656732,369.2314681765176,6,-6,0
14:50:23:829,7.210721235659523,3.661283899032687,371.5671397382576,0.08224160750129926,-0.03799130250885923,-0.0033354102632215197,371.65513427611563,5,-2,0
14:50:23:949,7.301101960668169,3.775948235629848,372.3812222362909,0.0676568596075708,-0.03137945190532272,0.0019422952039434259,372.4719298807792,4,-2,0
14:50:24:070,7.1987461882662815,3.7419036998256856,370.50111175618196,-0.14920226846362414,0.06283702012898078,0.00047996689632178016,370.58993186883623,-9,4,0
14:50:24:196,7.204609920510367,3.715797312827898,368.35127340985395,0.143385815336921,-0.08111642867829842,0.0010906387190891737,368.44046218682024,8,-5,0
14:50:24:316,err,err,err,err,err,err,err,err,err,err
14:50:24:473,7.221294501461975,3.6811458099563286,370.5151191627998,0.0701861931749108,-0.13170140155479684,-0.0012485860935394105,370.6037661127781,4,-8,0
14:50:24:607,7.21370925987332,3.742961046578221,366.58845381346197,0.17750631494459895,-0.09223298543160034,0.003729801530383473,366.67852654338367,10,-5,0
14:50:24:768,7.207351751178081,3.6898662917646035,368.36700645563934,0.06337116322517047,-0.10285216183543516,-0.0003833576145268964,368.45598445079617,4,-6,0
14:50:24:890,7.723552854141253,5.076899454616944,337.86852294694665,0.7447923419297253,-0.04761967026462083,0.128585813840294,337.9949215226679,42,-5,6
14:50:25:014,7.227592778984389,3.741799265365421,369.77203020550536,0.059088649426385975,-0.07824878333708853,0.000861037830725619,369.86158692330065,3,-4,0
14:50:25:138,7.242126719920442,3.7616308547901434,368.4220978926929,0.16812562759663535,-0.08141134119947856,-0.00034101578907748365,368.5124699135269,10,-5,0
14:50:25:266,7.303249144929905,3.770235675691689,371.95036402486596,0.06611422655448872,-0.0641996489742313,0.0022823587319412064,372.0411609262522,4,-4,0
14:50:25:383,7.247456581791726,3.7410845514324533,369.0750925543796,0.18869753433441727,-0.05658387930055842,0.0006079014002524055,369.1652005329725,11,-3,0
14:50:25:507,err,err,err,err,err,err,err,err,err,err
14:50:25:630,err,err,err,err,err,err,err,err,err,err
14:50:25:753,7.223323027798804,3.773222517268746,371.6102995860416,0.08952965461373523,-0.0613797700434108,0.0018483859079456014,371.6996480522363,5,-4,0
14:50:25:878,7.251037379185582,3.737194773825964,370.1691806779773,-0.15615360883215093,0.1391416315183753,0.004984990469930689,370.2590532203863,-9,8,0
14:50:26:041,7.706806198318552,5.0612448185280305,338.8307339008367,0.7493395978544157,-0.038486724611932636,0.12789351396173582,338.9561583695908,43,-5,6
14:50:26:162,err,err,err,err,err,err,err,err,err,err
14:50:26:286,err,err,err,err,err,err,err,err,err,err
14:50:26:408,7.199096814651723,3.784514671660181,369.88847956391436,0.18274695786738013,-0.085134860192657,-0.001630335163003917,369.9778869883321,10,-5,-1
14:50:26:533,7.170730398566341,3.776439453410164,367.878886537561,0.12692116727414965,-0.10707894631126662,0.005322177460123193,367.96814540053583,7,-6,0
14:50:26:655,7.2033009939200365,3.7164926925050774,368.3011590654146,0.14701987105871284,-0.07871280496132653,0.001500626509746875,368.3903413935689,8,-4,0
14:50:26:777,7.727497084715406,5.099853964460042,339.4879394522114,0.7397062692808744,-0.04875173711223572,0.12906073977436708,339.6141689552446,42,-5,6
14:50:26:904,7.830988051354909,5.123545398399053,341.151604984455,0.7340661495924492,-0.042836165965586454,0.13224764284000184,341.2799330092227,42,-5,6
14:50:27:023,err,err,err,err,err,err,err,err,err,err
14:50:27:189,7.137878397874449,3.6928960458532547,368.0370086262401,0.0865643649721593,-0.12190079111894848,0.001971544311393935,368.12474313441555,5,-7,0
14:50:27:311,7.241698483095093,3.6898462755079975,371.9120931005408,-0.12718097791116778,0.13944316830809247,-0.0026037658524530835,372.00088999474485,-7,8,-1
14:50:27:433,7.229414653242774,3.6943678701136538,368.8285986512003,0.16784451162237374,-0.023082292979380345,-0.00036194715555488364,368.9179420592016,10,-1,0
14:50:27:557,7.724143675622478,5.075396272855083,339.8270585367603,0.7470044847185254,-0.03172827236166934,0.12532456742125078,339.9527198840964,43,-4,6
14:50:27:684,7.181798083941428,3.7823617931961273,371.5926728602363,0.11781281168623046,-0.036516913342821054,0.005251802475966542,371.68131377279076,7,-2,0
14:50:27:803,7.184175350662114,3.749565924167999,367.7248737172497,0.1579342756523771,-0.06674888036206598,-0.00413146539817088,367.8141573817625,9,-4,-1
14:50:27:970,7.344411329029208,3.747203944923207,371.1063003268125,0.13895565710342722,-0.10056603066247827,0.0105909794150372,371.1978826144206,8,-6,0
14:50:28:090,err,err,err,err,err,err,err,err,err,err
14:50:28:215,err,err,err,err,err,err,err,err,err,err
14:50:28:335,7.234693589527674,3.689770651489094,368.9984143766878,-0.13136898385055834,0.10323990871194162,0.004044712844738002,369.0877741287358,-8,6,0
14:50:28:501,7.2602048483297565,3.6591313360766122,369.13153100379867,0.050238603143501065,-0.09827437490272452,0.004688173246735238,369.2210543804115,3,-6,0
14:50:28:625,7.691164661514215,5.105547572700336,339.36723823707854,0.7537514987390189,-0.04762755040240725,0.12959977919512228,339.49277314624777,43,-5,6
14:50:28:788,7.2513265953805615,3.633063862488233,370.65835164486225,0.021825931131031068,-0.10486120673969138,0.001248051287753438,370.7470762319079,1,-6,0
14:50:28:911,7.251523753636543,3.7609029430266694,371.73531755679204,-0.12296286166358363,0.09295710244070109,0.00029659776211954787,371.8250600843701,-7,5,0
14:50:29:033,err,err,err,err,err,err,err,err,err,err
14:50:29:152,err,err,err,err,err,err,err,err,err,err
14:50:29:290,7.708373478843854,5.090792593330779,338.84505773722515,0.7423048358746932,-0.04269698760641942,0.1264698434041676,338.9709550151179,42,-5,6
14:50:29:404,7.672726252875727,5.153755818645184,338.8525581061856,0.735051043650455,-0.03256230113159213,0.13003509046025252,338.9785952863332,42,-4,6
14:50:29:523,7.164317035236661,3.6767108209990726,370.5290608987479,0.053901795841764674,-0.07485197204018111,-0.004377286717253634,370.6165546917065,3,-4,0
14:50:29:647,7.234409032276127,3.8127272444853006,370.64087964597934,0.13407539091591103,-0.0417049717065881,2.462817653802565e-05,370.73108209028345,8,-2,0
14:50:29:769,7.0775788519797835,3.6992490222147922,368.99404326980687,-0.0754190726591566,0.1314312085795551,-0.000373219642168437,369.08045265813587,-4,8,0
14:50:29:898,7.195850023675592,3.7521865797662737,370.75657408366965,0.1643502640800349,-0.0308987455854884,-0.0019390327073296036,370.84538070192036,9,-2,0
14:50:30:017,7.225363037057531,3.6625728575410137,367.15882020194783,0.13530475214214938,-0.10734405039469565,0.00013117289320202762,367.2481716265451,8,-6,0
14:50:30:181,7.201219928992677,3.681832601469127,369.9479454896565,-0.04130407602805847,-0.10437063978801445,0.005689982443271538,370.0363439336585,-2,-6,0
14:50:30:349,7.198628271552705,3.6457970714595933,368.7906085798864,-0.17242543074131028,0.07895622879557211,0.0009757720474151118,368.8788758684905,-10,5,0
14:50:30:468,err,err,err,err,err,err,err,err,err,err
14:50:30:589,7.708373478843854,5.090792593330779,338.84505773722515,0.7423048358746932,-0.04269698760641942,0.1264698434041676,338.9709550151179,42,-5,6
14:50:30:715,7.251071084349704,3.7215479093834345,371.9172435832867,-0.16216736160770176,0.11866953138090199,0.0014073283140381854,372.0065376109698,-9,7,0
14:50:30:835,7.177613115049521,3.7629173044449042,368.3751733060821,0.17361880005178315,-0.09995071237903126,0.0021647721543757376,368.4643076133093,10,-6,0
14:50:30:960,7.125138182869379,3.664222747806188,369.12554591509894,-0.07803405228825468,0.09135421743218079,-0.002589402726228879,369.2124899967366,-4,5,0
14:50:31:083,7.759511527470999,5.1000317175175045,339.4947274901623,0.7393446033422953,-0.04233130660376185,0.13168981984045483,339.6216870817943,42,-5,6
14:50:31:205,7.16414493795161,3.675566982495621,369.66689547178487,0.08467875228947615,-0.11540925868479923,-0.0015794178048142687,369.7545785694645,5,-7,0
14:50:31:329,7.675166215185207,5.09104276564349,338.86267292447235,0.7423059815172827,-0.04211580492746165,0.12634649638411805,338.9878139319912,42,-5,6
14:50:31:451,7.208186317446704,3.627264152376202,370.98788357115876,-0.01628415507402298,-0.07186915854402112,-0.0009975181852234663,371.07563211807076,-1,-4,0
14:50:31:578,7.2989460881894255,3.726821269420274,370.25012708222,0.10979000381755188,-0.1420556335627018,0.004638486519097431,370.34081656654126,6,-8,0
14:50:31:698,7.277625652775041,3.6551351287093286,365.9123320565431,0.15589926283155417,-0.11302153388762899,0.0024339649643384206,366.00294889387015,9,-6,0
14:50:31:822,err,err,err,err,err,err,err,err,err,err
14:50:31:943,7.192484849912473,3.744389980554047,370.06001447606656,0.05602184025686553,-0.06508696775067474,0.0006150210159337431,370.14884385699395,3,-4,0
14:50:32:066,7.709386171152211,5.127819129640453,338.8710331009536,0.7486818774516235,-0.045174791198563914,0.12527866911684526,338.9975018183317,43,-5,6
14:50:32:191,7.760332406319955,5.1071907932627765,339.4887245908989,0.7531202967525039,-0.047515387454766835,0.12942798647064727,339.61581276673587,43,-5,6
14:50:32:310,7.295269496451086,3.7839601240367213,371.3932900552436,0.008941718813635724,-0.07629071836587921,0.00413950879218471,371.4842058679002,1,-4,0
14:50:32:455,7.193083806095785,3.7438958776369473,369.23545669423163,0.08758265729404605,-0.10607370568155558,0.003406320167618387,369.32449105249157,5,-6,0
14:50:32:566,7.186447551422914,3.751685421738359,367.05640210016395,0.18563401619977407,-0.09362247136335625,0.0021612504776882084,367.1459144463278,11,-5,0
14:50:32:683,7.305159917224434,3.6391025548393823,371.28476538351345,0.01672475384394996,-0.12301365007923913,0.0015426899050951378,371.3744544724522,1,-7,0
14:50:32:855,7.259681422525988,3.7299738393477977,370.6748310055925,0.10363151284310586,-0.11436450317403948,0.002130191017052392,370.76467741712315,6,-7,0
14:50:32:968,7.182945352042133,3.6735673103427136,370.69446044307,-0.13722952097191254,0.13694908327845035,-0.002050775262931727,370.7822444560862,-8,8,-1
14:50:33:091,7.1917053452589155,3.661171825866653,366.73130344477386,0.1463353625457485,-0.1311103170608981,0.0027846007259652193,366.8200835985052,8,-7,0
14:50:33:217,7.746110847961243,5.114485425451232,340.5140919556666,0.7370726839427324,-0.04261379478117193,0.12688289277079462,340.64058333502805,42,-5,6
14:50:33:336,7.2211544788269455,3.706441686751124,370.736974813187,0.1391150548537758,-0.09227864991978531,0.005110617140636781,370.8258179733687,8,-5,0
14:50:33:462,7.171374316820699,3.68108482302201,371.30636710463676,-0.134960438912847,0.07273273709858571,-0.004785299268235124,371.3938573098773,-8,4,-1
14:50:33:582,7.174040359540217,3.7152204069235615,368.0623112741803,0.15199091450244248,-0.10650387378804999,0.003782992246736817,368.1509672651206,9,-6,0
14:50:33:704,7.186254051361352,3.7137165075719336,369.70451289429155,0.08857850073967907,-0.06386286181135514,0.00041460488068447164,369.79299721870706,5,-4,0
14:50:33:835,7.709602289380313,5.157719821708125,338.90435334804886,0.7413068207194238,-0.04246503166097628,0.12636175492090668,339.0312681147254,42,-5,6
14:50:33:972,7.211786745574722,3.7103805194757973,370.3484735411019,-0.10627324892863454,0.13646898315004855,-0.0014355663443537912,370.4372668157015,-6,8,-1
14:50:34:082,7.174040359540217,3.7152204069235615,368.0623112741803,0.15199091450244248,-0.10650387378804999,0.003782992246736817,368.1509672651206,9,-6,0
14:50:34:199,err,err,err,err,err,err,err,err,err,err
14:50:34:328,7.113161422891347,3.72601972753014,369.7144967551382,0.12588740603280874,-0.06102216136234137,-0.0010587788980123815,369.8016892867624,7,-3,0
14:50:34:446,7.319043127650753,3.724377206090937,369.3826163524879,0.13190543047250602,-0.0343075640917264,0.0037951915449167184,369.47389169099205,8,-2,0
14:50:34:603,7.274279872865443,3.676812545419162,369.82246278503305,0.08249203281619372,-0.1107730134499973,-0.0017004087630068368,369.91227078666924,5,-6,0
14:50:34:732,7.187076537654602,3.687789879032976,367.56484726275227,0.19072536882557528,-0.06233988156255679,0.004506425497620931,367.653601650576,11,-4,0
14:50:34:853,err,err,err,err,err,err,err,err,err,err
14:50:34:980,7.2513265953805615,3.633063862488233,370.65835164486225,0.021825931131031068,-0.10486120673969138,0.001248051287753438,370.7470762319079,1,-6,0
14:50:35:104,7.20165444496158,3.6558159014158504,365.70767250316226,0.16468956983522165,-0.11082813675850552,0.0025651462865809924,365.79684326731126,9,-6,0
14:50:35:226,7.2825616273828,3.735317058904227,367.919037863843,0.11007389899380342,-0.11810466075871139,0.005439774229710503,368.01006334072326,6,-7,0
14:50:35:354,err,err,err,err,err,err,err,err,err,err
14:50:35:470,7.201146853359646,3.771689320113891,369.87239386698957,0.14786273536786276,-0.09239977520856886,0.00011127266137246961,369.961714101917,8,-5,0
14:50:35:595,7.192378240789241,3.722072159318191,369.8223450226395,-0.016568656608101067,-0.09080507249190821,0.0005709316083898616,369.91100416716716,-1,-5,0
14:50:35:717,7.239806718673418,3.7375486379478335,368.1735642649409,0.10736646100861523,-0.08893089274700873,0.002920758999494879,368.2637064586943,6,-5,0
14:50:35:837,err,err,err,err,err,err,err,err,err,err
14:50:35:963,7.277865796437756,3.8020143240207194,372.31610207288037,0.15015227352723323,-0.06901182598185182,0.0013526395142825062,372.40663595888634,9,-4,0
14:50:36:082,err,err,err,err,err,err,err,err,err,err
14:50:36:291,7.692824987768107,5.1675874951987435,339.3167566164557,0.7475759706041943,-0.058363690225884175,0.12552190353895679,339.44328662903905,43,-6,5
14:50:36:427,7.670194063926655,5.064764070920972,337.28698464954726,0.7393564905572984,-0.031777997513233236,0.12957163204624764,337.4122015073793,42,-4,6
14:50:36:545,7.191972027216055,3.781682529131059,369.18185613232777,0.09479248634784798,-0.1047258731728483,0.003377083008689946,369.2712667967847,5,-6,0
14:50:36:662,7.2701745703658425,3.7640182205104633,370.1127112210216,0.11612387625938154,-0.05205611862774395,0.008842836137761592,370.2032445546949,7,-3,0
14:50:36:810,7.236083744728623,3.610553412685625,368.9159544902395,-0.1792164452497632,0.09231523392396274,0.003227046247633269,369.0045778596128,-10,5,0
14:50:36:944,7.243028522913521,3.663050168308856,370.0391354944004,-0.15406879301076168,-0.00807196758341597,0.0010212919810558638,370.1281415890482,-9,0,0
14:50:37:070,7.174808328052872,3.6906632703442903,370.6537118906555,0.09444700948817661,-0.07432330076662126,0.004363688581594956,370.7415177832669,5,-4,0
14:50:37:190,7.267695056374675,3.694796307034427,368.91411312332167,0.1672385568056394,-0.11043406289695938,0.007558718209031531,369.0041920801848,10,-6,0
14:50:37:313,err,err,err,err,err,err,err,err,err,err
14:50:37:437,err,err,err,err,err,err,err,err,err,err
14:50:37:567,err,err,err,err,err,err,err,err,err,err
14:50:37:688,err,err,err,err,err,err,err,err,err,err
14:50:37:852,7.246748581675398,3.6953997873328004,368.98205971105705,0.16606627867599325,-0.05836184288870418,0.002225606830704063,369.07171624659657,10,-3,0
14:50:38:015,err,err,err,err,err,err,err,err,err,err
14:50:38:156,7.690735107781269,5.168544353878253,339.37114032707507,0.7468107927950234,-0.044900880794358375,0.13069264695649757,339.4976172878616,43,-5,6
14:50:38:306,7.676188670485888,5.12807653124529,338.8889955483807,0.748681769048297,-0.044603347416487166,0.12515555435743633,339.01470815468406,43,-5,6
14:50:38:424,7.248019149546649,3.71471371389282,371.34837093807647,-0.15938532187160911,0.0926846106456471,0.00430179497472573,371.4376737461234,-9,5,0
14:50:38:550,7.320087087700419,3.750944236223177,371.8119843262617,0.12567760077520465,-0.10860963850660078,0.005654345658518082,371.90295097816454,7,-6,0
14:50:38:673,7.257535607213472,3.673260766646765,370.79183725595004,-0.14893357506675656,0.14565466836672813,-6.132827769260178e-05,370.8810472960201,-9,8,-1
14:50:38:793,7.127505922446155,3.6714792089043025,369.791436739857,-0.08273246775270542,0.1381715806658158,-0.0006493421874420621,369.8783418725454,-5,8,0
14:50:38:916,err,err,err,err,err,err,err,err,err,err
14:50:39:040,7.102517672573935,3.711151796116558,369.64919349126666,-0.056384807368998466,-0.17948593863462153,0.002010515228596801,369.736047273845,-3,-10,0
14:50:39:165,7.015153295915789,3.779897794065581,366.1053812136369,0.09625904976998369,0.23268219873099374,-0.005843392301402561,366.1920946124878,6,13,0
14:50:39:286,7.203202359376796,3.7489117774959286,367.36771251496157,-0.09084416170833169,-0.19379345040333223,0.0010996673070122849,367.4574487777068,-5,-11,1
14:50:39:407,7.229565703562209,3.6975436186588886,369.0334256573345,-0.08838713866667762,-0.1739466030174303,-0.0004413135170030108,369.12275424506333,-5,-10,0
14:50:39:528,7.234652392885062,3.697180972749282,368.8797968413567,-0.08073979080063522,-0.2047057805930537,-0.00036760324549354957,368.96925869252544,-5,-12,0
14:50:39:651,7.2413723193715835,3.7056916757078366,369.26741647468117,-0.06079552482884362,-0.18743084775887345,0.0016191511594235302,369.3570014142805,-4,-11,0
14:50:39:861,7.270948925408486,3.766328148885726,371.2150238380008,-0.05748886638304036,-0.1590596928134425,7.321757895315059e-05,371.305326987169,-3,-9,0
14:50:39:982,err,err,err,err,err,err,err,err,err,err
14:50:40:107,7.18406109154031,3.7229275670179787,369.747803683572,-0.009564163619515413,-0.1789643084971974,0.006377622490411368,369.8363276535467,-1,-10,0
14:50:40:268,7.209365970560708,3.712947165638926,369.54936584120406,-0.042622972065685834,-0.16939026111901406,0.0039501542503044,369.6383296250382,-2,-10,0
14:50:40:398,7.182164390481444,3.7377737425005773,367.27763609266196,0.0251361343766769,-0.19951389239174314,0.007244648057230804,367.3668689630243,1,-11,0
14:50:40:513,7.1983207873419675,3.7894206413687006,369.32895726962556,-0.012419799040480376,-0.1441782911635223,0.0008832116351586244,369.4185352805455,-1,-8,0
14:50:40:678,7.134257485696581,3.722176859978909,367.476108939552,-0.04948007446832662,-0.18517279000640152,0.0003885278308905982,367.56420238075776,-3,-11,0
14:50:40:802,7.2433447965652915,3.7627925138492833,369.36771632412973,0.023352956562632372,-0.15772458802229672,0.003085822342079147,369.4578927480735,1,-9,0
14:50:40:923,7.254888063693009,3.878677887014668,372.7765564063677,0.027321609695693243,-0.09728434248876507,0.0025002258991610065,372.8673203019511,2,-6,0
14:50:41:045,7.256877743196243,3.829136299574527,372.9592599123528,-0.03480883717152321,-0.09460488443131114,0.005652438428365714,373.0495062505114,-2,-5,0
14:50:41:170,7.254888063693009,3.878677887014668,372.7765564063677,0.027321609695693243,-0.09728434248876507,0.0025002258991610065,372.8673203019511,2,-6,0
14:50:41:299,7.179033362202064,3.958341249260779,372.120452860457,0.07856780208763463,-0.10178249222935308,0.010092176890059828,372.21074463606345,4,-6,0
14:50:41:423,7.254888063693009,3.878677887014668,372.7765564063677,0.027321609695693243,-0.09728434248876507,0.0025002258991610065,372.8673203019511,2,-6,0
14:50:41:540,7.168546108061046,3.878544955516926,371.3203457067737,0.08863366718809679,-0.1219176088344771,0.0073401103856617,371.40978756633933,5,-7,0
14:50:41:668,7.254888063693009,3.878677887014668,372.7765564063677,0.027321609695693243,-0.09728434248876507,0.0025002258991610065,372.8673203019511,2,-6,0
14:50:41:793,7.226904975301696,3.872038891982191,373.3534231183021,-0.027866468674149648,-0.10399379256345745,0.0005597655969953435,373.4434353350678,-2,-6,0
14:50:41:909,7.2546508551139866,3.918393781480071,372.76916686411835,0.03936453377470026,-0.09506072246936878,0.0024455445525620257,372.8603432029548,2,-5,0
14:50:42:036,7.254888063693009,3.878677887014668,372.7765564063677,0.027321609695693243,-0.09728434248876507,0.0025002258991610065,372.8673203019511,2,-6,0
14:50:42:154,7.1440064601168425,3.8775283754016816,372.60634741714136,0.031097454549532166,-0.10322374796149282,0.002606923147518947,372.6949988799792,2,-6,0
14:50:42:274,7.003498239710086,4.074638476656446,375.1077705060298,-0.04116586645865992,-0.08809247259240464,0.007514490215828011,375.19527070621956,-2,-5,1
14:50:42:407,7.02192136978277,4.067913845517012,376.4423112218279,0.013250342580232437,-0.06288078794423678,0.005640105665455364,376.52977170578356,1,-4,0
14:50:42:525,7.02192136978277,4.067913845517012,376.4423112218279,0.013250342580232437,-0.06288078794423678,0.005640105665455364,376.52977170578356,1,-4,0
14:50:42:658,7.198484446656918,3.8828734140763603,373.26492644355204,0.02064792248447831,-0.12250830650739729,0.002934510440218765,373.35452347224725,1,-7,0
14:50:42:769,7.161838049940156,3.8767804957195615,371.3930149361838,0.08013505193714407,-0.1044596246866035,0.00463396647831616,371.482291495374,5,-6,0
14:50:43:015,7.107982794490448,3.871118563300834,370.24444034459185,0.10687818090282847,-0.1082548342497408,0.006986287567111346,370.332896978405,6,-6,0
14:50:43:135,7.220397906585592,3.8826377516057047,372.3069378703009,0.06216161480267019,-0.12136163059731249,0.004999744588817073,372.3971871647256,4,-7,0
14:50:43:263,7.220397906585592,3.8826377516057047,372.3069378703009,0.06216161480267019,-0.12136163059731249,0.004999744588817073,372.3971871647256,4,-7,0
14:50:43:380,7.151551665486407,3.8830986592334615,372.64727434523826,0.04902136383170938,-0.11570102501059278,0.005211530969345763,372.7361187534108,3,-7,0
14:50:43:505,7.220397906585592,3.8826377516057047,372.3069378703009,0.06216161480267019,-0.12136163059731249,0.004999744588817073,372.3971871647256,4,-7,0
14:50:43:655,7.254888063693009,3.878677887014668,372.7765564063677,0.027321609695693243,-0.09728434248876507,0.0025002258991610065,372.8673203019511,2,-6,0
14:50:43:793,7.151551665486407,3.8830986592334615,372.64727434523826,0.04902136383170938,-0.11570102501059278,0.005211530969345763,372.7361187534108,3,-7,0
14:50:43:913,7.220397906585592,3.8826377516057047,372.3069378703009,0.06216161480267019,-0.12136163059731249,0.004999744588817073,372.3971871647256,4,-7,0
14:50:44:039,7.254888063693009,3.878677887014668,372.7765564063677,0.027321609695693243,-0.09728434248876507,0.0025002258991610065,372.8673203019511,2,-6,0
14:50:44:162,7.220397906585592,3.8826377516057047,372.3069378703009,0.06216161480267019,-0.12136163059731249,0.004999744588817073,372.3971871647256,4,-7,0
14:50:44:284,7.220397906585592,3.8826377516057047,372.3069378703009,0.06216161480267019,-0.12136163059731249,0.004999744588817073,372.3971871647256,4,-7,0
14:50:44:407,7.220397906585592,3.8826377516057047,372.3069378703009,0.06216161480267019,-0.12136163059731249,0.004999744588817073,372.3971871647256,4,-7,0
14:50:44:570,7.226904975301696,3.872038891982191,373.3534231183021,-0.027866468674149648,-0.10399379256345745,0.0005597655969953435,373.4434353350678,-2,-6,0
14:50:44:698,7.176903302814712,3.86114122715804,373.0461528064035,-0.060227033788060075,-0.0885790648756492,-0.0015861612455468565,373.1351611363536,-3,-5,0
14:50:44:817,7.254888063693009,3.878677887014668,372.7765564063677,0.027321609695693243,-0.09728434248876507,0.0025002258991610065,372.8673203019511,2,-6,0
14:50:44:940,7.220397906585592,3.8826377516057047,372.3069378703009,0.06216161480267019,-0.12136163059731249,0.004999744588817073,372.3971871647256,4,-7,0
14:50:45:065,7.220397906585592,3.8826377516057047,372.3069378703009,0.06216161480267019,-0.12136163059731249,0.004999744588817073,372.3971871647256,4,-7,0
14:50:45:190,7.226904975301696,3.872038891982191,373.3534231183021,-0.027866468674149648,-0.10399379256345745,0.0005597655969953435,373.4434353350678,-2,-6,0
14:50:45:330,7.220397906585592,3.8826377516057047,372.3069378703009,0.06216161480267019,-0.12136163059731249,0.004999744588817073,372.3971871647256,4,-7,0
14:50:45:537,7.198484446656918,3.8828734140763603,373.26492644355204,0.02064792248447831,-0.12250830650739729,0.002934510440218765,373.35452347224725,1,-7,0
14:50:45:689,7.220397906585592,3.8826377516057047,372.3069378703009,0.06216161480267019,-0.12136163059731249,0.004999744588817073,372.3971871647256,4,-7,0
14:50:45:815,7.167861509432098,3.9163989560040333,371.28620573710964,0.09472371718919605,-0.12074508317650612,0.007323794858955769,371.37603987072225,5,-7,0
14:50:45:934,7.220397906585592,3.8826377516057047,372.3069378703009,0.06216161480267019,-0.12136163059731249,0.004999744588817073,372.3971871647256,4,-7,0
14:50:46:059,7.171201889643748,3.8606685933777856,372.66149047337177,-0.04009644368455935,-0.0855095300362712,0.00036633397185837274,372.75047602969585,-2,-5,0
14:50:46:171,7.254888063693009,3.878677887014668,372.7765564063677,0.027321609695693243,-0.09728434248876507,0.0025002258991610065,372.8673203019511,2,-6,0
14:50:46:293,7.220397906585592,3.8826377516057047,372.3069378703009,0.06216161480267019,-0.12136163059731249,0.004999744588817073,372.3971871647256,4,-7,0
14:50:46:422,7.220397906585592,3.8826377516057047,372.3069378703009,0.06216161480267019,-0.12136163059731249,0.004999744588817073,372.3971871647256,4,-7,0
14:50:46:549,7.220397906585592,3.8826377516057047,372.3069378703009,0.06216161480267019,-0.12136163059731249,0.004999744588817073,372.3971871647256,4,-7,0
14:50:46:664,7.161838049940156,3.8767804957195615,371.3930149361838,0.08013505193714407,-0.1044596246866035,0.00463396647831616,371.482291495374,5,-6,0
14:50:46:786,7.254888063693009,3.878677887014668,372.7765564063677,0.027321609695693243,-0.09728434248876507,0.0025002258991610065,372.8673203019511,2,-6,0
14:50:46:910,7.127265456101837,3.8818053709522773,371.74107455907074,0.08230582893158318,-0.08853052572441655,0.00480020041043842,371.8296556760263,5,-5,0
14:50:47:073,7.220397906585592,3.8826377516057047,372.3069378703009,0.06216161480267019,-0.12136163059731249,0.004999744588817073,372.3971871647256,4,-7,0
14:50:47:206,7.2546508551139866,3.918393781480071,372.76916686411835,0.03936453377470026,-0.09506072246936878,0.0024455445525620257,372.8603432029548,2,-5,0
14:50:47:330,7.220397906585592,3.8826377516057047,372.3069378703009,0.06216161480267019,-0.12136163059731249,0.004999744588817073,372.3971871647256,4,-7,0
14:50:47:446,7.220397906585592,3.8826377516057047,372.3069378703009,0.06216161480267019,-0.12136163059731249,0.004999744588817073,372.3971871647256,4,-7,0
14:50:47:640,7.167861509432098,3.9163989560040333,371.28620573710964,0.09472371718919605,-0.12074508317650612,0.007323794858955769,371.37603987072225,5,-7,0
14:50:47:772,7.195858467854556,3.873236804670574,371.8308653953724,0.04978027138201469,-0.08059937995025084,0.002124291078533256,371.92065659641173,3,-5,0
14:50:47:919,7.220397906585592,3.8826377516057047,372.3069378703009,0.06216161480267019,-0.12136163059731249,0.004999744588817073,372.3971871647256,4,-7,0
14:50:48:047,7.220397906585592,3.8826377516057047,372.3069378703009,0.06216161480267019,-0.12136163059731249,0.004999744588817073,372.3971871647256,4,-7,0
14:50:48:183,7.220397906585592,3.8826377516057047,372.3069378703009,0.06216161480267019,-0.12136163059731249,0.004999744588817073,372.3971871647256,4,-7,0
14:50:48:302,7.198484446656918,3.8828734140763603,373.26492644355204,0.02064792248447831,-0.12250830650739729,0.002934510440218765,373.35452347224725,1,-7,0
14:50:48:431,7.220397906585592,3.8826377516057047,372.3069378703009,0.06216161480267019,-0.12136163059731249,0.004999744588817073,372.3971871647256,4,-7,0
14:50:48:552,7.168546108061046,3.878544955516926,371.3203457067737,0.08863366718809679,-0.1219176088344771,0.0073401103856617,371.40978756633933,5,-7,0
14:50:48:677,7.198484446656918,3.8828734140763603,373.26492644355204,0.02064792248447831,-0.12250830650739729,0.002934510440218765,373.35452347224725,1,-7,0
14:50:48:796,7.254888063693009,3.878677887014668,372.7765564063677,0.027321609695693243,-0.09728434248876507,0.0025002258991610065,372.8673203019511,2,-6,0
14:50:48:917,7.254888063693009,3.878677887014668,372.7765564063677,0.027321609695693243,-0.09728434248876507,0.0025002258991610065,372.8673203019511,2,-6,0
14:50:49:045,7.254888063693009,3.878677887014668,372.7765564063677,0.027321609695693243,-0.09728434248876507,0.0025002258991610065,372.8673203019511,2,-6,0
14:50:49:167,7.220397906585592,3.8826377516057047,372.3069378703009,0.06216161480267019,-0.12136163059731249,0.004999744588817073,372.3971871647256,4,-7,0
14:50:49:292,7.254888063693009,3.878677887014668,372.7765564063677,0.027321609695693243,-0.09728434248876507,0.0025002258991610065,372.8673203019511,2,-6,0
14:50:49:412,7.2546508551139866,3.918393781480071,372.76916686411835,0.03936453377470026,-0.09506072246936878,0.0024455445525620257,372.8603432029548,2,-5,0
14:50:49:534,7.198484446656918,3.8828734140763603,373.26492644355204,0.02064792248447831,-0.12250830650739729,0.002934510440218765,373.35452347224725,1,-7,0
14:50:49:660,7.220397906585592,3.8826377516057047,372.3069378703009,0.06216161480267019,-0.12136163059731249,0.004999744588817073,372.3971871647256,4,-7,0
14:50:49:782,7.220397906585592,3.8826377516057047,372.3069378703009,0.06216161480267019,-0.12136163059731249,0.004999744588817073,372.3971871647256,4,-7,0
14:50:49:905,7.220181379314965,3.92113572646843,372.3033809589573,0.06918638249461077,-0.11959781606968826,0.00497615784800728,372.394030293191,4,-7,0
14:50:50:028,7.226904975301696,3.872038891982191,373.3534231183021,-0.027866468674149648,-0.10399379256345745,0.0005597655969953435,373.4434353350678,-2,-6,0
14:50:50:148,7.226904975301696,3.872038891982191,373.3534231183021,-0.027866468674149648,-0.10399379256345745,0.0005597655969953435,373.4434353350678,-2,-6,0
14:50:50:274,7.195858467854556,3.873236804670574,371.8308653953724,0.04978027138201469,-0.08059937995025084,0.002124291078533256,371.92065659641173,3,-5,0
14:50:50:394,7.2546508551139866,3.918393781480071,372.76916686411835,0.03936453377470026,-0.09506072246936878,0.0024455445525620257,372.8603432029548,2,-5,0
14:50:50:548,7.226904975301696,3.872038891982191,373.3534231183021,-0.027866468674149648,-0.10399379256345745,0.0005597655969953435,373.4434353350678,-2,-6,0
14:50:50:691,7.254888063693009,3.878677887014668,372.7765564063677,0.027321609695693243,-0.09728434248876507,0.0025002258991610065,372.8673203019511,2,-6,0
14:50:50:811,7.195858467854556,3.873236804670574,371.8308653953724,0.04978027138201469,-0.08059937995025084,0.002124291078533256,371.92065659641173,3,-5,0
14:50:50:936,7.20462180573202,3.877961902775829,371.93232125345946,0.06152159719098126,-0.09422181775326192,0.0047455059975764465,372.02230680010246,4,-5,0
14:50:51:058,7.151551665486407,3.8830986592334615,372.64727434523826,0.04902136383170938,-0.11570102501059278,0.005211530969345763,372.7361187534108,3,-7,0
14:50:51:175,7.226904975301696,3.872038891982191,373.3534231183021,-0.027866468674149648,-0.10399379256345745,0.0005597655969953435,373.4434353350678,-2,-6,0
14:50:51:300,7.220397906585592,3.8826377516057047,372.3069378703009,0.06216161480267019,-0.12136163059731249,0.004999744588817073,372.3971871647256,4,-7,0
14:50:51:591,7.254888063693009,3.878677887014668,372.7765564063677,0.027321609695693243,-0.09728434248876507,0.0025002258991610065,372.8673203019511,2,-6,0
14:50:51:713,7.166238275670235,3.829438190428019,369.6036629902061,-0.010071274247715537,-0.15337981911969,-0.004146100531097616,369.69296350303426,-1,-9,0
14:50:51:851,err,err,err,err,err,err,err,err,err,err
14:50:51:996,7.199378912839737,3.7869956750775287,371.391860131611,0.021159401992949366,-0.11906919100074088,0.004469153149232578,371.4809364758733,1,-7,0
14:50:52:124,7.291714670747576,3.82699391223909,372.7008245661152,-0.03030292201281983,-0.10529428732743411,0.005832666102740724,372.791791242117,-2,-6,0
14:50:52:257,7.176589449921961,3.776518126245568,366.9318836114704,0.051122296508503313,-0.2027903796736725,0.004397849955925074,367.02148811200726,3,-12,0
14:50:52:369,7.159256022002731,3.78643682622827,368.47608374823704,0.016803558557810308,-0.16460478785126428,0.008312411827233229,368.5650774898042,1,-9,0
14:50:52:482,7.211917491555092,3.8362450956095984,370.1836541911891,-0.012964184837119195,-0.12495807025540069,0.004278288516946534,370.2737721749685,-1,-7,0
14:50:52:612,7.19088191867062,3.878062434639625,373.2487575939454,0.0029581618650317155,-0.10650776048858684,0.0008062840153815232,373.33816198781375,0,-6,0
14:50:52:734,7.026533722414816,3.9840439612504994,371.8547447133331,-0.1046728411921715,-0.1536136829382203,0.004507468577440241,371.9424632228156,-6,-9,1
14:50:52:859,7.026533722414816,3.9840439612504994,371.8547447133331,-0.1046728411921715,-0.1536136829382203,0.004507468577440241,371.9424632228156,-6,-9,1
14:50:52:976,7.145703708997284,3.9942084590690183,374.3714346156205,-0.03039460961417734,-0.12056859172554613,0.007197706487296545,374.4609269855389,-2,-7,1
14:50:53:098,7.176903302814712,3.86114122715804,373.0461528064035,-0.060227033788060075,-0.0885790648756492,-0.0015861612455468565,373.1351611363536,-3,-5,0
14:50:53:374,7.226571364511231,3.774724287583317,371.3308411550131,-0.025221181201894628,-0.10648329547920393,0.0021458652306158266,371.42033529415596,-1,-6,0
14:50:53:538,7.217174646328188,3.7565579736556467,370.53483704744696,-0.06474990195728425,-0.12892991120216002,0.005265635446837224,370.6241557204051,-4,-7,1
14:50:53:677,7.226571364511231,3.774724287583317,371.3308411550131,-0.025221181201894628,-0.10648329547920393,0.0021458652306158266,371.42033529415596,-1,-6,0
14:50:53:798,7.226571364511231,3.774724287583317,371.3308411550131,-0.025221181201894628,-0.10648329547920393,0.0021458652306158266,371.42033529415596,-1,-6,0
14:50:53:926,7.200590348537808,3.71307027109236,369.42963791168853,-0.034995594315550285,-0.14315493246785307,0.0037924050935120293,369.51846064813435,-2,-8,0
14:50:54:046,7.226571364511231,3.774724287583317,371.3308411550131,-0.025221181201894628,-0.10648329547920393,0.0021458652306158266,371.42033529415596,-1,-6,0
14:50:54:168,7.246584145397646,3.784894016620046,370.6902768465741,0.04376727962578093,-0.07045404061066578,0.006300871539420207,370.78041986205676,2,-4,0
14:50:54:292,7.226571364511231,3.774724287583317,371.3308411550131,-0.025221181201894628,-0.10648329547920393,0.0021458652306158266,371.42033529415596,-1,-6,0
14:50:54:461,7.270830431835996,3.780308653720605,371.28066468340955,0.00015698002822009754,-0.12643518849827193,0.0043850155988635,371.3710916003564,0,-7,0
14:50:54:581,7.237527764189852,3.7738506495488306,371.4921027330369,-0.038195391927613655,-0.13773597242893756,0.00236178100324432,371.58176240213373,-2,-8,0
14:50:54:700,7.226571364511231,3.774724287583317,371.3308411550131,-0.025221181201894628,-0.10648329547920393,0.0021458652306158266,371.42033529415596,-1,-6,0
14:50:54:828,7.226571364511231,3.774724287583317,371.3308411550131,-0.025221181201894628,-0.10648329547920393,0.0021458652306158266,371.42033529415596,-1,-6,0
14:50:54:948,7.167875373729584,3.7659479590499774,371.4550364155244,-0.07332319106498318,-0.021967331294166545,0.0024124140782176245,371.54327457223894,-4,-1,0
14:50:55:067,7.226571364511231,3.774724287583317,371.3308411550131,-0.025221181201894628,-0.10648329547920393,0.0021458652306158266,371.42033529415596,-1,-6,0
14:50:55:198,7.226571364511231,3.774724287583317,371.3308411550131,-0.025221181201894628,-0.10648329547920393,0.0021458652306158266,371.42033529415596,-1,-6,0
14:50:55:314,7.195971886253807,3.7854944398547454,370.90018525446794,0.03699539136657842,-0.01822971498635611,0.003707582083635645,370.9892982302058,2,-1,0
14:50:55:441,7.185530541966734,3.7816066009082725,371.24561026585843,0.0069775505826137575,-0.08433421076514681,0.0042769942823766924,371.33439854034964,0,-5,0
14:50:55:559,7.185530541966734,3.7816066009082725,371.24561026585843,0.0069775505826137575,-0.08433421076514681,0.0042769942823766924,371.33439854034964,0,-5,0
14:50:55:683,7.270830431835996,3.780308653720605,371.28066468340955,0.00015698002822009754,-0.12643518849827193,0.0043850155988635,371.3710916003564,0,-7,0
14:50:55:807,7.153910503983647,3.7724933211256633,371.5472091204217,-0.04723763398085355,-0.09554259738216239,0.00239999143484241,371.635222693613,-3,-5,0
14:50:55:929,7.226571364511231,3.774724287583317,371.3308411550131,-0.025221181201894628,-0.10648329547920393,0.0021458652306158266,371.42033529415596,-1,-6,0
14:50:56:054,7.153910503983647,3.7724933211256633,371.5472091204217,-0.04723763398085355,-0.09554259738216239,0.00239999143484241,371.635222693613,-3,-5,0
14:50:56:176,7.188716182400732,3.7645542177722144,371.1935632217991,-0.06456583117568777,-0.12552339736007428,0.00017459937640489868,371.2822523177016,-4,-7,0
14:50:56:297,7.270830431835996,3.780308653720605,371.28066468340955,0.00015698002822009754,-0.12643518849827193,0.0043850155988635,371.3710916003564,0,-7,0
14:50:56:423,7.195971886253807,3.7854944398547454,370.90018525446794,0.03699539136657842,-0.01822971498635611,0.003707582083635645,370.9892982302058,2,-1,0
14:50:56:543,7.2270339718969865,3.7832355446362538,370.8842355216107,0.029570705522252393,-0.11526838548486347,0.006618756770023235,370.97393311345576,2,-7,0
14:50:56:670,7.188716182400732,3.7645542177722144,371.1935632217991,-0.06456583117568777,-0.12552339736007428,0.00017459937640489868,371.2822523177016,-4,-7,0
14:50:56:791,7.237527764189852,3.7738506495488306,371.4921027330369,-0.038195391927613655,-0.13773597242893756,0.00236178100324432,371.58176240213373,-2,-8,0
14:50:56:914,7.2117622607034315,3.761644824197606,371.14452782326697,-0.07603371435068768,-0.0799799516545089,0.0002172621398040401,371.23364613117184,-4,-5,0
14:50:57:034,7.226571364511231,3.774724287583317,371.3308411550131,-0.025221181201894628,-0.10648329547920393,0.0021458652306158266,371.42033529415596,-1,-6,0
14:50:57:157,7.229341171683666,3.7777593729131205,372.02424752189836,-0.049921360281203496,-0.07215802189581287,0.0021018478840283635,372.1136594965185,-3,-4,0
14:50:57:288,7.154167102278197,3.766737709565486,371.4066587296918,-0.06655658157772036,-0.11781731950599442,8.57825188442345e-06,371.49465214004596,-4,-7,0
14:50:57:405,7.2117622607034315,3.761644824197606,371.14452782326697,-0.07603371435068768,-0.0799799516545089,0.0002172621398040401,371.23364613117184,-4,-5,0
14:50:57:526,7.161532024839224,3.704588055944506,369.26235967003095,-0.06554859963800357,-0.15940211496457266,0.0017327798578429291,369.3503780730248,-4,-9,0
14:50:57:660,7.161532024839224,3.704588055944506,369.26235967003095,-0.06554859963800357,-0.15940211496457266,0.0017327798578429291,369.3503780730248,-4,-9,0
14:50:57:775,7.270830431835996,3.780308653720605,371.28066468340955,0.00015698002822009754,-0.12643518849827193,0.0043850155988635,371.3710916003564,0,-7,0
14:50:57:899,7.24699619072095,3.783456587393218,371.53240682667115,0.0005732167780771208,-0.03417535373597446,0.0017139222610059116,371.62233896787757,0,-2,0
14:50:58:020,7.309516807369388,3.7967287408520756,372.3812963848701,0.011490353592729829,-0.0630853949613366,0.002588949006014193,372.47238029465393,1,-4,0
14:50:58:144,7.2875367516217615,3.748177854160774,370.8034044458838,0.037931477190661714,-0.09197046358662764,0.0012167129463961533,370.89394950280644,2,-5,0
14:50:58:270,7.226147950560792,3.7513323493362605,371.0472678646512,-0.12942733669909967,0.0016498488249248715,0.0031823641967839928,371.1365849635694,-7,0,0
14:50:58:389,7.23919811660076,3.7731470037994734,370.66330402738606,0.12379941933826505,-0.055049008391595655,0.00028212484728794214,370.7531895751972,7,-3,0
14:50:58:512,7.310513271743854,3.78204315454112,372.3473417105666,0.0888688776738671,-0.06395286221271014,0.0007112627403499932,372.4383040634309,5,-4,0
14:50:58:632,7.2875367516217615,3.748177854160774,370.8034044458838,0.037931477190661714,-0.09197046358662764,0.0012167129463961533,370.89394950280644,2,-5,0
14:50:58:775,7.226147950560792,3.7513323493362605,371.0472678646512,-0.12942733669909967,0.0016498488249248715,0.0031823641967839928,371.1365849635694,-7,0,0
14:50:58:880,7.2875367516217615,3.748177854160774,370.8034044458838,0.037931477190661714,-0.09197046358662764,0.0012167129463961533,370.89394950280644,2,-5,0
14:50:59:172,7.185816755373102,3.750025749824853,370.9955556662108,-0.1338506377898294,0.013355258761985797,0.0030675636297253736,371.0840888257629,-8,1,0
14:50:59:296,7.16240492291733,3.7515182103487086,367.06759982566626,0.18399346020449384,-0.031874235954849374,-0.0004290236392130586,367.15663792847033,11,-2,0
14:50:59:413,7.23919811660076,3.7731470037994734,370.66330402738606,0.12379941933826505,-0.055049008391595655,0.00028212484728794214,370.7531895751972,7,-3,0
14:50:59:538,7.211345283230336,3.7741716836086,370.51950087806955,0.13227580548895607,-0.08146187702610808,0.0029698800383441415,370.60888872722023,8,-5,0
14:50:59:657,7.174380668699243,3.722937240298043,369.6088672409607,0.1201225300326344,-0.0398773761179138,-0.003535698403244851,369.697236590728,7,-2,0
14:50:59:786,7.228493137357673,3.722017292707973,369.8314124065316,0.10958620414956013,-0.07532040343847182,-0.000864752832976261,369.9207727721898,6,-4,0
14:50:59:906,7.245370278898698,3.731974297496191,371.3018263443508,0.0856517957509161,-0.04744527434990136,-0.0031100945334781634,371.3912617029188,5,-3,0
14:51:00:031,7.2464297869393075,3.729983262758476,371.22829201939516,0.08220793749808411,-0.05643381406815688,-0.003468171579791252,371.3177457588511,5,-3,0
14:51:00:155,7.690323048309529,5.030935115536781,339.2873569496251,0.7413577037309921,-0.04966650903274119,0.12946201233336385,339.4117881903727,42,-5,6
14:51:00:275,7.1212795601166174,3.64554578849559,367.3276807636589,0.18276939863008268,-0.10944058467062957,-0.002771772719545629,367.41478968854517,11,-6,-1
14:51:00:402,7.691253125692494,5.067966465570858,339.3109242068583,0.7477604288617793,-0.05208928162695999,0.128274312792288,339.435918760599,43,-5,6
14:51:00:522,7.161808317189734,3.724279697218951,369.67451797568833,0.12240977469076021,-0.0946726558802143,0.0015650698142889456,369.7626414312198,7,-5,0
14:51:00:642,7.264448288960604,3.7217278046558047,369.1791626610762,0.13252466845385455,-0.10394842098932933,0.001554508529546478,369.2693835263469,8,-6,0
14:51:00:776,err,err,err,err,err,err,err,err,err,err
14:51:00:892,7.251543341678217,3.728790780249755,370.693887451987,0.09919404399748405,-0.09540313395671055,-0.0006024461018313694,370.783558097963,6,-5,0
14:51:01:022,7.251543341678217,3.728790780249755,370.693887451987,0.09919404399748405,-0.09540313395671055,-0.0006024461018313694,370.783558097963,6,-5,0
14:51:01:137,7.709421357647463,5.112582850568574,340.3710281473695,0.7379067434449215,-0.04267795253963746,0.1267936194178303,340.4967114131516,42,-5,6
14:51:01:258,7.278164491734683,3.7401633032379276,370.60312931654914,0.017592668431057275,-0.08357674457313388,-0.0012923832851366166,370.69345820923587,1,-5,0
14:51:01:383,7.278164491734683,3.7401633032379276,370.60312931654914,0.017592668431057275,-0.08357674457313388,-0.0012923832851366166,370.69345820923587,1,-5,0
14:51:01:532,7.742773078361319,5.1123276701284235,340.3530862874455,0.7379056024346642,-0.043267113625996334,0.12691770097432103,340.47952915636364,42,-5,6
14:51:01:672,7.229237957228654,3.6848999424531197,369.70015984807884,-0.013945228529006534,-0.11494647556298425,-0.004587951096369818,369.7891947592887,-1,-7,0
14:51:01:795,7.251543341678217,3.728790780249755,370.693887451987,0.09919404399748405,-0.09540313395671055,-0.0006024461018313694,370.783558097963,6,-5,0
14:51:01:956,7.229237957228654,3.6848999424531197,369.70015984807884,-0.013945228529006534,-0.11494647556298425,-0.004587951096369818,369.7891947592887,-1,-7,0
14:51:02:081,7.278164491734683,3.7401633032379276,370.60312931654914,0.017592668431057275,-0.08357674457313388,-0.0012923832851366166,370.69345820923587,1,-5,0
14:51:02:204,err,err,err,err,err,err,err,err,err,err
14:51:02:364,7.22936576629954,3.723783109974491,369.3626839075028,0.13206218376890405,-0.0971782598093164,0.0013369670183104813,369.4521925139799,8,-6,0
14:51:02:491,7.297338764951711,3.6843912215034154,369.5668837211386,0.11495801559533267,-0.07970183876195377,-0.0010654827449821398,369.65728375764104,7,-5,0
14:51:02:612,7.759266569747693,5.13477265666479,339.8606628032581,0.7324680247884762,-0.03369299279320899,0.125111876017507,339.9880030662934,42,-4,6
14:51:02:737,7.2940284500589,3.7428756867922406,369.34327834865064,0.07993783268627129,-0.08340864666119763,0.0005952339175351426,369.4342556271222,5,-5,0
14:51:02:861,7.251543341678217,3.728790780249755,370.693887451987,0.09919404399748405,-0.09540313395671055,-0.0006024461018313694,370.783558097963,6,-5,0
14:51:02:980,7.181007037475148,3.6813753140029464,370.87631083833713,0.05638040753554042,-0.10623486827233088,-0.0041227650884156225,370.9640916953145,3,-6,0
14:51:03:104,7.182495181802677,3.895715477086634,373.0637297137065,0.07388792403208949,-0.06712846218874775,0.0057537892743132054,373.15320079562025,4,-4,0
14:51:03:225,7.156411543034856,3.9365691940623218,373.71141082217036,0.06160789188862485,-0.07492847930747627,0.0007709320359239371,373.8006546033459,4,-4,0
14:51:03:348,7.173161428481057,3.854910824052423,372.28286286002066,0.09138544370298918,-0.08898255280663304,0.0029803433228621575,372.37191698836983,5,-5,0
14:51:03:480,err,err,err,err,err,err,err,err,err,err
14:51:03:594,7.278164491734683,3.7401633032379276,370.60312931654914,0.017592668431057275,-0.08357674457313388,-0.0012923832851366166,370.69345820923587,1,-5,0
14:51:03:722,err,err,err,err,err,err,err,err,err,err
14:51:03:842,err,err,err,err,err,err,err,err,err,err
14:51:03:963,err,err,err,err,err,err,err,err,err,err
14:51:04:088,7.216287286140166,3.7312656103155764,370.911108278611,0.09873565109080903,-0.08641079166596359,-0.0008369837325429037,371.00006386753944,6,-5,0
14:51:04:255,err,err,err,err,err,err,err,err,err,err
14:51:04:374,7.216287286140166,3.7312656103155764,370.911108278611,0.09873565109080903,-0.08641079166596359,-0.0008369837325429037,371.00006386753944,6,-5,0
14:51:04:499,7.29506725446009,3.722032022700146,369.4679854479087,0.12280176002597164,-0.07782104157487908,-0.001116965030615608,369.5587420147996,7,-4,0
14:51:04:618,err,err,err,err,err,err,err,err,err,err
14:51:04:745,7.216287286140166,3.7312656103155764,370.911108278611,0.09873565109080903,-0.08641079166596359,-0.0008369837325429037,371.00006386753944,6,-5,0
14:51:04:864,err,err,err,err,err,err,err,err,err,err
14:51:04:990,err,err,err,err,err,err,err,err,err,err
14:51:05:109,err,err,err,err,err,err,err,err,err,err
14:51:05:236,err,err,err,err,err,err,err,err,err,err
14:51:05:360,err,err,err,err,err,err,err,err,err,err
14:51:05:480,err,err,err,err,err,err,err,err,err,err
14:51:05:605,err,err,err,err,err,err,err,err,err,err
14:51:05:726,err,err,err,err,err,err,err,err,err,err
14:51:05:849,err,err,err,err,err,err,err,err,err,err
14:51:05:975,err,err,err,err,err,err,err,err,err,err
14:51:06:093,err,err,err,err,err,err,err,err,err,err
14:51:06:222,err,err,err,err,err,err,err,err,err,err
14:51:06:342,err,err,err,err,err,err,err,err,err,err
14:51:06:462,err,err,err,err,err,err,err,err,err,err
14:51:06:589,err,err,err,err,err,err,err,err,err,err
14:51:06:713,7.216287286140166,3.7312656103155764,370.911108278611,0.09873565109080903,-0.08641079166596359,-0.0008369837325429037,371.00006386753944,6,-5,0
14:51:06:837,7.2464297869393075,3.729983262758476,371.22829201939516,0.08220793749808411,-0.05643381406815688,-0.003468171579791252,371.3177457588511,5,-3,0
14:51:06:957,7.192644782946746,3.72402875249597,370.0178545746245,0.10886554362700858,-0.06627525343962803,-0.0011031985688403573,370.1064917468093,6,-4,0
14:51:07:209,7.227592778984389,3.741799265365421,369.77203020550536,0.059088649426385975,-0.07824878333708853,0.000861037830725619,369.86158692330065,3,-4,0
14:51:07:328,7.237513997762987,3.7894808396425255,371.03622066294713,-0.11713271923934125,-0.035247833585694006,0.006029344728439785,371.12614946638433,-7,-2,0
14:51:07:454,7.198842600647654,3.7889447149982542,371.0602838707481,-0.12220123121715927,-0.02487606629191597,0.005907585268014684,371.149449283011,-7,-1,0
14:51:07:574,7.179599341250283,3.7719101449000876,369.92602378200854,-0.14258250346029697,-0.04476523845282639,0.004014555243014594,370.0149145967082,-8,-3,0
14:51:07:701,7.169021166177211,3.811016586616711,370.04205946471586,0.14983925138399792,0.009247707937868378,-3.562636725832253e-05,370.1311179633413,9,1,0
14:51:07:820,7.13978397711702,3.7940851430538163,371.24924408409595,-0.10500270496805814,-0.07077085782127068,0.0035255495535142347,371.3372763813583,-6,-4,0
14:51:07:944,7.198804972256258,3.814314549042234,372.14672986072384,-0.05685105777449577,-0.07728095242376087,0.005508053082618456,372.23589339898183,-3,-4,0
14:51:08:068,7.210571062582294,3.8773549639359985,373.0009474158783,0.011972417241173743,-0.06499983109009853,0.00012540581822927037,373.0907838445057,1,-4,0
14:51:08:190,7.28923756754983,3.8757365536021933,372.48842978883437,0.029646959774716156,-0.10780078127027942,0.00271590032612315,372.57990370483014,2,-6,0
14:51:08:313,7.256877743196243,3.829136299574527,372.9592599123528,-0.03480883717152321,-0.09460488443131114,0.005652438428365714,373.0495062505114,-2,-5,0
14:51:08:435,7.28923756754983,3.8757365536021933,372.48842978883437,0.029646959774716156,-0.10780078127027942,0.00271590032612315,372.57990370483014,2,-6,0
14:51:08:555,7.231477663941497,3.8258467507115315,371.18393345064385,0.03969373414103685,-0.12266705643823012,0.001193323361615006,371.2740818108046,2,-7,0
14:51:08:680,7.254888063693009,3.878677887014668,372.7765564063677,0.027321609695693243,-0.09728434248876507,0.0025002258991610065,372.8673203019511,2,-6,0
14:51:08:804,7.198804972256258,3.814314549042234,372.14672986072384,-0.05685105777449577,-0.07728095242376087,0.005508053082618456,372.23589339898183,-3,-4,0
14:51:08:928,7.219350317709717,3.864112693398815,367.56862947411395,0.1807951253661305,-0.07438708742296105,-0.005934825788954692,367.6598261428566,10,-4,-1
14:51:09:049,7.249738829302453,3.957471429396026,369.18337874980415,0.18324397217798755,-0.057130507507181884,0.0006644130848886522,369.27576069697415,11,-3,0
14:51:09:172,7.2861538606068175,3.828215554212333,368.9230589960149,0.13538752551768646,-0.08749094868094867,-0.0039668787717316465,369.01485977042586,8,-5,-1
14:51:09:297,7.1944814007662385,3.836998241890459,367.2113800753299,0.2158319471656018,-0.09703260338432565,0.005574939940533663,367.3018932362895,12,-6,0
14:51:09:416,err,err,err,err,err,err,err,err,err,err
14:51:09:540,err,err,err,err,err,err,err,err,err,err
14:51:09:661,err,err,err,err,err,err,err,err,err,err
14:51:09:787,err,err,err,err,err,err,err,err,err,err
14:51:09:937,err,err,err,err,err,err,err,err,err,err
14:51:10:032,err,err,err,err,err,err,err,err,err,err
14:51:10:159,err,err,err,err,err,err,err,err,err,err
14:51:10:325,7.345675181714207,3.3147411255885983,368.58523353572946,-0.216403622985159,0.03614206615760918,-0.002558765951605382,368.6733253616176,-12,2,0
14:51:10:542,7.74423120169322,3.4042837558037546,363.767751601406,-0.23566457923870918,-0.36613675329503076,-0.0542521029302873,363.8661008804441,-14,-21,-1
14:51:10:667,7.129775910318965,3.653179955275237,369.3703473387046,-0.17123523476352537,0.10206202398015464,-0.002259532926538275,369.45721392528293,-10,6,-1
14:51:10:785,err,err,err,err,err,err,err,err,err,err
14:51:10:914,7.223819052643459,3.7694757020343745,369.2447311551319,0.1623431448523796,-0.07600683092081363,0.004875132021264525,369.33462333580263,9,-4,0
14:51:11:038,7.243002419742657,3.843886912076539,369.5898789852462,0.15717441584652905,-0.11783028906410933,0.0026225614246015256,369.6808288226131,9,-7,0
14:51:11:204,7.142091791295669,3.627894600429689,369.72147916438126,-0.11975977544229767,0.07019599533354841,-0.0034817503316947863,369.8082520035013,-7,4,0
14:51:11:358,7.188290631548258,3.699971336342457,370.3781826170236,-0.187437014767363,0.10787056212943599,0.0021079733484726925,370.4664080166819,-11,6,0
14:51:11:487,7.709386171152211,5.127819129640453,338.8710331009536,0.7486818774516235,-0.045174791198563914,0.12527866911684526,338.9975018183317,43,-5,6
14:51:11:600,7.672195290656179,5.028230637352909,338.8553743752771,0.7486905230754312,-0.031403112221306144,0.1304047187362518,338.9795132849913,43,-4,6
14:51:11:716,7.6773364651155696,5.114763695837125,340.02097369768927,0.7510722130013449,-0.05368679324191769,0.1324680561429078,340.1460934028018,43,-6,6
14:51:11:840,7.177524882636713,3.7888823600614288,368.4025749499182,0.1443252370339493,-0.09847300508032203,0.0036941269927924167,368.49196697175006,8,-6,0
14:51:11:959,err,err,err,err,err,err,err,err,err,err
14:51:12:083,err,err,err,err,err,err,err,err,err,err
14:51:12:207,err,err,err,err,err,err,err,err,err,err
14:51:12:328,7.144305243266287,3.671562891427274,368.444668622968,0.11724467893039213,-0.11638443682951857,0.00037460661579334295,368.53221746295577,7,-7,0
14:51:12:458,7.187696860039775,3.689653288878249,369.5124282840734,0.013607318719633946,-0.0979089364810055,-0.0024036375164990286,369.60074564851254,1,-6,0
14:51:12:720,7.187788072478684,3.6875060970298144,367.17881989538677,0.10145707141965796,-0.10306457852017745,0.0015060382018610764,367.26767864645996,6,-6,0
14:51:12:876,7.237751028108615,3.660607640818428,370.1077197950647,-0.18272234177408264,0.04190797235531699,0.00739778912647819,370.19658202115676,-10,2,0
14:51:13:035,7.2052915044937755,3.6436742219569087,370.50267322990857,0.06557069573068364,-0.06456239121983313,0.005966556713943103,370.5906413524347,4,-4,0
14:51:13:164,7.205929548303062,3.7068660779347535,370.1534779782097,0.047689408657201296,-0.0898107756720639,0.0063106849168968766,370.24216877084626,3,-5,0
14:51:13:333,7.164317035236661,3.6767108209990726,370.5290608987479,0.053901795841764674,-0.07485197204018111,-0.004377286717253634,370.6165546917065,3,-4,0
14:51:13:445,7.154707562895095,3.7889343099980666,368.5039013800405,0.140310830099296,-0.038644438275643456,-0.0016566852322064294,368.59282575197614,8,-2,0
14:51:13:561,err,err,err,err,err,err,err,err,err,err
14:51:13:682,7.161808317189734,3.724279697218951,369.67451797568833,0.12240977469076021,-0.0946726558802143,0.0015650698142889456,369.7626414312198,7,-5,0
14:51:13:803,7.16258069007852,3.683142253970157,370.14615715589935,-0.046238651483721076,0.15574070041519972,-0.0031689130859331957,370.23377176627827,-3,9,0
14:51:13:930,7.187712483204159,3.775987445839597,369.55577301890827,0.1698968872305878,-0.05343125530472255,0.0073119747294581915,369.6449521683411,10,-3,0
14:51:14:049,7.16414493795161,3.675566982495621,369.66689547178487,0.08467875228947615,-0.11540925868479923,-0.0015794178048142687,369.7545785694645,5,-7,0
14:51:14:175,err,err,err,err,err,err,err,err,err,err
14:51:14:297,err,err,err,err,err,err,err,err,err,err
14:51:14:419,7.155312449117891,3.661696311919503,371.4918955145903,-0.051501187864047136,0.15765370453077732,0.0007825153805453631,371.57884082540073,-3,9,0
14:51:14:543,7.709074512959829,5.0774151094492295,339.9777909827866,0.744830514463596,-0.051199426533137485,0.13338893955036663,340.1030848663025,42,-5,6
14:51:14:706,err,err,err,err,err,err,err,err,err,err
14:51:14:830,7.221294501461975,3.6811458099563286,370.5151191627998,0.0701861931749108,-0.13170140155479684,-0.0012485860935394105,370.6037661127781,4,-8,0
14:51:14:956,7.247296109734024,3.7186536390103364,368.304419331402,0.15320911691598177,-0.09522624797733337,0.003862694262639094,368.3944855516031,9,-5,0
14:51:15:075,err,err,err,err,err,err,err,err,err,err
14:51:15:203,7.208165199437146,3.7892673754490347,368.72892472294967,0.1335937755037258,-0.07113292619645228,0.0009949227285916636,368.8188391610815,8,-4,0
14:51:15:326,7.3555856540848,3.751978394997286,370.70679896917716,0.16572379433690754,-0.06867668159863657,0.0007125225226371499,370.79874970685245,10,-4,0
14:51:15:445,7.691553657209507,5.0979429266283285,339.34692536286633,0.7403622264162627,-0.0494375637720853,0.1293550910352419,339.47236231094814,42,-5,6
14:51:15:598,7.2825616273828,3.735317058904227,367.919037863843,0.11007389899380342,-0.11810466075871139,0.005439774229710503,368.01006334072326,6,-7,0
14:51:15:733,err,err,err,err,err,err,err,err,err,err
14:51:15:854,err,err,err,err,err,err,err,err,err,err
14:51:15:979,7.223612525809257,3.6842545835941376,371.2370797965803,0.05009413570804264,-0.06712197975724371,0.011046244938547709,371.3256303107184,3,-4,1
14:51:16:101,7.218023359231486,3.7530518078026085,370.47053613985696,0.06892128773479231,-0.11221577853096026,0.0035354907793946453,370.5598513153301,4,-6,0
14:51:16:229,err,err,err,err,err,err,err,err,err,err
14:51:16:388,7.2102854206228875,3.6966594099812546,369.0970312892157,0.16576563523521448,-0.05167560235854049,0.001999652141086599,369.18595858070296,10,-3,0
14:51:16:520,7.27989503469341,3.7674366719337886,370.56447552152724,0.11042566860949246,-0.06614679035192224,0.004101753117278444,370.6551240295185,6,-4,0
14:51:16:636,7.198980487193519,3.7819500901116365,370.69110962177047,0.03349586329467198,-0.042168040275045816,0.0034506924635098464,370.7802950793887,2,-2,0
14:51:16:759,7.675166215185207,5.09104276564349,338.86267292447235,0.7423059815172827,-0.04211580492746165,0.12634649638411805,338.9878139319912,42,-5,6
14:51:16:881,7.105838372325478,3.7117704684079587,370.45322506630043,-0.10515759850093997,0.1325054691407265,-0.0013876863197030585,370.5399602485632,-6,8,0
14:51:17:002,7.256044192427734,3.727518564394471,371.8076650361664,-0.10900040450104015,0.07256887201163768,-0.0018777569598586155,371.89714216650884,-6,4,0
14:51:17:125,7.7050268045642545,5.167299788809407,337.257727387511,0.746782922044742,-0.041373284530521096,0.12590834528006503,337.3853036333313,43,-5,6
14:51:17:250,err,err,err,err,err,err,err,err,err,err
14:51:17:414,7.158940723267999,3.788322704042085,369.7647042612768,0.09313454062635153,-0.08096974633694762,0.0029570799133534155,369.85340114512763,5,-5,0
14:51:17:536,7.192484849912473,3.744389980554047,370.06001447606656,0.05602184025686553,-0.06508696775067474,0.0006150210159337431,370.14884385699395,3,-4,0
14:51:17:664,7.179058191037341,3.7803138889920405,369.0170325845734,0.09669409232350701,-0.08754439110281985,-0.002253489880840347,369.10621775734654,6,-5,0
14:51:17:782,7.283151106874624,3.72735214695731,371.0352045650455,0.08125509896893648,-0.0686717646205101,-0.003197831238986692,371.12539723211904,5,-4,0
14:51:17:905,7.165717358789492,3.7984400269543688,370.10281793084147,0.11160603321560184,-0.08306227218323325,0.0014638717723522065,370.19166858838685,6,-5,0
14:51:18:028,7.203297402430336,3.7844793765277474,370.022219676141,0.07048161506567222,-0.08642110279331203,0.006174173996395345,370.1116761623139,4,-5,0
14:51:18:152,7.291106598881039,3.654550003843999,369.5197288619779,0.13539380523382488,-0.0623364522810803,-0.0014127185917832297,369.6097211781591,8,-4,0
14:51:18:274,7.178625019447753,3.669330483197359,368.22884590405414,0.1182957607811205,-0.1229415004775588,0.0005846366908168556,368.31709110384276,7,-7,0
14:51:18:397,7.381288931121508,3.673174943497563,369.07944462239305,0.09938317328382579,-0.14282126384877566,0.000566642894707681,369.17152122451745,6,-8,0
14:51:18:520,7.396661210961578,3.579195368739056,371.3532590997626,0.059720616199052855,-0.05535380860924609,0.0006665809569455324,371.4441603802283,3,-3,0
14:51:18:643,7.37616701361657,3.474490689568051,370.05429710870595,-0.0029578390382719276,0.16255522579093612,-0.001082191660485563,370.14411076496015,0,9,0
14:51:18:767,7.474610807220353,3.499972011609879,370.7835813527424,-0.09355522409008207,0.1498451520509258,0.0033690406908948077,370.87542896714956,-5,9,0
14:51:18:887,7.474610807220353,3.499972011609879,370.7835813527424,-0.09355522409008207,0.1498451520509258,0.0033690406908948077,370.87542896714956,-5,9,0
14:51:19:053,7.941410526308801,5.044510101135071,340.00831580483424,0.7441165966256383,-0.04400585752428619,0.1357750108734374,340.13845401504915,42,-5,6
14:51:19:222,7.5318017713640675,3.5372391368055798,373.553810395361,-0.066369203506986,0.12261880870409653,-0.0030575081979248146,373.64647644468346,-4,7,0
14:51:19:385,7.318354414185986,3.456427220063693,370.29503139722993,-0.1029673003650897,0.14059245427082454,-0.0014963000181583486,370.3834708487067,-6,8,-1
14:51:19:502,7.340809546715102,3.608615557542603,369.8814431004511,-0.04022043014983285,-0.10991058671264213,-0.0017086112030581114,369.9718793923608,-2,-6,0
14:51:19:630,7.212275615728163,3.6181473412875214,369.9957581761439,0.11883896486893551,-0.10766372844139725,0.006805666365598255,370.08373238779365,7,-6,0
14:51:19:752,7.6598098282826514,5.08827644095326,341.02937506481175,0.7340329446886555,-0.036904955784549644,0.13524778311852126,341.1533348816058,42,-5,6
14:51:19:871,err,err,err,err,err,err,err,err,err,err
14:51:19:997,7.283636284079392,3.6374814280756844,370.74387385671906,0.03391236306349097,-0.07160626260011886,0.006003014974268971,370.833254483663,2,-4,0
14:51:20:116,err,err,err,err,err,err,err,err,err,err
14:51:20:244,err,err,err,err,err,err,err,err,err,err
14:51:20:361,err,err,err,err,err,err,err,err,err,err
14:51:20:487,7.128444422355478,3.6354945904892046,369.09218389900826,0.09445333084028887,-0.14473523785414869,0.0006109598824419088,369.1789156440809,5,-8,0
14:51:20:612,err,err,err,err,err,err,err,err,err,err
14:51:20:732,7.014710420648587,3.6947165025228363,368.9165502339102,0.1672595523108028,-0.1111313993351279,0.007619636548452332,369.00173187779046,10,-6,0
14:51:20:899,err,err,err,err,err,err,err,err,err,err
14:51:21:018,err,err,err,err,err,err,err,err,err,err
14:51:21:142,err,err,err,err,err,err,err,err,err,err
14:51:21:269,err,err,err,err,err,err,err,err,err,err
14:51:21:390,err,err,err,err,err,err,err,err,err,err
14:51:21:548,err,err,err,err,err,err,err,err,err,err
14:51:21:677,7.131489353326079,3.7920304408669088,368.87132266891774,0.13800970091106607,-0.14450290914367625,0.006602859644175977,368.9597407885824,8,-8,0
14:51:21:798,err,err,err,err,err,err,err,err,err,err
14:51:21:923,err,err,err,err,err,err,err,err,err,err
14:51:22:043,err,err,err,err,err,err,err,err,err,err
14:51:22:170,7.164044954636501,3.732364356872113,371.0054270409177,0.098822271582971,-0.12520177826496554,0.007307672065704473,371.09335884332154,6,-7,0
14:51:22:291,err,err,err,err,err,err,err,err,err,err
14:51:22:414,err,err,err,err,err,err,err,err,err,err
14:51:22:536,err,err,err,err,err,err,err,err,err,err
14:51:22:667,err,err,err,err,err,err,err,err,err,err
14:51:22:784,err,err,err,err,err,err,err,err,err,err
14:51:22:907,err,err,err,err,err,err,err,err,err,err
14:51:23:029,err,err,err,err,err,err,err,err,err,err
14:51:23:153,err,err,err,err,err,err,err,err,err,err
14:51:23:275,7.168325029557915,3.821778321139526,372.01007670270747,0.11228258690917206,-0.08766772969298404,0.0028621383282537547,372.0987611395926,6,-5,0
14:51:23:402,err,err,err,err,err,err,err,err,err,err
14:51:23:522,err,err,err,err,err,err,err,err,err,err
14:51:23:647,err,err,err,err,err,err,err,err,err,err
14:51:23:771,err,err,err,err,err,err,err,err,err,err
14:51:23:891,err,err,err,err,err,err,err,err,err,err
14:51:24:017,7.1719179979868075,3.768991396138188,372.08853862876305,0.05649385319676318,-0.09108187932781352,0.007512525874414259,372.1767352788222,3,-5,0
14:51:24:139,err,err,err,err,err,err,err,err,err,err
14:51:24:267,err,err,err,err,err,err,err,err,err,err
14:51:24:384,err,err,err,err,err,err,err,err,err,err
14:51:24:547,err,err,err,err,err,err,err,err,err,err
14:51:24:672,7.0821909459445,3.738239162319016,368.33205836217456,0.10473326283874869,-0.14379442228595304,0.005910338246681886,368.41910520214054,6,-8,0
14:51:24:792,err,err,err,err,err,err,err,err,err,err
14:51:24:920,7.05963171748216,3.7815732849716563,369.3527470750994,0.08804346605768915,-0.12283406478322932,0.008479358393705875,369.43956267354264,5,-7,0
14:51:25:039,err,err,err,err,err,err,err,err,err,err
14:51:25:163,err,err,err,err,err,err,err,err,err,err
14:51:25:286,7.160443971748217,3.7792937547090117,371.13837975538684,0.003266769473063512,-0.1310315677177989,0.004476124105591372,371.2266853912992,0,-8,0
14:51:25:408,err,err,err,err,err,err,err,err,err,err
14:51:25:530,err,err,err,err,err,err,err,err,err,err
14:51:25:651,err,err,err,err,err,err,err,err,err,err
14:51:25:779,7.127592980236671,3.7312418975530677,369.0620716345325,0.05320309500775399,-0.14133334610796255,0.005008867491155835,369.1497493795205,3,-8,0
14:51:25:899,err,err,err,err,err,err,err,err,err,err
14:51:26:027,7.104497340966166,3.746220687221305,369.3927148804142,0.08980124970229694,-0.15326982101388212,0.0060415232253485315,369.4800209194377,5,-9,0
14:51:26:145,err,err,err,err,err,err,err,err,err,err
14:51:26:296,err,err,err,err,err,err,err,err,err,err
14:51:26:396,7.193717745410713,3.796762442138257,369.32680243896215,0.13505695151738392,-0.09966340198208616,0.0017065188735037498,369.41636669188176,8,-6,0
14:51:26:514,err,err,err,err,err,err,err,err,err,err
14:51:26:638,err,err,err,err,err,err,err,err,err,err
14:51:26:759,err,err,err,err,err,err,err,err,err,err
14:51:26:883,err,err,err,err,err,err,err,err,err,err
14:51:27:007,err,err,err,err,err,err,err,err,err,err
14:51:27:129,7.647117350894077,5.17088156229839,342.11244223653586,0.7320276866249465,-0.037450363053486556,0.1301758185151943,342.2369640365528,42,-5,6
14:51:27:295,err,err,err,err,err,err,err,err,err,err
14:51:27:415,err,err,err,err,err,err,err,err,err,err
14:51:27:537,err,err,err,err,err,err,err,err,err,err
14:51:27:669,err,err,err,err,err,err,err,err,err,err
14:51:27:785,err,err,err,err,err,err,err,err,err,err
14:51:27:911,7.109511997765895,3.6726139014581594,368.959406265701,-0.028903223660520692,-0.1021419516075312,0.0053193867016877,369.04617153637315,-2,-6,0
14:51:28:031,7.613028532460013,5.150829732490525,340.48478719288875,0.7436430578053304,-0.046876721595029154,0.12593181901832973,340.60883658554116,42,-5,6
14:51:28:155,7.131156990721321,3.7488211126670854,372.57594353872724,0.0908894712566316,-0.05566837457214232,0.0028575754567463007,372.66303917015165,5,-3,0
14:51:28:277,err,err,err,err,err,err,err,err,err,err
14:51:28:440,7.130576891870944,3.804846413519153,371.26515374271,0.08795370807824998,-0.12086583197420427,0.007193122737288755,371.35311546645124,5,-7,0
14:51:28:567,err,err,err,err,err,err,err,err,err,err
14:51:28:687,err,err,err,err,err,err,err,err,err,err
14:51:28:850,err,err,err,err,err,err,err,err,err,err
14:51:28:979,7.140137911067203,3.7141138023140723,369.8989027510238,0.08332018251231,-0.12853383570495952,0.003376813068522106,369.9864517345695,5,-7,0
14:51:29:097,7.095256489430752,3.826837043422354,371.18174626194735,0.043401990479334435,-0.13936152977759075,0.006729582240660679,371.2692770813071,2,-8,0
14:51:29:221,err,err,err,err,err,err,err,err,err,err
14:51:29:347,7.633213880468223,5.1821639043810155,342.6730975064901,0.7364562671736571,-0.053686615180700684,0.12925346611406877,342.7972761437426,42,-5,6
14:51:29:466,7.5787015730441905,5.117975326396235,340.53038535557846,0.7429311445607614,-0.03973304013163117,0.1284538385805372,340.6531575362155,42,-5,6
14:51:29:590,7.133918754571306,3.731168786875705,371.88633974736445,0.06079919623993279,-0.11724721599989091,-0.00029330242945548566,371.97347231759034,4,-7,0
14:51:29:711,err,err,err,err,err,err,err,err,err,err
14:51:29:836,err,err,err,err,err,err,err,err,err,err
14:51:30:040,err,err,err,err,err,err,err,err,err,err
14:51:30:163,7.5272769217101825,5.132521749977689,339.4404870694423,0.7400819962622339,-0.04994605947897954,0.12945571103146708,339.56272901970607,42,-5,6
14:51:30:288,6.998955285163409,3.7109215798890904,367.67348978629593,0.15361135307948376,-0.1375994762897157,0.006577158103384491,367.7588223356297,9,-8,0
14:51:30:412,err,err,err,err,err,err,err,err,err,err
14:51:30:533,err,err,err,err,err,err,err,err,err,err
14:51:30:660,7.072353358557372,3.793712025201927,368.63703091573643,0.15006020814131288,-0.0882362002537664,0.006539996004588205,368.72438351067603,9,-5,0
14:51:30:778,err,err,err,err,err,err,err,err,err,err
14:51:30:900,err,err,err,err,err,err,err,err,err,err
14:51:31:024,7.091868176509697,3.7937667869740475,369.76352159063066,0.11028435159664869,-0.09938656650718686,0.0014155681951947623,369.8509823696183,6,-6,0
14:51:31:146,7.091023322794628,3.807187737840175,369.73273843246403,0.1508587654958346,-0.09682967613036657,-0.00020254264615538096,369.82032821223396,9,-6,0
14:51:31:272,err,err,err,err,err,err,err,err,err,err
14:51:31:393,err,err,err,err,err,err,err,err,err,err
14:51:31:514,err,err,err,err,err,err,err,err,err,err
14:51:31:640,7.066310454434086,3.7133298202074414,371.8758321603817,0.12017401281446802,-0.11028345368941336,0.0057189929373376806,371.96149815104314,7,-6,0
14:51:31:763,7.078967069955192,3.8197747528552,371.638886601895,0.11983605779024788,-0.07095599842438638,-0.002637745210868074,371.7259265757989,7,-4,0
14:51:31:888,6.995319406462253,3.7620941607249514,369.5862370804591,0.12957392625238331,-0.024707649184426556,0.006390464749978774,369.67157651808435,7,-1,0
14:51:32:009,7.103096881072848,3.7779752845910832,370.87407863640215,0.13087658056538717,-0.06522050548605693,0.0023425298766750306,370.9613312556352,8,-4,0
14:51:32:135,7.118000497716314,3.6695127369770897,370.9999227468348,0.12840423057850997,-0.09005763947930912,0.008134370865639815,371.086342962079,7,-5,0
14:51:32:255,7.0958178065674895,3.7020031348173643,369.89531183289847,0.04175917806612881,-0.10368241537597575,0.006048386876498314,369.9818876289911,2,-6,0
14:51:32:381,7.559074151156444,5.058259221332089,340.9997591502808,0.7416139255662995,-0.03969161608377619,0.13398291973428486,341.1210361864574,42,-5,6
14:51:32:503,7.081056385844818,3.718509357462559,369.05277794096975,0.1269878985582222,-0.09329645182084986,0.006692413322879118,369.13943378800343,7,-5,0
14:51:32:623,7.122879166795823,3.72758511779389,371.8461226421271,0.04954447247424205,-0.07927816525498614,0.0023085985419540904,371.93301711789314,3,-5,0
14:51:32:752,7.124755041848998,3.71137064603508,371.6574297121377,0.12129663537191496,-0.06767242908495565,0.01081510229278903,371.7442420088187,7,-4,0
14:51:33:004,7.111602168281751,3.7178239252940064,369.34643233038645,0.11418051557971678,-0.06724939210208895,0.004041438726159812,369.4335991424225,7,-4,0
14:51:33:131,7.060732755492028,3.7055807810648855,369.3993604017807,0.07442496873812116,-0.12590386247096416,0.008550295650019758,369.4854161414414,4,-7,0
14:51:33:255,err,err,err,err,err,err,err,err,err,err
14:51:33:376,err,err,err,err,err,err,err,err,err,err
14:51:33:494,err,err,err,err,err,err,err,err,err,err
14:51:33:607,err,err,err,err,err,err,err,err,err,err
14:51:33:731,err,err,err,err,err,err,err,err,err,err
14:51:33:853,err,err,err,err,err,err,err,err,err,err
14:51:33:974,err,err,err,err,err,err,err,err,err,err
14:51:34:098,err,err,err,err,err,err,err,err,err,err
14:51:34:228,err,err,err,err,err,err,err,err,err,err
14:51:34:346,err,err,err,err,err,err,err,err,err,err
14:51:34:468,err,err,err,err,err,err,err,err,err,err
14:51:34:594,7.062508477902196,3.6404765863133566,369.72494967802896,0.08563303457364012,-0.11056002699025397,0.008331038788535772,369.81031693315015,5,-6,0
14:51:34:716,7.109493881367984,3.78626836498831,372.22974239706673,0.10788850164237614,-0.12423788520127124,0.0005991559660833465,372.316883657413,6,-7,0
14:51:34:881,err,err,err,err,err,err,err,err,err,err
14:51:35:001,err,err,err,err,err,err,err,err,err,err
14:51:35:127,err,err,err,err,err,err,err,err,err,err
14:51:35:248,err,err,err,err,err,err,err,err,err,err
14:51:35:369,err,err,err,err,err,err,err,err,err,err
14:51:35:533,7.058806510561667,3.7996125788370048,372.14466441355603,0.14964506289257415,-0.07919551176415414,0.0012090048244008784,372.2309969045848,9,-5,0
14:51:35:654,err,err,err,err,err,err,err,err,err,err
14:51:35:782,err,err,err,err,err,err,err,err,err,err
14:51:35:901,7.070921563429967,3.7443337353660717,370.10771448505494,0.05391091658228663,-0.11231988453427856,0.01138038845816466,370.19418997092447,3,-6,0
14:51:36:026,err,err,err,err,err,err,err,err,err,err
14:51:36:149,err,err,err,err,err,err,err,err,err,err
14:51:36:272,7.007080138246653,3.6907957232566573,368.2115747682891,0.07379881830670738,-0.15681708583591075,0.0023080276104347416,368.2967349006477,4,-9,0
14:51:36:398,6.9976210376910695,3.742544796274928,368.3091570795178,0.11871640873996848,-0.11742142564721464,0.00032756162875077473,368.3946369457136,7,-7,0
14:51:36:518,err,err,err,err,err,err,err,err,err,err
14:51:36:639,err,err,err,err,err,err,err,err,err,err
14:51:36:769,7.141156774671992,3.723730060532008,374.72057122006044,0.043631197474990675,-0.06452256154379882,0.00903645990094072,374.80710876547226,2,-4,0
14:51:36:888,7.0487801932919165,3.7452326881782554,369.3314774485677,0.0883282690170784,-0.10221459485753473,0.003306255608172669,369.4177206150834,5,-6,0
14:51:37:008,err,err,err,err,err,err,err,err,err,err
14:51:37:175,err,err,err,err,err,err,err,err,err,err
14:51:37:296,err,err,err,err,err,err,err,err,err,err
14:51:37:422,err,err,err,err,err,err,err,err,err,err
14:51:37:542,err,err,err,err,err,err,err,err,err,err
14:51:37:670,err,err,err,err,err,err,err,err,err,err
14:51:37:792,err,err,err,err,err,err,err,err,err,err
14:51:37:913,7.1186129248042285,3.747391428247698,370.2518844314156,0.05952643530635449,-0.15795194007818764,0.004085080006863543,370.33927082812056,3,-9,0
14:51:38:036,err,err,err,err,err,err,err,err,err,err
14:51:38:156,err,err,err,err,err,err,err,err,err,err
14:51:38:286,6.9387074708708285,3.6258191892422813,371.54821434412065,-0.05185787035275517,0.1532350238543042,0.00043564660868928765,371.630687387982,-3,9,0
14:51:38:403,err,err,err,err,err,err,err,err,err,err
14:51:38:491,err,err,err,err,err,err,err,err,err,err
14:51:38:609,err,err,err,err,err,err,err,err,err,err
14:51:38:732,err,err,err,err,err,err,err,err,err,err
14:51:38:855,err,err,err,err,err,err,err,err,err,err
14:51:38:978,err,err,err,err,err,err,err,err,err,err
14:51:39:103,err,err,err,err,err,err,err,err,err,err
14:51:39:225,err,err,err,err,err,err,err,err,err,err
14:51:39:347,err,err,err,err,err,err,err,err,err,err
14:51:39:473,7.077865190033178,3.797931665861803,370.55476160459745,0.09381840428380885,-0.12313158142415248,0.0020869550865375316,370.64181065879075,5,-7,0
14:51:39:689,7.117344685449844,3.8184876534386047,371.17554256948887,0.13240844852590064,-0.0777524119685025,0.007948566699109599,371.2634116703199,8,-4,0
14:51:39:813,err,err,err,err,err,err,err,err,err,err
14:51:39:937,err,err,err,err,err,err,err,err,err,err
14:51:40:098,err,err,err,err,err,err,err,err,err,err
14:51:40:222,err,err,err,err,err,err,err,err,err,err
14:51:40:346,err,err,err,err,err,err,err,err,err,err
14:51:40:514,7.003013325108337,3.6892238954025807,371.2033877647746,-0.0784670231117333,0.17419603207312712,0.0031087767664447863,371.28776933347496,-5,10,0
14:51:40:639,err,err,err,err,err,err,err,err,err,err
14:51:40:760,err,err,err,err,err,err,err,err,err,err
14:51:40:879,err,err,err,err,err,err,err,err,err,err
14:51:41:010,err,err,err,err,err,err,err,err,err,err
14:51:41:113,err,err,err,err,err,err,err,err,err,err
14:51:41:239,err,err,err,err,err,err,err,err,err,err
14:51:41:355,err,err,err,err,err,err,err,err,err,err
14:51:41:516,err,err,err,err,err,err,err,err,err,err
14:51:41:647,err,err,err,err,err,err,err,err,err,err
14:51:41:808,err,err,err,err,err,err,err,err,err,err
14:51:41:932,7.027268698629079,3.6631127892075233,369.84867975780065,0.1488616655908859,-0.09324979594153408,0.010352775265518067,369.9335708194883,9,-5,0
14:51:42:053,err,err,err,err,err,err,err,err,err,err
14:51:42:176,6.957054409068289,3.6869829952297186,367.28872722395596,0.09680350017358857,-0.15651106660723038,0.004677374565361869,367.37311223802345,6,-9,0
14:51:42:304,7.087791785757526,3.7133679142561915,371.8061275580287,0.12199649664230205,-0.058150569313574575,0.010562474972202713,371.8922187722701,7,-3,0
14:51:42:429,err,err,err,err,err,err,err,err,err,err
14:51:42:547,err,err,err,err,err,err,err,err,err,err
14:51:42:681,err,err,err,err,err,err,err,err,err,err
14:51:42:794,err,err,err,err,err,err,err,err,err,err
14:51:42:919,err,err,err,err,err,err,err,err,err,err
14:51:43:041,err,err,err,err,err,err,err,err,err,err
14:51:43:163,err,err,err,err,err,err,err,err,err,err
14:51:43:289,err,err,err,err,err,err,err,err,err,err
14:51:43:407,err,err,err,err,err,err,err,err,err,err
14:51:43:533,err,err,err,err,err,err,err,err,err,err
14:51:43:693,err,err,err,err,err,err,err,err,err,err
14:51:43:816,err,err,err,err,err,err,err,err,err,err
14:51:43:945,7.067697591649961,3.5705664355014686,370.66787390286277,0.05821944009128985,-0.09322195586697392,0.0007766809520649225,370.7524430635433,3,-5,0
14:51:44:068,err,err,err,err,err,err,err,err,err,err
14:51:44:194,7.064971414240123,3.7426107079295825,369.5753304006871,0.07079579237501385,-0.14133676479306023,0.0037704161268672528,369.6617992121612,4,-8,0
14:51:44:313,err,err,err,err,err,err,err,err,err,err
14:51:44:434,err,err,err,err,err,err,err,err,err,err
14:51:44:556,err,err,err,err,err,err,err,err,err,err
14:51:44:684,7.150244527412145,3.822292296147834,369.9527368691215,0.07915447563911455,-0.1446006936193805,0.00902352785446208,370.0415698704031,5,-8,0
14:51:44:807,err,err,err,err,err,err,err,err,err,err
14:51:44:966,err,err,err,err,err,err,err,err,err,err
14:51:45:087,err,err,err,err,err,err,err,err,err,err
14:51:45:214,err,err,err,err,err,err,err,err,err,err
14:51:45:334,err,err,err,err,err,err,err,err,err,err
14:51:45:465,7.113865575042922,3.7260585432628366,370.0011030977632,0.11705405478658626,-0.14492841609259122,0.004464573390713014,370.0882420305314,7,-8,0
14:51:45:606,7.117624727336099,3.65279671710728,370.9024332463646,0.08014474076966308,-0.09710337689018383,0.009828984366355395,370.98870399742583,5,-6,0
14:51:45:749,err,err,err,err,err,err,err,err,err,err
14:51:45:878,err,err,err,err,err,err,err,err,err,err
14:51:46:011,err,err,err,err,err,err,err,err,err,err
14:51:46:112,err,err,err,err,err,err,err,err,err,err
14:51:46:244,7.102275708445336,3.6838538937153325,369.67260251390354,0.11008386982634676,-0.12370054155477145,0.00714062029317188,369.7591731778287,6,-7,0
14:51:46:359,7.087117535359333,3.6878464280906393,371.04677994530243,0.07095177487149747,-0.12038313383397176,0.005029493071859032,371.132779950808,4,-7,0
14:51:46:522,err,err,err,err,err,err,err,err,err,err
14:51:46:838,err,err,err,err,err,err,err,err,err,err
14:51:46:936,err,err,err,err,err,err,err,err,err,err
14:51:47:062,err,err,err,err,err,err,err,err,err,err
14:51:47:179,err,err,err,err,err,err,err,err,err,err
14:51:47:300,err,err,err,err,err,err,err,err,err,err
14:51:47:466,7.005883735316499,3.672753938663272,370.51861016197677,0.040573884614420075,-0.1260827184303406,0.006806641379243929,370.6030383102244,2,-7,0
14:51:47:591,7.053192563745774,3.7562469355228543,368.9098863787976,0.13780979012003022,-0.1304573179431993,0.004128810480276279,368.9964243517805,8,-7,0
14:51:47:718,err,err,err,err,err,err,err,err,err,err
14:51:47:837,err,err,err,err,err,err,err,err,err,err
14:51:47:987,7.105954904891423,3.757735242758874,370.0353390604133,0.10073724364717689,-0.11523509488821565,0.00707034079178888,370.12263821984743,6,-7,0
14:51:48:123,err,err,err,err,err,err,err,err,err,err
14:51:48:249,err,err,err,err,err,err,err,err,err,err
14:51:48:368,err,err,err,err,err,err,err,err,err,err
14:51:48:497,err,err,err,err,err,err,err,err,err,err
14:51:48:616,err,err,err,err,err,err,err,err,err,err
14:51:48:746,err,err,err,err,err,err,err,err,err,err
14:51:48:863,err,err,err,err,err,err,err,err,err,err
14:51:48:988,err,err,err,err,err,err,err,err,err,err
14:51:49:105,err,err,err,err,err,err,err,err,err,err
14:51:49:226,err,err,err,err,err,err,err,err,err,err
14:51:49:354,err,err,err,err,err,err,err,err,err,err
14:51:49:475,err,err,err,err,err,err,err,err,err,err
14:51:49:598,err,err,err,err,err,err,err,err,err,err
14:51:49:724,err,err,err,err,err,err,err,err,err,err
14:51:49:841,err,err,err,err,err,err,err,err,err,err
14:51:49:965,7.096259641146878,3.7846938260896157,372.0688283331548,0.10822924084467894,-0.08712037409623032,0.00307259063100695,372.155738670598,6,-5,0
14:51:50:091,err,err,err,err,err,err,err,err,err,err
14:51:50:341,7.1054288971798965,3.675563568382147,372.5867166707784,0.08981452047138992,-0.08108731050672847,0.0060191754530867,372.67258864433404,5,-5,0
14:51:50:459,7.053881318145017,3.6588001832634895,369.00832044573207,0.055122229722442635,-0.13946247362464767,0.00518758070596994,369.09386965731574,3,-8,0
14:51:50:584,7.123456632651749,3.6348002968808046,369.2506984565863,0.08457090456267384,-0.004758311568823637,0.0025640379215452944,369.3372899102828,5,0,0
14:51:50:708,7.192484849912473,3.744389980554047,370.06001447606656,0.05602184025686553,-0.06508696775067474,0.0006150210159337431,370.14884385699395,3,-4,0
14:51:50:827,7.095149793995945,3.58880453886403,366.69422806006537,0.03168865162191536,-0.08486246929640194,-0.001278943816138786,366.7804214529241,2,-5,0
14:51:50:956,err,err,err,err,err,err,err,err,err,err
14:51:51:080,7.198646832689163,3.790990200404196,372.0271175679685,0.006275058542287067,-0.08334355200174419,0.002342723828069242,372.11606835616817,0,-5,0
14:51:51:197,7.197567678415349,3.6888844996716714,371.1891012541501,0.06855079903242886,-0.11635361625080716,0.004919309765705057,371.2772033658961,4,-7,0
14:51:51:373,7.180471613338176,3.6883822763802745,368.24528752018057,0.06336708047064717,-0.1267667945466768,0.00512382854777893,368.3337550608512,4,-7,0
14:51:51:531,7.11141606648293,3.664082116491847,369.38690196083763,0.05656398636441258,-0.06661658757933331,0.005764108277384774,369.4735187756391,3,-4,0
14:51:51:655,7.278164491734683,3.7401633032379276,370.60312931654914,0.017592668431057275,-0.08357674457313388,-0.0012923832851366166,370.69345820923587,1,-5,0
14:51:51:814,7.278164491734683,3.7401633032379276,370.60312931654914,0.017592668431057275,-0.08357674457313388,-0.0012923832851366166,370.69345820923587,1,-5,0
14:51:51:933,7.143944238048257,3.700905582067508,368.98982000282376,0.07460564651459191,-0.07649437222908113,0.0059138964868878045,369.0775256055562,4,-4,0
14:51:52:060,7.257845273851887,3.678659411043707,369.02264507561597,-0.0064225551551854,-0.1193369545342007,0.0004869657828083507,369.1123425621063,0,-7,0
14:51:52:285,7.683210380864626,5.167382495632146,342.15928705991234,0.7243083537801376,-0.042165590707098154,0.12875228598672028,342.2845472482804,41,-5,6
14:51:52:439,7.119673202552886,3.6930035976803,371.7102614482321,0.06153755998577185,-0.07586372599609893,0.0022217202745774822,371.79678116949407,4,-4,0
14:51:52:608,err,err,err,err,err,err,err,err,err,err
14:51:52:743,7.097274495278501,3.672802017151763,369.2914841945113,0.09057741374809755,-0.14190319978971494,0.003846428719330788,369.37793799644226,5,-8,0
14:51:52:888,err,err,err,err,err,err,err,err,err,err
14:51:53:009,err,err,err,err,err,err,err,err,err,err
14:51:53:156,err,err,err,err,err,err,err,err,err,err
14:51:53:292,7.113324042515641,3.7430488284828494,371.0324338445045,0.00921571768750028,-0.11341915186885544,-0.0007657694910538756,371.1194912127937,1,-6,0
14:51:53:409,7.080742300166577,3.7490676075176905,370.70706810266955,0.04622844126627113,-0.13320145967215916,0.0016817838018267793,370.79363905105544,3,-8,0
14:51:53:532,err,err,err,err,err,err,err,err,err,err
14:51:53:656,err,err,err,err,err,err,err,err,err,err
14:51:53:779,err,err,err,err,err,err,err,err,err,err
14:51:53:906,err,err,err,err,err,err,err,err,err,err
14:51:54:024,err,err,err,err,err,err,err,err,err,err
14:51:54:147,7.148073004214058,3.7238971118145443,369.7954447460701,0.11800417969425676,-0.15007813721153862,0.004659140856374045,369.8832698464702,7,-9,0
14:51:54:273,7.052741763528965,3.8574775164394155,372.6960182206602,0.08400018298454366,-0.13945364602550467,0.006069977828970875,372.7827025181125,5,-8,0
14:51:54:394,6.994450281336156,3.850463220398006,371.7180231195545,0.09971580241646334,-0.12604514324939745,0.005747033177428922,371.8037615646988,6,-7,0
14:51:54:517,7.649670760281099,5.167642403345561,342.17743359434303,0.7243103905554668,-0.0415546770952158,0.12862671702293116,342.30193988927465,41,-5,6
14:51:54:639,7.131821675411462,3.7296287335274956,371.1007646299868,0.08726789670902609,-0.14664596104711397,0.0024814863641353774,371.18802583038786,5,-8,0
14:51:54:763,err,err,err,err,err,err,err,err,err,err
14:51:54:885,err,err,err,err,err,err,err,err,err,err
14:51:55:007,7.153761205882464,3.744575384653228,370.71009998130904,0.02961850939807332,-0.1380099637448562,0.0015642253424083777,370.79802638681116,2,-8,0
14:51:55:129,err,err,err,err,err,err,err,err,err,err
14:51:55:252,7.131821675411462,3.7296287335274956,371.1007646299868,0.08726789670902609,-0.14664596104711397,0.0024814863641353774,371.18802583038786,5,-8,0
14:51:55:377,err,err,err,err,err,err,err,err,err,err
14:51:55:499,err,err,err,err,err,err,err,err,err,err
14:51:55:622,err,err,err,err,err,err,err,err,err,err
14:51:55:748,7.168148947384024,3.7286290669685465,371.6318468575557,0.0625807057624703,-0.12501723746945573,-8.565107085291896e-05,371.7196721089814,4,-7,0
14:51:55:868,err,err,err,err,err,err,err,err,err,err
14:51:55:995,7.131821675411462,3.7296287335274956,371.1007646299868,0.08726789670902609,-0.14664596104711397,0.0024814863641353774,371.18802583038786,5,-8,0
14:51:56:114,err,err,err,err,err,err,err,err,err,err
14:51:56:240,err,err,err,err,err,err,err,err,err,err
14:51:56:363,7.160443971748217,3.7792937547090117,371.13837975538684,0.003266769473063512,-0.1310315677177989,0.004476124105591372,371.2266853912992,0,-8,0
14:51:56:484,err,err,err,err,err,err,err,err,err,err
14:51:56:614,7.131821675411462,3.7296287335274956,371.1007646299868,0.08726789670902609,-0.14664596104711397,0.0024814863641353774,371.18802583038786,5,-8,0
14:51:56:728,err,err,err,err,err,err,err,err,err,err
14:51:56:853,err,err,err,err,err,err,err,err,err,err
14:51:56:976,err,err,err,err,err,err,err,err,err,err
14:51:57:099,err,err,err,err,err,err,err,err,err,err
14:51:57:224,err,err,err,err,err,err,err,err,err,err
14:51:57:346,err,err,err,err,err,err,err,err,err,err
14:51:57:511,err,err,err,err,err,err,err,err,err,err
14:51:57:682,err,err,err,err,err,err,err,err,err,err
14:51:57:795,err,err,err,err,err,err,err,err,err,err
14:51:57:920,err,err,err,err,err,err,err,err,err,err
14:51:58:043,err,err,err,err,err,err,err,err,err,err
14:51:58:244,err,err,err,err,err,err,err,err,err,err
14:51:58:370,7.092759279834099,3.7323137467525695,371.52544512882037,0.07932169136360598,-0.12001568136661671,1.6068409885149387e-05,371.61188594859823,5,-7,0
14:51:58:496,err,err,err,err,err,err,err,err,err,err
14:51:58:616,7.080742300166577,3.7490676075176905,370.70706810266955,0.04622844126627113,-0.13320145967215916,0.0016817838018267793,370.79363905105544,3,-8,0
14:51:58:741,7.092759279834099,3.7323137467525695,371.52544512882037,0.07932169136360598,-0.12001568136661671,1.6068409885149387e-05,371.61188594859823,5,-7,0
14:51:58:861,7.131821675411462,3.7296287335274956,371.1007646299868,0.08726789670902609,-0.14664596104711397,0.0024814863641353774,371.18802583038786,5,-8,0
14:51:59:007,7.153761205882464,3.744575384653228,370.71009998130904,0.02961850939807332,-0.1380099637448562,0.0015642253424083777,370.79802638681116,2,-8,0
14:51:59:150,err,err,err,err,err,err,err,err,err,err
14:51:59:276,err,err,err,err,err,err,err,err,err,err
14:51:59:394,err,err,err,err,err,err,err,err,err,err
14:51:59:562,err,err,err,err,err,err,err,err,err,err
14:51:59:683,7.113324042515641,3.7430488284828494,371.0324338445045,0.00921571768750028,-0.11341915186885544,-0.0007657694910538756,371.1194912127937,1,-6,0
14:51:59:805,7.102931110351311,3.7721812830471912,372.2487168406,0.061438039405941426,-0.10499285313519466,0.0028413677299449097,372.33558542189303,4,-6,0
14:51:59:931,err,err,err,err,err,err,err,err,err,err
14:52:00:053,err,err,err,err,err,err,err,err,err,err
14:52:00:178,7.160443971748217,3.7792937547090117,371.13837975538684,0.003266769473063512,-0.1310315677177989,0.004476124105591372,371.2266853912992,0,-8,0
14:52:00:297,err,err,err,err,err,err,err,err,err,err
14:52:00:419,7.084875947547115,3.749899862314208,370.49714860050756,0.05793992790647567,-0.1518756378975774,0.0038928090759397767,370.5838560127466,3,-9,0
14:52:00:544,err,err,err,err,err,err,err,err,err,err
14:52:00:626,7.113324042515641,3.7430488284828494,371.0324338445045,0.00921571768750028,-0.11341915186885544,-0.0007657694910538756,371.1194912127937,1,-6,0
14:52:00:752,err,err,err,err,err,err,err,err,err,err
14:52:00:871,err,err,err,err,err,err,err,err,err,err
14:52:00:997,err,err,err,err,err,err,err,err,err,err
14:52:01:116,err,err,err,err,err,err,err,err,err,err
14:52:01:243,err,err,err,err,err,err,err,err,err,err
14:52:01:361,7.153761205882464,3.744575384653228,370.71009998130904,0.02961850939807332,-0.1380099637448562,0.0015642253424083777,370.79802638681116,2,-8,0
14:52:01:537,7.160443971748217,3.7792937547090117,371.13837975538684,0.003266769473063512,-0.1310315677177989,0.004476124105591372,371.2266853912992,0,-8,0
14:52:01:652,7.131821675411462,3.7296287335274956,371.1007646299868,0.08726789670902609,-0.14664596104711397,0.0024814863641353774,371.18802583038786,5,-8,0
14:52:01:772,7.160443971748217,3.7792937547090117,371.13837975538684,0.003266769473063512,-0.1310315677177989,0.004476124105591372,371.2266853912992,0,-8,0
14:52:01:940,err,err,err,err,err,err,err,err,err,err
14:52:02:061,err,err,err,err,err,err,err,err,err,err
14:52:02:183,err,err,err,err,err,err,err,err,err,err
14:52:02:306,err,err,err,err,err,err,err,err,err,err
14:52:02:429,7.131821675411462,3.7296287335274956,371.1007646299868,0.08726789670902609,-0.14664596104711397,0.0024814863641353774,371.18802583038786,5,-8,0
14:52:02:554,err,err,err,err,err,err,err,err,err,err
14:52:02:682,err,err,err,err,err,err,err,err,err,err
14:52:02:798,err,err,err,err,err,err,err,err,err,err
14:52:02:922,err,err,err,err,err,err,err,err,err,err
14:52:03:042,err,err,err,err,err,err,err,err,err,err
14:52:03:173,7.0977112731199945,3.7320158137341597,371.3319871157585,0.08599133094553424,-0.1406323890555314,0.0022832189238729465,371.41856456387364,5,-8,0
14:52:03:293,7.108314659241896,3.7366063679832693,372.6081357738071,0.050206151014231835,-0.11570372442279486,-0.0025008874066120997,372.6946648521761,3,-7,0
14:52:03:413,err,err,err,err,err,err,err,err,err,err
14:52:03:541,err,err,err,err,err,err,err,err,err,err
14:52:03:661,err,err,err,err,err,err,err,err,err,err
14:52:03:784,err,err,err,err,err,err,err,err,err,err
14:52:03:909,err,err,err,err,err,err,err,err,err,err
14:52:04:030,err,err,err,err,err,err,err,err,err,err
14:52:04:151,err,err,err,err,err,err,err,err,err,err
14:52:04:341,err,err,err,err,err,err,err,err,err,err
14:52:04:450,err,err,err,err,err,err,err,err,err,err
14:52:04:606,7.160443971748217,3.7792937547090117,371.13837975538684,0.003266769473063512,-0.1310315677177989,0.004476124105591372,371.2266853912992,0,-8,0
14:52:04:731,7.175071713387431,3.7437610561196935,369.7148848296908,0.06878140462525377,-0.13770228340966909,0.0036614447647268073,369.80345247924487,4,-8,0
14:52:04:848,7.647117350894077,5.17088156229839,342.11244223653586,0.7320276866249465,-0.037450363053486556,0.1301758185151943,342.2369640365528,42,-5,6
14:52:04:970,7.185522286886131,3.782260817368505,370.4056397213556,0.047425600155164574,-0.12574019993757646,0.006502733648577037,370.4946358111176,3,-7,0
14:52:05:144,7.1981766922718995,3.7973010051805076,371.23901086665916,0.06408027634254984,-0.11579196922141281,0.004941104829130122,371.3282058124222,4,-7,0
14:52:05:293,7.148073004214058,3.7238971118145443,369.7954447460701,0.11800417969425676,-0.15007813721153862,0.004659140856374045,369.8832698464702,7,-9,0
14:52:05:424,7.141182631671691,3.746283699213725,369.9625952374833,0.0671778309182032,-0.1307809040534956,0.0034603543075195134,370.050473592168,4,-7,0
14:52:05:551,err,err,err,err,err,err,err,err,err,err
14:52:05:672,err,err,err,err,err,err,err,err,err,err
14:52:05:798,err,err,err,err,err,err,err,err,err,err
14:52:05:919,7.68300479042355,5.1372649448070336,342.12552974476864,0.7318894517326303,-0.04493574114112175,0.1276659536322581,342.2503442757383,42,-5,6
14:52:06:039,err,err,err,err,err,err,err,err,err,err
14:52:06:167,7.683210380864626,5.167382495632146,342.15928705991234,0.7243083537801376,-0.042165590707098154,0.12875228598672028,342.2845472482804,41,-5,6
14:52:06:285,err,err,err,err,err,err,err,err,err,err
14:52:06:408,7.161123110109273,3.768227259350719,371.340560281277,0.08428923644652093,-0.1049315719204531,0.004612341712505358,371.42871850583794,5,-6,0
14:52:06:565,err,err,err,err,err,err,err,err,err,err
14:52:06:741,err,err,err,err,err,err,err,err,err,err
14:52:06:865,err,err,err,err,err,err,err,err,err,err
14:52:06:987,7.665861465799457,5.144454217364486,342.6307310936786,0.7299036652791849,-0.05183496602563476,0.13057227049409156,342.7550856384134,42,-5,6
14:52:07:104,err,err,err,err,err,err,err,err,err,err
14:52:07:227,err,err,err,err,err,err,err,err,err,err
14:52:07:352,err,err,err,err,err,err,err,err,err,err
14:52:07:472,err,err,err,err,err,err,err,err,err,err
14:52:07:601,err,err,err,err,err,err,err,err,err,err
14:52:07:722,err,err,err,err,err,err,err,err,err,err
14:52:07:843,err,err,err,err,err,err,err,err,err,err
14:52:07:967,7.175071713387431,3.7437610561196935,369.7148848296908,0.06878140462525377,-0.13770228340966909,0.0036614447647268073,369.80345247924487,4,-8,0
14:52:08:090,7.1843736497655915,3.7248467478358487,370.31995859272814,0.1012579930820769,-0.1283230219296349,0.0020422868699893587,370.4083711799103,6,-7,0
14:52:08:213,err,err,err,err,err,err,err,err,err,err
14:52:08:331,err,err,err,err,err,err,err,err,err,err
14:52:08:459,err,err,err,err,err,err,err,err,err,err
14:52:08:582,7.148073004214058,3.7238971118145443,369.7954447460701,0.11800417969425676,-0.15007813721153862,0.004659140856374045,369.8832698464702,7,-9,0
14:52:08:702,7.177873263070137,3.7385696058568874,370.8014219350692,0.12434456789679192,-0.07519502001072026,0.0027848322021690173,370.8897319640269,7,-4,0
14:52:08:828,7.5180691297524715,4.989578389145846,336.1039636938421,0.7570056633828591,-0.044613431185859864,0.13008703598407192,336.2250610330121,43,-5,6
14:52:08:957,7.658042847629741,5.068242731473653,339.3303111958133,0.7477591447000934,-0.051516938549689244,0.12815141720783127,339.4545518930167,43,-5,6
14:52:09:074,err,err,err,err,err,err,err,err,err,err
14:52:09:236,err,err,err,err,err,err,err,err,err,err
14:52:09:365,err,err,err,err,err,err,err,err,err,err
14:52:09:531,7.162458628751597,3.841009011693449,371.48346269389765,0.07842002737735586,-0.10007568280932423,0.00508680683838216,371.57235798547356,4,-6,0
14:52:09:647,err,err,err,err,err,err,err,err,err,err
14:52:09:819,err,err,err,err,err,err,err,err,err,err
14:52:09:936,7.153625253142824,3.7886307033815028,371.50952421617643,0.02207308941590078,-0.09329194903107442,-0.00082300007798412,371.597705402225,1,-5,0
14:52:10:149,err,err,err,err,err,err,err,err,err,err
14:52:10:278,err,err,err,err,err,err,err,err,err,err
14:52:10:393,6.82721776369697,3.633318660534616,366.9336799195426,0.055157295409415524,-0.24623752042303235,0.0014524139477365783,367.0151732097452,3,-14,0
14:52:10:523,6.8555183845145935,3.6555442690890296,368.2112167862414,0.07798542370941686,-0.23273380457222453,0.010338414457844104,368.2931730339678,4,-13,0
14:52:10:639,6.897762435129581,3.725544300428163,369.5068399123571,0.013137235469711682,-0.19626123847556495,0.008403971735511943,369.5899938431265,1,-11,0
14:52:10:765,6.897762435129581,3.725544300428163,369.5068399123571,0.013137235469711682,-0.19626123847556495,0.008403971735511943,369.5899938431265,1,-11,0
14:52:10:911,6.898938674658587,3.6000281940602767,370.21112145256126,0.16551476717355146,-0.14612022417174625,-0.0012825444167445614,370.29289758918924,10,-8,-1
14:52:11:041,err,err,err,err,err,err,err,err,err,err
14:52:11:164,err,err,err,err,err,err,err,err,err,err
14:52:11:284,err,err,err,err,err,err,err,err,err,err
14:52:11:412,err,err,err,err,err,err,err,err,err,err
14:52:11:533,err,err,err,err,err,err,err,err,err,err
14:52:11:656,7.23106518769112,3.450514394404475,377.220199250237,-0.19358575322036697,0.031874485868093404,0.007493187681879984,377.3052783565625,-11,2,0
14:52:11:784,7.067874732393066,3.538869602967414,365.14161641695097,0.1574332939406885,-0.16048844022397274,0.007789186896848336,365.2271601221401,9,-9,0
14:52:11:904,6.997672426724753,3.733055231737085,369.46049854794984,0.1544486474811375,-0.04000269415393622,0.004982587755702513,369.54561708678756,9,-2,0
14:52:12:028,7.132148178225856,3.780476359468418,370.64742624652365,0.14594026677812325,-0.05401245945290597,0.0026856994799873027,370.7353154506768,8,-3,0
14:52:12:148,err,err,err,err,err,err,err,err,err,err
14:52:12:270,err,err,err,err,err,err,err,err,err,err
14:52:12:523,7.060404100151389,3.7903177263106724,369.93694774928423,0.09302547358790074,-0.10674594277993643,0.0014479361178870104,370.0237304884384,5,-6,0
14:52:12:712,7.102724352796005,3.759549092583521,368.55172666458424,0.15824576462964107,-0.09011474989028048,-0.0001872677040633114,368.6393334006258,9,-5,0
14:52:12:907,7.080489805395314,3.700629547847733,372.91019046053447,-0.13283918492520044,0.0018617037199342627,0.004459553250457469,372.99576156338134,-8,0,0
14:52:13:089,7.110007699829266,3.7107678365796684,371.12309671805895,-0.16829115502749362,0.031111424571188578,0.0016638223563733101,371.2097451913545,-10,2,0
14:52:13:229,7.111462690186008,3.960154979878404,375.6724927450347,-0.09941834820110439,-0.07573297822427842,-0.0013743298954220584,375.7606652303121,-6,-4,0
14:52:13:352,7.084379760856121,4.055698891157052,375.2186863041865,-0.16049274641893435,-0.009786017847960606,-0.002509499296914895,375.3074735226189,-9,-1,0
14:52:13:481,7.163616830305897,3.996481302397048,376.2586334412874,0.030508879613884095,-0.06005014362898401,0.0026381719263650722,376.34804172201683,2,-3,0
14:52:13:620,7.566704486115929,5.1519428960074425,343.15889225151443,0.7292539450612939,-0.038685288204462445,0.12553449594836363,343.28096781451546,42,-5,6
14:52:13:747,err,err,err,err,err,err,err,err,err,err
14:52:13:869,err,err,err,err,err,err,err,err,err,err
14:52:13:991,7.5071579538692115,5.14427431216299,340.0167642190321,0.7431220592371889,-0.03891119140358006,0.13893203643156507,340.1385319670854,42,-5,6
14:52:14:114,err,err,err,err,err,err,err,err,err,err
14:52:14:234,err,err,err,err,err,err,err,err,err,err
14:52:14:363,err,err,err,err,err,err,err,err,err,err
14:52:14:482,err,err,err,err,err,err,err,err,err,err
14:52:14:604,err,err,err,err,err,err,err,err,err,err
14:52:14:730,err,err,err,err,err,err,err,err,err,err
14:52:14:850,err,err,err,err,err,err,err,err,err,err
14:52:14:976,7.631016764297001,5.350006644677915,342.6452454683875,0.7363804982677268,-0.04678534540049965,0.13190507404601162,342.7719638915158,42,-5,6
14:52:15:097,7.08374970894621,3.7405456492905578,369.0711370285535,0.08351528824979759,-0.11519340721411653,0.0031243014789230843,369.1580628663591,5,-7,0
14:52:15:221,7.645422863489621,5.241234050703089,342.0802510310138,0.7387144373165195,-0.03354903677345533,0.1317483761192428,342.205816973612,42,-4,6
14:52:15:345,err,err,err,err,err,err,err,err,err,err
14:52:15:468,7.10611321547744,3.809958452184909,370.104607725214,0.14592836806728798,-0.10876573659246865,0.005405376244247341,370.1924273778073,8,-6,0
14:52:15:595,err,err,err,err,err,err,err,err,err,err
14:52:15:711,err,err,err,err,err,err,err,err,err,err
14:52:15:839,err,err,err,err,err,err,err,err,err,err
14:52:15:958,err,err,err,err,err,err,err,err,err,err
14:52:16:084,7.0919310624523915,3.7907719232130503,369.0758017659338,0.12685885078031486,-0.13008325696194878,0.004266728559364566,369.1633959199304,7,-7,0
14:52:16:207,err,err,err,err,err,err,err,err,err,err
14:52:16:329,err,err,err,err,err,err,err,err,err,err
14:52:16:452,err,err,err,err,err,err,err,err,err,err
14:52:16:573,err,err,err,err,err,err,err,err,err,err
14:52:16:699,err,err,err,err,err,err,err,err,err,err
14:52:16:822,7.110573199363243,3.7027043582683583,368.5445665445094,0.09756811763914211,-0.10235397159814646,0.00847559202896473,368.63175093888555,6,-6,0
14:52:16:941,err,err,err,err,err,err,err,err,err,err
14:52:17:066,err,err,err,err,err,err,err,err,err,err
14:52:17:188,err,err,err,err,err,err,err,err,err,err
14:52:17:316,7.183086787281913,3.6773681863176515,372.3204854247706,0.10536632212708526,-0.10281074714465512,0.008522728373908014,372.4079263918911,6,-6,0
14:52:17:434,err,err,err,err,err,err,err,err,err,err
14:52:17:558,7.143491161835172,3.614265160921411,369.5541526333534,0.12299491420812654,-0.138188067742751,0.009447277018774049,369.6408582762308,7,-8,0
14:52:17:689,err,err,err,err,err,err,err,err,err,err
14:52:17:803,err,err,err,err,err,err,err,err,err,err
14:52:17:931,err,err,err,err,err,err,err,err,err,err
14:52:18:052,7.254999842332625,3.5820332176917185,370.4609906765893,0.10246821355820418,-0.10185276163870294,0.006925681706443546,370.54933760265294,6,-6,0
14:52:18:178,7.2534572679828,3.615309955712022,369.6769453454306,0.1216273699713849,-0.13511378435308885,0.00932968882035504,369.7657731974971,7,-8,0
14:52:18:296,err,err,err,err,err,err,err,err,err,err
14:52:18:419,7.386085084119835,3.578563672024181,370.8471392698748,0.07681674305831786,-0.050320902240548394,0.001501752961859893,370.9379477425766,4,-3,0
14:52:18:545,7.5330503227448435,1.6068438679134105,339.8574211491698,-0.8704211172706431,0.009112233637801415,-0.13925296355455252,339.94469477334843,-50,-3,-7
14:52:18:666,7.367985365024563,3.6328485808743958,371.48377279625885,0.1098697506478781,-0.055931174309515254,0.005235572507454291,371.5745931143479,6,-3,0
14:52:18:793,7.253579143311826,3.6196771712839104,370.387643461971,0.10930855811774173,-0.10086759672022759,0.006899445967804341,370.4763459419842,6,-6,0
14:52:18:913,7.296139551591761,3.6711390179365684,373.02960855880957,0.05751258406972394,-0.08385916783029938,0.005913182417565509,373.1190155641816,3,-5,0
14:52:19:036,7.261629312080129,3.6560266121063467,370.7242803395969,0.09784488780368707,-0.11966174442510645,0.0017216450837253341,370.81341645653345,6,-7,0
14:52:19:155,7.269527848278954,3.5946341002848543,369.4127163198294,0.06574702357702286,-0.11198869525262427,0.0033212132425193782,369.5017217933451,4,-6,0
14:52:19:280,7.2604901378611775,3.674569133464902,372.5120123695548,0.08924933475171833,-0.1076789061326491,0.008436221917267691,372.6008810174419,5,-6,0
14:52:19:404,7.285703707929472,3.6831256515109927,372.46712123221175,-0.009373279593884155,-0.09105365069099686,0.007708256755481219,372.5565773034959,-1,-5,0
14:52:19:528,7.226148252141444,3.7399809526509156,370.70775480181146,0.01205401273595737,-0.1415219497206197,0.0014325542114343613,370.79703902038926,1,-8,0
14:52:19:654,7.221155147066884,3.763381235108433,372.3482483619921,0.02502281173629127,-0.1283983333951863,0.005179596035684152,372.43727818012866,1,-7,0
14:52:19:773,7.18149805780302,3.8402096267536634,372.7551991964893,0.021094234769660703,-0.0982275729773336,0.0027413794009549393,372.84414928002565,1,-6,0
14:52:19:895,7.1198968168546894,3.7011756801656217,372.9154926599346,-0.12972967105623884,-0.009034989163852689,0.0045874973485182675,373.0018180892686,-7,0,0
14:52:20:019,7.163833847974641,3.8379851824451983,373.354543339643,0.11219548226554138,-0.10954252573163122,0.0020364635710806056,373.44298852437356,6,-6,0
14:52:20:141,7.13018646584514,3.8758447815302595,371.7398884010616,0.0626765760690596,-0.10164669248143254,0.004549943942985217,371.82846362300177,4,-6,0
14:52:20:268,7.010034147608173,3.7964287468897124,370.87766399226496,0.07621880617576748,-0.12308388165668313,0.0018824698063644,370.9633339001851,4,-7,0
14:52:20:388,7.033406091324534,3.888752085476514,374.41855822320383,-0.012955175836394361,-0.11401021548723995,0.004240911278165475,374.5048036220236,-1,-7,0
14:52:20:512,7.200663201237184,3.7812889047645695,370.8534502419,0.024081394357478986,-0.15238736620031765,0.006797654379617827,370.9426225882385,1,-9,0
14:52:20:636,7.184961605835524,3.704837467298914,370.3790097090726,0.03106691751317828,-0.12878632897434847,0.006575194082967264,370.46721896412066,2,-7,0
14:52:20:856,7.021346516635965,3.8356189970268444,371.69934351683935,0.05144324785848766,-0.10741788848624026,0.00470904867804324,371.7854398047971,3,-6,0
14:52:20:973,6.953135305611468,3.9353610248953017,373.36661324576374,0.07233712870319486,-0.12721326849412648,0.008987363749074112,373.4520866772418,4,-7,0
14:52:21:099,err,err,err,err,err,err,err,err,err,err
14:52:21:220,7.123702716216624,3.8342520906388904,371.8519243385925,0.03993745474109989,-0.08261583008955801,0.0023933742213760136,371.9399175455599,2,-5,0
14:52:21:342,7.066117812348776,3.7418901317807376,370.318438808439,0.03699022211332739,-0.1124078822141245,0.0010586911747792129,370.40474873334966,2,-6,0
14:52:21:467,7.153805227850879,3.7953704067610423,370.7228148286428,0.07878292188462789,-0.1263847504458774,0.0019662491145683593,370.8112554929188,5,-7,0
14:52:21:628,7.124950139896986,3.7955568760860428,373.6027085418847,0.08422483665144224,-0.08894681752314226,0.0031968184259691486,373.6899182428234,5,-5,0
14:52:21:752,7.125640197707382,3.6687061532649436,372.19829592639593,-0.058581501606799334,-0.07286808409829891,0.005704137250788014,372.28457615590145,-3,-4,0
14:52:21:874,7.113600769388465,3.79671608026134,371.1141559541912,0.06738057496976033,-0.09826825231400985,-0.0004849106150142168,371.20174449818,4,-6,0
14:52:22:008,7.057994893644447,3.8206842691075544,371.8789977093421,0.11401770708050876,-0.09205550248978094,0.0029910321035733203,371.9655923032503,7,-5,0
14:52:22:157,7.018198349943617,3.75889178848223,371.9626483012914,-0.1558499838378129,0.04338644800493949,0.007077826194964365,372.047841153348,-9,3,0
14:52:22:273,7.123702716216624,3.8342520906388904,371.8519243385925,0.03993745474109989,-0.08261583008955801,0.0023933742213760136,371.9399175455599,2,-5,0
14:52:22:395,7.123702716216624,3.8342520906388904,371.8519243385925,0.03993745474109989,-0.08261583008955801,0.0023933742213760136,371.9399175455599,2,-5,0
14:52:22:520,7.03521890084243,3.722356762383775,372.0010004165232,-0.1629265333036196,0.11315408285130102,0.001512200604758098,372.0861386234958,-9,6,0
14:52:22:643,7.073370628599237,3.775916551293018,370.8091771398226,0.005889571092184509,-0.10367181592183317,0.003993549443408935,370.895855960894,0,-6,0
14:52:22:771,7.089675270349429,3.826303844552227,373.0297225649235,0.0872619350775564,-0.01407838276702597,0.0027580240668618004,373.11670830105373,5,-1,0
14:52:22:890,6.950321398260582,3.7938755676803435,372.7110309444468,-0.015237149633321774,-0.08026563420916466,-0.002550853226314516,372.79513549271877,-1,-5,0
14:52:23:010,7.147046807165062,3.843324590233987,373.09338803592055,0.017144625861361538,-0.08469212030184331,0.002514374602655402,373.18162818940016,1,-5,0
14:52:23:135,7.078935598636969,3.7991834915725664,371.3797312004815,0.06475894803784875,-0.0885986600317607,-0.0007085641734490064,371.46662013019983,4,-5,0
14:52:23:257,7.113600769388465,3.79671608026134,371.1141559541912,0.06738057496976033,-0.09826825231400985,-0.0004849106150142168,371.20174449818,4,-6,0
14:52:23:385,7.0835553037831716,3.712731558290484,372.7712490443476,-0.055864844520672335,-0.15512981631117786,0.0036977866137074037,372.8570305699608,-3,-9,0
14:52:23:501,7.0143279460384536,3.8323644820773626,371.76200104712296,0.03731992574181162,-0.0883515490154852,0.0025295592875194855,371.84791681091764,2,-5,0
14:52:23:655,7.025585323355311,3.7869135270522465,372.5131333702837,-0.03465433231588762,-0.11087037688657173,-0.004575055060001504,372.59862331541683,-2,-6,0
14:52:23:794,7.1840369546091765,3.6837289601088714,373.0225396452506,-0.034689562230310875,-0.09097529494007682,0.005835342748109253,373.1098971206866,-2,-5,0
14:52:23:956,7.025189974343391,3.770692128263597,370.13362438831723,0.13609806086685264,-0.09573634664598824,4.892606712791182e-05,370.2194907296666,8,-5,0
14:52:24:079,7.0964743432625825,3.751609886795449,373.8335507448296,-0.11193517411143189,-0.0069535271134318994,-0.0006806318409873392,373.9197215811629,-6,0,0
14:52:24:205,7.128466263602867,3.8185719550680046,374.04548361432063,0.017848507289470437,-0.08169762651979962,0.003814138012323581,374.13289127704127,1,-5,0
14:52:24:325,7.119600346472633,3.7839622661122987,373.62834225423063,-0.12302238705347159,0.056498425899982586,0.007043856629960129,373.7153264386803,-7,3,0
14:52:24:488,7.104274121184166,3.7246920048395644,372.21545162650324,0.023448358397174948,-0.11927523786269972,0.0026044948257569404,372.3018754597425,1,-7,0
14:52:24:612,7.066117812348776,3.7418901317807376,370.318438808439,0.03699022211332739,-0.1124078822141245,0.0010586911747792129,370.40474873334966,2,-6,0
14:52:24:733,7.101727438821115,3.7019940000606892,372.09091528279157,-0.06871730646374809,-0.12196768982885804,0.008697237864071485,372.1770929654018,-4,-7,1
14:52:24:857,7.190479094872055,3.7291950056438927,374.64671083503856,-0.08672801737751636,-0.009633265628475966,0.004404897796058625,374.7342629444456,-5,-1,0
14:52:24:980,7.072690806366812,3.746772061590469,370.28775218525976,0.05529907141080937,-0.12577783449133534,0.00366702399744352,370.37424407555164,3,-7,0
14:52:25:101,7.128466263602867,3.8185719550680046,374.04548361432063,0.017848507289470437,-0.08169762651979962,0.003814138012323581,374.13289127704127,1,-5,0
14:52:25:224,7.107742908880997,3.7734038781198067,370.5484840077823,0.008461264993867252,-0.11299549597916399,0.004189586446834512,370.63585577565465,0,-6,0
14:52:25:345,7.0484994145610145,3.7689001140905223,369.5180220299674,0.15167071865343512,-0.07913968526407421,0.004821807033264481,369.60445689548516,9,-5,0
14:52:25:475,7.157514333612304,3.7010682208471612,371.0016676833504,-0.012621030655689335,-0.1334765551028427,0.004535154865574864,371.08916090508274,-1,-8,0
14:52:25:698,7.194256850368246,3.7911754577114425,373.93238316477465,0.05604600497897769,-0.0658769973798053,0.0008322742329758203,374.0207982482633,3,-4,0
14:52:25:855,7.156337721593198,3.837675057596463,372.75504540066385,0.01170476717020562,-0.1390949607508708,0.0029412481861044643,372.8434856492522,1,-8,0
14:52:25:975,err,err,err,err,err,err,err,err,err,err
14:52:26:097,7.1578869115198716,3.7898822011328686,374.32312310824176,-0.14260152667886153,-0.04238303595788635,0.009118041577966259,374.4107357510525,-8,-2,1
14:52:26:218,7.138125824807094,3.8059715286979583,372.3888857068626,0.045897097446409144,-0.10232213672422437,-0.0003762639428691162,372.47673814288964,3,-6,0
14:52:26:336,7.138125824807094,3.8059715286979583,372.3888857068626,0.045897097446409144,-0.10232213672422437,-0.0003762639428691162,372.47673814288964,3,-6,0
14:52:26:456,7.14620153607359,3.7631838266166207,373.168772212163,-0.01469686660749555,-0.08162777919544116,0.0026424482870905574,373.2561617753152,-1,-5,0
14:52:26:579,7.147046807165062,3.843324590233987,373.09338803592055,0.017144625861361538,-0.08469212030184331,0.002514374602655402,373.18162818940016,1,-5,0
14:52:26:707,7.070741915208558,3.6955717703853024,370.71580718985535,-0.02108482329783167,-0.10557792788726324,0.004100857720757823,370.80164824656265,-1,-6,0
14:52:26:827,7.63702343521127,5.24874973686119,344.95182754190853,0.7297181501281886,-0.028042307003058573,0.1298077351814898,345.0762768218829,42,-4,6
14:52:26:949,7.221552165278457,3.8405813383887626,372.3334303069259,0.04135576604731921,-0.12737546007149633,0.00512299896771181,372.4232594841722,2,-7,0
14:52:27:122,7.633161172535862,5.119882115571068,343.285823078401,0.7276450244394109,-0.02460549965242524,0.13053198997902904,343.4088447739494,42,-4,6
14:52:27:274,7.071351626696233,3.8077712532690158,372.78907442333866,-0.13955106985109061,0.020657906325384782,0.0015671903388024796,372.87557863871314,-8,1,0
14:52:27:401,7.143696446097844,3.824843200231471,372.72434155102206,0.09525608785031081,-0.09627532989969426,-0.0020762234191698007,372.81241477325204,5,-6,0
14:52:27:557,7.100220382070816,3.73937821369649,370.05452515371053,0.039446605720093834,-0.12084155843917765,0.001261916375869844,370.1415238332998,2,-7,0
14:52:27:755,7.113600769388465,3.79671608026134,371.1141559541912,0.06738057496976033,-0.09826825231400985,-0.0004849106150142168,371.20174449818,4,-6,0
14:52:27:897,7.041137823135738,3.7359497642775854,370.5500049566489,0.12594993120252831,-0.10881649678775987,0.005701310247697578,370.6357256334825,7,-6,0
14:52:28:021,7.123693577102297,3.8548416957981524,373.5323662981738,-0.13081448038855323,0.03232635059152042,0.00712074883475053,373.62017542819234,-7,2,0
14:52:28:140,7.195025160483827,3.854888221129739,373.6617994432137,0.03396888320692595,-0.08763167264240865,0.0011564844132572443,373.7509450334512,2,-5,0
14:52:28:261,7.205885111660819,3.793904210852043,372.7062194616076,-0.015343502553706338,-0.07964513424683749,-0.0025485225389939806,372.7951776978447,-1,-5,0
14:52:28:386,7.066425202626301,3.7849789994414347,371.08779985226846,0.02785646804977711,-0.17501198318118832,0.00689658901769292,371.17437361753275,2,-10,0
14:52:28:506,7.153914098059929,3.7597113475745183,372.650565288736,-0.0030323396942245635,-0.14100566838642867,0.002990227136484402,372.73818925132156,0,-8,0
14:52:28:634,7.138125824807094,3.8059715286979583,372.3888857068626,0.045897097446409144,-0.10232213672422437,-0.0003762639428691162,372.47673814288964,3,-6,0
14:52:28:795,7.18149805780302,3.8402096267536634,372.7551991964893,0.021094234769660703,-0.0982275729773336,0.0027413794009549393,372.84414928002565,1,-6,0
14:52:28:917,7.194256850368246,3.7911754577114425,373.93238316477465,0.05604600497897769,-0.0658769973798053,0.0008322742329758203,374.0207982482633,3,-4,0
14:52:29:042,7.185522286886131,3.782260817368505,370.4056397213556,0.047425600155164574,-0.12574019993757646,0.006502733648577037,370.4946358111176,3,-7,0
14:52:29:165,7.172159223447829,3.803133471774534,372.07865468056764,0.04926170780536146,-0.1125929649482301,-0.000155408109134909,372.1672056496001,3,-6,0
14:52:29:301,7.095567946750638,3.84077761549831,371.28664490028785,0.08557514786732896,-0.12352363484690077,0.007571153974871526,371.3743008589732,5,-7,0
14:52:29:412,7.100220382070816,3.73937821369649,370.05452515371053,0.039446605720093834,-0.12084155843917765,0.001261916375869844,370.1415238332998,2,-7,0
14:52:29:534,7.205485786685827,3.821086207682428,372.73259749023913,-0.05886349549495406,-0.07479626889589912,0.0005580280168208987,372.8218193146014,-3,-4,0
14:52:29:658,7.172159223447829,3.803133471774534,372.07865468056764,0.04926170780536146,-0.1125929649482301,-0.000155408109134909,372.1672056496001,3,-6,0
14:52:29:779,7.12647811126688,3.7819834460853303,371.40705379748624,0.0009639300165990565,-0.12255034652583664,0.0042849558330317694,371.49466981315584,0,-7,0
14:52:29:897,7.073460651926172,3.7520037116777543,370.5758532899634,0.17085989335406615,-0.09427369703374758,0.0035136160599605532,370.6623455640339,10,-5,0
14:52:30:021,7.221552165278457,3.8405813383887626,372.3334303069259,0.04135576604731921,-0.12737546007149633,0.00512299896771181,372.4232594841722,2,-7,0
14:52:30:144,7.200941976189314,3.829403140098491,374.6133277954153,0.03213962681123162,-0.0407013673995542,0.003690012317879462,374.7020993478808,2,-2,0
14:52:30:268,7.18149805780302,3.8402096267536634,372.7551991964893,0.021094234769660703,-0.0982275729773336,0.0027413794009549393,372.84414928002565,1,-6,0
14:52:30:392,7.137477085033408,3.844562521910379,372.3394666088624,0.055439111309793426,-0.1016975781705904,-0.00040581437392720886,372.4277146436559,3,-6,0
14:52:30:519,7.199671387311231,3.8399764304849424,371.52572586828495,0.0732817853761635,-0.10162972363903151,0.004756657735487163,371.6153194757019,4,-6,0
14:52:30:638,err,err,err,err,err,err,err,err,err,err
14:52:30:760,7.129938843381713,3.8243319064722177,372.93487414778315,0.08463221369298123,-0.030459279292073847,0.0030909322021335384,373.02262920373084,5,-2,0
14:52:30:885,7.130100210294717,3.6995872238921477,369.6402524307945,0.04402570943713704,-0.11235141272630553,0.006253058821192776,369.7275233083649,3,-6,0
14:52:31:047,7.140511890732003,3.7688603424512888,371.7800878878622,0.06863647281531393,-0.11802605650558547,0.010119812810881264,371.86775198751656,4,-7,0
14:52:31:177,7.18149805780302,3.8402096267536634,372.7551991964893,0.021094234769660703,-0.0982275729773336,0.0027413794009549393,372.84414928002565,1,-6,0
14:52:31:294,7.598624774917633,5.167172301124532,341.6273116257791,0.7401095490359045,-0.03418687952810231,0.12626954798301618,341.7508724447045,42,-4,6
14:52:31:417,7.18149805780302,3.8402096267536634,372.7551991964893,0.021094234769660703,-0.0982275729773336,0.0027413794009549393,372.84414928002565,1,-6,0
14:52:31:614,7.122214564175786,3.774550169461977,370.3640476088632,0.02144628964965739,-0.16623723035898755,0.006629423106746051,370.4517525002415,1,-10,0
14:52:31:766,7.123702716216624,3.8342520906388904,371.8519243385925,0.03993745474109989,-0.08261583008955801,0.0023933742213760136,371.9399175455599,2,-5,0
14:52:31:930,err,err,err,err,err,err,err,err,err,err
14:52:32:091,7.147005744706195,3.8446206548362114,372.2639471602889,0.05876872154412727,-0.12294831391801501,0.005231812222327409,372.352396466644,3,-7,0
14:52:32:213,7.123702716216624,3.8342520906388904,371.8519243385925,0.03993745474109989,-0.08261583008955801,0.0023933742213760136,371.9399175455599,2,-5,0
14:52:32:325,err,err,err,err,err,err,err,err,err,err
14:52:32:444,7.138125824807094,3.8059715286979583,372.3888857068626,0.045897097446409144,-0.10232213672422437,-0.0003762639428691162,372.47673814288964,3,-6,0
14:52:32:566,7.205885111660819,3.793904210852043,372.7062194616076,-0.015343502553706338,-0.07964513424683749,-0.0025485225389939806,372.7951776978447,-1,-5,0
14:52:32:736,7.089514008508096,3.760389289104602,371.7013276427431,-0.12246001689715132,-0.001049258537237627,-0.0024145480438859854,371.7879485780306,-7,0,0
14:52:32:853,7.12647811126688,3.7819834460853303,371.40705379748624,0.0009639300165990565,-0.12255034652583664,0.0042849558330317694,371.49466981315584,0,-7,0
14:52:32:979,7.18149805780302,3.8402096267536634,372.7551991964893,0.021094234769660703,-0.0982275729773336,0.0027413794009549393,372.84414928002565,1,-6,0
14:52:33:106,7.113600769388465,3.79671608026134,371.1141559541912,0.06738057496976033,-0.09826825231400985,-0.0004849106150142168,371.20174449818,4,-6,0
14:52:33:219,7.646667699253285,5.3088307873441964,342.14136490380974,0.73769345587185,-0.033312601246632594,0.13163901378424256,342.267978036908,42,-4,6
14:52:33:349,7.140996213465531,3.7843521888666274,369.95533600901865,0.07359260215023958,-0.12937560839693485,0.0034455635241592516,370.04359985001224,4,-7,0
14:52:33:514,7.0717350479241725,3.787923730654958,370.8005719117297,0.051158931783811895,-0.11080868437736947,-0.003971268377898637,370.88734399119517,3,-6,0
14:52:33:674,7.091133575388963,3.7123307102117584,369.32716834456085,-0.032521224100350576,-0.1466600622533299,0.0038681272745660997,369.41389098421513,-2,-8,0
14:52:33:801,7.054375722907209,3.6454981219601312,369.44772629379196,-0.014676567733197478,-0.14047918674114823,0.0007558787220362664,369.5330517518694,-1,-8,0
14:52:33:924,7.0791848195532525,3.746043419948058,371.3326287302981,0.006715760619827521,-0.10251726456776294,-0.0009745178093458177,371.4189936699077,0,-6,0
14:52:34:043,7.068947101716957,3.651030851006885,369.3587629471484,0.01116733195276865,-0.17085342917065527,0.008426049695435006,369.4444421090262,1,-10,0
14:52:34:163,7.1199891850422015,3.7472152773479537,370.9813868409948,0.027236549218675403,-0.13019154887207007,0.00136724709097254,371.06862606638913,2,-7,0
14:52:34:284,7.181473851402419,3.8265790832456865,372.57417975152254,-0.025070014373102623,-0.1106740408728909,0.005908676454073312,372.66303236527034,-1,-6,0
14:52:34:412,7.092585844291057,3.820394809397596,372.38023196665483,-0.04160369858273162,-0.06917230933798266,0.005962961311142158,372.4673641408036,-2,-4,0
14:52:34:536,7.098047957662645,3.7905936168808307,372.7144391475098,-0.02963600510271263,-0.07948317777230789,0.0004950030594678587,372.80129296157276,-2,-5,0
14:52:34:656,7.070809587289412,3.790464026638724,370.57010146901337,0.06822526820745979,-0.09770821897237893,0.0048301177459033565,370.6569358160074,4,-6,0
14:52:34:781,7.0538465217219635,3.8031524374535364,372.56034845855623,-0.1539655950721037,0.08660192338471297,0.0042891288727111955,372.6465268357876,-9,5,0
14:52:34:907,7.177707095243175,3.7957236353564636,372.3204970986533,0.010933062245278673,-0.11533064099253211,0.002910733999320319,372.4090218521155,1,-7,0
14:52:35:031,7.1199891850422015,3.7472152773479537,370.9813868409948,0.027236549218675403,-0.13019154887207007,0.00136724709097254,371.06862606638913,2,-7,0
14:52:35:146,7.122689261925902,3.7891661548800686,371.56630228366,0.021048955620508684,-0.09998133691593934,0.002618665945057808,371.6538812863703,1,-6,0
14:52:35:271,7.071504115151884,3.7355601102130245,370.5999960119235,-0.00015713533530344322,-0.11065507609758242,0.004555612718969977,370.68627924948254,0,-6,0
14:52:35:400,7.089060421035479,3.79504362033706,372.0221531284237,0.022139190676869862,-0.07952739437274776,0.002803568117650462,372.10904255613264,1,-5,0
14:52:35:560,7.095992010234568,3.7994536860705823,371.911900051612,0.04296631244297423,-0.10067737970264147,0.004955839836452146,371.99899240578884,2,-6,0
14:52:35:683,7.107083238714041,3.74412080984007,369.5338587881182,0.18216136548629405,-0.039595854446841654,0.003290158925886723,369.62115992410065,10,-2,0
14:52:35:809,7.047786262426984,3.6831272103521626,369.34317634807184,0.11899725294733783,-0.08703299869382035,0.006504454907844667,369.4287734220649,7,-5,0
14:52:35:930,7.0990003910901605,3.6742880998542247,373.0338317116787,0.06828016886816082,-0.04354844371441692,0.003206755642970342,373.1194658565678,4,-2,0
14:52:36:055,7.052917844256641,3.740286835560732,369.0422479738864,0.18864315045860114,-0.11024870576786544,0.0062263201647693705,369.1285876024093,11,-6,0
14:52:36:171,7.041849716806612,3.669833394993222,371.847570354775,-0.03325264736841071,-0.06887417225877576,0.0003019715208977078,371.93234721294465,-2,-4,0
14:52:36:299,7.098688550316858,3.6904744805065177,371.39592250172757,-0.08391567671915949,0.09401527085983441,0.0011603673213248893,371.48208870944893,-5,5,0
14:52:36:425,7.041251428531279,3.741399993270379,369.8247225962499,0.057003292306709724,-0.1701750441836566,0.003934151366717158,369.91066859308427,3,-10,0
14:52:36:543,7.092281852533971,3.7445181430065158,370.92602731690016,0.020030307933996943,-0.16533562997819812,0.0015156174244979593,371.01272164050766,1,-9,0
14:52:36:752,7.066137191510871,3.690984899267799,369.2348390150994,0.03225104042895974,-0.18534940420167217,0.00019903216093832828,369.320890293038,2,-11,0
14:52:36:869,7.052017029611392,3.7424802547685965,371.18654919223,-5.6201809584886034e-05,-0.14571289100212675,-0.0008067836020380577,371.2723951546614,0,-8,0
14:52:37:023,7.085997283825653,3.7401138830470293,370.9484867525719,0.0019903760976646735,-0.15220260830381083,-0.000624969227065117,371.03501133098956,0,-9,0
14:52:37:207,7.058043997224093,3.7477209542336736,370.5639927579764,0.0480299699408546,-0.18201994286629697,0.004043985214558757,370.6501505815843,3,-10,0
14:52:37:340,7.020437047849429,3.7484809205685856,370.97231234288347,0.033053361050132804,-0.16160653143653778,0.001667211014216272,371.05766960215306,2,-9,0
14:52:37:507,7.151384111637584,3.7424642240626227,369.9499803964837,0.0552178891429258,-0.16725227931472172,0.0038331776406308267,370.03802011217607,3,-10,0
14:52:37:675,7.0444680237663775,3.7479263315012528,370.15232354530184,0.06578495892325775,-0.15839861373325848,0.0037946574157931385,370.2383206902144,4,-9,0
14:52:37:813,7.208183391393277,3.834610581799292,371.91023796152626,0.03838368153121282,-0.10364791191480095,0.007828509507629621,371.99984844985767,2,-6,0
14:52:37:940,7.1436667678998855,3.801675162071897,371.89807493024637,0.051872365042690986,-0.13605133292783533,0.0053813296610949095,371.9861057159956,3,-8,0
14:52:38:059,7.173463623157117,3.83883148767704,371.483852982348,0.0711464128326906,-0.12391966929268709,0.010317991007743407,371.5729379733598,4,-7,0
14:52:38:183,7.161994675224198,3.798517673146987,370.71033367951543,0.08946404930379173,-0.1378145017604084,0.007503741275513626,370.7989676374771,5,-8,0
14:52:38:304,7.1436667678998855,3.801675162071897,371.89807493024637,0.051872365042690986,-0.13605133292783533,0.0053813296610949095,371.9861057159956,3,-8,0
14:52:38:431,7.16381555986226,3.7998270260147162,371.49063555730834,0.06223918164201566,-0.10761279059247363,0.0047306715199455125,371.57913187580414,4,-6,0
14:52:38:549,7.181473851402419,3.8265790832456865,372.57417975152254,-0.025070014373102623,-0.1106740408728909,0.005908676454073312,372.66303236527034,-1,-6,0
14:52:38:677,7.1734973271894455,3.8373978822272026,372.1716339539253,0.03687928585407047,-0.09369602295003089,0.007612836658900327,372.2605402219584,2,-5,0
14:52:38:794,7.146698139451588,3.8287165122362454,372.8251298973856,-0.02912326160002088,-0.10095179801595398,0.005728051522240834,372.91327657704807,-2,-6,0
14:52:38:918,7.007845981218148,3.8019914305083446,372.4420127130092,-0.1519882546401099,0.1263598498660892,0.006692970702613395,372.5273384301499,-9,7,0
14:52:39:044,7.043757814898071,3.899385533277322,374.6691175712119,0.016814950451212358,-0.12087006194927767,0.006785177553160622,374.7556102225592,1,-7,0
14:52:39:165,7.076244297472393,3.845100474981634,374.47998643445993,0.09131314768886833,-0.10440247009970033,0.007135590071378085,374.5665738837003,5,-6,0
14:52:39:293,7.18072480963844,3.8200129612132363,371.99901153220463,0.10739275732738905,-0.11377862254409168,0.008670350799415564,372.0879195684172,6,-7,0
14:52:39:411,7.112836780632708,3.7446452911888852,369.8377463646409,0.06667246119669071,-0.1509804259662079,0.00896663856455034,369.92509167600565,4,-9,0
14:52:39:531,7.084875947547115,3.749899862314208,370.49714860050756,0.05793992790647567,-0.1518756378975774,0.0038928090759397767,370.5838560127466,3,-9,0
14:52:39:658,7.11088436893147,3.8364465354171267,372.73471043510773,0.007758741741157552,-0.10215963015479182,0.005944146117911586,372.82227315662226,0,-6,0
14:52:39:779,7.181473851402419,3.8265790832456865,372.57417975152254,-0.025070014373102623,-0.1106740408728909,0.005908676454073312,372.66303236527034,-1,-6,0
14:52:39:997,7.208183391393277,3.834610581799292,371.91023796152626,0.03838368153121282,-0.10364791191480095,0.007828509507629621,371.99984844985767,2,-6,0
14:52:40:108,7.10964891850715,3.8042946106424163,372.15893696796553,0.04990461851827753,-0.12864684841571908,0.005180510276261754,372.2462815534295,3,-7,0
14:52:40:231,7.152752812207876,3.8387270532911058,372.49783214502696,0.02724939883492521,-0.12599152891537363,0.008270935207059498,372.5862754462742,2,-7,0
14:52:40:355,7.117938507505554,3.8022498928935398,372.73820042320284,0.016196545102824884,-0.11894501935338472,0.008093486250039784,372.8255466133891,1,-7,0
14:52:40:477,7.0963981114910455,3.8445121632643704,372.0702277142715,0.06615227782639616,-0.08227227034088878,0.0075877951491841,372.1577535014958,4,-5,0
14:52:40:603,7.139089382341146,3.8415184693556332,371.7289029409777,0.07007456482615237,-0.11615897637745412,0.010108785221315898,371.8172953791449,4,-7,0
14:52:40:723,7.0963981114910455,3.8445121632643704,372.0702277142715,0.06615227782639616,-0.08227227034088878,0.0075877951491841,372.1577535014958,4,-5,0
14:52:40:846,7.139089382341146,3.8415184693556332,371.7289029409777,0.07007456482615237,-0.11615897637745412,0.010108785221315898,371.8172953791449,4,-7,0
14:52:41:062,7.087331404437968,3.803818593001267,371.33996992125225,0.08176519856471028,-0.10174302318492702,0.0048022959014966645,371.42707570052204,5,-6,0
14:52:41:186,7.0963981114910455,3.8445121632643704,372.0702277142715,0.06615227782639616,-0.08227227034088878,0.0075877951491841,372.1577535014958,4,-5,0
14:52:41:304,7.139089382341146,3.8415184693556332,371.7289029409777,0.07007456482615237,-0.11615897637745412,0.010108785221315898,371.8172953791449,4,-7,0
14:52:41:423,7.0963981114910455,3.8445121632643704,372.0702277142715,0.06615227782639616,-0.08227227034088878,0.0075877951491841,372.1577535014958,4,-5,0
14:52:41:546,7.076174318354093,3.8398549000507387,373.0260339215174,0.007122922013040618,-0.09019024960028928,0.005724444462667319,373.11290343789267,0,-5,0
14:52:41:669,7.177707095243175,3.7957236353564636,372.3204970986533,0.010933062245278673,-0.11533064099253211,0.002910733999320319,372.4090218521155,1,-7,0
14:52:41:789,7.1185865628145955,3.841538959761534,372.7693369705363,0.025323290376599705,-0.11736262239719793,0.008069938394424629,372.8570909633943,1,-7,0
14:52:41:911,7.128080555048496,3.8376848230153233,372.3326396179843,0.030959857733168956,-0.061065911126011535,0.005172251818561873,372.4206383675532,2,-4,0
14:52:42:081,7.076174318354093,3.8398549000507387,373.0260339215174,0.007122922013040618,-0.09019024960028928,0.005724444462667319,373.11290343789267,0,-5,0
14:52:42:199,7.145705626051159,3.822349573041692,372.20460502732493,0.10686166709594462,-0.10673755415736723,0.008456269159295204,372.292814151307,6,-6,0
14:52:42:324,7.095259838820349,3.8154179321153094,372.4125708517873,-0.06713961994847277,-0.0879782403688061,0.0036138560576876953,372.499695375197,-4,-5,0
14:52:42:488,7.1734973271894455,3.8373978822272026,372.1716339539253,0.03687928585407047,-0.09369602295003089,0.007612836658900327,372.2605402219584,2,-5,0
14:52:42:609,7.146926957505484,3.7843135698955748,372.25788403990526,0.09995037058833314,-0.1084283158999921,0.008485143650666245,372.3457154634638,6,-6,0
14:52:42:776,7.173771753376541,3.800386537306873,371.4944444104419,0.06377126176242191,-0.12563348049709758,0.01033877657941012,371.5831376244425,4,-7,0
14:52:42:899,7.139089382341146,3.8415184693556332,371.7289029409777,0.07007456482615237,-0.11615897637745412,0.010108785221315898,371.8172953791449,4,-7,0
14:52:43:018,7.139089382341146,3.8415184693556332,371.7289029409777,0.07007456482615237,-0.11615897637745412,0.010108785221315898,371.8172953791449,4,-7,0
14:52:43:231,7.076174318354093,3.8398549000507387,373.0260339215174,0.007122922013040618,-0.09019024960028928,0.005724444462667319,373.11290343789267,0,-5,0
14:52:43:358,7.1734973271894455,3.8373978822272026,372.1716339539253,0.03687928585407047,-0.09369602295003089,0.007612836658900327,372.2605402219584,2,-5,0
14:52:43:489,7.139089382341146,3.8415184693556332,371.7289029409777,0.07007456482615237,-0.11615897637745412,0.010108785221315898,371.8172953791449,4,-7,0
14:52:43:602,7.128080555048496,3.8376848230153233,372.3326396179843,0.030959857733168956,-0.061065911126011535,0.005172251818561873,372.4206383675532,2,-4,0
14:52:43:727,7.173463623157117,3.83883148767704,371.483852982348,0.0711464128326906,-0.12391966929268709,0.010317991007743407,371.5729379733598,4,-7,0
14:52:43:855,7.173463623157117,3.83883148767704,371.483852982348,0.0711464128326906,-0.12391966929268709,0.010317991007743407,371.5729379733598,4,-7,0
14:52:43:971,7.076174318354093,3.8398549000507387,373.0260339215174,0.007122922013040618,-0.09019024960028928,0.005724444462667319,373.11290343789267,0,-5,0
14:52:44:104,7.095259838820349,3.8154179321153094,372.4125708517873,-0.06713961994847277,-0.0879782403688061,0.0036138560576876953,372.499695375197,-4,-5,0
14:52:44:261,7.1734973271894455,3.8373978822272026,372.1716339539253,0.03687928585407047,-0.09369602295003089,0.007612836658900327,372.2605402219584,2,-5,0
14:52:44:397,7.173926791451511,3.7973023376387585,372.1984012839288,0.022241909216083034,-0.0956994469116886,0.007673511880906462,372.2868983042044,1,-5,0
14:52:44:553,7.1734973271894455,3.8373978822272026,372.1716339539253,0.03687928585407047,-0.09369602295003089,0.007612836658900327,372.2605402219584,2,-5,0
14:52:44:659,7.139089382341146,3.8415184693556332,371.7289029409777,0.07007456482615237,-0.11615897637745412,0.010108785221315898,371.8172953791449,4,-7,0
14:52:44:827,7.0963981114910455,3.8445121632643704,372.0702277142715,0.06615227782639616,-0.08227227034088878,0.0075877951491841,372.1577535014958,4,-5,0
14:52:44:948,7.139089382341146,3.8415184693556332,371.7289029409777,0.07007456482615237,-0.11615897637745412,0.010108785221315898,371.8172953791449,4,-7,0
14:52:45:071,7.10964891850715,3.8042946106424163,372.15893696796553,0.04990461851827753,-0.12864684841571908,0.005180510276261754,372.2462815534295,3,-7,0
14:52:45:195,7.139089382341146,3.8415184693556332,371.7289029409777,0.07007456482615237,-0.11615897637745412,0.010108785221315898,371.8172953791449,4,-7,0
14:52:45:316,7.146698139451588,3.8287165122362454,372.8251298973856,-0.02912326160002088,-0.10095179801595398,0.005728051522240834,372.91327657704807,-2,-6,0
14:52:45:466,7.088340482059001,3.7654646051120046,371.3850779751469,0.07347977318388789,-0.10350184652330553,0.00483756305562975,371.47180167152374,4,-6,0
14:52:45:614,7.134460683537905,3.7801666952289015,371.38286121270875,0.12005476828250476,-0.12438473617383106,0.005703980296199767,371.4706176698592,7,-7,0
14:52:45:728,7.139089382341146,3.8415184693556332,371.7289029409777,0.07007456482615237,-0.11615897637745412,0.010108785221315898,371.8172953791449,4,-7,0
14:52:45:852,7.117938507505554,3.8022498928935398,372.73820042320284,0.016196545102824884,-0.11894501935338472,0.008093486250039784,372.8255466133891,1,-7,0
14:52:45:973,7.128080555048496,3.8376848230153233,372.3326396179843,0.030959857733168956,-0.061065911126011535,0.005172251818561873,372.4206383675532,2,-4,0
14:52:46:096,7.164585391981243,3.761188040006536,371.5384698706457,0.052494645034111706,-0.10878768973954771,0.004760821719593033,371.6265765699918,3,-6,0
14:52:46:217,7.1734973271894455,3.8373978822272026,372.1716339539253,0.03687928585407047,-0.09369602295003089,0.007612836658900327,372.2605402219584,2,-5,0
14:52:46:349,7.145705626051159,3.822349573041692,372.20460502732493,0.10686166709594462,-0.10673755415736723,0.008456269159295204,372.292814151307,6,-6,0
14:52:46:560,7.130837061801605,3.8267619184041557,373.6168314972761,0.06583977398358672,-0.10230127539811293,0.006362347569545661,373.70446842665143,4,-6,0
14:52:46:678,7.130837061801605,3.8267619184041557,373.6168314972761,0.06583977398358672,-0.10230127539811293,0.006362347569545661,373.70446842665143,4,-6,0
14:52:46:792,7.134460683537905,3.7801666952289015,371.38286121270875,0.12005476828250476,-0.12438473617383106,0.005703980296199767,371.4706176698592,7,-7,0
14:52:46:915,7.130837061801605,3.8267619184041557,373.6168314972761,0.06583977398358672,-0.10230127539811293,0.006362347569545661,373.70446842665143,4,-6,0
14:52:47:040,7.1200626497101,3.7864690217038306,372.84320346564,0.08485145558783679,-0.11828875417560089,0.003536659569728734,372.9304050493989,5,-7,0
14:52:47:164,7.1200626497101,3.7864690217038306,372.84320346564,0.08485145558783679,-0.11828875417560089,0.003536659569728734,372.9304050493989,5,-7,0
14:52:47:285,7.145705626051159,3.822349573041692,372.20460502732493,0.10686166709594462,-0.10673755415736723,0.008456269159295204,372.292814151307,6,-6,0
14:52:47:408,7.145705626051159,3.822349573041692,372.20460502732493,0.10686166709594462,-0.10673755415736723,0.008456269159295204,372.292814151307,6,-6,0
14:52:47:529,7.110445109888726,3.8245585841200094,373.9553438277847,0.04428103156749301,-0.1385232591304255,0.006625444133861434,374.0424907084498,3,-8,0
14:52:47:657,6.955906066210505,3.7487487654531813,370.435323634332,0.16642894484838833,-0.08262791187242198,0.0014377653499425304,370.5195902278052,10,-5,0
14:52:47:774,7.01603030009788,3.737515491668787,368.8564848994058,0.18738577171031018,-0.11847851397405659,0.006288268019083505,368.9421365953853,11,-7,0
14:52:47:902,err,err,err,err,err,err,err,err,err,err
14:52:48:023,7.072138847261731,3.7472776700926165,370.2229785201253,0.16973388398047112,-0.10952613254860855,0.0037963635061539257,370.3094801137623,10,-6,0
14:52:48:146,7.015589887123272,3.763201696172045,368.8180443709063,0.15998436705464514,-0.11975681286628136,0.007808557377122326,368.9039577478807,9,-7,0
14:52:48:273,7.1200626497101,3.7864690217038306,372.84320346564,0.08485145558783679,-0.11828875417560089,0.003536659569728734,372.9304050493989,5,-7,0
14:52:48:393,7.084864719892096,3.829705425659909,373.83004651576675,0.0670139452259291,-0.06567254790156181,0.0037922781337853956,373.91678971360307,4,-4,0
14:52:48:519,7.135389644353242,3.7425119214650335,371.4269344300681,0.11458515666057753,-0.12560974427053295,0.0057181887109253385,371.5143170874807,7,-7,0
14:52:48:638,7.164585391981243,3.761188040006536,371.5384698706457,0.052494645034111706,-0.10878768973954771,0.004760821719593033,371.6265765699918,3,-6,0
14:52:48:759,7.145705626051159,3.822349573041692,372.20460502732493,0.10686166709594462,-0.10673755415736723,0.008456269159295204,372.292814151307,6,-6,0
14:52:48:979,7.412921364072104,1.7283819282549853,343.73479179165327,-0.8594092958474693,0.0077708419085585415,-0.14652024770553296,343.8190596742581,-49,-3,-8
14:52:49:101,7.066812580850909,3.711523337414235,369.8841592979685,0.07540475832108495,-0.1278078917687997,0.003590913471486839,369.9702779212162,4,-7,0
14:52:49:231,7.045163054416014,3.8017749108623247,372.623280026428,0.02061773724354729,-0.14021589040022323,0.002994486790364671,372.70926555773997,1,-8,0
14:52:49:395,7.020437047849429,3.7484809205685856,370.97231234288347,0.033053361050132804,-0.16160653143653778,0.001667211014216272,371.05766960215306,2,-9,0
14:52:49:554,7.020437047849429,3.7484809205685856,370.97231234288347,0.033053361050132804,-0.16160653143653778,0.001667211014216272,371.05766960215306,2,-9,0
14:52:49:718,7.10672140165077,3.800656722554087,371.3279292544074,0.07238993153542259,-0.1602511906582056,0.007507801207528863,371.41537599427625,4,-9,0
14:52:49:833,7.0963981114910455,3.8445121632643704,372.0702277142715,0.06615227782639616,-0.08227227034088878,0.0075877951491841,372.1577535014958,4,-5,0
14:52:49:952,7.338958766839487,1.7608056242115577,343.5775728356842,-0.8595315569838067,-0.009101407119215414,-0.14863334071294765,343.66045642157826,-49,-4,-7
14:52:50:073,7.146926957505484,3.7843135698955748,372.25788403990526,0.09995037058833314,-0.1084283158999921,0.008485143650666245,372.3457154634638,6,-6,0
14:52:50:200,7.164585391981243,3.761188040006536,371.5384698706457,0.052494645034111706,-0.10878768973954771,0.004760821719593033,371.6265765699918,3,-6,0
14:52:50:320,7.025672930002937,3.8056744066934725,369.5981869716808,0.15072794816334975,-0.10178640118134548,0.010496478782299897,369.6845453228504,9,-6,0
14:52:50:439,err,err,err,err,err,err,err,err,err,err
14:52:50:566,err,err,err,err,err,err,err,err,err,err
14:52:50:691,err,err,err,err,err,err,err,err,err,err
14:52:50:813,err,err,err,err,err,err,err,err,err,err
14:52:50:936,err,err,err,err,err,err,err,err,err,err
14:52:51:054,err,err,err,err,err,err,err,err,err,err
14:52:51:179,6.8963350922397355,3.540611163594067,370.9165196183175,0.27072322509460445,-0.08888245434363097,-0.001003653873527338,370.9975200602855,16,-5,-1
14:52:51:315,7.036333324368693,3.8970951178183424,370.4922814549904,0.17318934863322152,-0.09524071118623233,0.0038869549805702792,370.57958383420527,10,-5,0
14:52:51:428,7.019411830100325,3.8614261725976187,373.3938383435029,0.06888457591914522,-0.11124480021797978,0.006049118439990596,373.47977357203825,4,-6,0
14:52:51:548,6.957488496492982,3.770024891771494,372.2574681663283,0.05398126281851175,-0.10889949630292131,0.0023581867521309586,372.3415667629231,3,-6,0
14:52:51:762,6.837961998002345,3.784837473329797,370.3678858029409,0.05895101646421121,-0.17136396923645902,0.009053011154705127,370.45033884871253,3,-10,0
14:52:51:930,6.852085054989318,3.8005938882930317,371.33103897596385,0.07243529629939956,-0.1609313760821832,0.007536213423510215,371.4136993844914,4,-9,0
14:52:52:038,6.990717982592725,3.776133465538947,371.3531502674303,0.10906574048181152,-0.13399736865635503,0.005817907081429658,371.43813958101606,6,-8,0
14:52:52:162,6.8064985386691825,3.83589027529552,372.6727211432958,0.009050978085026466,-0.18664266355272202,0.008352683411557432,372.75461038182976,0,-11,0
14:52:52:286,6.792543059152369,3.8226008446537563,370.869186229003,0.043562218390848124,-0.23774546143447475,0.009872272238195758,370.9510806192521,2,-14,0
14:52:52:416,6.64873827827153,3.728247224946045,368.89463939801726,0.05075509269754885,-0.22594968759715053,0.013329461434495728,368.97338728512176,3,-13,0
14:52:52:534,6.767440772681111,3.878588390479958,372.0183377341973,0.06238586162972588,-0.20389832356770554,0.008039997013731058,372.1001011999725,4,-12,0
14:52:52:688,6.741397676382666,3.881032635706374,373.3166214092104,0.012333517744246483,-0.1860880273514303,0.003576319657431301,373.3976548899823,1,-11,0
14:52:52:820,6.802629066509142,3.8768614778920143,372.40285778809584,0.03924874757421014,-0.18899910586906854,0.005463825810091385,372.4851598465045,2,-11,0
14:52:52:945,6.812432376926486,3.880279628375633,373.12595793790825,0.01880231957677663,-0.1893005730429858,0.0033671600758791768,373.208314875173,1,-11,0
14:52:53:062,6.857494464240297,3.9170582141969934,373.2090590089104,0.014898217591922001,-0.20136923587552574,0.008610466662493958,373.2926068136052,1,-12,0
14:52:53:187,6.705516373453663,3.810954354606506,371.22172245227796,-0.018897184007197393,-0.20443930334445512,0.0025162450843235016,371.30183751681545,-1,-12,0
14:52:53:312,6.752163847837905,3.8151227129953074,371.5376099003217,-0.017790090931563248,-0.2210619722410517,0.002759546488797845,371.6185442740807,-1,-13,0
14:52:53:433,6.779607418918421,3.877153392692541,373.43349687946096,-0.008873553412076665,-0.19793932429669034,0.0011950440475793562,373.5151563013307,-1,-11,0
14:52:53:556,6.771337315631942,3.920273999876041,372.8079795320727,0.04594699619779791,-0.17908977187392117,0.00575428032720677,372.89007651057506,3,-10,0
14:52:53:681,6.859804279157179,3.913668803319373,374.84626229408985,0.061555006067478976,-0.11287464175172754,0.0023615216800161446,374.929452129464,4,-6,0
14:52:53:803,err,err,err,err,err,err,err,err,err,err
14:52:53:921,err,err,err,err,err,err,err,err,err,err
14:52:54:047,err,err,err,err,err,err,err,err,err,err
14:52:54:168,err,err,err,err,err,err,err,err,err,err
14:52:54:297,err,err,err,err,err,err,err,err,err,err
14:52:54:421,err,err,err,err,err,err,err,err,err,err
14:52:54:593,7.048691881138873,3.455428997071256,377.5910329646691,-0.18403864464220046,0.05384919554830502,0.007735427790669136,377.67262572513096,-11,3,0
14:52:54:719,err,err,err,err,err,err,err,err,err,err
14:52:54:832,err,err,err,err,err,err,err,err,err,err
14:52:54:956,err,err,err,err,err,err,err,err,err,err
14:52:55:263,7.583236783485693,5.2048020431108135,342.1855679078945,0.7309683962135947,-0.044681255019877866,0.12736174295623892,342.30915606929165,42,-5,6
14:52:55:438,7.1232909775454205,3.7746227397219547,372.0779842053121,-0.06859637104766987,-0.07395565641295053,0.005766431552731318,372.16530652583197,-4,-4,0
14:52:55:627,7.153761205882464,3.744575384653228,370.71009998130904,0.02961850939807332,-0.1380099637448562,0.0015642253424083777,370.79802638681116,2,-8,0
14:52:55:778,7.1186129248042285,3.747391428247698,370.2518844314156,0.05952643530635449,-0.15795194007818764,0.004085080006863543,370.33927082812056,3,-9,0
14:52:55:900,7.128466263602867,3.8185719550680046,374.04548361432063,0.017848507289470437,-0.08169762651979962,0.003814138012323581,374.13289127704127,1,-5,0
14:52:56:020,7.001621390233408,4.005829249128294,374.1508818617938,-0.15632728836788098,-0.026782371042207535,0.006185618652551412,374.2378278154459,-9,-2,0
14:52:56:144,7.110346737081217,4.0237338545884205,375.26468531811224,0.0417767464825538,-0.08058519908173774,-0.0028767458744859437,375.35360863025664,2,-5,0
14:52:56:264,7.1948139709211,3.770176731025306,373.8956450031125,0.10831405272309273,-0.06799395200434986,-0.000889278834626849,373.98386720947315,6,-4,0
14:52:56:388,7.153914098059929,3.7597113475745183,372.650565288736,-0.0030323396942245635,-0.14100566838642867,0.002990227136484402,372.73818925132156,0,-8,0
14:52:56:512,7.094902524530364,3.796284056869064,371.5756932108384,0.047096828719057675,-0.13082178788561546,-0.0002515855809845187,371.6628111603152,3,-7,0
14:52:56:780,7.103639912165514,3.8319076799780962,372.160874196715,0.01762804919526017,-0.12153065597480253,0.0026537773545176847,372.24838683241154,1,-7,0
14:52:56:933,7.059995964128581,3.8190397662736952,372.3570114429289,0.0912375919021406,-0.09135403429402508,-0.004434731403199888,372.4435159570635,5,-5,0
14:52:57:054,7.056759838116293,3.755631355000917,371.54301065726946,0.03254484263885403,-0.11663155919885379,0.0049899857889865555,371.62899697757086,2,-7,0
14:52:57:173,7.088369793725556,3.8369244913585074,372.12779621881856,0.03735871648043141,-0.0700411639014287,0.002159113069893995,372.2150771994057,2,-4,0
14:52:57:291,7.154469447274309,3.8265435858771983,372.5323292686416,-0.02304449607834123,-0.14802929387361702,0.005978635651256405,372.62067202344826,-1,-8,0
14:52:57:448,7.0815706006081065,3.7973891369557777,372.1308887570228,-0.15742424772944363,0.07127081306535772,-0.0009898158086277817,372.21763415174263,-9,4,0
14:52:57:582,7.021346516635965,3.8356189970268444,371.69934351683935,0.05144324785848766,-0.10741788848624026,0.00470904867804324,371.7854398047971,3,-6,0
14:52:57:721,7.123702716216624,3.8342520906388904,371.8519243385925,0.03993745474109989,-0.08261583008955801,0.0023933742213760136,371.9399175455599,2,-5,0
14:52:57:865,7.089675270349429,3.826303844552227,373.0297225649235,0.0872619350775564,-0.01407838276702597,0.0027580240668618004,373.11670830105373,5,-1,0
14:52:57:992,7.089163066972955,3.809305786754299,373.14354820255403,-0.16194617353883634,-0.012800203816452041,0.00615548502839493,373.2303238065724,-9,-1,0
14:52:58:152,7.172159223447829,3.803133471774534,372.07865468056764,0.04926170780536146,-0.1125929649482301,-0.000155408109134909,372.1672056496001,3,-6,0
14:52:58:282,7.096580911787598,3.7605309103216538,372.0754425041849,0.14454297635454913,-0.08694697948125141,0.001461712245447331,372.1621124833236,8,-5,0
14:52:58:400,7.122879166795823,3.72758511779389,371.8461226421271,0.04954447247424205,-0.07927816525498614,0.0023085985419540904,371.93301711789314,3,-5,0
14:52:58:586,7.123702716216624,3.8342520906388904,371.8519243385925,0.03993745474109989,-0.08261583008955801,0.0023933742213760136,371.9399175455599,2,-5,0
14:52:58:737,7.0361828752977225,3.7963312854573874,372.7110406953468,-0.0049917799148309775,-0.12355074188949774,-0.0025250516905450716,372.79678091004496,0,-7,0
14:52:58:856,7.151092126099276,3.8355819697211264,370.0954952032047,0.11564047390017428,-0.1420191445567635,0.0045856045365527285,370.18444777887106,7,-8,0
14:52:58:973,7.173069252876428,3.773385812638219,372.0909666056917,-0.07690781791041952,-0.11641441810482546,0.009012858980330263,372.1792293943276,-4,-7,1
14:52:59:114,7.172159223447829,3.803133471774534,372.07865468056764,0.04926170780536146,-0.1125929649482301,-0.000155408109134909,372.1672056496001,3,-6,0
14:52:59:258,7.088369793725556,3.8369244913585074,372.12779621881856,0.03735871648043141,-0.0700411639014287,0.002159113069893995,372.2150771994057,2,-4,0
14:52:59:381,6.995617295102721,3.7403415097717656,369.8012195118347,0.053734273315964934,-0.14195745871038548,0.003554706478235366,369.88629437759573,3,-8,0
14:52:59:502,7.1840369546091765,3.6837289601088714,373.0225396452506,-0.034689562230310875,-0.09097529494007682,0.005835342748109253,373.1098971206866,-2,-5,0
14:52:59:626,7.190653758997645,3.673666593177448,371.5432720263872,-0.0019825981841342585,-0.09814707063719993,-0.0010476892254186266,371.63100558994483,0,-6,0
14:52:59:747,7.198560545306518,3.704321409253753,370.75852555283393,0.011842264121301287,-0.1544324513916828,0.006837150235510554,370.8469031030715,1,-9,0
14:52:59:869,7.162151913141797,3.6708357674443572,368.86248353749784,0.10054437022342837,-0.14911778124062824,0.0008003864493594281,368.9502720106184,6,-9,0
14:53:00:034,7.233492896053206,3.667104155289974,372.26149409225405,-0.07051751702524263,-0.06405182297135532,0.00567522135730772,372.34982349419784,-4,-4,0
14:53:00:156,err,err,err,err,err,err,err,err,err,err
14:53:00:280,7.104274121184166,3.7246920048395644,372.21545162650324,0.023448358397174948,-0.11927523786269972,0.0026044948257569404,372.3018754597425,1,-7,0
14:53:00:402,7.166717188637005,3.674876136371121,374.51099436344026,0.007676930591904298,-0.058262454347661335,0.003831451301169922,374.5975860159437,0,-3,0
14:53:00:528,7.1840369546091765,3.6837289601088714,373.0225396452506,-0.034689562230310875,-0.09097529494007682,0.005835342748109253,373.1098971206866,-2,-5,0
14:53:00:649,7.183086787281913,3.6773681863176515,372.3204854247706,0.10536632212708526,-0.10281074714465512,0.008522728373908014,372.4079263918911,6,-6,0
14:53:00:771,7.118729304838744,3.663221395636374,373.1692893692101,-0.163532933101303,0.010147091833455912,0.0034107651239114285,373.2551594100613,-9,1,0
14:53:00:896,7.073547256309684,3.700139842597928,371.02874288793384,-0.01773720577257681,-0.09263802124737382,0.00450951196144623,371.11461053782637,-1,-5,0
14:53:01:017,7.253373910954073,3.7575252632081213,371.9557634539495,0.02089795388858607,-0.1414151333324498,0.004943893319477869,372.04545474418336,1,-8,0
14:53:01:143,7.2104312774976815,3.740364706225833,370.20855878521525,0.03605904215319658,-0.1162562432299722,0.0011593979890684532,370.2976608691571,2,-7,0
14:53:01:262,7.735008924465894,5.179468215923386,342.7237907526293,0.7296638065241308,-0.05169346728230063,0.13041491069471683,342.8501917775654,42,-5,6
14:53:01:390,7.213114654026897,3.6770061871670565,370.60957250788516,0.05166215565393884,-0.09744436251530467,0.0009148682435645402,370.6979965308553,3,-6,0
14:53:01:532,7.126361299229693,3.772974794209845,371.37586351664106,-0.03582307063715663,-0.12406249771376697,0.007319377262156474,371.4633930374509,-2,-7,1
14:53:01:679,7.184961605835524,3.704837467298914,370.3790097090726,0.03106691751317828,-0.12878632897434847,0.006575194082967264,370.46721896412066,2,-7,0
14:53:01:804,7.132961964328261,3.827035762949442,373.17724444609064,0.08464281591757598,-0.12698846646418704,0.008634448781670263,373.2650279914966,5,-7,0
14:53:01:927,7.12772069774367,3.8213344032466567,371.47374224554443,0.009513330164430046,-0.12068792196255564,0.004262516567246823,371.5617689925535,1,-7,0
14:53:02:045,7.08893809330609,3.850073581767185,373.0177686632134,-0.11974572768689885,-0.02371089062155799,0.004359128859108987,373.1049877023334,-7,-1,0
14:53:02:171,7.616953674422384,5.3031136941389745,343.7838518501356,0.7399050089514165,-0.03718736819335968,0.1313047042219986,343.9091126897443,42,-5,6
14:53:02:331,7.249361177514489,3.8505331397925953,371.7154151933775,0.09967103783429548,-0.12535960898063675,0.005709084331061477,371.8060377876181,6,-7,0
14:53:02:449,err,err,err,err,err,err,err,err,err,err
14:53:02:573,err,err,err,err,err,err,err,err,err,err
14:53:02:703,7.0544100891805135,3.5868184463562462,371.63119054660336,0.07503241372180552,-0.09727901070458539,0.004610194232638497,371.7154446015921,4,-6,0
14:53:02:872,7.132424065879798,3.6444018283863464,371.3034610884337,0.03589493373789899,-0.1357383981916562,0.006816330099253227,371.389840132969,2,-8,0
14:53:03:034,err,err,err,err,err,err,err,err,err,err
14:53:03:154,err,err,err,err,err,err,err,err,err,err
14:53:03:280,7.070921563429967,3.7443337353660717,370.10771448505494,0.05391091658228663,-0.11231988453427856,0.01138038845816466,370.19418997092447,3,-6,0
14:53:03:394,7.112929874445335,3.81354166395862,370.6929068062374,0.13529167507620443,-0.09735081006123568,0.005296305278586751,370.7807546622118,8,-6,0
14:53:03:519,7.0841805865356395,3.6751248870317554,369.3304070629568,0.09562218577593903,-0.09976480024929912,0.0028849612130257677,369.41662352797186,5,-6,0
14:53:03:672,7.129774545101681,3.588312381924015,371.2288697546708,0.09495888799992026,-0.11983623329698424,0.007096670346141691,371.31466899402807,5,-7,0
14:53:03:808,7.265297100809471,3.532015862009519,370.4010751163529,0.06143278781569752,-0.15436529136216243,0.003555378378491539,370.48915790527883,4,-9,0
14:53:03:930,7.322595502931499,3.5299556651142976,371.81325664132356,-0.00685238047004685,-0.1605411837930144,-0.0007518923449873084,371.9021091713839,0,-9,0
14:53:04:051,7.3898960754902046,3.498787150780277,371.0132023414748,0.04687537291498617,-0.15580299655665258,0.00898474083714101,371.1032853360492,3,-9,0
14:53:04:172,7.829350818827359,4.994916118675527,341.5149557376788,0.7344757779040635,-0.02988422625862221,0.12706946624958732,341.6412049413618,42,-4,6
14:53:04:299,7.354402391042474,3.572943600045052,372.19087771665994,0.0017564045817671365,-0.11566736773998426,-0.0008965221103825471,372.28067719933597,0,-7,0
14:53:04:425,7.2421293342656305,3.581409888807338,371.95440311508634,-0.12471088423624871,0.14045907586292367,-0.0026211148910072635,372.0421386493552,-7,8,-1
14:53:04:545,7.305123858622596,3.655787071315672,369.74029753110506,0.13158440356064777,-0.08481687549930594,0.0014130914766808855,369.8305250139457,8,-5,0
14:53:04:667,7.2716072053687455,3.6359772639347523,373.07281601539734,-0.09372700687111446,0.11311102456346989,-0.00011544876872623998,373.1613895510514,-5,6,0
14:53:04:789,7.316987266009547,3.6229480507960297,370.70295668297433,0.10773334963982711,-0.06048645648700706,0.004159837401604649,370.792861512636,6,-3,0
14:53:04:914,7.277879677451337,3.669017426985328,373.1606269655619,0.04504814640113765,-0.039537488214107214,-0.0029442783410085173,373.24962523599436,3,-2,0
14:53:05:075,err,err,err,err,err,err,err,err,err,err
14:53:05:197,7.170508522576538,3.7087997509876716,370.19361393225273,-0.10452446281911441,0.14362002362773424,-0.0016211044691144686,370.2816268521665,-6,8,-1
14:53:05:366,7.312671044130789,3.7976874473032374,371.75533476304264,-0.12156166432360764,-0.004157851821474327,0.0008999944682291452,371.846643809688,-7,0,0
14:53:05:485,7.243167124872463,3.790982318847451,371.1876860181449,-0.11928303671776339,0.10046273262320649,0.005713664134322739,371.2777037049836,-7,6,0
14:53:05:611,7.280235668943623,3.7789820796579248,370.18999227844756,0.04452371963880906,-0.09390081533179587,0.006158168891542528,370.2808568101662,3,-5,0
14:53:05:734,7.348776952049817,3.7207317994954603,369.3308513214491,0.1241509684676529,-0.1259664089944789,0.0041928662584508405,369.4226930030708,7,-7,0
14:53:05:855,7.237337383302632,3.6458727141685543,368.2424918843528,0.1534321000847511,-0.07633221625527012,0.001070631748127625,368.33164983401207,9,-4,0
14:53:05:982,7.1941948126144055,3.5502800020008216,371.4895825755586,-0.06289905032041852,0.1350003254800487,-0.004238602519604215,371.57619795845,-4,8,0
14:53:06:102,7.274455224852,3.6070703624879545,371.66717409766744,0.016382090003101257,0.12348018396784029,0.00024330858595412362,371.75585665482686,1,7,0
14:53:06:264,7.276531479486549,3.643234156397957,369.8820181490822,-0.047994948767846914,-0.14132675406165005,-0.0013159465148900268,369.97152379004564,-3,-8,0
14:53:06:392,7.322042418147029,3.667618224772116,371.2363984626224,0.11433908273114836,-0.05497214710028244,-0.000926752801768276,371.32671230617757,7,-3,0
14:53:06:511,7.307859944783815,3.554323958506734,372.5630016809383,-0.10861719548513735,0.09235093075281851,0.005251960026775802,372.6516178111742,-6,5,0
14:53:06:632,7.424070173313326,3.5664144725789004,372.9612951937073,-0.06783917844818982,-0.05732944529685139,0.0003950069420776973,373.0522266958022,-4,-3,0
14:53:06:761,7.3466186111765,3.6096099397589683,370.67505592103174,-0.08201274709171227,-0.07097364307792448,0.0018410116021245753,370.7654233757448,-5,-4,0
14:53:06:878,7.2378177072076815,3.553755686951667,371.79191782627544,-0.06284483524576598,0.14505220476051522,0.0008049816799084902,371.8793424561053,-4,8,0
14:53:07:010,7.200339716979776,3.6141679103084523,372.0236787982752,-0.15436015621988153,0.024482352948865208,-0.00019840620569153912,372.11090374823215,-9,1,0
14:53:07:126,7.239350093677427,3.6089469536828984,368.3398570634163,0.1478151512211304,-0.07726063149361714,0.0011028703899706304,368.42866743698335,8,-4,0
14:53:07:248,7.369513519320156,3.6645842562682223,371.008606574427,0.11356807077221612,-0.09580804851784236,0.0017546060030328194,371.0998855558712,7,-5,0
14:53:07:373,7.3176207607512485,3.70671182925499,370.6704256709804,0.1418054338395033,-0.06435977014037375,0.002575029876541548,370.76117886489834,8,-4,0
14:53:07:495,7.372967757349606,3.667664108627621,373.4639761009268,0.027570399686550104,-0.09363690534891707,-0.002615923061593624,373.55475349495725,2,-5,0
14:53:07:620,7.3436479324577455,3.6662563241220845,371.3420450157903,0.1059687351654632,-0.01155116449944371,-0.003764583100870326,371.4327462635723,6,-1,0
14:53:07:746,7.432981721092946,3.680142011986485,370.91412529659897,0.04952300453669516,-0.08444321869820046,0.000655473194560615,371.00684765518224,3,-5,0
14:53:07:867,7.407210863039639,3.6372503004568864,372.85095018562515,-0.07275450962010957,0.1343131962298263,-0.00037353419492595577,372.9422574834357,-4,8,0
14:53:08:030,err,err,err,err,err,err,err,err,err,err
14:53:08:148,err,err,err,err,err,err,err,err,err,err
14:53:08:278,err,err,err,err,err,err,err,err,err,err
14:53:08:396,7.410478071907813,3.719624785299657,373.6045195899933,0.07487034071784862,-0.07258984379956658,0.0006407909172025711,373.69651838338996,4,-4,0
14:53:08:522,7.283833346036082,3.7002792909095215,372.36028863023205,-0.09513869930101118,0.16165393721134935,0.0020172347981531904,372.4499038043013,-5,9,0
14:53:08:642,err,err,err,err,err,err,err,err,err,err
14:53:08:765,7.434698350767942,3.822773480490605,373.985803694177,0.03584316080488552,-0.11400545131126169,0.0081485665648816,374.07922917669396,2,-7,0
14:53:08:890,7.4016313058966166,3.7305221779974302,372.35228705849704,-0.13381757651701512,0.14954094874284388,0.00662925220387515,372.44452824468016,-8,9,0
14:53:09:014,7.471463435843559,3.683371538026403,369.89856699811537,0.10024615381557382,-0.13357094049137105,0.006128511444410129,369.9923510817751,6,-8,0
14:53:09:139,7.3962971526090895,3.732465299255075,370.4658522889923,0.11803283916932182,-0.0871064387328241,0.006737436472477804,370.55847611542947,7,-5,0
14:53:09:259,7.3087586970747775,3.6912594802343865,371.89351005439744,-0.1163416603736923,0.18436682207654478,0.0045341260876677406,371.9836369664971,-7,11,0
14:53:09:381,7.4606009692720825,3.8488018440563025,371.6702909046479,0.09555503054118265,-0.101342562421172,0.007163997575106942,371.7650857512081,5,-6,0
14:53:09:503,7.417572300979629,3.8358611481775995,369.99807502577215,0.11866213636483011,-0.08176609139944777,0.0013882489686625526,370.0922989368534,7,-5,0
14:53:09:642,7.393448987303997,3.787401709462383,371.9541561327211,0.12041268514045193,-0.10270835179584888,0.005360900360990634,372.04690801569814,7,-6,0
14:53:09:754,7.323157179152618,3.8293272421026434,372.61855673057545,0.11206410854508835,0.03042405438482572,0.002456653091271756,372.71018392066344,6,2,0
14:53:09:876,7.3152265200279105,3.773429171447229,371.52106189548505,0.0935668951944219,-0.11217737645046859,0.007255608205120277,371.6122316860683,5,-6,0
14:53:09:996,7.34541588664382,3.7651680707113453,371.85043387684135,-0.10648860068721051,0.17094622054219796,0.002455492652385102,371.94203419288823,-6,10,0
14:53:10:164,7.406191533786776,3.837463940023725,371.22703153746755,0.07681204436513853,-0.07747193334425735,0.006250584244712819,371.32073298786594,4,-4,0
14:53:10:282,err,err,err,err,err,err,err,err,err,err
14:53:10:405,err,err,err,err,err,err,err,err,err,err
14:53:10:570,err,err,err,err,err,err,err,err,err,err
14:53:10:692,err,err,err,err,err,err,err,err,err,err
14:53:10:819,7.262284452500046,3.82883175841165,370.9541095318897,0.0594210094644348,-0.10188067198713689,0.006528122984401557,371.0449462082733,3,-6,0
14:53:10:938,err,err,err,err,err,err,err,err,err,err
14:53:11:061,err,err,err,err,err,err,err,err,err,err
14:53:11:186,7.3836228882362,3.740662052521718,372.14861383817004,0.0807865164198912,-0.06780603256993871,0.004541751960900179,372.2406496088495,5,-4,0
14:53:11:322,7.288911420279138,3.6588846088275773,371.4195553390382,-0.06134335425827937,0.2076139568042722,0.002912446960741046,371.50908704165266,-4,12,0
14:53:11:434,7.300086440719764,3.675242188637127,372.95526266080844,-0.07110716599290771,0.1470902059002197,0.004588171661113897,373.0448051019874,-4,8,0
14:53:11:554,7.401173558978923,3.823184156402607,373.651602760769,0.051630460849127625,-0.038990937492469166,0.001914535629177389,373.74445059804617,3,-2,0
14:53:11:679,7.451560875381134,3.6813271455854406,369.88283028108486,0.09511906937482949,-0.18193982116470997,0.008626398321204418,369.9761966205099,5,-10,0
14:53:11:800,7.368354606702586,3.5923608625768457,372.55174835309674,0.05750468903318677,-0.11322088915472785,0.004946503976531401,372.64192317441444,3,-6,0
14:53:11:921,7.548389217818527,3.596400540216076,372.476127065499,0.07394160223176023,-0.10647797667906207,0.004999023266580701,372.56996324226554,4,-6,0
14:53:12:049,7.534316079150925,3.436959241670545,370.14895740244646,-0.012208243813479135,-0.13573445901026213,-0.004385248995369928,370.24158231312646,-1,-8,0
14:53:12:169,7.547074672149242,3.4261540826008465,369.961812269614,0.08770077954755785,-0.1553858340440922,0.0007083345650407692,370.0546438105078,5,-9,0
14:53:12:332,7.63052147447473,3.42577902145134,370.5903163442814,0.06264320032218224,-0.14834412638141445,0.0033826358385695946,370.68469537874205,4,-8,0
14:53:12:458,7.428475845642359,3.3325634256501204,372.251404340915,-0.10624802704653566,0.16108316737088665,0.002366425974314913,372.3404306090847,-6,9,0
14:53:12:579,7.5805822253436785,3.4239289899119836,369.72963350605846,0.08895172930514811,-0.16091427110148782,0.0008992775641905005,369.8231880360228,5,-9,0
14:53:12:710,7.581342416615838,3.3792696814633874,373.0128826190063,0.06013625862238592,-0.06940062078334111,0.0022976035250802072,373.10522217754954,3,-4,0
14:53:12:827,7.659158063844712,3.4066942525018318,370.77951901097333,0.11080165490927818,-0.10715756876172051,0.0014905802966099634,370.87426438887036,6,-6,0
14:53:12:945,7.384346188653439,3.588381838228713,371.2260539411665,0.09491800379806054,-0.11915466535186973,0.007060972673123892,371.316829914267,5,-7,0
14:53:13:115,7.185702098446752,3.4419564091399377,369.4160781914952,-0.1316926753646033,0.19082559931633505,0.00357972205331479,369.5019894465454,-8,11,-1
14:53:13:235,7.2622441142243535,3.5016031458724077,370.96220409492355,-0.09536124844318121,0.1415974640512848,0.0035296367455596297,371.0498056610857,-5,8,0
14:53:13:400,7.374072626532784,3.5806244248292645,373.62649984027036,-0.03697350272843424,-0.08922572625370233,0.0005670832566980287,373.7164154827355,-2,-5,0
14:53:13:523,7.195889453383667,3.5610684294997723,372.8085335846667,-0.0865142410270824,0.09497161363356345,-0.002508928895537321,372.89497817339196,-5,5,0
14:53:13:646,7.41067304057085,3.629894448024788,372.5323216749014,0.061213145901434264,-0.02289522517649561,0.0018238582956855765,372.62370415891456,4,-1,0
14:53:13:770,7.246307945765669,3.565789485674415,370.3537349805319,-0.10359775671446467,0.14403097869455975,-0.0013046549143116834,370.4417806451252,-6,8,-1
14:53:13:889,7.254288950576113,3.5699030639643174,371.1151158823115,0.03714248279472506,-0.08328085305787092,0.0009886023871808953,371.20317637704295,2,-5,0
14:53:14:016,7.3032982819162315,3.628141790126237,372.43809560189635,0.059186434688843735,-0.03550415701180308,0.002035365621594604,372.52736360462325,3,-2,0
14:53:14:135,7.402557888413222,3.627617516792242,373.0675050858302,0.031537383277049545,-0.08277240416028168,0.002403392010251896,373.158573294391,2,-5,0
14:53:14:261,7.2786589675105695,3.578159080371198,371.0235084131702,-0.07729883234810457,0.08860262600406234,0.006289790002475681,371.1121473274454,-4,5,0
14:53:14:386,7.2433227303332,3.577986378874548,371.6789190767616,-0.12462356650492436,0.12913781511111333,0.0023750320420696217,371.7667099092831,-7,7,0
14:53:14:508,7.275039852140352,3.530120537439124,372.1740867298837,-0.024322864508795297,0.15516122851810804,-0.0022350686006287926,372.26192229273477,-1,9,0
14:53:14:630,7.130647548809168,3.615161756563165,369.8078662201975,-0.009015503755997032,0.10369720155101961,-0.006089649080507834,369.89427333675627,-1,6,0
14:53:14:752,7.171801226777233,3.707500820245434,370.7168510176871,0.14265534703568786,-0.06072799038822632,0.002476188677878417,370.80475175439506,8,-3,0
14:53:14:880,7.064367142097355,3.710070684895999,370.29118808149656,-0.10361013669561393,0.1400510958602165,-0.0015704766906467014,370.37715085897446,-6,8,-1
14:53:14:998,err,err,err,err,err,err,err,err,err,err
14:53:15:120,7.314183698265056,3.6622028063659955,372.57649143945576,0.04558403654601173,-0.07581624178978338,-0.002974606971969475,372.6662729385392,3,-4,0
14:53:15:244,7.22781108126974,3.488844152301732,370.0263484917827,-0.10892298202477983,0.1856445919872629,-0.004154483079270781,370.1133770410194,-6,11,-1
14:53:15:365,7.381322809413254,3.436056584160352,369.6564963306121,0.006653451639401179,-0.1329389954460738,-0.002465565298972096,369.74615033924306,0,-8,0
14:53:15:494,7.2857047699083095,3.410077239777501,370.04905079173477,-0.15140414355800755,0.1281486641372002,0.0031134834880208588,370.1364749827277,-9,7,0
14:53:15:656,7.8103148838956225,5.014099955360689,340.4761850190254,0.7374816800401052,-0.03612032581803396,0.1292649520906447,340.6026640853791,42,-4,6
14:53:15:777,7.3790414121988475,3.5366292817785485,371.44858276503714,0.03462433355570165,-0.11321596991419006,0.0011460298487236836,371.5387027444036,2,-6,0
14:53:15:904,7.318354414185986,3.456427220063693,370.29503139722993,-0.1029673003650897,0.14059245427082454,-0.0014963000181583486,370.3834708487067,-6,8,-1
14:53:16:062,7.385254542336593,3.468526363446333,369.87908257039913,-0.019206393504081227,-0.12925083993252828,0.0004769943306518432,369.96906408902515,-1,-7,0
14:53:16:185,7.245550468304955,3.475198050292401,370.36030411196566,-0.014089554064205907,-0.11295052963098827,0.0007912176289759649,370.44747247752304,-1,-6,0
14:53:16:311,7.376381003327646,3.5206023377395472,371.9064135862654,-0.05325389971091996,-0.10127808273198242,-0.0031666225329766515,371.9962178626619,-3,-6,0
14:53:16:430,7.458258745355038,3.4420087462606297,369.4417963517087,0.038147932378407926,-0.14923444285227958,-0.00010617508299749476,369.533102629926,2,-9,0
14:53:16:559,7.420980031313294,3.4514110475149926,368.2330419639827,-0.012194890356626147,-0.1165812926145507,-0.0007618704657717935,368.3239828967051,-1,-7,0
14:53:16:677,7.3733890944441836,3.4439905893100846,369.30076879541195,0.05050340136230559,-0.11480908370835367,-0.00021796813867311002,369.3904245791973,3,-7,0
14:53:16:802,7.427565356193757,3.421223866285983,369.8237717966383,-0.0671073086561877,-0.04633487233878052,-0.0047759204329382975,369.9141734047991,-4,-3,0
14:53:16:934,7.237188156871536,3.364232776590987,369.0496934176864,-0.13708268989192754,0.09740370320381994,0.004176391785762983,369.1359792356759,-8,6,0
14:53:17:047,7.2547023887049,3.4335361396152946,368.8254376938004,-0.14249030101681834,0.15024788015980176,0.0015088082832047033,368.91275847711495,-8,9,-1
14:53:17:176,7.528237571660427,3.479937450015396,368.78505550114824,0.06950385886096527,-0.15787499015013842,0.007653660125717759,368.8783017291426,4,-9,0
14:53:17:290,7.42990894365229,3.433696847230793,369.70939804535726,-0.005584165184729522,0.20427601564772857,-0.0015063477844604524,369.79999029747154,0,12,0
14:53:17:415,7.609879886634595,3.4771150017570425,369.79977284597106,0.01848640241436423,-0.14420408960379083,0.0028593589285377426,369.8944073618257,1,-8,0
14:53:17:540,7.658853185279901,3.53380411802606,371.32831708751553,0.028947146425069275,-0.0974654343776381,-0.004253031618044178,371.4241037879808,2,-6,0
14:53:17:663,7.402557888413222,3.627617516792242,373.0675050858302,0.031537383277049545,-0.08277240416028168,0.002403392010251896,373.158573294391,2,-5,0
14:53:17:788,7.304615630982609,3.7151816075874664,372.3593972675518,0.10747973869683715,-0.04414272842410626,0.0003471164619023329,372.4495680187429,6,-3,0
14:53:17:906,7.290522277564089,3.687046555072001,371.6272851394286,-0.12094254997215356,0.0661121962822897,-0.002072437086452401,371.71707666918,-7,4,0
14:53:18:031,7.171374316820699,3.68108482302201,371.30636710463676,-0.134960438912847,0.07273273709858571,-0.004785299268235124,371.3938573098773,-8,4,-1
14:53:18:156,7.338074779211947,3.6703585731642625,372.91973861712233,0.06037416244079536,-0.12217723561598416,-8.941727608024939e-05,373.0099868955036,3,-7,0
14:53:18:278,7.183621390579778,3.721803191111752,371.4991304666405,0.04361695828590253,0.05101092898015089,0.0005257713078444851,371.5872174506902,3,3,0
14:53:18:404,7.356013633581418,3.688829243097083,368.0508673920795,0.0724076279381227,-0.12877205498012406,0.001947719857910942,368.14285187386736,4,-7,0
14:53:18:524,7.33764413788843,3.640558626186416,370.94776402902824,-0.13355786054686947,-0.007008376116210595,0.0060974738220043396,371.0381898494286,-8,0,0
14:53:18:778,7.258028088080329,3.6779931746001218,369.96889389383944,0.0813813130575457,-0.15880650464301874,0.0012050142175346278,370.0583589848374,5,-9,0
14:53:18:903,7.413194147495573,3.6053782344773375,370.5088317575037,-0.09424547899061415,0.07698000943239705,0.0011755398701122765,370.60052429805364,-5,4,0
14:53:19:020,7.316987266009547,3.6229480507960297,370.70295668297433,0.10773334963982711,-0.06048645648700706,0.004159837401604649,370.792861512636,6,-3,0
14:53:19:137,err,err,err,err,err,err,err,err,err,err
14:53:19:263,7.001546589560571,3.671432384306606,369.19328047036123,0.08900583875443076,-0.08840312793056719,-0.0019217220969295593,369.27791622958597,5,-5,0
14:53:19:387,7.333015998079703,3.7042883662458324,370.2612359952672,0.14935821119544943,-0.12032235695013285,0.007894160244394934,370.3523697192599,9,-7,0
14:53:19:552,err,err,err,err,err,err,err,err,err,err
14:53:19:671,7.199069342473525,3.6739042492584755,370.2243342193853,0.05678962344703975,-0.08774129209977641,-0.004132462774324568,370.3125461282909,3,-5,0
14:53:19:793,7.228493137357673,3.722017292707973,369.8314124065316,0.10958620414956013,-0.07532040343847182,-0.000864752832976261,369.9207727721898,6,-4,0
14:53:19:961,7.172180302993131,3.6632321484418227,371.7669488441336,0.08086933291687284,-0.020384216669784214,-0.0036469646735178404,371.85416992814356,5,-1,0
14:53:20:080,7.227702348616232,3.7282853313670183,370.34264434881453,0.1097181847345527,-0.04370391526765842,-0.0012818257234959666,370.4319289910426,6,-2,0
14:53:20:203,7.365589596674911,3.804310903209867,371.2913331155843,0.08472579811455212,-0.07654908358420855,-0.0008267960750330035,371.38386978745143,5,-4,0
14:53:20:329,7.236068751274537,3.77844005591376,370.4256520271834,0.032495561130600814,-0.060896121544235855,0.003748657941233588,370.5155880391448,2,-3,0
14:53:20:451,7.441376526700145,3.6803900415377435,370.25050739351053,0.07643760841607715,-0.035812934245557634,0.00015744325640008208,370.3435669491532,4,-2,0
14:53:20:602,7.668255574842881,3.652256459218151,371.76157292673906,-0.12164078035796713,0.03233803538775538,0.0008676454017561892,371.8585863278783,-7,2,0
14:53:20:740,8.092419418161649,5.1294099340663575,341.02085024407126,0.7482183006934803,-0.03300013668574948,0.1346054169470619,341.1554167817073,43,-4,6
14:53:20:861,7.867936828979089,3.6854498920633882,373.9855371105396,0.06696616734897358,0.01108094768993331,0.0005619666054980231,374.08644580993644,4,1,0
14:53:20:985,7.780964633305068,3.769268176734624,371.5957926951254,0.076452915528724,0.11498477274559027,-0.004149994611739319,371.69635987177963,4,7,0
14:53:21:106,8.11809468460843,3.6614313811987182,370.8481032875872,0.10758133283775403,0.02973960065078788,-0.006743328890519035,370.95501782974776,6,2,0
14:53:21:231,8.234772004038259,3.6222503508149546,371.7723138916663,0.0640930157714232,-0.03672449778613358,-0.003304233319289008,371.88114437804734,4,-2,0
14:53:21:354,8.238031608660588,3.5766633154070497,370.740155099108,-0.0710073381352259,0.12130037218965846,-0.0038319488357462035,370.8489184131022,-4,7,0
14:53:21:566,8.289322258012758,3.56915857586612,370.15564210054407,0.07089104037908213,0.12417239616728035,-0.008009991875031222,370.26564941309766,4,7,0
14:53:21:691,8.448806693655852,3.460361211413543,369.71256368076746,0.08696116256267021,0.06607935777048654,-0.00010537551860739573,369.82527790520993,5,4,0
14:53:21:816,8.804122169577193,3.4678753035171135,370.1112570068095,-0.03628442155607373,-0.13420054524909383,-0.0013645384161884626,370.23219915271847,-2,-8,0
14:53:21:935,8.200789052074327,3.6631343918070396,371.24070742709097,0.09919342758840559,-0.07081524523546455,-0.0008094209982807515,371.34934272947896,6,-4,0
14:53:22:059,8.291517063385182,3.710788034592888,373.54326404690136,0.04559084238354334,0.029290993240394803,-0.0006739148718986135,373.65370240085025,3,2,0
14:53:22:181,7.981556222663385,3.6191900294040953,373.4496294599094,-0.020465732784753,0.08098523627277751,-0.00035885719323936334,373.55244547445824,-1,5,0
14:53:22:303,err,err,err,err,err,err,err,err,err,err
14:53:22:433,err,err,err,err,err,err,err,err,err,err
14:53:22:538,7.528333384445137,3.8850516834887423,371.9363768901073,0.08432075047186773,-0.07615908666033262,0.0046868725626436365,372.03284516863647,5,-4,0
14:53:22:669,7.536386300853195,3.8192975522045702,371.09628004678626,0.13676745971710122,-0.04203663923314045,0.0021261733032416595,371.1924476829112,8,-2,0
14:53:22:789,err,err,err,err,err,err,err,err,err,err
14:53:22:912,8.00474397784541,5.230953224965158,338.8309423570097,0.7552245022296581,-0.03350724110867112,0.1292664988412199,338.9658482743237,43,-4,6
14:53:23:033,7.431782378368793,3.8379150591961593,370.2461149572784,0.11570147113097781,-0.09736021080179415,0.0070200286041265875,370.3405819273379,7,-6,0
14:53:23:156,7.366076450034692,3.7497934961846418,370.9023498116619,-0.13036137457084992,0.17145944115329062,0.005064196455111258,370.9944381380187,-8,10,0
14:53:23:283,7.408565618581055,3.6965832823191667,368.1598577586812,0.0939198741608606,-0.16256553467342896,0.004879479577642126,368.25294627114704,5,-9,0
14:53:23:443,err,err,err,err,err,err,err,err,err,err
14:53:23:567,7.335046970201761,3.8132855962657013,371.5873967747669,0.10114930972754099,-0.05049399853876676,0.009549086891000952,371.67934769494764,6,-3,0
14:53:23:693,7.326837026164321,3.8510070511832484,373.04107430506224,0.04736904435618293,-0.07327457271353789,0.002465041821789549,373.1328931021643,3,-4,0
14:53:23:811,err,err,err,err,err,err,err,err,err,err
14:53:23:934,err,err,err,err,err,err,err,err,err,err
14:53:24:059,err,err,err,err,err,err,err,err,err,err
14:53:24:180,err,err,err,err,err,err,err,err,err,err
14:53:24:303,err,err,err,err,err,err,err,err,err,err
14:53:24:426,err,err,err,err,err,err,err,err,err,err
14:53:24:552,7.317260577331278,3.7838233720927756,368.12572095315056,-0.1595713111465471,0.16150334953379106,0.008949873336053635,368.2178785025852,-9,9,0
14:53:24:670,err,err,err,err,err,err,err,err,err,err
14:53:24:793,err,err,err,err,err,err,err,err,err,err
14:53:24:919,err,err,err,err,err,err,err,err,err,err
14:53:25:039,7.30667907083318,3.7817966328964387,372.67738257953147,0.07552725454674951,0.08170448852575725,0.001252349522021088,372.76818672084556,4,5,0
14:53:25:169,7.3280863656217585,3.8020127247758095,369.8142353081124,0.013104078893111147,-0.1584036034934453,0.008350384056724842,369.9063730014195,1,-9,0
14:53:25:290,7.317315502682695,3.8102063873113883,372.2447265401492,0.06636468951848845,-0.09678698784886054,-0.0003270580014691724,372.33613471677734,4,-6,0
14:53:25:413,err,err,err,err,err,err,err,err,err,err
14:53:25:534,err,err,err,err,err,err,err,err,err,err
14:53:25:698,7.42380146475181,3.891815210765777,370.3133416904236,-0.10366683323549783,0.18068044679221482,0.005792689646830709,370.408193872316,-6,10,0
14:53:25:867,7.467514969317916,3.7945783864572764,370.8933482691493,-0.07935303866913022,0.1836474437667775,0.0029756394635163616,370.9879221689682,-5,11,0
14:53:25:987,7.439151503480998,3.8665030573932087,370.88833535581756,-0.08192736764939593,0.16869815081810574,0.008355967844153721,370.9830833393808,-5,10,0
14:53:26:109,7.556535422790871,3.8389303778885404,370.5849850604995,0.1065994162803783,-0.13212499532106745,0.004514851577831285,370.6818983526614,6,-8,0
14:53:26:234,err,err,err,err,err,err,err,err,err,err
14:53:26:355,7.541108241836313,3.7736264692806274,371.40307821594797,0.09921943617690816,-0.14779368968826562,0.004556604313868218,371.49879552769255,6,-8,0
14:53:26:478,err,err,err,err,err,err,err,err,err,err
14:53:26:621,err,err,err,err,err,err,err,err,err,err
14:53:26:724,err,err,err,err,err,err,err,err,err,err
14:53:26:846,err,err,err,err,err,err,err,err,err,err
14:53:26:970,7.449700303662049,3.71207331635789,372.21073897478095,-0.027694574240629887,0.07109429580727727,0.003267704012076199,372.3037895738813,-2,4,0
14:53:27:093,err,err,err,err,err,err,err,err,err,err
14:53:27:213,err,err,err,err,err,err,err,err,err,err
14:53:27:340,err,err,err,err,err,err,err,err,err,err
14:53:27:459,7.895467550663071,5.129160655934287,341.01971502711285,0.7487738621199674,-0.04750718970018564,0.129697613686394,341.14966324774707,43,-5,6
14:53:27:584,err,err,err,err,err,err,err,err,err,err
14:53:27:710,err,err,err,err,err,err,err,err,err,err
14:53:27:829,err,err,err,err,err,err,err,err,err,err
14:53:27:959,7.434183961171552,3.867403951154555,371.57341509468995,0.15354155533244954,-0.030883084639174628,0.0034228972182911935,371.6678984114995,9,-2,0
14:53:28:074,err,err,err,err,err,err,err,err,err,err
14:53:28:199,err,err,err,err,err,err,err,err,err,err
14:53:28:323,err,err,err,err,err,err,err,err,err,err
14:53:28:485,err,err,err,err,err,err,err,err,err,err
14:53:28:606,err,err,err,err,err,err,err,err,err,err
14:53:28:733,err,err,err,err,err,err,err,err,err,err
14:53:28:853,err,err,err,err,err,err,err,err,err,err
14:53:28:978,err,err,err,err,err,err,err,err,err,err
14:53:29:101,err,err,err,err,err,err,err,err,err,err
14:53:29:223,err,err,err,err,err,err,err,err,err,err
14:53:29:352,err,err,err,err,err,err,err,err,err,err
14:53:29:469,err,err,err,err,err,err,err,err,err,err
14:53:29:599,7.876480156092842,5.284688738536888,340.48912169013045,0.7428880463736378,-0.03169041371828362,0.13089442507229104,340.62121023804286,42,-4,6
14:53:29:713,err,err,err,err,err,err,err,err,err,err
14:53:29:843,err,err,err,err,err,err,err,err,err,err
14:53:29:961,err,err,err,err,err,err,err,err,err,err
14:53:30:086,7.963740606016978,5.222358792395477,341.0493707217881,0.7345625144605836,-0.04850145379090833,0.1294324701846924,341.182308253995,42,-5,6
14:53:30:212,err,err,err,err,err,err,err,err,err,err
14:53:30:332,7.400708482675996,3.7070306014209025,373.00707678169243,0.05655711592091392,-0.07737363773192645,0.002228477406266166,373.0989036316628,3,-4,0
14:53:30:456,err,err,err,err,err,err,err,err,err,err
14:53:30:574,err,err,err,err,err,err,err,err,err,err
14:53:30:703,err,err,err,err,err,err,err,err,err,err
14:53:30:821,err,err,err,err,err,err,err,err,err,err
14:53:30:988,7.46575288464213,3.856983784494348,371.705938917893,0.11966794121918035,-0.11598168881773327,0.005362785611381693,371.8009128779551,7,-7,0
14:53:31:109,err,err,err,err,err,err,err,err,err,err
14:53:31:234,err,err,err,err,err,err,err,err,err,err
14:53:31:354,7.896442196002364,5.222027005794058,341.02906460351954,0.7346647052043778,-0.049085027924693894,0.1293618187590994,341.16044065769927,42,-5,6
14:53:31:483,7.486524792106156,3.796814050417277,371.7176832114247,0.1551404065210482,-0.0626227281115504,0.006053209809975163,371.8124525381921,9,-4,0
14:53:31:601,err,err,err,err,err,err,err,err,err,err
14:53:31:724,7.879933576094081,5.214688488807543,340.5255814086975,0.7365555626181317,-0.042299957080993746,0.126720068575402,340.6566569479165,42,-5,6
14:53:31:848,err,err,err,err,err,err,err,err,err,err
14:53:31:967,err,err,err,err,err,err,err,err,err,err
14:53:32:123,err,err,err,err,err,err,err,err,err,err
14:53:32:218,7.372107291535932,3.7949882846722347,371.0551082417291,-0.08694901097956854,0.14439691625460688,0.003269921812004851,371.14773777335625,-5,8,0
14:53:32:341,7.411080049107433,3.816903797288207,371.1180314225749,0.1302351192000724,-0.10646053846623857,7.902627949465925e-05,371.21164597714244,7,-6,0
14:53:32:465,7.405000148608803,3.7871228601439584,370.15153084970535,0.07499424373744114,-0.15532982823015304,0.000786075901399266,370.24496231162834,4,-9,0
14:53:32:585,err,err,err,err,err,err,err,err,err,err
14:53:32:715,7.344449066102337,3.7338907797669187,372.2240490799718,-0.1033927578529229,0.21215528252251908,0.004400799573874405,372.31522341415086,-6,12,0
14:53:32:831,7.4426672854181355,3.7788943635792602,372.12776983715213,0.08797817060812033,-0.1321508993684288,0.007409034576040268,372.22137287225326,5,-8,0
14:53:32:955,err,err,err,err,err,err,err,err,err,err
14:53:33:076,err,err,err,err,err,err,err,err,err,err
14:53:33:200,err,err,err,err,err,err,err,err,err,err
14:53:33:283,err,err,err,err,err,err,err,err,err,err
14:53:33:404,err,err,err,err,err,err,err,err,err,err
14:53:33:530,7.427222468960072,3.859292162073589,371.44218841307514,0.13505072002715945,-0.016314138156700013,0.004805673379532913,371.53648152326855,8,-1,0
14:53:33:649,7.348359179214294,3.8692283453618694,371.76664133437345,0.03916492152070348,-0.12300127434355491,-0.0038387036966653484,371.85938863992124,2,-7,0
14:53:33:776,err,err,err,err,err,err,err,err,err,err
14:53:33:897,err,err,err,err,err,err,err,err,err,err
14:53:34:020,err,err,err,err,err,err,err,err,err,err
14:53:34:146,7.3303917778562795,3.7326493674678756,372.1456099029261,-0.10323178847576607,0.11533045048061576,0.005262960838955704,372.2365139060624,-6,7,0
14:53:34:269,7.436282577065698,3.792905375745503,373.9140976680176,-0.09148538273801401,0.11210974244869604,0.0013968299226665222,374.00726846499003,-5,6,0
14:53:34:392,err,err,err,err,err,err,err,err,err,err
14:53:34:513,err,err,err,err,err,err,err,err,err,err
14:53:34:636,7.29212678564959,3.8262739233820104,369.95764173675093,0.09155863306275534,-0.13814895825920606,0.006074279674415263,370.0492834266983,5,-8,0
14:53:34:758,err,err,err,err,err,err,err,err,err,err
14:53:34:882,7.399379553279055,3.8187350966344504,370.776991982571,0.14685211453055308,-0.07818324180905929,0.0050391539399131215,370.8704778479345,8,-4,0
14:53:35:007,err,err,err,err,err,err,err,err,err,err
14:53:35:129,err,err,err,err,err,err,err,err,err,err
14:53:35:290,err,err,err,err,err,err,err,err,err,err
14:53:35:418,err,err,err,err,err,err,err,err,err,err
14:53:35:537,err,err,err,err,err,err,err,err,err,err
14:53:35:663,err,err,err,err,err,err,err,err,err,err
14:53:35:786,7.888910791465437,5.131523336254755,339.3418556150648,0.7404929392383828,-0.04144595152781194,0.13159656104616732,339.4723293841513,42,-5,6
14:53:35:909,err,err,err,err,err,err,err,err,err,err
14:53:36:030,7.3032858753618735,3.7561028844879347,368.9549018876434,-0.1753404900149739,0.12734103238039296,0.005554617656025201,369.04629238129013,-10,7,0
14:53:36:236,err,err,err,err,err,err,err,err,err,err
14:53:36:355,7.891788285239896,5.18461294310789,340.988242672375,0.7275609493139289,-0.03301317098605337,0.13580968082733713,341.11895604686555,42,-4,6
14:53:36:484,err,err,err,err,err,err,err,err,err,err
14:53:36:603,err,err,err,err,err,err,err,err,err,err
14:53:36:730,err,err,err,err,err,err,err,err,err,err
14:53:36:853,7.492093729055618,3.780180771163954,372.2404253657426,0.08689211191715472,-0.058591130431306926,0.004335544977290633,372.3350044134672,5,-3,0
14:53:36:979,err,err,err,err,err,err,err,err,err,err
14:53:37:095,7.910655308023571,5.247832463009636,340.4905395013396,0.7367640773828306,-0.03546505979420863,0.12908842795880476,340.62284964880945,42,-4,6
14:53:37:222,7.424399943308251,3.8258600972442514,372.32310424650717,0.11259958335069356,-0.07119553856984394,0.0026181343148141065,372.4167730859572,6,-4,0
14:53:37:371,err,err,err,err,err,err,err,err,err,err
14:53:37:466,err,err,err,err,err,err,err,err,err,err
14:53:37:591,7.876480156092842,5.284688738536888,340.48912169013045,0.7428880463736378,-0.03169041371828362,0.13089442507229104,340.62121023804286,42,-4,6
14:53:37:714,err,err,err,err,err,err,err,err,err,err
14:53:37:836,err,err,err,err,err,err,err,err,err,err
14:53:37:957,err,err,err,err,err,err,err,err,err,err
14:53:38:085,err,err,err,err,err,err,err,err,err,err
14:53:38:201,err,err,err,err,err,err,err,err,err,err
14:53:38:367,err,err,err,err,err,err,err,err,err,err
14:53:38:490,err,err,err,err,err,err,err,err,err,err
14:53:38:614,err,err,err,err,err,err,err,err,err,err
14:53:38:737,err,err,err,err,err,err,err,err,err,err
14:53:38:904,err,err,err,err,err,err,err,err,err,err
14:53:39:060,err,err,err,err,err,err,err,err,err,err
14:53:39:241,err,err,err,err,err,err,err,err,err,err
14:53:39:357,err,err,err,err,err,err,err,err,err,err
14:53:39:474,err,err,err,err,err,err,err,err,err,err
14:53:39:599,7.419516998099884,3.7985126800548152,370.1000710892158,0.11157276075104149,-0.08237736382181343,0.0014221033516337732,370.19392289894256,6,-5,0
14:53:39:719,err,err,err,err,err,err,err,err,err,err
14:53:39:843,err,err,err,err,err,err,err,err,err,err
14:53:39:970,7.454952366781548,3.6981289324247486,372.72804518140407,-0.13672931828417653,0.1019840918904089,0.004239669303093742,372.8209330726248,-8,6,0
14:53:40:092,err,err,err,err,err,err,err,err,err,err
14:53:40:247,err,err,err,err,err,err,err,err,err,err
14:53:40:379,err,err,err,err,err,err,err,err,err,err
14:53:40:505,err,err,err,err,err,err,err,err,err,err
14:53:40:624,err,err,err,err,err,err,err,err,err,err
14:53:40:744,err,err,err,err,err,err,err,err,err,err
14:53:40:868,7.352945900738904,3.7286684499987297,367.40433600384375,0.10963082289525398,-0.14564249975158267,0.004541320440445551,367.49682297436874,6,-8,0
14:53:41:038,7.878893374579537,5.121872611529165,340.5111781051274,0.7506323195499112,-0.04084707306857328,0.127046752576858,340.6408269048185,43,-5,6
14:53:41:196,err,err,err,err,err,err,err,err,err,err
14:53:41:321,err,err,err,err,err,err,err,err,err,err
14:53:41:446,err,err,err,err,err,err,err,err,err,err
14:53:41:564,err,err,err,err,err,err,err,err,err,err
14:53:41:688,7.876480156092842,5.284688738536888,340.48912169013045,0.7428880463736378,-0.03169041371828362,0.13089442507229104,340.62121023804286,42,-4,6
14:53:41:811,err,err,err,err,err,err,err,err,err,err
14:53:41:930,err,err,err,err,err,err,err,err,err,err
14:53:42:059,err,err,err,err,err,err,err,err,err,err
14:53:42:180,7.844286228973971,5.179860452086201,340.430609805311,0.7368677271705781,-0.042418292642580985,0.12662307283631966,340.5603674433669,42,-5,6
14:53:42:302,err,err,err,err,err,err,err,err,err,err
14:53:42:425,err,err,err,err,err,err,err,err,err,err
14:53:42:550,err,err,err,err,err,err,err,err,err,err
14:53:42:673,err,err,err,err,err,err,err,err,err,err
14:53:42:796,err,err,err,err,err,err,err,err,err,err
14:53:42:916,err,err,err,err,err,err,err,err,err,err
14:53:43:041,err,err,err,err,err,err,err,err,err,err
14:53:43:205,err,err,err,err,err,err,err,err,err,err
14:53:43:325,err,err,err,err,err,err,err,err,err,err
14:53:43:491,7.429441123460565,3.781363155529092,371.12015592823434,0.13150315994720452,-0.04739022395059867,0.002313877455556814,371.21377323439646,8,-3,0
14:53:43:613,err,err,err,err,err,err,err,err,err,err
14:53:43:738,err,err,err,err,err,err,err,err,err,err
14:53:43:861,7.459790324276769,3.7896159117945842,371.28682614030214,0.03498479757662148,-0.1361427666256928,0.006621735416625908,371.38109392614484,2,-8,0
14:53:43:980,err,err,err,err,err,err,err,err,err,err
14:53:44:106,err,err,err,err,err,err,err,err,err,err
14:53:44:231,7.415315654592259,3.7243550767243874,369.6719191671754,0.12237769213482759,-0.0939851306462081,0.0015196978327222752,369.7650410027122,7,-5,0
14:53:44:355,7.877457031274395,5.217898872140305,340.46469280687404,0.7441085084866155,-0.03829134361846894,0.12826302994396838,340.5957836585746,42,-5,6
14:53:44:474,7.366927811893466,3.659559227467345,371.26794236098317,-0.04946099382672199,0.16610936049964597,0.0005860746343955773,371.3590567416975,-3,10,0
14:53:44:626,err,err,err,err,err,err,err,err,err,err
14:53:44:723,err,err,err,err,err,err,err,err,err,err
14:53:44:845,7.392807237535992,3.8446202015806223,372.3360435866301,0.05538060428750746,-0.10103783179557613,-0.000428128753073981,372.4292738992072,3,-6,0
14:53:44:970,7.519303966604804,3.7234524190005986,371.7277613139728,0.038859847088520055,-0.06068226445130221,0.0072224273143329555,371.82244762999005,2,-3,0
14:53:45:091,7.399598316519422,3.797797917748882,371.1215564739452,-0.07680572531744984,0.1828020599165733,0.0031416133372637093,371.2147451326706,-4,10,0
14:53:45:255,7.310961857269643,3.8797380712650846,373.75909067373874,-0.0160568914218928,0.1486413531626027,0.00162795597034164,373.850719394841,-1,9,0
14:53:45:379,err,err,err,err,err,err,err,err,err,err
14:53:45:499,err,err,err,err,err,err,err,err,err,err
14:53:45:620,err,err,err,err,err,err,err,err,err,err
14:53:45:746,7.318385830757983,3.7101994889184264,370.29153526698127,-0.1035616204973009,0.1406148862124607,-0.0015391390439311288,370.3824313352261,-6,8,-1
14:53:45:871,7.361647984979897,3.8584317133382298,369.7452706227417,0.08683187016969575,-0.14298930739644175,0.005934538224019947,369.8386763228337,5,-8,0
14:53:45:992,7.423946630182068,3.8911781060000012,373.2367842889468,0.05176034706105977,-0.1312423961446946,0.005333174588611852,373.3308899581901,3,-8,0
14:53:46:117,err,err,err,err,err,err,err,err,err,err
14:53:46:240,err,err,err,err,err,err,err,err,err,err
14:53:46:359,err,err,err,err,err,err,err,err,err,err
14:53:46:484,err,err,err,err,err,err,err,err,err,err
14:53:46:607,err,err,err,err,err,err,err,err,err,err
14:53:46:730,err,err,err,err,err,err,err,err,err,err
14:53:46:853,7.429039995903068,3.8445110769186215,371.21064809173276,0.10088295319162302,-0.1502501523765354,0.004678653627578833,371.3048830238643,6,-9,0
14:53:46:977,err,err,err,err,err,err,err,err,err,err
14:53:47:102,7.378184111172415,3.7997059263680244,374.4707060303483,-0.09126433453125661,0.11139608206276322,0.006601411025724208,374.56265836408835,-5,6,0
14:53:47:221,7.395798073700168,3.8378982491982097,370.21955699637465,0.11749181886307923,-0.11847406958008157,-0.001204136934837457,370.313310150621,7,-7,0
14:53:47:433,err,err,err,err,err,err,err,err,err,err
14:53:47:595,7.448408649904231,3.815923095667096,370.89551765031047,0.13394380456779661,-0.015639648325419715,-0.0005137999373397596,370.98992583839765,8,-1,0
14:53:47:719,err,err,err,err,err,err,err,err,err,err
14:53:47:835,7.427222468960072,3.859292162073589,371.44218841307514,0.13505072002715945,-0.016314138156700013,0.004805673379532913,371.53648152326855,8,-1,0
14:53:48:002,err,err,err,err,err,err,err,err,err,err
14:53:48:129,7.417330028380875,3.78064264007441,370.6242486258189,-0.14295787292611614,0.06986353620925137,0.0002976628997570461,370.7177412978433,-8,4,0
14:53:48:249,err,err,err,err,err,err,err,err,err,err
14:53:48:372,7.417171163128708,3.871222411034351,372.4597371632958,0.13369778085393755,-0.048365040721013317,-0.0012903534333617165,372.5536962623915,8,-3,0
14:53:48:498,7.407248460454654,3.839441622855064,370.88706174169255,0.09676972829404043,-0.10995628619720971,0.0016964474216954477,370.98089062526697,6,-6,0
14:53:48:617,err,err,err,err,err,err,err,err,err,err
14:53:48:743,7.410681655615715,3.885188641717581,372.52672563817515,0.060611342284640525,-0.022915822436208093,0.0018381208404130143,372.6206840851469,3,-1,0
14:53:48:865,7.8934373187639855,5.292458516213008,341.01312413938916,0.7409422696654628,-0.03838746085818098,0.13354940182292105,341.1455221824809,42,-5,6
14:53:48:993,err,err,err,err,err,err,err,err,err,err
14:53:49:117,7.9046186441790525,5.13154590465904,338.8371808919024,0.7558306906874759,-0.033151087521617995,0.1289445964023675,338.9682151973151,43,-4,6
14:53:49:230,err,err,err,err,err,err,err,err,err,err
14:53:49:425,7.446730158175191,3.842955023261284,370.67196344006555,0.11580310424756117,-0.12282538193399385,0.0044327258921791355,370.7666740335123,7,-7,0
14:53:49:568,7.379055705124025,3.791163147490912,371.4430709265201,0.03397285879173975,-0.11324933574653183,0.001191837068750478,371.53570261878474,2,-6,0
14:53:49:683,7.425328104721024,3.8782068844085416,370.76394471714235,0.10815778068068374,-0.05445907242584972,0.0040243701057538295,370.85856965737923,6,-3,0
14:53:49:809,7.340047609352221,3.6905722024324756,371.74331815797444,-0.10910655711508169,0.192039527621744,0.004571806048299265,371.83409098304844,-6,11,0
14:53:49:971,err,err,err,err,err,err,err,err,err,err
14:53:50:132,err,err,err,err,err,err,err,err,err,err
14:53:50:263,7.498512633489457,3.8718404882946307,373.3452671881502,0.10286086254050823,-0.007490397546492288,0.005112418721433604,373.44063433465925,6,0,0
14:53:50:382,7.443616086794328,3.7833673280038216,369.91549358246976,0.07072262318330542,-0.06343521823252446,0.0005053212160717968,370.0097210630397,4,-4,0
14:53:50:506,err,err,err,err,err,err,err,err,err,err
14:53:50:627,err,err,err,err,err,err,err,err,err,err
14:53:50:751,7.417572300979629,3.8358611481775995,369.99807502577215,0.11866213636483011,-0.08176609139944777,0.0013882489686625526,370.0922989368534,7,-5,0
14:53:50:877,err,err,err,err,err,err,err,err,err,err
14:53:50:999,err,err,err,err,err,err,err,err,err,err
14:53:51:119,7.309314753462005,3.7573398759238534,371.4267354388662,-0.12215340710350944,0.13773022283405814,0.002596762704995971,371.5176489534271,-7,8,0
14:53:51:240,7.4046735221924695,3.7532885094745922,374.0356576817366,-0.11855136895507606,0.11152250112658192,0.0036830846611886465,374.12777173315385,-7,6,0
14:53:51:392,err,err,err,err,err,err,err,err,err,err
14:53:51:490,err,err,err,err,err,err,err,err,err,err
14:53:51:609,err,err,err,err,err,err,err,err,err,err
14:53:51:735,err,err,err,err,err,err,err,err,err,err
14:53:51:856,err,err,err,err,err,err,err,err,err,err
14:53:51:977,7.356111624211816,3.8448959965734733,371.70294684361613,0.0826767347857104,-0.12909609115860546,0.0021641401352905645,371.7956109150301,5,-7,0
14:53:52:102,7.433380333105823,3.821595542430426,371.5338426161685,0.12917998310524292,-0.131132208554466,0.007913045328928083,371.6278460298722,7,-8,0
14:53:52:224,7.399379553279055,3.8187350966344504,370.776991982571,0.14685211453055308,-0.07818324180905929,0.0050391539399131215,370.8704778479345,8,-4,0
14:53:52:350,7.34541588664382,3.7651680707113453,371.85043387684135,-0.10648860068721051,0.17094622054219796,0.002455492652385102,371.94203419288823,-6,10,0
14:53:52:468,7.479259475113257,3.767713584107564,372.4818241847575,-0.14042823612692815,0.14167576569384022,0.0064955723022386384,372.5759578072001,-8,8,0
14:53:52:593,7.407248460454654,3.839441622855064,370.88706174169255,0.09676972829404043,-0.10995628619720971,0.0016964474216954477,370.98089062526697,6,-6,0
14:53:52:741,err,err,err,err,err,err,err,err,err,err
14:53:52:838,err,err,err,err,err,err,err,err,err,err
14:53:52:968,err,err,err,err,err,err,err,err,err,err
14:53:53:100,7.383637656333258,3.880603910338684,371.1897141895158,0.1001175697023694,-0.1178198015212156,0.007087803977842139,371.2834242352376,6,-7,0
14:53:53:210,7.371398916302916,3.8004640848195494,370.33680450041567,0.1097242275594068,-0.13667887489667832,0.004350805270895787,370.4296556929836,6,-8,0
14:53:53:334,err,err,err,err,err,err,err,err,err,err
14:53:53:454,7.407248460454654,3.839441622855064,370.88706174169255,0.09676972829404043,-0.10995628619720971,0.0016964474216954477,370.98089062526697,6,-6,0
14:53:53:580,err,err,err,err,err,err,err,err,err,err
14:53:53:700,err,err,err,err,err,err,err,err,err,err
14:53:53:824,err,err,err,err,err,err,err,err,err,err
14:53:53:948,7.39243294552246,3.833446175906792,373.3909570640221,0.09558984920507897,-0.016160279501851234,0.005353323256587579,373.48380177944,5,-1,0
14:53:54:070,7.39243294552246,3.833446175906792,373.3909570640221,0.09558984920507897,-0.016160279501851234,0.005353323256587579,373.48380177944,5,-1,0
14:53:54:192,err,err,err,err,err,err,err,err,err,err
14:53:54:314,7.394342630272493,3.780672140502801,370.59567739002404,-0.14294810967575036,0.19154298980716852,0.007451301664957711,370.6887183135449,-8,11,0
14:53:54:442,7.446904486346726,3.7986943047578055,370.4791862965842,0.09863907199409483,-0.13930357901105567,0.004214984710389495,370.5734933098007,6,-8,0
14:53:54:562,7.4011596261700685,3.7458565717567436,368.85061287272543,0.10804490300754624,-0.10513437277545509,0.00023744061190127152,368.94387543616085,6,-6,0
14:53:54:730,7.368371490563187,3.8476532958192213,372.5464378291873,0.056843918398104126,-0.11324479802233076,0.004992216183718336,372.63916282849857,3,-6,0
14:53:54:847,7.384367590121036,3.8427667350318955,371.2211136906927,0.0942434703134862,-0.11916814719588054,0.007108643339050908,371.31443681958297,5,-7,0
14:53:54:974,7.363042380579274,3.7120704637347774,372.93896598532564,-0.0696956735298288,0.16950950533615186,-0.0007034445995644156,373.0301143479301,-4,10,0
14:53:55:102,err,err,err,err,err,err,err,err,err,err
14:53:55:221,7.4011596261700685,3.7458565717567436,368.85061287272543,0.10804490300754624,-0.10513437277545509,0.00023744061190127152,368.94387543616085,6,-6,0
14:53:55:347,7.404259198314341,3.7752336415006624,371.2687039171426,0.1079763244725213,-0.05833894130611758,0.009370234471787918,371.3617184789496,6,-3,0
14:53:55:469,7.424146650490154,3.7515369341952427,370.77829983753185,0.05162278363060538,-0.1747509185801714,0.004371274706419943,370.87159450848657,3,-10,0
14:53:55:589,7.408276592091365,3.834260621417378,369.84059147241254,0.12089557910702961,-0.16074668896381322,0.006845488099494132,369.9346526310313,7,-9,0
14:53:55:716,7.367677080057212,3.8188943863171168,372.763299577398,-0.07190800444272331,0.15508620402327913,0.004848081380479301,372.85566125743463,-4,9,0
14:53:55:836,7.392807237535992,3.8446202015806223,372.3360435866301,0.05538060428750746,-0.10103783179557613,-0.000428128753073981,372.4292738992072,3,-6,0
14:53:55:958,7.4499411630177965,3.7893474119814115,370.6630982950268,0.06123206077878163,-0.14611230919962834,0.003755465145878549,370.7573238855975,4,-8,0
14:53:56:079,7.36717463763092,3.765793405345593,368.34115602084984,0.0764512582520568,-0.1318681794684002,0.007372880329222382,368.4340696527523,4,-8,0
14:53:56:199,err,err,err,err,err,err,err,err,err,err
14:53:56:327,7.3732671626429545,3.733581483859047,370.6041605946937,0.11727116073373994,-0.12526915832152807,0.004153163044346318,370.69630231423383,7,-7,0
14:53:56:489,7.419894497322936,3.7844744808379884,370.44553153498236,0.0532600207832644,-0.16956583227060557,0.009297864679974078,370.539159760049,3,-10,0
14:53:56:640,7.341663169207722,3.7352864438417925,372.69818396123145,-0.1293037340507975,0.11422391016122396,0.004208879998196219,372.78920144085123,-7,7,0
14:53:56:780,err,err,err,err,err,err,err,err,err,err
14:53:56:906,7.341663169207722,3.7352864438417925,372.69818396123145,-0.1293037340507975,0.11422391016122396,0.004208879998196219,372.78920144085123,-7,7,0
14:53:57:031,7.403676480041262,3.866123656419927,372.8774952681524,0.1029985421529799,0.023351414901466166,0.002420656763795559,372.971028117465,6,1,0
14:53:57:150,err,err,err,err,err,err,err,err,err,err
14:53:57:269,7.493082909640076,3.8881916527298266,372.24667681765055,0.08202887133526715,-0.061495485673857625,0.00440650033922093,372.3423864235759,5,-4,0
14:53:57:391,7.429778719888658,3.8681774521482795,373.0100890090187,0.10441749740107392,-0.041100852552177304,0.005239053578964965,373.10412877793766,6,-2,0
14:53:57:514,7.364590826201934,3.8023141753355603,374.540855430147,-0.08197041386125016,0.15972005160298516,0.0034009071621781497,374.6325495435115,-5,9,0
14:53:57:639,7.4271531322335385,3.8369015422002795,373.0057965454867,-0.00421745330363836,-0.06475745069042733,-0.002834097313070629,373.09946217279276,0,-4,0
14:53:57:764,7.35317810227692,3.691371273647179,367.41158724406466,0.10532963376026284,-0.14680094010352945,0.004548290776848216,367.50370051373176,6,-8,0
14:53:57:880,7.430189236822658,3.795394475487242,371.3538811847599,0.16330225590422437,-0.03158229902147662,0.003352513548850501,371.4475976531607,9,-2,0
14:53:58:009,err,err,err,err,err,err,err,err,err,err
14:53:58:131,7.399948896764122,3.783144155887321,368.7880303440953,0.11389457046821946,-0.10434989055286344,0.0002156321875502611,368.8816649664989,7,-6,0
14:53:58:256,err,err,err,err,err,err,err,err,err,err
14:53:58:376,7.499952969119177,3.8414964620649608,371.5146654689197,0.07906546934970893,-0.1364583550425149,0.0018302943592085395,371.61021655504896,5,-8,0
14:53:58:672,7.3488218950031845,3.7320329847387153,369.32948395769415,0.04484859001053402,-0.15182650235190243,4.914065143341424e-05,369.42144086923315,3,-9,0
14:53:58:845,7.4271818105411676,3.790321541610791,371.52305629224986,0.027571300326607713,-0.14786470600193835,0.0016538191405687153,371.616618201837,2,-8,0
14:53:59:060,7.406175397694194,3.8828402158004374,372.01496846648035,0.07468961369176516,-0.14185515545858604,0.007448490778038291,372.10894190449017,4,-8,0
14:53:59:197,7.356433469424894,3.8069176612363247,371.7199011057167,0.07684256889594052,-0.1301972913309664,0.0021777671294054357,371.8121765266884,4,-7,0
14:53:59:321,7.450333126585199,3.72579133645,372.1470926569898,-0.14916081540784723,0.0903467456309919,0.00937013272261318,372.2403088836968,-9,5,0
14:53:59:443,7.384849694189894,3.785054960764548,369.4251357344402,0.09654283832518096,-0.1329854996216821,0.0004826207572459276,369.51832641760996,6,-8,0
14:53:59:562,7.4291416692574614,3.8068085554216324,371.21383005387247,0.09651672854786275,-0.15132400400645446,0.004683174147446209,371.30767775604215,6,-9,0
14:53:59:690,err,err,err,err,err,err,err,err,err,err
14:53:59:807,7.392807237535992,3.8446202015806223,372.3360435866301,0.05538060428750746,-0.10103783179557613,-0.000428128753073981,372.4292738992072,3,-6,0
14:53:59:971,err,err,err,err,err,err,err,err,err,err
14:54:00:105,err,err,err,err,err,err,err,err,err,err
14:54:00:220,err,err,err,err,err,err,err,err,err,err
14:54:00:343,7.417572300979629,3.8358611481775995,369.99807502577215,0.11866213636483011,-0.08176609139944777,0.0013882489686625526,370.0922989368534,7,-5,0
14:54:00:465,7.341663169207722,3.7352864438417925,372.69818396123145,-0.1293037340507975,0.11422391016122396,0.004208879998196219,372.78920144085123,-7,7,0
14:54:00:587,7.38555753467757,3.7297972603925964,369.77768807146526,0.1347846396319825,-0.09969466252207938,0.0038843766814796836,369.87024271111557,8,-6,0
14:54:00:753,7.379693075629536,3.8337114350509203,373.52125844275855,0.09205898619014602,-0.0874565766406193,0.003128650318636736,373.61382164197266,5,-5,0
14:54:00:876,7.3872137132177205,3.8292904784763753,372.5374502735335,0.11499985258883234,-0.055692283445089925,0.0027499319855963924,372.6303614150607,7,-3,0
14:54:01:001,err,err,err,err,err,err,err,err,err,err
14:54:01:125,err,err,err,err,err,err,err,err,err,err
14:54:01:246,err,err,err,err,err,err,err,err,err,err
14:54:01:375,err,err,err,err,err,err,err,err,err,err
14:54:01:491,err,err,err,err,err,err,err,err,err,err
14:54:01:614,7.2653486361365855,3.6852872805870454,370.02695925391794,-0.02952905024174593,0.17956376443915648,0.0013289438792922804,370.11662649473845,-2,10,0
14:54:01:742,7.426021436842318,3.737023509777492,371.6733425342068,0.08749753356100397,-0.10861239311837188,0.007143803955989371,371.7663038652682,5,-6,0
14:54:01:861,err,err,err,err,err,err,err,err,err,err
14:54:01:989,7.323301116001634,3.7719391786009,369.49377640009584,0.05075874047861037,-0.161787948889555,0.005413308381418624,369.5855909837486,3,-9,0
14:54:02:111,7.361890598333672,3.7683555585807698,373.7596040989716,-0.02299646175849363,0.0983860182812056,0.0016788974305512387,373.85109280703955,-1,6,0
14:54:02:289,7.383478928613058,3.772762635065919,371.20865894672954,0.10344446595283194,-0.1158735459394916,0.007037013771035752,371.3012496289491,6,-7,0
14:54:02:491,7.444289739922772,3.7877154679963296,371.0845893655745,-0.13532086012341465,0.16423613925293715,0.004906018800662711,371.1785779147491,-8,9,0
14:54:02:659,7.407248460454654,3.839441622855064,370.88706174169255,0.09676972829404043,-0.10995628619720971,0.0016964474216954477,370.98089062526697,6,-6,0
14:54:02:820,7.393448987303997,3.787401709462383,371.9541561327211,0.12041268514045193,-0.10270835179584888,0.005360900360990634,372.04690801569814,7,-6,0
14:54:02:931,7.366076450034692,3.7497934961846418,370.9023498116619,-0.13036137457084992,0.17145944115329062,0.005064196455111258,370.9944381380187,-8,10,0
14:54:03:052,err,err,err,err,err,err,err,err,err,err
14:54:03:213,7.508259616172116,3.8344041279704886,373.51019975959235,0.094439546101615,-0.12743588728338215,0.011037360210301701,373.6053344666414,5,-7,0
14:54:03:342,err,err,err,err,err,err,err,err,err,err
14:54:03:464,err,err,err,err,err,err,err,err,err,err
14:54:03:582,7.337920555094863,3.814915486655541,371.9007134319156,-0.039830122507610866,0.18280790405091446,0.0001577821154822843,371.99266028970385,-2,10,0
14:54:03:706,err,err,err,err,err,err,err,err,err,err
14:54:03:832,7.412056312076448,3.833172333396538,374.089426776364,0.06737323605311474,-0.048355098318673836,0.00044403376717415453,374.18248357556706,4,-3,0
14:54:03:956,7.415485277411834,3.7682083215036926,370.131757023948,0.12825640306200273,-0.06706753847516703,0.0011158317391221587,370.22521034295954,7,-4,0
14:54:04:088,7.425839238545788,3.8233107930513395,371.882865923911,0.12053508423211802,0.018680080694346173,0.007410121068527669,371.97664814017367,7,1,0
14:54:04:211,7.417572300979629,3.8358611481775995,369.99807502577215,0.11866213636483011,-0.08176609139944777,0.0013882489686625526,370.0922989368534,7,-5,0
14:54:04:324,7.558716822107514,3.8834282397575763,372.4288692667747,0.05853588477440708,-0.034917279470836074,0.002031213000012309,372.52580833845394,3,-2,0
14:54:04:448,7.533725997578648,3.730605275434243,372.80148757847036,0.018345916431814196,0.07546762508640698,0.004405931534102008,372.89626383734134,1,4,0
14:54:04:568,7.529720363180927,3.640123320062347,371.74224902097495,-0.0008492580493363037,-0.1086468360349084,0.004256762196744782,371.83631734098475,0,-6,0
14:54:04:691,7.50726406105143,3.717184190395915,371.5410097748398,-0.16012916690989193,-0.07244678749089135,0.0032632261463663046,371.63543751436737,-9,-4,1
14:54:04:814,7.463885084747954,3.8382388330587194,370.67331153622047,0.10035564128541803,-0.06681877329009409,0.004343703137644737,370.7683178794082,6,-4,0
14:54:04:935,err,err,err,err,err,err,err,err,err,err
14:54:05:055,err,err,err,err,err,err,err,err,err,err
14:54:05:183,err,err,err,err,err,err,err,err,err,err
14:54:05:307,err,err,err,err,err,err,err,err,err,err
14:54:05:468,7.441314258630664,3.854446772587906,370.9795468917043,0.13728091932222233,0.015445148841555343,0.0019590862168423167,371.07418952251663,8,1,0
14:54:05:589,err,err,err,err,err,err,err,err,err,err
14:54:05:710,err,err,err,err,err,err,err,err,err,err
14:54:05:839,7.342582747032936,3.7327515196642524,370.38036351797507,-0.23355995942771265,0.0922638226364926,0.007799018146265227,370.4719431144711,-13,5,0
14:54:05:960,err,err,err,err,err,err,err,err,err,err
14:54:06:080,err,err,err,err,err,err,err,err,err,err
14:54:06:205,7.426774386455152,3.818490759099448,370.9791069664996,0.13874312048349297,-0.04723620158761573,0.002268936593868676,371.0730866758275,8,-3,0
14:54:06:330,err,err,err,err,err,err,err,err,err,err
14:54:06:456,7.383478928613058,3.772762635065919,371.20865894672954,0.10344446595283194,-0.1158735459394916,0.007037013771035752,371.3012496289491,6,-7,0
14:54:06:572,err,err,err,err,err,err,err,err,err,err
14:54:06:696,7.9009381435333,5.200840829554135,341.61943978156904,0.7408447706027554,-0.03935128732991973,0.12319306262430973,341.7503697226316,42,-5,6
14:54:06:823,err,err,err,err,err,err,err,err,err,err
14:54:06:945,err,err,err,err,err,err,err,err,err,err
14:54:07:070,7.417678988511962,3.8105788050238654,369.9492272000543,0.15236700690063107,-0.08451662166674945,-0.00018729437868683296,370.0432044752657,9,-5,0
14:54:07:233,err,err,err,err,err,err,err,err,err,err
14:54:07:353,err,err,err,err,err,err,err,err,err,err
14:54:07:482,7.47741552269641,3.698134831743477,369.7138723794045,0.03560911362990695,-0.08042599489873531,-0.002524012584276881,369.8079709442556,2,-5,0
14:54:07:600,7.381737971230374,3.7812476922493374,369.11285121097177,0.09668647872658276,-0.14247608029209805,0.0005859870627704828,369.20601947785065,6,-8,0
14:54:07:726,err,err,err,err,err,err,err,err,err,err
14:54:07:891,err,err,err,err,err,err,err,err,err,err
14:54:08:009,err,err,err,err,err,err,err,err,err,err
14:54:08:174,7.51387891084285,3.730047542084878,370.6721977292341,0.10359134230877362,-0.11368145470021704,0.0020913044091653483,370.76710992262167,6,-7,0
14:54:08:301,err,err,err,err,err,err,err,err,err,err
14:54:08:420,err,err,err,err,err,err,err,err,err,err
14:54:08:545,err,err,err,err,err,err,err,err,err,err
14:54:08:663,7.335648082485712,3.644734933697447,368.8745195097175,-0.19684481802082837,0.13872850924268862,0.004676267685958958,368.96545498061465,-11,8,-1
14:54:08:795,7.349349024633009,3.7119940494931822,371.110641825522,-0.15856183101186738,0.10830975401209252,0.004777658068063776,371.2019670032208,-9,6,0
14:54:08:914,7.420151804815538,3.649609028932473,369.37514155698653,0.12616077480346663,-0.11932516070528185,0.004314946383219241,369.4676893844906,7,-7,0
14:54:09:033,7.4379999063842845,3.716345835338573,370.6991996773242,0.1680454776278379,-0.08983993804547354,0.003768458260226871,370.7924375043049,10,-5,0
14:54:09:161,7.274331382411886,3.7750205521257234,370.1114436125993,0.1488386317784991,-0.08009252653288772,0.00017818898709222536,370.20217094208454,9,-5,0
14:54:09:279,7.515770666303332,3.739347473623126,369.50680077424363,0.06127694706742205,-0.08840077472366331,0.0010669407033534958,369.60214467269196,4,-5,0
14:54:09:488,7.480428575010612,3.7414960565918935,368.993012186264,0.08893013292905809,-0.11330164208586085,0.003588199104563341,369.08779260048647,5,-6,0
14:54:09:612,7.533327430400687,3.745026347379331,370.8348560683976,0.02470633288212225,-0.06844995438152573,-0.000965032180596164,370.9302720455495,1,-4,0
14:54:09:732,7.47361347559459,3.698396150395663,369.82106346444886,0.031466737061903435,-0.05858643177230424,-0.0012228413409802995,369.9150605401783,2,-3,0
14:54:09:857,7.92428548614614,5.0980477096136445,339.34576059666665,0.7404044688812644,-0.048786672631996805,0.12909812727545944,339.47655239477973,42,-5,6
14:54:09:978,7.438652871054701,3.7222277707397384,369.37501763102665,0.12644130491843522,-0.0776485053354879,-0.0006238469316475793,369.4686619810056,7,-4,0
14:54:10:100,err,err,err,err,err,err,err,err,err,err
14:54:10:225,7.4286046368190926,3.7438250333647862,369.7118512543377,0.06872736599998311,-0.13703041469996352,0.0036345061594680057,369.8054263401771,4,-8,0
14:54:10:348,err,err,err,err,err,err,err,err,err,err
14:54:10:471,7.4159785061126025,3.721081620423469,369.0288460676544,0.13586756643741546,-0.12575421094723083,0.0043950389677334094,369.1221104399648,8,-7,0
14:54:10:593,err,err,err,err,err,err,err,err,err,err
14:54:10:711,err,err,err,err,err,err,err,err,err,err
14:54:10:840,7.410269522540424,3.7432770913380313,368.67426214400024,0.10683352040986549,-0.13097313859320037,0.005979215951971717,368.7677260623579,6,-8,0
14:54:10:960,7.391491202509642,3.743947138081823,369.1650205213327,0.090976799241014,-0.1580140258242973,0.006198891782106862,369.25799065001354,5,-9,0
14:54:11:086,7.410269522540424,3.7432770913380313,368.67426214400024,0.10683352040986549,-0.13097313859320037,0.005979215951971717,368.7677260623579,6,-8,0
14:54:11:206,err,err,err,err,err,err,err,err,err,err
14:54:11:331,err,err,err,err,err,err,err,err,err,err
14:54:11:451,err,err,err,err,err,err,err,err,err,err
14:54:11:577,7.411708884398564,3.7758994906825523,370.5029263827199,0.13885436032035875,-0.13702180736925043,0.0029721652234237696,370.59628884233314,8,-8,0
14:54:11:700,7.354279411948926,3.7089933448202603,369.63166251365186,0.07668915220927497,-0.13433395729319833,0.003766267135288224,369.72342093774256,4,-8,0
14:54:11:821,err,err,err,err,err,err,err,err,err,err
14:54:11:947,7.383485436178777,3.7550030280033737,366.878109796876,0.09957995733417697,-0.16255485953211457,0.004913617887532746,366.97161109962605,6,-9,0
14:54:12:069,err,err,err,err,err,err,err,err,err,err
14:54:12:195,7.393122403877551,3.734540370546894,367.46337941928715,0.12526705534170654,-0.154902837313161,0.0033496649482877834,367.5567170722104,7,-9,0
14:54:12:317,7.410269522540424,3.7432770913380313,368.67426214400024,0.10683352040986549,-0.13097313859320037,0.005979215951971717,368.7677260623579,6,-8,0
14:54:12:438,7.410269522540424,3.7432770913380313,368.67426214400024,0.10683352040986549,-0.13097313859320037,0.005979215951971717,368.7677260623579,6,-8,0
14:54:12:606,7.410269522540424,3.7432770913380313,368.67426214400024,0.10683352040986549,-0.13097313859320037,0.005979215951971717,368.7677260623579,6,-8,0
14:54:12:730,7.410864827303169,3.7058148939710582,368.70152215903187,0.10163512807147047,-0.13210565059792195,0.005992083817088028,368.7946127913259,6,-8,0
14:54:12:889,7.410269522540424,3.7432770913380313,368.67426214400024,0.10683352040986549,-0.13097313859320037,0.005979215951971717,368.7677260623579,6,-8,0
14:54:13:015,7.410269522540424,3.7432770913380313,368.67426214400024,0.10683352040986549,-0.13097313859320037,0.005979215951971717,368.7677260623579,6,-8,0
14:54:13:176,7.391491202509642,3.743947138081823,369.1650205213327,0.090976799241014,-0.1580140258242973,0.006198891782106862,369.25799065001354,5,-9,0
14:54:13:299,7.4159785061126025,3.721081620423469,369.0288460676544,0.13586756643741546,-0.12575421094723083,0.0043950389677334094,369.1221104399648,8,-7,0
14:54:13:428,7.391397487028296,3.706287274543119,369.1579748898843,0.08641262731447903,-0.159213202207679,0.006201110436976476,369.25056499208387,5,-9,0
14:54:13:544,7.4159785061126025,3.721081620423469,369.0288460676544,0.13586756643741546,-0.12575421094723083,0.0043950389677334094,369.1221104399648,8,-7,0
14:54:13:696,7.37633872093682,3.745677352271156,368.90468729056556,0.10562166735811312,-0.12438618692217447,0.005772746688968717,368.99743735790804,6,-7,0
14:54:13:877,7.410269522540424,3.7432770913380313,368.67426214400024,0.10683352040986549,-0.13097313859320037,0.005979215951971717,368.7677260623579,6,-8,0
14:54:13:997,7.410269522540424,3.7432770913380313,368.67426214400024,0.10683352040986549,-0.13097313859320037,0.005979215951971717,368.7677260623579,6,-8,0
14:54:14:115,7.410269522540424,3.7432770913380313,368.67426214400024,0.10683352040986549,-0.13097313859320037,0.005979215951971717,368.7677260623579,6,-8,0
14:54:14:241,7.37633872093682,3.745677352271156,368.90468729056556,0.10562166735811312,-0.12438618692217447,0.005772746688968717,368.99743735790804,6,-7,0
14:54:14:368,7.304958372619509,3.740916375342031,368.3428749745408,0.11213984015265062,-0.1542310261658755,0.008388826233847417,368.43429592895285,6,-9,0
14:54:14:499,7.413345139350155,3.7086689232960057,369.5562209238286,0.07778511320031219,-0.09740771556128953,0.0031819939720468095,369.64917467084837,4,-6,0
14:54:14:704,7.312750419765308,3.742261763622817,368.5118870283645,0.10896704570457454,-0.07047628530856828,0.0029448672847798515,368.603434225748,6,-4,0
14:54:14:818,7.3931894046637625,3.701861411004807,369.891896684951,-0.12459187560624088,0.11958444942605158,0.0040249307953007084,369.98429461352816,-7,7,0
14:54:14:944,err,err,err,err,err,err,err,err,err,err
14:54:15:101,err,err,err,err,err,err,err,err,err,err
14:54:15:226,7.407615710805886,3.668351141003372,370.4515900906235,-0.153678255906644,0.10640399463553109,0.0029933021945252867,370.54380330978955,-9,6,0
14:54:15:354,7.424065314431104,3.7676929868093705,370.48174212784375,0.11398924801016541,-0.06585698573393921,0.004597099924043669,370.57527373843755,7,-4,0
14:54:15:475,7.479587106456929,3.732486458451903,370.9107941269794,0.10224162358083438,-0.10597033520172149,0.0018727470774343009,371.0049768916208,6,-6,0
14:54:15:594,7.4421790741846445,3.763267914691335,368.3997351485762,0.06626046154449709,-0.1513012520542684,0.0024666680029784304,368.49411538355815,4,-9,0
14:54:15:761,7.305236824743775,3.7144454349183835,367.97551029634144,-0.12643927377662484,0.17879586605186565,0.004919525623716075,368.06675993331356,-7,10,0
14:54:15:883,7.472072073474813,3.7531155018710516,370.4673310459101,0.0688740386231334,-0.1115459981144279,0.0035085886478033435,370.56168327192376,4,-6,0
14:54:16:005,7.505676705250196,3.750212738283106,370.1772090008307,0.07092103763736349,-0.12066528176692082,0.0037284479167962485,370.2722854090363,4,-7,0
14:54:16:132,7.466007718146238,3.7383655693689435,372.42004877094536,0.06271854772760735,-0.09466284958809283,-0.0002705833986553425,372.5136364952711,4,-5,0
14:54:16:251,7.370344991708474,3.7508009412040444,370.58524279848916,-0.09800296377015986,0.13320864576365216,0.008925829331376775,370.67750494602785,-6,8,0
14:54:16:377,7.370344991708474,3.7508009412040444,370.58524279848916,-0.09800296377015986,0.13320864576365216,0.008925829331376775,370.67750494602785,-6,8,0
14:54:16:501,7.370344991708474,3.7508009412040444,370.58524279848916,-0.09800296377015986,0.13320864576365216,0.008925829331376775,370.67750494602785,-6,8,0
14:54:16:622,7.37552741723855,3.7375170408645375,369.8325795233649,-0.12231298909524776,0.047306150265982935,0.006803744019417989,369.92499822966715,-7,3,0
14:54:16:774,7.402904424596145,3.7794157671857653,368.8854378814519,0.09801853189463046,-0.09096398242325726,0.00845396798516005,368.97906886224786,6,-5,0
14:54:16:915,7.465152575703833,3.7868314451903675,370.0112487469802,0.07810639516023278,-0.1040679332935902,0.008832967087543588,370.10592104784337,4,-6,0
14:54:17:030,7.517047874643494,3.7902306671963384,370.9597272773672,0.05095362963046872,-0.10321691271976062,0.006546545981848429,371.05523998315795,3,-6,0
14:54:17:156,7.37552741723855,3.7375170408645375,369.8325795233649,-0.12231298909524776,0.047306150265982935,0.006803744019417989,369.92499822966715,-7,3,0
14:54:17:276,7.370344991708474,3.7508009412040444,370.58524279848916,-0.09800296377015986,0.13320864576365216,0.008925829331376775,370.67750494602785,-6,8,0
14:54:17:436,7.409044563965652,3.7747245417307176,367.79674167206866,0.12353759977847534,-0.06364603808842266,0.008095413831558696,367.8907251770655,7,-4,0
14:54:17:622,7.300167459968354,3.793200043600126,368.7763246108076,-0.14826299392876996,0.12431568390773158,0.0065828851636235185,368.8680772376082,-9,7,0
14:54:17:779,7.370344991708474,3.7508009412040444,370.58524279848916,-0.09800296377015986,0.13320864576365216,0.008925829331376775,370.67750494602785,-6,8,0
14:54:17:890,7.3681895930571155,3.7818489196883793,369.12696316540155,0.09642690907083577,-0.08145861127495878,0.008220956299976944,369.2198634077564,6,-5,0
14:54:18:016,7.357138494524542,3.7399974520299186,368.2607329207763,0.11144609481495808,-0.10417464615861344,0.005519054180425432,368.3532034326784,6,-6,0
14:54:18:138,7.390283664529973,3.7838074850736247,370.4655666196488,0.04936509670205538,-0.07835286782800031,0.0064025217428871515,370.5585912410395,3,-4,0
14:54:18:264,7.43775313134218,3.7976903614413815,368.0811762600238,0.07300408056102659,-0.14294933173565322,0.007789716032495334,368.17590217270725,4,-8,0
14:54:18:384,7.36818372169584,3.778616984861301,368.3643566783732,0.11525037766780136,-0.11817451086997759,0.011088347450129385,368.457415923125,7,-7,0
14:54:18:505,7.326986115059902,3.768271241028078,369.7991300278093,-0.1593916049360571,0.10349799256974121,0.008220506731836564,369.89090440696276,-9,6,0
14:54:18:755,7.461592615520824,3.8464341694005033,369.76006748016204,0.15800399770967796,-0.11028664016122881,0.002796025414013455,369.8553472955522,9,-6,0
14:54:18:881,7.408366449364835,3.8301325310702556,369.3558275011693,0.12457281017640784,-0.07962137863364191,0.006753257033362307,369.44997106201964,7,-5,0
14:54:18:996,7.408366449364835,3.8301325310702556,369.3558275011693,0.12457281017640784,-0.07962137863364191,0.006753257033362307,369.44997106201964,7,-5,0
14:54:19:120,7.406267980873015,3.8672621656024795,369.24861448461814,0.13126721648277062,-0.07896319427421174,0.006719088145149449,369.3431301931473,8,-5,0
14:54:19:242,7.402904424596145,3.7794157671857653,368.8854378814519,0.09801853189463046,-0.09096398242325726,0.00845396798516005,368.97906886224786,6,-5,0
14:54:19:368,7.406267980873015,3.8672621656024795,369.24861448461814,0.13126721648277062,-0.07896319427421174,0.006719088145149449,369.3431301931473,8,-5,0
14:54:19:491,7.326986115059902,3.768271241028078,369.7991300278093,-0.1593916049360571,0.10349799256974121,0.008220506731836564,369.89090440696276,-9,6,0
14:54:19:659,7.375615771601758,3.829226686101679,368.93160498381485,0.13745013143911594,-0.10709966627701467,0.009441170467653612,369.02519133652305,8,-6,0
14:54:19:777,err,err,err,err,err,err,err,err,err,err
14:54:19:902,err,err,err,err,err,err,err,err,err,err
14:54:20:025,7.3681895930571155,3.7818489196883793,369.12696316540155,0.09642690907083577,-0.08145861127495878,0.008220956299976944,369.2198634077564,6,-5,0
14:54:20:148,7.391320707522107,3.737762912984163,368.03359927031687,0.11301555129262038,-0.111367988493727,0.005732865283977158,368.1267888720669,6,-6,0
14:54:20:270,7.465152575703833,3.7868314451903675,370.0112487469802,0.07810639516023278,-0.1040679332935902,0.008832967087543588,370.10592104784337,4,-6,0
14:54:20:394,7.386004755238372,3.687841630892224,369.020709339167,-0.14760057692128303,0.07943983737967639,0.004337612813205021,369.11304117210614,-8,5,0
14:54:20:560,7.3681895930571155,3.7818489196883793,369.12696316540155,0.09642690907083577,-0.08145861127495878,0.008220956299976944,369.2198634077564,6,-5,0
14:54:20:677,7.402904424596145,3.7794157671857653,368.8854378814519,0.09801853189463046,-0.09096398242325726,0.00845396798516005,368.97906886224786,6,-5,0
14:54:20:806,7.3681895930571155,3.7818489196883793,369.12696316540155,0.09642690907083577,-0.08145861127495878,0.008220956299976944,369.2198634077564,6,-5,0
14:54:20:926,7.3386340932660925,3.718528921567189,368.8680812630994,-0.1791107260852894,0.12430599707334287,0.005766764273066991,368.95981404810993,-10,7,0
14:54:21:051,7.404343755489892,3.7563376676327724,368.9603831067486,0.1346695960413886,-0.0898407141810966,0.006842741231175842,369.05378833091726,8,-5,0
14:54:21:175,7.390283664529973,3.7838074850736247,370.4655666196488,0.04936509670205538,-0.07835286782800031,0.0064025217428871515,370.5585912410395,3,-4,0
14:54:21:337,err,err,err,err,err,err,err,err,err,err
14:54:21:462,7.400826907222934,3.6999627942354274,370.3451457362216,-0.18546980133685814,0.13850091885041657,0.004610146064518553,370.43756415079264,-11,8,0
14:54:21:586,7.340944692035506,3.7279983777787606,369.485337779519,-0.16422931622488995,0.17623350479744557,0.00817776409423053,369.5770586426077,-9,10,0
14:54:21:747,7.3977273102541465,3.7621868565638317,368.49016508781057,0.16745237259781123,-0.10288342105591179,0.0025344079910938184,368.5836162741671,10,-6,0
14:54:21:875,7.363157079568085,3.786247445151168,368.04468515951953,0.14922799936125947,-0.12630015123715405,0.006755171565094017,368.1378030385689,9,-7,0
14:54:21:992,err,err,err,err,err,err,err,err,err,err
14:54:22:118,err,err,err,err,err,err,err,err,err,err
14:54:22:241,err,err,err,err,err,err,err,err,err,err
14:54:22:362,7.334638895942725,3.7531500555808943,366.6393090784858,0.10216707515738521,-0.13731584364490243,0.004499591430714646,366.7318721145232,6,-8,0
14:54:22:488,err,err,err,err,err,err,err,err,err,err
14:54:22:609,err,err,err,err,err,err,err,err,err,err
14:54:22:732,err,err,err,err,err,err,err,err,err,err
14:54:22:853,err,err,err,err,err,err,err,err,err,err
14:54:22:977,err,err,err,err,err,err,err,err,err,err
14:54:23:102,err,err,err,err,err,err,err,err,err,err
14:54:23:219,7.368195084528195,3.7508894240927395,366.41420981176583,0.10368298427131516,-0.14307350684478115,0.004696841608327162,366.50747962661853,6,-8,0
14:54:23:347,7.391320707522107,3.737762912984163,368.03359927031687,0.11301555129262038,-0.111367988493727,0.005732865283977158,368.1267888720669,6,-6,0
14:54:23:471,err,err,err,err,err,err,err,err,err,err
14:54:23:603,err,err,err,err,err,err,err,err,err,err
14:54:23:713,err,err,err,err,err,err,err,err,err,err
14:54:23:838,7.391320707522107,3.737762912984163,368.03359927031687,0.11301555129262038,-0.111367988493727,0.005732865283977158,368.1267888720669,6,-6,0
14:54:23:963,7.357138494524542,3.7399974520299186,368.2607329207763,0.11144609481495808,-0.10417464615861344,0.005519054180425432,368.3532034326784,6,-6,0
14:54:24:082,7.388994439504565,3.742720585069518,368.1329253285895,0.1242451507045291,-0.09707805877668602,0.005488132970689306,368.22609346322787,7,-6,0
14:54:24:205,7.387395643055319,3.758103136824421,367.69128381908143,0.07749866222749777,-0.13497315946518337,0.002144779882533572,367.78468857484853,4,-8,0
14:54:24:334,err,err,err,err,err,err,err,err,err,err
14:54:24:450,7.334638895942725,3.7531500555808943,366.6393090784858,0.10216707515738521,-0.13731584364490243,0.004499591430714646,366.7318721145232,6,-8,0
14:54:24:578,7.368195084528195,3.7508894240927395,366.41420981176583,0.10368298427131516,-0.14307350684478115,0.004696841608327162,366.50747962661853,6,-8,0
14:54:24:749,err,err,err,err,err,err,err,err,err,err
14:54:24:863,err,err,err,err,err,err,err,err,err,err
14:54:24:988,err,err,err,err,err,err,err,err,err,err
14:54:25:169,err,err,err,err,err,err,err,err,err,err
14:54:25:363,err,err,err,err,err,err,err,err,err,err
14:54:25:480,7.395930646808282,3.738136948389606,368.21212799787753,0.10838401572555328,-0.1275643288936905,0.0005398168545822414,368.305368767145,6,-7,0
14:54:25:601,err,err,err,err,err,err,err,err,err,err
14:54:25:725,7.387395643055319,3.758103136824421,367.69128381908143,0.07749866222749777,-0.13497315946518337,0.002144779882533572,367.78468857484853,4,-8,0
14:54:25:845,err,err,err,err,err,err,err,err,err,err
14:54:25:972,7.412049915614096,3.7465453425651662,369.48714090631006,0.0859214524939917,-0.09645608784590477,0.003148268296963253,369.58046807302316,5,-6,0
14:54:26:096,7.387395643055319,3.758103136824421,367.69128381908143,0.07749866222749777,-0.13497315946518337,0.002144779882533572,367.78468857484853,4,-8,0
14:54:26:219,7.4208942286329345,3.7556519257312075,367.45043544291315,0.07910540367423037,-0.14142918169139598,0.0023437994979653093,367.5445511767605,5,-8,0
14:54:26:341,7.472072073474813,3.7531155018710516,370.4673310459101,0.0688740386231334,-0.1115459981144279,0.0035085886478033435,370.56168327192376,4,-6,0
14:54:26:503,err,err,err,err,err,err,err,err,err,err
14:54:26:626,7.357138494524542,3.7399974520299186,368.2607329207763,0.11144609481495808,-0.10417464615861344,0.005519054180425432,368.3532034326784,6,-6,0
14:54:26:789,7.357138494524542,3.7399974520299186,368.2607329207763,0.11144609481495808,-0.10417464615861344,0.005519054180425432,368.3532034326784,6,-6,0
14:54:26:910,7.369900539047743,3.799770174317606,370.1492960211084,0.11335715613941057,-0.04530930112381531,-0.001224370089821959,370.2421572866267,7,-3,0
14:54:27:035,err,err,err,err,err,err,err,err,err,err
14:54:27:194,7.412049915614096,3.7465453425651662,369.48714090631006,0.0859214524939917,-0.09645608784590477,0.003148268296963253,369.58046807302316,5,-6,0
14:54:27:331,err,err,err,err,err,err,err,err,err,err
14:54:27:448,7.404343755489892,3.7563376676327724,368.9603831067486,0.1346695960413886,-0.0898407141810966,0.006842741231175842,369.05378833091726,8,-5,0
14:54:27:566,7.446289968887812,3.7439638325440145,369.2326333598451,0.08753549922090356,-0.10539939801586864,0.0033729982349289607,369.3266874155264,5,-6,0
14:54:27:692,7.572520383732153,3.485628356626712,371.04749027406206,-0.27127046154587336,0.08497094823315375,0.0032038265049462553,371.14112236275133,-16,5,0
14:54:27:814,err,err,err,err,err,err,err,err,err,err
14:54:27:939,7.655168675512676,3.7478610452704273,371.62357192810646,-0.24336916101862646,0.06763118851859773,-0.0030093619300278,371.72130324003456,-14,4,-1
14:54:28:062,7.521877467693136,3.7815883914636252,371.2805028097183,0.1272186705148241,-0.10105799804427083,0.0003917294535088007,371.37594270232245,7,-6,0
14:54:28:186,7.467856218065976,3.786886212546535,369.5361274099724,0.0977859050062214,-0.14509516500232345,0.006278327703309749,369.63097657642254,6,-8,0
14:54:28:436,7.402904424596145,3.7794157671857653,368.8854378814519,0.09801853189463046,-0.09096398242325726,0.00845396798516005,368.97906886224786,6,-5,0
14:54:28:566,7.404204833320169,3.7042674369642623,366.54850065071935,0.17136688548492107,-0.12021940525578942,0.006382797300804288,366.6419877424689,10,-7,0
14:54:28:717,7.442366805020571,3.7541237982676856,368.41438184805526,0.14843635386450946,-0.1366741752985846,0.0017360244361006739,368.50866885548004,9,-8,0
14:54:28:882,7.408202422567779,3.7561203215235066,368.60782025683676,0.14742531241811394,-0.13164500765106374,0.0015375374436270978,368.7013900943418,8,-8,0
14:54:29:003,7.503087867028693,3.7117295635285474,367.66234854669386,0.1555012318170541,-0.13477469727032673,0.006901921358933906,367.75763187561955,9,-8,0
14:54:29:171,7.457930332488656,3.722870865811768,369.4270175796178,0.1268000500970683,-0.12029167621021238,0.004494747857101335,369.5210437987247,7,-7,0
14:54:29:298,7.393696160424676,3.714124214942881,368.16310239954424,0.1450624015411251,-0.10969744530073237,0.00416130649961166,368.2560677437019,8,-6,0
14:54:29:433,7.3807267558588645,3.747961067695541,370.8984490904137,-0.14166052687055558,0.12024153812544694,0.008128469814239949,370.9908110415726,-8,7,0
14:54:29:579,7.552552231433932,3.858499561151633,371.2550914852464,-0.16406948022400564,0.03009237184804816,0.005352674553369252,371.35195168167706,-9,2,0
14:54:29:702,7.4778730320344415,3.7819557008683797,371.2187531337474,-0.19671956222383455,0.029274128758134933,0.003931174082718601,371.3133238279777,-11,2,0
14:54:29:821,err,err,err,err,err,err,err,err,err,err
14:54:29:946,7.515752285210621,3.779030345648233,370.5905156431061,0.1429563557080608,-0.016900216173208894,-0.000322401641626033,370.68598285798345,8,-1,0
14:54:30:072,7.382689559117086,3.8223030267594456,367.77794873048845,0.15745057057560313,-0.08683971433539354,0.00917014788217489,367.8718984618973,9,-5,0
14:54:30:196,7.333999037876417,3.780967774061973,368.59002910454427,0.11403877490120203,-0.11116280239311152,0.010876333302048803,368.6823738863642,7,-6,0
14:54:30:317,7.51500114020211,3.8500456475105804,370.4167154504299,-0.14862291769013025,0.10940910779861195,0.0028653305779409778,370.51294333492575,-9,6,0
14:54:30:440,7.575242117733487,3.848110636634361,373.000544747857,-0.133221115719077,0.08994688976543275,0.007080164746389406,373.09730450756695,-8,5,0
14:54:30:555,7.550949835570096,3.883326182787481,372.51098940079027,-0.10210184290098266,-0.0036044352441908854,0.0060838792639649935,372.6077485641125,-6,0,0
14:54:30:683,7.65872639447753,3.843405083162854,373.0844364574651,0.01698195088156543,-0.08346716148620488,0.0024971816080736277,373.18282996328094,1,-5,0
14:54:30:808,7.498218756537632,3.80064700169694,370.43705361791024,0.10702583491841883,-0.1801330311492106,0.0073496707765607185,370.5324262399593,6,-10,0
14:54:30:928,err,err,err,err,err,err,err,err,err,err
14:54:31:054,err,err,err,err,err,err,err,err,err,err
14:54:31:179,7.691267395072085,1.7316414968510687,338.4099508508629,-0.8730219033760973,-0.0005906143984759733,-0.14890075330031224,338.50177106080196,-50,-4,-7
14:54:31:299,7.481418498499799,3.803036266606909,370.4680339027687,0.1124057448168592,-0.13043506057274046,0.00465632121286841,370.56308349777345,6,-7,0
14:54:31:420,8.014293843071698,5.181594734374132,340.5552193593048,0.7361014406920258,-0.04231424620124812,0.12664388475668134,340.6889127380851,42,-5,6
14:54:31:543,7.5423970541291965,3.7092856214671106,370.8587855097136,0.02565921894438353,-0.09122119833669651,0.0012469643789799782,370.95402052395053,1,-5,0
14:54:31:712,err,err,err,err,err,err,err,err,err,err
14:54:31:831,7.456640059192476,3.7575362699766526,371.4656514739102,-0.12442753756519095,0.13477388019607303,0.0027262936892377037,371.559484853676,-7,8,0
14:54:32:047,7.434048700492065,3.7350567176692855,370.0398340732783,-0.16090933951953734,0.11537017101365035,0.0032543722825465722,370.1333469572079,-9,7,0
14:54:32:168,7.330480573063531,3.762586447217285,368.3092449438997,0.17494343195887374,-0.12102577243236064,0.00503574103984626,368.4014018884163,10,-7,0
14:54:32:289,err,err,err,err,err,err,err,err,err,err
14:54:32:447,err,err,err,err,err,err,err,err,err,err
14:54:32:566,err,err,err,err,err,err,err,err,err,err
14:54:32:744,7.381823390381469,3.7788754091899124,367.317443847265,0.1535842290024263,-0.12855749015675538,0.0015183305296444622,367.4110447039033,9,-7,0
14:54:32:854,err,err,err,err,err,err,err,err,err,err
14:54:32:977,err,err,err,err,err,err,err,err,err,err
14:54:33:099,err,err,err,err,err,err,err,err,err,err
14:54:33:226,7.48423687789673,3.7191905493686823,368.6662078511345,0.026930979289538214,-0.16899216382727697,0.00028670957269950366,368.7609238942257,2,-10,0
14:54:33:348,err,err,err,err,err,err,err,err,err,err
14:54:33:468,7.509952677338657,3.785199028140515,372.1385756738799,0.10744426981203281,-0.1263318395514187,0.0006458882399337433,372.23359147917125,6,-7,0
14:54:33:613,7.442431060438234,3.7991771962506946,370.6958366048958,0.09172252409350366,-0.11852874990732962,0.0019337047203370008,370.7900036458123,5,-7,0
14:54:33:763,7.505676705250196,3.750212738283106,370.1772090008307,0.07092103763736349,-0.12066528176692082,0.0037284479167962485,370.2722854090363,4,-7,0
14:54:33:880,7.575555831918281,3.7453161639870993,370.4798151677262,0.04129948620199128,-0.10303317215677472,0.0014244561357815582,370.5761863450528,2,-6,0
14:54:34:007,7.505676705250196,3.750212738283106,370.1772090008307,0.07092103763736349,-0.12066528176692082,0.0037284479167962485,370.2722854090363,4,-7,0
14:54:34:126,err,err,err,err,err,err,err,err,err,err
14:54:34:248,err,err,err,err,err,err,err,err,err,err
14:54:34:374,7.377852188002345,3.861415969991096,369.378467569654,0.10911632350484132,-0.009914046346700695,-0.0025389120107401466,369.4723203980337,6,-1,0
14:54:34:493,err,err,err,err,err,err,err,err,err,err
14:54:34:618,err,err,err,err,err,err,err,err,err,err
14:54:34:743,err,err,err,err,err,err,err,err,err,err
14:54:34:863,7.275055195683876,3.9356109604849414,366.4001673361143,0.11980476468732416,-0.09534962120324655,-0.0036405263481638023,366.4935171127384,7,-5,-1
14:54:34:988,err,err,err,err,err,err,err,err,err,err
14:54:35:107,err,err,err,err,err,err,err,err,err,err
14:54:35:237,7.412979322822569,3.347799621851199,368.49427427641604,-0.2595961536260908,0.0735472846398774,0.002467563375090974,368.58403410789674,-15,4,0
14:54:35:357,7.633323311561573,3.4700441291823365,372.40425114445645,-0.18309111110769302,0.09230792584191005,0.003159537982607657,372.49863771764416,-11,5,0
14:54:35:479,7.5000013988813015,3.570472360922565,369.0505023506491,-0.28798091758830363,0.09609117035192723,0.010890873061881594,369.14397134333615,-17,6,0
14:54:35:602,7.451518244765908,3.600504285238282,368.42557330899626,-0.2313676723255271,0.08017016878163105,0.009247337676462799,368.51850947180753,-13,5,0
14:54:35:726,7.4239472287240424,3.777159367855925,370.85916142329944,-0.2013941676718617,0.06756304008248865,0.0010342317641133878,370.95269177745286,-12,4,0
14:54:35:852,7.454317523698929,3.7962908415321777,369.8736422106266,0.11323575910879616,-0.09087644041847935,0.0016514694700203224,369.9682281981147,7,-5,0
14:54:35:973,7.417330028380875,3.78064264007441,370.6242486258189,-0.14295787292611614,0.06986353620925137,0.0002976628997570461,370.7177412978433,-8,4,0
14:54:36:098,err,err,err,err,err,err,err,err,err,err
14:54:36:221,err,err,err,err,err,err,err,err,err,err
14:54:36:343,err,err,err,err,err,err,err,err,err,err
14:54:36:466,7.426774386455152,3.818490759099448,370.9791069664996,0.13874312048349297,-0.04723620158761573,0.002268936593868676,371.0730866758275,8,-3,0
14:54:36:584,err,err,err,err,err,err,err,err,err,err
14:54:36:712,err,err,err,err,err,err,err,err,err,err
14:54:36:831,err,err,err,err,err,err,err,err,err,err
14:54:36:952,7.54142260223039,3.9670758617928428,373.3978202768396,-0.10543999242324052,-0.053040844527067595,0.002058571806264372,373.4950373609449,-6,-3,0
14:54:37:081,7.377617638434389,3.9420012644015245,372.03431176611383,-0.1574863265943529,0.08140812592637633,0.009649945604008345,372.12833505025316,-9,5,0
14:54:37:203,7.331837614492366,3.9213245887631154,373.3789278943149,-0.1686938482077345,0.06647751243206032,0.005982208394843904,373.47149345678815,-10,4,0
14:54:37:325,7.425430242505053,3.791279544126721,370.7592096325398,0.17194781007323776,-0.05653758863713533,0.0007411916626374217,370.85293896936236,10,-3,0
14:54:37:447,7.417330028380875,3.78064264007441,370.6242486258189,-0.14295787292611614,0.06986353620925137,0.0002976628997570461,370.7177412978433,-8,4,0
14:54:37:567,err,err,err,err,err,err,err,err,err,err
14:54:37:694,err,err,err,err,err,err,err,err,err,err
14:54:37:818,7.890190602476771,5.19856490458049,339.40206023160994,0.7394873716892276,-0.04121321885673402,0.13148881939258647,339.53356045356094,42,-5,6
14:54:37:942,err,err,err,err,err,err,err,err,err,err
14:54:38:059,err,err,err,err,err,err,err,err,err,err
14:54:38:186,err,err,err,err,err,err,err,err,err,err
14:54:38:310,err,err,err,err,err,err,err,err,err,err
14:54:38:429,err,err,err,err,err,err,err,err,err,err
14:54:38:555,err,err,err,err,err,err,err,err,err,err
14:54:38:675,err,err,err,err,err,err,err,err,err,err
14:54:38:798,err,err,err,err,err,err,err,err,err,err
14:54:38:922,err,err,err,err,err,err,err,err,err,err
14:54:39:042,err,err,err,err,err,err,err,err,err,err
14:54:39:166,err,err,err,err,err,err,err,err,err,err
14:54:39:289,7.498512633489457,3.8718404882946307,373.3452671881502,0.10286086254050823,-0.007490397546492288,0.005112418721433604,373.44063433465925,6,0,0
14:54:39:416,7.268048174705119,3.832262248921876,370.13591759606254,-0.02679195542598138,0.17705616894554935,0.0012541896640574357,370.2271036173521,-2,10,0
14:54:39:537,7.371291654284891,3.7859453522045987,373.15686870477305,-0.07959295877731742,0.15646016162115525,-0.0005339165627716904,373.24886869810285,-5,9,0
14:54:39:662,7.425859767733719,3.8153335321649187,372.46736145260445,0.07372471281862268,-0.06087012783522728,0.007103115477815206,372.5609151678646,4,-3,0
14:54:39:787,7.383637656333258,3.880603910338684,371.1897141895158,0.1001175697023694,-0.1178198015212156,0.007087803977842139,371.2834242352376,6,-7,0
14:54:39:909,7.4185486919126244,3.88121277130061,371.72355699114945,0.0807352717630237,-0.08947656832158442,0.004451521658597538,371.81783375656244,5,-5,0
14:54:40:032,7.384026943831273,3.7331835512140605,372.61126438653855,-0.13639083222975568,0.07551466050944913,0.0019060029682952172,372.7031189312335,-8,4,0
14:54:40:151,7.368063246851976,3.8861685890053947,372.5342287465016,0.0642988693202934,-0.1117210756837603,0.004964194481751386,372.6273503784479,4,-6,0
14:54:40:319,7.487941898337558,3.8229849501669873,371.9208570202389,0.1180825023341278,-0.05474359140601567,0.007617535013957587,372.0158711324976,7,-3,0
14:54:40:443,err,err,err,err,err,err,err,err,err,err
14:54:40:559,7.436282577065698,3.792905375745503,373.9140976680176,-0.09148538273801401,0.11210974244869604,0.0013968299226665222,374.00726846499003,-5,6,0
14:54:40:688,7.459540240752576,3.8865127405745614,371.61778548706326,0.1016918807582611,-0.10038198559463933,0.007138257882933316,371.7129648158577,6,-6,0
14:54:40:809,7.455491263062199,3.8230370208459563,369.9587340051711,0.08023660019954139,-0.0834257567997597,0.0060852534676231465,370.0535972379478,5,-5,0
14:54:40:932,7.48531374550548,3.8603714264374007,371.7834647304935,0.1259610460855725,-0.05442075722281961,0.007569885916521959,371.8788472559697,7,-3,0
14:54:41:055,7.461323663571495,3.7815869616042925,369.0740088038536,0.09817457856219738,-0.14182869244579166,0.011224153142652007,369.1687902915247,6,-8,0
14:54:41:178,7.429778719888658,3.8681774521482795,373.0100890090187,0.10441749740107392,-0.041100852552177304,0.005239053578964965,373.10412877793766,6,-2,0
14:54:41:302,7.496835768789368,3.7264722721820367,369.76156141950725,0.12543257276938047,-0.10934927524986356,0.003984382311481251,369.8563254096536,7,-6,0
14:54:41:427,7.440498253776906,3.85099289965964,373.51206159050855,-0.15911968666836593,0.08248115370677585,0.005862636566815858,373.6060108110809,-9,5,0
14:54:41:545,7.424586257083756,3.7831795601940743,373.29997791338656,0.05514046482150975,-0.12883335549997962,0.005282721557643579,373.39297052677415,3,-7,0
14:54:41:671,7.417572300979629,3.8358611481775995,369.99807502577215,0.11866213636483011,-0.08176609139944777,0.0013882489686625526,370.0922989368534,7,-5,0
14:54:41:791,7.403676480041262,3.866123656419927,372.8774952681524,0.1029985421529799,0.023351414901466166,0.002420656763795559,372.971028117465,6,1,0
14:54:41:999,7.426774386455152,3.818490759099448,370.9791069664996,0.13874312048349297,-0.04723620158761573,0.002268936593868676,371.0730866758275,8,-3,0
14:54:42:119,7.460323717456716,3.740796643098372,371.6855193356158,0.09898500547879262,-0.09929357366240994,0.007111093740243666,371.7792023140626,6,-6,0
14:54:42:246,7.469941845470981,3.676725309823515,372.0993674970555,0.11108319903718827,-0.10659849446925422,0.005235860772260752,372.19250077330594,6,-6,0
14:54:42:365,7.425866451993259,3.6440454358193413,369.92157530003715,0.08897353424868927,-0.09937561037552636,0.008568144607243455,370.01404626333067,5,-6,0
14:54:42:496,7.431324314861556,3.6428996667491704,369.6845927032038,0.09420661638931306,-0.12469958394061927,0.010884045147365544,369.7772212849087,5,-7,0
14:54:42:612,7.508491196617925,3.685315488343919,370.5707018436406,0.08062217031166952,-0.10336309035249709,0.0034842638759862037,370.66508340439447,5,-6,0
14:54:42:743,7.508491196617925,3.685315488343919,370.5707018436406,0.08062217031166952,-0.10336309035249709,0.0034842638759862037,370.66508340439447,5,-6,0
14:54:42:860,7.379641230942883,3.6839379850438227,371.50776839584375,0.03833135200372917,-0.11043261555368356,0.001136477763738106,371.59931711755735,2,-6,0
14:54:42:981,err,err,err,err,err,err,err,err,err,err
14:54:43:106,7.706572511646135,3.5848098217401505,371.28445375226727,-0.060263862975089164,0.13979111341980724,0.00614686999259405,371.38172776734024,-3,8,0
14:54:43:230,7.816927746312585,3.4414822993539205,369.72021977207436,0.02406996785375007,-0.1261987637121876,-0.0023802351284494838,369.81885980587685,1,-7,0
14:54:43:350,7.789845063534238,3.440232358865144,368.8354862741379,0.056367979064043464,-0.1992597772195237,0.002594892613880103,368.9337783666286,3,-11,0
14:54:43:474,7.6219867755738395,3.439726244037517,368.3483863947598,0.07266452442074206,-0.1520459789732299,0.0020839403448817996,368.4432930026875,4,-9,0
14:54:43:596,7.623515899776821,3.6309458427011903,372.5361176324606,0.06490962231851378,-0.1110385064105461,0.004893764444235577,372.63180312884367,4,-6,0
14:54:43:727,7.522761546875664,3.5983637422065335,372.7346639661706,-0.07737530350413205,0.1345089368525123,0.010091579287336212,372.8279360306662,-4,8,0
14:54:43:844,7.735188345822768,3.5937831295569924,372.72871118287,0.054686781246706666,-0.1068486449593781,0.0048082011241687254,372.82628737251207,3,-6,0
14:54:43:966,7.8103801490714675,3.5110875613924435,373.3532534940796,-0.008596841591929832,-0.07905735156432349,0.005557264672733415,373.45144486070905,-1,-5,0
14:54:44:089,7.823535754168573,3.4248790541636995,371.76640924502635,0.011300243348680867,-0.12653048611084095,-0.0010425920865668274,371.86449218925543,1,-7,0
14:54:44:213,7.792144634071752,3.482099529863934,369.88346158912645,0.0333513351327662,-0.13764398911233616,0.002956743342024597,369.9819153584253,2,-8,0
14:54:44:335,7.590216236414824,3.4126319233091653,371.7920627459412,-0.04169594414330139,0.18573023244096526,0.00030245820314050764,371.8851911007501,-2,11,0
14:54:44:458,7.5653727323269,3.532675787322543,370.4717505861317,-0.0943112257404222,0.20625709119275593,0.00576971427085129,370.5658276813316,-5,12,0
14:54:44:583,7.585341899344681,3.442987868758275,369.2203117922103,0.05143338567449897,-0.21648894674244878,0.0028943110770978902,369.3142702592622,3,-12,0
14:54:44:700,7.731245807830902,3.591391931033919,371.8350652124858,0.08176539551088043,-0.14165885140846543,0.007587631936604216,371.93277077896346,5,-8,0
14:54:44:826,7.708668328056096,3.5220320486374783,373.8742840195122,0.012160686141098683,0.16341087292325476,-0.0013281604824880255,373.9703310802161,1,9,0
14:54:44:952,7.762603898604805,3.431449439712443,370.57303162690874,0.08124208193406048,-0.1026701901385318,0.0034109384300006307,370.6702100704909,5,-6,0
14:54:45:073,7.867808923713481,3.5160805538640876,374.01880036384443,-0.01935766431785316,-0.11966823466480209,0.0005054704441032608,374.11806728001073,-1,-7,0
14:54:45:198,7.721134631467217,3.430289685794593,371.738912837901,0.03290312314500043,-0.1404815691553472,0.0016134177399149737,371.8349124614716,2,-8,0
14:54:45:315,7.672909567682333,3.5860520601307377,370.9834833750152,0.09609250891853467,-0.1256520358888527,0.007233007138300795,371.0801507055747,6,-7,0
14:54:45:439,err,err,err,err,err,err,err,err,err,err
14:54:45:566,7.4846658788680145,3.6332260009487456,373.147021958413,-0.11643019217374567,0.171667681429021,0.006664092287723704,373.2397628213326,-7,10,0
14:54:45:688,7.501625756063472,3.6705553151564416,372.49053598844495,0.0771709815904182,-0.08529703143883047,-0.00032252680213308983,372.5841472288705,4,-5,0
14:54:45:813,7.5695568632516625,3.703696132992791,372.4827808452133,-0.08556250604472791,0.19566299344942253,0.001954737757769373,372.57809595081505,-5,11,0
14:54:45:934,7.67583439703836,3.6909844001451604,374.70508379252664,0.058344871140861065,-0.14275506569903343,0.0037769542750350498,374.80186981857133,3,-8,0
14:54:46:057,7.610691972703813,3.7053253138266222,372.6404930401619,-0.08708440660683567,0.19093541695811028,0.0021415399893961176,372.7366216528765,-5,11,0
14:54:46:184,7.5695568632516625,3.703696132992791,372.4827808452133,-0.08556250604472791,0.19566299344942253,0.001954737757769373,372.57809595081505,-5,11,0
14:54:46:304,7.49807682600306,3.725787372562502,371.0347997310437,-0.0687589909489838,0.20026304183624938,-0.002043061861667188,371.1292568083118,-4,11,-1
14:54:46:429,7.679894947197693,3.8912391735768845,373.23317903583256,0.051712243898305754,-0.1305810691129921,0.00531210406888665,373.3324637128411,3,-7,0
14:54:46:550,7.610691972703813,3.7053253138266222,372.6404930401619,-0.08708440660683567,0.19093541695811028,0.0021415399893961176,372.7366216528765,-5,11,0
14:54:46:670,7.665875215638718,3.740215908104232,371.8873056839547,0.09064961925830711,-0.1675124377033194,0.004678553764698699,371.9851112433563,5,-10,0
14:54:46:796,7.539882823704563,3.712501779219346,373.0621408322295,-0.07587918079479283,0.21226348587282792,0.0015767199328705357,373.15679469196607,-4,12,0
14:54:46:916,7.659178269767515,3.722410098002644,373.4558250727225,-0.04976358353779824,0.1921558639871555,-0.0009555327919668387,373.55290472629673,-3,11,0
14:54:47:041,7.715619340752117,3.7730757025220654,375.0750080524434,-0.0777124418511607,0.11481312274079147,0.0012205435021301599,375.1733313384746,-4,7,0
14:54:47:165,7.720898155997447,3.737831516371067,371.3026635972766,0.10463206140797501,-0.14546362415716185,0.004662250246886329,371.40173888555285,6,-8,0
14:54:47:290,7.6616054438049535,3.714235229197772,373.1391664942701,-0.07159068209218966,0.16305632944216497,-0.0004813668766855393,373.2362968862393,-4,9,0
14:54:47:407,7.640755810599329,3.8103416493962836,372.50553235889436,0.056459396203785206,-0.17748378632215214,0.002666233089775087,372.603370208625,3,-10,0
14:54:47:571,7.379003502279019,3.7763051361958087,374.99112253205294,-0.055083933656779244,0.12675185080880336,0.001044528385196195,375.082727076331,-3,7,0
14:54:47:701,7.5637788876574925,3.7586032364848663,374.0331536167754,-0.08888917409906544,0.18925408541492109,-0.001666741111675056,374.12850446586,-5,11,-1
14:54:47:832,7.795975061733908,3.7359950379085816,371.4078940920189,0.09467517698043772,-0.14810718884121932,0.004526058393029534,371.50849072390633,5,-8,0
14:54:47:983,7.554503829223843,3.762191626602342,373.66968195146075,-0.04602488238333792,0.20305044407199907,0.003988115574542095,373.7649740460533,-3,12,0
14:54:48:109,7.5688420397415355,3.9230659413239213,372.9830028412681,0.04702192592135598,-0.15774838869851146,0.0001686888186115026,373.08041790570024,3,-9,0
14:54:48:228,7.6872091461912,3.8401275538365454,375.4320530556669,0.03444311223142854,-0.12895548690781786,0.006684989820028038,375.53037989712647,2,-7,0
14:54:48:397,7.214845448027967,3.8107472450208717,371.62069331555523,-0.04324829066741511,0.21484742667014478,0.00013439899185510115,371.7102574448791,-3,12,0
14:54:48:559,7.627067670065755,3.737700620879172,372.12055706798037,0.07317073858610884,-0.15447622754698864,0.0023824185928416073,372.2174788477284,4,-9,0
14:54:48:679,7.72863164525874,3.788244131232024,369.9728243530634,0.08542090928739263,-0.15433282375162286,0.0009804647109837668,370.07292970506313,5,-9,0
14:54:48:825,7.813723032177893,3.7505748384981996,370.24385344080827,0.07036762930686823,-0.18055385414421474,0.001045143833757545,370.3452876572638,4,-10,0
14:54:48:970,7.3042198156868325,3.8473672901545384,373.9038496022489,-0.006234118950926845,-0.07651652346760819,0.0005793816879480962,373.9949767170174,0,-4,0
14:54:49:089,7.37437265264323,3.9312758428338017,373.0408157856572,0.07246528472068793,-0.11085455152120184,-7.711316653158437e-05,373.13440814778943,4,-6,0
14:54:49:216,7.468830671732976,3.727056491341,371.2617871228716,-0.07667991000750439,0.19200289000723436,-0.0020430233712497438,371.35560983962677,-4,11,-1
14:54:49:340,7.580638520319228,3.7985993124994892,374.549595258161,0.05576795212339746,-0.08907271846004292,0.0009477725265735525,374.6455588221551,3,-5,0
14:54:49:462,7.560951050160064,3.77917458669578,373.2175773708383,-0.12432982079596341,0.16610062045281315,0.006535936507263643,373.3132869318976,-7,10,0
14:54:49:588,7.532908093903484,3.842872579349808,374.7970197884266,-0.07798253227704534,0.10470320524643299,0.0065122383743448165,374.89240912066833,-4,6,0
14:54:49:746,7.48128952106447,3.7634408750636483,374.6387030482216,-0.10189763449074955,0.14556633420548906,0.003688467223525987,374.7322924459162,-6,8,0
14:54:49:870,7.5206132458381045,3.790603914921997,375.53154996555213,-0.02047055892778564,0.17294425091085905,-0.0022409375724690562,375.625975301447,-1,10,0
14:54:49:991,7.493186873819881,3.765566925611119,371.90657804671343,-0.10866073627057511,0.16844407137128542,0.002585408654757319,372.00111577549524,-6,10,0
14:54:50:115,7.591377214740416,3.773699550747251,374.74349192396784,-0.05368604952115022,0.13817864745193525,0.0008496990040652986,374.8393716723001,-3,8,0
14:54:50:243,7.586584986966883,3.8475436012483657,371.9359149833012,0.08145496934998159,-0.13875974996196652,0.0075544699097211095,372.03317690495487,5,-8,0
14:54:50:361,7.637354383266213,3.79569201179623,373.5966553572767,0.08413986321309865,-0.08760057537747828,0.0031325654169686887,373.69398891869776,5,-5,0
14:54:50:483,7.494892081681533,3.7272131570759064,371.16706382166745,-0.07046202300358757,0.22436377608738423,-0.0021207185089408285,371.2614372530927,-4,13,-1
14:54:50:608,7.543516510249042,3.8619962925601,371.0012922258288,0.046406037511001454,-0.1828765942090229,0.009361158931516133,371.09807125602117,3,-10,0
14:54:50:734,7.519726138432584,3.7700037310850596,373.7448312187354,-0.015055874378193163,0.18688482491742564,0.0012972714951314018,373.8394816924109,-1,11,0
14:54:50:859,7.638065321173584,3.876175358097909,374.1461972992537,0.08710785497832689,-0.163211564913412,0.006353024940092218,374.244227384671,5,-9,0
14:54:50:974,7.5718700149597336,3.753202641459056,370.18204672125603,0.08266025690535447,-0.21518497941892203,0.003951178147699836,370.27849986237317,5,-12,0
14:54:51:098,7.48532441926697,3.7757803754874866,374.8818943758245,-0.05145070968511584,0.13266765413329037,0.000902824754217198,374.97562764786784,-3,8,0
14:54:51:226,7.5822917523826545,3.794953992630828,373.4250690056304,0.08936463047487876,-0.14859805148152955,0.006059149686477183,373.5213179804926,5,-9,0
14:54:51:349,7.49338778979528,3.811188060787778,372.86902719663163,0.04404239785007122,-0.15793090291778858,0.00036088414702397476,372.96378839984635,3,-9,0
14:54:51:472,7.584452141074332,3.8298434538545387,375.6629027673912,-0.016587841682716285,0.09993680636165447,0.003275607499265702,375.7589761147213,-1,6,0
14:54:51:591,7.478113768176057,3.8096905404585444,375.0095800823395,-0.07337820571988961,0.19864362223462226,0.008618193539410634,375.1034804971509,-4,11,0
14:54:51:716,7.430883688347992,3.7148125431825942,373.0671625590176,-0.06410798981581736,0.1997524064425302,-0.0006156421093074434,373.15965168337425,-4,11,0
14:54:51:842,7.572541602355844,3.8567386913064117,375.7727740542001,0.07757995525645582,-0.09001436087542582,0.004782861612861374,375.86885417661483,4,-5,0
14:54:51:959,7.539882823704563,3.712501779219346,373.0621408322295,-0.07587918079479283,0.21226348587282792,0.0015767199328705357,373.15679469196607,-4,12,0
14:54:52:084,7.608004998608376,3.8331546284895066,375.589144397861,0.0004321098896482882,-0.11215427864204416,0.004325328270864268,375.6857466074299,0,-6,0
14:54:52:209,7.589803825923642,3.798722557184044,373.9192780047342,0.08117848660297416,-0.039900851842534654,0.0004392240498360635,374.01559042206276,5,-2,0
14:54:52:329,7.637354383266213,3.79569201179623,373.5966553572767,0.08413986321309865,-0.08760057537747828,0.0031325654169686887,373.69398891869776,5,-5,0
14:54:52:537,7.54473216669359,3.7987803755281373,373.95695970961145,0.0808016233665714,-0.11929309095403066,0.0035532725185568564,374.0523511903977,5,-7,0
14:54:52:655,7.5501993003691785,3.8055046793003773,371.3910102116732,0.08590205562403998,-0.1801898652308924,0.004942121352241687,371.4872404826128,5,-10,0
14:54:52:784,7.595418411026838,3.8749837316375078,374.26645398279544,0.0776543749031204,-0.1319693467427313,0.008868438587646634,374.36357255563064,4,-8,0
14:54:52:905,7.457492927709687,3.692848449346194,371.9449706953876,-0.1106511143262885,0.16853459991885344,0.002489958623387485,372.03805256455877,-6,10,0
14:54:53:026,7.602303482157739,3.8097582771039207,371.9508254625146,0.07776654517980328,-0.1962076075302414,0.005251502785858468,372.0480155015086,4,-11,0
14:54:53:152,7.514780956132418,3.684535092977647,371.380366848227,-0.12083636565766301,0.19714404913383887,0.005003143493524232,371.474662139955,-7,11,0
14:54:53:271,7.613631281914582,3.8373824794121396,373.8739036943928,0.08961268456327502,-0.0968013381985645,0.008554302078017804,373.97110683751276,5,-6,0
14:54:53:395,7.5099332799186485,3.7209731164452777,373.35147202846485,-0.05036716019465708,0.1946088777426735,-0.0010378023952609082,373.44553338421883,-3,11,0
14:54:53:521,7.586818092128847,3.755217201824438,373.1952053539312,-0.05181351787502189,0.18446645532736497,0.004311275516788797,373.2912037058452,-3,11,0
14:54:53:638,7.599908287772042,3.8451731992087224,372.65175012372197,0.04365057313060427,-0.14952370154406083,0.005214946036543437,372.74907220969357,2,-9,0
14:54:53:767,7.5845855013967185,3.7517492778648105,370.0657468923073,0.08111951046219247,-0.15297904924645886,0.000901565065916894,370.16247592487434,5,-9,0
14:54:53:889,7.55584734194078,3.8795451768096343,374.77749749433826,0.07194166757525522,-0.09710517033760006,0.006315906422398754,374.87373117884954,4,-6,0
14:54:54:010,err,err,err,err,err,err,err,err,err,err
14:54:54:131,err,err,err,err,err,err,err,err,err,err
14:54:54:256,err,err,err,err,err,err,err,err,err,err
14:54:54:382,err,err,err,err,err,err,err,err,err,err
14:54:54:500,7.535462865815763,3.8748380844651833,374.263152664491,0.07678064122158003,-0.06514868993919241,0.005963842630404166,374.3590589436123,4,-4,0
14:54:54:626,err,err,err,err,err,err,err,err,err,err
14:54:54:748,err,err,err,err,err,err,err,err,err,err
14:54:54:871,7.609985815991562,3.6660657267156864,371.656853581011,0.09475117749119959,-0.1262254446362359,0.002014736291009119,371.75283285506947,5,-7,0
14:54:54:995,err,err,err,err,err,err,err,err,err,err
14:54:55:113,err,err,err,err,err,err,err,err,err,err
14:54:55:283,err,err,err,err,err,err,err,err,err,err
14:54:55:403,7.462854430217147,3.804372697114815,370.97890119284716,0.09789485503716423,-0.15692194470222592,0.0048792429758931265,371.0734598137105,6,-9,0
14:54:55:526,7.6235327873986956,3.8862313044430277,372.5308711714942,0.06424894370543663,-0.1110607197681648,0.004938909489076896,372.62913335071454,4,-6,0
14:54:55:650,7.545931312777277,3.7901299899890515,371.61215521981666,0.022887995803104765,-0.1755833956410082,0.0017809230821891676,371.70808448544034,1,-10,0
14:54:55:866,7.601686555425556,3.803851657160912,374.7045358311896,0.06784248254149149,-0.13797322513729984,0.003919265457716648,374.8009392976275,4,-8,0
14:54:55:976,7.427792111217553,3.6706556807542126,370.4929383072361,-0.14217821588845259,0.19551746317059476,0.0076569585076302765,370.5855679115197,-8,11,0
14:54:56:104,7.384847573920152,3.7326491817397227,371.43011775432865,-0.05872971243576091,0.24522506981313133,-0.0023458507300177255,371.5222752656944,-3,14,-1
14:54:56:229,7.526523171575597,3.8488907410692765,372.65207668766476,0.056978818849758826,-0.1450821617678279,0.005340219572448312,372.74794804347096,3,-8,0
14:54:56:374,7.448545082530217,3.71927950234906,370.7423896860461,-0.08521972231230561,0.24333028749209368,0.000549914986882406,370.83585772411914,-5,14,-1
14:54:56:511,7.600606761197111,3.883687317301986,372.68844362719017,0.049227800431582466,-0.14806341623468344,0.005206695387426858,372.7861696248591,3,-8,0
14:54:56:633,7.5501993003691785,3.8055046793003773,371.3910102116732,0.08590205562403998,-0.1801898652308924,0.004942121352241687,371.4872404826128,5,-10,0
14:54:56:762,7.4873850182302775,3.728030893462021,371.79551539180227,-0.10651068212655795,0.20776048277466802,0.010087099071878323,371.8895863212759,-6,12,0
14:54:56:880,7.6872091461912,3.8401275538365454,375.4320530556669,0.03444311223142854,-0.12895548690781786,0.006684989820028038,375.53037989712647,2,-7,0
14:54:57:002,7.595408415500736,3.836541136216376,374.2584430390513,0.0720253383210033,-0.13357871321319703,0.008885639025506311,374.35516753866636,4,-8,0
14:54:57:127,7.5512786145846045,3.918911368277435,371.4500837196585,0.09729139441584293,-0.17696343057140249,0.004906803772336654,371.5474994807108,6,-10,0
14:54:57:250,7.493931163678444,3.885143103079582,372.4140860944964,0.06604819450532663,-0.16509769919962303,0.007982911700277626,372.50973794360914,4,-9,0
14:54:57:375,7.51941434240796,3.82427679606564,373.6776354225359,-0.10805774237012858,0.20527324925861892,0.001047518596494006,373.772847997341,-6,12,-1
14:54:57:497,7.592065811222429,3.8454661372891654,371.76284017225186,0.08232490649413768,-0.173912674080379,0.005052932643809593,371.8602377319122,5,-10,0
14:54:57:616,7.635128550647493,3.870205310013771,376.8674136219726,-0.06946565213703801,0.15061210243904397,0.004600209248284549,376.96461521904354,-4,9,0
14:54:57:749,7.445556391694601,3.7864722216442774,371.83987010433316,-0.0018362478964028515,0.18325237083985688,0.002374729362297972,371.93368048763017,0,10,0
14:54:57:866,7.368598104934622,3.786250983467728,369.8171960674211,-0.05348530646485166,0.1984642482473191,0.004129786179966912,369.90997613164103,-3,11,0
14:54:57:988,7.559815557718885,3.7505027426455215,370.246815243725,0.0704135455639481,-0.18123072474867158,0.0010727663156421534,370.34297790050016,4,-10,0
14:54:58:109,7.615554087957738,3.8882751354584664,372.7157819672121,0.06437330977320267,-0.18536677184089176,0.008095258520674695,372.8138536522295,4,-11,0
14:54:58:239,7.575053912228855,3.838647004431925,375.26420624402834,0.03675781635663493,-0.13388607044562842,0.006791562104849283,375.3602817834599,2,-8,0
14:54:58:359,7.488989792215297,3.7351094135889094,372.71127323019317,-0.13207495358199375,0.1111306038335669,0.004343987262981723,372.8052161696656,-8,6,0
14:54:58:481,7.5822917523826545,3.794953992630828,373.4250690056304,0.08936463047487876,-0.14859805148152955,0.006059149686477183,373.5213179804926,5,-9,0
14:54:58:604,7.666293640757282,3.8348494584170325,375.47704202805716,0.012302774720727072,-0.06491097248741672,0.004212925322724676,375.57487564891034,1,-4,0
14:54:58:725,7.510567636334059,3.763087328965244,374.4483760647564,-0.0903929072979696,0.15813198396452022,0.0036436331596151296,374.54259542807495,-5,9,0
14:54:58:894,7.481531603277723,3.7224441280772727,373.6179217445936,-0.05903782539994566,0.18555078581418438,-0.0010143748437636787,373.71136101832224,-3,11,0
14:54:59:057,7.587962341929454,3.8794300473683343,375.2522274856906,0.051426769301053755,-0.06080261414440513,0.0036621702694065827,375.34898612220525,3,-3,0
14:54:59:175,7.54473216669359,3.7987803755281373,373.95695970961145,0.0808016233665714,-0.11929309095403066,0.0035532725185568564,374.0523511903977,5,-7,0
14:54:59:309,7.503534136543764,3.804711005363307,371.2186009524551,-0.04880984521842065,0.19647495659482375,0.0004844726704533823,371.3139218282432,-3,11,0
14:54:59:467,7.6872091461912,3.8401275538365454,375.4320530556669,0.03444311223142854,-0.12895548690781786,0.006684989820028038,375.53037989712647,2,-7,0
14:54:59:584,7.564152323936485,3.7992848272662427,374.57724186539355,0.05745570568464547,-0.14622746288217806,0.003905863831408833,374.67287210186964,3,-8,0
14:54:59:716,7.6374349795008865,3.799902636282446,374.1109064112327,0.07871585056680781,-0.16543773721903485,0.006398368872622854,374.20815059127915,5,-9,0
14:54:59:834,7.61809370293726,3.7627113699728687,374.3757167836118,-0.08782898401906203,0.16190400054739026,0.0035341117347948564,374.4721226817339,-5,9,0
14:54:59:955,7.589803825923642,3.798722557184044,373.9192780047342,0.08117848660297416,-0.039900851842534654,0.0004392240498360635,374.01559042206276,5,-2,0
14:55:00:082,7.526523171575597,3.8488907410692765,372.65207668766476,0.056978818849758826,-0.1450821617678279,0.005340219572448312,372.74794804347096,3,-8,0
14:55:00:200,7.460994902764936,3.707104757705289,372.7742505523637,-0.08671388906701129,0.21631801497842196,0.001958678405367038,372.86733692494454,-5,12,0
14:55:00:329,7.521001682038446,3.78758848832634,373.27572452822614,-0.07885628785100152,0.1527970260490709,-0.0004468314562661552,373.37069758475997,-5,9,0
14:55:00:447,7.611347781137393,3.806986731250817,371.7169860072823,0.07679465133733768,-0.1295208965220202,0.0021479769259469955,371.8143938168013,4,-7,0
14:55:00:567,7.518771506050119,3.709286765704248,370.097929084504,-0.09622951440179442,0.20327902059577801,0.0011852780578652904,370.1928792479793,-6,12,-1
14:55:00:738,7.614583668433315,3.8500958149146265,372.6645526748375,0.06075096115660006,-0.18663213709863605,0.008089469671106632,372.7622217212527,3,-11,0
14:55:00:859,7.575110452885293,3.7773024175289263,372.6299523362399,-0.09231256614129937,0.18717703876976788,0.0020542732748768384,372.7260813117796,-5,11,0
14:55:00:982,7.576370628511179,3.739039295022789,371.4029616407937,0.10483797012819343,-0.1428411831158536,0.004578063046891923,371.4990467313519,6,-8,0
14:55:01:103,7.526523171575597,3.8488907410692765,372.65207668766476,0.056978818849758826,-0.1450821617678279,0.005340219572448312,372.74794804347096,3,-8,0
14:55:01:227,7.452964929091556,3.7426624866677702,370.02233766843057,-0.10684109738900012,0.1871016662773737,0.006017542613477088,370.1163122348614,-6,11,0
14:55:01:574,7.5668780689018735,3.7540335892422463,373.8585314834782,-0.10164044370015017,0.18982466671517087,0.0061546172787160765,373.95394365467206,-6,11,0
14:55:01:741,7.490010787361557,3.6976554062457874,372.15881715948075,-0.09805657085727391,0.2000365393416316,0.0023638753624449405,372.2525461385616,-6,11,0
14:55:01:939,7.544617982422711,3.788253417405044,373.1737545108543,-0.06944501615776028,0.19386851399376862,-0.0005973307224265656,373.26923685214473,-4,11,0
14:55:02:096,7.513648437039001,3.768163056982189,373.7887307566938,-0.02556690377199182,0.21551539648217574,0.0013156656116072628,373.8832293729682,-1,12,0
14:55:02:227,7.594886542754929,3.829445699129518,373.423781293883,-0.06041275418196778,0.17361334968102013,0.004470159234922321,373.5206385084788,-3,10,0
14:55:02:346,7.57361267900334,3.745896993668225,372.6562953348405,0.07814010942714507,-0.07189957309765352,-0.0006860647238207134,372.75207015654064,4,-4,0
14:55:02:460,7.484297256467105,3.7739662265920013,373.32634865711447,0.020600148749009912,0.13989918843315263,-0.0012136321874425984,373.42043346361754,1,8,0
14:55:02:591,7.550331812977013,3.7874727521563933,372.9202186190571,0.0843048031675811,-0.08308900904154413,0.004723931153925667,373.01587354323107,5,-5,0
14:55:02:729,7.589289901067379,3.8337876681371403,373.2531637936801,-0.029685572955093924,0.1823385527853137,0.006822968083154916,373.3499960239434,-2,10,0
14:55:02:864,7.542855297155414,3.810601597669046,372.84170840714296,-0.1296079311255721,0.20349542657738157,0.003678681373358653,372.9374677858568,-8,12,-1
14:55:03:001,7.564140416764487,3.839441251536884,373.62119301135095,-0.025183024108832563,0.15244627290686985,0.0017747610030468509,373.7174780453728,-1,9,0
14:55:03:130,7.623848212406067,3.847714266518653,372.54303154873156,0.05678999699043222,-0.11258530848539794,0.004969540623188059,372.6408972753283,3,-6,0
14:55:03:284,7.594886542754929,3.829445699129518,373.423781293883,-0.06041275418196778,0.17361334968102013,0.004470159234922321,373.5206385084788,-3,10,0
14:55:03:397,7.5016029123254615,3.8175627076747065,371.4093512186794,-0.0018970642764852645,0.22077381155532794,0.00527512036323778,371.5047159915491,0,13,0
14:55:03:546,7.510882945669107,3.7640366836813213,374.4782365448077,-0.08701111939389919,0.1584794198187168,0.003590980100797355,374.5724642582375,-5,9,0
14:55:03:687,7.404388109456926,3.830278000356622,373.4514998549633,-0.05774101082599554,0.2047105057741933,0.004582907339875465,373.5445338065558,-3,12,0
14:55:03:810,7.600606761197111,3.883687317301986,372.68844362719017,0.049227800431582466,-0.14806341623468344,0.005206695387426858,372.7861696248591,3,-8,0
14:55:03:973,7.575110452885293,3.7773024175289263,372.6299523362399,-0.09231256614129937,0.18717703876976788,0.0020542732748768384,372.7260813117796,-5,11,0
14:55:04:097,7.562988049250517,3.846182908427987,372.15366901903775,0.06861068907019836,-0.1692178535276972,0.00776776458856112,372.25037981918797,4,-10,0
14:55:04:230,7.504280355351725,3.739758885064897,371.97343409585125,0.08523908789256894,-0.11918293237694354,0.0020587071087740136,372.06791811876326,5,-7,0
14:55:04:349,7.486325393740831,3.7477268526288956,373.4989558922186,-0.11396956211980364,0.1944080440004012,0.006559458512745716,373.5927737216558,-7,11,0
14:55:04:467,7.452533808648491,3.7231608002269407,370.7025052427512,-0.060688523268913726,0.22378897422267152,0.0030681983931060454,370.7961024333527,-4,13,0
14:55:04:586,7.553326808821056,3.7838207537988184,375.02883351200626,-0.023477088319822762,0.15204687765144365,-0.0019238332171424206,375.12397418820603,-1,9,0
14:55:04:709,7.542231266057774,3.831759227227544,373.25475277648974,0.09593332486164421,-0.13448000356874107,0.011245776791604694,373.3506101528222,5,-8,0
14:55:04:833,7.414252347878978,3.7970628741877936,371.68685226677934,-0.1228752061014282,0.18678008748493624,0.005042694278992164,371.7801836735455,-7,11,0
14:55:04:956,7.515631479589332,3.7297101739122955,372.413252045085,-0.14577927097857216,0.1378212066648741,0.0067408893324839535,372.5077526083375,-8,8,0
14:55:05:085,7.580638520319228,3.7985993124994892,374.549595258161,0.05576795212339746,-0.08907271846004292,0.0009477725265735525,374.6455588221551,3,-5,0
14:55:05:210,7.566036917524532,3.8288101723353027,372.9630496551257,0.09802249053029571,-0.12517648751565838,0.005799517913541739,373.0594337502067,6,-7,0
14:55:05:325,7.63895347174371,3.8174570672570405,375.1951154555981,-0.04607611475375798,0.14576275385391851,0.00584715523592126,375.29228775761356,-3,8,0
14:55:05:454,7.639366961901206,3.856483714148062,373.373342410556,-0.1098429175171427,0.14664973300397807,0.004055568120542493,373.47139812447,-6,8,0
14:55:05:573,7.560603595810797,3.8473836574380855,373.8974311241347,-0.0063224718109302575,-0.07599227141699742,0.0005794485047034423,373.99365514533474,0,-4,0
14:55:05:692,7.556727700016512,3.8453068236438277,372.2618696390035,0.061976434218154276,-0.1692536365410001,-0.0026821665864274207,372.3584161869134,4,-10,0
14:55:05:816,7.559624748972854,3.8887912683082093,374.86884361379106,-0.03773427215564226,0.1342987845816305,0.0033803305113152705,374.9652257692901,-2,8,0
14:55:05:940,7.407246303704697,3.876783434817267,371.3445225762963,-0.059180440155837524,0.15998301542517768,0.0008733908683633935,371.4386237254032,-3,9,0
14:55:06:061,7.531320907637076,3.7966953879473535,371.9728483440735,-0.1528294795383349,0.1834199414288497,0.004075485989961178,372.0684555235579,-9,10,-1
14:55:06:225,7.613792980960567,3.8437357666534195,370.91844692368164,0.11037837951471494,-0.1812303010866644,0.0022635814975516476,371.01649345612225,6,-10,0
14:55:06:350,7.572494987473656,3.8808774816480365,371.05339867897135,0.10680144432301653,-0.15204244429217847,0.004713043610905181,371.1509511796764,6,-9,0
14:55:06:473,7.610441036850311,3.882826588298747,371.6685472120266,0.08856632328676281,-0.1275728094782986,0.0020836108429113176,371.76673350609065,5,-7,0
14:55:06:598,7.440986187158321,3.846933065577819,371.6205131334207,-0.043881493828693156,0.20221227846096793,0.005549569143525134,371.71490816349484,-3,12,0
14:55:06:718,7.572494987473656,3.8808774816480365,371.05339867897135,0.10680144432301653,-0.15204244429217847,0.004713043610905181,371.1509511796764,6,-9,0
14:55:06:840,7.631793780562033,3.8746550431987186,374.8116112820548,0.05363471497797489,-0.10595212162910106,0.006279220831253636,374.909323943621,3,-6,0
14:55:06:968,7.427458712415101,3.830904278327942,370.78236483627467,-0.07113684039499914,0.20513105964284814,0.008602873133514535,370.87653611962924,-4,12,0
14:55:07:089,7.599908287772042,3.8451731992087224,372.65175012372197,0.04365057313060427,-0.14952370154406083,0.005214946036543437,372.74907220969357,2,-9,0
14:55:07:217,7.447373006730773,3.8481191560289334,371.5718635227188,-0.035368914473250766,0.17240320631182118,0.005550543841158398,371.6664111101329,-2,10,0
14:55:07:335,7.469679063873261,3.8724875309010494,373.6447305299196,-0.04232458769589625,0.10149292332021667,0.002333934536399224,373.739450577231,-2,6,0
14:55:07:457,7.650873839321387,3.879541264316894,374.9311532508747,0.06574304784101385,-0.15105756785806213,0.009240385052688515,375.02927404265074,4,-9,0
14:55:07:580,7.594886542754929,3.829445699129518,373.423781293883,-0.06041275418196778,0.17361334968102013,0.004470159234922321,373.5206385084788,-3,10,0
14:55:07:703,7.61778816478481,3.8717866381054793,374.34047307353177,-0.09079905450786127,0.1610730560009628,0.0035622803126641304,374.43799381100484,-5,9,0
14:55:07:829,7.591028091081046,3.923947141361373,375.0796877786388,-0.058144312747785365,0.16657673965736977,0.000755311847727186,375.1770158908578,-3,10,0
14:55:07:946,7.556693068926546,3.9845440411691326,373.6838188695645,-0.0348086333223186,0.1867372536285964,0.0017018959897652176,373.78145578171143,-2,11,0
14:55:08:072,7.42923137233632,4.048187285233446,371.1641861709817,0.055105832202996086,-0.16479726401948766,0.0043264970187045036,371.2606017274755,3,-9,0
14:55:08:197,7.484465726447129,4.039850771279112,369.61370449608376,0.09351431373877224,-0.1876684584678785,0.008922376685393437,369.7115472537785,5,-11,0
14:55:08:322,7.387237507951264,4.0099776125202435,373.9401199284116,-0.11047543260139178,0.18344452940544229,0.005985472579526804,374.03457659757424,-6,11,0
14:55:08:444,7.438288487813231,4.015031828103142,371.1494992789711,-0.08385268780481353,0.17844300398368065,0.0033741883459757612,371.2457399502917,-5,10,0
14:55:08:563,7.392823712177525,4.141798804995937,372.6103978560774,-0.09319346882919913,0.20146922950069202,0.007189882798243901,372.7067438754559,-5,12,0
14:55:08:717,7.337535710357869,4.141571141924265,371.85139529805076,-0.04206983221952028,0.1972898151028211,0.0055125690104866,371.9468405927541,-2,11,0
14:55:08:854,7.445286432429142,4.24309807497061,374.7202996160889,-0.09294022941690433,0.1646384962840496,0.00875542082006278,374.81827478887175,-5,9,0
14:55:08:972,7.441392379823107,4.208302523718643,374.69004771854287,-0.07969917728729735,0.17454555790570173,0.008522027190439707,374.7875611463187,-5,10,0
14:55:09:101,7.471038002548513,4.254200673038272,373.3492703117567,0.03607071689469295,-0.14807216478891547,0.010767879491034554,373.44824577780946,2,-8,0
14:55:09:221,7.572113575905519,4.1573540088052825,371.051521960735,0.059476119395595266,-0.14950762948781252,0.009230979035712865,371.1520610824339,3,-9,0
14:55:09:347,7.567395564662942,4.214656103355321,372.5105711564658,0.06518888921563577,-0.1601289060223678,0.00777815383791967,372.61126449024323,4,-9,0
14:55:09:469,7.461854538009088,4.155751910199078,370.9399972559382,0.05920368893344275,-0.15308622502911035,0.009345893608124305,371.0383148831411,3,-9,0
14:55:09:591,7.340823996587176,3.962772864486584,370.1824152092825,-0.10424070480026397,0.19778650884035523,0.001003512494265102,370.2763991883658,-6,11,-1
14:55:09:807,7.623848212406067,3.847714266518653,372.54303154873156,0.05678999699043222,-0.11258530848539794,0.004969540623188059,372.6408972753283,3,-6,0
14:55:09:931,7.645972357101495,3.8387721855582644,373.86211675660445,-0.041985585446208784,0.14198820116928365,0.0018722582629630742,373.9599970730922,-2,8,0
14:55:10:058,7.623848212406067,3.847714266518653,372.54303154873156,0.05678999699043222,-0.11258530848539794,0.004969540623188059,372.6408972753283,3,-6,0
14:55:10:214,7.530065821281935,3.8468961218448174,372.0260130956929,0.07511642500855746,-0.07705966122786972,0.004737608757876507,372.12209679206336,4,-4,0
14:55:10:337,7.535656142632316,3.9215984219718596,371.20760606112503,0.11338151536051337,-0.12761973930755396,0.009735848078288407,371.3047964211001,6,-7,0
14:55:10:474,7.491356215406863,3.8012733212019683,371.89540095819626,-0.1118640366971851,0.20110909985577036,0.010147436071735863,371.99026781713815,-6,12,0
14:55:10:643,7.54507205535375,3.7836342158321346,373.5221999458088,-0.11807449696414926,0.11260205118263754,0.009273691834432956,373.61755560005,-7,6,0
14:55:10:801,7.5578034856834835,3.829786619457247,372.63297551120354,0.11284041647897296,-0.10540213612182361,0.01095503007073596,372.7292879522778,6,-6,0
14:55:10:956,7.5563882919081635,3.743721423926608,372.92802528777133,0.06064618298593491,-0.11819088934483306,-0.00028313410123003113,373.0233591870014,3,-7,0
14:55:11:065,7.411207678095651,3.7583947655268686,371.53746773160907,-0.12599807043580008,0.18792243157030594,0.005112861463849166,371.6303828522069,-7,11,0
14:55:11:191,7.537867315855662,3.7142168905748996,372.9789252507132,-0.061995941162944275,0.2027355040463743,-0.0007258559536331756,373.07357656628375,-4,12,0
14:55:11:341,7.650873839321387,3.879541264316894,374.9311532508747,0.06574304784101385,-0.15105756785806213,0.009240385052688515,375.02927404265074,4,-9,0
14:55:11:485,7.507795550487301,3.7331970891246833,372.5778335534435,-0.13621542365813316,0.19380964449487978,0.009179203642699307,372.6721693525177,-8,11,0
14:55:11:609,7.532964072817464,3.8419330605059407,370.8844785039119,0.10436093172537628,-0.14090639238639455,0.009926081562746367,370.98086526461503,6,-8,0
14:55:11:800,7.586584986966883,3.8475436012483657,371.9359149833012,0.08145496934998159,-0.13875974996196652,0.0075544699097211095,372.03317690495487,5,-8,0
14:55:11:932,7.542453714378974,3.809910231722855,372.4374544687458,-0.10005069070645593,0.17447446473587142,0.007550801698677425,372.53330255853155,-6,10,0
14:55:12:052,7.489031918328332,3.8196466524580437,373.07094139816616,-0.08878124142015274,0.1368576711639346,0.005090181779244927,373.16565036902483,-5,8,0
14:55:12:178,7.588558994248963,3.8060519517500797,371.9654495998872,0.06412171744234806,-0.16027972266672338,0.002356483978038465,372.06231730063024,4,-9,0
14:55:12:545,7.483753666015253,3.8197186800867073,369.5925118533092,0.08514126948761042,-0.189232416310688,0.008905552471899298,369.68800580728487,5,-11,0
14:55:12:671,7.623848212406067,3.847714266518653,372.54303154873156,0.05678999699043222,-0.11258530848539794,0.004969540623188059,372.6408972753283,3,-6,0
14:55:12:854,7.437274821726899,3.8611270265256548,373.2924500646051,-0.07721329483886066,0.2202203270240275,0.007083618612486309,373.38649498063603,-4,13,0
14:55:12:998,7.588409993735823,3.8073501549907,374.7440042884154,-0.0683124973974126,0.175546541034785,0.008546979779632466,374.8401641120541,-4,10,0
14:55:13:113,7.623848212406067,3.847714266518653,372.54303154873156,0.05678999699043222,-0.11258530848539794,0.004969540623188059,372.6408972753283,3,-6,0
14:55:13:240,7.570988856138309,3.843567514412213,371.54555868429065,0.08354059497162353,-0.1142735664647342,0.007292250430869233,371.6425635762396,5,-7,0
14:55:13:363,7.529942094786866,3.886870113922804,372.42301398909296,0.07166030237075816,-0.16243884415618084,0.0075779079961229906,372.5194077305953,4,-9,0
14:55:13:483,7.467946061256581,3.85271135201857,372.75235241013877,-0.08632430793340568,0.20336609841027103,0.007444606804831174,372.8470595705806,-5,12,0
14:55:13:607,7.651476642719277,3.8492293775246074,373.13468750162457,0.036979097132038036,-0.16829660670801178,0.005532442516707719,373.23297908752636,2,-10,0
14:55:13:729,7.647290744446899,3.8380115170496536,374.48210901931,0.06716271874971409,-0.05781399907255341,0.005861857594830222,374.57984644623565,4,-3,0
14:55:13:855,7.611347781137393,3.806986731250817,371.7169860072823,0.07679465133733768,-0.1295208965220202,0.0021479769259469955,371.8143938168013,4,-7,0
14:55:13:974,7.493931163678444,3.885143103079582,372.4140860944964,0.06604819450532663,-0.16509769919962303,0.007982911700277626,372.50973794360914,4,-9,0
14:55:14:098,7.484430132175073,3.8542261137530374,371.85312092380644,-0.024503435079716213,0.18145331836842152,0.002880253813784599,371.9484040752351,-1,10,0
14:55:14:222,7.651476642719277,3.8492293775246074,373.13468750162457,0.036979097132038036,-0.16829660670801178,0.005532442516707719,373.23297908752636,2,-10,0
14:55:14:341,7.57517378782298,3.8755963170395455,375.86613076373914,0.01021697020928537,0.14233904642525572,0.0026075763638197225,375.9624339745031,1,8,0
14:55:14:510,7.530418183762969,3.845861892988302,372.9272475389711,0.033694556823318386,-0.1447677584864864,0.005426392112112697,373.02309554331254,2,-8,0
14:55:14:674,7.5994345113662884,3.8756252640375326,374.0549739555246,0.088097539442519,-0.14964304589297103,0.011603368631347389,374.1522356166644,5,-9,0
14:55:14:800,7.512519038827645,3.8803269182391595,371.30644055896926,0.095041020331293,-0.16641356437711793,0.010142233631688898,371.4027028440592,5,-10,0
14:55:14:962,7.603632883121077,3.8855188189753522,372.01795123892913,0.08460505790192033,-0.19422783829091836,0.005218597217488326,372.11593426447644,5,-11,0
14:55:15:086,7.623848212406067,3.847714266518653,372.54303154873156,0.05678999699043222,-0.11258530848539794,0.004969540623188059,372.6408972753283,3,-6,0
14:55:15:207,7.680410035991544,3.9044127050111563,374.88124022995606,0.025231042667566237,-0.14561995644442144,0.006869872461860669,374.9802360301701,1,-8,0
14:55:15:331,7.514914480038519,3.9001146774241255,372.76080535643393,0.09957359140658595,-0.08547376533736872,0.008600935244723164,372.85694688997893,6,-5,0
14:55:15:455,7.586584986966883,3.8475436012483657,371.9359149833012,0.08145496934998159,-0.13875974996196652,0.0075544699097211095,372.03317690495487,5,-8,0
14:55:15:575,7.470165761058506,3.8403595934574333,371.29496385209336,-0.05644340220447733,0.20901042260326202,0.005872628211741623,371.38995936916774,-3,12,0
14:55:15:698,7.5619658256999855,3.8473181886132566,374.6884071141273,-0.048815754167035465,0.12146059642528655,0.006182151309836584,374.78445486721495,-3,7,0
14:55:15:819,7.620405098687747,3.795611013020762,374.0478575530905,0.06636863563566495,-0.12388152780929043,0.0034513004774483105,374.1447273140267,4,-7,0
14:55:15:944,7.585749136282452,3.8582344458085673,373.0038232595212,-0.0739810927273471,0.17916870514945982,0.004650934571914466,373.10090019888395,-4,10,0
14:55:16:065,7.576439931769124,3.8832467770797185,373.8863136350816,0.11723790465303667,-0.0822258670143315,0.01217020237603499,373.98323167115666,7,-5,0
14:55:16:191,7.540139217110718,3.847995300331069,372.99988855483076,0.03876138551473258,-0.17155284723630948,0.005630491020576728,373.09593622707945,2,-10,0
14:55:16:353,7.579937376258186,3.8327626717433905,373.9017317602147,0.07339822481043394,-0.10702883188765742,0.00861437324666471,373.9981958962014,4,-6,0
14:55:16:476,7.508264215343586,3.8844576548537244,375.053299870428,-0.07050787964136263,0.21119887822649275,0.0031218791094705343,375.1485582892422,-4,12,0
14:55:16:603,7.599908287772042,3.8451731992087224,372.65175012372197,0.04365057313060427,-0.14952370154406083,0.005214946036543437,372.74907220969357,2,-9,0
14:55:16:727,7.534681321031472,3.88107129171762,373.6382430392103,-0.0048449575985800505,-0.13147727750643196,0.0008004272311413344,373.7343586003418,0,-8,0
14:55:16:848,7.54343768253992,3.767437691824434,371.3930580825462,-0.06344467178970305,0.20786762377026735,0.0029414989278447427,371.48876245552526,-4,12,0
14:55:16:969,7.581979891263231,3.8907715370219407,372.9463686646841,0.0631407339514836,-0.18050790778258705,0.007911742604698634,373.0437218643403,4,-10,0
14:55:17:091,7.4979056831583435,3.9003234095104724,371.45642674035383,0.032795677059501684,-0.13033706229591144,0.0067487775148110775,371.5525643553603,2,-7,0
14:55:17:256,7.641615254803524,3.848498026887438,372.54885278392715,0.06043950836224346,-0.17631046179718352,0.0026694947179413744,372.6470889882083,3,-10,0
14:55:17:376,7.600606761197111,3.883687317301986,372.68844362719017,0.049227800431582466,-0.14806341623468344,0.005206695387426858,372.7861696248591,3,-8,0
14:55:17:501,7.563595468982658,3.884313612131756,372.18751128800704,0.07287264331145185,-0.16788807469716896,0.0077677629561083905,372.2846215295714,4,-10,0
14:55:17:628,7.581373991590626,3.890494270314707,373.00230211411593,0.05884149366937565,-0.06945247099849126,0.002359185981667074,373.0996255153547,3,-4,0
14:55:17:748,7.424874866106416,3.886125063396191,370.3442461663805,-0.14541124074596276,0.19651668448543894,0.00765945813901653,370.4390522114675,-8,11,0
14:55:17:877,7.565761960542031,3.8473384454019626,371.92276212942795,0.08174048794162458,-0.1834805792129023,0.010471775762547932,372.01960130770004,5,-11,0
14:55:18:018,7.652594050020635,3.8877019947793414,373.19198545175755,0.04143994798888927,-0.16692867256355406,0.005532574810558537,373.2906835536074,2,-10,0
14:55:18:158,7.5933961733089195,3.8720783486669355,369.64104658070187,0.1336922821005991,-0.1864499964841827,0.0048901390195909165,369.73930812595466,8,-11,0
14:55:18:281,7.5069447025974245,3.8635363974911914,371.4482975541808,0.03212178297618914,-0.16149538654969248,0.006981725412295122,371.5442354392836,2,-9,0
14:55:18:402,7.578562831760865,3.859572107817234,371.3800342865027,0.02013645110251031,-0.1655803856554115,0.006840795363278332,371.4774027825842,1,-9,0
14:55:18:526,7.47807028552443,3.912471361478219,373.74422421044386,-0.032228693170251614,0.22577297211694078,0.0066994907691462526,373.8395031266976,-2,13,0
14:55:18:649,7.641615254803524,3.848498026887438,372.54885278392715,0.06043950836224346,-0.17631046179718352,0.0026694947179413744,372.6470889882083,3,-10,0
14:55:18:773,7.4214512150471545,3.77875124487057,372.6192355235857,-0.08312824039623538,0.2318667056261393,0.007183085751667319,372.7122906227931,-5,13,0
14:55:18:897,7.593823939587179,3.9259677403628532,372.9111767895537,0.059658417047077306,-0.12153564779231561,-6.436506023112044e-05,373.0091488948945,3,-7,0
14:55:19:017,7.534107716668278,3.8984838697833553,370.438202060851,0.07175014756036474,-0.18956107539912156,0.006487833392598315,370.53531883161315,4,-11,0
14:55:19:145,7.549106643380029,3.9076976610935876,374.442455490016,-0.102630211268333,0.1537933883683477,0.00396180026242179,374.53893200242385,-6,9,0
14:55:19:265,7.5325604879057595,3.879512270735861,370.8659326019174,0.10895313058254877,-0.13989553086118733,0.009918103213394775,370.96270708475896,6,-8,0
14:55:19:385,7.467946061256581,3.85271135201857,372.75235241013877,-0.08632430793340568,0.20336609841027103,0.007444606804831174,372.8470595705806,-5,12,0
14:55:19:511,7.64781691215413,3.9016552863188827,374.1041838747006,0.04979397229126022,-0.08560097249458183,0.006243996197086176,374.20268894016635,3,-5,0
14:55:19:634,7.468829167971976,3.8496024161156748,372.505381839452,-0.08580569645964992,0.17929883525742596,0.0075084631506609125,372.60013734197474,-5,10,0
14:55:19:757,7.547495072004464,3.8456980514795056,371.52084536748674,-0.04414202714768644,0.20504854517382226,0.00547304276112666,371.61740085461156,-3,12,0
14:55:19:879,7.615554087957738,3.8882751354584664,372.7157819672121,0.06437330977320267,-0.18536677184089176,0.008095258520674695,372.8138536522295,4,-11,0
14:55:20:007,7.540188939452782,3.966125766468598,371.32344567775294,0.13354619858672595,-0.13430818847672624,0.008360210908826018,371.4211705232178,8,-8,0
14:55:20:124,7.428559913520884,3.869211884783769,371.09402020187486,-0.08161218760276213,0.23652476451664123,0.010752704780356432,371.1885317902314,-5,14,0
14:55:20:249,7.5302651833707595,3.8890486091699947,372.53225338249854,0.07342267194241169,-0.14263468996122666,0.012846596172984394,372.62864812445446,4,-8,0
14:55:20:371,7.637354383266213,3.79569201179623,373.5966553572767,0.08413986321309865,-0.08760057537747828,0.0031325654169686887,373.69398891869776,5,-5,0
14:55:20:497,7.575066066657668,3.917745832596638,370.77317697592014,0.11914991742653314,-0.1684479087354332,0.00745959231991581,370.8712433219109,7,-10,0
14:55:20:622,7.548407605084314,3.851643837540003,372.470945897609,0.07327616267872798,-0.10650012132708357,0.005042645259491899,372.56733506237947,4,-6,0
14:55:20:743,7.544615163887754,3.9001248734073464,371.0585394250021,0.05026001138118605,-0.1815857408878764,0.00936679713652647,371.1557245580555,3,-10,0
14:55:20:909,7.531102087991701,3.8843553388609138,372.9572344980407,0.03954998948956355,-0.14368039531669272,0.005419568137734129,373.0534874243703,2,-8,0
14:55:21:027,7.667588863404756,3.926536135627949,372.45465541536464,0.08075464622449131,-0.14322767069630166,0.002420140932790955,372.55426443080825,5,-8,0
14:55:21:148,7.604383455982277,3.9234554091645806,372.05871538554686,0.08785065426191552,-0.19304680698909502,0.005225326197169001,372.1571010264841,5,-11,0
14:55:21:272,7.623848212406067,3.847714266518653,372.54303154873156,0.05678999699043222,-0.11258530848539794,0.004969540623188059,372.6408972753283,3,-6,0
14:55:21:396,7.538976011136052,3.8983652575074186,372.92351484927497,0.0881062378664595,-0.14636690736763988,0.011430448446303589,373.0200816826285,5,-8,0
14:55:21:521,7.571515778101084,3.864930886680966,371.02409922783994,0.05527617554797993,-0.1508829640442529,0.009179634417218318,371.12147303782746,3,-9,0
14:55:21:644,7.616262858061991,3.8611769348314096,373.6501247145096,0.056619598180215225,-0.1381829041916219,0.0036488802939712646,373.7476847371951,3,-8,0
14:55:21:764,7.615554087957738,3.8882751354584664,372.7157819672121,0.06437330977320267,-0.18536677184089176,0.008095258520674695,372.8138536522295,4,-11,0
14:55:21:894,7.521872115103057,3.9289030886100194,373.4460335964307,-0.12163399312320124,0.17901267156468162,0.0013035301121983045,373.5424404917092,-7,10,-1
14:55:22:012,7.594695482854772,3.945403984606943,374.7609131226845,0.04626175717057977,-0.10826826917720649,0.006701748491814914,374.85862350575223,3,-6,0
14:55:22:139,7.502038898376461,3.9876634764528025,370.74232649068256,0.11200864290512505,-0.17152451556788412,0.007262344991730294,370.8396617129269,6,-10,0
14:55:22:255,7.42953036480952,3.859223411602883,370.5315378390298,-0.09747293075107354,0.19077274394775665,0.011136098437712827,370.62610817390976,-6,11,0
14:55:22:382,7.547495072004464,3.8456980514795056,371.52084536748674,-0.04414202714768644,0.20504854517382226,0.00547304276112666,371.61740085461156,-3,12,0
14:55:22:505,7.608399149800209,3.9021395635127045,371.58773914690624,0.033252611224897026,-0.1255649681407707,0.006632036510385213,371.6861072398389,2,-7,0
14:55:22:624,7.62118462840921,3.911499058848963,374.5042237156857,-0.08507992943313142,0.1595469926567569,0.0034564860092814935,374.6021834705666,-5,9,0
14:55:22:750,7.46938448750256,3.845130085783083,371.34769253834844,-0.03631332528839261,0.20998038583617543,0.00553622931354038,371.44270821158204,-2,12,0
14:55:22:871,7.542453714378974,3.809910231722855,372.4374544687458,-0.10005069070645593,0.17447446473587142,0.007550801698677425,372.53330255853155,-6,10,0
14:55:22:996,7.504054604414822,3.8825404138862245,371.5520754540871,-0.044672028695210406,0.21952709298504777,0.00028930372130659413,371.6481262293826,-3,13,0
14:55:23:117,7.453318847273227,3.8778160401258366,373.9251556766941,-0.03403182345059877,0.18023784718473485,0.0018127683422744045,374.01953353657893,-2,10,0
14:55:23:242,7.465996706432238,3.905806684340397,371.1652289357982,-0.0861104282111547,0.22270052884648114,0.00553088807090608,371.260856546498,-5,13,0
14:55:23:365,7.55037152810896,3.9430764614015756,371.457555758161,0.056645824770414764,-0.18492403893248044,0.004395131318250698,371.5552067890049,3,-11,0
14:55:23:486,7.544615163887754,3.9001248734073464,371.0585394250021,0.05026001138118605,-0.1815857408878764,0.00936679713652647,371.1557245580555,3,-10,0
14:55:23:610,7.613631281914582,3.8373824794121396,373.8739036943928,0.08961268456327502,-0.0968013381985645,0.008554302078017804,373.97110683751276,5,-6,0
14:55:23:734,7.465356012807399,3.8301786596450347,373.4512106649582,-0.058148918698856265,0.10511916940778905,0.0025485272981796746,373.5454571482375,-3,6,0
14:55:23:859,7.560033487155306,3.7974646335546254,375.57775216097906,0.00579272850190031,-0.08735857715545783,-0.0010268986931737222,375.67302639697704,0,-5,0
14:55:23:980,7.540139217110718,3.847995300331069,372.99988855483076,0.03876138551473258,-0.17155284723630948,0.005630491020576728,373.09593622707945,2,-10,0
14:55:24:103,7.623848212406067,3.847714266518653,372.54303154873156,0.05678999699043222,-0.11258530848539794,0.004969540623188059,372.6408972753283,3,-6,0
14:55:24:226,7.640755810599329,3.8103416493962836,372.50553235889436,0.056459396203785206,-0.17748378632215214,0.002666233089775087,372.603370208625,3,-10,0
14:55:24:347,7.616162343331779,3.8115916193646635,373.25614388261886,0.02810613566787857,-0.180144900335536,0.0005120300030495242,373.35329529232104,2,-10,0
14:55:24:473,7.410263131071354,3.769993904663231,371.4722743687192,-0.055238826486154774,0.1572698436837959,0.0008405173870701382,371.565304459905,-3,9,0
14:55:24:594,7.615665463947652,3.7952913928077354,370.97840583413983,-0.08153442271847007,0.1807872001703461,0.0031065430217221655,371.0759763073525,-5,10,0
14:55:24:716,7.3947131950598255,3.7176217654367942,371.2024341268384,-0.13008150495458254,0.2226124789952389,0.002258774409701537,371.2946937360105,-8,13,-1
14:55:24:841,7.67060934763412,3.8741476875205185,372.5102017582045,0.022607576414305334,-0.16970522134260438,0.00026078542005843067,372.60930970925426,1,-10,0
14:55:24:962,err,err,err,err,err,err,err,err,err,err
14:55:25:085,err,err,err,err,err,err,err,err,err,err
14:55:25:206,err,err,err,err,err,err,err,err,err,err
14:55:25:339,7.742826250083392,3.762543167704551,373.0097693903788,-0.009970732822107968,-0.14546332879721105,-0.002128252065257368,373.1090941669626,-1,-8,0
14:55:25:455,7.453181784955407,3.598971382026547,364.87496499604276,-0.17594868298958746,0.18840671461980135,-0.0020660295751290395,364.9688241406266,-10,11,-1
14:55:25:579,7.491218224578873,3.704265150591257,370.36076721431306,-0.15363454635754162,0.2183742600033379,0.004687719743579901,370.4550415669474,-9,12,-1
14:55:25:702,7.526829665935861,3.7267897412980555,371.86766602912076,-0.12281773941794892,0.13845216984074976,-0.010004613255330514,371.9625023635333,-7,8,-1
14:55:25:823,7.623664393936469,3.8482427190646367,373.6873367957366,0.0075568838173331356,-0.17397036024587975,0.003413149112116735,373.7849046073243,0,-10,0
14:55:26:128,7.539274315675587,3.70041258963766,372.3606891827405,-0.09507926060898482,0.16224034212822294,0.0020456046029732784,372.45538868324354,-5,9,0
14:55:26:325,7.5500752254788335,3.629862532959216,371.6489582114589,-0.039145339296693483,0.20354826852046587,0.005444608006254988,371.7433626543738,-2,12,0
14:55:26:575,8.03249605765404,3.573838716328761,373.4016135600364,-0.05777735180086359,-0.11422748375519357,-0.0016875095769945854,373.50509812494573,-3,-7,0
14:55:26:699,8.170162434262645,3.516640282182307,371.61235147530664,-0.05864751283666458,0.188975727707611,0.0008802538668725577,371.71878898178306,-3,11,0
14:55:26:821,7.770622597847324,3.6313864649537515,371.65549108537226,-0.03370372610653414,0.1890402318265319,0.003186362573942107,371.7544533655585,-2,11,0
14:55:26:931,err,err,err,err,err,err,err,err,err,err
14:55:27:053,7.731230807646016,3.8842034031927963,371.83259135756333,0.08616380880583306,-0.14033870275219953,0.007631093075719467,371.93323992560704,5,-8,0
14:55:27:181,err,err,err,err,err,err,err,err,err,err
14:55:27:299,err,err,err,err,err,err,err,err,err,err
14:55:27:421,err,err,err,err,err,err,err,err,err,err
14:55:27:546,8.264966273566069,3.4217936359186907,371.6955443047464,0.0005409332328157396,0.21957393577827136,-0.005095937564181226,371.8031683501254,0,13,0
14:55:27:666,8.164555053609067,3.3324425514208857,369.9946989544963,0.01092592776475737,-0.18152585642679528,-0.00170239366982718,370.09977355709134,1,-10,0
14:55:27:800,8.525378017574832,3.2230622355854313,370.2571296555308,-0.004096871473635458,0.22233848911605258,-0.001264693748185623,370.36929173632836,0,13,0
14:55:27:912,8.305797572496747,3.2193373858330667,369.9258134625996,-0.004413436516171557,0.20201584685630677,-0.001002749293150019,370.03304970297603,0,12,0
14:55:28:120,8.136088005139573,3.435995998670984,369.97848539163164,-0.010163325076716174,0.16573197469400824,-0.0009528118735931729,370.08388461160536,-1,9,0
14:55:28:282,7.621093935793449,3.5132879528078367,371.5470057316279,-0.0703124560747097,0.2025418632903003,0.0029286240371703427,371.6417653240226,-4,12,0
14:55:28:407,7.824652811181664,3.5168756390806255,373.67805656307326,-1.2455235327028448e-05,0.13065529523766847,-0.0010016633545057415,373.77651553118164,0,7,0
14:55:28:528,7.448967305795715,3.6219697430624573,370.8572893012743,0.09872126990752216,-0.017961781715375522,0.0012609002045843635,370.9497739676243,6,-1,0
14:55:28:655,7.412483854937941,3.779449732526128,371.18546781590334,0.12456078243011182,-0.10751886887910206,0.00010188282959405634,371.2787102365168,7,-6,0
14:55:28:777,7.302504358995472,3.8605512440070338,370.65661916930134,0.16690186209827088,-0.11561985465104391,0.006254008100258164,370.7486476844349,10,-7,0
14:55:28:899,7.241430158375213,3.770147143512712,369.9369340467747,-0.1571446388712666,-0.009787268798695571,0.0010447758440559703,370.027009138725,-9,-1,0
14:55:29:025,7.237557204515643,3.917071912784323,368.2641993569811,0.20274090461181074,-0.07687252722925886,-0.002036227518932983,368.3561404601488,12,-4,-1
14:55:29:147,7.347443662193453,3.7392285287753255,370.53951929248626,-0.1759117173559684,0.0858501437111552,0.009915156172682708,370.63122118335673,-10,5,0
14:55:29:316,7.760157442199886,5.262397908677509,340.9878622550515,0.7481971515732062,-0.041807815015434756,0.13292507888026386,341.1167469951409,43,-5,6
14:55:29:430,7.305427543361844,3.883531362477108,369.7142921459411,0.16196069224393714,-0.08670716575876118,-0.00011579040911169652,369.8068535119501,9,-5,0
14:55:29:556,7.4886073300200415,3.91505567874344,369.3365526123395,0.16132674199331978,-0.09779432161378517,0.007236734734859286,369.4332091140134,9,-6,0
14:55:29:679,7.299980590625534,3.8280798601798804,369.2623521366171,0.12214322936800992,-0.0870694706333536,0.006478418637519372,369.354340190428,7,-5,0
14:55:29:803,7.317139972118714,3.882206304626746,372.93256684322364,-0.14378497563211284,0.08430644860197235,0.004213033266802716,373.02454540611495,-8,5,0
14:55:29:928,7.3087184217427135,3.9575233498882203,370.0498952136417,0.15422427167457783,-0.07807498705677883,-0.0002149602630723648,370.1432213396059,9,-4,0
14:55:30:047,7.195942264894357,3.882584962159173,369.6110657584463,0.163072303604371,-0.09010156792419714,1.7945269647101124e-05,369.7014957802613,9,-5,0
14:55:30:166,7.258997624746277,3.9137393008588153,373.101063485529,0.12817699427868365,0.03408231792577668,0.0034596658438790337,373.19219441979743,7,2,0
14:55:30:297,7.64592547002213,5.222168945580766,340.5419268695841,0.7500117883640817,-0.04124143880557035,0.12721216602207217,340.66777831318075,43,-5,6
14:55:30:414,7.210585013022059,3.8678156943505297,369.21911821978205,0.13404455927346784,-0.04463813734464513,0.0035516122171770025,369.3097748414857,8,-3,0
14:55:30:539,7.305427543361844,3.883531362477108,369.7142921459411,0.16196069224393714,-0.08670716575876118,-0.00011579040911169652,369.8068535119501,9,-5,0
14:55:30:660,7.317008641023959,3.876979363895246,370.69821460260573,0.10706554537457275,-0.060491288213472924,0.00418725831018618,370.7906901393297,6,-3,0
14:55:30:782,err,err,err,err,err,err,err,err,err,err
14:55:30:964,err,err,err,err,err,err,err,err,err,err
14:55:31:079,7.1696368446445335,3.906673664990203,372.0936914500947,0.1446056986733262,-0.08635431201093517,0.0012659049138969139,372.1832626658097,8,-5,0
14:55:31:207,7.101827648320056,3.884704847080079,368.92836898022387,0.19088970648046646,-0.061746929515699524,0.0006773461534239345,369.01716535427397,11,-4,0
14:55:31:365,err,err,err,err,err,err,err,err,err,err
14:55:31:494,7.209690031754946,3.8381686115585887,370.67621065413033,0.10039030178103901,-0.06749186879348641,0.004381401470453213,370.76618550449007,6,-4,0
14:55:31:616,7.037469905387045,3.8615167731833693,366.837736704808,0.19805365452297358,-0.09010115621800888,0.0020210812060457582,366.92555425476274,11,-5,0
14:55:31:726,7.698992734827556,5.297135275455445,341.5793604828771,0.7341693656830176,-0.037616795609459144,0.1246530813116951,341.7071752819199,42,-4,6
14:55:31:854,7.07332989030764,3.768160756900469,369.79988610112804,-0.159419096609681,0.10293060145611367,0.008169831422568302,369.8867215670688,-9,6,0
14:55:31:972,7.116127771511949,3.819929215603706,370.0391459318634,0.17506108654842953,-0.05409053251650743,-0.004368455816203637,370.1272762924338,10,-3,-1
14:55:32:097,7.160168127635106,3.910190020268779,369.80549709662034,0.1315440832672106,-0.08120599866823147,0.0013508273269884862,369.8954761503432,8,-5,0
14:55:32:217,7.151358594702421,3.841331775077033,369.0026502052561,0.17011427931389328,-0.10486030657587458,-0.002832722574061697,369.09193112022757,10,-6,-1
14:55:32:343,err,err,err,err,err,err,err,err,err,err
14:55:32:469,7.3165364258255785,3.8520362417635363,370.5948086530161,0.14452420696388377,-0.06504404089600806,0.0025876749654722736,370.68704062732473,8,-4,0
14:55:32:587,err,err,err,err,err,err,err,err,err,err
14:55:32:714,7.503897122034768,3.6082867895297692,373.47767659959254,-0.07185744362734751,0.10045591051940402,0.0024183379558860648,373.5704794597713,-4,6,0
14:55:32:837,7.5477656864629195,3.584632406039158,371.6586887312355,-0.08382213669730124,0.07619569225883596,0.00389057821047757,371.75260492129115,-5,4,0
14:55:32:957,7.439049796993133,3.6354080365486623,371.13564224512714,-0.1980610533499268,0.03219438956050187,0.0038033098883587576,371.22799005217445,-11,2,0
14:55:33:084,7.507556050607536,3.69758700827006,370.0972754923596,0.13470847258569504,-0.020390615795983454,0.0007891461048904656,370.1918811567918,8,-1,0
14:55:33:202,7.9002986449663055,5.020126142558614,338.2593559642486,0.7498838006394782,-0.043001875636068373,0.13518860936792168,338.38884184103216,43,-5,6
14:55:33:335,7.633754739016849,3.536682122374606,371.4446669474268,0.03455860836085362,-0.11257167887609158,0.0011313974751823968,371.5399345097846,2,-6,0
14:55:33:450,7.554275340890168,3.5095884487775244,371.0473339256332,-0.059012191043795396,0.13030795540446913,0.0006388446558858608,371.1408200404883,-3,7,0
14:55:33:569,7.895467550663071,5.129160655934287,341.01971502711285,0.7487738621199674,-0.04750718970018564,0.129697613686394,341.14966324774707,43,-5,6
14:55:33:734,7.945286229781666,5.168202371953918,341.6747616963835,0.7380762780183849,-0.03805146016819437,0.13880633691152622,341.806203380382,42,-5,6
14:55:33:858,err,err,err,err,err,err,err,err,err,err
14:55:33:983,err,err,err,err,err,err,err,err,err,err
14:55:34:115,7.393448987303997,3.787401709462383,371.9541561327211,0.12041268514045193,-0.10270835179584888,0.005360900360990634,372.04690801569814,7,-6,0
14:55:34:226,err,err,err,err,err,err,err,err,err,err
14:55:34:350,err,err,err,err,err,err,err,err,err,err
14:55:34:512,err,err,err,err,err,err,err,err,err,err
14:55:34:638,err,err,err,err,err,err,err,err,err,err
14:55:34:764,7.518985911788366,3.8855531484962316,372.7768561253688,0.05105640592582295,-0.003743906689353102,0.001657315016901794,372.8729235746749,3,0,0
14:55:34:884,7.950121930118442,5.3427546886196415,342.14695760974723,0.7383147361788481,-0.0387319792908973,0.12880261633179532,342.28101038178073,42,-5,6
14:55:35:051,err,err,err,err,err,err,err,err,err,err
14:55:35:216,7.210147172113269,3.9250705442717804,370.8618376267762,0.13607715513377505,-0.05831329898901982,0.0026188637829865392,370.95268567423847,8,-3,0
14:55:35:337,err,err,err,err,err,err,err,err,err,err
14:55:35:463,7.280626005608997,3.8956510940020825,372.3152508489114,0.10326251714702495,-0.07833726563960253,0.0032043902687853626,372.40680663377725,6,-4,0
14:55:35:583,err,err,err,err,err,err,err,err,err,err
14:55:35:705,err,err,err,err,err,err,err,err,err,err
14:55:35:829,7.414790520486315,3.731696580912652,372.57062837042315,-0.14440564026895822,0.10492424718424556,0.0042007463741591524,372.66308886468306,-8,6,0
14:55:35:947,7.410681655615715,3.885188641717581,372.52672563817515,0.060611342284640525,-0.022915822436208093,0.0018381208404130143,372.6206840851469,3,-1,0
14:55:36:075,7.459552228433651,3.8569664800385524,371.1743337339796,-0.16963122272211345,-0.04950551652136688,0.005241950930423111,371.26931886804294,-10,-3,1
14:55:36:197,7.478541253091571,3.731082806000912,371.19653924966764,0.08614590774233004,0.029224830741154412,0.003888879068406991,371.29061435634145,5,2,0
14:55:36:322,7.463960950901067,3.789518819664563,371.7764484909235,-0.19050320526458198,-0.020687001297185537,0.004491436487078168,371.8706748568452,-11,-1,0
14:55:36:487,7.4591698384834535,3.8046195174324193,373.90034821161595,0.10046651793409964,-0.06749714474636132,0.009614026598185551,373.9940971955566,6,-4,0
14:55:36:610,7.556753373619475,3.938244917945983,373.1656975007645,0.08852336982920238,-0.07880395626162315,0.008257456182057312,373.2629797954996,5,-5,0
14:55:36:733,err,err,err,err,err,err,err,err,err,err
14:55:36:852,8.038837198118536,5.247909569909873,342.8229257363351,0.7286483485965819,-0.04957873929042507,0.1297439572598504,342.9573178527797,42,-5,6
14:55:36:977,7.324731310482924,3.7827660699882286,368.3009332815698,-0.18868204648742787,0.11865285435564243,0.0004415951410143309,368.3931846057774,-11,7,-1
14:55:37:098,7.598452229025688,3.7420317801933556,372.8768365597898,-0.1017747773508739,0.10730344459003703,-0.00018275390209846043,372.973021170375,-6,6,0
14:55:37:221,7.38108541394207,3.7695316006531625,370.1368443027994,-0.18518654751228456,0.05377343126328192,0.007559788308807403,370.2296223977911,-11,3,0
14:55:37:347,7.495842083401994,3.693589312696117,372.7192614367381,-0.17231107855660632,0.07392050818068138,0.0008365681742933787,372.8129264074647,-10,4,0
14:55:37:468,7.774643285909412,3.6301523459141474,372.7786106204361,0.05163455208380399,-0.003174073730320595,0.0016298945972679502,372.8773466173299,3,0,0
14:55:37:590,7.728582530400096,3.6245934232536867,375.1147873769874,-0.08842460848043406,0.061330711209544274,-0.0010388454659768724,375.2119032950522,-5,4,0
14:55:37:718,7.469944240172606,3.4535098065948318,370.1224561254037,-0.10874681338442434,0.08830354887880916,-0.0058165562837005766,370.2139372379664,-6,5,-1
14:55:37:839,err,err,err,err,err,err,err,err,err,err
14:55:37:962,err,err,err,err,err,err,err,err,err,err
14:55:38:084,7.899425807394451,3.463598755486325,370.6944919178235,-0.09027754360536695,0.17254761333608717,-0.001411325943528681,370.7948270710351,-5,10,-1
14:55:38:208,7.870197844761676,3.4922338027496758,371.84479897431487,-0.015062474468038748,-0.048582745090598685,-0.006522419273719965,371.9444719784089,-1,-3,0
14:55:38:327,err,err,err,err,err,err,err,err,err,err
14:55:38:450,7.74141964444875,3.4277682177891506,371.2717563112362,-0.12628000286315794,0.1445410845403812,0.0025064801708332383,371.36827571495155,-7,8,0
14:55:38:574,7.600924097078017,3.519100398892572,368.96543683667323,-0.07403878601734913,0.18783050892125833,-0.005764600730885479,369.0604986920493,-4,11,-1
14:55:38:698,err,err,err,err,err,err,err,err,err,err
14:55:38:823,err,err,err,err,err,err,err,err,err,err
14:55:38:947,7.355409884615799,3.49066737294196,369.2492290383972,-0.05087503307207523,0.18220373512601093,-0.003288931889319169,369.3389770369896,-3,10,0
14:55:39:064,7.628662928717542,3.5575673766596636,371.7188192741961,-0.04209997103468108,0.16577132978565118,-0.002077852284621122,371.8141113329642,-2,9,0
14:55:39:189,7.715304272752264,3.6328374865253648,373.76655989048254,0.020084931540358897,-0.1030421424151206,0.0027477934138337465,373.8638317898514,1,-6,0
14:55:39:312,7.649710111319396,3.6487643892738615,372.5895638149641,-0.007233702733774163,0.1465790151532717,-0.0031669256353716326,372.6859463545424,0,8,0
14:55:39:438,8.093771840897514,3.4487201141200976,369.86536391895373,0.04331689094320905,0.165343921009182,-0.0026783647926364048,369.9699855933426,2,9,0
14:55:39:558,7.814523173622745,3.474027451042014,372.02499418646744,-0.11800455479155542,-0.09466701866650111,0.0012565389379129328,372.12327519063194,-7,-5,0
14:55:39:686,7.534553109904164,3.4300429689888774,371.49649410178387,-0.12708597361828633,0.10750054000106496,8.397722566696896e-05,371.5887240152099,-7,6,0
14:55:39:806,7.41991078042881,3.5880480892142734,371.7930691544815,0.07229516162672134,-0.09104978601301689,0.004460612998205739,371.8844113920199,4,-5,0
14:55:39:927,7.410646723824857,3.7112620889694097,374.04774342838033,-0.15891377214341101,0.08135132971939489,0.0007115192185829311,374.1395535291902,-9,5,0
14:55:40:056,7.3063539614724755,3.7314404817386664,372.579629751,-0.146765635598792,0.10125972462025873,0.004283263051702089,372.6699437326162,-8,6,0
14:55:40:174,7.43833401716458,3.8465962860121157,372.9173544648386,-0.13553200763916004,0.02511411808248504,0.0015159535392586516,373.01136494347264,-8,1,0
14:55:40:301,7.5654904579461615,3.570630318318815,370.7608410143908,-0.10294335655708328,0.0860051645818985,0.00629598306582897,370.8552106637275,-6,5,0
14:55:40:419,7.579382221765204,3.5352352786363337,371.2777697385631,-0.13578980032676932,0.07137643094919575,0.0052822512774464495,371.37195266387636,-8,4,0
14:55:40:541,7.446806719334618,3.679075672468449,372.78070524442,-0.04310254320528105,0.11431759670071813,-0.0002465164532069334,372.8732287663544,-2,7,0
14:55:40:668,7.428755151382632,3.7085268314710267,370.9460938289898,-0.17058327483739497,0.05568723213546525,0.0020976973265136867,371.0390061723223,-10,3,0
14:55:40:787,7.543550647643513,3.732566858298429,375.07407778106574,-0.09879569103900834,-0.056453594329949904,0.007377519500637038,375.16849685846785,-6,-3,1
14:55:40:916,7.441332832823796,3.6686568240855864,370.4238216937713,-0.14896897984927798,0.11351737276808903,0.0026047493288937954,370.51672048025125,-9,6,0
14:55:41:034,7.36533154017262,3.837081724383533,370.607117286798,0.09951695515898787,-0.0972905526547314,0.006842744755210219,370.70015738934705,6,-6,0
14:55:41:157,7.348415475405725,3.6175677085125915,369.4351274476745,-0.1740651727361824,0.10180051672043164,-0.002310595657447237,369.5259116738695,-10,6,-1
14:55:41:284,7.380416389224785,3.7578811651461193,371.8886014503878,-0.15805476793754206,0.04769747620606332,0.0071035234975157764,371.9808114750747,-9,3,0
14:55:41:405,7.318097447924317,3.713848991382249,371.34344046851805,-0.16725413053803054,0.11374186646210112,0.006770518591952244,371.4341099085865,-10,7,0
14:55:41:534,7.441471957230299,3.870430550593614,374.3507897292259,-0.09782468427424974,-0.031766972977999505,-0.002969898158634525,374.4447482719344,-6,-2,0
14:55:41:684,7.830843776514922,5.327371208961324,341.1161542951381,0.7408630881079673,-0.045535429359079435,0.13118191470885038,341.2476134998671,42,-5,6
14:55:41:814,7.379983349805028,3.927329196396079,371.65305928604687,0.11328506842674006,-0.0747415362294086,0.008014220589921095,371.74707066167736,6,-4,0
14:55:41:938,err,err,err,err,err,err,err,err,err,err
14:55:42:058,err,err,err,err,err,err,err,err,err,err
14:55:42:186,err,err,err,err,err,err,err,err,err,err
14:55:42:305,err,err,err,err,err,err,err,err,err,err
14:55:42:427,6.997545704116544,3.929202823225702,371.38835127923636,-0.19984872073209534,0.07622014203215748,0.003213769930630379,371.47504861917264,-11,4,0
14:55:42:553,7.344272008898185,3.929416393725224,371.85497949001274,0.11198054430760379,-0.06562251939197748,0.007774971503890035,371.9482550248808,6,-4,0
14:55:42:672,err,err,err,err,err,err,err,err,err,err
14:55:42:804,err,err,err,err,err,err,err,err,err,err
14:55:42:919,7.08842689681109,3.7957548040462967,372.2397985803124,-0.18384010845387438,0.08502808414920056,0.008343237241914972,372.3266324042848,-11,5,0
14:55:43:043,7.253707341504438,3.9159548279764573,372.97154259826885,-0.1696173176024158,0.04504019968841815,0.003621363044588281,373.0626255208946,-10,3,0
14:55:43:168,7.414474515035112,4.019647781274015,372.5530090896612,0.13716672158470994,-0.03488422688290221,-0.0015154684973305386,372.6484624715105,8,-2,0
14:55:43:315,7.449287865165144,3.959911175456951,370.6794633112235,0.13777892894737884,-0.030114216611680664,-0.00032364200122036925,370.77545402428177,8,-2,0
14:55:43:454,7.368127931481285,3.8821533888519784,369.3955421505006,0.16825649522633948,-0.06525041379652778,0.004727764511575564,369.4894139008742,10,-4,0
14:55:43:580,7.412850034745531,3.971422691258552,372.39634674480436,0.10830992032881791,-0.03778066285978422,0.00019719445783291016,372.4912906534954,6,-2,0
14:55:43:698,7.4513697181437415,3.878453412028883,372.1766126116148,0.05249729710502273,-0.05920049690594995,0.0018994760811865956,372.27140138157506,3,-3,0
14:55:43:827,err,err,err,err,err,err,err,err,err,err
14:55:43:948,7.860875453643026,3.722255473751828,373.08848120455565,0.1019937125894228,-0.03620954086156621,-0.005125171897521748,373.1898489458571,6,-2,0
14:55:44:071,7.779682950923354,3.6058674010533727,371.5442073262146,0.01596234150667164,0.1118313048872725,-0.0075466836587830205,371.643140316347,1,6,0
14:55:44:192,7.7114178059791225,3.5896438221559346,371.3496960908905,-0.041303512405960856,0.11653674751144766,0.0033952491357633783,371.44710026347633,-2,7,0
14:55:44:317,7.318097447924317,3.713848991382249,371.34344046851805,-0.16725413053803054,0.11374186646210112,0.006770518591952244,371.4341099085865,-10,7,0
14:55:44:442,7.354100747422758,3.683423576831712,373.4109938030531,-0.05762039327298105,0.10584130365441938,0.0021168071168700515,373.5015671988986,-3,6,0
14:55:44:561,7.279460823468237,3.7726978358033563,372.8095608936004,-0.13175467525985404,0.07043597309591225,0.0018966587185166098,372.8997083567106,-8,4,0
14:55:44:685,7.281396807221354,3.827500458510227,371.6722719243521,-0.16500131460572484,0.12596268378753767,0.0015971391080503111,371.76329326149676,-9,7,-1
14:55:44:808,7.377150905684537,3.858666016255236,374.0902273090201,-0.15596299909327388,0.07025498561154303,0.0004922641551245334,374.1828561372429,-9,4,0
14:55:44:932,7.408296353996565,3.8016419298259283,370.94085120349007,0.0900280314322352,-0.11100423372717215,0.0017203277021868026,371.0342981825279,5,-6,0
14:55:45:053,7.403957870057958,3.523961314303159,370.05928953230483,-0.11574906833872084,0.07984902047344895,0.0014417199281457915,370.15012449631905,-7,5,0
14:55:45:176,7.38024051191266,3.621912865895504,369.17148656770814,0.15702866379047936,-0.10882383635181593,0.007489131735826744,369.26301290196034,9,-6,0
14:55:45:345,7.370162211226973,3.522606601753894,370.40380646826003,-0.15402716823625823,0.1066165343333966,0.0028983661552506616,370.4938702522172,-9,6,0
14:55:45:460,7.334513485731268,3.526853573567763,373.53227436901585,-0.12240622190014956,0.06802758960991141,0.006941024460644456,373.62092256656547,-7,4,0
14:55:45:584,7.366777344725345,3.5153976679811545,372.41805283255184,-0.11485885367408827,0.12262583866800776,0.0001203380343875229,372.50749456192176,-7,7,0
14:55:45:712,7.465178531044861,3.5288744658351887,370.3383801282217,-0.10708928285366628,0.15458179681385645,0.003550820522594036,370.4304221328092,-6,9,0
14:55:45:831,7.51590034884318,3.6063666978190247,370.61018656166334,-0.09569249766658157,0.13244774095948997,0.008500416104794697,370.7039317596777,-5,8,0
14:55:45:957,err,err,err,err,err,err,err,err,err,err
14:55:46:075,err,err,err,err,err,err,err,err,err,err
14:55:46:199,7.338018408205778,3.607336231258922,368.9574394223538,-0.23158293947786576,0.1471634882771096,0.005791407762912525,369.04803412827494,-13,8,-1
14:55:46:329,7.345875996872294,3.70159589457347,370.4980640509151,-0.1848234033584161,0.06333594944538114,0.0024818216889902853,370.58936732157355,-11,4,0
14:55:46:446,err,err,err,err,err,err,err,err,err,err
14:55:46:573,7.376603646258818,3.7398392463603134,369.9912708950734,0.1552466774199694,-0.05131224992232506,0.007535004019071523,370.0836948819742,9,-3,0
14:55:46:692,7.421491792587494,3.644364866256799,371.25874368923564,-0.13368363608048286,-0.034513004060014896,0.003878743511783551,371.35079736202994,-8,-2,0
14:55:46:817,7.450747548110536,3.730160503925051,370.9846062447495,0.09127311571250675,-0.015826453691528183,0.0012976578466034822,371.07816670747764,5,-1,0
14:55:46:937,err,err,err,err,err,err,err,err,err,err
14:55:47:061,7.498613002349035,3.5839397505436064,369.78150622231675,-0.19043051421644913,0.108015233110365,-0.003408091121526185,369.8748925855063,-11,6,-1
14:55:47:189,7.451642981638013,3.502570887399211,368.91878619661924,-0.17661299609934883,0.09832528124814885,0.0031248905280633478,369.010658104524,-10,6,0
14:55:47:306,7.491686811258382,3.5911400419741213,369.62381654422734,-0.11762087608602956,0.13816138868433495,0.0038983400974411464,369.71717219355617,-7,8,0
14:55:47:473,err,err,err,err,err,err,err,err,err,err
14:55:47:594,7.492064814680653,3.8360001161461508,370.925897170695,0.08326213668177396,-0.034129439694234355,0.0016999348245924188,371.0213836478478,5,-2,0
14:55:47:717,7.600368031409776,3.7631065384114795,373.45651235349044,0.101850909779206,0.005275051195861998,-0.0026363972938581955,373.55279838901635,6,0,0
14:55:47:846,7.561809337650498,3.811139695495066,373.7526879105138,0.12563395108306247,0.031342349559508355,-0.0018483993458507221,373.8486023333129,7,2,0
14:55:47:965,7.425546744110904,3.7860589090103804,371.093304947017,0.14604913409892198,-0.030943138487827905,0.00493557478980508,371.1868989646741,8,-2,0
14:55:48:090,7.6555768656141945,3.68799142806056,374.35839082108845,-0.09488247504102049,0.14209074562524085,-0.0016503991770331701,374.4548222630783,-5,8,0
14:55:48:207,7.682324040482481,3.586445078032168,370.90119771861606,0.09950874456620837,-0.054510403630332036,0.004021820694573033,370.99808511643914,6,-3,0
14:55:48:332,7.669318020684521,3.5766404557003604,371.16213789681615,-0.09574555672692428,-0.01584017091282105,0.0021348984720389215,371.2585937106196,-5,-1,0
14:55:48:463,7.5843189600489005,3.5338079407568173,371.09656042769166,-0.13055469102188344,0.02862287103774585,0.0031910536807852347,371.190876576881,-7,2,0
14:55:48:580,7.531969133673231,3.4975181523499694,373.2722062463915,-0.06506665241448836,0.1163873497471519,0.0024502494694707486,373.36457136196685,-4,7,0
14:55:48:706,7.549214915020935,3.570173269144471,373.58921916467165,-0.08705035887883973,0.07792521302931685,0.0028376292588203336,373.68254101452743,-5,4,0
14:55:48:825,7.614021280468454,3.6949460135194196,368.71206439332747,0.17350048175239616,-0.0882733009166327,0.002063136162886588,368.8091815224934,10,-5,0
14:55:48:945,7.607435271874983,3.6118299059673586,370.9334596789741,-0.0870483958462638,-0.08204779834551747,-0.00011074002947849351,371.02904184995884,-5,-5,0
14:55:49:073,err,err,err,err,err,err,err,err,err,err
14:55:49:193,7.479999112543378,3.6956105549708687,368.547812547398,0.07544387371054297,-0.14514383328918581,0.002484751696255856,368.64223585689376,4,-8,0
14:55:49:322,7.522090464196947,3.6460464354564994,371.90443425335695,-0.1836724110020873,0.06483940709606238,0.006082206069453672,371.9983652072554,-11,4,0
14:55:49:437,err,err,err,err,err,err,err,err,err,err
14:55:49:563,7.401532752415373,3.6346723783773975,371.5249131294003,-0.012262278198067023,0.17602602588151717,-0.002480794109556719,371.61640788074965,-1,10,0
14:55:49:685,7.5220681775021,3.730676760437624,372.49321593987196,-0.14549272131980778,0.10813873588834809,0.004162756193059627,372.58783579175787,-8,6,0
14:55:49:809,7.502336169275313,3.6653247179682236,370.1513739421879,-0.15024715078334583,0.1485556720442066,0.004992173551522183,370.2455391825462,-9,9,0
14:55:49:934,7.718709067429947,3.5075761699709402,371.73883896208514,-0.11369571697632402,-0.016396540906449233,0.003891400978972614,371.8355092687287,-7,-1,0
14:55:50:054,7.608580706040596,3.631459682368272,373.7606154926253,0.015366361081619238,0.12168164854550399,-0.0010525475149466299,373.8556883253364,1,7,0
14:55:50:216,7.762840813212022,3.6346976052268656,373.96867288820783,0.018134988507680385,0.11047450555607215,-0.0009426679536738993,374.06689378497543,1,6,0
14:55:50:385,7.5843440531155215,3.7549661560343437,371.2819264551376,0.041439669319619496,-0.09220575977805033,-0.0041306808595895795,371.378366302868,2,-5,0
14:55:50:504,7.518985911788366,3.8855531484962316,372.7768561253688,0.05105640592582295,-0.003743906689353102,0.001657315016901794,372.8729235746749,3,0,0
14:55:50:628,7.299566424911112,3.8232139042966105,371.5592735595465,0.13214734803835054,-0.05613340831878426,0.007834062299651234,371.6506348745386,8,-3,0
14:55:50:754,7.4590163370215965,3.8889225368225953,373.76553196809584,0.019510707819269477,-0.10370359235721188,0.002799983613584467,373.8601791186205,1,-6,0
14:55:50:873,err,err,err,err,err,err,err,err,err,err
14:55:51:001,7.583383617640029,3.7938132442269366,374.0831855151742,-0.09838510189914255,0.14918607245580928,0.009086002986996956,374.17927576391054,-6,9,0
14:55:51:121,8.144077628937485,5.350730445923982,344.47900623439307,0.7437252266086556,-0.045158507709735965,0.1323621062967487,344.61680465840044,42,-5,6
14:55:51:241,err,err,err,err,err,err,err,err,err,err
14:55:51:366,7.585597685747316,3.870223726630664,373.2811822911486,0.10071467064172855,-0.06443477642685053,0.0006027829953412499,373.3783081227696,6,-4,0
14:55:51:488,err,err,err,err,err,err,err,err,err,err
14:55:51:616,7.5869500132331975,3.833693593081449,374.25772536412455,-0.09195717977931928,0.14773226862851452,0.008973270034260185,374.3542493572063,-5,8,0
14:55:51:734,7.540715506048414,3.76385938094261,374.29358491340383,-0.07560901558435572,0.16873538791603848,0.003538835764277083,374.3884570003596,-4,10,0
14:55:51:858,7.481418498499799,3.803036266606909,370.4680339027687,0.1124057448168592,-0.13043506057274046,0.00465632121286841,370.56308349777345,6,-7,0
14:55:51:987,7.5456985792861655,3.749908567530276,369.4293514755005,0.10024586972820942,-0.17505682292294075,0.0035047888545985846,369.52543229515766,6,-10,0
14:55:52:105,7.620405098687747,3.795611013020762,374.0478575530905,0.06636863563566495,-0.12388152780929043,0.0034513004774483105,374.1447273140267,4,-7,0
14:55:52:231,7.508997652409289,3.7755694943881712,374.80625906739533,-0.04836716887868891,0.17600370976749985,0.0008183655834537721,374.9004825374946,-3,10,0
14:55:52:348,7.540856878754661,3.7129965476595888,372.8133464141379,-0.05751922498499134,0.1767244726048481,-0.0006872693632752827,372.90808804628625,-3,10,0
14:55:52:475,7.578356677601686,3.7894413058857515,372.5759766244381,0.1037619463882094,-0.09167626402288148,-0.0020359446569594313,372.6723087552891,6,-5,0
14:55:52:626,7.6118741111690404,3.8092376118113656,373.39837371419026,0.012566127549830613,-0.16512339284192884,-0.0016657734617656498,373.49537669303163,1,-9,0
14:55:52:808,7.572896158457898,3.8056143676003713,371.07204331871134,0.09804776431343208,-0.15395196528120153,0.004760975691479229,371.1688197972255,6,-9,0
14:55:53:022,7.538527317778145,3.7436691700933786,371.962402320026,0.09812275473774494,-0.11058293191477266,0.002028965028880856,372.0576207963773,6,-6,0
14:55:53:137,7.456640059192476,3.7575362699766526,371.4656514739102,-0.12442753756519095,0.13477388019607303,0.0027262936892377037,371.559484853676,-7,8,0
14:55:53:261,7.561485846540594,3.8460193305547343,373.0696754395476,0.028141196503467705,-0.12424966552879996,0.0028315140233880496,373.16611671676174,2,-7,0
14:55:53:386,7.57517378782298,3.8755963170395455,375.86613076373914,0.01021697020928537,0.14233904642525572,0.0026075763638197225,375.9624339745031,1,8,0
14:55:53:501,err,err,err,err,err,err,err,err,err,err
14:55:53:636,7.966454652473332,3.6287898495742543,371.57503950342516,-0.041481262587654444,-0.14823021973962208,-0.002657348443299157,371.6781436908475,-2,-8,0
14:55:53:752,8.173294242123822,3.419526371084401,372.0829701193487,-0.027262929163458568,-0.16629774345237477,0.007488728385503597,372.18843688675634,-2,-10,1
14:55:53:884,err,err,err,err,err,err,err,err,err,err
14:55:54:001,8.175617205898952,3.3692058510974303,373.0667123802683,0.020540242836876624,0.12860485842649438,-0.0034359018580670943,373.1714942904754,1,7,0
14:55:54:120,7.467052694932689,3.7088758286636216,370.97661637945475,-0.17085172290699163,0.05019874127591211,0.0022439018762701966,371.0702932548097,-10,3,0
14:55:54:238,7.280120089064095,3.7946113785972724,371.6139542781789,-0.13164971009685006,0.1242162039245633,0.0025652633826504533,371.70462767941183,-8,7,0
14:55:54:358,7.695454120586166,5.240173086118424,339.9794948896068,0.7389997956850247,-0.03600555998317365,0.12379817616712123,340.10694843458685,42,-4,6
14:55:54:482,7.218223778783513,3.8074460090505573,372.76699761054465,-0.1404431777706396,0.01621824205746322,0.0016732219940474478,372.8563180465261,-8,1,0
14:55:54:604,7.679496619867701,5.202433167989357,341.5033234854234,0.7463024598786868,-0.06221347639558704,0.13035211859754478,341.62927264915646,43,-6,6
14:55:54:725,7.820279960372353,5.153010973210011,343.2416480678754,0.7276791137482902,-0.06454477564924556,0.13036438357859914,343.36939186406795,41,-6,6
14:55:54:856,7.438185646100167,3.5413433837337234,371.02833601707346,-0.0822652431376667,0.16033072570228443,0.0009333184182338562,371.1197836902066,-5,9,0
14:55:54:974,7.68763416936666,3.4808143729267873,372.86133175819884,-0.13535464198882563,0.047706227862227106,0.0015920521876741998,372.9568185572137,-8,3,0
14:55:55:125,7.439176710958333,3.5361451646660598,370.6741131088858,-0.08728081705137668,0.12952760413383332,0.0011095464834014982,370.76561841926707,-5,7,0
14:55:55:262,7.479966087355467,3.509173566315701,369.95395790067,-0.004044007639687754,-0.20814691923160075,-0.0021719241642819773,370.0462067879594,0,-12,0
14:55:55:383,7.597242474477066,3.512761362893011,372.02689693412214,-0.10226696681576113,0.03548093418646213,-0.0025697974414348296,372.12104163570297,-6,2,0
14:55:55:512,7.563640779646935,3.469235354125769,373.38736372836695,-0.0329841300606858,0.11576198258737572,-0.005908711619248834,373.4800766410514,-2,7,0
14:55:55:630,7.618095551611853,3.5378700719235843,370.5917659181651,0.0725258766248233,-0.10664441286420454,0.0029710639663647308,370.68694186715476,4,-6,0
14:55:55:756,7.530020145849397,3.436165923941243,371.9086677484491,-0.11639035684424989,0.013032422446848607,0.0007303561840873819,372.0007601955674,-7,1,0
14:55:55:876,7.377272022340336,3.4253445193492444,371.1069288276618,-0.128768616896231,0.12528107385946077,0.0005232946676352188,371.1960529847631,-7,7,0
14:55:56:005,7.4909669307065965,3.499858842709095,371.3272468786856,-0.13432592879581828,0.13234237656220443,0.002553474845808256,371.4192885028727,-8,8,0
14:55:56:122,7.3913313941859435,3.5413222921640553,369.2192623954434,0.012342817862967481,0.16768398783502556,-0.00380491081678597,369.31021711725083,1,10,0
14:55:56:246,7.69528453444271,3.680457967191919,370.2472007077589,0.07640476231834066,-0.03517726006050555,0.0001285047991959684,370.3454506360863,4,-2,0
14:55:56:367,7.578514485892407,3.528759078505239,372.1229760606249,-0.028225424496180356,0.11025007620525278,-0.002285151547438069,372.21686599973333,-2,6,0
14:55:56:491,7.535677404921653,3.518785032863565,369.7654937709628,-0.1282204967409758,0.1186074334641538,0.003700816754195484,369.85901187579907,-7,7,0
14:55:56:616,7.330457576569928,3.649725544362147,371.9952544421564,-0.16071159045262526,0.08863799101817667,-0.0008593780141092973,372.08537384895385,-9,5,0
14:55:56:737,7.3148896184445995,3.6751880583301006,371.1836255708071,-0.17071647622443192,0.11456721956011896,0.006829521365118305,371.27388611277695,-10,7,0
14:55:56:859,7.27667543107242,3.7554989225017854,371.44363085786637,-0.1362414792898589,0.12546700761938714,0.0026424185325023223,371.5338809346477,-8,7,0
14:55:56:984,7.304565896743821,3.607822196553677,368.99822102572705,-0.2285585154163153,0.12734195299110448,0.003480493111144117,369.0881469027326,-13,7,-1
14:55:57:106,7.371863572582464,3.6375331636415846,370.74851654689803,-0.14009131410496636,0.1019095063160956,-0.004806004702124084,370.83963992779263,-8,6,-1
14:55:57:239,err,err,err,err,err,err,err,err,err,err
14:55:57:351,err,err,err,err,err,err,err,err,err,err
14:55:57:474,7.431949742392458,3.7362736698075505,372.8612361532594,-0.13594518680288703,0.047187368203196536,0.0015385394795425233,372.9540119688295,-8,3,0
14:55:57:600,err,err,err,err,err,err,err,err,err,err
14:55:57:721,7.366362699505706,3.7055357547517844,370.67227078558375,0.13854695131634076,-0.09522036160955798,0.005198306262535056,370.76397697725645,8,-5,0
14:55:57:850,7.388718777391581,3.697860317115223,370.46517324457943,0.12366421866187724,-0.08745637298830171,-0.003702355867271886,370.5572991093719,7,-5,-1
14:55:57:965,7.460228105417765,3.688663918345505,371.58673845495053,-0.10874594153553317,0.11906703868489354,-1.1887038435947623e-05,371.6799233755775,-6,7,0
14:55:58:088,err,err,err,err,err,err,err,err,err,err
14:55:58:242,7.47860042085665,3.662446779987223,372.16278173187794,-0.08924228972660303,0.09827926868955508,0.0026640210580583987,372.2559322389376,-5,6,0
14:55:58:373,err,err,err,err,err,err,err,err,err,err
14:55:58:503,7.336578813729477,3.8393930259358946,368.81586106590686,0.16929724733034193,-0.019910005617171843,-0.0005021220733474456,368.90880404414855,10,-1,0
14:55:58:621,err,err,err,err,err,err,err,err,err,err
14:55:58:744,err,err,err,err,err,err,err,err,err,err
14:55:58:872,err,err,err,err,err,err,err,err,err,err
14:55:58:990,err,err,err,err,err,err,err,err,err,err
14:55:59:116,7.938925659873135,5.173490170560335,344.42276595820715,0.7299687763431094,-0.03976539365841875,0.1347605317062658,344.5530920648947,42,-5,6
14:55:59:236,err,err,err,err,err,err,err,err,err,err
14:55:59:360,8.09692711824551,5.029942035327799,341.6088059301645,0.734041660569125,-0.021351526288143415,0.129038122844098,341.74176922739446,42,-4,6
14:55:59:485,7.569073161419045,3.479059242258106,372.2197845351558,-0.09894678817381376,0.02842178212904554,0.0006943771424151924,372.3129902664314,-6,2,0
14:55:59:609,7.6133794234424865,3.5349406682784434,375.02268322562463,0.01107300392264409,-0.05698916154029385,-0.0015002464113472328,375.1166115830126,1,-3,0
14:55:59:733,err,err,err,err,err,err,err,err,err,err
14:55:59:850,err,err,err,err,err,err,err,err,err,err
14:55:59:975,7.437972246824239,3.4888581520331226,372.6852425758019,-0.07476672824682735,0.159675056769074,0.004745632180383543,372.7757846160797,-4,9,0
14:56:00:099,7.640321899363023,3.520329059741184,374.0365939481682,-0.0022289509739739444,0.15981600820877018,-0.0013639345557206158,374.1311813358539,0,9,0
14:56:00:219,7.728296414016086,3.501147386109931,373.80933992239477,0.07036942621922826,-0.02897699196412093,-0.0020826039552730943,373.9056127041939,4,-2,0
14:56:00:349,err,err,err,err,err,err,err,err,err,err
14:56:00:465,8.452452935064038,4.833202981174923,342.19038387846194,0.7253433755893389,-0.031818167429318686,0.13019997353792934,342.3288808011469,41,-4,6
14:56:00:591,7.861714070374869,3.3576425413688797,370.93036872742624,-0.08653456911761348,-0.0814695014935319,-0.00011840283328300568,371.0288651248368,-5,-5,0
14:56:00:716,7.809984091624197,3.426367593510519,369.6582783475195,0.09727221232952205,-0.08247344940145819,0.0029048083151711327,369.756647806702,6,-5,0
14:56:00:839,7.616936654032577,3.4661469882445597,371.32722864644757,0.04822354321390139,0.17427892767668823,0.0021776683884417365,371.4215161150291,3,10,0
14:56:00:966,7.5132714954237585,3.508167298127254,373.08346327753276,-0.007153238017277872,0.15433177764426642,-0.0006831941177373332,373.1755981538902,0,9,0
14:56:01:084,7.413321147773978,3.5550934397724836,371.6242141005238,-0.047026761380556066,0.15523434336913775,0.0007569625408523396,371.7151497122998,-3,9,0
14:56:01:207,7.667509529247248,3.520936426394509,371.5045720701371,-0.031473476548647385,0.13919431760240733,-0.0019490029568341699,371.6003697047616,-2,8,0
14:56:01:331,7.670814613875493,3.8520398865825825,374.47318250853664,0.11216198312973198,-0.024513586850237336,0.0013077046010037336,374.57154727261394,6,-1,0
14:56:01:452,7.608558689707082,3.887594034283341,373.7549124749797,0.014767421808429418,0.12172764743646658,-0.001088871475350047,373.8525620507232,1,7,0
14:56:01:577,err,err,err,err,err,err,err,err,err,err
14:56:01:695,7.6399753000332895,3.783031785296001,375.00357082004496,-0.025704671901754718,0.10321864768986619,-0.0018307868981940272,375.10046478224757,-1,6,0
14:56:01:823,7.743373717919804,3.736879767359988,375.7085348115949,-0.11900504733559993,0.04862836262864935,-0.0021448746299350097,375.8069015295043,-7,3,0
14:56:01:944,err,err,err,err,err,err,err,err,err,err
14:56:02:064,err,err,err,err,err,err,err,err,err,err
14:56:02:191,8.422506390902464,5.375380440418257,346.6543956602979,0.7238564663652741,-0.026865221088020492,0.12974444937107565,346.79836124092395,41,-4,6
14:56:02:314,7.765025534102052,3.792012464701535,374.4132272390032,0.03792192024686822,-0.10263490923036052,0.0013845045743264843,374.51293664118356,2,-6,0
14:56:02:482,8.193630864261575,5.1992221150722955,343.84986424832067,0.7331612228637101,-0.046098742735596054,0.1263768495944224,343.9867681189644,42,-5,6
14:56:02:600,8.181539465764295,5.182005798257179,345.0272900225947,0.7291016059614978,-0.0335761316718645,0.12685457105691278,345.16318116574763,42,-4,6
14:56:02:722,7.515486078479534,3.826979100285267,373.1959106016223,0.08236897093166716,0.03631054513763425,0.002410860681709295,373.29119463202437,5,2,0
14:56:02:852,7.424908287981147,3.852908601386462,370.6371798548571,0.1453631095570781,-0.0607923788591689,0.002435577130518137,370.7315649611417,8,-3,0
14:56:02:968,7.391801028582572,3.8308915068449116,372.14035533630465,-0.18528543692440835,0.02520606702493428,0.00882047240582224,372.233473134825,-11,1,0
14:56:03:094,7.278224582334281,3.839182642098573,372.030452344993,-0.11091061515321114,0.009452194193300113,0.0006394481753419626,372.1214443544613,-6,1,0
14:56:03:212,err,err,err,err,err,err,err,err,err,err
14:56:03:337,7.395800570540203,3.842081262407637,369.3603775273046,0.1584780566058765,-0.04945251669019737,0.0021958470583366687,369.45439223484556,9,-3,0
14:56:03:462,7.327967025438146,3.7574032321473823,371.8850096474653,-0.16322074187108213,0.09057156060162677,-0.0008345890291600828,371.97617878067166,-9,5,0
14:56:03:586,7.326445532672214,3.7026334185116196,373.12194880249257,-0.13790024809095244,0.06966954593837021,0.007097518206265791,373.212238513885,-8,4,0
14:56:03:710,7.367741668784081,3.829290856364608,372.61992178674905,0.11177436154925115,0.0061973763545469214,0.0024146294427391727,372.71242694351304,6,0,0
14:56:03:830,7.188218396116348,3.7991074371149085,370.6985674950884,0.09176959588288176,-0.1192075371109341,0.001968631660436657,370.7877177630613,5,-7,0
14:56:04:040,7.189111301260886,3.7649363518716417,370.1419972039084,0.1182384757628267,-0.04804032189154081,-0.0014023707544936713,370.23094976127226,7,-3,0
14:56:04:156,7.357437844942511,3.711315274468123,371.1924252476992,-0.17302906986305205,0.07927355524082083,0.004392531150779298,371.2838837250783,-10,5,0
14:56:04:278,7.384322672411808,3.867192700959067,371.9023180582983,-0.15925383901998713,0.03180083035504071,0.007074500020926403,371.99572252628434,-9,2,0
14:56:04:405,7.336068859426409,3.739939191334487,370.4152165532393,-0.15781795345511404,0.09811009909842203,0.0027300692417966724,370.5067309856169,-9,6,0
14:56:04:525,7.347190078431859,3.793685691058587,369.0770652264459,-0.17529315213472726,0.09475461330526283,0.0031250235720190677,369.16968094541204,-10,5,0
14:56:04:649,7.310646602822643,3.797333234293875,370.0216091980856,0.11107502627573962,-0.0869233465438185,0.001564493391573719,370.11330233724976,6,-5,0
14:56:04:773,7.325781606778487,3.800744763035132,372.2704104174399,0.14835747728647725,-0.09939209199836173,0.003991654855153065,372.36188205732486,9,-6,0
14:56:04:894,7.280120089064095,3.7946113785972724,371.6139542781789,-0.13164971009685006,0.1242162039245633,0.0025652633826504533,371.70462767941183,-8,7,0
14:56:05:022,7.379140620169097,3.821950461890237,371.8601250244157,0.11735296921012484,-0.060021199233175976,0.007772554693710899,371.9529696141697,7,-3,0
14:56:05:142,7.3583536858437855,3.6866548596007473,369.38209444809155,-0.19893023960750553,0.08005483210167286,0.004878944111230159,369.47377240053,-11,5,0
14:56:05:265,7.438850470610756,3.672743614542216,370.9976050781585,-0.17109287417877808,0.025458748290669412,0.004975784949406957,371.0903508792859,-10,1,0
14:56:05:392,7.301191672387141,3.6420915280244572,367.8836728557896,-0.12079474585522534,0.18668836239052264,0.00486237629046098,367.9741417333575,-7,11,0
14:56:05:511,7.377720867191032,3.7960349872287895,371.6767182844436,0.15449538960565296,-0.06644692919079333,0.006201093212020277,371.7693149810943,9,-4,0
14:56:05:681,7.439239105492355,3.8047660325764316,369.2068695985775,0.1602211674684505,0.023377577682465445,0.00172876431190392,369.30140953131,9,1,0
14:56:05:840,7.428755151382632,3.7085268314710267,370.9460938289898,-0.17058327483739497,0.05568723213546525,0.0020976973265136867,371.0390061723223,-10,3,0
14:56:05:959,7.370574788069915,3.7810281962426218,369.41324464766603,0.18795499126352,-0.07252218909980335,0.0032955627365792604,369.50611208482553,11,-4,0
14:56:06:085,7.383810539056011,3.833502936518749,370.5834536895798,0.19288941253785674,-0.03666557185397185,0.007104438688182571,370.67683034057836,11,-2,0
14:56:06:210,7.319236700597579,3.805582370046573,369.17818293810564,0.1639082558721012,-0.0472528843812152,0.0023242466399003387,369.2703405914642,9,-3,0
14:56:06:333,7.343689318214863,3.7550665978354405,368.9078093408846,-0.17896410833361237,0.0957387725119802,0.0031625176969966953,369.00000283285516,-10,5,0
14:56:06:450,7.278596515760414,3.670988006135478,371.07752055736216,-0.20027379977270068,0.09682376625994311,0.0035456518827928045,371.1670518556031,-12,6,0
14:56:06:605,7.350552505806378,3.8366937023811327,372.3666244758269,-0.15873365144286108,0.04258249740389093,0.001962979790413956,372.4589290971932,-9,2,0
14:56:06:741,7.336367993025837,3.881587032709141,373.76351837376586,0.11721610898068978,0.05472893134311439,0.0010524511932823327,373.8556628972711,7,3,0
14:56:06:864,7.365389999388776,3.7907932653364544,371.3707023944063,-0.1361878497509992,0.06135814355032047,0.005370419725995509,371.46307714271995,-8,4,0
14:56:06:991,7.303098343168304,3.8008974548434487,372.37899310285064,0.14439915491807753,-0.03931114166060716,-0.0014272712549635237,372.4699941890153,8,-2,0
14:56:07:108,7.3032376056234165,3.6948045605288047,369.9875220545558,-0.18954620820146775,0.03844790602552301,0.0003051563360359825,370.0780395218489,-11,2,0
14:56:07:232,7.396968046155824,3.671637771721712,368.4420864060592,0.11720929019368409,-0.1156966538570912,0.00033107310811810863,368.5346212982609,7,-7,0
14:56:07:357,7.4217872816728665,3.694479775356688,372.82929575117663,-0.17709789918498714,0.09697212419185046,0.003176710475294927,372.9214607361492,-10,6,0
14:56:07:478,err,err,err,err,err,err,err,err,err,err
14:56:07:604,7.396949315187161,3.705981245397507,372.0996694654522,0.08917703474639878,-0.11724961488098314,0.0021221945185768494,372.1916350114031,5,-7,0
14:56:07:723,err,err,err,err,err,err,err,err,err,err
14:56:07:944,err,err,err,err,err,err,err,err,err,err
14:56:08:059,err,err,err,err,err,err,err,err,err,err
14:56:08:175,err,err,err,err,err,err,err,err,err,err
14:56:08:299,7.515486078479534,3.826979100285267,373.1959106016223,0.08236897093166716,0.03631054513763425,0.002410860681709295,373.29119463202437,5,2,0
14:56:08:426,err,err,err,err,err,err,err,err,err,err
14:56:08:545,7.589803825923642,3.798722557184044,373.9192780047342,0.08117848660297416,-0.039900851842534654,0.0004392240498360635,374.01559042206276,5,-2,0
14:56:08:713,8.02770203936762,5.2009737529593405,341.89444373012293,0.7330278038818683,-0.009936099532364451,0.1242870123541042,342.02822220036467,42,-3,6
14:56:08:830,7.419667161163829,3.8722298135766486,372.4771289113933,-0.18013673246644799,0.06759401323820051,0.0010959203407026514,372.57114379214386,-10,4,0
14:56:08:953,7.458098163038026,3.8329519335448836,372.12510794984746,-0.16517982922534047,0.05570339796305396,0.00950503452623814,372.2195732567271,-9,3,0
14:56:09:077,7.475944515849194,3.837758374897367,373.2003535245619,0.11595116422400625,-0.06041509034546922,0.004084267014653272,373.2949530955463,7,-3,0
14:56:09:203,7.5505924152761725,3.7967387889383137,374.81870007197887,-0.13731952108997492,0.027547961983047806,0.003327719592831374,374.91396959155986,-8,2,0
14:56:09:326,7.605919519896532,3.5256145784457678,370.9009331398155,-0.17921214694849621,0.08266646799214176,0.0050488488103637595,370.9956632817758,-10,5,0
14:56:09:447,8.014260031041283,5.002697506631506,342.0671631796957,0.7324442685484039,-0.035454137433493634,0.12959722671003665,342.1976029606177,42,-4,6
14:56:09:571,7.436745583399152,3.6544455482684572,369.6828558681068,-0.19575373395151788,0.05152779489126008,-0.0029225444811861213,369.77570780127905,-11,3,0
14:56:09:722,7.554515891780405,3.7946024247685695,374.1612508713943,-0.09967509771750716,-0.035897214592672186,0.004529813875711538,374.2567452586095,-6,-2,0
14:56:09:856,7.355058138905481,3.916439391508078,369.82985790023486,0.14874314302685954,-0.11488447872876667,0.0025525114995771066,369.92372074826716,9,-7,0
14:56:09:983,7.332822618687992,3.8127265953289724,373.4481536552437,-0.16629188515633597,0.06778101887404059,0.005967086835940294,373.53959715157157,-10,4,0
14:56:10:105,7.251155834294973,3.7832692603580376,371.1692522308128,-0.17692379741552308,0.06449597460779423,0.004430983629684123,371.2593516516592,-10,4,0
14:56:10:224,7.312695246367239,3.7534878023364473,371.817888761852,-0.1909842487540249,-0.0044632569843935386,0.0009747993689147062,371.90873421549196,-11,0,0
14:56:10:347,7.425489402350319,3.779662855964691,373.10469438564843,-0.11140241752699205,0.08665677890916026,-0.00028074247944071733,373.1977179951363,-6,5,0
14:56:10:470,7.833443859219169,5.190452633644126,341.18416497065755,0.7334276776681887,-0.049684291591883235,0.12962616104394628,341.3135480287334,42,-5,6
14:56:10:596,err,err,err,err,err,err,err,err,err,err
14:56:10:802,7.965505416878676,3.7140896855538488,368.5931208751818,-0.20964049979922747,-0.3335348713905733,-0.03931892460290892,368.6978878367017,-12,-19,0
14:56:10:919,err,err,err,err,err,err,err,err,err,err
14:56:11:052,err,err,err,err,err,err,err,err,err,err
14:56:11:168,7.8362956307997145,3.533409710503611,365.5938050710237,-0.22438127338764866,-0.3156960427115419,-0.024637050772422245,365.6948493207216,-13,-18,1
14:56:11:289,7.467234641604898,3.483627148087572,373.430895003293,-0.16621229652900682,0.08997075843491921,-0.0023033840718737803,373.5217913244957,-10,5,-1
14:56:11:415,err,err,err,err,err,err,err,err,err,err
14:56:11:535,7.583005150345474,3.6405462192579017,373.29602981190124,-0.08355117377514948,-0.09454158393011006,-0.0033664449246834254,373.39078914350927,-5,-5,0
14:56:11:662,7.983949730227192,3.712095680607909,365.39104483828663,-0.20266779151299355,-0.3891626144658089,-0.0316183235123,365.4971118294255,-12,-22,1
14:56:11:785,7.642925156787032,3.532834532849733,371.4043738753482,-0.16775715796173965,-0.05176095254481596,0.0005138562788764856,371.49980371263746,-10,-3,0
14:56:11:906,8.207261059650412,3.5030239574607984,365.8082269581987,-0.19513305233091097,-0.4033488424543222,-0.036886794964657306,365.9170523783345,-11,-23,0
14:56:12:034,7.767786061727757,3.5175312552356104,374.99089498169513,-0.06465021839562121,-0.11243841059468324,-0.006219016186645913,375.08783350783995,-4,-6,0
14:56:12:191,7.997394412745717,3.5793495162260776,366.2738131510972,-0.19349977084650846,-0.3243772828151892,-0.028750470498510313,366.37859689206357,-11,-19,0
14:56:12:318,err,err,err,err,err,err,err,err,err,err
14:56:12:437,7.570067089343673,3.584318798826503,372.01498598885183,-0.11121386058984803,0.16085915038760043,0.00247196731185251,372.10926225676565,-6,9,0
14:56:12:564,7.768133755426414,3.5534981087740767,375.8212524403372,-0.1241686227991107,-0.016727074682442132,0.006428063966965246,375.91832229445123,-7,-1,0
14:56:12:686,8.067324655173424,3.5792802789372957,366.2358936628734,-0.19019868875363996,-0.3544234883419182,-0.03679736102990427,366.34222085565114,-11,-20,0
14:56:12:816,7.650008746067573,3.60999667143415,377.15554091013126,-0.09899047558918178,0.08070331721130679,-0.007415925988052163,377.2503899918413,-6,5,-1
14:56:12:934,err,err,err,err,err,err,err,err,err,err
14:56:13:051,7.688777824889794,3.6392458573673405,373.1628434116725,0.06829569441817146,-0.15979048717517502,0.006145332253011333,373.2597877054737,4,-9,0
14:56:13:181,7.612598124866723,3.4941561254918887,372.9810588622036,-0.06649879003807001,0.1985491712484793,-0.0002590313328811552,373.07510108182055,-4,11,0
14:56:13:307,7.972491411068563,3.5701276503712083,374.34796802883045,0.03353452718211817,-0.16979729867735538,0.009218693635337687,374.4498732781916,2,-10,0
14:56:13:424,8.074865671110949,3.53241601428011,374.9956438153572,0.0009110419094010409,-0.2425688117568438,0.0074545657844578275,375.09920594290605,0,-14,0
14:56:13:548,err,err,err,err,err,err,err,err,err,err
14:56:13:668,7.679151279905582,3.5317408099180385,374.52241234703774,-0.17911770553373857,-0.08625780700839696,0.0032943834548286987,374.6177784192478,-10,-5,1
14:56:13:792,7.682983306992795,3.607439749061607,376.8647674977253,-0.09346460126735094,0.10557167961884234,0.0031742643551792103,376.96033589112955,-5,6,0
14:56:13:917,err,err,err,err,err,err,err,err,err,err
14:56:14:038,8.013906100502492,3.5182130049090916,361.32064307349106,-0.26753069747127567,-0.4199116993324359,-0.05109969098570056,361.42662827298255,-16,-24,0
14:56:14:164,err,err,err,err,err,err,err,err,err,err
14:56:14:281,err,err,err,err,err,err,err,err,err,err
14:56:14:407,err,err,err,err,err,err,err,err,err,err
14:56:14:533,7.926782444165528,3.5769248845806683,360.30494247065724,-0.24066951329506003,-0.4370753402659308,-0.05351849947130035,360.4098775565546,-14,-25,0
14:56:14:651,err,err,err,err,err,err,err,err,err,err
14:56:14:777,5.911226113962726,3.4804387886154107,358.01078668696135,-0.31478809491915094,0.515651424469337,0.08118578679761904,358.07649941395016,-18,30,0
14:56:14:899,err,err,err,err,err,err,err,err,err,err
14:56:15:023,err,err,err,err,err,err,err,err,err,err
14:56:15:142,err,err,err,err,err,err,err,err,err,err
14:56:15:297,err,err,err,err,err,err,err,err,err,err
14:56:15:431,err,err,err,err,err,err,err,err,err,err
14:56:15:556,7.386654901154803,3.574019994822781,370.45534722120743,-0.06607566568394574,-0.07664932367988718,0.009390001601406203,370.54621921473915,-4,-4,1
14:56:15:677,5.8955403874129395,3.434262369768459,351.29544684634726,-0.29193361295256726,0.5617315507894438,0.08370850873324105,351.36169758449597,-17,32,0
14:56:15:801,7.034894133876459,5.268460475268348,352.162754871542,0.6657577520662765,-0.2755151060864788,0.22129800363977517,352.27241210456447,37,-19,7
14:56:15:919,err,err,err,err,err,err,err,err,err,err
14:56:16:045,7.796036417219444,3.5984379164529927,362.0994986248701,-0.22608287516914877,-0.36922385248874057,-0.03688499445118271,362.20128912476207,-13,-21,0
14:56:16:169,err,err,err,err,err,err,err,err,err,err
14:56:16:296,7.419571337904237,3.5556901804669145,372.3343614572585,-0.08593331654370992,-0.0981382427193509,-0.0019336900778670672,372.4252538339501,-5,-6,0
14:56:16:416,7.451910433917541,3.674383912134783,373.5988112271097,-0.12033634747279454,0.04236234823176352,0.006859759129654752,373.6911877694715,-7,2,0
14:56:16:544,7.857027705583974,3.5803832072098363,363.6202777730587,-0.2449121798322709,-0.34736401056963684,-0.03741989798599374,363.72277690025567,-14,-20,0
14:56:16:663,5.957386604596302,3.4807969932944585,352.23344180883976,-0.3173745875857058,0.5485995891678432,0.08968655389663055,352.30101324203775,-19,32,0
14:56:16:785,7.538098962189204,3.7288368793796245,370.9881489209736,0.086959351714254,-0.05407355196284027,0.004053511869640721,371.08345934607115,5,-3,0
14:56:16:909,8.207018488645264,3.650591808892872,360.54864739560946,-0.25603686480961696,-0.4463971708451773,-0.06038073420887782,360.6605178167298,-15,-26,0
14:56:17:033,err,err,err,err,err,err,err,err,err,err
14:56:17:160,6.020305310927199,3.560845678286381,355.95305896889715,-0.31612908851516736,0.5364230872164024,0.08762882701155106,356.02177445669884,-19,31,0
14:56:17:281,7.296771995976136,3.5947339182794926,370.7838210694529,-0.19968587385170608,-0.005808422615174346,0.006512620863160564,370.87303347691454,-11,0,0
14:56:17:403,7.386515157448009,3.6671800430821286,373.18661630311914,-0.13714450139968232,0.10334883211169404,-0.0010237652185073633,373.2777242260929,-8,6,0
14:56:17:525,7.389179467423215,3.5396722316716156,371.94031518791485,-0.16127235901995315,-0.01920935149618144,-0.002466389181011889,372.0305462119944,-9,-1,0
14:56:17:699,7.447489023745259,3.4777405388634643,370.0238887002109,-0.19249851684135025,0.05276538079979629,0.00250177867144958,370.1151685365523,-11,3,0
14:56:17:820,7.5662107894957895,3.736378438791472,373.0705485749803,-0.15513271489351374,-0.025862107901651853,0.0060296059671135615,373.16597149738305,-9,-1,0
14:56:17:934,8.116391783386193,3.604975246636933,356.81740877708023,-0.2952403456831268,-0.455213504766277,-0.059209429538615244,356.9279127057735,-17,-26,1
14:56:18:056,8.086496058103227,3.5841697650037583,360.8961810172027,-0.23659637384769955,-0.42182632779313745,-0.045472805387661956,361.0045583703946,-14,-24,0
14:56:18:182,7.632671759871473,3.731037763330656,375.47760065615523,-0.14045588253245622,0.047365206805926534,0.0031582378035326197,375.57370370606156,-8,3,0
14:56:18:302,6.0930881977980755,3.464964791822282,353.6898685551775,-0.3349082992854446,0.5364221974819525,0.09241796762183742,353.7593176488408,-20,31,0
14:56:18:427,7.833845794015696,3.743124922874144,358.4623761288811,0.26075250859613613,0.4632180685544437,-0.057289952490573705,358.5675044173357,15,27,0
14:56:18:548,7.514354317349175,3.697209774289655,373.24354718339856,-0.20221431883088686,0.037141277652179325,0.0005293260404092365,373.3374886010881,-12,2,0
14:56:18:671,8.169939564269779,3.6499063324772725,366.28414579926465,-0.21436390223299065,-0.3482146918207461,-0.03817118676037318,366.3934295161646,-12,-20,0
14:56:18:794,6.057041411815683,3.397214229124849,353.91852915452694,-0.31652653168219425,0.5403818344584477,0.09121917671023531,353.98665807355894,-19,31,0
14:56:18:913,7.450101667725559,3.6922446519058782,369.5903745773059,-0.16834347551776926,-0.002240972543837666,0.0010514111206704434,369.6838942469935,-10,0,0
14:56:19:041,8.112065582438861,3.546684933561865,360.7499624845886,-0.2610085326002714,-0.41625499142161165,-0.04663423151193806,360.8585872813114,-15,-24,1
14:56:19:167,7.531023929529483,3.5353294141057634,371.8017821245527,-0.1864393613560178,-0.003075704306831157,0.0013563746850495974,371.8948508200762,-11,0,0
14:56:19:285,7.63275252826914,3.5588226610162628,376.0950687139712,-0.11023110951696048,-0.05980435948993635,0.0007561841167069978,376.1893470592397,-6,-3,0
14:56:19:412,7.53491823715716,3.444321275556445,373.13023669364924,-0.15928876620112664,-0.05244091017820679,0.0038230423825655634,373.2222017470941,-9,-3,0
14:56:19:534,8.066641622931005,3.5044610745145874,363.06814452527425,-0.21051717429727168,-0.37589890082683985,-0.04034528743607004,363.17465429669096,-12,-22,0
14:56:19:657,7.666334763176482,3.4774572236301404,372.31257015110623,-0.11637941064123254,-0.05298889221044664,0.003669218540289848,372.4077272157033,-7,-3,0
14:56:19:779,7.397411786534568,3.4867997454324238,367.7345046539932,-0.19541373057417985,0.0934412724152896,0.00865043268133477,367.82542786860466,-11,5,0
14:56:19:902,7.61283083799843,3.6108156389553474,371.7856805338565,-0.16116116901431352,-0.044561681820682576,0.0003201611862355191,371.88114422886423,-9,-3,0
14:56:20:049,7.468760765683805,3.7092628600990962,370.7359437195402,-0.1439123501596848,0.025643334905204464,0.003371871691375892,370.8297196611383,-8,1,0
14:56:20:187,7.352810489259351,3.6155748079983505,369.4623448590671,-0.19653567131872154,-0.025842171963366613,0.013122051162583309,369.55319031506605,-11,-1,1
14:56:20:339,7.378152438937602,3.7814436696297666,370.6398258671976,-0.13902216118866803,0.10052916253811484,0.0055580317622058156,370.73254101643863,-8,6,0
14:56:20:476,7.41484002958211,3.831009748701009,371.16628004999205,-0.09623190840042674,-0.01618177133271657,0.0021157848514331474,371.26010280463487,-6,-1,0
14:56:20:598,7.493147306782374,3.78521817291138,374.2961165112947,-0.18078238988841336,0.07176248015241934,0.002773637913181191,374.39024822852207,-10,4,0
14:56:20:724,7.616466588255892,3.796057838198647,372.2456438602201,-0.18429810602631194,-0.02641192398729109,-0.0009416303889746816,372.3429064603095,-11,-2,0
14:56:20:841,7.389885752366019,3.7280541399041676,369.92621193274675,-0.21785817761583456,0.008953378877346823,0.012145680940421195,370.01879827113453,-12,1,1
14:56:21:008,7.597255585668253,3.7691002639126396,375.2308213835613,-0.11023133604020123,0.03095211158710309,0.006159181312150922,375.32664936747494,-6,2,0
14:56:21:133,err,err,err,err,err,err,err,err,err,err
14:56:21:297,err,err,err,err,err,err,err,err,err,err
14:56:21:416,8.064705599751507,3.508119248786784,354.66789902498874,-0.28006830327804866,-0.46733615503923537,-0.06964344519168568,354.7769228344397,-16,-27,0
14:56:21:542,8.178898808157502,3.3064806239291924,358.3000111732114,-0.2765831482529492,-0.44193510382740925,-0.07064574127524816,358.4086009104049,-16,-26,0
14:56:21:664,7.5278860103593885,3.4647139117838397,371.70724991295856,-0.15625036941817338,-0.001451147847300076,-0.00037849692697247483,371.79961396985084,-9,0,0
14:56:21:786,8.095560375744396,3.401751717371313,360.41283862132553,-0.27742210138701284,-0.4366077084727857,-0.0562058400134593,360.5197973144132,-16,-25,0
14:56:21:913,7.841880437402481,3.6618516960849576,367.051801566141,-0.17914948629753547,-0.3196660401814722,-0.020806754490419837,367.15382236821176,-10,-18,0
14:56:22:032,7.451910433917541,3.674383912134783,373.5988112271097,-0.12033634747279454,0.04236234823176352,0.006859759129654752,373.6911877694715,-7,2,0
14:56:22:162,7.386958896635812,3.567654771336027,373.74347461449844,-0.11374407835751894,0.16145300479677396,0.004078474493102394,373.83349253274014,-7,9,0
14:56:22:279,7.537065159912047,3.540605788947844,372.40871843870667,-0.20940197321589832,-0.0011585541469337176,-0.005420089433068659,372.5018077939185,-12,0,0
14:56:22:404,6.0551422775428305,3.352920514236564,356.0765398643889,-0.3128158986963103,0.5304874832537478,0.08551579940552341,356.1438039132112,-18,31,0
14:56:22:530,8.216150060632305,3.671733780875085,359.42163115979434,-0.26962335596318343,-0.44068798829489514,-0.057076432457691846,359.53427610777766,-16,-25,0
14:56:22:649,7.295778959265716,3.5316560319129366,371.1121528973698,-0.147163222443967,0.026721828711399363,0.005677224440023849,371.2006613855517,-8,2,0
14:56:22:776,5.932315203577119,3.591097761279361,355.7371476649726,-0.2865907405536384,0.5159410504575886,0.07585267507030609,355.80473096294855,-17,30,0
14:56:22:896,7.308364165795382,3.690847170678668,372.1849154224188,-0.1430664063658888,-0.09973502289684931,0.0032927482607755416,372.2749599524661,-8,-6,1
14:56:23:015,8.268921762192344,3.544817760868074,363.51595037198814,-0.2582068189144983,-0.42891189380778866,-0.06350358426274712,363.6272637948326,-15,-25,0
14:56:23:141,7.39129496479653,3.636194490625065,370.9291241890075,-0.16565057654753693,0.05974451196969156,0.0024091398811892147,371.02057668444,-9,3,0
14:56:23:305,7.443763443954132,3.677709089249229,371.57446856725767,-0.19178740535644878,0.06050735244182162,0.006358657544630193,371.6672178836797,-11,3,0
14:56:23:428,7.45456746238839,3.6246962433247596,369.98942101964707,-0.16864582955927881,-0.0038209657212359264,-0.00388225971034014,370.0822620247576,-10,0,0
14:56:23:549,7.532767271871347,3.7492964493663763,372.85608450306717,-0.060742138021785276,-0.06032132124999433,0.00031574337454418506,372.9510149571868,-3,-3,0
14:56:23:670,7.541586808854391,3.646812709287611,371.9661396313136,-0.18498357576660052,-0.04573220880058497,-0.001305276377816333,372.06045719312067,-11,-3,0
14:56:23:795,7.460981707581668,3.6830094559429196,372.1346145956178,-0.20907781284171478,0.03844954278561975,0.007958308883235296,372.22762147229537,-12,2,0
14:56:23:922,err,err,err,err,err,err,err,err,err,err
14:56:24:042,7.565984475960449,3.65933417755778,369.72741846501526,-0.1551373432514457,-0.020998013292703052,0.000858871260034389,369.8229289978084,-9,-1,0
14:56:24:167,7.48016918839614,3.7528560112110454,373.11144443620014,0.08253066320262593,0.028014506331103296,0.002845921841440914,373.20528778220114,5,2,0
14:56:24:292,7.492714492332746,3.7200035535923455,369.29782703831717,-0.22489758460692327,-0.04378175901325174,0.007372986552070372,369.39256117594624,-13,-2,1
14:56:24:411,7.397740039019789,3.684216233612636,369.1910702725657,-0.1988092711538406,0.037623550784635085,0.002364815061432614,369.2835582258483,-11,2,0
14:56:24:538,7.578887459739709,3.6734079042982186,373.5842035768037,-0.1265828634261729,-0.05025711050258522,0.00028935016068757643,373.67912789300055,-7,-3,0
14:56:24:654,7.592778495852093,3.5768360813451925,371.5567796495146,-0.12245109247337782,0.0498886852174884,0.008562932493727879,371.6515633562677,-7,3,0
14:56:24:780,7.471660330717795,3.6643287924038477,373.01725457532694,-0.14216536866278814,0.06603856822947281,0.007252427127464497,373.1100711914793,-8,4,0
14:56:24:906,7.523051520243297,3.737248848712905,371.5024257508497,-0.04083392099091104,-0.10948564298685247,0.004445900654971911,371.5973838334966,-2,-6,0
14:56:25:025,7.4731946029232486,3.633964582996396,370.83022999437514,-0.17544977914613444,0.019754308390763062,0.005162751415401315,370.92332605788596,-10,1,0
14:56:25:152,7.891471146445322,3.63303175614437,364.912705501043,-0.21229187755859621,-0.3366318371065806,-0.03387743632815227,365.01610494975046,-12,-19,0
14:56:25:302,7.4767039077827135,3.672817900131008,371.0015726880262,-0.17101707727166693,0.01957888260065,0.0051176039747243204,371.0950789617682,-10,1,0
14:56:25:437,7.45152021121275,3.625367566133624,372.8283386401101,-0.14392380530099058,-0.03558866009118481,0.002498772882347859,372.9204185031872,-8,-2,0
14:56:25:562,7.418209374227225,3.7823319903863575,370.7291106167359,-0.1405771292004398,0.09296428533857704,0.005730754464674862,370.8226116680068,-8,5,0
14:56:25:682,7.95696825971489,3.6065607832374558,359.8763938500991,-0.2508302537122532,-0.4166442474007036,-0.04257461014546616,359.9824155082036,-15,-24,1
14:56:25:806,7.442419390864847,3.6843989825333185,371.4429079723554,-0.12370462587738482,0.05955354076523453,0.008470768578916143,371.5357294866965,-7,3,0
14:56:25:970,7.504101834814607,3.7144330663267238,374.2652593106634,-0.15408219807571621,0.04673496419587953,0.010908391200474859,374.3589091823909,-9,3,0
14:56:26:091,7.511600346455098,3.66878402034877,375.71755182113276,-0.08598268437796139,-0.04440064812621562,0.0006192207917314308,375.81054118055073,-5,-3,0
14:56:26:216,7.439295943712408,3.7278689020213887,374.07286576798856,0.08346067157869484,-0.11786130925977917,0.007183476257011023,374.1654033105739,5,-7,0
14:56:26:336,8.12013394219713,3.468164061021342,357.05813633565333,-0.2864094310797778,-0.47118256972892614,-0.06527703530022687,357.16729618021213,-17,-27,0
14:56:26:462,7.491321166964661,3.693877305523408,372.3621419379143,-0.13702935645587508,-0.09632307980941288,6.856890943827756e-05,372.455808614883,-8,-6,0
14:56:26:584,7.587666076156504,3.7416346071223314,375.7148000164425,-0.09075851736405094,-0.03201340615035146,0.007991090852475293,375.81003639792783,-5,-2,1
14:56:26:706,err,err,err,err,err,err,err,err,err,err
14:56:26:833,7.45238989551661,3.776520465211269,373.4534660096671,-0.16428473690113182,0.03486255348022271,0.00881255072590782,373.54690668858785,-9,2,0
14:56:26:952,7.525752873419819,3.8149612568256885,373.56473988192977,-0.1602902599754964,0.04517041818320468,0.009077216758763208,373.66001360696424,-9,3,0
14:56:27:080,7.5460185746403035,4.0126170183314605,372.65908667036734,-0.015019731103470896,-0.12236796067410215,-0.0024625836232342845,372.75707688742403,-1,-7,0
14:56:27:200,7.9746251626608275,3.781380599739227,365.27547181267937,-0.20618129470906277,-0.370074548970149,-0.0364851145168496,365.3820791906748,-12,-21,0
14:56:27:321,7.856678136416404,3.9888145275692573,372.3748397512768,-0.11810105114832567,-0.04468148795716395,0.014389649929977804,372.47907231475926,-7,-3,1
14:56:27:443,8.618801788092437,4.161882647846376,373.5672189419889,-0.058105517885037525,0.16918531239708676,-0.003144199232817992,373.6898072994349,-3,10,0
14:56:27:569,7.990284220918567,4.124894641207742,371.77493704638147,-0.13059305895471793,-0.07166008993361127,0.0070995158179879975,371.88366892561044,-8,-4,1
14:56:27:692,7.683898694101683,4.014802747045133,369.69519411831715,-0.2234782180418903,-0.06144964875256562,0.005069097970426426,369.7968327263216,-13,-3,1
14:56:27:817,7.858250416427409,4.089043897185689,370.8670111201697,0.08228600512297926,0.1787615494431043,0.0007044763583521511,370.9727918821116,5,10,0
14:56:27:962,7.722120237544933,4.097581476282774,375.60855712642365,-0.16378138649063287,0.01460376685329224,0.010186598980444253,375.71027335103804,-9,1,1
14:56:28:104,7.592153388648291,4.1304687235943485,372.84874008876307,-0.20267073982164643,-0.02206907937209602,0.0005432793510779607,372.94890340465054,-12,-1,0
14:56:28:223,7.534630454267095,4.039504275235595,371.1427318457575,-0.16014832135369686,-0.05994889477527652,0.0054668235604278465,371.24118259266965,-9,-3,1
14:56:28:389,7.417939611404245,3.986298187963232,373.28835521800346,-0.006388126970241073,-0.10346962062515136,0.011169634368921898,373.38333190259596,0,-6,1
14:56:28:510,7.353610818424288,4.156727215451318,371.58671770301714,0.032648331123752296,-0.12623646297604643,0.0066969941582224616,371.68271784751346,2,-7,0
14:56:28:633,7.892714809997331,3.9333448969889595,360.6137245041809,-0.26076447621603266,-0.430156034209683,-0.054310772317097536,360.721533110969,-15,-25,0
14:56:28:754,err,err,err,err,err,err,err,err,err,err
14:56:28:878,err,err,err,err,err,err,err,err,err,err
14:56:29:004,7.2112763439295335,4.034736931457451,371.8749030511513,0.1000751545314785,0.11523028866721692,0.007118712883185312,371.96669895021216,6,7,1
14:56:29:124,err,err,err,err,err,err,err,err,err,err
14:56:29:256,7.813835292816096,5.498655051301796,341.6330744943117,0.7312657469851911,-0.049619398478457394,0.13519354460019117,341.7666584349509,42,-5,6
14:56:29:372,err,err,err,err,err,err,err,err,err,err
14:56:29:495,err,err,err,err,err,err,err,err,err,err
14:56:29:623,err,err,err,err,err,err,err,err,err,err
14:56:29:746,err,err,err,err,err,err,err,err,err,err
14:56:29:866,err,err,err,err,err,err,err,err,err,err
14:56:30:001,7.822893096542231,5.408316266583438,339.8303565101856,0.7454021818745641,-0.024720394104456228,0.12803534686440532,339.9634079530901,43,-4,6
14:56:30:116,err,err,err,err,err,err,err,err,err,err
14:56:30:279,err,err,err,err,err,err,err,err,err,err
14:56:30:443,err,err,err,err,err,err,err,err,err,err
14:56:30:562,err,err,err,err,err,err,err,err,err,err
14:56:30:758,err,err,err,err,err,err,err,err,err,err
14:56:30:898,err,err,err,err,err,err,err,err,err,err
14:56:31:018,7.759882302692214,4.17460285885885,369.09679015973313,0.08209825660680534,0.15037721818918742,0.00471831582391674,369.20195501730336,5,9,1
14:56:31:136,err,err,err,err,err,err,err,err,err,err
14:56:31:261,7.348770836423891,4.209123831437547,373.9868092532064,0.10154660741608838,-0.06153152965841016,0.009160810847648986,374.0826842445782,6,-4,0
14:56:31:383,err,err,err,err,err,err,err,err,err,err
14:56:31:503,7.380875280989783,4.105540572683368,372.8277971544631,0.05203749544252414,-0.12387218145254775,0.010134242354975564,372.9234494026314,3,-7,0
14:56:31:631,7.382889908517041,4.199985099382681,370.56830051647177,0.09996241888528837,-0.1347159621259201,0.014879374645319271,370.6656340772671,6,-8,0
14:56:31:751,7.881876068280182,5.567508629636531,343.68904478908826,0.7320889806787773,-0.025964967325403012,0.1346535830110486,343.824491028101,42,-4,7
14:56:31:874,7.808085477019443,5.634270422943261,341.98668474400574,0.7229142053988145,-0.019958335923618235,0.13633139563465985,342.1222058624831,41,-4,7
14:56:31:998,7.479837832126468,4.25221593449757,372.7593731735641,0.057078706461585915,-0.10497877472058997,0.004903248014701072,372.8586590158487,3,-6,0
14:56:32:122,err,err,err,err,err,err,err,err,err,err
14:56:32:243,8.017425483547138,5.635519845911007,343.7476037169985,0.7312112618888025,-0.02504971505168483,0.13409061280567353,343.8872682384397,42,-4,7
14:56:32:368,7.761202818944441,4.112562313026759,373.89412217924223,-0.15648704680167186,-0.009011008311202148,0.004300794965777555,373.99727811597967,-9,0,0
14:56:32:491,err,err,err,err,err,err,err,err,err,err
14:56:32:613,7.530823528864935,4.159424293701228,369.3651675304005,-0.1725571302054778,-0.036759837110649146,0.007195301164075613,369.4653449218733,-10,-2,1
14:56:32:780,7.823622701426517,4.122927409353244,371.9365434073762,-0.1586548001335377,0.01384691435515653,0.0028217366824133797,372.0416642318762,-9,1,0
14:56:32:900,7.750901974150154,4.131041102482009,374.5778535451682,-0.09402831409066073,-0.058704284738917895,0.0022537796558551987,374.6808112894344,-5,-3,0
14:56:33:025,7.6786931485924965,3.9689181532173277,371.38657675653474,-0.1688553404900111,-0.031524410071347084,0.005682252650575746,371.48715191068806,-10,-2,0
14:56:33:146,7.658107264590272,4.093854594222756,374.96917092070913,-0.12768008574397186,0.052096272300670265,0.003154353941975268,375.06970737887985,-7,3,0
14:56:33:265,7.619907753555101,3.94390503208246,372.124978727482,-0.1525575332399706,-0.04336040547465966,0.0002850092053181583,372.22388044563144,-9,-2,0
14:56:33:390,7.674896343719752,4.0054742553733576,373.74087646785154,-0.12184770153592861,0.01762458688071733,-0.0007545726829654738,373.84113016207186,-7,1,0
14:56:33:515,7.618452389813728,4.060834511249944,372.87781026321153,0.021007855580673095,0.17085348577832432,0.006425582158390342,372.97773737909773,1,10,0
14:56:33:637,7.791733253829763,4.087410585061943,372.8770008293215,-0.019897316392661634,0.07734454669956439,0.004855836927945218,372.98079813826814,-1,4,0
14:56:33:761,7.6820369828251005,4.179252812733893,373.4902762928817,-0.16635724541614272,-0.02144335790595819,0.004084656589910475,373.592647587732,-10,-1,0
14:56:33:880,7.819751944990098,4.081987579468366,374.5915104202541,-0.1873469502818878,-0.04181494854103818,0.005654283935599287,374.6953573531536,-11,-2,1
14:56:34:062,7.937513058928229,4.15188902268796,373.73112254218114,-0.12192198450328773,0.0019173694474970727,0.002254949606598599,373.8384601036338,-7,0,0
14:56:34:212,7.860587060547358,4.070647214010247,371.4013580846965,-0.009847153707951329,0.11223864605564281,0.005850826492615121,371.5068341024621,-1,6,0
14:56:34:338,7.9813216512284075,4.031949258084506,372.7752735176423,-0.10948120783896505,-0.09392269246932526,0.006867822958028958,372.88250516251514,-6,-5,1
14:56:34:461,8.135896196588424,4.0536074500227715,372.3827847140491,-0.18103323254848294,-0.03969845077732865,0.0020878945518105524,372.4937085262922,-10,-2,0
14:56:34:621,8.108411467859385,3.99552317097316,370.44755820724004,-0.15204923817194527,-0.08967933530610449,0.004761860015136087,370.55782804259906,-9,-5,1
14:56:34:743,8.36590396163556,4.145094109313463,371.51273310811996,-0.009987995201487191,-0.13314462774942853,-0.0006099850375382572,371.63003244589305,-1,-8,0
14:56:34:870,8.039795271140173,4.051760947366194,373.5327968438726,-0.05576632566920666,-0.10757417908691419,0.005921709093812722,373.64127902679894,-3,-6,1
14:56:34:992,7.801528599744092,4.056222271100322,372.87568219453385,0.0026322140965652275,0.17447581956327599,0.006909663935148629,372.9793441460857,0,10,0
14:56:35:116,7.710105978247068,3.984369546180055,377.33580513504796,-0.08299570840987733,0.02950734145591949,0.0006407047950025035,377.4355981777437,-5,2,0
14:56:35:232,7.582810950294092,3.998981969026809,375.5840066453906,-0.08320273063587943,-0.03247585571701314,0.00443569653376603,375.68182938026337,-5,-2,0
14:56:35:360,7.823445505328072,3.9414860580490583,374.21924671403394,-0.10350275940816395,-0.0938002151824901,0.00011970371449813618,374.3217682998674,-6,-5,0
14:56:35:488,7.672416514248133,3.764361412765289,373.4640953639529,-0.025435369228562925,0.1543928931287904,0.004606028209571592,373.5618649140055,-1,9,0
14:56:35:613,7.6830670049805585,3.822911654006304,375.33459599702576,0.10419060695049583,-0.10753432903111705,0.00730603779362785,375.43268787409534,6,-6,0
14:56:35:741,7.710791089349478,3.878336868681031,374.72233385173035,-0.08106300961496758,0.09993018514990604,-0.0007595716030499033,374.82172466837915,-5,6,0
14:56:35:852,7.7309842212567785,3.8083006558783623,373.5484158572594,-0.00018685809647504711,-0.16207878982198817,0.008780542312799303,373.64781581106945,0,-9,1
14:56:35:976,7.78816311660071,3.71978309222568,373.17393765857327,-0.04815245939178943,-0.13654224296074674,0.011435791284917519,373.27373336278123,-3,-8,1
14:56:36:101,7.757336112440566,3.843435675122006,372.86354488994374,0.027537628151930844,-0.1767579223470495,0.005562036839693454,372.9640349541029,2,-10,0
14:56:36:221,7.638070836627173,3.7876135471705887,375.46886205314075,-0.02958291205298307,0.1744272608966636,0.008366992157428855,375.5656434153269,-2,10,0
14:56:36:364,7.662226497281553,3.793524673357921,374.99005804686055,0.018903160168101292,0.16815489576884188,0.005646580306703052,375.0875153591904,1,10,0
14:56:36:511,err,err,err,err,err,err,err,err,err,err
14:56:36:636,7.727091267497987,3.8080252985665584,373.79441376831977,-0.013048525864060793,-0.14051653727247262,0.006074523532705154,373.8936650446656,-1,-8,0
14:56:36:753,err,err,err,err,err,err,err,err,err,err
14:56:36:909,err,err,err,err,err,err,err,err,err,err
14:56:37:039,7.754052247526501,3.6495220854418706,371.86525038940863,-0.15418440851437146,0.14063334371798963,-0.00012544158034148462,371.96398855922473,-9,8,-1
14:56:37:320,7.67488270163808,3.8520559756187787,373.43551464942084,0.03346624675458413,-0.10939720273855608,0.003107190770916005,373.5342363976842,2,-6,0
14:56:37:467,7.645972357101495,3.8387721855582644,373.86211675660445,-0.041985585446208784,0.14198820116928365,0.0018722582629630742,373.9599970730922,-2,8,0
14:56:37:622,7.559396115171797,3.876806402651795,373.79791089393854,-0.03165583045482486,0.1844050418972463,0.0016841464107315168,373.89444003111697,-2,11,0
14:56:37:742,7.524449277983567,3.7684547694702717,372.08738726148414,-0.105299327562513,0.21217572487324773,0.004676282535498081,372.1825390146133,-6,12,0
14:56:37:869,err,err,err,err,err,err,err,err,err,err
14:56:37:980,err,err,err,err,err,err,err,err,err,err
14:56:38:108,7.645411266849096,3.9587864204000476,375.61703740871764,0.055503402761563465,-0.10080024484949758,0.004782892554163635,375.71569450192465,3,-6,0
14:56:38:230,7.679894947197693,3.8912391735768845,373.23317903583256,0.051712243898305754,-0.1305810691129921,0.00531210406888665,373.3324637128411,3,-7,0
14:56:38:352,7.537226076956801,3.959741899384702,373.1364572541604,-0.13122528747592285,0.11517898554547125,0.009410521116017763,373.2335797661175,-8,7,0
14:56:38:477,err,err,err,err,err,err,err,err,err,err
14:56:38:632,7.581700359305688,3.889032704258659,372.91232276390866,0.059367148193391873,-0.19569693165565527,0.0030370460405056868,373.0096610342508,3,-11,0
14:56:38:764,7.506539296872856,3.921231473481166,371.672116012851,-0.0408907301795662,0.21820214512863478,0.00020246078705536024,371.76859201653156,-2,12,0
14:56:38:888,7.548532923210829,3.7866915158232333,373.0189543137653,-0.06701721481457261,0.16554554976277108,-0.0005182583786873149,373.1145395977805,-4,9,0
14:56:39:007,8.141415279074721,5.348623211073947,344.8314770019996,0.7299398207652361,-0.02664422845988202,0.12942198316136555,344.9690391098612,42,-4,6
14:56:39:130,err,err,err,err,err,err,err,err,err,err
14:56:39:258,err,err,err,err,err,err,err,err,err,err
14:56:39:382,7.542855297155414,3.810601597669046,372.84170840714296,-0.1296079311255721,0.20349542657738157,0.003678681373358653,372.9374677858568,-8,12,-1
14:56:39:505,7.5331784304022955,3.9427600757627617,374.2404498215099,-0.09770679480272296,0.20824176917165368,0.005811802149449639,374.3370251750224,-6,12,0
14:56:39:663,7.437769322800544,3.7889310385759636,373.2671385034111,-0.07159943633806837,0.19050049087633178,-0.0004875630733683852,373.3604600080718,-4,11,0
14:56:39:786,7.609992639333963,3.849859176339784,372.5000322153673,-0.08630597180493538,0.17385652842210808,-0.0004619880622608952,372.5976481462249,-5,10,0
14:56:39:936,7.502292670316503,3.775994494224689,373.377073834837,-0.16203047209004473,0.13906572874728562,0.010889645006467625,373.47152742236835,-9,8,0
14:56:40:169,7.684462339578657,3.9287972592205374,371.1514172426293,0.01716651426191294,-0.16958446446748585,0.007324196251020706,371.2517487239148,1,-10,0
14:56:40:287,7.684000001955266,3.9641100753191925,371.6749406594301,-0.013488772899381812,-0.1449009565563427,0.0046824641218711485,371.7754961517908,-1,-8,0
14:56:40:416,7.5012826767822505,3.934731512115094,373.68065885650316,-0.10177445992327507,0.13570811443919295,0.003828335571617881,373.776652771812,-6,8,0
14:56:40:527,7.399375533761747,3.799435651133713,371.32488184419356,-0.08240265188218357,0.20145362165609063,0.003162282195854609,371.4180317999666,-5,12,0
14:56:40:646,7.593615066145087,3.8637267684468406,373.67504938714023,0.0637725132741183,-0.06836313178115595,0.0008643835058150112,373.77216845131164,4,-4,0
14:56:40:771,7.491506843784982,3.809601636300687,369.1716129047919,-0.07995632531235493,0.23395495809027197,0.0016426026254629785,369.2672684034469,-5,13,0
14:56:40:894,7.575110452885293,3.7773024175289263,372.6299523362399,-0.09231256614129937,0.18717703876976788,0.0020542732748768384,372.7260813117796,-5,11,0
14:56:41:022,7.5735281293827885,3.879260072859265,370.65420246901283,0.11826660033820449,-0.1841955453254523,0.0021635407782103,370.75186418274336,7,-11,-1
14:56:41:145,7.456640059192476,3.7575362699766526,371.4656514739102,-0.12442753756519095,0.13477388019607303,0.0027262936892377037,371.559484853676,-7,8,0
14:56:41:264,7.667437831443872,3.888450177786982,372.443139478995,0.07592500701879806,-0.1445454774675546,0.002430905230514709,372.5423489922378,4,-8,0
14:56:41:386,7.556902837820119,3.837554361395921,373.67873488084047,-0.03706392150712078,0.18600556605312477,0.0017890015113691971,373.77483931656286,-2,11,0
14:56:41:509,7.4767383793956474,3.8744878844629804,372.3279152250507,-0.14611334058842454,0.14229764604515233,0.007083215042615943,372.42313264483624,-8,8,0
14:56:41:632,7.623664393936469,3.8482427190646367,373.6873367957366,0.0075568838173331356,-0.17397036024587975,0.003413149112116735,373.7849046073243,0,-10,0
14:56:41:753,7.605819696958912,3.976627676530111,373.10332824352685,0.09830962904251858,-0.13858927781684727,0.0006086108396648047,373.2020305509301,6,-8,0
14:56:41:876,7.63895347174371,3.8174570672570405,375.1951154555981,-0.04607611475375798,0.14576275385391851,0.00584715523592126,375.29228775761356,-3,8,0
14:56:42:003,7.505152881974511,3.8763809374060836,371.3110258641572,-0.0584374900209783,0.22339419393306015,0.008082113479581073,371.4070968320968,-3,13,0
14:56:42:122,7.674965130806033,3.8726029548077197,376.86882212010806,-0.05767825957610541,0.13158582318224804,0.0025484122957665444,376.96685693785116,-3,8,0
14:56:42:250,7.570151978182731,3.881418311437652,371.50109386179076,0.09001465945076909,-0.11336721108566397,0.0072709931252398635,371.5984867428664,5,-7,0
14:56:42:411,7.5569691837440445,3.825272160572917,370.57542510657805,0.06328023566972196,-0.14371687259300378,0.004111887662570205,370.67220853911823,4,-8,0
14:56:42:659,7.544617982422711,3.788253417405044,373.1737545108543,-0.06944501615776028,0.19386851399376862,-0.0005973307224265656,373.26923685214473,-4,11,0
14:56:42:797,7.614583668433315,3.8500958149146265,372.6645526748375,0.06075096115660006,-0.18663213709863605,0.008089469671106632,372.7622217212527,3,-11,0
14:56:42:959,7.601238691409505,3.7761822911164993,372.9490562691401,-0.12129574846383573,0.1366730215638463,0.00960635417033036,373.0456231540343,-7,8,0
14:56:43:118,7.575110452885293,3.7773024175289263,372.6299523362399,-0.09231256614129937,0.18717703876976788,0.0020542732748768384,372.7260813117796,-5,11,0
14:56:43:281,7.516309937489618,3.8296506936423724,373.2703839154657,-0.04967823942395627,0.18010593384279192,0.004488332933333044,373.36569291769547,-3,10,0
14:56:43:406,7.6235327873986956,3.8862313044430277,372.5308711714942,0.06424894370543663,-0.1110607197681648,0.004938909489076896,372.62913335071454,4,-6,0
14:56:43:527,7.455276437461484,3.879420442580947,371.4415972291574,-0.0516045291515171,0.1370260958633377,0.005939593959053029,371.53666198893063,-3,8,0
14:56:43:653,7.550074647960065,3.884544089963632,371.64394734386235,-0.03977979468102141,0.2035776764467572,0.005380801473358956,371.7409271351544,-2,12,0
14:56:43:780,7.693967984010721,3.9831162788468593,374.1036171943588,0.0780475854217827,-0.11778709798659948,0.00365310417022982,374.2039266984422,4,-7,0
14:56:43:939,7.706731325476331,3.907889346295716,374.9544363328707,0.03444543156861431,-0.10331561311325076,0.0066213088672388365,375.0539889570124,2,-6,0
14:56:44:063,7.724285707157032,3.859353797811326,371.95105481841625,-0.009098896360739074,-0.13715803906503565,0.004725439373585934,372.0512684858835,-1,-8,0
14:56:44:182,7.599030145007144,3.8697027749879256,372.86247394743543,0.11534372868853325,-0.11729367625652913,0.005738021416743376,372.9599768566507,7,-7,0
14:56:44:309,7.53011949950379,3.884471582176565,372.3325153634528,-0.08383126189713856,0.2116426930602068,0.007177968878692258,372.42891109045945,-5,12,0
14:56:44:430,7.4222923884352205,3.912642994088199,372.05006282606263,-0.11088824852778949,0.19655781831178326,0.009790312430545097,372.14466064740975,-6,11,0
14:56:44:560,7.547846049010995,3.8900180705063248,372.4562853354994,0.08010131292922998,-0.10456870178614791,0.005006617881578064,372.5530656248682,5,-6,0
14:56:44:717,7.515350700268776,4.039082647765497,369.6595233498073,0.08941067703120757,-0.17472027034817658,0.00637106072303208,369.7579720411586,5,-10,0
14:56:44:921,7.631711031433871,4.01394620129002,374.7959811560473,0.026630343293764767,-0.11091518934463741,0.00646301410497446,374.8951617027063,2,-6,0
14:56:45:043,7.550074647960065,3.884544089963632,371.64394734386235,-0.03977979468102141,0.2035776764467572,0.005380801473358956,371.7409271351544,-2,12,0
14:56:45:169,7.514539952185959,3.917551880734024,370.9109743579326,0.1123741794103952,-0.09967590839968889,0.0018951121720717395,371.0077713776117,6,-6,0
14:56:45:280,7.61811902693891,4.019283846187034,374.37178695103023,-0.08843850925093424,0.16192878016279566,0.0034843357156577417,374.4708603416992,-5,9,0
14:56:45:405,7.465531271030247,3.930967611425666,370.85957181742515,-0.13178399463045726,0.21990178084555578,0.007545320440217417,370.95553462932014,-8,13,0
14:56:45:526,7.48860277089096,3.9227227081516602,372.4377133127758,-0.08243837064919089,0.2243961473641709,0.001973078939316032,372.5336457590839,-5,13,0
14:56:45:650,7.6325300340637146,3.9936300002302394,374.88155604635597,-0.06403249309314067,0.1495976776373703,0.00605850341161431,374.98051370576144,-4,9,0
14:56:45:776,7.560404132462372,3.8880042601457356,373.17496591354967,-0.12653876862711708,0.16544018402179458,0.006548646570431958,373.2717930306977,-7,9,0
14:56:45:943,7.639921824183522,3.990047729600954,373.60624065695504,-0.007920705439507174,-0.08975330247636376,0.010951755450225285,373.70564879887314,0,-5,1
14:56:46:062,7.494571671890159,3.9925475076705035,371.4080269746565,0.09990552263826986,-0.10857545239925762,0.0073870932610795685,371.50508952281297,6,-6,0
14:56:46:182,7.693967984010721,3.9831162788468593,374.1036171943588,0.0780475854217827,-0.11778709798659948,0.00365310417022982,374.2039266984422,4,-7,0
14:56:46:305,7.600889086202806,3.902693317750062,372.92972284227886,0.10169460854224235,-0.12084631632528192,0.005853327684339339,373.02758974270535,6,-7,0
14:56:46:430,7.477786356551603,3.932556258335145,372.8411255685051,-0.056213773747434456,0.1557458687368348,0.004507586271528838,372.9368407689283,-3,9,0
14:56:46:558,7.55596321923942,3.930976796015008,372.95170035615,-0.0716316123525687,0.1476833258810733,0.004563198380497007,373.04894579302163,-4,8,0
14:56:46:672,7.523783290673589,3.9590051731553886,371.7439951588111,-0.03732720731393583,0.1880085351590284,0.010715149816337833,371.8412012857105,-2,11,0
14:56:46:864,7.510250046614868,3.880677854690933,372.6858613527188,-0.13502709379179742,0.1923724360151331,0.009112991515646922,372.78172536833466,-8,11,0
14:56:47:025,7.61811902693891,4.019283846187034,374.37178695103023,-0.08843850925093424,0.16192878016279566,0.0034843357156577417,374.4708603416992,-5,9,0
14:56:47:170,7.487624298623824,3.9551497651974734,372.8048546013177,-0.1338701304173142,0.1508478692948428,0.011848781078234057,372.90101547409614,-8,9,0
14:56:47:288,7.516525475915194,3.9766992978939846,373.29250453898055,-0.04729445347005978,0.18053365214196782,0.004403340199528315,373.3893493895089,-3,10,0
14:56:47:414,7.659620908733351,3.979521041336376,374.19024305439564,-0.09206590605864169,0.14447340899806319,0.00873724660958962,374.28978663235205,-5,8,0
14:56:47:534,err,err,err,err,err,err,err,err,err,err
14:56:47:656,7.5075950993369425,3.8699914841303995,371.0574136721627,-0.07507959465069904,0.1984317414794416,0.008448456807473453,371.1535330012868,-4,11,0
14:56:47:782,err,err,err,err,err,err,err,err,err,err
14:56:47:909,err,err,err,err,err,err,err,err,err,err
14:56:48:036,err,err,err,err,err,err,err,err,err,err
14:56:48:160,err,err,err,err,err,err,err,err,err,err
14:56:48:271,err,err,err,err,err,err,err,err,err,err
14:56:48:396,7.65473554202494,4.022746203669323,375.16400565436123,-0.1289980927864485,0.0910720328185935,0.005701374085061634,375.2636521192308,-7,5,0
14:56:48:518,err,err,err,err,err,err,err,err,err,err
14:56:48:641,err,err,err,err,err,err,err,err,err,err
14:56:48:769,7.577156168004815,3.8711413197990816,372.08566663474073,-0.14933652701968658,0.168522395202631,0.009140043518069694,372.182942040244,-9,10,0
14:56:48:887,err,err,err,err,err,err,err,err,err,err
14:56:49:013,7.658001665857342,3.9565414901098053,373.5341587075249,0.008355658580259938,-0.16232087923466723,0.008505005295561604,373.633599842701,0,-9,0
14:56:49:193,err,err,err,err,err,err,err,err,err,err
14:56:49:300,err,err,err,err,err,err,err,err,err,err
14:56:49:460,err,err,err,err,err,err,err,err,err,err
14:56:49:586,err,err,err,err,err,err,err,err,err,err
14:56:49:710,7.621259519316355,3.974429211489936,372.4625884716416,0.115729954421486,-0.11046882110295866,0.0003449787735748395,372.5617525930612,7,-6,0
14:56:49:831,7.46237390707371,3.960069164689995,372.56494497619803,-0.08577449432614484,0.19320257039953295,0.001955503881146039,372.6607135146333,-5,11,0
14:56:49:953,err,err,err,err,err,err,err,err,err,err
14:56:50:097,7.50965903569812,3.9283862949285444,371.79109203603673,-0.015211801865674012,0.21592217939592273,0.002614090412095938,371.8876756697691,-1,12,0
14:56:50:240,7.6343226681212295,3.9561182065725813,373.27332453018676,0.019283429870488266,-0.0970423826322159,0.007948194060826499,373.3723457350363,1,-6,0
14:56:50:366,7.652531830967993,3.9698078489529567,371.46508306561117,0.019849143046212343,-0.1624407448263454,0.007143188049105304,371.565106750786,1,-9,0
14:56:50:496,err,err,err,err,err,err,err,err,err,err
14:56:50:612,7.452265012382615,3.9397935674329947,371.3980248471166,-0.1167299400434399,0.1461235887261085,0.0025804422746431143,371.4936757032456,-7,8,0
14:56:50:733,7.635615857948946,4.033861537172836,375.03200528099353,-0.05606020723736686,0.14794055382822696,0.005923306616699655,375.1314165109534,-3,8,0
14:56:50:858,7.607292162548332,3.971844091814884,373.62942838559496,-0.09508808456740178,0.16321231051154955,0.009102508759401984,373.727970849497,-5,9,0
14:56:50:978,7.5903369520239,3.9568667509703355,373.64594420416194,0.004381788545909525,-0.05479928503591757,0.0055104828725167036,373.74397872039344,0,-3,0
14:56:51:105,7.592369061634371,3.891678411536952,371.83372580702786,-0.01916149956852921,0.18382749431153964,0.0026848771317536943,371.9315916621803,-1,11,0
14:56:51:230,7.672782131464378,4.044445842551776,376.7821767235344,0.04666565603165676,-0.127160865385082,4.642047841324261e-05,376.88199456107606,3,-7,0
14:56:51:352,7.4795849474340566,3.9177767685565756,371.4298958863479,-0.04166351485242742,0.179438954146907,0.0057161057697500016,371.52585471799586,-2,10,0
14:56:51:476,7.6343226681212295,3.9561182065725813,373.27332453018676,0.019283429870488266,-0.0970423826322159,0.007948194060826499,373.3723457350363,1,-6,0
14:56:51:633,7.446423195795103,3.8879673828428074,370.06845206566095,-0.10902959161467599,0.2285050559288324,0.008539413929119218,370.1637809444021,-6,13,0
14:56:51:760,7.477426875460654,3.9318068023884987,370.9743315845025,-0.1347912572614599,0.16933292221219393,0.005043037745167299,371.07051312651834,-8,10,0
14:56:51:889,7.594975149789765,3.976481294177307,373.4425640526861,-0.05807248636854536,0.17432745595615654,0.004387311168350165,373.540954511354,-3,10,0
14:56:52:008,7.651019452032666,4.0981526931960905,375.3224943757959,0.04096221225234445,-0.010167681514052,0.008574422487253035,375.4228385948589,2,-1,0
14:56:52:129,7.629213671160511,4.047555813259388,371.8000558649554,0.02270862517170755,-0.1838873829049456,0.007195405382727583,371.90034841404173,1,-11,0
14:56:52:255,7.6161774859383184,4.067368620323931,373.2507662929696,0.027439761784578045,-0.18016902077647035,0.0005809886749141061,373.35061830038524,2,-10,0
14:56:52:373,7.555179846687795,3.939267010245499,373.33363948775263,-0.05369095097910377,0.19269994245421798,0.00959457183682091,373.43085697390495,-3,11,0
14:56:52:499,7.53622065019641,4.043509950723008,375.174761907878,-0.020758504545251688,0.09217589485256217,-0.0018036954624762462,375.2722299438675,-1,5,0
14:56:52:619,7.648414605482614,3.9491416337896204,369.0217981083947,0.05835646659437555,-0.19450287707552624,0.003120670592284322,369.1221768531036,3,-11,0
14:56:52:743,7.6008210917560195,4.04982034127073,372.94301993841833,0.10409458875455888,-0.11915821936742188,0.0058526780469692905,373.0424501941474,6,-7,0
14:56:52:867,7.6070865098904505,4.130085855835039,375.24310511810717,0.028086067265150828,0.1143924598827777,0.002631480910945717,375.34292761823065,2,7,0
14:56:52:986,7.536154293611238,4.044415445008581,370.1675701551184,0.08556478402648338,-0.20332706587180885,0.009243825961282474,370.266364813729,5,-12,0
14:56:53:109,7.697885147135361,4.033973852168177,372.1198891366495,0.08726733090109448,-0.13148910027391028,0.007427809149630405,372.2213619230508,5,-8,0
14:56:53:236,7.6927410792814825,3.966642504287764,371.65778917648316,-0.0018030258050864688,-0.1744100407569107,0.004842446838273896,371.7585570953558,0,-10,0
14:56:53:358,7.5597569666414195,4.076537000777793,375.0469884252341,-0.02881930906736942,0.15281494579529542,0.005703060245065026,375.14532065074604,-2,9,0
14:56:53:483,7.659418309383577,4.060141288279951,375.4558679499221,0.030229667419995377,-0.14427805749398637,0.012255518350673757,375.55593486742856,2,-8,1
14:56:53:605,7.569576969963692,3.958961279889478,372.4785665056211,-0.0861903308856921,0.1956849926053241,0.0018936565001259204,372.5765080839132,-5,11,0
14:56:53:726,7.706660119488699,3.946992707785488,374.9481927023603,0.04335687827946439,-0.10199038307668437,0.006583352933501705,375.0481550046593,2,-6,0
14:56:53:851,7.557550240463169,3.9699401795252056,371.958347900876,-0.002070788170052038,0.19761584223133,0.0076241453279392276,372.0562989169989,0,11,0
14:56:54:016,7.620167590045777,4.090357682457545,374.0312560440726,0.0722139306453768,-0.1225811305446919,0.003479346828933226,374.13123162598635,4,-7,0
14:56:54:132,7.61811902693891,4.019283846187034,374.37178695103023,-0.08843850925093424,0.16192878016279566,0.0034843357156577417,374.4708603416992,-5,9,0
14:56:54:256,7.514539952185959,3.917551880734024,370.9109743579326,0.1123741794103952,-0.09967590839968889,0.0018951121720717395,371.0077713776117,6,-6,0
14:56:54:384,7.6022877147544765,3.948106510846831,373.6838501849072,-0.03350869593503599,0.1678824824687065,0.006922562433288644,373.78202499924345,-2,10,0
14:56:54:504,err,err,err,err,err,err,err,err,err,err
14:56:54:629,err,err,err,err,err,err,err,err,err,err
14:56:54:746,err,err,err,err,err,err,err,err,err,err
14:56:54:872,7.604472489705555,3.972622316836856,373.8400500570571,-0.10747866500798725,0.1867151497921205,0.006360675321888746,373.9384879316141,-6,11,0
14:56:54:996,7.550074647960065,3.884544089963632,371.64394734386235,-0.03977979468102141,0.2035776764467572,0.005380801473358956,371.7409271351544,-2,12,0
14:56:55:120,7.700561029326463,3.8096556623325935,372.1696202355289,0.06757686715673307,-0.15312521293126294,0.002683238734428402,372.26877164582277,4,-9,0
14:56:55:248,7.636656504415073,3.8736985655596636,374.99435440025746,-0.13028400218577704,0.1432758513383737,0.0027500564529540643,375.09210854829934,-8,8,0
14:56:55:365,7.585724691820625,3.967108969662121,372.98218986641194,-0.07658393858610038,0.17832138792244956,0.0046733632325758985,373.0804137585106,-4,10,0
14:56:55:489,7.6012084852038475,3.8435935483406194,372.1828472688549,-0.09949452092726213,0.1950308574586776,0.00229419465986196,372.2803021688794,-6,11,0
14:56:55:657,err,err,err,err,err,err,err,err,err,err
14:56:55:773,err,err,err,err,err,err,err,err,err,err
14:56:55:899,err,err,err,err,err,err,err,err,err,err
14:56:56:024,err,err,err,err,err,err,err,err,err,err
14:56:56:151,7.8117717176834205,3.8681228263367258,375.57364877744146,-0.006709698524848337,-0.05509201853269802,0.003848211977240074,375.6747952785358,0,-3,0
14:56:56:267,err,err,err,err,err,err,err,err,err,err
14:56:56:391,err,err,err,err,err,err,err,err,err,err
14:56:56:516,err,err,err,err,err,err,err,err,err,err
14:56:56:639,err,err,err,err,err,err,err,err,err,err
14:56:56:793,err,err,err,err,err,err,err,err,err,err
14:56:56:923,err,err,err,err,err,err,err,err,err,err
14:56:57:055,err,err,err,err,err,err,err,err,err,err
14:56:57:174,err,err,err,err,err,err,err,err,err,err
14:56:57:290,err,err,err,err,err,err,err,err,err,err
14:56:57:413,err,err,err,err,err,err,err,err,err,err
14:56:57:540,7.573895072994949,3.694544218440395,372.1248959953879,-0.11377218326502993,0.1729168498530992,0.007941238295749766,372.2203000417051,-7,10,0
14:56:57:661,7.585255634232961,3.831787814489146,373.50996065434117,-0.05356210520527142,0.1016176671320572,0.012886659126119759,373.60662388252626,-3,6,1
14:56:57:785,7.415822832610726,3.7687383661503846,371.1619822729166,-0.04298764849807661,0.11973181848431465,0.003707067772973488,371.2551883838366,-2,7,0
14:56:57:905,err,err,err,err,err,err,err,err,err,err
14:56:58:032,err,err,err,err,err,err,err,err,err,err
14:56:58:154,7.283595895687862,3.8071439556543756,369.2392180245459,-0.09585200807720275,-0.056033328130346206,0.00913716389036957,369.3306719481187,-6,-3,1
14:56:58:274,err,err,err,err,err,err,err,err,err,err
14:56:58:399,7.547769042320888,3.787965304583986,374.1558547084219,-0.14184311381202763,0.011186622857514917,0.011816144278765713,374.2511471074667,-8,1,1
14:56:58:520,7.483279684439026,3.7732636841735614,372.4086318523901,-0.09801827276863187,0.10834260467094571,0.005306571004117896,372.50292089033996,-6,6,0
14:56:58:645,7.4704585102816035,3.7986422095674124,372.09180957891056,-0.14447484097939894,0.002236301639258958,0.010153835488510652,372.18617947030003,-8,0,1
14:56:58:770,7.448453137444213,3.7779735799018144,372.61591232574716,-0.08586546745076432,-0.0220713388528169,0.006045252988720108,372.7094990161373,-5,-1,0
14:56:58:894,7.411903432227828,3.7011073189239685,370.996955363447,-0.012695104265026149,-0.13283398416078873,0.004536191772638209,371.0894439307353,-1,-8,0
14:56:59:012,7.439516651776305,3.8237661937715557,373.6033087292975,-0.10241102451310438,-0.07440473630705466,7.493182409841642e-05,373.69693588440816,-6,-4,0
14:56:59:191,err,err,err,err,err,err,err,err,err,err
14:56:59:304,err,err,err,err,err,err,err,err,err,err
14:56:59:422,err,err,err,err,err,err,err,err,err,err
14:56:59:544,7.177619001919866,3.924756329378304,369.5464896444737,0.18034348734861994,-0.032857994918669205,0.003423980102778919,369.6370245732086,10,-2,0
14:56:59:669,7.8168929940311225,5.4194772404669695,343.31900318274745,0.7181456534619678,-0.04156789700084197,0.1395091902568574,343.45074245957807,41,-5,7
14:56:59:794,7.324916449795213,3.904659715462061,371.4827701396242,-0.11520880682213967,-0.04195587905493114,0.01130182481426692,371.5754960692361,-7,-2,1
14:56:59:919,err,err,err,err,err,err,err,err,err,err
14:57:00:042,7.352218284785116,3.976342224055445,371.642364169388,0.1507469784079944,-0.09416383511357847,0.00905479343909171,371.7363491193751,9,-5,0
14:57:00:160,err,err,err,err,err,err,err,err,err,err
14:57:00:284,err,err,err,err,err,err,err,err,err,err
14:57:00:406,err,err,err,err,err,err,err,err,err,err
14:57:00:537,7.304479071468225,4.0033068042393625,371.8170478283977,0.11648338323152543,-0.056723422641244955,0.007963715910371445,371.91033722619136,7,-3,0
14:57:00:655,7.337153570260897,3.9096565415988245,371.13600084138176,0.0782007842723419,-0.08700959918826853,0.00960976516005204,371.2291076374817,4,-5,0
14:57:00:774,err,err,err,err,err,err,err,err,err,err
14:57:00:899,err,err,err,err,err,err,err,err,err,err
14:57:01:028,7.866454664884823,5.325017292017869,343.23956414881104,0.7343099558056535,-0.019693481479117272,0.13172251484557213,343.3709878764086,42,-4,6
14:57:01:150,err,err,err,err,err,err,err,err,err,err
14:57:01:271,err,err,err,err,err,err,err,err,err,err
14:57:01:396,err,err,err,err,err,err,err,err,err,err
14:57:01:517,err,err,err,err,err,err,err,err,err,err
14:57:01:641,err,err,err,err,err,err,err,err,err,err
14:57:01:766,7.406267471012212,4.105512930955137,373.3565282292607,0.027608783960744517,0.06231047386276748,0.009282327818088494,373.4525474617694,2,4,1
14:57:01:887,7.891982081689247,5.392814801156262,341.0259892568022,0.7400809819969492,-0.03135387042166837,0.13606814798349054,341.1599202445062,42,-4,6
14:57:02:031,err,err,err,err,err,err,err,err,err,err
14:57:02:130,err,err,err,err,err,err,err,err,err,err
14:57:02:255,err,err,err,err,err,err,err,err,err,err
14:57:02:376,7.443440287242627,3.940385101426626,371.86321213470615,-0.15467795927877293,-0.0576580737294753,0.01047225168661819,371.95857293144724,-9,-3,1
14:57:02:499,7.414817861617578,4.045821119955505,372.4569529947833,0.10994746031276863,-0.016520288117428682,0.010355575263434688,372.55272113704103,6,-1,1
14:57:02:624,err,err,err,err,err,err,err,err,err,err
14:57:02:746,err,err,err,err,err,err,err,err,err,err
14:57:02:874,err,err,err,err,err,err,err,err,err,err
14:57:02:990,err,err,err,err,err,err,err,err,err,err
14:57:03:109,err,err,err,err,err,err,err,err,err,err
14:57:03:235,err,err,err,err,err,err,err,err,err,err
14:57:03:358,7.254386779770472,4.099470357238816,372.74222347110236,-0.1386129587209763,0.05157929174491093,0.01225420538560216,372.8353483012865,-8,3,0
14:57:03:484,7.308097496751598,3.951129596464151,372.9067636108848,-0.17634925001867563,-0.03961991026084452,0.004106029461037766,372.9992949870742,-10,-2,0
14:57:03:605,err,err,err,err,err,err,err,err,err,err
14:57:03:726,err,err,err,err,err,err,err,err,err,err
14:57:03:854,err,err,err,err,err,err,err,err,err,err
14:57:03:973,err,err,err,err,err,err,err,err,err,err
14:57:04:098,err,err,err,err,err,err,err,err,err,err
14:57:04:264,7.849194298499436,4.165472418147019,372.7281113971583,-0.20400141643713682,-0.011681680318182026,0.008178465487157253,372.83401942056514,-12,-1,1
14:57:04:422,err,err,err,err,err,err,err,err,err,err
14:57:04:577,err,err,err,err,err,err,err,err,err,err
14:57:04:754,err,err,err,err,err,err,err,err,err,err
14:57:04:872,err,err,err,err,err,err,err,err,err,err
14:57:04:995,err,err,err,err,err,err,err,err,err,err
14:57:05:124,7.722063898078183,3.9500687514695123,373.80753231359046,-0.03298535125258416,0.12001758686164922,-0.00046008800768802545,373.90814985550037,-2,7,0
14:57:05:250,7.505622980753871,3.9734581721858127,373.8519705496427,-0.1015503100328746,-0.01849350081982153,0.0023221324979583076,373.94841707116,-6,-1,0
14:57:05:373,7.661266449441595,4.0378526337073675,370.7763562393862,-0.13557092405657056,-0.02885676732562682,-0.0010026748119508586,370.8774805830857,-8,-2,0
14:57:05:492,7.738282796423444,3.955492091520086,372.8452444173755,-0.13506588161438013,-0.0016618044032033713,0.004662802278708335,372.9465152310395,-8,0,0
14:57:05:616,err,err,err,err,err,err,err,err,err,err
14:57:05:740,err,err,err,err,err,err,err,err,err,err
14:57:05:860,7.653847808495141,3.995215500937364,370.4937655244178,-0.15584337115114374,0.0011468981688985706,0.006648578312905679,370.5943515835567,-9,0,0
14:57:05:984,err,err,err,err,err,err,err,err,err,err
14:57:06:106,7.627225076406495,3.9790348394308084,373.190048350244,-0.03188556135016867,-0.0842483082591935,0.008967147595041608,373.2891901304899,-2,-5,1
14:57:06:229,err,err,err,err,err,err,err,err,err,err
14:57:06:354,err,err,err,err,err,err,err,err,err,err
14:57:06:474,err,err,err,err,err,err,err,err,err,err
14:57:06:600,7.6741432991135925,4.089834442162935,374.8997820428938,0.030530926075985596,-0.007582420852851422,0.0032781439752635126,375.00062106208424,2,0,0
14:57:06:718,err,err,err,err,err,err,err,err,err,err
14:57:06:843,7.805952483587121,4.115553554110472,373.41400737718317,-0.09517538251048986,0.07314464155380773,0.005855197984351252,373.51826137515656,-5,4,0
14:57:06:969,err,err,err,err,err,err,err,err,err,err
14:57:07:211,err,err,err,err,err,err,err,err,err,err
14:57:07:335,err,err,err,err,err,err,err,err,err,err
14:57:07:460,err,err,err,err,err,err,err,err,err,err
14:57:07:578,err,err,err,err,err,err,err,err,err,err
14:57:07:701,7.848728365499291,4.134129567157402,372.891248891214,-0.17190076849598782,0.0029736402873615556,0.0064415364163212556,372.9967520822168,-10,0,0
14:57:07:833,err,err,err,err,err,err,err,err,err,err
14:57:07:951,err,err,err,err,err,err,err,err,err,err
14:57:08:077,err,err,err,err,err,err,err,err,err,err
14:57:08:199,7.612419600383873,4.164745526711794,374.1062480716166,-0.07615876563159282,0.16917229617696178,0.006141636036194972,374.20686643044985,-4,10,0
14:57:08:318,8.129506883990215,3.9541762609782403,356.7968381235632,-0.260339288821836,-0.4780983778773955,-0.054284888415961144,356.91134485618676,-15,-27,1
14:57:08:443,err,err,err,err,err,err,err,err,err,err
14:57:08:564,err,err,err,err,err,err,err,err,err,err
14:57:08:690,err,err,err,err,err,err,err,err,err,err
14:57:08:812,err,err,err,err,err,err,err,err,err,err
14:57:08:937,err,err,err,err,err,err,err,err,err,err
14:57:09:086,err,err,err,err,err,err,err,err,err,err
14:57:09:223,err,err,err,err,err,err,err,err,err,err
14:57:09:346,err,err,err,err,err,err,err,err,err,err
14:57:09:467,err,err,err,err,err,err,err,err,err,err
14:57:09:592,err,err,err,err,err,err,err,err,err,err
14:57:09:716,err,err,err,err,err,err,err,err,err,err
14:57:09:833,err,err,err,err,err,err,err,err,err,err
14:57:09:962,err,err,err,err,err,err,err,err,err,err
14:57:10:096,err,err,err,err,err,err,err,err,err,err
14:57:10:210,err,err,err,err,err,err,err,err,err,err
14:57:10:330,err,err,err,err,err,err,err,err,err,err
14:57:10:451,err,err,err,err,err,err,err,err,err,err
14:57:10:619,err,err,err,err,err,err,err,err,err,err
14:57:10:739,err,err,err,err,err,err,err,err,err,err
14:57:10:862,8.43333750428225,3.848912632349632,366.46564787327776,0.18480601009972536,0.4452738049276925,-0.04541924939206851,366.58287791588657,11,26,0
14:57:10:988,err,err,err,err,err,err,err,err,err,err
14:57:11:105,err,err,err,err,err,err,err,err,err,err
14:57:11:233,err,err,err,err,err,err,err,err,err,err
14:57:11:351,err,err,err,err,err,err,err,err,err,err
14:57:11:476,err,err,err,err,err,err,err,err,err,err
14:57:11:605,7.995260207774137,3.84076061943266,375.2931783602999,-0.13437811663956226,0.2295812586230115,0.007410933331732916,375.397982615386,-8,13,0
14:57:11:720,err,err,err,err,err,err,err,err,err,err
14:57:11:849,err,err,err,err,err,err,err,err,err,err
14:57:11:968,7.992754997687899,3.893925776083099,377.2424508951223,0.012442216362298121,-0.1359435105461114,0.018914210932679292,377.34720556506244,1,-8,1
14:57:12:092,7.67904937897963,3.9537365523942385,374.25930724461597,0.09525965582038054,-0.15904442038172362,0.010065072346908243,374.35895727404517,5,-9,0
14:57:12:217,err,err,err,err,err,err,err,err,err,err
14:57:12:337,err,err,err,err,err,err,err,err,err,err
14:57:12:464,err,err,err,err,err,err,err,err,err,err
14:57:12:582,err,err,err,err,err,err,err,err,err,err
14:57:12:707,err,err,err,err,err,err,err,err,err,err
14:57:12:835,err,err,err,err,err,err,err,err,err,err
14:57:12:957,err,err,err,err,err,err,err,err,err,err
14:57:13:073,err,err,err,err,err,err,err,err,err,err
14:57:13:199,7.645753889917018,3.6107380304562295,374.2332290599627,-0.11091411979554539,0.20071953298476874,0.00609431578284396,374.32873883034455,-6,11,0
14:57:13:324,7.75693391388348,3.957379786458165,374.62429000846157,0.09211622204090968,-0.15065254588842075,0.009760412996854043,374.7254855795941,5,-9,0
14:57:13:446,err,err,err,err,err,err,err,err,err,err
14:57:13:567,err,err,err,err,err,err,err,err,err,err
14:57:13:691,err,err,err,err,err,err,err,err,err,err
14:57:13:813,err,err,err,err,err,err,err,err,err,err
14:57:13:938,err,err,err,err,err,err,err,err,err,err
14:57:14:057,err,err,err,err,err,err,err,err,err,err
14:57:14:185,8.098841009664053,4.356788434067195,373.0556874048106,-0.17025322421308536,0.2387007622524915,0.012735857978643732,373.16902167280017,-10,14,0
14:57:14:305,8.359043992201736,4.528210284178263,373.75389469217674,-0.0679066415562926,-0.06613044257286468,0.0006851405032825261,373.87478131376025,-4,-4,0
14:57:14:431,7.967362607862799,4.490880962848656,373.4481426283699,-0.04966683084430825,0.15085357636504462,0.004515614017336125,373.5601184700087,-3,9,0
14:57:14:552,8.538920725149493,4.74134057154448,367.9746457898715,-0.03792049723337606,0.2500547585074446,-0.0030033011034669654,368.1042426022106,-2,14,0
14:57:14:675,8.50081880633483,4.7416595235028405,371.33219125931987,-0.1069479641995852,-0.11151784172533392,0.005791806024774763,371.4597468378816,-6,-6,1
14:57:14:801,8.585065681194896,4.963969183407217,371.3030616742169,-0.08227266931858176,-0.1690901355451059,0.0007938370610032033,371.43546943103263,-5,-10,0
14:57:14:962,8.3934424053467,4.84697009305722,370.65008976438816,-0.07162706000617912,0.23333910520598278,0.00048634650019990534,370.776795440119,-4,13,0
14:57:15:084,8.162093837793098,4.683088279161813,371.301973639783,-0.031326312232187875,0.18016580814800634,-0.0024388837637267136,371.42119853401675,-2,10,0
14:57:15:212,7.715336183058021,4.145099938541614,373.7554794876094,0.01881132331595948,-0.10312057309027328,0.0028328598109234643,373.85808365331746,1,-6,0
14:57:15:373,7.551079084723032,4.054746814867484,370.1359248316619,-0.006257953396378263,0.2067635903006197,0.0037047145254308932,370.2351450336206,0,12,0
14:57:15:495,7.679904860965904,4.07530887250483,372.7323209334182,0.07796343851416766,-0.15265709639200234,0.007548426521199548,372.83370575833464,4,-9,0
14:57:15:617,7.5853700753024915,3.9489918125755796,369.20979310365476,0.0500846251176706,-0.21652435542715942,0.0030570007954926247,369.3088188754212,3,-12,0
14:57:15:743,7.611059710862365,3.920299075536894,372.3479936985142,-0.08813993744243741,0.1812119607526519,0.007100949769922951,372.4464060587412,-5,10,0
14:57:15:867,7.580880838575834,3.932065640991499,372.90529717404195,-0.06346200018714149,0.18770129515219122,0.004427930033239933,373.0030717768344,-4,11,0
14:57:15:992,7.555396654709631,3.9626560232775403,371.894458198481,-0.03000469943410649,0.20027204608730817,0.005228360820746048,371.9923046248545,-2,11,0
14:57:16:109,7.573633016247654,4.001270199214081,372.6511841947253,0.07748370021178935,-0.07192334322713113,-0.0006541899045573228,372.74961456989195,4,-4,0
14:57:16:239,7.5375497981348145,3.9441270945591165,371.10747907100944,-0.07198445904660254,0.21076972561689364,0.0030024951124433354,371.2049727818003,-4,12,0
14:57:16:358,7.5305926443721525,3.9244050297376836,373.0478887665647,0.04810524408778037,-0.1340819769830865,0.005277051867422155,373.14452708515523,3,-8,0
14:57:16:480,7.534933954578132,3.93636045996204,370.48258675318084,0.07523177583157467,-0.18834310522235687,0.0064940281121607935,370.5801090866842,4,-11,0
14:57:16:599,7.4360985166116444,4.001830065829201,369.33441087516724,0.09949224470745698,-0.17764426113368417,0.003686859277759708,369.4309370660928,6,-10,0
14:57:16:723,7.580880838575834,3.932065640991499,372.90529717404195,-0.06346200018714149,0.18770129515219122,0.004427930033239933,373.0030717768344,-4,11,0
14:57:16:853,7.530620132860917,4.045082478795616,372.44408250663344,0.11032774565227763,-0.1637708728978324,0.003680189380493311,372.54216878905623,6,-9,0
14:57:16:970,7.548180087165377,3.948724242175958,368.76275635542055,0.06902378325127267,-0.2313990136835046,0.0056176469411743715,368.8611363651859,4,-13,0
14:57:17:098,7.472006609694034,3.8840286234509747,371.47251798855086,-0.03185493773839586,0.20834476595420948,0.0054418861697261315,371.56795903559464,-2,12,0
14:57:17:216,7.524229256305128,4.007163549715494,370.7549033945098,0.05737336165337431,-0.1585295757997709,-0.0012765047234706243,370.8528950631071,3,-9,0
14:57:17:341,7.441882870986772,3.897689142852405,371.605279720706,0.01679370026086296,0.16986253327132989,3.231527409915578e-05,371.70022533975407,1,10,0
14:57:17:466,7.654577566215075,4.049709965778643,372.920733085265,0.10539362635126766,-0.1679331562239863,0.008645985017701573,373.0212673204781,6,-10,0
14:57:17:588,7.550074647960065,3.884544089963632,371.64394734386235,-0.03977979468102141,0.2035776764467572,0.005380801473358956,371.7409271351544,-2,12,0
14:57:17:713,7.6287638215088815,3.924221610801698,371.81921844957066,0.09917523799618085,-0.16671900395061467,0.005047578404616034,371.91817481960277,6,-10,0
14:57:17:837,7.653668543116604,4.035387742056275,373.2590822321129,0.043456372894078645,-0.16512872806077247,0.005553154072119209,373.35935165086715,2,-9,0
14:57:17:952,7.445760481384042,3.8981621849575188,375.17883646798583,-0.012983692382678973,0.1648645755512919,0.002896241461696397,375.27295979198664,-1,9,0
14:57:18:078,7.593770383249682,3.903360944211858,371.44462695927933,0.04476948043053598,-0.1996202757484761,0.009682994139062534,371.5427464938758,3,-11,0
14:57:18:197,7.512659070251613,3.891198839414791,371.60885393593014,-0.008846865428783178,0.18980077706559337,0.0026937342648408074,371.7051543875726,0,11,0
14:57:18:322,7.512659070251613,3.891198839414791,371.60885393593014,-0.008846865428783178,0.18980077706559337,0.0026937342648408074,371.7051543875726,0,11,0
14:57:18:477,7.512659070251613,3.891198839414791,371.60885393593014,-0.008846865428783178,0.18980077706559337,0.0026937342648408074,371.7051543875726,0,11,0
14:57:18:615,7.559835336523937,4.004216197164558,370.24173424985713,0.06973949692803283,-0.18124792280419988,0.0011419717481249367,370.34055494640444,4,-10,0
14:57:18:731,7.615105587213587,3.8890675755658792,373.62801860777887,0.026736728032520588,-0.14345760561533935,0.003144634543529389,373.725850013732,2,-8,0
14:57:18:858,7.462012563498021,3.8878011367147067,369.47242671327035,-0.06757547742037776,0.24397779395943284,0.006678861459999198,369.5682220247966,-4,14,0
14:57:18:980,7.553942226627897,3.910968751396592,369.884519974116,0.011215098798598543,-0.19640217874098423,0.003580195160071367,369.9823182751033,1,-11,0
14:57:19:104,7.499658750921675,3.945364768101107,368.35650721383274,0.07473335362622299,-0.21580854068524566,0.005327075627207639,368.45396889069883,4,-12,0
14:57:19:227,7.471880970966608,3.893936023439763,371.9915648727022,-0.017492109180025767,0.23619980540836538,0.002416282311450025,372.0869738104799,-1,14,0
14:57:19:349,7.463664800425051,3.874282041409205,371.13953077829984,-0.05869621384655892,0.21426564733109796,0.0030342651319675957,371.2347877825111,-3,12,0
14:57:19:471,7.546333952305735,3.9347568787337384,369.99419774236185,0.08874986441606579,-0.13686706198464413,0.006057293221892476,370.0920639933102,5,-8,0
14:57:19:594,7.562216856096245,3.885206376109975,373.11576448642995,0.035802052378702195,-0.12205256926700331,0.002802595114083114,373.2126145518887,2,-7,0
14:57:19:719,7.569708047448222,3.8222766363322225,370.85915852628096,0.04087019434089228,-0.17332114070876573,0.003966855271174487,370.9560967842818,2,-10,0
14:57:19:883,7.512860337605639,3.8511616635982064,371.8790101904501,-0.039400022346635456,0.22419432134837802,0.0051546704536452196,371.97482809572,-2,13,0
14:57:20:004,7.647350088842392,3.8472793897243953,373.2926431441078,0.02265647172342589,-0.15238689014190948,0.0033477974666975435,373.3907885146581,1,-9,0
14:57:20:130,7.567366834655681,3.8798782827490523,373.75911670688123,-0.015960840120386215,0.14920012728203746,0.0016290894062271151,373.8558489816727,-1,9,0
14:57:20:254,7.652594050020635,3.8877019947793414,373.19198545175755,0.04143994798888927,-0.16692867256355406,0.005532574810558537,373.2906835536074,2,-10,0
14:57:20:372,7.5653861628672985,3.786554272633496,370.46730777730846,-0.09494562131462835,0.20628357974575043,0.00570502570548264,370.56389353635075,-5,12,0
14:57:20:499,7.697694602930965,3.8489233639714264,372.0873437751743,0.07965711767129009,-0.13474931937039925,0.007439665944048659,372.18686181933725,5,-8,0
14:57:20:620,7.547495072004464,3.8456980514795056,371.52084536748674,-0.04414202714768644,0.20504854517382226,0.00547304276112666,371.61740085461156,-3,12,0
14:57:20:742,7.594886542754929,3.829445699129518,373.423781293883,-0.06041275418196778,0.17361334968102013,0.004470159234922321,373.5206385084788,-3,10,0
14:57:20:864,7.5456985792861655,3.749908567530276,369.4293514755005,0.10024586972820942,-0.17505682292294075,0.0035047888545985846,369.52543229515766,6,-10,0
14:57:20:989,7.582651892371274,3.8510569103041177,373.03694134585805,0.04730866904778792,-0.07266348016672178,0.0024462728645929703,373.13387256817145,3,-4,0
14:57:21:114,7.641584617547443,3.8523848147878628,372.6027683902387,0.0705889545121323,-0.15653462861199294,0.00790727133422129,372.701029910434,4,-9,0
14:57:21:229,7.5695568632516625,3.703696132992791,372.4827808452133,-0.08556250604472791,0.19566299344942253,0.001954737757769373,372.57809595081505,-5,11,0
14:57:21:374,7.602926269565093,3.848082725917568,373.5282437305079,0.014240722319579688,-0.11158222747476482,0.0029351307215731777,373.62542886281665,1,-6,0
14:57:21:541,7.542453714378974,3.809910231722855,372.4374544687458,-0.10005069070645593,0.17447446473587142,0.007550801698677425,372.53330255853155,-6,10,0
14:57:21:687,7.644438320311063,3.841915579948523,370.5684404749762,0.11722121318399648,-0.1719770535041336,0.007280378252178906,370.66719146508296,7,-10,0
14:57:21:809,7.559396115171797,3.876806402651795,373.79791089393854,-0.03165583045482486,0.1844050418972463,0.0016841464107315168,373.89444003111697,-2,11,0
14:57:21:963,7.527870096164138,3.943625138475339,373.217517338062,-0.027544980748823892,0.12198343463973348,0.0017983420459289294,373.3142593786154,-2,7,0
14:57:22:095,7.588200217937431,3.8732833374001987,375.775573619664,0.004940236974665403,0.09259214826839356,0.0030183874750121954,375.87213894560847,0,5,0
14:57:22:219,7.623848212406067,3.847714266518653,372.54303154873156,0.05678999699043222,-0.11258530848539794,0.004969540623188059,372.6408972753283,3,-6,0
14:57:22:383,7.611347781137393,3.806986731250817,371.7169860072823,0.07679465133733768,-0.1295208965220202,0.0021479769259469955,371.8143938168013,4,-7,0
14:57:22:507,7.582651892371274,3.8510569103041177,373.03694134585805,0.04730866904778792,-0.07266348016672178,0.0024462728645929703,373.13387256817145,3,-4,0
14:57:22:631,7.575110452885293,3.7773024175289263,372.6299523362399,-0.09231256614129937,0.18717703876976788,0.0020542732748768384,372.7260813117796,-5,11,0
14:57:22:934,7.556902837820119,3.837554361395921,373.67873488084047,-0.03706392150712078,0.18600556605312477,0.0017890015113691971,373.77483931656286,-2,11,0
14:57:23:094,7.524449277983567,3.7684547694702717,372.08738726148414,-0.105299327562513,0.21217572487324773,0.004676282535498081,372.1825390146133,-6,12,0
14:57:23:211,7.647290744446899,3.8380115170496536,374.48210901931,0.06716271874971409,-0.05781399907255341,0.005861857594830222,374.57984644623565,4,-3,0
14:57:23:344,7.611347781137393,3.806986731250817,371.7169860072823,0.07679465133733768,-0.1295208965220202,0.0021479769259469955,371.8143938168013,4,-7,0
14:57:23:501,7.593502880495454,3.7402661089799794,372.3713621600142,0.07166308341413655,-0.14825022288406678,0.002185941428507688,372.46755863224723,4,-8,0
14:57:23:654,7.521001682038446,3.78758848832634,373.27572452822614,-0.07885628785100152,0.1527970260490709,-0.0004468314562661552,373.37069758475997,-5,9,0
14:57:23:815,7.611347781137393,3.806986731250817,371.7169860072823,0.07679465133733768,-0.1295208965220202,0.0021479769259469955,371.8143938168013,4,-7,0
14:57:23:943,7.556374210170357,3.8405703931528263,374.7803046953854,0.0641881014419728,-0.09978091219852325,0.006364623278151813,374.8761469601858,4,-6,0
14:57:24:068,7.562762613819371,3.7838804364277694,375.41872148744767,-0.044290778276464216,0.15659540096539554,0.00047182015785160035,375.513953898893,-3,9,0
14:57:24:187,7.566184021732289,3.807713631865273,372.85413992422247,0.03176630889287744,-0.16135514688299155,0.00021777455731476975,372.95033916378827,2,-9,0
14:57:24:309,7.637354383266213,3.79569201179623,373.5966553572767,0.08413986321309865,-0.08760057537747828,0.0031325654169686887,373.69398891869776,5,-5,0
14:57:24:432,7.551721760570171,3.8081895604213805,372.4625580518086,0.05052493113798053,-0.1351197132414211,-6.301414117450003e-05,372.5585698380512,3,-8,0
14:57:24:559,7.623848212406067,3.847714266518653,372.54303154873156,0.05678999699043222,-0.11258530848539794,0.004969540623188059,372.6408972753283,3,-6,0
14:57:24:680,7.588320898589967,3.788236154572569,374.1749573441738,-0.14317280745685151,0.1233105651614621,0.0028381984005421217,374.2710676110792,-8,7,0
14:57:24:801,7.584452141074332,3.8298434538545387,375.6629027673912,-0.016587841682716285,0.09993680636165447,0.003275607499265702,375.7589761147213,-1,6,0
14:57:24:928,7.610455402378342,3.7542238242491694,370.7259255814226,0.06368907411358737,-0.19794444468370256,0.0013699465386837054,370.82303748035486,4,-11,0
14:57:25:047,7.526523171575597,3.8488907410692765,372.65207668766476,0.056978818849758826,-0.1450821617678279,0.005340219572448312,372.74794804347096,3,-8,0
14:57:25:172,7.548407605084314,3.851643837540003,372.470945897609,0.07327616267872798,-0.10650012132708357,0.005042645259491899,372.56733506237947,4,-6,0
14:57:25:292,7.519114649864411,3.742928949511595,372.31616335842074,0.08287350052757571,-0.14463957126421662,0.00231611115224947,372.4108914897269,5,-8,0
14:57:25:416,7.614583668433315,3.8500958149146265,372.6645526748375,0.06075096115660006,-0.18663213709863605,0.008089469671106632,372.7622217212527,3,-11,0
14:57:25:540,7.476266826230909,3.8461231778308442,371.83276730628813,0.08113712553318307,-0.14235272885841077,0.007674619035251969,371.92780760761656,5,-8,0
14:57:25:660,7.602303482157739,3.8097582771039207,371.9508254625146,0.07776654517980328,-0.1962076075302414,0.005251502785858468,372.0480155015086,4,-11,0
14:57:25:919,7.4955517523773345,3.7980309555634633,373.6249752452862,-0.04770668506039808,0.12481367105930312,-0.0030207423664905296,373.71945421967627,-3,7,0
14:57:26:033,7.580638520319228,3.7985993124994892,374.549595258161,0.05576795212339746,-0.08907271846004292,0.0009477725265735525,374.6455588221551,3,-5,0
14:57:26:155,err,err,err,err,err,err,err,err,err,err
14:57:26:279,7.572585305909243,3.8102691311241004,372.24140123912827,0.0663140272804834,-0.09612781680172292,-0.0003529060953242313,372.33791506578615,4,-6,0
14:57:26:439,7.502394812232458,3.848792467160114,373.4112956840657,0.023119946825991073,-0.14941228922796274,0.0032550349533159366,373.5064857212343,1,-9,0
14:57:26:566,7.548166197194935,3.7554675862689044,370.63479115031726,0.07051494869362984,-0.12383080495569021,-0.001566037988030874,370.7306660646935,4,-7,0
14:57:26:685,7.4090802492863,3.8516487809361086,373.23804004931355,-0.1319519910123242,0.15796114088580396,-0.003935507896759599,373.331440155159,-8,9,-1
14:57:26:811,7.526523171575597,3.8488907410692765,372.65207668766476,0.056978818849758826,-0.1450821617678279,0.005340219572448312,372.74794804347096,3,-8,0
14:57:26:934,7.4955517523773345,3.7980309555634633,373.6249752452862,-0.04770668506039808,0.12481367105930312,-0.0030207423664905296,373.71945421967627,-3,7,0
14:57:27:057,7.561485846540594,3.8460193305547343,373.0696754395476,0.028141196503467705,-0.12424966552879996,0.0028315140233880496,373.16611671676174,2,-7,0
14:57:27:181,7.527799674245582,3.8076756674274392,373.2572495719247,0.013081335033825105,-0.13787536816969764,-0.0021421517575223167,373.3525686531726,1,-8,0
14:57:27:299,7.480652782530223,3.806398009429909,371.6074039276067,0.08002996576217461,-0.17782100879519191,0.005156575952635637,371.7021811688417,5,-10,0
14:57:27:426,7.519251693410469,3.814405979992595,372.86501054932626,0.05495107446160817,-0.12036038375774029,0.00013127905106297672,372.96032621574943,3,-7,0
14:57:27:552,7.402426373648426,3.678423744138621,370.9529123332261,-0.12559945099615255,0.17509749569678734,0.0051766979346998575,371.0449971175475,-7,10,0
14:57:27:669,7.410563434947758,3.8210847428285715,372.9673820113579,-0.07365122980726772,0.14709251945955357,0.005048847771893611,373.06056503393853,-4,8,0
14:57:27:814,7.575110452885293,3.7773024175289263,372.6299523362399,-0.09231256614129937,0.18717703876976788,0.0020542732748768384,372.7260813117796,-5,11,0
14:57:27:962,7.611347781137393,3.806986731250817,371.7169860072823,0.07679465133733768,-0.1295208965220202,0.0021479769259469955,371.8143938168013,4,-7,0
14:57:28:082,7.566718220266739,3.790931107448658,372.99933257440324,0.0923389097741738,-0.1260751866085246,0.00581379640784858,373.0953343104636,5,-7,0
14:57:28:234,7.445335334448414,3.8095865203561927,372.1726493192502,0.0676241610942411,-0.15380163479444886,0.002709934608312899,372.2666072440665,4,-9,0
14:57:28:370,7.382985574877583,3.7357722785834633,368.97427500137013,-0.07377413192762004,0.2155482742916409,0.0017143997877097118,369.06704009339956,-4,12,0
14:57:28:489,7.611347781137393,3.806986731250817,371.7169860072823,0.07679465133733768,-0.1295208965220202,0.0021479769259469955,371.8143938168013,4,-7,0
14:57:28:618,7.580638520319228,3.7985993124994892,374.549595258161,0.05576795212339746,-0.08907271846004292,0.0009477725265735525,374.6455588221551,3,-5,0
14:57:28:869,7.548166197194935,3.7554675862689044,370.63479115031726,0.07051494869362984,-0.12383080495569021,-0.001566037988030874,370.7306660646935,4,-7,0
14:57:28:998,7.567720558331334,3.8610924475314925,372.50733341489615,0.10318442399044152,-0.1643578505780257,0.0033023086240092526,372.60420271007945,6,-9,0
14:57:29:196,7.611014698338672,3.844966143428878,371.70003314573717,0.08263202696670384,-0.12841959169090306,0.0021322993971805817,371.7978294045361,5,-7,0
14:57:29:335,7.613621651876154,3.8497638832860126,373.6582736410198,0.01424102379400349,-0.12602176874276294,0.008030141873312148,373.7556599932664,1,-7,0
14:57:29:485,7.489031918328332,3.8196466524580437,373.07094139816616,-0.08878124142015274,0.1368576711639346,0.005090181779244927,373.16565036902483,-5,8,0
14:57:29:613,7.55082474563669,3.843444826493685,371.9064100562089,0.06902775929774421,-0.14578405081260806,0.007544220307691447,372.00290975121504,4,-8,0
14:57:29:748,7.641063304677139,3.791029129527837,372.53796548104293,0.11112746675222358,-0.16102344264735335,0.003497775407818302,372.63560414303106,6,-9,0
14:57:29:996,7.595408415500736,3.836541136216376,374.2584430390513,0.0720253383210033,-0.13357871321319703,0.008885639025506311,374.35516753866636,4,-8,0
14:57:30:159,7.502394812232458,3.848792467160114,373.4112956840657,0.023119946825991073,-0.14941228922796274,0.0032550349533159366,373.5064857212343,1,-9,0
14:57:30:316,7.595408415500736,3.836541136216376,374.2584430390513,0.0720253383210033,-0.13357871321319703,0.008885639025506311,374.35516753866636,4,-8,0
14:57:30:521,7.594886542754929,3.829445699129518,373.423781293883,-0.06041275418196778,0.17361334968102013,0.004470159234922321,373.5206385084788,-3,10,0
14:57:30:676,7.487602401965212,3.8410455182431513,375.16320985143795,0.04955269494026671,-0.0922279906839327,0.006586728526734689,375.25758066485105,3,-5,0
14:57:30:793,7.561485846540594,3.8460193305547343,373.0696754395476,0.028141196503467705,-0.12424966552879996,0.0028315140233880496,373.16611671676174,2,-7,0
14:57:30:909,7.559323923555631,3.7982667873907876,373.3989681568681,0.10012951970343587,-0.08277245567037697,0.0031971727655073982,373.4947919708965,6,-5,0
14:57:31:036,7.360971186884041,3.7834741602415063,371.70000646174947,-0.006694710342020768,0.21691718513550226,0.002471017878685006,371.79213732568354,0,12,0
14:57:31:162,7.45009967163059,3.741105776714403,373.13652278753557,-0.12766968254987515,0.16476063020540768,0.006664365147937142,373.2296404300211,-7,9,0
14:57:31:281,7.540139217110718,3.847995300331069,372.99988855483076,0.03876138551473258,-0.17155284723630948,0.005630491020576728,373.09593622707945,2,-10,0
14:57:31:407,7.525867573078165,3.8422440923016916,372.0817505004959,0.05807459687768974,-0.17488732805003906,0.007722674784898279,372.1776868350729,3,-10,0
14:57:31:524,7.402326787226783,3.726052827683678,373.08482734666563,-0.012885592483753178,0.15225508176637573,-0.0034569998813074473,373.17685660800413,-1,9,0
14:57:31:650,7.393912545350066,3.8091472848752135,373.02648243681045,0.029884537936187106,-0.18583177014937147,0.0007064960727949487,373.11919830658167,2,-11,0
14:57:31:776,7.464599269959382,3.7554891849181793,371.105086323655,0.05237397577435609,-0.18005849156077722,-0.0009305278478503361,371.19915010216084,3,-10,0
14:57:31:896,7.514635163693006,3.8087156722064157,371.918319025344,0.07525653870472729,-0.15715693906060166,0.0024987506977787568,372.0137256652672,4,-9,0
14:57:32:018,7.371291654284891,3.7859453522045987,373.15686870477305,-0.07959295877731742,0.15646016162115525,-0.0005339165627716904,373.24886869810285,-5,9,0
14:57:32:139,7.56928491278721,3.7735048211238786,373.5429376496086,0.0084052740572565,-0.11492129093144891,0.00573869948765915,373.6386753009187,0,-7,0
14:57:32:266,7.43128068934167,3.701345705723551,372.33240916787656,-0.08771134788817747,0.1459887505892195,-3.5652353916006775e-05,372.42495460088617,-5,8,0
14:57:32:387,7.560033487155306,3.7974646335546254,375.57775216097906,0.00579272850190031,-0.08735857715545783,-0.0010268986931737222,375.67302639697704,0,-5,0
14:57:32:554,7.526657052062353,3.8021971928684697,375.13371283276257,0.043987656965960624,-0.1157812543133628,0.0014482444119690795,375.22847676258044,3,-7,0
14:57:32:674,7.346351526958921,3.800912997986617,373.68367052572205,-0.036414955572511336,0.16626735963484132,0.00700631633403528,373.77520174290896,-2,10,0
14:57:32:797,7.404550899319231,3.7212327986507505,373.4748641064251,-0.05551528539180652,0.20512896727003047,0.004569328277015193,373.5667933139602,-3,12,0
14:57:32:921,7.457049035558596,3.8495972530789193,372.92084828663616,0.04772268455127148,-0.1408567887750713,0.005553867599346933,373.01526251100495,3,-8,0
14:57:33:045,7.457049035558596,3.8495972530789193,372.92084828663616,0.04772268455127148,-0.1408567887750713,0.005553867599346933,373.01526251100495,3,-8,0
14:57:33:167,7.503303163475293,3.7897318118922785,372.07963890704076,0.12257515991715832,-0.09522300547142276,0.005643783683390791,372.17458176877545,7,-5,0
14:57:33:333,7.510425037254757,3.753986600468643,369.99296825141596,0.0913976228497638,-0.14998026873969,0.001038451384247287,370.0882265827029,5,-9,0
14:57:33:452,7.503154598310756,3.8357855841982578,373.7626963965159,0.08901796023906731,-0.10209544650450139,0.008696298005117847,373.8576785323102,5,-6,0
14:57:33:599,7.595408415500736,3.836541136216376,374.2584430390513,0.0720253383210033,-0.13357871321319703,0.008885639025506311,374.35516753866636,4,-8,0
14:57:33:738,7.45827223845556,3.7729308392991845,375.0738865755758,-0.07777554924041433,0.11431864892575891,0.001197860059053657,375.16700444309987,-4,7,0
14:57:33:861,7.583298292787475,3.8464821412896946,373.9247995278075,-0.011246922796372153,-0.15483374170131733,0.0010916761832460416,374.0214666830925,-1,-9,0
14:57:33:988,7.49338778979528,3.811188060787778,372.86902719663163,0.04404239785007122,-0.15793090291778858,0.00036088414702397476,372.96378839984635,3,-9,0
14:57:34:109,7.535720213696979,3.8406374670053625,375.7422291429153,0.022657244697622727,-0.10194176867876062,0.004363386712633369,375.83741210339764,1,-6,0
14:57:34:232,7.556374210170357,3.8405703931528263,374.7803046953854,0.0641881014419728,-0.09978091219852325,0.006364623278151813,374.8761469601858,4,-6,0
14:57:34:354,7.438808483392284,3.84944165256305,373.3147112280362,0.030334138429313567,0.17408314435479288,0.0011260611584383553,373.40866044048994,2,10,0
14:57:34:478,7.532964072817464,3.8419330605059407,370.8844785039119,0.10436093172537628,-0.14090639238639455,0.009926081562746367,370.98086526461503,6,-8,0
14:57:34:643,7.613631281914582,3.8373824794121396,373.8739036943928,0.08961268456327502,-0.0968013381985645,0.008554302078017804,373.97110683751276,5,-6,0
14:57:34:806,7.460314225622898,3.6893588569637252,370.97091296742985,-0.06439205502672189,0.2155190097046127,0.0031561904350175243,371.06426117993215,-4,12,0
14:57:34:929,7.44960327474939,3.731067488664281,373.78723879136294,-0.028104222586582864,0.16656493750309098,-0.003662729222473668,373.8800841671398,-2,10,0
14:57:35:056,7.462854430217147,3.804372697114815,370.97890119284716,0.09789485503716423,-0.15692194470222592,0.0048792429758931265,371.0734598137105,6,-9,0
14:57:35:172,7.418105492640933,3.760955148975012,371.5323482755029,-0.10745320198072894,0.1626924085894742,0.007770361534829805,371.62542820404815,-6,9,0
14:57:35:298,7.437286564401641,3.771930790079507,373.23497003445226,0.01737462387950858,0.17644111287653658,0.0013230839770135788,373.3281178131975,1,10,0
14:57:35:419,7.402997373626817,3.722280896261257,373.45601363213115,-0.04982565793334789,0.19154488765219135,-0.0009683209113200091,373.5479271300901,-3,11,0
14:57:35:541,7.49338778979528,3.811188060787778,372.86902719663163,0.04404239785007122,-0.15793090291778858,0.00036088414702397476,372.96378839984635,3,-9,0
14:57:35:669,7.57538051934207,3.756728467935417,371.2380965757496,0.05082703604006034,-0.1769849420508603,-0.001031668631797839,371.3343826633621,3,-10,0
14:57:35:786,7.611347781137393,3.806986731250817,371.7169860072823,0.07679465133733768,-0.1295208965220202,0.0021479769259469955,371.8143938168013,4,-7,0
14:57:35:914,7.464599269959382,3.7554891849181793,371.105086323655,0.05237397577435609,-0.18005849156077722,-0.0009305278478503361,371.19915010216084,3,-10,0
14:57:36:036,7.556374210170357,3.8405703931528263,374.7803046953854,0.0641881014419728,-0.09978091219852325,0.006364623278151813,374.8761469601858,4,-6,0
14:57:36:160,7.647290744446899,3.8380115170496536,374.48210901931,0.06716271874971409,-0.05781399907255341,0.005861857594830222,374.57984644623565,4,-3,0
14:57:36:285,7.548166197194935,3.7554675862689044,370.63479115031726,0.07051494869362984,-0.12383080495569021,-0.001566037988030874,370.7306660646935,4,-7,0
14:57:36:404,7.559815557718885,3.7505027426455215,370.246815243725,0.0704135455639481,-0.18123072474867158,0.0010727663156421534,370.34297790050016,4,-10,0
14:57:36:527,7.556374210170357,3.8405703931528263,374.7803046953854,0.0641881014419728,-0.09978091219852325,0.006364623278151813,374.8761469601858,4,-6,0
14:57:36:651,7.4334609246205,3.794742692057555,373.4641386385135,-0.05433074058465817,0.2179172814923124,-0.0008873367941931234,373.5573841626258,-3,12,0
14:57:36:770,7.554503829223843,3.762191626602342,373.66968195146075,-0.04602488238333792,0.20305044407199907,0.003988115574542095,373.7649740460533,-3,12,0
14:57:36:898,7.517706018888762,3.8221005891529347,373.6172548828984,-0.11718716101637813,0.21759555699963257,0.0032753303048114668,373.7124262088869,-7,12,-1
14:57:37:018,7.640755810599329,3.8103416493962836,372.50553235889436,0.056459396203785206,-0.17748378632215214,0.002666233089775087,372.603370208625,3,-10,0
14:57:37:141,7.5093616384890955,3.796532981541968,371.0777567447839,-0.0810933917710449,0.17766327534068008,0.0031706309891393167,371.17314790490786,-5,10,0
14:57:37:265,7.53717512779029,3.7040040611081575,373.13924811306657,-0.13062818111857505,0.11516036402693663,0.00944426336640878,373.2337432995258,-7,7,0
14:57:37:387,7.554503829223843,3.762191626602342,373.66968195146075,-0.04602488238333792,0.20305044407199907,0.003988115574542095,373.7649740460533,-3,12,0
14:57:37:510,7.604742759832035,3.8125014170049383,373.0152584800967,0.04210491155871918,-0.1541963377826189,0.00025780732207380673,373.1122489794073,2,-9,0
14:57:37:631,7.57361267900334,3.745896993668225,372.6562953348405,0.07814010942714507,-0.07189957309765352,-0.0006860647238207134,372.75207015654064,4,-4,0
14:57:37:782,7.524449277983567,3.7684547694702717,372.08738726148414,-0.105299327562513,0.21217572487324773,0.004676282535498081,372.1825390146133,-6,12,0
14:57:37:921,7.551396844694605,3.8011816212491922,374.2701569427716,0.07532626708740024,-0.013709201177717735,7.57206780277522e-05,374.3656273671378,4,-1,0
14:57:38:047,7.515610714321128,3.7357611113645275,369.74583615005156,0.039857172594763304,-0.18442055640834928,0.005809091725806693,369.8410789322776,2,-11,0
14:57:38:171,7.647290744446899,3.8380115170496536,374.48210901931,0.06716271874971409,-0.05781399907255341,0.005861857594830222,374.57984644623565,4,-3,0
14:57:38:289,7.445335334448414,3.8095865203561927,372.1726493192502,0.0676241610942411,-0.15380163479444886,0.002709934608312899,372.2666072440665,4,-9,0
14:57:38:415,7.516599835151367,3.7817588890404195,372.8692698457441,0.06752093878775116,-0.09766003481306222,0.004834613663037122,372.96419850794655,4,-6,0
14:57:38:539,7.564492587113933,3.77248587946648,374.9720203048902,-0.07387675206603528,0.12141400301735834,0.001058866445447484,375.0672862425384,-4,7,0
14:57:38:699,7.518155339879502,3.83647916078496,369.94497047774934,0.12341863894899198,-0.15606932527362372,0.007167322471029474,370.0412442064378,7,-9,0
14:57:38:822,7.6235327873986956,3.8862313044430277,372.5308711714942,0.06424894370543663,-0.1110607197681648,0.004938909489076896,372.62913335071454,4,-6,0
14:57:38:946,7.495920578632056,3.7587125215676522,370.9422144473268,-0.07996101198179908,0.22888584822618174,0.005625625170759752,371.0369836070625,-5,13,0
14:57:39:073,7.575110452885293,3.7773024175289263,372.6299523362399,-0.09231256614129937,0.18717703876976788,0.0020542732748768384,372.7260813117796,-5,11,0
14:57:39:194,7.546223954073787,3.791867182486315,373.285013532938,-0.05721404533150439,0.2080557269832526,0.004135306053176055,373.38053655885756,-3,12,0
14:57:39:315,7.566113514186165,3.84297949282537,369.7770119736664,0.032752315846956086,-0.2201361198142265,0.011264818599499685,369.87437482105304,2,-13,0
14:57:39:439,7.6872091461912,3.8401275538365454,375.4320530556669,0.03444311223142854,-0.12895548690781786,0.006684989820028038,375.53037989712647,2,-7,0
14:57:39:565,7.651476642719277,3.8492293775246074,373.13468750162457,0.036979097132038036,-0.16829660670801178,0.005532442516707719,373.23297908752636,2,-10,0
14:57:39:727,7.556535422790871,3.8389303778885404,370.5849850604995,0.1065994162803783,-0.13212499532106745,0.004514851577831285,370.6818983526614,6,-8,0
14:57:39:848,7.640755810599329,3.8103416493962836,372.50553235889436,0.056459396203785206,-0.17748378632215214,0.002666233089775087,372.603370208625,3,-10,0
14:57:39:973,7.633001010972802,3.8363053107831697,373.491553414265,-0.03166851524857976,0.1750770690199418,0.007042073152693936,373.5892402287194,-2,10,0
14:57:40:096,7.623848212406067,3.847714266518653,372.54303154873156,0.05678999699043222,-0.11258530848539794,0.004969540623188059,372.6408972753283,3,-6,0
14:57:40:217,7.62437459975255,3.7885973807380022,371.45596715146496,0.023764805398795937,-0.19181824964392766,0.007163719590316101,371.5535225113347,1,-11,0
14:57:40:339,7.514755018166386,3.8710297964872793,373.53922065475626,-0.04211754889858939,0.21966286973180715,0.00916638788520949,373.6348562193188,-2,13,0
14:57:40:464,7.637354383266213,3.79569201179623,373.5966553572767,0.08413986321309865,-0.08760057537747828,0.0031325654169686887,373.69398891869776,5,-5,0
14:57:40:585,7.550074647960065,3.884544089963632,371.64394734386235,-0.03977979468102141,0.2035776764467572,0.005380801473358956,371.7409271351544,-2,12,0
14:57:40:708,7.582739178416954,3.877744374642077,371.1935305350155,-0.04518252611565625,0.18481563942306478,0.005705382584443011,371.29122255438847,-3,11,0
14:57:40:832,7.740704850450162,3.884865848478168,371.6523152480848,-0.03919594428466948,0.17179526613809226,0.005243651655744821,371.7532166955711,-2,10,0
14:57:40:953,7.84527672261655,4.107608401492487,371.727652176801,-0.025326363138462617,0.18589827965421007,0.0027394697336704256,371.8331187596274,-1,11,0
14:57:41:081,7.74457043972997,4.205950123137208,372.1304742162396,-0.1091933557147476,0.21231524351082007,0.004494178416123165,372.2348159806355,-6,12,0
14:57:41:199,7.6159402998696715,4.105714697038202,371.37550522518353,-0.012859590117563437,0.19523808163606282,0.002611042481297407,371.4762782750535,-1,11,0
14:57:41:325,7.608399149800209,3.9021395635127045,371.58773914690624,0.033252611224897026,-0.1255649681407707,0.006632036510385213,371.6861072398389,2,-7,0
14:57:41:450,7.566984200830279,3.7837935652899315,373.6585492818214,0.041811712616783965,-0.10103909010489727,0.0025659533223474865,373.7543147510617,2,-6,0
14:57:41:572,7.489031918328332,3.8196466524580437,373.07094139816616,-0.08878124142015274,0.1368576711639346,0.005090181779244927,373.16565036902483,-5,8,0
14:57:41:698,7.647290744446899,3.8380115170496536,374.48210901931,0.06716271874971409,-0.05781399907255341,0.005861857594830222,374.57984644623565,4,-3,0
14:57:41:815,7.516309937489618,3.8296506936423724,373.2703839154657,-0.04967823942395627,0.18010593384279192,0.004488332933333044,373.36569291769547,-3,10,0
14:57:41:937,7.61809370293726,3.7627113699728687,374.3757167836118,-0.08782898401906203,0.16190400054739026,0.0035341117347948564,374.4721226817339,-5,9,0
14:57:42:066,7.54507205535375,3.7836342158321346,373.5221999458088,-0.11807449696414926,0.11260205118263754,0.009273691834432956,373.61755560005,-7,6,0
14:57:42:187,err,err,err,err,err,err,err,err,err,err
14:57:42:311,7.667437831443872,3.888450177786982,372.443139478995,0.07592500701879806,-0.1445454774675546,0.002430905230514709,372.5423489922378,4,-8,0
14:57:42:429,7.5695568632516625,3.703696132992791,372.4827808452133,-0.08556250604472791,0.19566299344942253,0.001954737757769373,372.57809595081505,-5,11,0
14:57:42:551,7.595359382313263,3.8151940057745337,374.9266628960236,-0.04152152158105089,0.1350541381440199,0.0006588151423535467,375.0229962812903,-2,8,0
14:57:42:677,7.635844207920843,3.8337823026658593,373.51831033410343,0.09202011086232598,-0.08678330520710391,0.00309377884913636,373.6160223523015,5,-5,0
14:57:42:802,7.6362802653931,3.776456396120302,374.99204879361866,-0.0549775118621867,0.12727563557088403,0.0010589251692043479,375.0888042285975,-3,7,0
14:57:42:969,7.651476642719277,3.8492293775246074,373.13468750162457,0.036979097132038036,-0.16829660670801178,0.005532442516707719,373.23297908752636,2,-10,0
14:57:43:087,7.603587386324204,3.8304796709267572,375.15889416860136,0.011247216564668984,0.12227824437892684,0.0028759830119973726,375.25549028556355,1,7,0
14:57:43:214,7.566995128676983,3.718991694042108,370.8320575966858,-0.09262494425946972,0.21397598495704032,0.0007025545077856485,370.9278976511331,-5,12,-1
14:57:43:374,7.594886542754929,3.829445699129518,373.423781293883,-0.06041275418196778,0.17361334968102013,0.004470159234922321,373.5206385084788,-3,10,0
14:57:43:495,7.539108606386771,3.746087934618853,372.7721048020506,-0.07155404034205737,0.20749753672618612,0.007031048750846385,372.86715255160755,-4,12,0
14:57:43:621,7.588165117238705,3.7749679972887575,374.96184133211796,-0.06103831434573549,0.16890871852763664,0.0008348359131582022,375.0576130255183,-4,10,0
14:57:43:739,7.674017687704098,3.8305543230442667,376.48269796615244,-0.05917946297735498,0.12026213099514471,0.007639343684071402,376.5803839311949,-3,7,0
14:57:43:865,7.566995128676983,3.718991694042108,370.8320575966858,-0.09262494425946972,0.21397598495704032,0.0007025545077856485,370.9278976511331,-5,12,-1
14:57:43:988,7.700561029326463,3.8096556623325935,372.1696202355289,0.06757686715673307,-0.15312521293126294,0.002683238734428402,372.26877164582277,4,-9,0
14:57:44:112,7.550046789965054,3.738382256334104,371.6315788907285,-0.04155133008144974,0.20309945984573138,0.005462812233881223,371.7270626914873,-2,12,0
14:57:44:239,7.5902910854667205,3.775904696255512,371.77164818803595,-0.04515927022127346,0.18511398708016244,0.0002722716835504401,371.86829438859945,-3,11,0
14:57:44:359,7.586818092128847,3.755217201824438,373.1952053539312,-0.05181351787502189,0.18446645532736497,0.004311275516788797,373.2912037058452,-3,11,0
14:57:44:478,7.63895347174371,3.8174570672570405,375.1951154555981,-0.04607611475375798,0.14576275385391851,0.00584715523592126,375.29228775761356,-3,8,0
14:57:44:606,7.5695568632516625,3.703696132992791,372.4827808452133,-0.08556250604472791,0.19566299344942253,0.001954737757769373,372.57809595081505,-5,11,0
14:57:44:727,7.71278200860898,3.8496589208935794,372.91733958768515,0.04767104489188319,-0.14019280435140605,0.005534178140992729,373.0169554393961,3,-8,0
14:57:44:881,7.5788839260672765,3.691604096031527,371.2854510174413,-0.07291224234448634,0.20607276960836632,0.003259977288169114,371.38114324719214,-4,12,0
14:57:45:017,7.720756006808792,3.8370188929060864,375.13658498022016,0.03624601925842726,-0.13750425935606136,0.006889114519655928,375.23564619838976,2,-8,0
14:57:45:139,7.6683991472202555,3.8460322159834197,375.11779921443866,0.06840989018055706,-0.0820407167692211,0.006579442297002521,375.2158839878336,4,-5,0
14:57:45:263,7.540856878754661,3.7129965476595888,372.8133464141379,-0.05751922498499134,0.1767244726048481,-0.0006872693632752827,372.90808804628625,-3,10,0
14:57:45:381,7.711626565851803,3.7727087140509408,372.8657980564487,0.035853813668992436,-0.1424544199658957,0.005593028359846695,372.96461745801656,2,-8,0
14:57:45:545,7.589891259320411,3.847926923011475,371.7283335641927,-0.045858425139186657,0.19946719334442195,0.005676778511207612,371.82572122614766,-3,11,0
14:57:45:670,7.577062537992674,3.6961210527815798,371.24754308810736,-0.04753745599509366,0.21107633389063396,0.005681048880718207,371.3432528490286,-3,12,0
14:57:45:791,7.676126842656828,3.800669853304904,374.7354615932252,0.05537352918262399,-0.14209171616874117,0.0037965946230300897,374.8333418869323,3,-8,0
14:57:45:919,7.559812745734116,3.7962916106760765,371.43952234306516,0.05216600407426385,-0.10540182647912812,0.0012377417562599775,371.5358412820871,3,-6,0
14:57:46:136,7.5370820825994675,3.781497678457234,372.8710537772798,-0.08566785222156031,0.21261780392423663,0.0022301681721428068,372.96639268973166,-5,12,0
14:57:46:343,7.527310132864056,3.7481787034343443,369.52622099540713,-0.04679342220377092,0.2452052200070697,-0.0014168472006529003,369.6218841526779,-3,14,0
14:57:46:504,7.594886542754929,3.829445699129518,373.423781293883,-0.06041275418196778,0.17361334968102013,0.004470159234922321,373.5206385084788,-3,10,0
14:57:46:620,7.575110452885293,3.7773024175289263,372.6299523362399,-0.09231256614129937,0.18717703876976788,0.0020542732748768384,372.7260813117796,-5,11,0
14:57:46:780,7.568187605317468,3.7803785413648034,372.56802772253894,0.07570545496318791,-0.15761138501907393,0.007605518787599386,372.66406320788144,4,-9,0
14:57:46:906,7.5695568632516625,3.703696132992791,372.4827808452133,-0.08556250604472791,0.19566299344942253,0.001954737757769373,372.57809595081505,-5,11,0
14:57:47:035,7.648527984339414,3.7874793139956484,371.9515982698313,0.12037987064661841,-0.10202187417745082,0.005316206136077387,372.04950804343656,7,-6,0
14:57:47:150,7.744874622861156,3.8411022032716557,375.1593368492962,0.049499911423346185,-0.0915903783381355,0.006566875713625607,375.258930838779,3,-5,0
14:57:47:270,7.474110290664041,3.7002716281798103,369.68296854672013,-0.12164653359750495,0.2181341193932662,0.003501498820902905,369.7770295303301,-7,12,-1
14:57:47:394,7.5845855013967185,3.7517492778648105,370.0657468923073,0.08111951046219247,-0.15297904924645886,0.000901565065916894,370.16247592487434,5,-9,0
14:57:47:518,7.526524684434213,3.7174619433788565,370.6865915465855,-0.09126437942792565,0.21782420736453406,0.0005206437661297028,370.78163014037113,-5,12,-1
14:57:47:638,7.493392423030062,3.7070402659213184,369.2865935570116,-0.055783562173956705,0.23595850901305937,0.004096332676855611,369.3812140032032,-3,14,0
14:57:47:766,7.735129136802762,3.7804344790130977,372.2100420083808,0.08921531040268255,-0.12789915341349115,0.007438817709430785,372.3096013796767,5,-7,0
14:57:47:887,7.5393518594470255,3.775979408928797,373.5847342569092,0.01630524318478105,0.10222456700374771,0.001331551497721961,373.6798810703657,1,6,0
14:57:48:017,7.476373147250324,3.7617965002005915,373.5104825872274,-0.03831979235639248,0.20770947195874095,0.004059132098210109,373.60423963184536,-2,12,0
14:57:48:131,7.5695568632516625,3.703696132992791,372.4827808452133,-0.08556250604472791,0.19566299344942253,0.001954737757769373,372.57809595081505,-5,11,0
14:57:48:267,7.586818092128847,3.755217201824438,373.1952053539312,-0.05181351787502189,0.18446645532736497,0.004311275516788797,373.2912037058452,-3,11,0
14:57:48:467,7.624004147913526,3.779031857842497,372.0568164435228,0.09088009624795367,-0.13212266339425435,0.007557789686960526,372.1541094534886,5,-8,0
14:57:48:625,7.506222682624397,3.776910291358182,371.66657065803287,-0.0335867120999214,0.23121084067564784,0.005046086313384818,371.76154746693834,-2,13,0
14:57:48:746,7.651476642719277,3.8492293775246074,373.13468750162457,0.036979097132038036,-0.16829660670801178,0.005532442516707719,373.23297908752636,2,-10,0
14:57:48:876,7.631916335782793,3.8355140798101672,374.8084193608476,0.04518805414795007,-0.10800719021944787,0.006319114656884583,374.90573287026405,3,-6,0
14:57:48:992,7.586818092128847,3.755217201824438,373.1952053539312,-0.05181351787502189,0.18446645532736497,0.004311275516788797,373.2912037058452,-3,11,0
14:57:49:115,7.63895347174371,3.8174570672570405,375.1951154555981,-0.04607611475375798,0.14576275385391851,0.00584715523592126,375.29228775761356,-3,8,0
14:57:49:240,7.5695568632516625,3.703696132992791,372.4827808452133,-0.08556250604472791,0.19566299344942253,0.001954737757769373,372.57809595081505,-5,11,0
14:57:49:361,7.498548599771175,3.7837777682218974,369.53467257840157,-0.049085396060969295,0.2335152723327533,0.003986712527925136,369.63011165613773,-3,13,0
14:57:49:485,7.575110452885293,3.7773024175289263,372.6299523362399,-0.09231256614129937,0.18717703876976788,0.0020542732748768384,372.7260813117796,-5,11,0
14:57:49:608,7.5695568632516625,3.703696132992791,372.4827808452133,-0.08556250604472791,0.19566299344942253,0.001954737757769373,372.57809595081505,-5,11,0
14:57:49:728,7.61809370293726,3.7627113699728687,374.3757167836118,-0.08782898401906203,0.16190400054739026,0.0035341117347948564,374.4721226817339,-5,9,0
14:57:49:854,7.606704086597247,3.751757783279293,370.8798433696002,0.04873347487114832,-0.1858869894719592,-0.001298159936254397,370.97681309130985,3,-11,0
14:57:49:978,7.644778017469526,3.827742746443736,373.19522367293195,0.08609573594534771,-0.14238540404173847,0.0008318107510224548,373.2931411340946,5,-8,0
14:57:50:104,7.63895347174371,3.8174570672570405,375.1951154555981,-0.04607611475375798,0.14576275385391851,0.00584715523592126,375.29228775761356,-3,8,0
14:57:50:223,7.660342500271295,3.7645846428890644,374.553870189533,-0.08947437480442003,0.15514252418391403,0.003726144191758779,374.6511105264636,-5,9,0
14:57:50:342,7.586818092128847,3.755217201824438,373.1952053539312,-0.05181351787502189,0.18446645532736497,0.004311275516788797,373.2912037058452,-3,11,0
14:57:50:474,7.516820261087283,3.7736823096092174,371.4759487963717,-0.03768906625780489,0.17779212669022704,0.005366160919362629,371.57115576854983,-2,10,0
14:57:50:591,7.55267648550856,3.782567689850588,372.81882122252546,-0.07503059234413666,0.15050027248343043,0.004643505088234507,372.9144998497329,-4,9,0
14:57:50:713,7.746349827955656,3.7957179938887147,374.9933429765562,0.025963253829680462,-0.12569091427338028,0.001462739666465042,375.09254949609345,1,-7,0
14:57:50:835,7.570337491526735,3.7252335498309797,370.99732235431725,-0.06891984976000623,0.21548726896176595,0.003167109134574424,371.093250502902,-4,12,0
14:57:50:959,7.6872091461912,3.8401275538365454,375.4320530556669,0.03444311223142854,-0.12895548690781786,0.006684989820028038,375.53037989712647,2,-7,0
14:57:51:086,7.643879140537979,3.752009235091783,370.51146087601614,0.06499794127290623,-0.20205514170964667,0.0015478366744532464,370.60929440867375,4,-12,0
14:57:51:202,7.510459845284733,3.852198931126154,371.5058137641829,-0.01445510884289111,0.19154898481763452,0.0028018427912633657,371.6016901257048,-1,11,0
14:57:51:328,7.744874622861156,3.8411022032716557,375.1593368492962,0.049499911423346185,-0.0915903783381355,0.006566875713625607,375.258930838779,3,-5,0
14:57:51:450,7.707198219651556,3.8379492893639933,374.41434504288225,0.07014912811039938,-0.12926493983171336,0.008771618181506954,374.5133275773176,4,-7,0
14:57:51:574,7.676126842656828,3.800669853304904,374.7354615932252,0.05537352918262399,-0.14209171616874117,0.0037965946230300897,374.8333418869323,3,-8,0
14:57:51:695,7.61809370293726,3.7627113699728687,374.3757167836118,-0.08782898401906203,0.16190400054739026,0.0035341117347948564,374.4721226817339,-5,9,0
14:57:51:820,7.5204439240493395,3.6950884775825883,371.9810505473208,-0.1002179880493972,0.21836938407336498,0.004618508224228838,372.0754126813009,-6,13,0
14:57:51:943,7.49501608658204,3.7510095843229805,370.5611108500968,-0.09705096291241415,0.2062767685307672,0.005971525534563694,370.655881126278,-6,12,0
14:57:52:065,7.577997632826271,3.7380853413496724,372.45334820872034,-0.09437940997897537,0.17873855202063393,0.00763327184070546,372.54918590976496,-5,10,0
14:57:52:193,7.6135040984240385,3.844844822102382,375.47724175817274,0.04971741701495817,-0.12224634842562342,0.006774981016457108,375.5741036795376,3,-7,0
14:57:52:313,7.4537684566165,3.7142817418342093,370.4147542786803,-0.08900060153314181,0.21114320752285762,0.005690324078184203,370.50835987923085,-5,12,0
14:57:52:431,7.6007971339809295,3.7942473925890674,372.94788171286575,0.10476886702479503,-0.11914590548327952,0.005804692852431319,373.0446232080846,6,-7,0
14:57:52:559,7.55082474563669,3.843444826493685,371.9064100562089,0.06902775929774421,-0.14578405081260806,0.007544220307691447,372.00290975121504,4,-8,0
14:57:52:679,7.539882823704563,3.712501779219346,373.0621408322295,-0.07587918079479283,0.21226348587282792,0.0015767199328705357,373.15679469196607,-4,12,0
14:57:52:810,7.412856519311904,3.6954549246448325,372.03804313622396,-0.1018388382121733,0.21620619559279888,0.0047083950177078965,372.1302357636461,-6,12,0
14:57:52:924,7.548532923210829,3.7866915158232333,373.0189543137653,-0.06701721481457261,0.16554554976277108,-0.0005182583786873149,373.1145395977805,-4,9,0
14:57:53:048,7.631916335782793,3.8355140798101672,374.8084193608476,0.04518805414795007,-0.10800719021944787,0.006319114656884583,374.90573287026405,3,-6,0
14:57:53:214,7.54507205535375,3.7836342158321346,373.5221999458088,-0.11807449696414926,0.11260205118263754,0.009273691834432956,373.61755560005,-7,6,0
14:57:53:337,7.650284673472102,3.84101746225268,374.89587953591496,0.06101482423995475,-0.15257162237913155,0.009247945185683766,374.9936009637201,3,-9,0
14:57:53:459,7.567366834655681,3.8798782827490523,373.75911670688123,-0.015960840120386215,0.14920012728203746,0.0016290894062271151,373.8558489816727,-1,9,0
14:57:53:581,7.552042640946513,3.8466974302497934,372.4817114335028,0.056786077778120184,-0.1335847219154053,-8.003339761620786e-05,372.5781203742402,3,-8,0
14:57:53:706,7.600697843296596,3.7973639210947767,375.1275121074249,0.02629368914650446,-0.12158487410586162,0.0013605217188456557,375.2237211589381,2,-7,0
14:57:53:834,err,err,err,err,err,err,err,err,err,err
14:57:53:955,7.59172084664377,3.8731923852199395,373.3690240846743,-0.023402904332357744,0.18059637352321706,0.0067049852652093945,373.4662822673667,-1,10,0
14:57:54:080,7.468346945434829,3.7496869399232717,370.928990162715,-0.13544724456749282,0.21448156242589456,0.007643327769258224,371.02311531948567,-8,12,0
14:57:54:200,7.552042640946513,3.8466974302497934,372.4817114335028,0.056786077778120184,-0.1335847219154053,-8.003339761620786e-05,372.5781203742402,3,-8,0
14:57:54:325,7.559189519909931,3.807330193725043,374.94623921387256,-0.08186214669577069,0.16492053420227454,0.00864039091466261,375.04175688852104,-5,9,0
14:57:54:446,7.564140416764487,3.839441251536884,373.62119301135095,-0.025183024108832563,0.15244627290686985,0.0017747610030468509,373.7174780453728,-1,9,0
14:57:54:562,7.566184021732289,3.807713631865273,372.85413992422247,0.03176630889287744,-0.16135514688299155,0.00021777455731476975,372.95033916378827,2,-9,0
14:57:54:690,7.5695568632516625,3.703696132992791,372.4827808452133,-0.08556250604472791,0.19566299344942253,0.001954737757769373,372.57809595081505,-5,11,0
14:57:54:811,7.507288086385581,3.78651048487329,369.3006897346146,0.10555484589810865,-0.16257444389005904,0.008669861958457353,369.3963947773802,6,-9,0
14:57:54:933,7.4768390388279915,3.878469630268063,371.29745377862724,-0.047683904915914614,0.1811609545375648,0.005829830501717347,371.39297897399365,-3,10,0
14:57:55:061,7.640755810599329,3.8103416493962836,372.50553235889436,0.056459396203785206,-0.17748378632215214,0.002666233089775087,372.603370208625,3,-10,0
14:57:55:180,7.647382821572297,3.841474606665078,370.7057488313286,0.11149591101459147,-0.18550419415303598,0.002448992110215198,370.8045194004105,6,-11,0
14:57:55:308,7.507795550487301,3.7331970891246833,372.5778335534435,-0.13621542365813316,0.19380964449487978,0.009179203642699307,372.6721693525177,-8,11,0
14:57:55:488,7.61778816478481,3.8717866381054793,374.34047307353177,-0.09079905450786127,0.1610730560009628,0.0035622803126641304,374.43799381100484,-5,9,0
14:57:55:630,7.516606691205088,3.861986528963299,371.60187242638176,0.019128108118053627,-0.18779332127160578,0.007232782388102176,371.6979498287461,1,-11,0
14:57:55:758,7.488306666317797,3.8772816904100598,372.0423285833527,-0.10586626219301515,0.18187288144697564,-0.002995136395186936,372.1378807750683,-6,10,-1
14:57:55:879,7.542499470351177,3.8603563251252146,373.1741423509635,-0.07431553456223726,0.21051761062196717,0.0015030314137652837,373.2703205032438,-4,12,0
14:57:56:001,7.593786856762646,3.849014998500263,372.9133879669269,0.045946461247497336,-0.1238653113021101,1.0879399393711487e-05,373.0105567410343,3,-7,0
14:57:56:130,7.578263023130872,3.8163531065511958,372.78073234031615,-0.08822445346377163,0.1857573324262191,0.0019682231465361663,372.87728413737415,-5,11,0
14:57:56:245,7.490365520838663,3.8272552349514264,370.68212750238155,-0.08519029596609934,0.2317824882552692,0.005654097478463521,370.77755205508475,-5,13,0
14:57:56:371,7.561485846540594,3.8460193305547343,373.0696754395476,0.028141196503467705,-0.12424966552879996,0.0028315140233880496,373.16611671676174,2,-7,0
14:57:56:497,7.509087231368004,3.746797765913167,372.9712619488581,-0.08098542838857864,0.19985629027063526,0.007052685224510953,373.06566060717876,-5,11,0
14:57:56:621,7.51851343422043,3.757526283661189,371.4650131336062,-0.1263294272601276,0.19003543569440404,0.00505962742692041,371.5600934309054,-7,11,0
14:57:56:745,7.560517469603596,3.7883375633283385,370.2834277773824,0.07419884575618962,-0.18006406603982703,0.0010765606690039309,370.3799803073458,4,-10,0
14:57:56:866,7.565407548048089,3.7802845206535567,375.10368803900116,-0.042777217273593064,0.147040017550442,0.008920875977533835,375.1990174865673,-2,8,0
14:57:56:990,7.637354383266213,3.79569201179623,373.5966553572767,0.08413986321309865,-0.08760057537747828,0.0031325654169686887,373.69398891869776,5,-5,0
14:57:57:108,7.6742647000107755,3.807965704114068,372.27476552977225,0.057990822047565733,-0.1823718275695423,0.0028497103964298,372.37332878676534,3,-10,0
14:57:57:232,7.599908287772042,3.8451731992087224,372.65175012372197,0.04365057313060427,-0.14952370154406083,0.005214946036543437,372.74907220969357,2,-9,0
14:57:57:356,7.582651892371274,3.8510569103041177,373.03694134585805,0.04730866904778792,-0.07266348016672178,0.0024462728645929703,373.13387256817145,3,-4,0
14:57:57:481,7.564492587113933,3.77248587946648,374.9720203048902,-0.07387675206603528,0.12141400301735834,0.001058866445447484,375.0672862425384,-4,7,0
14:57:57:659,7.516309937489618,3.8296506936423724,373.2703839154657,-0.04967823942395627,0.18010593384279192,0.004488332933333044,373.36569291769547,-3,10,0
14:57:57:881,7.539882823704563,3.712501779219346,373.0621408322295,-0.07587918079479283,0.21226348587282792,0.0015767199328705357,373.15679469196607,-4,12,0
14:57:58:034,7.599908287772042,3.8451731992087224,372.65175012372197,0.04365057313060427,-0.14952370154406083,0.005214946036543437,372.74907220969357,2,-9,0
14:57:58:197,7.556603074433684,3.8673821965728994,372.5732936278989,0.11840040414365412,-0.10456869662822095,0.010933497849564395,372.66998540239257,7,-6,0
14:57:58:339,7.586818092128847,3.755217201824438,373.1952053539312,-0.05181351787502189,0.18446645532736497,0.004311275516788797,373.2912037058452,-3,11,0
14:57:58:502,7.610455402378342,3.7542238242491694,370.7259255814226,0.06368907411358737,-0.19794444468370256,0.0013699465386837054,370.82303748035486,4,-11,0
14:57:58:631,7.490430471456728,3.7929184815878205,372.8504427658074,0.10448211557304017,-0.12302581390856673,0.0059353921575853,372.94496303062505,6,-7,0
14:57:58:749,7.556902837820119,3.837554361395921,373.67873488084047,-0.03706392150712078,0.18600556605312477,0.0017890015113691971,373.77483931656286,-2,11,0
14:57:58:873,7.567366834655681,3.8798782827490523,373.75911670688123,-0.015960840120386215,0.14920012728203746,0.0016290894062271151,373.8558489816727,-1,9,0
14:57:58:998,7.59190280438144,3.8472587639817455,374.90895009175955,-0.06221738260642651,0.17349897349780716,0.008433634471882522,375.0055456217863,-4,10,0
14:57:59:118,7.515631479589332,3.7297101739122955,372.413252045085,-0.14577927097857216,0.1378212066648741,0.0067408893324839535,372.5077526083375,-8,8,0
14:57:59:248,7.45016298769048,3.717065605246915,370.57289445203975,-0.08518495335099004,0.22211423380841094,0.0006307788889219831,370.6664155380407,-5,13,-1
14:57:59:368,7.561485846540594,3.8460193305547343,373.0696754395476,0.028141196503467705,-0.12424966552879996,0.0028315140233880496,373.16611671676174,2,-7,0
14:57:59:488,7.640755810599329,3.8103416493962836,372.50553235889436,0.056459396203785206,-0.17748378632215214,0.002666233089775087,372.603370208625,3,-10,0
14:57:59:610,7.610455402378342,3.7542238242491694,370.7259255814226,0.06368907411358737,-0.19794444468370256,0.0013699465386837054,370.82303748035486,4,-11,0
14:57:59:772,7.6235327873986956,3.8862313044430277,372.5308711714942,0.06424894370543663,-0.1110607197681648,0.004938909489076896,372.62913335071454,4,-6,0
14:57:59:899,7.535973810733348,3.8095443792371855,371.60739760339777,0.08964845660964878,-0.1258959361933862,0.0022638405626447893,371.7033245522875,5,-7,0
14:58:00:021,7.595418411026838,3.8749837316375078,374.26645398279544,0.0776543749031204,-0.1319693467427313,0.008868438587646634,374.36357255563064,4,-8,0
14:58:00:145,7.566406262192221,3.863104203544163,373.82118536084846,-0.10375593410004358,0.18936392685569728,0.006165373149027539,373.9177084632417,-6,11,0
14:58:00:269,7.559189519909931,3.807330193725043,374.94623921387256,-0.08186214669577069,0.16492053420227454,0.00864039091466261,375.04175688852104,-5,9,0
14:58:00:391,7.578212729438978,3.784146099727079,372.7933576062152,-0.0656697931584972,0.18965516549848685,0.00450414147900695,372.88957687925813,-4,11,0
14:58:00:513,7.557220532921922,3.84899813724487,373.0192215580551,-0.13029320482371204,0.16648147284019837,0.006625123696128404,373.11562017774213,-8,10,0
14:58:00:633,7.586818092128847,3.755217201824438,373.1952053539312,-0.05181351787502189,0.18446645532736497,0.004311275516788797,373.2912037058452,-3,11,0
14:58:00:756,7.578263023130872,3.8163531065511958,372.78073234031615,-0.08822445346377163,0.1857573324262191,0.0019682231465361663,372.87728413737415,-5,11,0
14:58:00:881,7.572896158457898,3.8056143676003713,371.07204331871134,0.09804776431343208,-0.15395196528120153,0.004760975691479229,371.1688197972255,6,-9,0
14:58:01:007,7.579937376258186,3.8327626717433905,373.9017317602147,0.07339822481043394,-0.10702883188765742,0.00861437324666471,373.9981958962014,4,-6,0
14:58:01:130,7.687913745318866,3.8791629290626584,375.47337499348885,0.04087831276505744,-0.1271637019436562,0.006663841072644086,375.57210659444183,2,-7,0
14:58:01:247,7.465055134417269,3.802523732146518,372.32719519536136,-0.14071304169519422,0.18063093584271964,0.0035772716955549547,372.42143670435803,-8,10,-1
14:58:01:371,7.48664300293482,3.7527750309158776,370.2156135477481,0.07946854139059105,-0.1786539827975244,0.0012276287771759069,370.3103207560135,5,-10,0
14:58:01:499,7.590516950262489,3.868907823289155,373.1181977058799,0.10234420330676798,-0.07146445014441503,0.008205805838854045,373.2154523255989,6,-4,0
14:58:01:619,7.524449277983567,3.7684547694702717,372.08738726148414,-0.105299327562513,0.21217572487324773,0.004676282535498081,372.1825390146133,-6,12,0
14:58:01:744,7.490301154604172,3.886211922347921,373.94249930520044,0.001173757161054614,0.17893981990713448,0.0037864485170100593,374.03769868973353,0,10,0
14:58:01:907,7.509909129435872,3.8199453647900055,372.9608823798794,-0.07932071194547623,0.2124781617589469,0.012473189321333606,373.0560420410057,-5,12,0
14:58:02:030,7.557729978178988,3.87864412262726,373.7777571285751,-0.02161371946838164,0.20064244384601163,0.006429167654634779,373.8742768454673,-1,11,0
14:58:02:152,7.386215869589969,3.766667297075787,371.99403750345806,-0.10806490603865032,0.16564628554065428,0.002638820400583947,372.0864253174566,-6,9,0
14:58:02:275,7.55267648550856,3.782567689850588,372.81882122252546,-0.07503059234413666,0.15050027248343043,0.004643505088234507,372.9144998497329,-4,9,0
14:58:02:398,7.6872091461912,3.8401275538365454,375.4320530556669,0.03444311223142854,-0.12895548690781786,0.006684989820028038,375.53037989712647,2,-7,0
14:58:02:560,7.511681441251415,3.775772022042282,371.5943003128469,-0.03529486285341504,0.19099361512189222,0.00029963278529173255,371.6893943031352,-2,11,0
14:58:02:685,7.582264509367368,3.8330008636452786,373.4272297375948,0.09401415182557574,-0.14736394192869987,0.0060515681772581615,373.5238660918538,5,-8,0
14:58:02:809,7.5822917523826545,3.794953992630828,373.4250690056304,0.08936463047487876,-0.14859805148152955,0.006059149686477183,373.5213179804926,5,-9,0
14:58:02:940,7.608399149800209,3.9021395635127045,371.58773914690624,0.033252611224897026,-0.1255649681407707,0.006632036510385213,371.6861072398389,2,-7,0
14:58:03:055,7.557791232232889,3.8361421841856354,373.3264584465431,0.10691909301592488,-0.08169747012985332,0.003158232438498768,373.4226570140138,6,-5,0
14:58:03:180,7.641615254803524,3.848498026887438,372.54885278392715,0.06043950836224346,-0.17631046179718352,0.0026694947179413744,372.6470889882083,3,-10,0
14:58:03:298,7.641615254803524,3.848498026887438,372.54885278392715,0.06043950836224346,-0.17631046179718352,0.0026694947179413744,372.6470889882083,3,-10,0
14:58:03:425,7.50153787793645,3.8154572817872796,374.85002136843946,-0.035864121594722756,0.07757871196997765,0.0038568847373592003,374.94448829756493,-2,4,0
14:58:03:545,7.570988856138309,3.843567514412213,371.54555868429065,0.08354059497162353,-0.1142735664647342,0.007292250430869233,371.6425635762396,5,-7,0
14:58:03:670,7.623848212406067,3.847714266518653,372.54303154873156,0.05678999699043222,-0.11258530848539794,0.004969540623188059,372.6408972753283,3,-6,0
14:58:03:791,7.418679094010753,3.750790100894272,370.45428937691145,-0.09024078854066891,0.21103749321504248,0.006068270410865595,370.5475485597406,-5,12,0
14:58:03:915,7.568382140033991,3.8135391388624154,375.1577310539526,-0.06323195506503265,0.11923205718661294,0.0008972646738504223,375.2534432334113,-4,7,0
14:58:04:041,7.586584986966883,3.8475436012483657,371.9359149833012,0.08145496934998159,-0.13875974996196652,0.0075544699097211095,372.03317690495487,5,-8,0
14:58:04:186,7.614583668433315,3.8500958149146265,372.6645526748375,0.06075096115660006,-0.18663213709863605,0.008089469671106632,372.7622217212527,3,-11,0
14:58:04:322,7.506222682624397,3.776910291358182,371.66657065803287,-0.0335867120999214,0.23121084067564784,0.005046086313384818,371.76154746693834,-2,13,0
14:58:04:453,7.526524684434213,3.7174619433788565,370.6865915465855,-0.09126437942792565,0.21782420736453406,0.0005206437661297028,370.78163014037113,-5,12,-1
14:58:04:572,7.548407605084314,3.851643837540003,372.470945897609,0.07327616267872798,-0.10650012132708357,0.005042645259491899,372.56733506237947,4,-6,0
14:58:04:692,7.61809370293726,3.7627113699728687,374.3757167836118,-0.08782898401906203,0.16190400054739026,0.0035341117347948564,374.4721226817339,-5,9,0
14:58:04:814,7.580872119320503,3.6765111332742477,372.9099187977547,-0.06284012864567284,0.18767257756869682,0.00448639133801995,373.0050856140578,-4,11,0
14:58:04:936,7.52700494942642,3.737960090698157,369.1760714530681,-0.07639485595294174,0.23642141178369055,0.0017591758514807117,369.2717155194386,-4,14,0
14:58:05:062,7.53754068888135,3.689809954955335,371.1121545447175,-0.07134846877147305,0.21074321736905502,0.0030687465562882496,371.207031813734,-4,12,0
14:58:05:184,7.631793780562033,3.8746550431987186,374.8116112820548,0.05363471497797489,-0.10595212162910106,0.006279220831253636,374.909323943621,3,-6,0
14:58:05:312,7.521552217376632,3.7961557806497765,371.61248860559675,-0.12325353560496909,0.18894318787203238,0.004989377471101832,371.7079851632387,-7,11,0
14:58:05:428,7.564140416764487,3.839441251536884,373.62119301135095,-0.025183024108832563,0.15244627290686985,0.0017747610030468509,373.7174780453728,-1,9,0
14:58:05:551,7.666436099051446,3.821225460490075,372.96801763552804,-0.0735797561296749,0.14765589012246372,0.005069811775775757,373.0663723594721,-4,8,0
14:58:05:676,7.544617982422711,3.788253417405044,373.1737545108543,-0.06944501615776028,0.19386851399376862,-0.0005973307224265656,373.26923685214473,-4,11,0
14:58:05:804,7.49807682600306,3.725787372562502,371.0347997310437,-0.0687589909489838,0.20026304183624938,-0.002043061861667188,371.1292568083118,-4,11,-1
14:58:05:925,7.621534067036999,3.793419591707194,371.3622831776966,0.04612764969050168,-0.18950601835057007,0.004210963757958707,371.45985406324263,3,-11,0
14:58:06:047,7.549678120432098,3.804834603900813,369.65145719707334,0.03158599135315787,-0.18649624888042876,0.005505162437433743,369.7481226646119,2,-11,0
14:58:06:166,7.686716016047203,3.9463820201144904,375.29349700974,0.02614020965765857,-0.15139106487079812,0.001916498874348464,375.39295202755176,2,-9,0
14:58:06:292,7.511681441251415,3.775772022042282,371.5943003128469,-0.03529486285341504,0.19099361512189222,0.00029963278529173255,371.6893943031352,-2,11,0
14:58:06:416,7.622548151870085,3.8900960833299116,374.5766340530837,0.1127608459893969,-0.08135425575804733,0.006810416693831251,374.67437978383697,6,-5,0
14:58:06:540,7.611347781137393,3.806986731250817,371.7169860072823,0.07679465133733768,-0.1295208965220202,0.0021479769259469955,371.8143938168013,4,-7,0
14:58:06:661,7.454749862813482,3.7762389839199333,369.2018345367324,-0.0656744193302033,0.2504727699064646,0.00668717691493222,369.29639573338585,-4,14,0
14:58:06:828,7.589289901067379,3.8337876681371403,373.2531637936801,-0.029685572955093924,0.1823385527853137,0.006822968083154916,373.3499960239434,-2,10,0
14:58:06:950,7.494699431591056,3.8402308948961754,368.5180756087921,0.07775552667444302,-0.18817792640568198,0.004998186036438321,368.6142834227988,4,-11,0
14:58:07:070,7.540272245285497,3.771671208673284,371.29957746489987,-0.03706902059018403,0.21322752187414973,0.00533741481984526,371.395284615802,-2,12,0
14:58:07:196,7.582651892371274,3.8510569103041177,373.03694134585805,0.04730866904778792,-0.07266348016672178,0.0024462728645929703,373.13387256817145,3,-4,0
14:58:07:321,7.559739738421455,3.819499248517451,375.0513109913215,-0.0282271702278223,0.15279919522133661,0.005749919008320523,375.1469367004495,-2,9,0
14:58:07:439,7.667437831443872,3.888450177786982,372.443139478995,0.07592500701879806,-0.1445454774675546,0.002430905230514709,372.5423489922378,4,-8,0
14:58:07:563,7.494892081681533,3.7272131570759064,371.16706382166745,-0.07046202300358757,0.22436377608738423,-0.0021207185089408285,371.2614372530927,-4,13,-1
14:58:07:683,7.544617982422711,3.788253417405044,373.1737545108543,-0.06944501615776028,0.19386851399376862,-0.0005973307224265656,373.26923685214473,-4,11,0
14:58:07:811,7.592259252832279,3.803435721723318,373.6386373706753,-0.024168689463699305,0.1692934806282364,-0.003676345258079565,373.735119917926,-1,10,0
14:58:07:932,7.539579715998215,3.7856156017485816,369.70731914195517,-0.05053905612259002,0.2295392687921282,0.00417812402672501,369.80356674173595,-3,13,0
14:58:08:053,7.594886542754929,3.829445699129518,373.423781293883,-0.06041275418196778,0.17361334968102013,0.004470159234922321,373.5206385084788,-3,10,0
14:58:08:178,7.594886542754929,3.829445699129518,373.423781293883,-0.06041275418196778,0.17361334968102013,0.004470159234922321,373.5206385084788,-3,10,0
14:58:08:298,7.676126842656828,3.800669853304904,374.7354615932252,0.05537352918262399,-0.14209171616874117,0.0037965946230300897,374.8333418869323,3,-8,0
14:58:08:459,7.6374349795008865,3.799902636282446,374.1109064112327,0.07871585056680781,-0.16543773721903485,0.006398368872622854,374.20815059127915,5,-9,0
14:58:08:588,7.55267648550856,3.782567689850588,372.81882122252546,-0.07503059234413666,0.15050027248343043,0.004643505088234507,372.9144998497329,-4,9,0
14:58:08:709,7.526524684434213,3.7174619433788565,370.6865915465855,-0.09126437942792565,0.21782420736453406,0.0005206437661297028,370.78163014037113,-5,12,-1
14:58:08:834,7.559850021034364,3.8293756810164066,370.2918955820781,0.0886351055193069,-0.16063253904505137,0.006287952317208387,370.3888542926414,5,-9,0
14:58:08:956,7.439137412700559,3.6952419557105536,369.4125074617636,-0.13228365518406077,0.1914546558511818,0.0035611503326488125,369.5058812085997,-8,11,-1
14:58:09:078,7.554286961294826,3.91365496842399,373.54057133000384,-0.01647460027596159,0.1881909162216943,0.004308189486755067,373.63744777022976,-1,11,0
14:58:09:201,7.672463800855877,3.8232833324725903,375.44448285009105,-0.03372639243753836,0.1589090070817944,0.00020628063649669366,375.5423330315613,-2,9,0
14:58:09:328,7.647746124794276,3.7763597850874184,371.7859493017689,0.09290164616865901,-0.12190329694943587,0.0021271946445482466,371.8837735263979,5,-7,0
14:58:09:495,7.475887153545532,3.8063500082950132,371.501741554119,-0.05794945585097314,0.1869659188840896,0.0005238658049857186,371.59644934641346,-3,11,0
14:58:09:611,7.409922178155741,3.73195596280238,368.79474693896543,-0.08385573108286841,0.24272292969585077,0.0019267149937303668,368.8880586462107,-5,14,0
14:58:09:738,7.6878375619989185,3.8378012631899803,375.37095408437324,0.029175685260164876,-0.14936801340480288,0.001871629747987358,375.46928600769473,2,-9,0
14:58:09:901,7.620405098687747,3.795611013020762,374.0478575530905,0.06636863563566495,-0.12388152780929043,0.0034513004774483105,374.1447273140267,4,-7,0
14:58:10:021,7.594886542754929,3.829445699129518,373.423781293883,-0.06041275418196778,0.17361334968102013,0.004470159234922321,373.5206385084788,-3,10,0
14:58:10:145,7.588165117238705,3.7749679972887575,374.96184133211796,-0.06103831434573549,0.16890871852763664,0.0008348359131582022,375.0576130255183,-4,10,0
14:58:10:269,7.54343768253992,3.767437691824434,371.3930580825462,-0.06344467178970305,0.20786762377026735,0.0029414989278447427,371.48876245552526,-4,12,0
14:58:10:392,7.683741823958165,3.7939060079024802,371.1659166402435,0.05573102297943964,-0.16410665048953935,0.0042403779661547665,371.26482635257304,3,-9,0
14:58:10:515,7.548532923210829,3.7866915158232333,373.0189543137653,-0.06701721481457261,0.16554554976277108,-0.0005182583786873149,373.1145395977805,-4,9,0
14:58:10:637,7.63895347174371,3.8174570672570405,375.1951154555981,-0.04607611475375798,0.14576275385391851,0.00584715523592126,375.29228775761356,-3,8,0
14:58:10:765,7.486733886954628,3.7364117332028792,369.02865814831364,-0.07500495701610077,0.23982853363094742,0.001574331689961116,369.12350574256175,-4,14,0
14:58:10:884,7.556902837820119,3.837554361395921,373.67873488084047,-0.03706392150712078,0.18600556605312477,0.0017890015113691971,373.77483931656286,-2,11,0
14:58:11:006,7.575110452885293,3.7773024175289263,372.6299523362399,-0.09231256614129937,0.18717703876976788,0.0020542732748768384,372.7260813117796,-5,11,0
14:58:11:127,7.61809370293726,3.7627113699728687,374.3757167836118,-0.08782898401906203,0.16190400054739026,0.0035341117347948564,374.4721226817339,-5,9,0
14:58:11:251,7.49807682600306,3.725787372562502,371.0347997310437,-0.0687589909489838,0.20026304183624938,-0.002043061861667188,371.1292568083118,-4,11,-1
14:58:11:419,7.5722509641049625,3.834988327203193,375.75540249838247,0.0004620619190914362,0.1463602945567871,0.0027486878797869036,375.85125864742633,0,8,0
14:58:11:540,7.664329363909028,3.804809253401618,374.3942862599522,-0.05982432877115947,0.1298815648728155,0.00626420517843357,374.4920561268987,-3,7,0
14:58:11:663,7.532269378462111,3.7858829729272023,373.5930348901696,-0.10993631962058922,0.17865767138339536,0.011667502197600196,373.68813696760816,-6,10,0
14:58:11:786,7.71278200860898,3.8496589208935794,372.91733958768515,0.04767104489188319,-0.14019280435140605,0.005534178140992729,373.0169554393961,3,-8,0
14:58:11:911,7.54343768253992,3.767437691824434,371.3930580825462,-0.06344467178970305,0.20786762377026735,0.0029414989278447427,371.48876245552526,-4,12,0
14:58:12:032,7.586818092128847,3.755217201824438,373.1952053539312,-0.05181351787502189,0.18446645532736497,0.004311275516788797,373.2912037058452,-3,11,0
14:58:12:196,7.698073082561643,3.850801190978871,373.77526816108366,0.012592836833466804,-0.15595325529541648,0.008548106626400417,373.8743640421029,1,-9,0
14:58:12:315,7.641615254803524,3.848498026887438,372.54885278392715,0.06043950836224346,-0.17631046179718352,0.0026694947179413744,372.6470889882083,3,-10,0
14:58:12:467,7.600210005504331,3.865457723968778,375.4684810312164,-0.011197711438306347,0.1597785127093682,0.002966378585421505,375.5652875379093,-1,9,0
14:58:12:608,7.542453714378974,3.809910231722855,372.4374544687458,-0.10005069070645593,0.17447446473587142,0.007550801698677425,372.53330255853155,-6,10,0
14:58:12:730,7.6578044804765035,3.7971988130183463,374.8046994357177,0.03959968984801176,-0.08583783354655244,0.0012837237286263707,374.9021517774811,2,-5,0
14:58:12:861,7.5845855013967185,3.7517492778648105,370.0657468923073,0.08111951046219247,-0.15297904924645886,0.000901565065916894,370.16247592487434,5,-9,0
14:58:12:975,7.559812745734116,3.7962916106760765,371.43952234306516,0.05216600407426385,-0.10540182647912812,0.0012377417562599775,371.5358412820871,3,-6,0
14:58:13:101,7.638535441553938,3.749296256519841,369.4603496622007,0.09606822708327643,-0.129949901056832,0.0008775797149949676,369.55832343302274,6,-7,0
14:58:13:223,7.542453714378974,3.809910231722855,372.4374544687458,-0.10005069070645593,0.17447446473587142,0.007550801698677425,372.53330255853155,-6,10,0
14:58:13:382,7.687913745318866,3.8791629290626584,375.47337499348885,0.04087831276505744,-0.1271637019436562,0.006663841072644086,375.57210659444183,2,-7,0
14:58:13:515,7.564140416764487,3.839441251536884,373.62119301135095,-0.025183024108832563,0.15244627290686985,0.0017747610030468509,373.7174780453728,-1,9,0
14:58:13:765,7.610691972703813,3.7053253138266222,372.6404930401619,-0.08708440660683567,0.19093541695811028,0.0021415399893961176,372.7366216528765,-5,11,0
14:58:13:976,7.660886047113214,3.8607781361968927,371.50068179386017,0.01902872551212751,-0.1896776590404637,0.007316962682890446,371.5997192627394,1,-11,0
14:58:14:174,7.549678120432098,3.804834603900813,369.65145719707334,0.03158599135315787,-0.18649624888042876,0.005505162437433743,369.7481226646119,2,-11,0
14:58:14:295,7.654955589370631,3.8364414327784386,375.55132262418596,0.01554749643770226,0.10009235971162751,0.0031158303356141276,375.6489219373826,1,6,0
14:58:14:419,7.5762601867022346,3.7989084853396093,371.17007881311923,-0.07509396304174518,0.20788596960800823,0.003266575323021203,371.2668296929228,-4,12,0
14:58:14:549,7.526524684434213,3.7174619433788565,370.6865915465855,-0.09126437942792565,0.21782420736453406,0.0005206437661297028,370.78163014037113,-5,12,-1
14:58:14:702,7.5762601867022346,3.7989084853396093,371.17007881311923,-0.07509396304174518,0.20788596960800823,0.003266575323021203,371.2668296929228,-4,12,0
14:58:14:912,7.71278200860898,3.8496589208935794,372.91733958768515,0.04767104489188319,-0.14019280435140605,0.005534178140992729,373.0169554393961,3,-8,0
14:58:15:039,7.679894947197693,3.8912391735768845,373.23317903583256,0.051712243898305754,-0.1305810691129921,0.00531210406888665,373.3324637128411,3,-7,0
14:58:15:158,7.576370628511179,3.739039295022789,371.4029616407937,0.10483797012819343,-0.1428411831158536,0.004578063046891923,371.4990467313519,6,-8,0
14:58:15:274,7.610455402378342,3.7542238242491694,370.7259255814226,0.06368907411358737,-0.19794444468370256,0.0013699465386837054,370.82303748035486,4,-11,0
14:58:15:395,7.660342500271295,3.7645846428890644,374.553870189533,-0.08947437480442003,0.15514252418391403,0.003726144191758779,374.6511105264636,-5,9,0
14:58:15:619,7.471489065826765,3.7311380513209245,371.41673515374845,-0.06445600202317127,0.20554889424712122,0.002673249271965212,371.5106131623813,-4,12,0
14:58:15:777,7.635844207920843,3.8337823026658593,373.51831033410343,0.09202011086232598,-0.08678330520710391,0.00309377884913636,373.6160223523015,5,-5,0
14:58:15:886,7.603587386324204,3.8304796709267572,375.15889416860136,0.011247216564668984,0.12227824437892684,0.0028759830119973726,375.25549028556355,1,7,0
14:58:16:011,7.63895347174371,3.8174570672570405,375.1951154555981,-0.04607611475375798,0.14576275385391851,0.00584715523592126,375.29228775761356,-3,8,0
14:58:16:176,7.58023232238174,3.7562599778179044,372.9296641500288,-0.03226960913400229,0.1777856682170861,0.001918973568853079,373.0256074509303,-2,10,0
14:58:16:298,7.640681626690333,3.8351516954040212,373.31006578595367,-0.02731942461360447,0.11907784250103721,0.002270393578429712,373.40794531096986,-2,7,0
14:58:16:424,7.64711573338778,3.87258086942429,373.5615309071004,0.0973124205543864,-0.1050465208398967,0.008757439791262403,373.65986222136115,6,-6,0
14:58:16:546,7.637354383266213,3.79569201179623,373.5966553572767,0.08413986321309865,-0.08760057537747828,0.0031325654169686887,373.69398891869776,5,-5,0
14:58:16:671,7.489952012626793,3.6815242287909777,370.6558803383397,-0.08617679445288406,0.23150272846153166,0.005726657230998154,370.7498275538213,-5,13,0
14:58:16:793,7.624004147913526,3.779031857842497,372.0568164435228,0.09088009624795367,-0.13212266339425435,0.007557789686960526,372.1541094534886,5,-8,0
14:58:16:911,7.5700266029222,3.8366433021274755,373.4807429099692,-0.029587459439391808,0.13568163432447014,0.006912795986144268,373.57715462696484,-2,8,0
14:58:17:034,7.478002255587308,3.708980012277766,370.1760566550338,-0.104642458250734,0.23856778803867484,0.003172879277757594,370.27015808884306,-6,14,-1
14:58:17:183,7.6174177711011355,3.8506046040307718,372.1564083251892,0.08324458936921322,-0.13119759920068558,-0.0028598258186783103,372.25427394030146,5,-8,0
14:58:17:368,7.529382479000895,3.723565489372053,370.8353411376355,-0.06734337595771757,0.21961660562519913,0.002976096173131502,370.9304608375204,-4,13,0
14:58:17:487,7.394302699572442,3.7968052500073424,369.71682166073055,-0.00208512841874959,0.20283155614436546,-0.0012904439568764542,369.81024818335123,0,12,0
14:58:17:622,7.598081891778527,3.825513120696481,375.36729329335833,-0.019488223719148736,0.16172721954248878,0.00310877319798932,375.4636737068619,-1,9,0
14:58:17:729,7.447589543592296,3.7081604312303322,370.1093875225737,-0.10393810912111416,0.1999418200479562,0.0010078754270968927,370.2028846134619,-6,11,-1
14:58:17:862,7.5762601867022346,3.7989084853396093,371.17007881311923,-0.07509396304174518,0.20788596960800823,0.003266575323021203,371.2668296929228,-4,12,0
14:58:17:978,7.552872255036553,3.764871176770187,373.29250691035287,-0.013682313117258853,0.1664601920385248,0.0015290135877119512,373.3878892648963,-1,10,0
14:58:18:103,7.5561609652171775,3.7833049656055255,375.48819298411485,-0.05155520595222077,0.1887522679468093,0.0004379229624941675,375.58326911015473,-3,11,0
14:58:18:221,7.544912669277072,3.8068106544358224,371.39639113682586,-0.048767701554464506,0.20638648176543792,0.005522882816414165,371.4925259867335,-3,12,0
14:58:18:344,7.613839646980593,3.850122573678343,373.55843620133214,0.02105507037221502,-0.14530074082212316,0.0031571046011002334,373.65585671201114,1,-8,0
14:58:18:472,7.5700266029222,3.8366433021274755,373.4807429099692,-0.029587459439391808,0.13568163432447014,0.006912795986144268,373.57715462696484,-2,8,0
14:58:18:593,7.6000002848785195,3.832029562619705,372.91074512472375,0.11004732707157673,-0.11809874883876162,0.005786426829357372,373.00786624999694,6,-7,0
14:58:18:716,7.526524684434213,3.7174619433788565,370.6865915465855,-0.09126437942792565,0.21782420736453406,0.0005206437661297028,370.78163014037113,-5,12,-1
14:58:18:837,7.5695568632516625,3.703696132992791,372.4827808452133,-0.08556250604472791,0.19566299344942253,0.001954737757769373,372.57809595081505,-5,11,0
14:58:18:965,7.591377214740416,3.773699550747251,374.74349192396784,-0.05368604952115022,0.13817864745193525,0.0008496990040652986,374.8393716723001,-3,8,0
14:58:19:084,7.589289901067379,3.8337876681371403,373.2531637936801,-0.029685572955093924,0.1823385527853137,0.006822968083154916,373.3499960239434,-2,10,0
14:58:19:213,7.61861012699934,3.7924343255983035,371.56957365225304,0.0334858060530363,-0.17423799064558326,0.0020164929853103597,371.66702011679524,2,-10,0
14:58:19:332,7.594886542754929,3.829445699129518,373.423781293883,-0.06041275418196778,0.17361334968102013,0.004470159234922321,373.5206385084788,-3,10,0
14:58:19:452,7.544080838263261,3.838637002660546,373.2179217408153,-0.007131058261911441,0.19890900748814208,0.004099341924142472,373.3138966048087,0,11,0
14:58:19:576,7.5350261094605955,3.797109023154006,371.00015519124224,-0.073496210019346,0.21244490877349897,0.0030745991179435303,371.0960924172199,-4,12,0
14:58:19:699,7.679894947197693,3.8912391735768845,373.23317903583256,0.051712243898305754,-0.1305810691129921,0.00531210406888665,373.3324637128411,3,-7,0
14:58:19:827,7.583055069541103,3.7589350094853775,372.72033111649966,-0.009622832983543994,0.14736140532209252,0.0017094373447231808,372.8164126539849,-1,8,0
14:58:19:954,7.5328828199751,3.819516500878281,375.3370742879658,-0.044291060173777375,0.14024442133826356,0.005910705910046765,375.43208755370114,-3,8,0
14:58:20:071,7.61809370293726,3.7627113699728687,374.3757167836118,-0.08782898401906203,0.16190400054739026,0.0035341117347948564,374.4721226817339,-5,9,0
14:58:20:194,7.586818092128847,3.755217201824438,373.1952053539312,-0.05181351787502189,0.18446645532736497,0.004311275516788797,373.2912037058452,-3,11,0
14:58:20:318,7.61809370293726,3.7627113699728687,374.3757167836118,-0.08782898401906203,0.16190400054739026,0.0035341117347948564,374.4721226817339,-5,9,0
14:58:20:446,7.578212729438978,3.784146099727079,372.7933576062152,-0.0656697931584972,0.18965516549848685,0.00450414147900695,372.88957687925813,-4,11,0
14:58:20:563,7.63895347174371,3.8174570672570405,375.1951154555981,-0.04607611475375798,0.14576275385391851,0.00584715523592126,375.29228775761356,-3,8,0
14:58:20:686,7.71278200860898,3.8496589208935794,372.91733958768515,0.04767104489188319,-0.14019280435140605,0.005534178140992729,373.0169554393961,3,-8,0
14:58:20:811,7.657567675957328,3.844742874812923,372.2573150688024,0.05865929374216149,-0.12161997084348396,0.005185007797467339,372.35591711790875,3,-7,0
14:58:20:959,7.5695568632516625,3.703696132992791,372.4827808452133,-0.08556250604472791,0.19566299344942253,0.001954737757769373,372.57809595081505,-5,11,0
14:58:21:152,7.5845855013967185,3.7517492778648105,370.0657468923073,0.08111951046219247,-0.15297904924645886,0.000901565065916894,370.16247592487434,5,-9,0
14:58:21:301,7.641584617547443,3.8523848147878628,372.6027683902387,0.0705889545121323,-0.15653462861199294,0.00790727133422129,372.701029910434,4,-9,0
14:58:21:525,7.575110452885293,3.7773024175289263,372.6299523362399,-0.09231256614129937,0.18717703876976788,0.0020542732748768384,372.7260813117796,-5,11,0
14:58:21:680,7.632394263583809,3.8005409034249427,374.9273088687714,-0.12252931112210008,0.15395371569079522,0.002657485519667073,375.02424520147025,-7,9,0
14:58:21:789,7.594886542754929,3.829445699129518,373.423781293883,-0.06041275418196778,0.17361334968102013,0.004470159234922321,373.5206385084788,-3,10,0
14:58:21:912,7.6235327873986956,3.8862313044430277,372.5308711714942,0.06424894370543663,-0.1110607197681648,0.004938909489076896,372.62913335071454,4,-6,0
14:58:22:076,7.6235327873986956,3.8862313044430277,372.5308711714942,0.06424894370543663,-0.1110607197681648,0.004938909489076896,372.62913335071454,4,-6,0
14:58:22:207,7.574471697723453,3.778645673075246,372.5742749929953,-0.08120147847094009,0.1756668060380789,-0.0001730313495159498,372.6704189645032,-5,10,0
14:58:22:329,7.63895347174371,3.8174570672570405,375.1951154555981,-0.04607611475375798,0.14576275385391851,0.00584715523592126,375.29228775761356,-3,8,0
14:58:22:445,7.501971996936643,3.790845320608792,371.16714481808447,0.04505394964871594,-0.16796084178190568,0.0041161149546524375,371.26230549908576,3,-10,0
14:58:22:574,7.744874622861156,3.8411022032716557,375.1593368492962,0.049499911423346185,-0.0915903783381355,0.006566875713625607,375.258930838779,3,-5,0
14:58:22:689,7.474110290664041,3.7002716281798103,369.68296854672013,-0.12164653359750495,0.2181341193932662,0.003501498820902905,369.7770295303301,-7,12,-1
14:58:22:823,7.5393518594470255,3.775979408928797,373.5847342569092,0.01630524318478105,0.10222456700374771,0.001331551497721961,373.6798810703657,1,6,0
14:58:22:939,7.471244848521991,3.774463940897279,372.4282223924985,-0.09341841784575058,0.15713102229575665,0.005119318263630855,372.5222770681829,-5,9,0
14:58:23:065,7.506440454346169,3.7750991129578946,371.65806329296254,-0.042383429033093924,0.21782130265530641,0.00028342523647705416,371.7530282758744,-2,12,0
14:58:23:188,7.594886542754929,3.829445699129518,373.423781293883,-0.06041275418196778,0.17361334968102013,0.004470159234922321,373.5206385084788,-3,10,0
14:58:23:317,7.65890393090822,3.891654276531812,372.6284282785674,0.07824756077498628,-0.09864976897115751,0.00487475029538098,372.7274464589191,4,-6,0
14:58:23:442,7.468346945434829,3.7496869399232717,370.928990162715,-0.13544724456749282,0.21448156242589456,0.007643327769258224,371.02311531948567,-8,12,0
14:58:23:587,7.5463423960267155,3.8062914616581955,371.5311613926545,-0.059431270480196245,0.20635426822030228,0.0028531539588009416,371.6272850908876,-3,12,0
14:58:23:719,7.588558994248963,3.8060519517500797,371.9654495998872,0.06412171744234806,-0.16027972266672338,0.002356483978038465,372.06231730063024,4,-9,0
14:58:23:849,7.589870806695085,3.7947331838532916,373.3392594253081,-0.045964590978797015,0.1825718176351499,0.004198446809929248,373.43568223595946,-3,10,0
14:58:23:977,7.63895347174371,3.8174570672570405,375.1951154555981,-0.04607611475375798,0.14576275385391851,0.00584715523592126,375.29228775761356,-3,8,0
14:58:24:129,7.531988482539388,3.7478324714245117,373.4633611870121,-0.10954692176938005,0.14404258671789671,0.004131605261087094,373.5581069229198,-6,8,0
14:58:24:252,7.57538051934207,3.756728467935417,371.2380965757496,0.05082703604006034,-0.1769849420508603,-0.001031668631797839,371.3343826633621,3,-10,0
14:58:24:377,7.591377214740416,3.773699550747251,374.74349192396784,-0.05368604952115022,0.13817864745193525,0.0008496990040652986,374.8393716723001,-3,8,0
14:58:24:506,7.575110452885293,3.7773024175289263,372.6299523362399,-0.09231256614129937,0.18717703876976788,0.0020542732748768384,372.7260813117796,-5,11,0
14:58:24:620,7.5188023525556185,3.7934520011083337,373.25376344592905,-0.047702273719773515,0.16131930915463039,0.0019422055402988883,373.34875732142336,-3,9,0
14:58:24:751,7.610691972703813,3.7053253138266222,372.6404930401619,-0.08708440660683567,0.19093541695811028,0.0021415399893961176,372.7366216528765,-5,11,0
14:58:24:956,7.483380726759471,3.7798151253399195,371.90585351395464,-0.03366112347635471,0.19761142001624885,0.005062796676017547,372.00033853133317,-2,11,0
14:58:25:080,7.534029558146314,3.83034578070686,370.7033276563228,-0.06917811057932202,0.20784430924295122,0.008497424739254543,370.79966327607934,-4,12,0
14:58:25:199,7.5700266029222,3.8366433021274755,373.4807429099692,-0.029587459439391808,0.13568163432447014,0.006912795986144268,373.57715462696484,-2,8,0
14:58:25:428,7.4354340243566055,3.81106036915563,372.52851170089207,-0.09951225025368433,0.17160526925415226,0.007608099133622986,372.62219725930123,-6,10,0
14:58:25:581,7.493186873819881,3.765566925611119,371.90657804671343,-0.10866073627057511,0.16844407137128542,0.002585408654757319,372.00111577549524,-6,10,0
14:58:25:747,7.556902837820119,3.837554361395921,373.67873488084047,-0.03706392150712078,0.18600556605312477,0.0017890015113691971,373.77483931656286,-2,11,0
14:58:25:964,7.600210005504331,3.865457723968778,375.4684810312164,-0.011197711438306347,0.1597785127093682,0.002966378585421505,375.5652875379093,-1,9,0
14:58:26:107,7.588165117238705,3.7749679972887575,374.96184133211796,-0.06103831434573549,0.16890871852763664,0.0008348359131582022,375.0576130255183,-4,10,0
14:58:26:236,7.594886542754929,3.829445699129518,373.423781293883,-0.06041275418196778,0.17361334968102013,0.004470159234922321,373.5206385084788,-3,10,0
14:58:26:405,7.623664393936469,3.8482427190646367,373.6873367957366,0.0075568838173331356,-0.17397036024587975,0.003413149112116735,373.7849046073243,0,-10,0
14:58:26:568,7.5999255983982215,3.842334851203092,374.54749404429157,0.07929999836493755,0.08040938060516994,-0.0002659834596247349,374.6442948999338,5,5,0
14:58:26:725,7.61778816478481,3.8717866381054793,374.34047307353177,-0.09079905450786127,0.1610730560009628,0.0035622803126641304,374.43799381100484,-5,9,0
14:58:26:846,7.652594050020635,3.8877019947793414,373.19198545175755,0.04143994798888927,-0.16692867256355406,0.005532574810558537,373.2906835536074,2,-10,0
14:58:26:973,7.458362278030834,3.7893761075697183,369.6486189407404,-0.030024848225560254,0.2444197458254028,0.0013371481530263585,369.7432731287368,-2,14,0
14:58:27:132,7.694029519624373,3.7980818697700456,373.5986877280442,0.09235846652713597,-0.14166964117845196,0.006374425624486674,373.69720762705066,5,-8,0
14:58:27:249,7.512722466329285,3.7961529702508114,373.36357587594773,-0.04195214657456121,0.17660780147704888,-0.0032128849350737793,373.45844690822594,-2,10,0
14:58:27:369,7.597497009971942,3.7925660841828295,370.8759127524984,0.06302752669247019,-0.13861255150151294,0.0037082562478906495,370.97310977794365,4,-8,0
14:58:27:526,7.484430132175073,3.8542261137530374,371.85312092380644,-0.024503435079716213,0.18145331836842152,0.002880253813784599,371.9484040752351,-1,10,0
14:58:27:729,7.554503829223843,3.762191626602342,373.66968195146075,-0.04602488238333792,0.20305044407199907,0.003988115574542095,373.7649740460533,-3,12,0
14:58:27:963,7.647290744446899,3.8380115170496536,374.48210901931,0.06716271874971409,-0.05781399907255341,0.005861857594830222,374.57984644623565,4,-3,0
14:58:28:126,7.71278200860898,3.8496589208935794,372.91733958768515,0.04767104489188319,-0.14019280435140605,0.005534178140992729,373.0169554393961,3,-8,0
14:58:28:292,7.660342500271295,3.7645846428890644,374.553870189533,-0.08947437480442003,0.15514252418391403,0.003726144191758779,374.6511105264636,-5,9,0
14:58:28:443,7.511681441251415,3.775772022042282,371.5943003128469,-0.03529486285341504,0.19099361512189222,0.00029963278529173255,371.6893943031352,-2,11,0
14:58:28:570,7.5695568632516625,3.703696132992791,372.4827808452133,-0.08556250604472791,0.19566299344942253,0.001954737757769373,372.57809595081505,-5,11,0
14:58:28:734,7.6872091461912,3.8401275538365454,375.4320530556669,0.03444311223142854,-0.12895548690781786,0.006684989820028038,375.53037989712647,2,-7,0
14:58:28:897,7.578562831760865,3.859572107817234,371.3800342865027,0.02013645110251031,-0.1655803856554115,0.006840795363278332,371.4774027825842,1,-9,0
14:58:29:009,7.652594050020635,3.8877019947793414,373.19198545175755,0.04143994798888927,-0.16692867256355406,0.005532574810558537,373.2906835536074,2,-10,0
14:58:29:129,7.63895347174371,3.8174570672570405,375.1951154555981,-0.04607611475375798,0.14576275385391851,0.00584715523592126,375.29228775761356,-3,8,0
14:58:29:252,7.49501608658204,3.7510095843229805,370.5611108500968,-0.09705096291241415,0.2062767685307672,0.005971525534563694,370.655881126278,-6,12,0
14:58:29:386,7.615868354471787,3.763269422347967,374.2429414250071,-0.07617489572449897,0.15097254952762595,0.0013029880602153225,374.3393418463775,-4,9,0
14:58:29:509,7.719087288472996,3.755555410833161,371.10170958309396,0.052327425571788225,-0.17938573787582823,-0.0009518232851165348,371.2009797407678,3,-10,0
14:58:29:625,7.494892081681533,3.7272131570759064,371.16706382166745,-0.07046202300358757,0.22436377608738423,-0.0021207185089408285,371.2614372530927,-4,13,-1
14:58:29:742,7.749085286724564,3.81125083140715,372.86549620843357,0.04399068322019833,-0.15726468000719557,0.00034245903085731115,372.9654839505155,3,-9,0
14:58:29:867,7.557389102770053,3.801380672944948,373.8053049971176,-0.0415269024499652,0.20130457514508404,0.00389456636772722,373.90101720784264,-2,12,0
14:58:30:049,7.584352786033984,3.8749505329922225,373.633573710455,0.10175191428710234,-0.039375314443905,0.000281070225668102,373.73063167535804,6,-2,0
14:58:30:197,7.588409993735823,3.8073501549907,374.7440042884154,-0.0683124973974126,0.175546541034785,0.008546979779632466,374.8401641120541,-4,10,0
14:58:30:316,7.603587386324204,3.8304796709267572,375.15889416860136,0.011247216564668984,0.12227824437892684,0.0028759830119973726,375.25549028556355,1,7,0
14:58:30:443,7.51851343422043,3.757526283661189,371.4650131336062,-0.1263294272601276,0.19003543569440404,0.00505962742692041,371.5600934309054,-7,11,0
14:58:30:561,7.5350261094605955,3.797109023154006,371.00015519124224,-0.073496210019346,0.21244490877349897,0.0030745991179435303,371.0960924172199,-4,12,0
14:58:30:688,7.602303482157739,3.8097582771039207,371.9508254625146,0.07776654517980328,-0.1962076075302414,0.005251502785858468,372.0480155015086,4,-11,0
14:58:30:850,7.616985143823255,3.8438746050101034,373.6781329857325,-0.00950160584733183,-0.16125327610410536,0.0012707555044868396,373.7755220802494,-1,-9,0
14:58:30:973,7.61146833891447,3.792112134978375,370.77785284306924,0.06694180213478272,-0.19680517700544903,0.001378171067512376,370.87535739603305,4,-11,0
14:58:31:098,7.575110452885293,3.7773024175289263,372.6299523362399,-0.09231256614129937,0.18717703876976788,0.0020542732748768384,372.7260813117796,-5,11,0
14:58:31:224,7.71278200860898,3.8496589208935794,372.91733958768515,0.04767104489188319,-0.14019280435140605,0.005534178140992729,373.0169554393961,3,-8,0
14:58:31:341,7.495920578632056,3.7587125215676522,370.9422144473268,-0.07996101198179908,0.22888584822618174,0.005625625170759752,371.0369836070625,-5,13,0
14:58:31:470,7.679894947197693,3.8912391735768845,373.23317903583256,0.051712243898305754,-0.1305810691129921,0.00531210406888665,373.3324637128411,3,-7,0
14:58:31:587,7.547191332734754,3.8176422773537984,372.6687001444367,-0.07254573848777958,0.17619554302690055,0.010004398109750722,372.7646637718157,-4,10,0
14:58:31:712,7.550911172790518,3.8815095701005133,371.9101887392345,0.07436593073476286,-0.14464518906085957,0.0075368969122969025,372.00708442734685,4,-8,0
14:58:31:833,7.611014698338672,3.844966143428878,371.70003314573717,0.08263202696670384,-0.12841959169090306,0.0021322993971805817,371.7978294045361,5,-7,0
14:58:31:956,7.5099332799186485,3.7209731164452777,373.35147202846485,-0.05036716019465708,0.1946088777426735,-0.0010378023952609082,373.44553338421883,-3,11,0
14:58:32:080,7.71278200860898,3.8496589208935794,372.91733958768515,0.04767104489188319,-0.14019280435140605,0.005534178140992729,373.0169554393961,3,-8,0
14:58:32:247,7.5566620756169645,3.805776412144317,373.64001723305273,-0.013425142403067147,0.18605523357441567,0.004293768162077509,373.7358018088985,-1,11,0
14:58:32:369,7.63895347174371,3.8174570672570405,375.1951154555981,-0.04607611475375798,0.14576275385391851,0.00584715523592126,375.29228775761356,-3,8,0
14:58:32:489,7.666436099051446,3.821225460490075,372.96801763552804,-0.0735797561296749,0.14765589012246372,0.005069811775775757,373.0663723594721,-4,8,0
14:58:32:611,7.641584617547443,3.8523848147878628,372.6027683902387,0.0705889545121323,-0.15653462861199294,0.00790727133422129,372.701029910434,4,-9,0
14:58:32:738,7.586818092128847,3.755217201824438,373.1952053539312,-0.05181351787502189,0.18446645532736497,0.004311275516788797,373.2912037058452,-3,11,0
14:58:32:907,7.582651892371274,3.8510569103041177,373.03694134585805,0.04730866904778792,-0.07266348016672178,0.0024462728645929703,373.13387256817145,3,-4,0
14:58:33:021,7.744874622861156,3.8411022032716557,375.1593368492962,0.049499911423346185,-0.0915903783381355,0.006566875713625607,375.258930838779,3,-5,0
14:58:33:142,7.63895347174371,3.8174570672570405,375.1951154555981,-0.04607611475375798,0.14576275385391851,0.00584715523592126,375.29228775761356,-3,8,0
14:58:33:268,7.607673972887914,3.8634818794932184,371.5503689248768,0.02658156993934641,-0.12705946628917839,0.006651883774045397,371.64832818636893,2,-7,0
14:58:33:444,7.532816668665682,3.7949279271622967,370.98566203765336,-0.08444807712276939,0.21499709251750115,0.0004083057507482332,371.0815358414536,-5,12,-1
14:58:33:574,7.552872255036553,3.764871176770187,373.29250691035287,-0.013682313117258853,0.1664601920385248,0.0015290135877119512,373.3878892648963,-1,10,0
14:58:33:728,7.660342500271295,3.7645846428890644,374.553870189533,-0.08947437480442003,0.15514252418391403,0.003726144191758779,374.6511105264636,-5,9,0
14:58:33:843,7.586818092128847,3.755217201824438,373.1952053539312,-0.05181351787502189,0.18446645532736497,0.004311275516788797,373.2912037058452,-3,11,0
14:58:33:966,7.596209404848752,3.878032280343536,370.7618033917153,0.10922466850251199,-0.1431265914858051,-0.0006966983164103827,370.859887809354,6,-8,0
14:58:34:087,7.589891259320411,3.847926923011475,371.7283335641927,-0.045858425139186657,0.19946719334442195,0.005676778511207612,371.82572122614766,-3,11,0
14:58:34:218,7.594886542754929,3.829445699129518,373.423781293883,-0.06041275418196778,0.17361334968102013,0.004470159234922321,373.5206385084788,-3,10,0
14:58:34:333,7.540856878754661,3.7129965476595888,372.8133464141379,-0.05751922498499134,0.1767244726048481,-0.0006872693632752827,372.90808804628625,-3,10,0
14:58:34:501,7.516309937489618,3.8296506936423724,373.2703839154657,-0.04967823942395627,0.18010593384279192,0.004488332933333044,373.36569291769547,-3,10,0
14:58:34:627,7.673078586139522,3.8017766527211587,375.04819695963454,-0.12416159190933962,0.14860402729525163,0.002839076253738756,375.1459445114382,-7,9,0
14:58:34:746,7.573207256276517,3.8776531902995264,373.61751178859697,-0.017712749526958456,0.1322845456787073,0.006735760669451869,373.7143759310219,-1,8,0
14:58:34:872,7.548166197194935,3.7554675862689044,370.63479115031726,0.07051494869362984,-0.12383080495569021,-0.001566037988030874,370.7306660646935,4,-7,0
14:58:35:035,7.571515778101084,3.864930886680966,371.02409922783994,0.05527617554797993,-0.1508829640442529,0.009179634417218318,371.12147303782746,3,-9,0
14:58:35:157,7.621531259108212,3.802449264065824,374.5411847683212,-0.08190586133647906,0.16030471011311054,0.0034246428753376256,374.63801922228487,-5,9,0
14:58:35:287,7.54343768253992,3.767437691824434,371.3930580825462,-0.06344467178970305,0.20786762377026735,0.0029414989278447427,371.48876245552526,-4,12,0
14:58:35:400,7.5700266029222,3.8366433021274755,373.4807429099692,-0.029587459439391808,0.13568163432447014,0.006912795986144268,373.57715462696484,-2,8,0
14:58:35:527,7.595230724765454,3.80080278726235,371.7064999132809,-0.10127085871318763,0.17990277108736727,0.0023990697056663645,371.80351761296174,-6,10,0
14:58:35:655,7.4873850182302775,3.728030893462021,371.79551539180227,-0.10651068212655795,0.20776048277466802,0.010087099071878323,371.8895863212759,-6,12,0
14:58:35:770,7.548532923210829,3.7866915158232333,373.0189543137653,-0.06701721481457261,0.16554554976277108,-0.0005182583786873149,373.1145395977805,-4,9,0
14:58:35:899,7.637354383266213,3.79569201179623,373.5966553572767,0.08413986321309865,-0.08760057537747828,0.0031325654169686887,373.69398891869776,5,-5,0
14:58:36:022,7.594886542754929,3.829445699129518,373.423781293883,-0.06041275418196778,0.17361334968102013,0.004470159234922321,373.5206385084788,-3,10,0
14:58:36:140,7.54343768253992,3.767437691824434,371.3930580825462,-0.06344467178970305,0.20786762377026735,0.0029414989278447427,371.48876245552526,-4,12,0
14:58:36:290,7.5350261094605955,3.797109023154006,371.00015519124224,-0.073496210019346,0.21244490877349897,0.0030745991179435303,371.0960924172199,-4,12,0
14:58:36:429,7.552872255036553,3.764871176770187,373.29250691035287,-0.013682313117258853,0.1664601920385248,0.0015290135877119512,373.3878892648963,-1,10,0
14:58:36:553,7.667588863404756,3.926536135627949,372.45465541536464,0.08075464622449131,-0.14322767069630166,0.002420140932790955,372.55426443080825,5,-8,0
14:58:36:673,7.621804392587564,3.882715326510319,373.4282163934287,0.012771819427592875,0.19255070858886084,0.0035692801770207407,373.52617067520583,1,11,0
14:58:36:797,7.633001010972802,3.8363053107831697,373.491553414265,-0.03166851524857976,0.1750770690199418,0.007042073152693936,373.5892402287194,-2,10,0
14:58:36:965,7.5695568632516625,3.703696132992791,372.4827808452133,-0.08556250604472791,0.19566299344942253,0.001954737757769373,372.57809595081505,-5,11,0
14:58:37:082,7.678410792668083,3.751602641743509,370.7750210760807,0.05157483239939053,-0.1740773521531725,0.004350100217484832,370.87349429239424,3,-10,0
14:58:37:203,7.63895347174371,3.8174570672570405,375.1951154555981,-0.04607611475375798,0.14576275385391851,0.00584715523592126,375.29228775761356,-3,8,0
14:58:37:329,7.575110452885293,3.7773024175289263,372.6299523362399,-0.09231256614129937,0.18717703876976788,0.0020542732748768384,372.7260813117796,-5,11,0
14:58:37:451,7.582651892371274,3.8510569103041177,373.03694134585805,0.04730866904778792,-0.07266348016672178,0.0024462728645929703,373.13387256817145,3,-4,0
14:58:37:574,7.603587386324204,3.8304796709267572,375.15889416860136,0.011247216564668984,0.12227824437892684,0.0028759830119973726,375.25549028556355,1,7,0
14:58:37:696,7.586818092128847,3.755217201824438,373.1952053539312,-0.05181351787502189,0.18446645532736497,0.004311275516788797,373.2912037058452,-3,11,0
14:58:37:833,7.63895347174371,3.8174570672570405,375.1951154555981,-0.04607611475375798,0.14576275385391851,0.00584715523592126,375.29228775761356,-3,8,0
14:58:37:946,7.6742647000107755,3.807965704114068,372.27476552977225,0.057990822047565733,-0.1823718275695423,0.0028497103964298,372.37332878676534,3,-10,0
14:58:38:097,7.547495072004464,3.8456980514795056,371.52084536748674,-0.04414202714768644,0.20504854517382226,0.00547304276112666,371.61740085461156,-3,12,0
14:58:38:230,7.700883095936394,3.8477237288272534,372.1858248075428,0.07235759368012105,-0.15197485856944482,0.002677165250588288,372.28537006713225,4,-9,0
14:58:38:357,7.708376989157777,3.807019331743721,374.60669377775304,-0.061832133077924775,0.11948463947217845,0.0064804024806021255,374.70533422290436,-4,7,0
14:58:38:482,7.590619767087985,3.872871904018649,371.78035585491216,-0.11289109963513244,0.21634812047658994,0.0045340093634232154,371.8780037120219,-7,12,0
14:58:38:598,7.679894947197693,3.8912391735768845,373.23317903583256,0.051712243898305754,-0.1305810691129921,0.00531210406888665,373.3324637128411,3,-7,0
14:58:38:721,7.61809370293726,3.7627113699728687,374.3757167836118,-0.08782898401906203,0.16190400054739026,0.0035341117347948564,374.4721226817339,-5,9,0
14:58:38:849,7.526524684434213,3.7174619433788565,370.6865915465855,-0.09126437942792565,0.21782420736453406,0.0005206437661297028,370.78163014037113,-5,12,-1
14:58:39:014,7.608250321936632,3.7424870540556,372.3193289752674,0.0802804988371865,-0.08651566807703924,-0.0004099568436079282,372.4158621902462,5,-5,0
14:58:39:141,7.63895347174371,3.8174570672570405,375.1951154555981,-0.04607611475375798,0.14576275385391851,0.00584715523592126,375.29228775761356,-3,8,0
14:58:39:263,7.700561029326463,3.8096556623325935,372.1696202355289,0.06757686715673307,-0.15312521293126294,0.002683238734428402,372.26877164582277,4,-9,0
14:58:39:382,7.530469261269925,3.7757613521277857,372.36311345526525,-0.08186395954062699,0.2120117772672383,0.007170330593146183,372.4583904319809,-5,12,0
14:58:39:507,7.596890587412269,3.8257386325166567,372.74370295026625,-0.03780753788315284,0.11830552253459693,0.007254129838389477,372.84073960842557,-2,7,0
14:58:39:624,7.578212729438978,3.784146099727079,372.7933576062152,-0.0656697931584972,0.18965516549848685,0.00450414147900695,372.88957687925813,-4,11,0
14:58:39:790,7.660342500271295,3.7645846428890644,374.553870189533,-0.08947437480442003,0.15514252418391403,0.003726144191758779,374.6511105264636,-5,9,0
14:58:39:914,7.607673972887914,3.8634818794932184,371.5503689248768,0.02658156993934641,-0.12705946628917839,0.006651883774045397,371.64832818636893,2,-7,0
14:58:40:035,7.52700494942642,3.737960090698157,369.1760714530681,-0.07639485595294174,0.23642141178369055,0.0017591758514807117,369.2717155194386,-4,14,0
14:58:40:158,7.700561029326463,3.8096556623325935,372.1696202355289,0.06757686715673307,-0.15312521293126294,0.002683238734428402,372.26877164582277,4,-9,0
14:58:40:283,7.691774815924418,3.781471188079087,373.380906901718,0.04562615072401469,-0.16154311494960033,0.005566898241843927,373.47926925455255,3,-9,0
14:58:40:407,7.71278200860898,3.8496589208935794,372.91733958768515,0.04767104489188319,-0.14019280435140605,0.005534178140992729,373.0169554393961,3,-8,0
14:58:40:528,7.622235569818146,3.860034279473408,371.7963627036005,0.0020365152907495907,-0.17154532391769192,0.004984671414964283,371.8945195338966,0,-10,0
14:58:40:650,7.594886542754929,3.829445699129518,373.423781293883,-0.06041275418196778,0.17361334968102013,0.004470159234922321,373.5206385084788,-3,10,0
14:58:40:819,7.576020360802187,3.8100407889507975,371.5178822407604,-0.04139457907667213,0.2183819617330887,3.392544974971214e-05,371.6146516486941,-2,13,0
14:58:40:935,7.608399149800209,3.9021395635127045,371.58773914690624,0.033252611224897026,-0.1255649681407707,0.006632036510385213,371.6861072398389,2,-7,0
14:58:41:061,7.54351153350167,3.8944394104083075,371.65059711445355,0.0016370417018115309,0.2032404584445972,-3.3896701581776583e-05,371.74754546615003,0,12,0
14:58:41:184,7.581698703701005,3.7708037808370993,371.4342676854228,-0.04971311597310109,0.19413081889421155,0.0008197046253176507,371.5307744015206,-3,11,0
14:58:41:303,7.731425717815586,3.92375530348341,375.3014895955374,-0.07311868687227845,0.06457037521956537,-0.0012654899393120696,375.40162345405616,-4,4,0
14:58:41:432,7.578104832916627,3.8929235540820106,372.7697393265738,-0.06827237051143274,0.18901923921014308,0.004526354749239284,372.86708232862065,-4,11,0
14:58:41:552,7.499503443054148,3.7912656824078326,369.8276599429724,-0.03151577427217997,0.2406213272088154,0.0015317606272140728,369.92311945357216,-2,14,0
14:58:41:720,7.633197379719418,3.8418609999553466,376.72699838026557,-0.020908364320929556,0.13988857618239972,0.004730651975517615,376.8239070265916,-1,8,0
14:58:41:847,7.71531735596964,3.8889674198978335,373.76089429818626,0.019447731217913974,-0.10308372936815285,0.0027903324333534217,373.8607445240491,1,-6,0
14:58:41:962,7.670579819704004,3.770676273023094,374.8391573594364,-0.07526085737640663,0.12721167011616138,0.000998546693848118,374.9365942186208,-4,7,0
14:58:42:085,7.720504637878895,3.8097309895758165,373.408551595379,0.012469547348708893,-0.13239934103258416,0.008508370100998697,373.5077865943831,1,-8,0
14:58:42:207,7.600502310129366,3.7652980766544495,371.85062451736457,-0.10644181071318061,0.17154408738194746,0.002487736854640764,371.94735119224384,-6,10,0
14:58:42:330,7.54507205535375,3.7836342158321346,373.5221999458088,-0.11807449696414926,0.11260205118263754,0.009273691834432956,373.61755560005,-7,6,0
14:58:42:455,7.604573737885938,3.848304281392211,372.52567461536086,0.05985530263564427,-0.1629143504154572,0.007877062410650521,372.6231571376192,3,-9,0
14:58:42:577,7.578856940788204,3.8526474004069713,373.1691313277657,0.048055739539861406,-0.16454569546485212,0.005675991251638849,373.2659675625947,3,-9,0
14:58:42:702,err,err,err,err,err,err,err,err,err,err
14:58:42:829,7.591031943878087,3.886244099513165,374.0880597678237,0.11905541029126397,-0.034147342003263775,-0.001376769641012977,374.18525240852136,7,-2,0
14:58:42:946,err,err,err,err,err,err,err,err,err,err
14:58:43:072,err,err,err,err,err,err,err,err,err,err
14:58:43:189,err,err,err,err,err,err,err,err,err,err
14:58:43:316,err,err,err,err,err,err,err,err,err,err
14:58:43:437,7.587962341929454,3.8794300473683343,375.2522274856906,0.051426769301053755,-0.06080261414440513,0.0036621702694065827,375.34898612220525,3,-3,0
14:58:43:561,err,err,err,err,err,err,err,err,err,err
14:58:43:688,7.648262559443905,3.8322610392318985,373.5602649028523,0.08552575480717318,-0.11168773128700146,0.008388124768936191,373.6582043246745,5,-6,0
14:58:43:805,7.5350261094605955,3.797109023154006,371.00015519124224,-0.073496210019346,0.21244490877349897,0.0030745991179435303,371.0960924172199,-4,12,0
14:58:43:929,7.493470845076291,3.76925391863579,372.2510134574775,-0.11306197228600709,0.20486213046149107,0.004649945097269444,372.3455067548529,-7,12,0
14:58:44:049,err,err,err,err,err,err,err,err,err,err
14:58:44:174,err,err,err,err,err,err,err,err,err,err
14:58:44:300,7.633846741804154,3.840342698641688,373.0086383044858,0.009054752099755889,-0.1301750771255356,0.0027378293924533626,373.1065103933287,1,-7,0
14:58:44:420,7.473188494969832,3.839169571344857,371.41680194037684,-0.0698374097048311,0.21750264503278652,0.008166624534172193,371.51181479583664,-4,12,0
14:58:44:543,err,err,err,err,err,err,err,err,err,err
14:58:44:666,err,err,err,err,err,err,err,err,err,err
14:58:44:821,7.542453714378974,3.809910231722855,372.4374544687458,-0.10005069070645593,0.17447446473587142,0.007550801698677425,372.53330255853155,-6,10,0
14:58:44:954,err,err,err,err,err,err,err,err,err,err
14:58:45:077,err,err,err,err,err,err,err,err,err,err
14:58:45:244,err,err,err,err,err,err,err,err,err,err
14:58:45:365,err,err,err,err,err,err,err,err,err,err
14:58:45:489,err,err,err,err,err,err,err,err,err,err
14:58:45:609,7.647101111917806,3.8532643743052497,374.4093145081468,0.11853664783865564,-0.06053153909149698,0.0041196738422002626,374.5072236849572,7,-3,0
14:58:45:733,err,err,err,err,err,err,err,err,err,err
14:58:45:884,err,err,err,err,err,err,err,err,err,err
14:58:46:022,7.575110452885293,3.7773024175289263,372.6299523362399,-0.09231256614129937,0.18717703876976788,0.0020542732748768384,372.7260813117796,-5,11,0
14:58:46:144,err,err,err,err,err,err,err,err,err,err
14:58:46:267,err,err,err,err,err,err,err,err,err,err
14:58:46:391,err,err,err,err,err,err,err,err,err,err
14:58:46:512,err,err,err,err,err,err,err,err,err,err
14:58:46:638,err,err,err,err,err,err,err,err,err,err
14:58:46:756,err,err,err,err,err,err,err,err,err,err
14:58:46:885,7.621531259108212,3.802449264065824,374.5411847683212,-0.08190586133647906,0.16030471011311054,0.0034246428753376256,374.63801922228487,-5,9,0
14:58:47:145,err,err,err,err,err,err,err,err,err,err
14:58:47:255,7.5822917523826545,3.794953992630828,373.4250690056304,0.08936463047487876,-0.14859805148152955,0.006059149686477183,373.5213179804926,5,-9,0
14:58:47:373,err,err,err,err,err,err,err,err,err,err
14:58:47:498,err,err,err,err,err,err,err,err,err,err
14:58:47:622,7.678414277565199,3.837551063970875,373.8266086027209,0.09248988307960834,-0.09692679213712169,-0.0016892820084532742,373.9251504558077,5,-6,0
14:58:47:748,7.588048072248033,3.81169794593161,373.6436833231663,0.13158411629381578,-0.05086768124228513,-0.001238201552104814,373.74016321781676,8,-3,0
14:58:47:876,err,err,err,err,err,err,err,err,err,err
14:58:47:990,7.548855295338145,3.8797574225505134,373.0980597997064,0.017015387220173487,0.1679237960113584,0.0038743413542725947,373.1945872600956,1,10,0
14:58:48:116,err,err,err,err,err,err,err,err,err,err
14:58:48:236,err,err,err,err,err,err,err,err,err,err
14:58:48:363,err,err,err,err,err,err,err,err,err,err
14:58:48:478,err,err,err,err,err,err,err,err,err,err
14:58:48:602,7.679731407523935,3.8259358107974517,372.32038675598,0.11256720824723707,-0.07051664425406788,0.0025761479628724744,372.41923480594096,6,-4,0
14:58:48:766,err,err,err,err,err,err,err,err,err,err
14:58:48:928,err,err,err,err,err,err,err,err,err,err
14:58:49:055,err,err,err,err,err,err,err,err,err,err
14:58:49:180,err,err,err,err,err,err,err,err,err,err
14:58:49:301,err,err,err,err,err,err,err,err,err,err
14:58:49:427,err,err,err,err,err,err,err,err,err,err
14:58:49:548,7.571515778101084,3.864930886680966,371.02409922783994,0.05527617554797993,-0.1508829640442529,0.009179634417218318,371.12147303782746,3,-9,0
14:58:49:670,err,err,err,err,err,err,err,err,err,err
14:58:49:790,err,err,err,err,err,err,err,err,err,err
14:58:49:909,err,err,err,err,err,err,err,err,err,err
14:58:50:041,7.605516171829253,3.8448715897839767,371.7384716959974,0.07964769082384815,-0.0087444773223693,-0.0035925340664336555,371.8361443601977,5,0,0
14:58:50:202,err,err,err,err,err,err,err,err,err,err
14:58:50:324,err,err,err,err,err,err,err,err,err,err
14:58:50:448,err,err,err,err,err,err,err,err,err,err
14:58:50:572,7.543183283213865,3.8315196878928797,373.1849817305087,-0.03680657850682191,0.19968633699920893,0.0016945033337924826,373.280873801971,-2,11,0
14:58:50:694,err,err,err,err,err,err,err,err,err,err
14:58:50:817,err,err,err,err,err,err,err,err,err,err
14:58:50:946,7.514086706841293,3.844795972683758,373.47800835792043,0.005126437818944703,0.19059503956621154,0.003809788330544184,373.573375231839,0,11,0
14:58:51:065,err,err,err,err,err,err,err,err,err,err
14:58:51:187,err,err,err,err,err,err,err,err,err,err
14:58:51:308,err,err,err,err,err,err,err,err,err,err
14:58:51:430,7.52398939078713,3.7939040891096893,373.0771185941591,-0.035303571595681274,0.12675027661410268,0.0019193593457443381,373.17226657819884,-2,7,0
14:58:51:551,err,err,err,err,err,err,err,err,err,err
14:58:51:676,err,err,err,err,err,err,err,err,err,err
14:58:51:799,err,err,err,err,err,err,err,err,err,err
14:58:51:927,err,err,err,err,err,err,err,err,err,err
14:58:52:092,7.659685870993393,3.7545325557131504,373.0632485388002,-0.048562395769481244,0.15327153311750188,-0.002907167624991283,373.1607625577438,-3,9,0
14:58:52:211,7.5561609652171775,3.7833049656055255,375.48819298411485,-0.05155520595222077,0.1887522679468093,0.0004379229624941675,375.58326911015473,-3,11,0
14:58:52:426,err,err,err,err,err,err,err,err,err,err
14:58:52:555,err,err,err,err,err,err,err,err,err,err
14:58:52:673,err,err,err,err,err,err,err,err,err,err
14:58:52:798,err,err,err,err,err,err,err,err,err,err
14:58:52:922,err,err,err,err,err,err,err,err,err,err
14:58:53:044,err,err,err,err,err,err,err,err,err,err
14:58:53:173,7.5822917523826545,3.794953992630828,373.4250690056304,0.08936463047487876,-0.14859805148152955,0.006059149686477183,373.5213179804926,5,-9,0
14:58:53:360,err,err,err,err,err,err,err,err,err,err
14:58:53:486,7.502351091906935,3.8039971751032597,371.4356503205457,-0.0658302031223059,0.23017207202185147,0.0027168464936651237,371.5308843090452,-4,13,0
14:58:53:605,7.567620396856007,3.857129478254698,370.9489918548795,0.14666528231252537,-0.11699063254976683,0.013151113877441755,371.0462247273706,8,-7,0
14:58:53:758,err,err,err,err,err,err,err,err,err,err
14:58:53:892,err,err,err,err,err,err,err,err,err,err
14:58:54:017,err,err,err,err,err,err,err,err,err,err
14:58:54:139,err,err,err,err,err,err,err,err,err,err
14:58:54:265,err,err,err,err,err,err,err,err,err,err
14:58:54:382,err,err,err,err,err,err,err,err,err,err
14:58:54:509,err,err,err,err,err,err,err,err,err,err
14:58:54:627,err,err,err,err,err,err,err,err,err,err
14:58:54:752,7.583648038868769,3.809236028583721,371.6002693127859,0.08792014001155225,-0.055034652675516896,-0.0007676450983367563,371.69716457088276,5,-3,0
14:58:54:878,err,err,err,err,err,err,err,err,err,err
14:58:54:998,err,err,err,err,err,err,err,err,err,err
14:58:55:127,7.611347781137393,3.806986731250817,371.7169860072823,0.07679465133733768,-0.1295208965220202,0.0021479769259469955,371.8143938168013,4,-7,0
14:58:55:247,err,err,err,err,err,err,err,err,err,err
14:58:55:370,err,err,err,err,err,err,err,err,err,err
14:58:55:490,err,err,err,err,err,err,err,err,err,err
14:58:55:613,7.591377214740416,3.773699550747251,374.74349192396784,-0.05368604952115022,0.13817864745193525,0.0008496990040652986,374.8393716723001,-3,8,0
14:58:55:740,err,err,err,err,err,err,err,err,err,err
14:58:55:858,7.640755810599329,3.8103416493962836,372.50553235889436,0.056459396203785206,-0.17748378632215214,0.002666233089775087,372.603370208625,3,-10,0
14:58:55:983,err,err,err,err,err,err,err,err,err,err
14:58:56:110,err,err,err,err,err,err,err,err,err,err
14:58:56:227,err,err,err,err,err,err,err,err,err,err
14:58:56:374,7.581373991590626,3.890494270314707,373.00230211411593,0.05884149366937565,-0.06945247099849126,0.002359185981667074,373.0996255153547,3,-4,0
14:58:56:516,err,err,err,err,err,err,err,err,err,err
14:58:56:658,err,err,err,err,err,err,err,err,err,err
14:58:56:765,err,err,err,err,err,err,err,err,err,err
14:58:56:892,err,err,err,err,err,err,err,err,err,err
14:58:57:051,err,err,err,err,err,err,err,err,err,err
14:58:57:211,7.616946131298217,3.885078771845236,374.4566546473141,0.10240399327321636,-0.09705852419086554,-0.003428481370544577,374.5542656479678,6,-6,0
14:58:57:334,err,err,err,err,err,err,err,err,err,err
14:58:57:459,err,err,err,err,err,err,err,err,err,err
14:58:57:580,err,err,err,err,err,err,err,err,err,err
14:58:57:704,err,err,err,err,err,err,err,err,err,err
14:58:57:833,err,err,err,err,err,err,err,err,err,err
14:58:57:953,7.562988049250517,3.846182908427987,372.15366901903775,0.06861068907019836,-0.1692178535276972,0.00776776458856112,372.25037981918797,4,-10,0
14:58:58:079,err,err,err,err,err,err,err,err,err,err
14:58:58:202,err,err,err,err,err,err,err,err,err,err
14:58:58:406,7.637616956330134,3.898326694124882,374.27169607851346,-0.1508133831278284,0.06982453832249146,0.0004714204479850489,374.3699141614786,-9,4,0
14:58:58:523,err,err,err,err,err,err,err,err,err,err
14:58:58:689,err,err,err,err,err,err,err,err,err,err
14:58:58:818,err,err,err,err,err,err,err,err,err,err
14:58:58:938,err,err,err,err,err,err,err,err,err,err
14:58:59:120,err,err,err,err,err,err,err,err,err,err
14:58:59:275,err,err,err,err,err,err,err,err,err,err
14:58:59:446,err,err,err,err,err,err,err,err,err,err
14:58:59:569,7.692175955910772,3.754745741489129,373.9564664880424,-0.10415522842259844,0.12703109618592207,0.003651966531254656,374.05441651548813,-6,7,0
14:58:59:735,7.61613777811288,3.7924889365985974,373.1879406459252,0.09067837869029997,-0.1543752519574499,0.006255187939453058,373.28491473743753,5,-9,0
14:58:59:879,err,err,err,err,err,err,err,err,err,err
14:59:00:014,err,err,err,err,err,err,err,err,err,err
14:59:00:128,err,err,err,err,err,err,err,err,err,err
14:59:00:255,7.578263023130872,3.8163531065511958,372.78073234031615,-0.08822445346377163,0.1857573324262191,0.0019682231465361663,372.87728413737415,-5,11,0
14:59:00:375,err,err,err,err,err,err,err,err,err,err
14:59:00:503,err,err,err,err,err,err,err,err,err,err
14:59:00:666,err,err,err,err,err,err,err,err,err,err
14:59:00:778,7.556059274770438,3.8224699184930864,372.9816325790773,-0.06777311429067795,0.14872459377768973,0.004518615822175981,373.07774464499414,-4,9,0
14:59:00:900,7.664611017200264,3.8279134743894465,375.1624692275155,0.00014202753023560713,-0.08382119730540546,0.00391837287505851,375.2602796733207,0,-5,0
14:59:01:021,err,err,err,err,err,err,err,err,err,err
14:59:01:144,7.578263023130872,3.8163531065511958,372.78073234031615,-0.08822445346377163,0.1857573324262191,0.0019682231465361663,372.87728413737415,-5,11,0
14:59:01:276,err,err,err,err,err,err,err,err,err,err
14:59:01:393,err,err,err,err,err,err,err,err,err,err
14:59:01:516,err,err,err,err,err,err,err,err,err,err
14:59:01:665,err,err,err,err,err,err,err,err,err,err
14:59:01:761,err,err,err,err,err,err,err,err,err,err
14:59:01:889,7.588050041374532,3.8534275094847095,374.11559533953636,0.12954439773359058,-0.01723095663346551,0.0012838154023984438,374.21238098606113,7,-1,0
14:59:02:010,7.55584734194078,3.8795451768096343,374.77749749433826,0.07194166757525522,-0.09710517033760006,0.006315906422398754,374.87373117884954,4,-6,0
14:59:02:129,err,err,err,err,err,err,err,err,err,err
14:59:02:254,err,err,err,err,err,err,err,err,err,err
14:59:02:552,err,err,err,err,err,err,err,err,err,err
14:59:02:707,err,err,err,err,err,err,err,err,err,err
14:59:02:888,err,err,err,err,err,err,err,err,err,err
14:59:02:992,err,err,err,err,err,err,err,err,err,err
14:59:03:117,err,err,err,err,err,err,err,err,err,err
14:59:03:237,err,err,err,err,err,err,err,err,err,err
14:59:03:364,7.635844207920843,3.8337823026658593,373.51831033410343,0.09202011086232598,-0.08678330520710391,0.00309377884913636,373.6160223523015,5,-5,0
14:59:03:482,err,err,err,err,err,err,err,err,err,err
14:59:03:606,err,err,err,err,err,err,err,err,err,err
14:59:03:731,err,err,err,err,err,err,err,err,err,err
14:59:03:851,err,err,err,err,err,err,err,err,err,err
14:59:03:979,7.62021113291341,3.804379123063711,371.2883630173464,0.08467928730568447,-0.07588637893170036,-0.0008589404584304443,371.38603828135894,5,-4,0
14:59:04:096,7.6235327873986956,3.8862313044430277,372.5308711714942,0.06424894370543663,-0.1110607197681648,0.004938909489076896,372.62913335071454,4,-6,0
14:59:04:223,err,err,err,err,err,err,err,err,err,err
14:59:04:346,err,err,err,err,err,err,err,err,err,err
14:59:04:468,err,err,err,err,err,err,err,err,err,err
14:59:04:594,err,err,err,err,err,err,err,err,err,err
14:59:04:712,err,err,err,err,err,err,err,err,err,err
14:59:04:833,err,err,err,err,err,err,err,err,err,err
14:59:04:960,err,err,err,err,err,err,err,err,err,err
14:59:05:085,7.6106154074279795,3.7888564574427654,373.00711060100633,0.08500277379635163,-0.060122743814827254,-0.004687534544015914,373.10398210022663,5,-3,0
14:59:05:208,7.626921544905167,3.807582929078083,372.6080152471693,0.04172343132259718,-0.13352270776703298,0.00023619378764279305,372.7055146445363,2,-8,0
14:59:05:330,err,err,err,err,err,err,err,err,err,err
14:59:05:457,err,err,err,err,err,err,err,err,err,err
14:59:05:575,err,err,err,err,err,err,err,err,err,err
14:59:05:697,err,err,err,err,err,err,err,err,err,err
14:59:05:821,err,err,err,err,err,err,err,err,err,err
14:59:05:946,7.620145670372735,3.834038616339575,374.0362842563544,0.07288030761566326,-0.12256396924405592,0.003430289376188896,374.1335435542363,4,-7,0
14:59:06:109,err,err,err,err,err,err,err,err,err,err
14:59:06:233,7.543340486147534,3.754548572558542,373.90520865778444,-0.10121541767216129,0.13083059034523842,0.00351149930776341,374.00013861240075,-6,7,0
14:59:06:353,err,err,err,err,err,err,err,err,err,err
14:59:06:477,7.611014698338672,3.844966143428878,371.70003314573717,0.08263202696670384,-0.12841959169090306,0.0021322993971805817,371.7978294045361,5,-7,0
14:59:06:600,err,err,err,err,err,err,err,err,err,err
14:59:06:723,err,err,err,err,err,err,err,err,err,err
14:59:06:846,7.5350261094605955,3.797109023154006,371.00015519124224,-0.073496210019346,0.21244490877349897,0.0030745991179435303,371.0960924172199,-4,12,0
14:59:06:967,err,err,err,err,err,err,err,err,err,err
14:59:07:092,err,err,err,err,err,err,err,err,err,err
14:59:07:216,err,err,err,err,err,err,err,err,err,err
14:59:07:339,err,err,err,err,err,err,err,err,err,err
14:59:07:461,err,err,err,err,err,err,err,err,err,err
14:59:07:584,7.544010907695654,3.7526612218110236,372.96419125587806,-0.05098366882504623,0.17480795085675144,-0.0008111690295089426,373.059355231808,-3,10,0
14:59:07:706,err,err,err,err,err,err,err,err,err,err
14:59:07:830,err,err,err,err,err,err,err,err,err,err
14:59:07:953,err,err,err,err,err,err,err,err,err,err
14:59:08:075,err,err,err,err,err,err,err,err,err,err
14:59:08:196,err,err,err,err,err,err,err,err,err,err
14:59:08:318,err,err,err,err,err,err,err,err,err,err
14:59:08:448,err,err,err,err,err,err,err,err,err,err
14:59:08:573,err,err,err,err,err,err,err,err,err,err
14:59:08:688,err,err,err,err,err,err,err,err,err,err
14:59:08:815,err,err,err,err,err,err,err,err,err,err
14:59:08:935,err,err,err,err,err,err,err,err,err,err
14:59:09:062,err,err,err,err,err,err,err,err,err,err
14:59:09:209,7.624786957386085,3.838053704991902,370.3080075476002,0.11446108755901253,-0.13493310752435467,0.00429823303786645,370.40638289082096,7,-8,0
14:59:09:349,err,err,err,err,err,err,err,err,err,err
14:59:09:514,err,err,err,err,err,err,err,err,err,err
14:59:09:674,err,err,err,err,err,err,err,err,err,err
14:59:09:798,err,err,err,err,err,err,err,err,err,err
14:59:09:923,err,err,err,err,err,err,err,err,err,err
14:59:10:042,err,err,err,err,err,err,err,err,err,err
14:59:10:168,err,err,err,err,err,err,err,err,err,err
14:59:10:289,7.623848212406067,3.847714266518653,372.54303154873156,0.05678999699043222,-0.11258530848539794,0.004969540623188059,372.6408972753283,3,-6,0
14:59:10:412,err,err,err,err,err,err,err,err,err,err
14:59:10:537,err,err,err,err,err,err,err,err,err,err
14:59:10:660,7.635126169094916,3.8428358275062076,373.5672113117205,-0.007777425254962493,0.154031918063162,0.0017826981510331715,373.6649888684124,0,9,0
14:59:10:783,err,err,err,err,err,err,err,err,err,err
14:59:10:903,7.551866692133722,3.826414744778851,373.1764687913093,-0.06061840143876384,0.1635911188602904,-0.0006346926989785328,373.2724862615591,-4,9,0
14:59:11:024,err,err,err,err,err,err,err,err,err,err
14:59:11:151,7.578263023130872,3.8163531065511958,372.78073234031615,-0.08822445346377163,0.1857573324262191,0.0019682231465361663,372.87728413737415,-5,11,0
14:59:11:275,7.670142157797794,3.7705263684636656,372.4761553095456,0.04534668461307393,-0.15088470859892633,0.005488830315085893,372.5741996220308,3,-9,0
14:59:11:398,7.542453714378974,3.809910231722855,372.4374544687458,-0.10005069070645593,0.17447446473587142,0.007550801698677425,372.53330255853155,-6,10,0
14:59:11:518,err,err,err,err,err,err,err,err,err,err
14:59:11:643,err,err,err,err,err,err,err,err,err,err
14:59:11:765,err,err,err,err,err,err,err,err,err,err
14:59:11:888,err,err,err,err,err,err,err,err,err,err
14:59:12:014,err,err,err,err,err,err,err,err,err,err
14:59:12:134,err,err,err,err,err,err,err,err,err,err
14:59:12:260,err,err,err,err,err,err,err,err,err,err
14:59:12:380,err,err,err,err,err,err,err,err,err,err
14:59:12:504,7.551866692133722,3.826414744778851,373.1764687913093,-0.06061840143876384,0.1635911188602904,-0.0006346926989785328,373.2724862615591,-4,9,0
14:59:12:672,err,err,err,err,err,err,err,err,err,err
14:59:12:791,7.497878969983308,3.821717719303995,368.7774236175593,0.12361794274044305,-0.18103136275519538,0.0005234816955958923,368.8734361341019,7,-10,-1
14:59:12:916,err,err,err,err,err,err,err,err,err,err
14:59:13:037,err,err,err,err,err,err,err,err,err,err
14:59:13:158,err,err,err,err,err,err,err,err,err,err
14:59:13:286,7.6235327873986956,3.8862313044430277,372.5308711714942,0.06424894370543663,-0.1110607197681648,0.004938909489076896,372.62913335071454,4,-6,0
14:59:13:405,err,err,err,err,err,err,err,err,err,err
14:59:13:529,err,err,err,err,err,err,err,err,err,err
14:59:13:651,7.547495072004464,3.8456980514795056,371.52084536748674,-0.04414202714768644,0.20504854517382226,0.00547304276112666,371.61740085461156,-3,12,0
14:59:13:775,err,err,err,err,err,err,err,err,err,err
14:59:13:900,7.533540254993651,3.8282161863664417,372.45689305995967,0.11453649011331556,-0.06087292226237492,0.0028672718460848287,372.5527434549656,7,-3,0
14:59:14:018,err,err,err,err,err,err,err,err,err,err
14:59:14:144,err,err,err,err,err,err,err,err,err,err
14:59:14:265,err,err,err,err,err,err,err,err,err,err
14:59:14:389,err,err,err,err,err,err,err,err,err,err
14:59:14:522,err,err,err,err,err,err,err,err,err,err
14:59:14:634,err,err,err,err,err,err,err,err,err,err
14:59:14:760,err,err,err,err,err,err,err,err,err,err
14:59:14:880,err,err,err,err,err,err,err,err,err,err
14:59:15:002,7.629001147214142,3.9015161218234726,371.80487380891964,0.021230532859511746,-0.18356307285177917,0.0071488207774488685,371.9035999753427,1,-11,0
14:59:15:128,err,err,err,err,err,err,err,err,err,err
14:59:15:293,err,err,err,err,err,err,err,err,err,err
14:59:15:412,err,err,err,err,err,err,err,err,err,err
14:59:15:541,7.627662358602395,3.8122248878432146,375.83303055940314,-0.11776013180189754,0.08705772142555099,-8.838210522001599e-05,375.92975560750386,-7,5,0
14:59:15:662,7.562988049250517,3.846182908427987,372.15366901903775,0.06861068907019836,-0.1692178535276972,0.00776776458856112,372.25037981918797,4,-10,0
14:59:15:786,err,err,err,err,err,err,err,err,err,err
14:59:15:904,7.5350261094605955,3.797109023154006,371.00015519124224,-0.073496210019346,0.21244490877349897,0.0030745991179435303,371.0960924172199,-4,12,0
14:59:16:030,7.518454856917734,3.799132658427564,369.9590943183365,0.11955257947489671,-0.15695957899223686,0.0071687922115829155,370.05498515928093,7,-9,0
14:59:16:154,err,err,err,err,err,err,err,err,err,err
14:59:16:273,err,err,err,err,err,err,err,err,err,err
14:59:16:399,7.691329746913349,3.8006373159104005,374.6855982158454,0.05691218026420894,-0.08180257046185337,0.0007958535741571289,374.7838028886104,3,-5,0
14:59:16:523,err,err,err,err,err,err,err,err,err,err
14:59:16:671,err,err,err,err,err,err,err,err,err,err
14:59:16:849,err,err,err,err,err,err,err,err,err,err
14:59:16:973,err,err,err,err,err,err,err,err,err,err
14:59:17:094,err,err,err,err,err,err,err,err,err,err
14:59:17:218,err,err,err,err,err,err,err,err,err,err
14:59:17:337,err,err,err,err,err,err,err,err,err,err
14:59:17:465,err,err,err,err,err,err,err,err,err,err
14:59:17:586,err,err,err,err,err,err,err,err,err,err
14:59:17:710,err,err,err,err,err,err,err,err,err,err
14:59:17:837,err,err,err,err,err,err,err,err,err,err
14:59:17:997,7.660342500271295,3.7645846428890644,374.553870189533,-0.08947437480442003,0.15514252418391403,0.003726144191758779,374.6511105264636,-5,9,0
14:59:18:120,err,err,err,err,err,err,err,err,err,err
14:59:18:246,7.571640156313998,3.8486406694976463,372.19711029065763,0.07450113158158862,-0.09473878811795687,-0.0003940436051165257,372.294011069713,4,-5,0
14:59:18:365,7.640755810599329,3.8103416493962836,372.50553235889436,0.056459396203785206,-0.17748378632215214,0.002666233089775087,372.603370208625,3,-10,0
14:59:18:490,7.594886542754929,3.829445699129518,373.423781293883,-0.06041275418196778,0.17361334968102013,0.004470159234922321,373.5206385084788,-3,10,0
14:59:18:616,7.700561029326463,3.8096556623325935,372.1696202355289,0.06757686715673307,-0.15312521293126294,0.002683238734428402,372.26877164582277,4,-9,0
14:59:18:735,err,err,err,err,err,err,err,err,err,err
14:59:18:861,7.551330371951855,3.8351965575926807,371.66146414780553,-0.1111364243030522,0.21863565397505494,0.004902416816757557,371.7579525114591,-6,13,0
14:59:19:022,7.726507426704289,3.7170648060854985,371.5394348062134,0.02496186078397964,-0.17398566138078342,0.001959685626386842,371.6383552647763,1,-10,0
14:59:19:148,7.666386472872257,3.7386494867789763,373.69371848517375,0.009050180412921488,0.18503954035024736,0.0038779692463029283,373.79104619668556,1,11,0
14:59:19:268,7.620631244948626,3.8461825353677046,372.8954226689575,0.036654748431683384,0.14884039262633084,0.0014225788727321852,372.9931143977424,2,9,0
14:59:19:390,7.749108897363456,3.8003804845144247,373.4930599581299,-0.030437549250922534,-0.11363626212740485,0.00612895772274953,373.59276949295673,-2,-7,0
14:59:19:515,7.662362230566823,3.6684579411727594,368.1958298024442,-0.008790882850635034,-0.1914018036925759,0.0050250470055303,368.2938208313154,-1,-11,0
14:59:19:635,7.589289901067379,3.8337876681371403,373.2531637936801,-0.029685572955093924,0.1823385527853137,0.006822968083154916,373.3499960239434,-2,10,0
14:59:19:762,7.598828055550018,3.747072048292967,374.9700706754466,-0.020026250250459003,0.13008127088384827,0.003298228882221618,375.0657764167538,-1,7,0
14:59:19:881,7.7696888108766,3.808786829593661,371.9153130736765,0.07521164358736039,-0.1564823754477,0.0024696045422347426,372.0159607060186,4,-9,0
14:59:20:004,7.6426358238912355,3.8584361743364655,375.36059683956984,-0.035852915396736795,0.142727958126219,0.005684732166437564,375.45822014147745,-2,8,0
14:59:20:203,7.715619340752117,3.7730757025220654,375.0750080524434,-0.0777124418511607,0.11481312274079147,0.0012205435021301599,375.1733313384746,-4,7,0
14:59:20:333,7.755730132417478,3.7711458292853828,373.27095311278225,0.011829078944296616,-0.1517802415405373,0.0033008711597857774,373.3705630181329,1,-9,0
14:59:20:455,7.781379778149796,3.8401584420471875,371.4107007885331,-0.06546011217726436,-0.1483949020891384,0.00012257916590289114,371.5120527632194,-4,-8,0
14:59:20:585,7.778790045747305,3.7726098220708755,374.9312984032318,-0.07068952743453055,0.012212780119693222,0.004536609183438122,375.0309596310398,-4,1,0
14:59:20:701,7.594886542754929,3.829445699129518,373.423781293883,-0.06041275418196778,0.17361334968102013,0.004470159234922321,373.5206385084788,-3,10,0
14:59:20:826,7.677238354357126,3.8335385924157688,375.582540399601,0.0029904406371467954,0.15268242740876417,0.0025956339845676323,375.6805566700346,0,9,0
14:59:20:958,7.744874622861156,3.8411022032716557,375.1593368492962,0.049499911423346185,-0.0915903783381355,0.006566875713625607,375.258930838779,3,-5,0
14:59:21:076,7.5519895858009285,3.7592357923495556,373.4393167574918,-0.04756388733778943,0.18873308753640755,0.001953749355526056,373.53458702073203,-3,11,0
14:59:21:205,7.77533386136005,3.8347455234223675,373.4585441922109,-0.03806502974265938,-0.09492459834565975,0.0007271444927823333,373.5591590632608,-2,-5,0
14:59:21:332,7.611031427140059,3.7380045562310826,371.49778315624013,-0.036600719262058164,0.2211674044684825,0.00011166570254696556,371.5945416276296,-2,13,0
14:59:21:441,7.721655599922413,3.8487034818672146,373.4648500111401,0.019096789243413105,-0.13091362202352677,0.008491613724984717,373.5644933308551,1,-8,0
14:59:21:566,7.737031772545144,3.827087915163616,376.4725309060591,-0.07732199831231985,0.1398098706829539,-0.00032474379038652566,376.5714736797961,-4,8,0
14:59:21:689,7.744874622861156,3.8411022032716557,375.1593368492962,0.049499911423346185,-0.0915903783381355,0.006566875713625607,375.258930838779,3,-5,0
14:59:21:816,7.64472123668221,3.7372094039174377,372.46152460495034,0.05770299127851789,0.15689574199325318,0.0011744006349492363,372.5587145779298,3,9,0
14:59:21:933,7.69659252351717,3.777995401040394,371.5616169632897,0.10654705614203476,-0.15360859894199727,0.010079181397539742,371.66052519214054,6,-9,0
14:59:22:058,7.5654148182106,3.760220413054281,369.86176225963743,-0.012253486900588733,0.23896113613278747,-0.006589866580739345,369.95823810361475,-1,14,0
14:59:22:176,7.791205964614535,3.7607801058730836,375.60148001414655,0.0044332830547098205,-0.10667074123474267,0.004477557499952909,375.701102136,0,-6,0
14:59:22:307,7.6433160361179135,3.8286455011795253,373.01451032552444,-0.039901816458108884,0.10345702096701935,0.0075022812439466515,373.1124545224837,-2,6,0
14:59:22:427,7.620362687278602,3.7860942743153423,372.98229515615986,-0.06757592547974302,0.18387201402367825,0.0047061513772633365,373.0793440238905,-4,11,0
14:59:22:549,7.720504637878895,3.8097309895758165,373.408551595379,0.012469547348708893,-0.13239934103258416,0.008508370100998697,373.5077865943831,1,-8,0
14:59:22:675,7.720504637878895,3.8097309895758165,373.408551595379,0.012469547348708893,-0.13239934103258416,0.008508370100998697,373.5077865943831,1,-8,0
14:59:22:795,7.817575995870503,3.797499965933288,375.57243820953477,0.005714703857439628,-0.08677782043748725,-0.0010313141132526993,375.67298524527587,0,-5,0
14:59:22:960,7.720779354710114,3.777260597214577,371.80892735914387,0.09469377253164747,-0.11979224024840104,0.0023562110300567323,371.90826368261907,5,-7,0
14:59:23:081,7.592600262314827,3.740619424095743,371.8439158620633,-0.04320567025044255,0.1973451624186136,0.005665760267275346,371.94023387642864,-2,11,0
14:59:23:203,7.784286567428053,3.8111547499925624,371.6422803392081,-0.04329095646247258,-0.14365194353654778,-0.002867072073671825,371.7433315523209,-2,-8,0
14:59:23:327,7.610691972703813,3.7053253138266222,372.6404930401619,-0.08708440660683567,0.19093541695811028,0.0021415399893961176,372.7366216528765,-5,11,0
14:59:23:450,7.661944211091465,3.7466176978995147,371.7242580915027,-0.010591384919571147,0.18627322438504923,0.002867031228381508,371.82208996635234,-1,11,0
14:59:23:577,7.721431614363978,3.886225465281476,371.8572186870866,0.09163617400129791,-0.11903998721835946,0.0023740565320624386,371.957678162769,5,-7,0
14:59:23:697,7.625493065395146,3.7337944950963426,371.39147931946997,-0.049502615278008394,0.17762081983755879,0.00600182764206255,371.48851971080654,-3,10,0
14:59:23:815,7.663893528571851,3.8464375881344024,373.5949975782581,0.005659446700540721,0.18753477466331694,0.003894937788201555,373.6933937891268,0,11,0
14:59:23:992,7.664186833206933,3.7975807077467705,374.89151366204,0.03708766260051904,0.1234620569148022,-0.0053087948390751925,374.9890777007534,2,7,0
14:59:24:126,7.667361143619868,3.721467499676546,373.0780648671915,-0.032091717863488724,0.15250953072431958,0.0073165651107669274,373.17540142981846,-2,9,0
14:59:24:271,7.659865386007945,3.7931708856141877,373.94121077117484,0.062338355177307334,0.09877897127619206,0.005518163960332361,374.03888941674427,4,6,0
14:59:24:396,7.719087288472996,3.755555410833161,371.10170958309396,0.052327425571788225,-0.17938573787582823,-0.0009518232851165348,371.2009797407678,3,-10,0
14:59:24:515,7.631979546991607,3.8046302822152316,373.4176870813997,-0.006443728625602787,0.17527995468897384,0.00952091200734323,373.51504835630413,0,10,1
14:59:24:640,7.725936040737511,3.7940653200191172,370.9186005695264,-0.08434630438893616,-0.10256703717755335,0.005344928544388073,371.0184540798665,-5,-6,1
14:59:24:763,7.711626565851803,3.7727087140509408,372.8657980564487,0.035853813668992436,-0.1424544199658957,0.005593028359846695,372.96461745801656,2,-8,0
14:59:24:924,7.660022115603799,3.8736970517963,374.51766734965605,-0.09248186216084203,0.15425605621917857,0.003755144933354557,374.6160229150487,-5,9,0
14:59:25:051,7.602695513945379,3.8010436952340427,373.68358433474725,-0.0363500439350326,0.16685528820585682,0.007014642288263599,373.78024307541324,-2,10,0
14:59:25:172,7.71278200860898,3.8496589208935794,372.91733958768515,0.04767104489188319,-0.14019280435140605,0.005534178140992729,373.0169554393961,3,-8,0
14:59:25:292,7.654251392532577,3.820183278344049,371.3880693028624,0.009318700526498531,0.191643014924182,0.005350450349906373,371.48658035677136,1,11,0
14:59:25:418,7.709037560628997,3.809902153229456,377.1015206465865,-0.019726171994657093,0.14562660735668337,-0.0005598590373449721,377.19955128352984,-1,8,0
14:59:25:539,7.733360364417287,3.8739386256954025,374.89248892228056,0.04790552713003938,-0.0981637275299704,-0.0038756214976651917,374.9922539377898,3,-6,0
14:59:25:698,7.630610837280341,3.8651242327570645,373.1537825407849,-0.04768956094693159,0.16799896634272854,0.009400984810869432,373.2518062000237,-3,10,0
14:59:25:829,7.534266103927508,3.7087749362273845,369.4543050667899,-0.05731616330706621,0.23209180927220652,0.004288440624171744,369.54973103715963,-3,13,0
14:59:25:952,7.689868296399861,3.8057208879536044,373.7691667739205,-0.02181717221589258,-0.141454865542803,0.00647662825495164,373.8676338181252,-1,-8,0
14:59:26:074,7.52792817822729,3.738282610866999,368.969912282275,-0.061299017725565126,0.204282854012404,-0.00045543047708445413,369.0656318720628,-4,12,0
14:59:26:196,7.744874622861156,3.8411022032716557,375.1593368492962,0.049499911423346185,-0.0915903783381355,0.006566875713625607,375.258930838779,3,-5,0
14:59:26:322,7.55960047042423,3.7388922360924606,372.64209865920435,0.05662523232531173,0.20244125378718084,-0.0015648875306201653,372.7375223499262,3,12,0
14:59:26:446,7.566995128676983,3.718991694042108,370.8320575966858,-0.09262494425946972,0.21397598495704032,0.0007025545077856485,370.9278976511331,-5,12,-1
14:59:26:566,7.715619340752117,3.7730757025220654,375.0750080524434,-0.0777124418511607,0.11481312274079147,0.0012205435021301599,375.1733313384746,-4,7,0
14:59:26:691,7.692598161774463,3.79276372610128,375.6857609126708,-0.018692151416575892,0.12488381481637,0.008611059754010048,375.7836506231917,-1,7,0
14:59:26:815,7.566995128676983,3.718991694042108,370.8320575966858,-0.09262494425946972,0.21397598495704032,0.0007025545077856485,370.9278976511331,-5,12,-1
14:59:26:933,7.711568821257629,3.8127748326463404,373.3243591939685,0.029157166690576646,-0.13169355663848822,-0.002046334011661449,373.4234629923469,2,-8,0
14:59:27:064,7.623185259214292,3.6784737766677593,373.10386796232984,-0.06467578779663338,0.1817050277515501,0.004687371445285242,373.19986657456565,-4,10,0
14:59:27:181,7.791205964614535,3.7607801058730836,375.60148001414655,0.0044332830547098205,-0.10667074123474267,0.004477557499952909,375.701102136,0,-6,0
14:59:27:348,7.700561029326463,3.8096556623325935,372.1696202355289,0.06757686715673307,-0.15312521293126294,0.002683238734428402,372.26877164582277,4,-9,0
14:59:27:467,7.48947098697754,3.7750914468266714,368.9275040900514,-0.05527973791056287,0.20757898746607292,-0.000746233450937193,369.02282688908497,-3,12,0
14:59:27:593,7.720504637878895,3.8097309895758165,373.408551595379,0.012469547348708893,-0.13239934103258416,0.008508370100998697,373.5077865943831,1,-8,0
14:59:27:717,7.566995128676983,3.718991694042108,370.8320575966858,-0.09262494425946972,0.21397598495704032,0.0007025545077856485,370.9278976511331,-5,12,-1
14:59:27:837,7.67233078439001,3.780382761490441,374.6503171443907,-0.017942786492661913,0.12119006461526988,0.008595260535178149,374.7479367386577,-1,7,0
14:59:27:962,7.575110452885293,3.7773024175289263,372.6299523362399,-0.09231256614129937,0.18717703876976788,0.0020542732748768384,372.7260813117796,-5,11,0
14:59:28:083,7.793378848822251,3.8406792391549476,375.7373683687526,0.02258742340377217,-0.10133553202065843,0.004353073970252625,375.8378075175181,1,-6,0
14:59:28:205,7.675037857235344,3.8497064394235987,372.35101326733275,0.07198916341996063,-0.1625290238109159,0.008100793826632096,372.45000137869397,4,-9,0
14:59:28:331,7.692598161774463,3.79276372610128,375.6857609126708,-0.018692151416575892,0.12488381481637,0.008611059754010048,375.7836506231917,-1,7,0
14:59:28:453,7.6090012699042955,3.682934545168429,370.72620052972314,-0.08301389738644524,0.18849642656802332,0.0036456489585930674,370.8225676336243,-5,11,0
14:59:28:577,7.823764635523221,3.8421459181226507,374.27601091424276,0.08874651524934524,-0.0466314404931432,0.005779984275355946,374.37749094223943,5,-3,0
14:59:28:695,7.700933598345613,3.885698122672584,372.1858684406338,0.07739381753034141,-0.15107593486133855,0.0026318738130188756,372.28580915083967,4,-9,0
14:59:28:824,7.559396115171797,3.876806402651795,373.79791089393854,-0.03165583045482486,0.1844050418972463,0.0016841464107315168,373.89444003111697,-2,11,0
14:59:28:941,7.564140416764487,3.839441251536884,373.62119301135095,-0.025183024108832563,0.15244627290686985,0.0017747610030468509,373.7174780453728,-1,9,0
14:59:29:064,7.593323090608816,3.8183525892756327,373.35981550282384,-0.12021867076859918,0.1776377127449849,0.0010955715610547697,373.4565439302906,-7,10,-1
14:59:29:192,7.58720199424079,3.827790177617852,373.1749132922921,-0.05268159567170321,0.19798826783565493,0.009754142190232696,373.2716618261491,-3,11,0
14:59:29:320,7.589447642816743,3.8801133289016145,373.54675721416606,-0.003713329189353478,0.1911249326387092,0.00421426279158479,373.6439947599684,0,11,0
14:59:29:438,7.744874622861156,3.8411022032716557,375.1593368492962,0.049499911423346185,-0.0915903783381355,0.006566875713625607,375.258930838779,3,-5,0
14:59:29:560,7.6295141033008935,3.7574207984048638,373.40168997362883,-0.05333544728926266,0.17815277729019954,0.004509854165067255,373.4985271345401,-3,10,0
14:59:29:683,7.73836860888581,3.8089331213332422,372.77773583858294,0.038878064021680925,-0.12872112534067573,0.0001290927315723612,372.87750087286054,2,-7,0
14:59:29:803,7.658313347205884,3.7478632364781297,372.77000413339294,-0.06257914396826328,0.16081374210482705,0.0048748718761321835,372.8674995541622,-4,9,0
14:59:29:968,7.71278200860898,3.8496589208935794,372.91733958768515,0.04767104489188319,-0.14019280435140605,0.005534178140992729,373.0169554393961,3,-8,0
14:59:30:091,7.713302008233814,3.8881424697524904,372.9455193370473,0.05335566559999413,-0.13874871209298975,0.005520524337839128,373.04553753304066,3,-8,0
14:59:30:216,7.64140647099629,3.7667997306469894,371.9943971493448,-0.10801705182376226,0.1662377598847419,0.0026716044592328173,372.091939423001,-6,10,0
14:59:30:341,7.620362687278602,3.7860942743153423,372.98229515615986,-0.06757592547974302,0.18387201402367825,0.0047061513772633365,373.0793440238905,-4,11,0
14:59:30:460,7.5762601867022346,3.7989084853396093,371.17007881311923,-0.07509396304174518,0.20788596960800823,0.003266575323021203,371.2668296929228,-4,12,0
14:59:30:583,7.722394905648541,3.846506932981901,371.7578762634201,-0.055435292427785186,-0.17084540782670746,0.000399791025463864,371.8579696101088,-3,-10,0
14:59:30:706,7.71278200860898,3.8496589208935794,372.91733958768515,0.04767104489188319,-0.14019280435140605,0.005534178140992729,373.0169554393961,3,-8,0
14:59:30:827,7.744874622861156,3.8411022032716557,375.1593368492962,0.049499911423346185,-0.0915903783381355,0.006566875713625607,375.258930838779,3,-5,0
14:59:30:957,7.711626565851803,3.7727087140509408,372.8657980564487,0.035853813668992436,-0.1424544199658957,0.005593028359846695,372.96461745801656,2,-8,0
14:59:31:074,7.641472170711956,3.899095744044801,373.7875144705405,-0.10571910188213347,0.15616217877554195,-0.0010240425924040338,373.8859465380071,-6,9,-1
14:59:31:198,7.744874622861156,3.8411022032716557,375.1593368492962,0.049499911423346185,-0.0915903783381355,0.006566875713625607,375.258930838779,3,-5,0
14:59:31:346,7.628126904162551,3.757571999316653,373.2549184520722,-0.044178892115322055,0.17798921446347435,0.007237113177931242,373.3517668580921,-3,10,0
14:59:31:487,7.588320898589967,3.788236154572569,374.1749573441738,-0.14317280745685151,0.1233105651614621,0.0028381984005421217,374.2710676110792,-8,7,0
14:59:31:610,7.783823291705546,3.8493406983522043,373.3659630682799,0.026495253845426055,-0.11378597682156466,0.002607628596403503,373.4669298703068,2,-7,0
14:59:31:771,7.660342500271295,3.7645846428890644,374.553870189533,-0.08947437480442003,0.15514252418391403,0.003726144191758779,374.6511105264636,-5,9,0
14:59:31:894,7.6836210636966475,3.785209084384503,375.59840181942144,-0.04905921704980817,0.126312344538458,-0.0014712412620819244,375.6960543973899,-3,7,0
14:59:32:022,7.683741823958165,3.7939060079024802,371.1659166402435,0.05573102297943964,-0.16410665048953935,0.0042403779661547665,371.26482635257304,3,-9,0
14:59:32:140,7.607650678444692,3.892448043655125,373.20348041590944,0.05805299103241604,-0.1463303889620189,0.0006262700234720034,373.30130631323254,3,-8,0
14:59:32:269,7.702194247484836,3.7222891923554275,370.8556122332203,-0.07568518587358536,-0.1623750079077656,0.003263489033411926,370.95426181395214,-4,-9,1
14:59:32:387,7.749085286724564,3.81125083140715,372.86549620843357,0.04399068322019833,-0.15726468000719557,0.00034245903085731115,372.9654839505155,3,-9,0
14:59:32:510,7.651470370791189,3.809975391253047,373.0236076470863,0.03177012276068764,0.16385617844513875,-0.00395439830695011,373.12152547576835,2,9,0
14:59:32:634,7.758456376577861,3.8488466672547528,373.4071884111968,0.023063484727503327,-0.14875970404026884,0.00324393439564108,373.5076111984471,1,-9,0
14:59:32:756,7.700561029326463,3.8096556623325935,372.1696202355289,0.06757686715673307,-0.15312521293126294,0.002683238734428402,372.26877164582277,4,-9,0
14:59:32:885,7.667650436396909,3.8456427219364757,373.6804429674894,-0.0026002629725576393,0.16893625788363675,-0.0008421234444108303,373.7788855560713,0,10,0
14:59:33:003,7.652647709069635,3.77737441464609,372.7477374348934,-0.10081978966639277,0.1805262320697307,0.001986239173531239,372.8454201639867,-6,10,0
14:59:33:128,7.63895347174371,3.8174570672570405,375.1951154555981,-0.04607611475375798,0.14576275385391851,0.00584715523592126,375.29228775761356,-3,8,0
14:59:33:247,7.566995128676983,3.718991694042108,370.8320575966858,-0.09262494425946972,0.21397598495704032,0.0007025545077856485,370.9278976511331,-5,12,-1
14:59:33:374,7.6592460406223575,3.741557150860127,372.62899943570795,-0.08718942331437499,0.1511596300492555,0.005273312615119127,372.72648754855186,-5,9,0
14:59:33:497,7.744874622861156,3.8411022032716557,375.1593368492962,0.049499911423346185,-0.0915903783381355,0.006566875713625607,375.258930838779,3,-5,0
14:59:33:615,7.637085817740361,3.833476937463312,375.5133661742578,0.007028795282238915,0.17285874691289338,0.007763835162498966,375.61058132158604,0,10,0
14:59:33:743,7.7157293684944985,3.814012304105564,373.1298183414175,0.042312814537897946,-0.15061442149364968,0.0001483770848646654,373.22907242743423,2,-9,0
14:59:33:863,7.640587590840658,3.858850843965042,371.1445930432068,0.028636410191548677,0.19657650444057492,-0.0025887618164019115,371.24328714978384,2,11,0
14:59:33:985,7.758456376577861,3.8488466672547528,373.4071884111968,0.023063484727503327,-0.14875970404026884,0.00324393439564108,373.5076111984471,1,-9,0
14:59:34:113,7.72727164190024,3.926951867953211,373.7232366697894,0.02752422145329329,-0.15747157915838447,-0.0018215035328640928,373.8237409594853,2,-9,0
14:59:34:273,7.664264213825944,3.69284205796827,373.62045994734314,-0.026128624101343822,0.18784350294506147,0.0015600837831231526,373.7173077603828,-2,11,0
14:59:34:395,7.717267074081725,3.8044490239246653,370.97626332182426,0.09785503416638666,-0.15623883517095402,0.004842134678298797,371.0760272392867,6,-9,0
14:59:34:520,7.705907424612257,3.79040364680044,375.2874319663252,-0.008375707539713107,0.16249557234485434,0.0028601167768186786,375.3856746879421,0,9,0
14:59:34:648,7.618470995633837,3.815193746382135,371.44825057569335,-0.013420785020050572,0.2065939461920169,0.008109250723061574,371.5459590136553,-1,12,0
14:59:34:778,7.755730132417478,3.7711458292853828,373.27095311278225,0.011829078944296616,-0.1517802415405373,0.0033008711597857774,373.3705630181329,1,-9,0
14:59:34:888,7.758358666468047,3.8094252479795676,372.97048630084146,0.03126038764687499,-0.15728763076330365,0.010873216119044694,373.0706199922525,2,-9,0
14:59:35:013,7.699546092499263,3.7347111995121347,373.2364996901104,0.01483867380658297,0.1634206002087608,0.004055279809524533,373.33458958245495,1,9,0
14:59:35:134,7.760625996573579,3.805255436751531,373.53177099181727,-0.011291013379074682,-0.1479658582803609,0.006256087094491613,373.6317588550002,-1,-8,0
14:59:35:260,7.741303132826318,3.785308503843025,376.39143848301427,0.06018921970900881,0.10824180953956855,0.0016120718007852932,376.4900679938002,3,6,0
14:59:35:384,7.786592204251942,3.8720641168273953,376.9939558498947,-0.06822032105127898,0.14659848767323522,0.004680837176732639,377.09424106718,-4,8,0
14:59:35:502,7.847570736599108,3.807027870743559,372.7673992294599,0.03228011161248561,-0.13065944330825421,-0.00039549316534485984,372.86942990270745,2,-7,0
14:59:35:629,7.579665318873185,3.7160587701832095,373.1603053001807,-0.06375002599957486,0.197688220436871,-0.0005288795675354384,373.2557754018733,-4,11,0
14:59:35:750,7.783907394297569,3.80225483412421,375.12987373113543,0.04393099382842137,-0.11513368057414193,0.0014302048903675616,375.2298875645225,3,-7,0
14:59:35:872,7.711964518683159,3.8013067752911787,373.6302135037451,-0.032788470579832724,0.15009406752994292,0.0019698441272172815,373.7291275413136,-2,9,0
14:59:35:998,7.783907394297569,3.80225483412421,375.12987373113543,0.04393099382842137,-0.11513368057414193,0.0014302048903675616,375.2298875645225,3,-7,0
14:59:36:120,7.793378848822251,3.8406792391549476,375.7373683687526,0.02258742340377217,-0.10133553202065843,0.004353073970252625,375.8378075175181,1,-6,0
14:59:36:244,7.670629592751679,3.888210381887792,371.65747016014683,-0.024799804992170976,0.15356380042203308,0.003241215900140416,371.7569526776378,-1,9,0
14:59:36:363,7.648888853396428,3.8493259242669975,375.65859760388133,-0.10242218789220102,0.1606579178500228,0.007858520272307101,375.7561772805308,-6,9,0
14:59:36:487,7.583025807894278,3.742430518297212,371.500319818207,-0.016056408332859422,0.20725345456148794,0.00802156643424457,371.5965496228639,-1,12,0
14:59:36:609,7.556902837820119,3.837554361395921,373.67873488084047,-0.03706392150712078,0.18600556605312477,0.0017890015113691971,373.77483931656286,-2,11,0
14:59:36:733,7.6275081792786725,3.841174118594778,371.13598430137745,-0.04272895125459969,0.14907554759392852,0.0059950651316924945,371.23422840975564,-2,9,0
14:59:36:858,7.589891259320411,3.847926923011475,371.7283335641927,-0.045858425139186657,0.19946719334442195,0.005676778511207612,371.82572122614766,-3,11,0
14:59:37:009,7.6527333236915585,3.807715923007935,372.1187946188748,0.06196554760683919,-0.10257682569201815,0.009961022888357849,372.21695331685015,4,-6,0
14:59:37:141,7.597492443332643,3.767877513430802,373.55554154895776,-0.014548901014486724,0.15763282818834615,0.0017380848212815887,373.6517916648036,-1,9,0
14:59:37:269,7.574297540390013,3.8225646138110934,370.4354515326237,-0.09342169544969006,0.1775460390778692,0.009137857682872135,370.53259739952153,-5,10,0
14:59:37:390,7.626876600206622,3.8590453180746827,372.92922743445655,-0.06433312326445116,0.15376146021845155,0.0047372561839493016,373.0271707963139,-4,9,0
14:59:37:515,7.744874622861156,3.8411022032716557,375.1593368492962,0.049499911423346185,-0.0915903783381355,0.006566875713625607,375.258930838779,3,-5,0
14:59:37:634,7.547153488492478,3.840280329759557,373.02368462138065,0.009136127739445339,0.17018897387602577,0.00400923412559701,373.119788496002,1,10,0
14:59:37:757,7.694837710558969,3.8357122624795617,374.3451779611499,-0.08820161978911523,0.13919875898418718,0.0013013935946946623,374.44390164444843,-5,8,0
14:59:37:888,7.701296124241655,3.8573405803896295,376.13264292716354,-0.08991020879828063,0.12659738456397301,0.005285239191151493,376.23125084676246,-5,7,0
14:59:38:004,7.675037857235344,3.8497064394235987,372.35101326733275,0.07198916341996063,-0.1625290238109159,0.008100793826632096,372.45000137869397,4,-9,0
14:59:38:131,7.7141571810854845,3.7226394261383375,373.593073968051,-0.05697558999142424,0.12798939876173934,-0.003012698459882027,373.69125114485774,-3,7,0
14:59:38:255,7.594886542754929,3.829445699129518,373.423781293883,-0.06041275418196778,0.17361334968102013,0.004470159234922321,373.5206385084788,-3,10,0
14:59:38:403,7.714674448018102,3.760270427833788,374.23132104480993,-0.09167009338121555,-0.08047015694478908,0.005042120252844083,374.3297176106553,-5,-5,1
14:59:38:538,7.5652154894878,3.7883445225280767,370.4477945944014,-0.08370038156661758,0.19531039370456243,0.0034661246409060757,370.5444002538421,-5,11,0
14:59:38:661,7.693544057776076,3.792208850915427,374.77924558742404,0.022777642355064152,0.1557848047993783,-0.00020378385969325755,374.87738580930244,1,9,0
14:59:38:789,7.793049975224986,3.8633286502253616,375.06899786208345,-0.0008498130960708965,0.09248378442204261,0.0008853422671526498,375.1698416630041,0,5,0
14:59:38:906,7.679222378297123,3.806949172935922,373.0515689316201,0.021129156759785907,0.2267271234473743,0.0063890783529493645,373.1500186261338,1,13,1
14:59:39:029,7.738038380371285,3.8132604516393553,373.1935865484992,0.03692813243658582,0.15625188800647563,0.0062871011825267305,373.29327777791593,2,9,1
14:59:39:155,7.829556186785865,3.869196865970204,375.0975484030624,0.020503957035827823,-0.13832118954708242,0.006890835800448935,375.1992050264198,1,-8,0
14:59:39:276,7.760356353439361,3.7940373615746292,374.1098032377577,-0.10063851657627723,0.16125342138056503,0.0038101253707211184,374.2095171542637,-6,9,0
14:59:39:403,7.738483407638177,3.8858462674390837,375.0540157611364,-0.06377496210168193,0.16473690218218193,0.0009594479355079738,375.1539666126685,-4,9,0
14:59:39:522,7.683741823958165,3.7939060079024802,371.1659166402435,0.05573102297943964,-0.16410665048953935,0.0042403779661547665,371.26482635257304,3,-9,0
14:59:39:643,7.60070730226943,3.789792483955771,369.73002555618865,-0.03318578871313342,0.2623827724387852,0.0013582080120320109,369.8275612719341,-2,15,0
14:59:39:774,7.604007595154744,3.7085661920836093,371.20725183514077,0.007762079019856978,0.21226787312540737,-0.0003620886413210216,371.30364691140034,0,12,0
14:59:39:890,7.626528590945807,3.806283559441074,373.52915692866435,-0.005494345082151909,0.18896078586882442,0.004436636219625848,373.6263946895644,0,11,0
14:59:40:016,7.651878559534216,3.806097619058915,371.3194577745268,-0.0484009450204446,0.19410388289083175,0.0005703061381377193,371.4177935244141,-3,11,0
14:59:40:138,7.758727888533949,3.815641287285838,374.8503139813023,-0.03558766226046555,0.07802495644228173,0.003863165378807697,374.9500164938821,-2,4,0
14:59:40:262,7.783490290806261,3.8560316923710283,375.6138887021924,0.08070221623680222,-0.0555732430292671,0.009723358704033666,375.7143131256815,5,-3,0
14:59:40:383,7.865883638719408,3.733588604175617,374.7043609647217,-0.0688721299882375,-0.06447475935944569,0.0020179839497067417,374.8055094782673,-4,-4,0
14:59:40:547,7.600318907306421,3.6865604939904553,371.49105510227486,-0.11504560895074017,0.14364173583879913,0.0027044771287001576,371.5870821177319,-7,8,0
14:59:40:667,7.731990618064352,3.7690723288646018,372.99586367726005,0.01608482297610237,0.13216264427684668,-0.006587487109639476,373.0950333433604,1,8,0
14:59:40:794,7.715489901952444,3.8018855607570865,375.5289448560308,0.025552124403721926,0.14778607200903948,0.005345686509613697,375.627437154061,1,8,0
14:59:40:953,7.790436272030727,3.8313039735076804,373.610471324585,0.08000837952840446,0.1064271127951182,-0.0027913506846211455,373.71132451509214,5,6,0
14:59:41:083,7.793378848822251,3.8406792391549476,375.7373683687526,0.02258742340377217,-0.10133553202065843,0.004353073970252625,375.8378075175181,1,-6,0
14:59:41:199,err,err,err,err,err,err,err,err,err,err
14:59:41:326,7.797324041687143,3.7911746347051896,375.2420067423958,-0.003896252721442974,-0.15608879674558881,0.004850463980536246,375.3421570932076,0,-9,0
14:59:41:450,7.784858556332957,3.7630196854448625,373.3412410871223,-0.025238093210793233,-0.13572421428879725,0.0008855637657733706,373.4413563551417,-1,-8,0
14:59:41:572,7.823764635523221,3.8421459181226507,374.27601091424276,0.08874651524934524,-0.0466314404931432,0.005779984275355946,374.37749094223943,5,-3,0
14:59:41:696,7.793982749269226,3.746416169958119,375.58438806290314,0.08472155510466697,-0.000767057129740111,-0.0008815838107688383,375.6839287989305,5,0,0
14:59:41:817,7.648511696980805,3.6288866673310416,372.29516420309733,-0.08285474108278065,0.16539772412597006,0.005213113546046375,372.39140408800307,-5,9,0
14:59:41:945,7.839450046810377,3.7798286580627822,375.2784694634084,-0.05584123118758308,-0.0713532820917939,-0.003180586283430741,375.3793730674597,-3,-4,0
14:59:42:064,7.661485325028218,3.750886865003079,370.5409790518112,0.059314390939013445,0.20502482917067266,-0.0006573342918067558,370.6391569523307,3,12,0
14:59:42:187,7.742782568894981,3.8561345207067097,375.7226525808335,-0.06933294561286102,0.07021523455346246,0.004182380819275223,375.8222081220436,-4,4,0
14:59:42:312,7.7859471413357095,3.854258106572703,373.5896428980562,0.03438098609742927,-0.10282728107932419,0.0029735564552668564,373.69064419535164,2,-6,0
14:59:42:430,7.548696709647434,3.699729365241925,371.54299024393265,-0.04771429861977596,0.18836819646043568,0.000671302209462376,371.6380825733462,-3,11,0
14:59:42:559,7.6358779191626445,3.7287710612609706,373.60945847198036,-0.027923685260620675,0.17241714326809018,0.0070154935154302595,373.70608481124583,-2,10,0
14:59:42:677,7.756247876123747,3.7444260466092865,375.80616852327404,0.069756427224845,-0.0867546797422369,0.004961725012304587,375.9048502050457,4,-5,0
14:59:42:803,7.645537093846318,3.7664914419776294,371.37787030788394,-0.06888142672196634,0.22128094811397692,-0.0020807756132680735,371.4756563351835,-4,13,-1
14:59:42:929,7.720504637878895,3.8097309895758165,373.408551595379,0.012469547348708893,-0.13239934103258416,0.008508370100998697,373.5077865943831,1,-8,0
14:59:43:046,7.723968445711017,3.7826559543440617,375.5548783521974,-0.05772854274122768,0.14841725642206352,0.011327377915006686,375.65334396056306,-3,9,0
14:59:43:216,7.837743901839543,3.7964277267187674,375.5866382640035,-8.80371322256317e-05,-0.12856845005458648,0.009811224666499398,375.68759087227045,0,-7,1
14:59:43:335,7.742370270313876,3.8845432876043473,374.847931781611,-0.05693728821016811,0.1321996512075913,0.0009891846658923846,374.9480043084737,-3,8,0
14:59:43:498,7.807712051425498,3.820260172584646,373.06518522945055,-0.08616383818565453,-0.1182847440556297,0.0015467595366003236,373.16643362653673,-5,-7,0
14:59:43:626,7.845707883914422,3.7986308596793297,376.34114769861475,-0.028997104188281622,0.13072225209056287,-0.0002501251864589547,376.4420860899036,-2,7,0
14:59:43:786,7.814856252181877,3.685417834758862,373.6058799223902,-0.060297729056449624,-0.10574091300918477,-0.0015446366420719536,373.705777043174,-3,-6,0
14:59:43:907,7.8889491307557025,3.835571786962434,374.80473404323425,0.04512439259316432,-0.10736440278712087,0.006300701696370099,374.90736961353554,3,-6,0
14:59:44:034,7.807400013351846,3.8016375239117424,375.45679545183907,0.027818807525224424,-0.1753687389670884,0.0019717602134438797,375.5572036238898,2,-10,0
14:59:44:153,7.776700715429863,3.757165182749542,373.5602018167932,-0.06490104670818167,-0.10324340037922163,-0.0011631888632001564,373.66002963339696,-4,-6,0
14:59:44:278,7.811224858323353,3.7735583650219326,374.99782989614425,-0.07083542935850709,-0.10408163075246864,0.005314352135219399,375.0981570247167,-4,-6,1
14:59:44:399,7.769309572689643,3.8045152662594224,373.14327198940424,0.004836570232693368,-0.19794476726433638,0.008655109316274756,373.2435370352794,0,-11,0
14:59:44:520,7.788957051924235,3.841662973529855,373.5360787638661,-0.011834007080200713,-0.13277142978385864,0.0008190782715150399,373.63702756103294,-1,-8,0
14:59:44:647,7.6770471557121684,3.7391369287101104,375.1261562762739,-0.06585521756298107,0.139605224802749,0.006326929767745076,375.2233352559701,-4,8,0
14:59:44:769,7.651878559534216,3.806097619058915,371.3194577745268,-0.0484009450204446,0.19410388289083175,0.0005703061381377193,371.4177935244141,-3,11,0
14:59:44:894,err,err,err,err,err,err,err,err,err,err
14:59:45:013,7.694700051946981,3.902793183178194,373.03749998792307,-0.036987225211990125,0.16939098750966128,0.0019401440712116579,373.137262412587,-2,10,0
14:59:45:135,7.731511877422694,3.8169949824753635,371.8176445037373,-0.027659232993513003,-0.17024834998661276,0.007872906302597779,371.91760712678627,-2,-10,1
14:59:45:261,7.702312482592221,3.7296109276140834,374.72887345991103,-0.09165566340760128,0.1651642705151922,0.008884214147220872,374.82657885985736,-5,9,0
14:59:45:413,7.731486486258305,3.829371245469164,375.7101378233719,-0.021453949806226884,-0.16101449563168416,0.002537691466545255,375.80919045531596,-1,-9,0
14:59:45:548,7.793378848822251,3.8406792391549476,375.7373683687526,0.02258742340377217,-0.10133553202065843,0.004353073970252625,375.8378075175181,1,-6,0
14:59:45:674,err,err,err,err,err,err,err,err,err,err
14:59:45:795,7.738009499148185,3.7469322462419656,375.67174800350256,-0.0600192805406805,0.08309981864221344,0.004024093177266861,375.7701139530311,-3,5,0
14:59:45:921,7.672416514248133,3.764361412765289,373.4640953639529,-0.025435369228562925,0.1543928931287904,0.004606028209571592,373.5618649140055,-1,9,0
14:59:46:040,7.828708213927464,3.70755221724412,371.62350184079116,-0.017575525317767914,-0.16153297800279642,-0.0006471439592924995,371.7244432858228,-1,-9,0
14:59:46:161,7.792237987854963,3.7888988557483945,373.34977985566184,-0.07870832317964785,-0.1606139806548264,0.00701553767542186,373.45030840216157,-5,-9,1
14:59:46:287,7.830665414303125,3.7607401822986732,375.17464414822626,0.02390720919579344,-0.136144287680201,0.0068449895021417215,375.2752004853208,1,-8,0
14:59:46:448,7.833283455071008,3.796809012651221,373.62499264648477,-0.05533118042091761,-0.14207817594076266,0.00908500358362822,373.7263854994076,-3,-8,1
14:59:46:575,7.821134126370275,3.8293666851003563,375.7152686836773,-0.021925725616631808,-0.0852868769478908,0.0020479693797447883,375.8161748917674,-1,-5,0
14:59:46:695,7.821020931162411,3.7999291315831587,371.18002429544083,-0.07197117040491564,-0.16651469165430044,0.005330654344668768,371.2818582502716,-4,-10,1
14:59:46:816,7.535372202279304,3.896259717049162,371.64690472363696,0.009621705226649919,0.22978539057651187,-0.000349530901805981,371.7437080364235,1,13,0
14:59:46:942,7.747898480179559,3.846216835360507,373.38145604988637,0.013744343324059499,-0.11650147016521434,0.003043425481372095,373.4816394908015,1,-7,0
14:59:47:064,7.7859471413357095,3.854258106572703,373.5896428980562,0.03438098609742927,-0.10282728107932419,0.0029735564552668564,373.69064419535164,2,-6,0
14:59:47:192,7.745861107001263,3.767985841687373,373.3093030082607,-0.0030198728994759805,-0.11795654090534209,0.0031237377210056047,373.408665933325,0,-7,0
14:59:47:355,7.749085286724564,3.81125083140715,372.86549620843357,0.04399068322019833,-0.15726468000719557,0.00034245903085731115,372.9654839505155,3,-9,0
14:59:47:476,7.737531102708054,3.693923388311548,373.20864173549916,-0.0014548385343666483,0.1455378971983613,-0.0009049019015837718,373.30711850113477,0,8,0
14:59:47:600,7.716847265011274,3.841482344491153,375.57663172360526,0.033876467942282454,0.14514966644002855,0.005219051703745643,375.6755422105133,2,8,0
14:59:47:763,7.664264213825944,3.69284205796827,373.62045994734314,-0.026128624101343822,0.18784350294506147,0.0015600837831231526,373.7173077603828,-2,11,0
14:59:47:892,7.619684033542635,3.7807350645299596,371.7536580974929,-0.02209077089135681,0.2121975395211974,0.0027527419171025098,371.85095919100013,-1,12,0
14:59:48:010,7.706006788312815,3.808157363805217,372.6506702727097,0.043278266013290746,0.21866704218369865,0.003564334189273854,372.7497909561169,3,13,0
14:59:48:164,7.610247172690674,3.6683737850793263,372.6028337008123,-0.08683413200678727,0.20530110555718656,0.007075557879487923,372.6985974083236,-5,12,0
14:59:48:294,7.719889429553849,3.7832249404818445,374.9492033034448,-0.021473285588717056,0.105702439006454,0.008882205064861808,375.0477496821475,-1,6,0
14:59:48:418,7.760625996573579,3.805255436751531,373.53177099181727,-0.011291013379074682,-0.1479658582803609,0.006256087094491613,373.6317588550002,-1,-8,0
14:59:48:580,7.714297531854123,3.762359991137466,375.480923952979,0.017270490935832297,0.14990512433760522,0.005477994186701761,375.5790063244959,1,9,0
14:59:48:705,7.727091267497987,3.8080252985665584,373.79441376831977,-0.013048525864060793,-0.14051653727247262,0.006074523532705154,373.8936650446656,-1,-8,0
14:59:48:829,7.786046920733919,3.685404419131359,373.3597559573898,-0.04664959718435991,-0.1358588256188006,0.0038559766301226083,373.4591170408698,-3,-8,0
14:59:48:955,7.804516293572221,3.8629148539473417,373.9831859042549,-0.11668522254875083,-0.038919934683641355,0.00011012703459608824,374.0845571857277,-7,-2,0
14:59:49:076,7.784056969047689,3.79302258152739,373.2412510438696,-0.04991824376868549,-0.13818751830945905,0.0038937478946560558,373.3416800251403,-3,-8,0
14:59:49:237,7.881287967809429,3.775581337392909,375.29810193322055,-0.07903957323920492,0.054593924975199375,-0.0010595968357215444,375.39983354970315,-5,3,0
14:59:49:362,7.744874622861156,3.8411022032716557,375.1593368492962,0.049499911423346185,-0.0915903783381355,0.006566875713625607,375.258930838779,3,-5,0
14:59:49:484,7.855316108020245,3.8027806584147545,373.1784365519241,-0.003372127849567333,-0.14130480383974092,-0.002269127677763197,373.2804744950255,0,-8,0
14:59:49:607,7.809232051760821,3.8572755983131968,376.07101669345747,-0.08629690856970752,0.1314088449009167,0.005158549618015281,376.17186534499143,-5,8,0
14:59:49:736,7.781379778149796,3.8401584420471875,371.4107007885331,-0.06546011217726436,-0.1483949020891384,0.00012257916590289114,371.5120527632194,-4,-8,0
14:59:49:865,7.737031772545144,3.827087915163616,376.4725309060591,-0.07732199831231985,0.1398098706829539,-0.00032474379038652566,376.5714736797961,-4,8,0
14:59:49:991,7.733360364417287,3.8739386256954025,374.89248892228056,0.04790552713003938,-0.0981637275299704,-0.0038756214976651917,374.9922539377898,3,-6,0
14:59:50:107,err,err,err,err,err,err,err,err,err,err
14:59:50:224,7.815684450740344,3.7471977357436312,375.42642375282526,-0.044919280755508745,-0.09111483681009519,0.002202274389946271,375.5264652007102,-3,-5,0
14:59:50:434,7.66152297081156,3.800573175534449,373.50654060822166,-0.02927875768458393,0.19020113007976588,0.0015784288708954495,373.6044421146729,-2,11,0
14:59:50:549,7.691855708474229,3.8330841102173703,375.37707032985463,0.011292199388817531,0.20849708916963738,0.00012145802747883758,375.47543475900073,1,12,0
14:59:50:674,err,err,err,err,err,err,err,err,err,err
14:59:50:797,7.707348166324724,3.8149421561504746,375.22813808014496,-0.06133019245369798,0.15562975846592286,0.0008120709457253211,375.32667452034906,-4,9,0
14:59:50:920,7.801931008110917,3.8369527220909303,374.95328802192284,0.04416805881355421,0.1645752006460769,-0.0027882769139094487,375.0540768103953,3,9,0
14:59:51:053,7.775093464613108,3.782131674189315,375.4808287997199,-0.05705919032164923,-0.05943248781492778,0.007500570800448722,375.58036343039686,-3,-3,1
14:59:51:209,7.753840958179524,3.801874496180796,375.2253460940906,-0.13741298270196867,-0.016787992112868372,0.0039947213980128194,375.3247082869971,-8,-1,0
14:59:51:384,7.759180483573168,3.7950737914222037,373.9316321308818,0.06910876572242557,0.12439603565312274,0.0025432577400975737,374.03137966609717,4,7,0
14:59:51:496,err,err,err,err,err,err,err,err,err,err
14:59:51:618,7.841332737577717,3.855094308526171,375.4819819875933,-0.05989078307476665,0.09500856214015976,0.0038989953805777587,375.58363522464657,-3,5,0
14:59:51:739,7.760625996573579,3.805255436751531,373.53177099181727,-0.011291013379074682,-0.1479658582803609,0.006256087094491613,373.6317588550002,-1,-8,0
14:59:51:864,7.844138291394357,3.8819304012718026,377.52358705945414,-0.05188208786564948,0.1006110214205976,0.0021665192858661025,377.62502389991596,-3,6,0
14:59:51:985,7.788957051924235,3.841662973529855,373.5360787638661,-0.011834007080200713,-0.13277142978385864,0.0008190782715150399,373.63702756103294,-1,-8,0
14:59:52:111,7.8042969897153,3.6934476249922517,374.654476433645,-0.08467840623456488,-0.10783512119717811,0.005392141908208914,374.75395303936546,-5,-6,1
14:59:52:228,err,err,err,err,err,err,err,err,err,err
14:59:52:353,7.787332702387413,3.745691242435895,375.18412781866357,-0.03850944699225286,-0.14015962840830987,0.0022624407857623125,375.2836294331963,-2,-8,0
14:59:52:480,7.774661674823424,3.785358008466355,376.0104388320891,-0.07280221073466579,0.10842105914627052,0.002802767376277751,376.1098568372151,-4,6,0
14:59:52:627,7.830284933132908,3.7997334283210042,373.3514764983099,-0.025936225265202503,-0.15290950793545283,0.006124451880926757,373.4529104716261,-2,-9,0
14:59:52:768,7.740544750078856,3.791244383550409,370.6873798861435,-0.08576098637163965,-0.18904304610043288,0.0030595577193815787,370.78757149324446,-5,-11,1
14:59:52:894,7.730311544684698,3.81032189044824,374.42210081511104,-0.035985167794434635,0.14848175114723292,0.003511096106891545,374.52127556159996,-2,9,0
14:59:53:011,7.696205245637582,3.7084876936449285,371.63980278626457,-0.013746010028124351,0.18749329066730347,0.002555877549366633,371.73798228210484,-1,11,0
14:59:53:134,7.755730132417478,3.7711458292853828,373.27095311278225,0.011829078944296616,-0.1517802415405373,0.0033008711597857774,373.3705630181329,1,-9,0
14:59:53:255,7.715489901952444,3.8018855607570865,375.5289448560308,0.025552124403721926,0.14778607200903948,0.005345686509613697,375.627437154061,1,8,0
14:59:53:377,7.694850757901862,3.8495504011447097,373.3126851941061,0.03039630181854176,0.17471766246167933,0.0011113632753085966,373.4118245226189,2,10,0
14:59:53:504,7.882390606927952,3.8128531929654974,375.4333259131729,-0.08588404458283791,-0.07156737932869003,0.002182598551971663,375.535420616189,-5,-4,0
14:59:53:620,err,err,err,err,err,err,err,err,err,err
14:59:53:751,7.710802158025678,3.8144345530757504,374.5937837738265,-0.026923911837583282,0.09762188056249586,0.0034980229607392064,374.6925529322303,-2,6,0
14:59:53:871,7.740728387428015,3.8064365454179585,373.0372683606368,0.01878869940713275,0.1464287821508761,0.009215552079401747,373.1369874739142,1,8,1
14:59:53:993,7.757187987152609,3.8340854140823364,375.33320736046227,0.01664034793404414,0.1122584303118907,0.002938613438350069,375.43293771847226,1,6,0
14:59:54:117,7.6770471557121684,3.7391369287101104,375.1261562762739,-0.06585521756298107,0.139605224802749,0.006326929767745076,375.2233352559701,-4,8,0
14:59:54:280,7.855231103353561,3.739995683465934,374.60049242110114,0.10118832927996667,-0.01908781476389909,0.0015077499982567928,374.7015093985223,6,-1,0
14:59:54:405,7.8510397720752305,3.8574520583165186,376.26430052408415,-0.09879601798821154,-0.03830539470667753,-0.0015170570909024941,376.3659689859901,-6,-2,0
14:59:54:524,7.744306214095193,3.8801057307529825,375.1389639120771,0.0582527892841241,-0.08981521142022875,0.006516838210552656,375.23895286103516,3,-5,0
14:59:54:650,7.847241510999668,3.756522713244414,375.2040698297609,0.006299359174214038,-0.07496738815409301,0.0040314880592279174,375.30492226860434,0,-4,0
14:59:54:776,7.811224858323353,3.7735583650219326,374.99782989614425,-0.07083542935850709,-0.10408163075246864,0.005314352135219399,375.0981570247167,-4,-6,1
14:59:54:893,7.760625996573579,3.805255436751531,373.53177099181727,-0.011291013379074682,-0.1479658582803609,0.006256087094491613,373.6317588550002,-1,-8,0
14:59:55:021,7.751522723835584,3.716855376146628,370.8545928182308,0.05375595587285586,-0.16991869237667825,0.004073164849945865,370.9542156827458,3,-10,0
14:59:55:141,7.799060748636997,3.7558982134382863,373.2956652149106,0.08516169612465292,-0.13568858690714447,0.01126905270942611,373.39601737055693,5,-8,0
14:59:55:264,7.813297201580796,3.765977841646971,373.71254814846054,-0.03208608394088781,-0.07936362270120645,0.0007549758214156266,373.81318709467627,-2,-5,0
14:59:55:387,7.584971188537663,3.8641788181311907,373.0164418674995,-0.04480845059907817,0.184170245699979,0.007046606229366908,373.11356122413866,-3,11,0
14:59:55:511,7.700561029326463,3.8096556623325935,372.1696202355289,0.06757686715673307,-0.15312521293126294,0.002683238734428402,372.26877164582277,4,-9,0
14:59:55:632,7.715142535072716,3.7693522679231966,373.53314860975524,-0.00783997584149127,-0.1295902787829531,0.00099043275495259,373.6318302168241,0,-7,0
14:59:55:754,7.839700271742133,3.8465277681447363,373.91992346801055,-0.011304903461251216,-0.15419231894936486,0.001092310771132027,374.02187882869197,-1,-9,0
14:59:55:883,7.853730306732771,3.7345429229282363,372.6859246698749,0.03692879956556006,-0.12803010806868742,0.010507765076434288,372.78737416604355,2,-7,0
14:59:56:003,7.747898480179559,3.846216835360507,373.38145604988637,0.013744343324059499,-0.11650147016521434,0.003043425481372095,373.4816394908015,1,-7,0
14:59:56:124,7.793378848822251,3.8406792391549476,375.7373683687526,0.02258742340377217,-0.10133553202065843,0.004353073970252625,375.8378075175181,1,-6,0
14:59:56:250,7.5762280931966695,3.8214617877594352,371.50473877038934,0.009133704192741508,0.21760641107486156,0.004898668949058799,371.6016331115495,1,12,0
14:59:56:375,7.60401680169565,3.6434715261944333,364.8281181166315,-0.10510579392914374,-0.15833068527709152,-0.005858077938452409,364.9255427135863,-6,-9,0
14:59:56:500,7.641055148978218,3.7083871483615667,367.5886100159068,-0.13407376975911803,-0.059493695549968216,0.0015579313415565706,367.68672001101464,-8,-3,0
14:59:56:619,7.620340670376184,3.6663028357075684,366.1227473090348,-0.06663219708322202,-0.09267266257222001,-0.001149820945893167,366.2203946608259,-4,-5,0
14:59:56:740,7.537180261408383,3.788550677740905,368.5996807534336,0.018593541148098518,0.12763159759017206,-0.0010472375774412022,368.6961985891147,1,7,0
14:59:56:864,7.6699059088492705,3.656482415071897,368.0183211314507,-0.0518522450440463,-0.11861605457691686,0.0023431163142544563,368.1163973646297,-3,-7,0
14:59:56:986,7.510683215639497,3.74131623586433,366.3518771724902,0.07528839891012565,0.1610184020184795,-0.005706032139356794,366.44795772026043,4,9,0
14:59:57:111,7.668581541645045,3.732655202267339,367.9909843524323,-0.031773103491085836,-0.11937091689595145,-0.000596046150158693,368.0898048335378,-2,-7,0
14:59:57:233,7.50221535651827,3.702338157937203,367.55460422721956,0.0141333986518489,0.1765478044745959,0.00011702889856744356,367.6498029806616,1,10,0
14:59:57:355,7.653462211534156,3.681775699288614,367.4622648083893,-0.07104126194969555,-0.09578537779399773,0.00520057993700472,367.56039913765744,-4,-5,0
14:59:57:573,7.571445041463743,3.6217793992123757,365.40312329172167,-0.06702143067543705,0.1666289447500586,-0.000758538319150575,365.49950284149173,-4,10,0
14:59:57:698,7.510542320920713,3.703920214170185,367.78272168947495,0.008692215632307838,0.15126913459906716,-0.005016579445867354,367.8780472442261,0,9,0
14:59:57:808,7.673710872612425,3.6872340081647907,369.8695003594275,-0.014419379733281635,-0.1072505674660547,0.005954813037334305,369.96746996096823,-1,-6,0
14:59:57:934,7.515620293362409,3.731041482030866,367.95480617389325,-0.03689088890984333,0.16170134224873994,-0.0018214633299907196,368.0504647536829,-2,9,0
14:59:58:052,7.663502778552506,3.719765322935889,368.40154612539806,-0.12566528863502682,-0.081325952547819,0.001533068414346072,368.5000205108249,-7,-5,0
14:59:58:188,7.541407973188268,3.6427481882937847,367.934531735294,-0.11960702652661828,0.08687000434964459,0.003159708894434503,368.02983858900825,-7,5,0
14:59:58:350,7.63301377203673,3.6987109406504453,365.18880937109464,0.09829335110537132,0.1479789808251547,-0.005886919374477762,365.2872976873742,6,8,0
14:59:58:552,7.6087739679210875,3.699546107495945,366.70138930900976,0.04098205565557741,0.11857781499429497,5.2738360211394725e-05,366.7989762851777,2,7,0
14:59:58:673,7.4763302322002785,3.7047579756751787,366.4585217976126,0.06975612507815085,0.17644710422845905,-0.0005067809608380335,366.55350079284545,4,10,0
14:59:58:798,7.6064876757042015,3.718401714719381,366.2513020216781,-0.0018422791002556784,-0.15081143749727838,-0.0020829753510440588,366.3491523105344,0,-9,0
14:59:58:917,7.633287213936423,3.7503120300095563,366.0956585817568,-0.010287970766547742,-0.12436207573036039,0.0007645850243436935,366.1944335273587,-1,-7,0
14:59:59:272,7.590419056677685,3.797236940921449,367.2911650255507,-0.026427142440599162,0.10159534069720084,-0.001858420862921311,367.389212383363,-2,6,0
14:59:59:468,7.643822851041732,3.755853862787161,369.6718483546259,-0.019974205366692723,0.10415776979891632,0.0044036734879508484,369.76994189893566,-1,6,0
14:59:59:617,7.6145713971832105,3.7263823502922926,365.4498574897853,-0.08384408624860179,-0.13497979064671342,-0.0034553527416303067,365.54817187655004,-5,-8,0
14:59:59:736,7.5517233408790325,3.6666204820712585,367.9813593994605,-0.005430779098989931,0.1637444080448423,0.0001779317749746673,368.0771026519466,0,9,0
14:59:59:891,7.563599613110314,3.7012338736645884,368.0343171564235,-0.01399509250044466,0.12062740460795514,-0.0022807918059002106,368.1306368343851,-1,7,0
15:00:00:024,7.5053516359315475,3.6469180271989075,365.4752769620639,0.034291019713624735,0.14161865044137364,0.0011260889572044035,365.570524502145,2,8,0
15:00:00:177,7.605991773100377,3.616001445760122,364.57676224406725,-0.04683397669912943,-0.1585858031881909,-0.0028593796969496165,364.67402175871445,-3,-9,0
15:00:00:309,7.677809732153115,3.620202032638254,366.11654947368896,-0.12295225763828525,-0.0430686844096409,0.0003210554450520811,366.214940197093,-7,-2,0
15:00:00:434,7.530348781232604,3.704575503008106,366.8234870160789,0.054133557757853196,0.15262357902874626,0.002641362073366174,366.919474352425,3,9,0
15:00:00:554,7.618772238078595,3.6500989545430578,365.7393179256194,-0.13393371221674696,-0.12837398151404755,0.0010000030601182426,365.836872922196,-8,-7,1
15:00:00:676,7.571676757643223,3.618818642258561,364.55375478701757,-0.03254602286661689,-0.1606387990047729,-0.002550348419797774,364.6503342472083,-2,-9,0
15:00:00:798,7.6131756220686855,3.723573189898489,364.4884191260999,-0.04110615577089178,-0.16084741379748563,0.007385719098891636,364.5869349241638,-2,-9,1
15:00:00:924,7.605080393017593,3.7384407017410513,369.111847321083,-0.06976892415916162,0.1989027610297891,-0.0005100019599215376,369.20911286078405,-4,11,0
15:00:01:044,7.635943465296229,3.7474527353919256,367.35781218216886,-0.09732453250572862,-0.055668228907104496,0.0003673384621774726,367.4562738692576,-6,-3,0
15:00:01:163,7.509472594216897,3.6392624940886638,366.091357508183,-0.02469642272769676,0.16707124930414882,-0.0037913918261303545,366.1864531250828,-1,10,0
15:00:01:301,7.513934903561639,3.6596396190579963,365.7107072100879,-0.07540507380516029,0.14786396844334052,0.002465227534309517,365.80619670527585,-4,8,0
15:00:01:413,7.747884397670009,3.6733322521741223,366.12381817227504,-0.03472717565936258,-0.15282963484061263,0.0009596505456853217,366.22421180954115,-2,-9,0
15:00:01:542,7.673899466653936,3.7528725445054305,365.877362525445,0.01018788295609831,-0.14582044845894077,0.0030168848441859343,365.97707195114765,1,-8,0
15:00:01:660,7.618374958326548,3.7241706108348067,365.3886088459772,0.057431739036987055,-0.11144262893802287,3.206423711935163e-05,365.48699642824886,3,-6,0
15:00:01:780,7.6447107247909525,3.7961052025491253,370.0540345004415,-0.023195812242642232,0.11583612699441383,-0.0005507368809918095,370.15245570822367,-1,7,0
15:00:01:948,7.569538456294814,3.735036384849595,366.9865252300922,0.026692455652053873,0.13783432709020496,-0.004926369949069052,367.0835846366527,2,8,0
15:00:02:069,7.514701876057306,3.6464855601571275,364.8260368479195,0.06018801667434331,0.17387222030189367,-0.0014803305431926265,364.92164194986566,3,10,0
15:00:02:194,7.467757894457834,3.682198997762156,367.31012355632015,-0.059181782631186244,0.18295372501658863,0.005782873151158299,367.404481279677,-3,10,0
15:00:02:319,7.616186913150108,3.7475499259471756,367.3232106133374,-0.09589862064847349,0.1511409648086499,-0.001723803319456543,367.42127250451045,-6,9,-1
15:00:02:440,7.639949182940717,3.8001662781470187,367.6092667760311,-0.030855542955671868,0.07852954081150183,-0.0015317924156496487,367.7082853388956,-2,4,0
15:00:02:565,7.667900381435824,3.6522432005931047,365.3506852236913,-0.09076572397474661,-0.06683248958662504,-0.0012934041340034734,365.44939289876606,-5,-4,0
15:00:02:684,7.572485869593963,3.688141829377628,366.15236825638647,-0.1530877894441222,0.09997546340332096,0.0010351412689341797,366.2492344185299,-9,6,0
15:00:02:808,7.468357702445444,3.7461809653857534,367.0041090065232,0.06501195531574584,0.11790329116844418,-0.00285436672970794,367.0992049382143,4,7,0
15:00:02:975,7.506534189540003,3.779573447717994,366.98698331456467,-0.09316752288844389,0.1465278149848325,0.0037193112764206796,367.08320467342276,-5,8,0
15:00:03:094,7.70680726514549,3.741706328498103,368.05514188800703,0.0024755985977305576,-0.10218748242543743,0.004177379449834428,368.1548352455415,0,-6,0
15:00:03:224,7.620246649095146,3.7584342211535673,368.4365351285859,-0.11127772547588152,0.10796747387324687,0.00532400520062041,368.5344955419309,-6,6,0
15:00:03:344,7.497101466985545,3.7554733827903766,365.57234165634975,0.03458175417729053,0.17505787579796436,0.0008400290383735882,365.6684934402225,2,10,0
15:00:03:468,7.608238321675231,3.7000875692821458,364.5651538887773,0.00734579834197001,-0.1464811060185408,-0.0005870554142844228,364.6633068576103,0,-8,0
15:00:03:585,7.465931967287183,3.7571847001369663,367.51191184778867,-0.05791770519234982,0.17487175878737918,-0.004543391294917893,367.6069394435147,-3,10,-1
15:00:03:710,7.572646110705863,3.74536685867193,367.00641466658664,-0.08652514626573535,0.14643956119617083,-0.004027783071047555,367.10363815746445,-5,8,-1
15:00:03:837,7.68438389980909,3.675980323886695,368.1012418025349,-0.1542789110434885,0.09771118672988566,-0.0006091848150310561,368.19979196603236,-9,6,0
15:00:03:956,7.6904377855558845,3.716410867059695,367.53395965595615,-0.08277625363806707,-0.11166977774862523,6.494521609035235e-05,367.63319496945905,-5,-6,0
15:00:04:080,7.587985976340943,3.6387046654787234,366.0452081782255,-0.023615409211454223,0.16851528757282275,0.006741662750903647,366.1419289470412,-1,10,0
15:00:04:205,7.61342710257452,3.715106885781164,365.3787027475988,0.025297457848472107,0.12240966653875886,-0.003546034137824333,365.4768976459896,1,7,0
15:00:04:326,7.603769627400453,3.6628795358957422,368.2018187857866,-0.03217964070842306,0.13491216680810758,0.002963360227874175,368.29853835740687,-2,8,0
15:00:04:449,7.622238157472113,3.748206642559846,368.0003417243895,0.029906941142799005,-0.07295989933511786,-0.0008909479012608495,368.09835516724604,2,-4,0
15:00:04:573,7.674908132742442,3.734489001684352,368.25463290732074,-0.03779492508464948,-0.11593641907070519,0.002268476197088775,368.3535330096011,-2,-7,0
15:00:04:697,7.540481968071922,3.811802186486443,366.49877746806504,0.06546965007951666,0.19224387477482016,-0.005738055021729616,366.5961573582107,4,11,0
15:00:04:820,7.591255991055419,3.700146355648055,365.6898941511945,0.08279453126492213,0.07832527329297155,-0.010883263506828049,365.7873930781196,5,5,0
15:00:04:943,7.650527434186753,3.7959120670244357,367.92789510175925,0.072383185443852,0.06267682029327602,-0.0012993802343425275,368.02700378158795,4,4,0
15:00:05:064,7.440014896588794,3.622468553210528,365.72322272924737,-0.08312859555806745,0.14951842155968584,-0.0005416667088385829,365.8168281306194,-5,9,0
15:00:05:186,7.581314800955206,3.7336057649976766,368.8599300020269,-0.07747826782436064,0.13196447940435987,-0.0002846987334541722,368.9567238948489,-4,8,0
15:00:05:316,7.512846430595615,3.764599540308749,367.82292320779703,-0.04143493798695341,0.14784062253361632,-0.007084034736506843,367.91890126537066,-2,8,-1
15:00:05:433,7.696582334325281,3.8436744398515374,369.29423859290495,-0.09791913951672149,0.006629501856292939,0.0009450565532527628,369.39443129362684,-6,0,0
15:00:05:557,7.473460630957681,3.6162911499990433,367.54356209048603,-0.043320438831223156,0.17530931214497888,0.005582455529271386,367.6373215679374,-2,10,0
15:00:05:678,7.515429227312472,3.723727866157681,365.81463712657995,-0.12740018375689774,0.14930300883409828,-0.0009965928149989892,365.91077677726753,-7,9,-1
15:00:05:874,7.421076266371772,3.7156055847545395,363.61869555062935,0.09983621515348912,-0.14774872617999815,0.004607149177870136,363.7133952052825,6,-8,0
15:00:06:007,7.38322813185729,3.728004315417118,367.8228648236486,-0.04177599362439294,0.13074342473854642,0.005790284324490742,367.9158463030628,-2,7,0
15:00:06:129,7.491209295020073,3.7521410945425466,366.2314850602071,-0.009362437711368807,-0.12008039544504097,0.0006615445118755676,366.32730914975457,-1,-7,0
15:00:06:255,7.3716131968881,3.707563113651012,367.38790936412033,-0.12335834530972936,0.14521923842504011,0.0027022215235921214,367.4805609175883,-7,8,0
15:00:06:378,7.233542874346304,3.827485881464739,365.09270778214164,-0.09377798233684956,0.22596849700478502,0.004247992462723522,365.18441788551723,-5,13,0
15:00:06:501,7.360315637383139,3.672259613783217,366.9511369449407,-0.08736145092840214,0.15106250747614433,0.003551172265242638,367.0433171195704,-5,9,0
15:00:06:643,7.404616046357952,3.7207393222148566,364.8264713993484,0.0693757807582961,-0.14336214660349225,0.0024860651189364323,364.9205755689825,4,-8,0
15:00:06:789,7.399630640215168,3.715501300919882,363.953882858837,0.08732676332796784,-0.17395074144284092,0.0047967382532026455,364.0480577225386,5,-10,0
15:00:06:908,7.414836981786753,3.6625380370002927,366.35674915431736,-0.1017264082428319,0.18321456822859564,0.006055555926683751,366.4500806975738,-6,10,0
15:00:07:030,7.488676468500849,3.7614618042961836,365.1486377260542,0.07239604104273394,-0.14911597118244393,0.007686664772797838,365.244789837375,4,-9,0
15:00:07:154,7.40793326234811,3.71556971077532,367.8175018036523,-0.10718296480809077,0.17653012434450036,0.002544769446512487,367.91085546172025,-6,10,0
15:00:07:320,err,err,err,err,err,err,err,err,err,err
15:00:07:441,7.436416364344838,3.683387787399668,367.44135038684703,-0.06143186443155029,0.16107709221471028,0.000854093275642944,367.53505085644,-4,9,0
15:00:07:563,7.301927159932434,3.6736741814046945,364.37601514743847,-0.10365622944008653,0.1991734570125766,0.0096921521736534,364.4676864098742,-6,11,0
15:00:07:686,7.406425130830519,3.784147789925534,362.7070911308267,0.12624199764642433,-0.15997803358437204,0.0018538168892583912,362.80243778715214,7,-9,0
15:00:07:857,7.392408731218606,3.74761239925541,367.13235126417777,-0.08185390856080317,0.16336286308447737,-0.0018459927543355418,367.22589185718925,-5,9,0
15:00:07:973,7.374193104821431,3.677346868647814,364.6778052629398,-0.10528914298150562,0.2053640905467583,0.0046059964077845295,364.77089145837033,-6,12,0
15:00:08:094,err,err,err,err,err,err,err,err,err,err
15:00:08:223,7.484028139159942,3.709574201989899,366.5864307786676,0.08031345237977806,-0.15842466624004098,0.006212178301697715,366.6815823694867,5,-9,0
15:00:08:344,7.59969218615095,3.848206124211768,370.05376417646295,0.03880675620306069,-0.088861519858116,0.002407152539697811,370.1517964198849,2,-5,0
15:00:08:466,7.432590910553099,3.8045889416808287,364.4192702764643,0.12330127017301724,-0.13290474546410136,0.002963967067881269,364.51491444588316,7,-8,0
15:00:08:589,7.433276324601356,3.693656885683327,366.5212592566494,-0.14532839337046377,0.11832906399346838,0.002840026652232032,366.6152345241357,-8,7,0
15:00:08:714,7.5290099351012545,3.7822316299876277,367.0010173925572,0.0668868357776081,-0.16944155116858967,0.003979042526786812,367.09772273044376,4,-10,0
15:00:08:833,7.382894187154981,3.7228614380709018,365.0838790645233,-0.07784593184843365,0.2039789273618486,0.006958881051244882,365.1774987272152,-4,12,0
15:00:08:962,7.451213516474765,3.7197245475855634,364.5244251677487,0.07883017183848806,-0.1895885467158672,0.005102210477500632,364.6195462087237,5,-11,0
15:00:09:084,7.374125033605429,3.6809633243668616,364.9302906782686,-0.10320565124643793,0.22650834503452602,0.004509215038060429,365.02334756222405,-6,13,0
15:00:09:203,7.40793326234811,3.71556971077532,367.8175018036523,-0.10718296480809077,0.17653012434450036,0.002544769446512487,367.91085546172025,-6,10,0
15:00:09:332,7.666461128278289,3.8040509710512302,369.6921426521436,0.02559796143375596,-0.08310635480585579,0.0076365237872896416,369.7911921189506,1,-5,0
15:00:09:449,7.39456481933029,3.723682460612562,365.7712138157026,-0.12522033837068852,0.21674089450773446,0.0035112884374375714,365.86490164560354,-7,12,-1
15:00:09:574,7.474650565132007,3.698764202680327,367.8818220207224,-0.016371089376561117,0.16910543940977996,-0.002323716162310522,367.9763392271089,-1,10,0
15:00:09:694,7.457889134797662,3.7459233833007675,366.25834016779504,0.09326384604915103,-0.08983556510846322,0.008290613414699994,366.3534137889379,5,-5,0
15:00:09:817,err,err,err,err,err,err,err,err,err,err
15:00:09:944,7.336715695071962,3.687401242072011,364.5325319849498,-0.04392375423371667,0.17289025592519516,0.0003590911750170388,364.62500078912416,-3,10,0
15:00:10:066,7.390511725190874,3.7032299215693323,365.95650293185423,-0.05200520654776874,0.21303477025758052,-0.0009600356202553471,366.04985400014084,-3,12,0
15:00:10:185,7.433638857077689,3.7331858256707435,368.7795511330474,-0.07421550638640445,0.13640186197988388,-0.00043198615361838226,368.87335631210664,-4,8,0
15:00:10:313,7.3868223209446295,3.668671269192548,365.88972750006855,-0.041821589229155784,0.21885612788402703,-0.0011603252354976162,365.9826730638447,-2,13,0
15:00:10:435,7.360315637383139,3.672259613783217,366.9511369449407,-0.08736145092840214,0.15106250747614433,0.003551172265242638,367.0433171195704,-5,9,0
15:00:10:560,7.432379707752392,3.7985174708843217,367.6833962040565,-0.04183987312681161,0.18992397246399684,0.0003858066361484057,367.77812448165815,-2,11,0
15:00:10:680,7.390511725190874,3.7032299215693323,365.95650293185423,-0.05200520654776874,0.21303477025758052,-0.0009600356202553471,366.04985400014084,-3,12,0
15:00:10:802,7.390685892941396,3.701572138896788,365.6430119827203,-0.04154255438867025,0.19358999003204766,0.0017834147272088139,365.7364298043925,-2,11,0
15:00:10:929,7.418497868978998,3.748956433620802,367.11202424903576,-0.07418907345023855,0.1990382878077163,-0.001946938768822285,367.2061098799935,-4,11,-1
15:00:11:142,7.374193104821431,3.677346868647814,364.6778052629398,-0.10528914298150562,0.2053640905467583,0.0046059964077845295,364.77089145837033,-6,12,0
15:00:11:259,7.3619047765918,3.7379131336370977,365.9339817028193,-0.05530235933160662,0.20008054224448227,0.004398494014622493,366.02711457133,-3,11,0
15:00:11:378,err,err,err,err,err,err,err,err,err,err
15:00:11:499,7.424096278904852,3.69988477243681,365.61433502498573,-0.047107808603556095,0.20850738552963907,0.0040245832518186085,365.70841982192627,-3,12,0
15:00:11:630,7.441737696198698,3.65373262245207,364.9634157205909,0.07868622084710722,-0.13695230815419054,0.0024943593117012154,365.05756263424576,5,-8,0
15:00:11:748,7.391022612804402,3.717684352944013,365.35972708164206,-0.1300420277478132,0.19729981869454383,0.003638565335617871,365.4533876780773,-8,11,-1
15:00:11:867,7.392625465630006,3.697331634057881,365.6908053995262,-0.06536567484453616,0.17213480292981226,-0.005943525529163406,365.78420732207866,-4,10,-1
15:00:11:994,7.424096278904852,3.69988477243681,365.61433502498573,-0.047107808603556095,0.20850738552963907,0.0040245832518186085,365.70841982192627,-3,12,0
15:00:12:113,7.52510894805905,3.7241256725780287,365.1525938769023,0.06786347108893291,-0.16453480229856277,0.00260335954406632,365.2491111443466,4,-9,0
15:00:12:238,7.42503584647112,3.8395365865117346,367.45001146140294,-0.0070513390909506665,0.19821374753401974,0.0025678090858698823,367.5450776728015,0,11,0
15:00:12:364,7.446326589881697,3.7038158948214854,365.37516849798624,0.10733777629420516,-0.11299205636510849,0.005613409770346038,365.46980694278665,6,-6,0
15:00:12:485,7.385506049064264,3.675224032731881,366.9575295518171,-0.07305454306161666,0.17432773258361633,-0.0019911407926362415,367.050243789681,-4,10,0
15:00:12:610,7.360315637383139,3.672259613783217,366.9511369449407,-0.08736145092840214,0.15106250747614433,0.003551172265242638,367.0433171195704,-5,9,0
15:00:12:732,7.436527029663022,3.7154343699827983,367.2360497314761,-0.06730681194722589,0.16813828085875884,0.008381490946557988,367.3301275544925,-4,10,0
15:00:12:856,err,err,err,err,err,err,err,err,err,err
15:00:12:981,7.403299428104276,3.725841965342869,367.6495531572727,-0.042011676634029195,0.17667173548177129,0.005736084092526244,367.74296006519984,-2,10,0
15:00:13:105,7.426755769514207,3.7537138870445266,366.27515446386604,0.1173126497508497,-0.12071186171517839,-0.0007723572881729475,366.3696710246834,7,-7,0
15:00:13:253,7.413149773354627,3.680131914181656,367.40737082484543,-0.0751676027077809,0.1126470163178965,0.0010910296609186773,367.50057727423155,-4,6,0
15:00:13:391,7.371125375440955,3.700259138936106,366.4125207185201,-0.0966090404993783,0.1851476051071684,-0.004473760553091801,366.50533522214334,-6,11,-1
15:00:13:510,7.456957355596486,3.722233994107572,368.22949539693707,-0.09768622865969163,0.14811356779951787,4.5098735756292704e-05,368.3238011847632,-6,8,0
15:00:13:635,7.31761530361433,3.662752497331447,363.7995947601109,-0.13105557136462503,0.21737521495600645,0.002051518456797248,363.8916162777171,-8,12,-1
15:00:13:754,7.384228484501179,3.630517973163178,365.7656302010912,-0.04574841893126837,0.22031558923607342,-0.0010698461633534904,365.85817433462677,-3,13,0
15:00:13:881,7.432368771434805,3.691255169785015,367.7005932084516,-0.03904125363853559,0.19043129684112287,0.00035938480915216414,367.794224691104,-2,11,0
15:00:14:003,7.3249611196763595,3.7091932857089764,366.2591916203486,-0.04020328402442965,0.22411854584754934,0.003891147724325037,366.3512093833276,-2,13,0
15:00:14:128,7.390511725190874,3.7032299215693323,365.95650293185423,-0.05200520654776874,0.21303477025758052,-0.0009600356202553471,366.04985400014084,-3,12,0
15:00:14:247,7.368261745641532,3.7312952842037457,366.1837783125958,-0.10860722267484525,0.1986677190156087,0.0010622626175848355,366.27690801487677,-6,11,-1
15:00:14:369,7.467532350005967,3.6823197208423575,367.37284998979857,-0.06210183361128611,0.18096799615830333,0.0029955750410343867,367.46718823257123,-4,10,0
15:00:14:500,7.374193104821431,3.677346868647814,364.6778052629398,-0.10528914298150562,0.2053640905467583,0.0046059964077845295,364.77089145837033,-6,12,0
15:00:14:657,7.441079382413973,3.757819287304636,365.4414209174703,0.04808153034575864,-0.11603918506243331,-5.373943239515325e-05,365.53648653773416,3,-7,0
15:00:14:781,7.494799428019914,3.746917120266883,366.88685113272186,-0.07031074834271053,0.15673681316172822,-0.004102540350059808,366.9825240259492,-4,9,-1
15:00:14:905,7.403299428104276,3.725841965342869,367.6495531572727,-0.042011676634029195,0.17667173548177129,0.005736084092526244,367.74296006519984,-2,10,0
15:00:15:023,7.399204786634208,3.7499802152841863,366.31279913086473,-0.02201136361114736,0.20709469604214903,0.0013826856699944768,366.4067103509143,-1,12,0
15:00:15:151,7.346660202002392,3.6887713504386395,365.29997893363054,-0.08424470576747742,0.20956699635513917,0.0020272991530726416,365.39246716251614,-5,12,0
15:00:15:272,7.316358882001351,3.750550809104959,365.2173551518677,-0.13823425057917768,0.1830050842779326,-0.0014054988401157953,365.30988522456846,-8,10,-1
15:00:15:393,7.446804244882277,3.6947741578871294,365.35876849485635,-0.05814235875458442,0.2267982173033085,-0.0011183338741985096,365.45332939462656,-3,13,0
15:00:15:517,7.391022612804402,3.717684352944013,365.35972708164206,-0.1300420277478132,0.19729981869454383,0.003638565335617871,365.4533876780773,-8,11,-1
15:00:15:643,7.465931967287183,3.7571847001369663,367.51191184778867,-0.05791770519234982,0.17487175878737918,-0.004543391294917893,367.6069394435147,-3,10,-1
15:00:15:766,7.38322813185729,3.728004315417118,367.8228648236486,-0.04177599362439294,0.13074342473854642,0.005790284324490742,367.9158463030628,-2,7,0
15:00:15:888,7.428715081384569,3.768201079045461,368.6725492937695,-0.07283244049813586,0.162979362573622,0.0048815936947881255,368.7666386075338,-4,9,0
15:00:16:013,7.3134094333298965,3.6149860110474483,365.1398523402378,-0.08497902952941755,0.18620812951600432,0.0019965331837129402,365.230976025378,-5,11,0
15:00:16:133,7.3441423330023365,3.7349038475952203,366.3213515655532,-0.09596501197271372,0.16695135823436255,0.003640735025497249,366.4139988403442,-6,10,0
15:00:16:260,7.32103028937806,3.6374691522531797,363.90846575777636,-0.07683465639024556,0.18422152007697962,-0.0019714027695300136,364.0002748852125,-4,11,-1
15:00:16:383,7.353362286521879,3.707120067511443,366.7636026536598,-0.08083496658305989,0.16210811582277715,0.003427600479885446,366.85604112185945,-5,9,0
15:00:16:503,err,err,err,err,err,err,err,err,err,err
15:00:16:631,7.456017794771673,3.729059299737683,366.0238060449763,0.15789558545041316,-0.10279690313673157,0.002419709442621627,366.11873029970394,9,-6,0
15:00:16:747,7.316259243265698,3.648811563333754,365.14475066630354,-0.0963534942388179,0.1782550121398739,0.0021890369069768774,365.23626656494065,-6,10,0
15:00:16:872,7.429365373463285,3.7954490441433233,367.22275110348204,-0.029820456620144365,0.17173245681546734,0.0031243232836559356,367.31750547899156,-2,10,0
15:00:16:992,7.463416056400614,3.683927776121756,367.1949559255379,-0.044440873911892075,0.17247958253204246,0.0006816491475127432,367.2892723184933,-3,10,0
15:00:17:118,7.483254840503659,3.7137894929248794,367.72863834799085,0.0477774918340814,-0.1003639506472709,0.0012046770144228112,367.8235212662088,3,-6,0
15:00:17:241,7.464813890351615,3.780318123691341,366.4235238170675,0.0827664585200444,-0.11461486821937536,0.003236158166241063,366.5190486974053,5,-7,0
15:00:17:363,7.3619047765918,3.7379131336370977,365.9339817028193,-0.05530235933160662,0.20008054224448227,0.004398494014622493,366.02711457133,-3,11,0
15:00:17:489,7.46029914028505,3.7357977176344677,368.8389465660763,-0.06519875826422579,0.17585726187943615,-0.0005688847954262594,368.93330122370696,-4,10,0
15:00:17:615,7.360022076489213,3.7790638428703693,366.9144539088641,-0.09062296452536144,0.15014733765079302,0.0035839753856482847,367.0077216295794,-5,9,0
15:00:17:733,7.446326589881697,3.7038158948214854,365.37516849798624,0.10733777629420516,-0.11299205636510849,0.005613409770346038,365.46980694278665,6,-6,0
15:00:17:855,7.438323188783484,3.742294744101006,365.8171960538582,-0.028525728937291474,0.17460007116869847,0.006691949072166114,365.91194890372117,-2,10,0
15:00:17:977,7.479828348598189,3.748740686797785,369.11348327227756,-0.020750408910037738,0.13189103109173703,0.004666248663333433,369.2082940864889,-1,8,0
15:00:18:103,7.3716131968881,3.707563113651012,367.38790936412033,-0.12335834530972936,0.14521923842504011,0.0027022215235921214,367.4805609175883,-7,8,0
15:00:18:225,7.421076266371772,3.7156055847545395,363.61869555062935,0.09983621515348912,-0.14774872617999815,0.004607149177870136,363.7133952052825,6,-8,0
15:00:18:350,err,err,err,err,err,err,err,err,err,err
15:00:18:516,7.465212509165842,3.6708794182022304,366.84728570673116,-0.0883648038355153,0.15471332337094665,0.003498260471426512,366.9415972384516,-5,9,0
15:00:18:634,7.499819046438936,3.7098745856309012,366.48594284108924,0.08464137854444281,-0.10731080700041211,0.0032706795983708753,366.5814462780305,5,-6,0
15:00:18:886,7.432379707752392,3.7985174708843217,367.6833962040565,-0.04183987312681161,0.18992397246399684,0.0003858066361484057,367.77812448165815,-2,11,0
15:00:19:044,7.4745902283325,3.7983065550925064,367.46615187699945,0.09813457380168807,-0.0633230961356632,0.009448291257003541,367.561789917094,6,-4,0
15:00:19:165,err,err,err,err,err,err,err,err,err,err
15:00:19:292,7.421331895407467,3.7874027430595625,367.24909343270775,-0.07000043709591128,0.1976655745922818,-0.0020382984408778212,367.3435955801947,-4,11,-1
15:00:19:410,7.479424434254816,3.786310733822539,370.34549325202363,-0.08628291314607134,0.08925348103955202,0.001315631445314936,370.4403626913858,-5,5,0
15:00:19:535,err,err,err,err,err,err,err,err,err,err
15:00:19:659,7.40793326234811,3.71556971077532,367.8175018036523,-0.10718296480809077,0.17653012434450036,0.002544769446512487,367.91085546172025,-6,10,0
15:00:19:785,7.436416364344838,3.683387787399668,367.44135038684703,-0.06143186443155029,0.16107709221471028,0.000854093275642944,367.53505085644,-4,9,0
15:00:19:938,7.428744875714926,3.7005492958923982,366.9036128549373,-0.13118362165770028,0.17629776137368908,0.005147724748959632,366.9974678952506,-8,10,0
15:00:20:074,7.410030554891178,3.8077764015265427,364.75287434951133,0.12042058106322531,-0.14092422704801902,0.008287764889316608,364.84800542168085,7,-8,0
15:00:20:195,7.3739665199121,3.7387914017714112,366.45392739886097,-0.08418030669802062,0.19929720827863195,0.0035000939424929337,366.5471795682411,-5,11,0
15:00:20:314,7.406536260012037,3.816792334816556,366.2102678362284,-0.0378673272940219,0.19214825476007863,0.00710002481778341,366.30504357950105,-2,11,0
15:00:20:438,7.520020315038573,3.7633051997515348,367.8697532137297,0.08632125228265758,-0.08012433251496494,0.0044428835647571255,367.96585235738314,5,-5,0
15:00:20:566,7.42210404666394,3.7454101521120573,368.23008882183217,0.00982305908391562,0.13475311307678373,0.002607558634035063,368.3239254235617,1,8,0
15:00:20:681,7.384228484501179,3.630517973163178,365.7656302010912,-0.04574841893126837,0.22031558923607342,-0.0010698461633534904,365.85817433462677,-3,13,0
15:00:20:809,7.388246253172245,3.6751493396736916,367.0314394044035,-0.07771203890607564,0.1870823830837729,0.003440777349602929,367.1241893646273,-4,11,0
15:00:20:934,7.435185365365277,3.7389823583487174,368.1200739282663,-0.010817801521071735,0.0859472704283906,0.0032064334960992024,368.21413715315936,-1,5,0
15:00:21:052,7.396957942706881,3.700602362936996,366.9989176828521,-0.13907154059874283,0.16820333565950565,0.005112391450264863,367.09210700454946,-8,10,0
15:00:21:177,7.457889134797662,3.7459233833007675,366.25834016779504,0.09326384604915103,-0.08983556510846322,0.008290613414699994,366.3534137889379,5,-5,0
15:00:21:301,7.459004376983766,3.6668123571983973,366.66821345427667,-0.09858755378724952,0.19060491039944794,0.011010632496637637,366.762404039604,-6,11,0
15:00:21:425,7.3719620103766745,3.6960148370896477,365.8305804765559,-0.07970244808662717,0.14368012925745316,-0.0003901222341466435,365.92351654597473,-5,8,0
15:00:21:546,7.466226653051187,3.7076124707228106,366.54633958803413,0.07487377918474424,-0.11147004741196828,0.0037094590976181514,366.64111880155264,4,-6,0
15:00:21:669,7.417339630391662,3.720965564005638,367.60415356277383,-0.06284559314377945,0.11014214894635502,0.0009114185733741496,367.6978055802407,-4,6,0
15:00:21:795,7.414469868178649,3.7932048712480433,368.1382870430043,-0.09752712826197484,0.17394250673102288,0.0023903149094240787,368.2324824802652,-6,10,0
15:00:21:914,7.4981100944740104,3.7695167269086944,364.459071093182,0.004236196311399503,-0.13163803255711992,0.0042765511772938775,364.5556821851065,0,-8,0
15:00:22:040,7.475313206276076,3.8241538928577397,370.38473516049305,-0.08042306139529266,0.1236494516586687,0.0065771753743069945,370.47990026509774,-5,7,0
15:00:22:159,7.3134094333298965,3.6149860110474483,365.1398523402378,-0.08497902952941755,0.18620812951600432,0.0019965331837129402,365.230976025378,-5,11,0
15:00:22:284,7.300393922412415,3.629948924597763,363.4074301970684,-0.08496975028443454,0.2365783685463825,0.0005557661529886754,363.49887565583293,-5,14,-1
15:00:22:500,err,err,err,err,err,err,err,err,err,err
15:00:22:660,7.440214892482276,3.8377771445001576,367.4950960078819,0.10827467333341605,-0.08297789012336443,0.0016668438081743112,367.59043910431006,6,-5,0
15:00:22:785,7.421076266371772,3.7156055847545395,363.61869555062935,0.09983621515348912,-0.14774872617999815,0.004607149177870136,363.7133952052825,6,-8,0
15:00:22:917,7.456957355596486,3.722233994107572,368.22949539693707,-0.09768622865969163,0.14811356779951787,4.5098735756292704e-05,368.3238011847632,-6,8,0
15:00:23:072,7.357232364245721,3.7169813301283883,367.2879442336858,-0.06271125033763333,0.19960736569742124,0.008416055208849608,367.3804278914122,-4,11,0
15:00:23:196,7.445365279155291,3.7408297700393764,365.32967515830245,0.11273825833959508,-0.11200528409707806,0.0055931418215818445,365.42468283187884,6,-6,0
15:00:23:329,7.370119036799861,3.6089098562566715,364.8193567292184,-0.09847882043351393,0.23224122266218208,0.004457062742750425,364.9116412630431,-6,13,0
15:00:23:470,7.360315637383139,3.672259613783217,366.9511369449407,-0.08736145092840214,0.15106250747614433,0.003551172265242638,367.0433171195704,-5,9,0
15:00:23:597,7.3492075422926115,3.7255943131147924,365.1805126024685,-0.0690090797984552,0.2167191069834181,0.012039807460131552,365.27345604230163,-4,12,0
15:00:23:718,7.3134094333298965,3.6149860110474483,365.1398523402378,-0.08497902952941755,0.18620812951600432,0.0019965331837129402,365.230976025378,-5,11,0
15:00:23:871,err,err,err,err,err,err,err,err,err,err
15:00:24:009,7.46029914028505,3.7357977176344677,368.8389465660763,-0.06519875826422579,0.17585726187943615,-0.0005688847954262594,368.93330122370696,-4,10,0
15:00:24:129,7.355180910912172,3.6652233929200717,365.7345760543992,-0.048314217740794724,0.20828574571535977,0.004273001775901687,365.82688893852975,-3,12,0
15:00:24:252,7.445723963985322,3.705690990017671,367.3726793182112,-0.1351761524784021,0.1371069728192221,0.0026697912262118916,367.466810012146,-8,8,0
15:00:24:374,err,err,err,err,err,err,err,err,err,err
15:00:24:536,7.327271417751688,3.7309904426596536,366.02401975954007,-0.09795275376316054,0.22008493553779787,0.006108678659241764,366.1163643393242,-6,13,0
15:00:24:699,7.3619047765918,3.7379131336370977,365.9339817028193,-0.05530235933160662,0.20008054224448227,0.004398494014622493,366.02711457133,-3,11,0
15:00:24:828,err,err,err,err,err,err,err,err,err,err
15:00:24:945,7.436416364344838,3.683387787399668,367.44135038684703,-0.06143186443155029,0.16107709221471028,0.000854093275642944,367.53505085644,-4,9,0
15:00:25:072,err,err,err,err,err,err,err,err,err,err
15:00:25:190,7.370811516968688,3.732416230483148,368.1025357212635,-0.03727228575782063,0.19564652403188673,0.005429690361388351,368.19524249745587,-2,11,0
15:00:25:315,7.360315637383139,3.672259613783217,366.9511369449407,-0.08736145092840214,0.15106250747614433,0.003551172265242638,367.0433171195704,-5,9,0
15:00:25:441,7.358081896610889,3.791062748860207,367.5602729504993,-0.07038702998436076,0.20360602857571236,0.003081541068579884,367.6534615332876,-4,12,0
15:00:25:564,7.51901485732923,3.8053877586020186,368.148570160741,0.09445070596156264,-0.059244095303483756,0.004152457207316254,368.24500848187483,5,-3,0
15:00:25:686,7.505828366563982,3.7667836461699964,368.7694061991019,-0.08718233110574702,0.15462604569023702,0.004920765513118075,368.8650174073757,-5,9,0
15:00:25:807,7.440803115210361,3.7478374966544754,366.6485123067156,0.08645367720198688,-0.15525595009248166,-0.004302334499987767,366.74315728262525,5,-9,-1
15:00:25:931,err,err,err,err,err,err,err,err,err,err
15:00:26:058,7.3719620103766745,3.6960148370896477,365.8305804765559,-0.07970244808662717,0.14368012925745316,-0.0003901222341466435,365.92351654597473,-5,8,0
15:00:26:178,7.361304415900303,3.8154945016237503,369.26665889604243,-0.05389437860537243,0.18434451636238208,0.00417368449746141,369.35973274470734,-3,11,0
15:00:26:305,7.510339029720638,3.7515198234605425,367.3110399246305,0.07034084490992126,-0.08362749710720026,0.005978834439995993,367.40696665120635,4,-5,0
15:00:26:422,7.3307579523426245,3.65428737283217,365.8366762198618,-0.11393533839780778,0.17730639716660898,0.0010862013900900115,365.9283638855494,-7,10,-1
15:00:26:605,7.360886029122881,3.8295078165846146,367.695919614199,-0.06646452649362294,0.20218593696537768,0.0029960640261108714,367.78952822801045,-4,12,0
15:00:26:751,7.484028139159942,3.709574201989899,366.5864307786676,0.08031345237977806,-0.15842466624004098,0.006212178301697715,366.6815823694867,5,-9,0
15:00:26:875,err,err,err,err,err,err,err,err,err,err
15:00:27:000,err,err,err,err,err,err,err,err,err,err
15:00:27:123,7.438416627990052,3.813977831216373,369.35593356039084,-0.06770825733837975,0.16155735013737313,-0.0006371490307964703,369.4505137702429,-4,9,0
15:00:27:243,7.398878083325566,3.6969017161404505,368.09802301805365,-0.035343312793845984,0.2094027178719001,5.595222328188868e-05,368.1909355606005,-2,12,0
15:00:27:365,7.456957355596486,3.722233994107572,368.22949539693707,-0.09768622865969163,0.14811356779951787,4.5098735756292704e-05,368.3238011847632,-6,8,0
15:00:27:491,7.342449344573605,3.8237948631580196,367.8038671256431,-0.10398632248467515,0.14681403319002412,0.0022378440239767348,367.8970204311403,-6,8,0
15:00:27:707,7.485035448592694,3.731287643030649,369.31746671679326,-0.12353664422089022,0.1251817279413677,-0.0009698693619518806,369.41215394901593,-7,7,-1
15:00:27:832,7.3134094333298965,3.6149860110474483,365.1398523402378,-0.08497902952941755,0.18620812951600432,0.0019965331837129402,365.230976025378,-5,11,0
15:00:27:958,7.398388583250882,3.762365728117728,368.4303218194524,-0.08741852353850421,0.12411582669449664,0.005071533059306169,368.52380328207585,-5,7,0
15:00:28:119,err,err,err,err,err,err,err,err,err,err
15:00:28:243,7.402614194296039,3.860855862983635,367.19140340788294,-0.05783573605242203,0.13305476420835424,0.0007378600948277235,367.28630745176844,-3,8,0
15:00:28:360,7.396745955214111,3.7310851205517843,366.08544327791464,0.05276561496225431,-0.14922097296311587,0.005304020797828867,366.17917011606494,3,-9,0
15:00:28:475,7.188954653841943,3.5337847087767793,363.9680112118625,-0.06444460657993795,0.2937627269141404,8.278950078993365e-05,364.0561521096731,-4,17,-1
15:00:28:602,7.51962222614566,3.327198390624832,373.6603131936793,0.21171209812250819,-0.15802386452619976,-0.00020833708608890305,373.75077875979474,12,-9,-1
15:00:28:720,7.577442272620913,3.362068811431492,373.253064449787,0.21737196292421215,-0.1314377825030613,0.0020970889373441264,373.3451101316911,13,-7,-1
15:00:28:845,7.422306647719253,3.3579523590694134,368.55772884837523,0.244039208646798,-0.16177219701106132,0.0004494862428648075,368.64775324676947,14,-9,-1
15:00:28:966,7.50292183602756,3.382787521506661,370.8597167963911,0.24365618895850283,-0.15499238950517538,0.0019175480721053812,370.9510299618976,14,-9,-1
15:00:29:089,err,err,err,err,err,err,err,err,err,err
15:00:29:215,err,err,err,err,err,err,err,err,err,err
15:00:29:340,7.438697811573707,3.418468905016237,367.6626388825064,-0.15833132017416393,0.19502099696476755,0.0014065722970069948,367.75377113611603,-9,11,-1
15:00:29:469,7.291548994828832,3.4699627362530645,365.0818617856796,-0.09596064309754963,0.25025702630008545,-0.005674962978620526,365.1711559433919,-6,14,-1
15:00:29:623,8.131359652967017,5.117109080221607,341.4457649818526,0.714643100852682,-0.03554330047155856,0.12517860641466752,341.5809043831158,41,-4,6
15:00:29:751,7.332908530577601,3.551538633551417,363.03673173206585,-0.09978208626317406,0.23084582371504067,0.003105804949260891,363.12815032834254,-6,13,0
15:00:29:868,7.462356488149496,3.615576164119841,363.53043899045616,0.12483415951221898,-0.17020151139690526,0.002495489279797842,363.6249980789942,7,-10,0
15:00:29:991,err,err,err,err,err,err,err,err,err,err
15:00:30:114,7.341823479978309,3.64915265950339,362.09295889678776,-0.0861073589375632,0.26197292452111465,0.004754885037215541,362.185766658181,-5,15,0
15:00:30:240,7.305588563343395,3.6166314366050627,362.11006932586,-0.07196637089512446,0.25201786753556316,0.0018348229257192747,362.20181384745194,-4,14,0
15:00:30:364,7.43546070101666,3.615597081811186,364.60115220372757,0.0842318835516358,-0.1266133775875099,0.007716631954273278,364.6948845355252,5,-7,0
15:00:30:481,err,err,err,err,err,err,err,err,err,err
15:00:30:697,err,err,err,err,err,err,err,err,err,err
15:00:30:822,7.374193104821431,3.677346868647814,364.6778052629398,-0.10528914298150562,0.2053640905467583,0.0046059964077845295,364.77089145837033,-6,12,0
15:00:30:932,7.355699883988688,3.664992533500629,363.9254502413634,-0.12605056775044346,0.21672114971299555,0.002144218071166679,364.01823007156247,-7,12,-1
15:00:31:059,err,err,err,err,err,err,err,err,err,err
15:00:31:178,7.423569891181417,3.788928438028765,363.33292545898615,0.11698229927795079,-0.16325589920118347,0.007249363411049344,363.42850753789656,7,-9,0
15:00:31:307,7.542222992513609,3.8703168820297913,366.01632740712074,-0.12452844064178256,0.20268467907812115,-0.001817630957720017,366.1144853854225,-7,12,-1
15:00:31:425,7.726185055344864,4.073719794660312,368.070343062221,0.030833361619475995,-0.1672212886018296,0.0017674480701800656,368.17396237433184,2,-10,0
15:00:31:550,7.576340114638466,4.002797726870537,367.34874447192414,-0.07874239292764035,0.18083945526649614,0.003129390922722887,367.4486676860782,-5,10,0
15:00:31:674,7.4834512040848775,3.8492335040244647,366.82557339465023,-0.0964049615106097,0.21853758676650664,0.0006980344139145342,366.92208973678095,-6,13,-1
15:00:31:801,7.66625829961008,3.87760550871921,370.67892831159855,0.11009390430370589,-0.12790669113508976,0.0043502940606280965,370.7784719142049,6,-7,0
15:00:31:925,7.625553904621482,3.768238718389255,368.1389693740371,0.09284293813045154,-0.16552869051814148,0.004771415616427121,368.23721901400637,5,-9,0
15:00:32:038,err,err,err,err,err,err,err,err,err,err
15:00:32:172,7.301653777549665,3.640529932671255,361.9145765214804,-0.12678361923867815,0.2790345042069349,0.0032391763558830486,362.0065307488255,-7,16,-1
15:00:32:287,7.496434150096503,3.5746570863186165,362.97953752331864,0.12858236405826878,-0.1934238744075946,0.004931384679527964,363.07453691892766,7,-11,0
15:00:32:416,7.5021870112213795,3.600846255705259,366.00249039477376,0.09860922633925386,-0.13511700208221153,0.006482694095792061,366.09707985571947,6,-8,0
15:00:32:537,7.543999811053232,3.6458774601165285,363.63740937495334,0.10544635175086692,-0.20024708454101814,0.002687596010564245,363.7339272772486,6,-11,0
15:00:32:660,7.4912432014898975,3.641315123953263,362.9929666922671,0.11468728827995602,-0.18596593035148412,0.0023949942385396122,363.08851781430536,7,-11,0
15:00:32:782,7.496279215388274,3.682236223259747,363.79107266243574,0.10115285774168362,-0.16049978962950665,-0.0003529230425552821,363.8869297110911,6,-9,0
15:00:32:956,7.509830732130325,3.734928017413048,364.687254048149,0.11949151316396817,-0.1460665456079379,-0.0019903020348069613,364.78369002752805,7,-8,-1
15:00:33:112,err,err,err,err,err,err,err,err,err,err
15:00:33:229,err,err,err,err,err,err,err,err,err,err
15:00:33:354,err,err,err,err,err,err,err,err,err,err
15:00:33:477,7.509830732130325,3.734928017413048,364.687254048149,0.11949151316396817,-0.1460665456079379,-0.0019903020348069613,364.78369002752805,7,-8,-1
15:00:33:601,7.461910271656674,3.7531984511731378,363.4906313847462,0.11158359062336153,-0.17495063519618018,0.0021642675993230305,363.5865862597211,6,-10,0
15:00:33:723,err,err,err,err,err,err,err,err,err,err
15:00:33:846,7.500815124046823,3.8050625712946724,369.9194153475073,0.019313905936884066,-0.11996329101133328,0.008245437449006078,370.015019397508,1,-7,0
15:00:33:966,7.436569544914691,3.86406734992552,370.74975993467336,-0.08599774496714542,0.15363807873776877,0.003534801603307536,370.8444661508367,-5,9,0
15:00:34:090,7.388793313661188,3.804964582123736,368.8882427670683,-0.08425542423074403,0.18870345056138008,0.0019700929886938483,368.98185277040216,-5,11,0
15:00:34:213,7.461910271656674,3.7531984511731378,363.4906313847462,0.11158359062336153,-0.17495063519618018,0.0021642675993230305,363.5865862597211,6,-10,0
15:00:34:336,7.509830732130325,3.734928017413048,364.687254048149,0.11949151316396817,-0.1460665456079379,-0.0019903020348069613,364.78369002752805,7,-8,-1
15:00:34:457,err,err,err,err,err,err,err,err,err,err
15:00:34:579,err,err,err,err,err,err,err,err,err,err
15:00:34:733,err,err,err,err,err,err,err,err,err,err
15:00:34:870,7.461910271656674,3.7531984511731378,363.4906313847462,0.11158359062336153,-0.17495063519618018,0.0021642675993230305,363.5865862597211,6,-10,0
15:00:34:992,7.461910271656674,3.7531984511731378,363.4906313847462,0.11158359062336153,-0.17495063519618018,0.0021642675993230305,363.5865862597211,6,-10,0
15:00:35:112,7.461910271656674,3.7531984511731378,363.4906313847462,0.11158359062336153,-0.17495063519618018,0.0021642675993230305,363.5865862597211,6,-10,0
15:00:35:241,7.461910271656674,3.7531984511731378,363.4906313847462,0.11158359062336153,-0.17495063519618018,0.0021642675993230305,363.5865862597211,6,-10,0
15:00:35:363,7.490584767450641,3.7420880778972987,365.34298763266656,0.11680956442938382,-0.1443503838835191,0.0032068557863371054,365.43892881807744,7,-8,0
15:00:35:488,7.461910271656674,3.7531984511731378,363.4906313847462,0.11158359062336153,-0.17495063519618018,0.0021642675993230305,363.5865862597211,6,-10,0
15:00:35:608,err,err,err,err,err,err,err,err,err,err
15:00:35:729,7.461910271656674,3.7531984511731378,363.4906313847462,0.11158359062336153,-0.17495063519618018,0.0021642675993230305,363.5865862597211,6,-10,0
15:00:35:857,err,err,err,err,err,err,err,err,err,err
15:00:36:017,err,err,err,err,err,err,err,err,err,err
15:00:36:140,7.509830732130325,3.734928017413048,364.687254048149,0.11949151316396817,-0.1460665456079379,-0.0019903020348069613,364.78369002752805,7,-8,-1
15:00:36:264,err,err,err,err,err,err,err,err,err,err
15:00:36:386,7.486556085144592,3.7747584904555245,364.98542479910526,0.1208064100690493,-0.15325302237548877,0.003323614080201831,365.0817136470418,7,-9,0
15:00:36:509,err,err,err,err,err,err,err,err,err,err
15:00:36:632,7.509830732130325,3.734928017413048,364.687254048149,0.11949151316396817,-0.1460665456079379,-0.0019903020348069613,364.78369002752805,7,-8,-1
15:00:36:754,7.472189344677569,3.73233022789678,364.0923967393309,0.13370713436603354,-0.16805268085466532,0.0006195306352690861,364.18818935534296,8,-10,-1
15:00:36:874,7.509830732130325,3.734928017413048,364.687254048149,0.11949151316396817,-0.1460665456079379,-0.0019903020348069613,364.78369002752805,7,-8,-1
15:00:36:997,7.472189344677569,3.73233022789678,364.0923967393309,0.13370713436603354,-0.16805268085466532,0.0006195306352690861,364.18818935534296,8,-10,-1
15:00:37:123,err,err,err,err,err,err,err,err,err,err
15:00:37:248,7.548508636936965,3.770988430601144,364.4392614418808,0.12965912030412172,-0.16274806129066804,0.0003463505014143512,364.5369331311838,7,-9,-1
15:00:37:370,7.471864050183161,3.7937959611138687,365.72622430400514,-0.13061540553871795,0.18973305722994654,0.0034337679479250027,365.8222147216356,-8,11,-1
15:00:37:491,7.545851949936956,3.731200236245073,364.2058284290952,0.1261417142939947,-0.16987755630054058,0.00046748597089797266,364.30309798103127,7,-10,-1
15:00:37:659,7.548775960659167,3.7928733889407082,364.4150738054449,0.08794519965888357,-0.16386117540537273,0.004747142281200893,364.5129845748661,5,-9,0
15:00:37:782,7.497550651010289,3.7195505642711195,365.7481767648931,0.14145818342370084,-0.13980189444208854,0.0016522387370872366,365.84392454844476,8,-8,0
15:00:37:907,7.475870877271758,3.7948706895202347,364.3478172958139,0.09708475131583351,-0.16120123898806427,0.0048885401133726995,364.44426412984967,6,-9,0
15:00:38:026,7.448920041863783,3.7397132774113326,362.72103524774764,0.09933210504783642,-0.1822310283942239,0.0036543591162207685,362.8167874787289,6,-10,0
15:00:38:153,7.306113057175013,3.705606769268151,363.68287189609424,-0.07893254909894674,0.2340240025693276,0.0004549098087210565,363.775125757828,-5,13,-1
15:00:38:271,7.461551707109168,3.720189407404162,363.4672854218319,0.1204745887834719,-0.1735061223029534,0.002103923057178894,363.5628998330553,7,-10,0
15:00:38:400,7.523554533719552,3.7770387165014805,365.5746885337924,0.10539479151084319,-0.1292455185237853,0.0007145341099784013,365.6716051197675,6,-7,0
15:00:38:516,7.44516337536278,3.7264529145000407,364.6450843821841,0.09593863901375015,-0.17039737306798303,-5.5530198981716885e-05,364.7401190890577,6,-10,0
15:00:38:639,7.306113057175013,3.705606769268151,363.68287189609424,-0.07893254909894674,0.2340240025693276,0.0004549098087210565,363.775125757828,-5,13,-1
15:00:38:808,7.410362986025578,3.7370264915699973,362.1133741939917,0.11436845685788109,-0.20153979739223576,0.006219919232906936,362.2084684497882,7,-12,0
15:00:38:928,7.50871535620571,3.783022625743602,366.8907299485903,0.07326293537932607,-0.12264177395952697,-0.0014149217394279216,366.9870567045885,4,-7,0
15:00:39:050,7.486556085144592,3.7747584904555245,364.98542479910526,0.1208064100690493,-0.15325302237548877,0.003323614080201831,365.0817136470418,7,-9,0
15:00:39:172,7.306113057175013,3.705606769268151,363.68287189609424,-0.07893254909894674,0.2340240025693276,0.0004549098087210565,363.775125757828,-5,13,-1
15:00:39:298,7.352667110980157,3.7652904771037714,365.58816847886186,-0.07665823487904978,0.20670698863198086,0.0019047650100077335,365.6814844338588,-4,12,0
15:00:39:449,7.448920041863783,3.7397132774113326,362.72103524774764,0.09933210504783642,-0.1822310283942239,0.0036543591162207685,362.8167874787289,6,-10,0
15:00:39:585,7.306113057175013,3.705606769268151,363.68287189609424,-0.07893254909894674,0.2340240025693276,0.0004549098087210565,363.775125757828,-5,13,-1
15:00:39:708,7.401982156924507,3.741940855893249,363.7498064949697,0.0666737834410554,-0.20815997362056818,0.001658317709754452,363.8443529675132,4,-12,0
15:00:39:874,7.408256960907069,3.713383352775091,362.3864569319627,0.1387927179967504,-0.17637062681518087,0.00449571637577713,362.4811935188152,8,-10,0
15:00:39:992,7.452575820714913,3.7339251647343468,364.58810635066305,0.12137904865844244,-0.18962811356118067,0.0007752617828475038,364.68338373973353,7,-11,-1
15:00:40:116,7.497550651010289,3.7195505642711195,365.7481767648931,0.14145818342370084,-0.13980189444208854,0.0016522387370872366,365.84392454844476,8,-8,0
15:00:40:243,7.472189344677569,3.73233022789678,364.0923967393309,0.13370713436603354,-0.16805268085466532,0.0006195306352690861,364.18818935534296,8,-10,-1
15:00:40:403,err,err,err,err,err,err,err,err,err,err
15:00:40:618,7.533317564754157,3.721985298480042,366.2981620988058,0.1287353951920078,-0.11430066413094345,-0.0010038464458910128,366.39452452930647,7,-7,0
15:00:40:740,7.533317564754157,3.721985298480042,366.2981620988058,0.1287353951920078,-0.11430066413094345,-0.0010038464458910128,366.39452452930647,7,-7,0
15:00:40:865,7.509830732130325,3.734928017413048,364.687254048149,0.11949151316396817,-0.1460665456079379,-0.0019903020348069613,364.78369002752805,7,-8,-1
15:00:41:013,7.354575302368262,3.6002616183177216,365.02216210333563,-0.1768730240334143,0.18927838215666262,0.005478691022801511,365.1139965657197,-10,11,-1
15:00:41:141,7.505480794369324,3.7302505974799107,363.8957756246344,0.13466770681578305,-0.17231173283859472,0.0008052158009570949,363.9922836117943,8,-10,-1
15:00:41:265,7.533317564754157,3.721985298480042,366.2981620988058,0.1287353951920078,-0.11430066413094345,-0.0010038464458910128,366.39452452930647,7,-7,0
15:00:41:388,7.509830732130325,3.734928017413048,364.687254048149,0.11949151316396817,-0.1460665456079379,-0.0019903020348069613,364.78369002752805,7,-8,-1
15:00:41:516,7.496279215388274,3.682236223259747,363.79107266243574,0.10115285774168362,-0.16049978962950665,-0.0003529230425552821,363.8869297110911,6,-9,0
15:00:41:630,7.433082480226263,3.694102034796389,363.8838845571675,0.13274826616677707,-0.15893512705535148,0.005759276212588112,363.9785413254679,8,-9,0
15:00:41:757,err,err,err,err,err,err,err,err,err,err
15:00:41:881,7.496279215388274,3.682236223259747,363.79107266243574,0.10115285774168362,-0.16049978962950665,-0.0003529230425552821,363.8869297110911,6,-9,0
15:00:42:005,7.514571693635551,3.6814273672494933,363.3127252199614,0.11553473094191248,-0.13445685250815517,-0.0005609103951198968,363.4090780400984,7,-8,0
15:00:42:169,7.602114932675427,3.7208928155582948,364.31337293980124,0.08938595533607492,-0.11980887411522878,0.0020232505563873063,364.41167777332436,5,-7,0
15:00:42:289,7.551093036950983,3.6776687542618705,362.83712695183726,0.12174055580468067,-0.16001038231088452,0.001897984574826613,362.934325943665,7,-9,0
15:00:42:412,err,err,err,err,err,err,err,err,err,err
15:00:42:536,7.615975503475631,3.778828669818997,365.8525057605762,0.10095714297125777,-0.17029621017206872,0.0035006084841741132,365.9512789980079,6,-10,0
15:00:42:659,7.633890902199402,3.707074789859751,365.7582428921313,0.10353781995506096,-0.12682964620274337,0.0005953383481546834,365.8566808701785,6,-7,0
15:00:42:786,7.459497915188812,3.6721170757289974,364.8345087685175,-0.15381537548110813,0.17044736965111015,0.003845222235033732,364.9292360736942,-9,10,-1
15:00:42:953,7.586400326701072,3.761189989431178,366.8112976562456,0.11991464484235217,-0.12394995226519696,0.004207947047559237,366.90901884297193,7,-7,0
15:00:43:070,7.619824355539742,3.665177735219669,364.8622768575066,0.11816250646138994,-0.14389645942964793,-0.0021154608329096076,364.96023937503634,7,-8,-1
15:00:43:194,7.682999165742641,3.779021956850931,365.61752643390116,0.10958398274812176,-0.1568834367416606,0.008479779053996595,365.71776702639914,6,-9,0
15:00:43:335,7.570594459203827,3.751060059661637,364.92638074899344,-0.10991967351416916,0.14860567315452108,0.002477177497079782,365.02417415644715,-6,9,0
15:00:43:493,7.66893859184033,3.811264304592421,369.3982940487253,-0.08441378485992834,0.13336147174951593,0.0050157338523149995,369.4975480308812,-5,8,0
15:00:43:614,7.574397985278916,3.7662578936572872,365.7901166977341,-0.08576589229937595,0.19931460367468687,0.001946244002871149,365.88791408996127,-5,11,0
15:00:43:724,7.6339729716215095,3.794960493233723,364.7750586193165,0.08065672481704893,-0.18474939676112664,0.005248753179537813,364.87466705596654,5,-11,0
15:00:43:857,7.605934269698928,3.7164003532342544,365.6912616312642,0.1342005498513797,-0.14696278964481904,0.0017075105583418363,365.7892298867836,8,-8,0
15:00:44:095,7.642800577076904,3.718413532144737,366.25937504949655,0.11942951430542718,-0.12329753198064268,-0.0009162529435679036,366.35797904714013,7,-7,0
15:00:44:215,7.607453371069055,3.7321762583481477,366.328274425954,-0.11222453095030689,0.12351956891335984,0.004013793183269316,366.426264247411,-6,7,0
15:00:44:427,7.5180869879775685,3.6404579140903603,364.7005387644708,-0.11520649785143283,0.18970529817743395,-0.000470273669088531,364.7961863025412,-7,11,-1
15:00:44:547,7.6194987080977645,3.7912945782818537,364.78218707123625,0.06775283485591596,-0.14754071237584335,0.0023937762919937285,364.8814529126089,4,-8,0
15:00:44:669,7.578884045121664,3.700184824913606,364.5852162845977,0.1252072035672804,-0.1324888867289881,0.002970546432898278,364.6827536152413,7,-8,0
15:00:44:794,7.45841694992777,3.7042369856390325,363.74946543743744,-0.09094413064038254,0.20311032515399843,0.00032564335982520584,363.8447786640153,-5,12,-1
15:00:44:918,7.629825298403527,3.723618498463065,363.2256642814214,0.13824354413747914,-0.15915270778759946,0.00024108278017970103,363.32487220321997,8,-9,-1
15:00:45:040,7.517470193481447,3.7293631067455064,366.12407495609807,-0.11539799871737114,0.17107588461988857,0.000842706340234799,366.2202326056691,-7,10,-1
15:00:45:168,7.482839235536577,3.7108954178738736,364.67435252941755,-0.1196292132534401,0.1861000150566932,-0.0005798212445867672,364.76999194091775,-7,11,-1
15:00:45:285,7.6194987080977645,3.7912945782818537,364.78218707123625,0.06775283485591596,-0.14754071237584335,0.0023937762919937285,364.8814529126089,4,-8,0
15:00:45:408,7.462476092291868,3.643252033487607,362.1711752547672,-0.1278980763560678,0.2014605210485892,-0.0016799910733700432,362.2663688782425,-7,12,-1
15:00:45:531,7.60048458236409,3.7095857589135477,366.0028413199537,0.1021142383780285,-0.11961435938212658,0.00038406929802769715,366.1005439038143,6,-7,0
15:00:45:654,7.47850825615369,3.639126410612435,364.57267884795937,-0.11385573283015503,0.19383520215422173,-0.0006454422653490964,364.6675328146819,-7,11,-1
15:00:45:778,7.4841140568289655,3.671399057476546,364.43519810455615,-0.1235442013389703,0.1788828586887317,0.004915715071428178,364.5305265019131,-7,10,0
15:00:45:899,7.5727880543531025,3.720854469366224,364.1654035018119,0.0958811649274805,-0.15420972251235257,-0.0006215807830868918,364.2631370102331,6,-9,0
15:00:46:080,7.543373407852446,3.6985617410494505,363.8853943009366,-0.13611634955610344,0.1685532599633621,3.085802255316229e-05,363.982364994337,-8,10,-1
15:00:46:235,7.548775960659167,3.7928733889407082,364.4150738054449,0.08794519965888357,-0.16386117540537273,0.004747142281200893,364.5129845748661,5,-9,0
15:00:46:350,7.629825298403527,3.723618498463065,363.2256642814214,0.13824354413747914,-0.15915270778759946,0.00024108278017970103,363.32487220321997,8,-9,-1
15:00:46:474,7.562055547233645,3.802522886425779,366.3439130536836,-0.12384910036445408,0.15634974269774068,0.0011054193500056129,366.44168225774496,-7,9,0
15:00:46:603,7.6194987080977645,3.7912945782818537,364.78218707123625,0.06775283485591596,-0.14754071237584335,0.0023937762919937285,364.8814529126089,4,-8,0
15:00:46:720,7.714441425314567,3.8609454562994667,365.77388616406023,0.13446936091041356,-0.14436244804553003,0.00162578486765406,365.875600861659,8,-8,0
15:00:46:845,7.504895274606874,3.70787142508748,364.43663164697057,-0.12155750596612802,0.23345428896411105,0.0020859645656948257,364.5327560724516,-7,13,-1
15:00:46:966,7.531236814159379,3.7624760289267067,365.51833963874645,-0.08835171502422776,0.1910050508035069,-0.0030321481788508106,365.615279174825,-5,11,-1
15:00:47:142,7.672664840287199,3.833270685521491,365.387610692562,0.06365183108213357,-0.16334420571653288,0.002708442946442983,365.4882621884308,4,-9,0
15:00:47:305,7.486879134086666,3.7500428895937694,364.8112907432985,-0.10880200841417885,0.17171136272523158,-0.002776639362647652,364.90737733654237,-6,10,-1
15:00:47:425,7.525212320115892,3.8395368901346325,366.367675796662,-0.11836566413153392,0.16053021583166913,0.0008484269824262105,366.46506618317875,-7,9,-1
15:00:47:539,7.585639033808806,3.7391773337954515,366.19664383158727,-0.06582326323008388,0.1912655299929137,0.0044748534924486175,366.2942878618273,-4,11,0
15:00:47:666,7.645273292892026,3.807612287602749,364.7879656753615,0.11817151648486167,-0.111094857241119,0.0005296866048589452,364.88793898486756,7,-6,0
15:00:47:787,7.521955596863512,3.8010819745149034,366.21207881641226,-0.12250747294794548,0.161714614292325,0.0009309293692230684,366.30904262823805,-7,9,-1
15:00:47:912,6.090036998310643,1.7749813493514222,337.24161456716615,-0.8485634832472065,0.05921368526000629,0.16896709723421988,337.30126846085295,-48,7,7
15:00:48:030,7.521955596863512,3.8010819745149034,366.21207881641226,-0.12250747294794548,0.161714614292325,0.0009309293692230684,366.30904262823805,-7,9,-1
15:00:48:154,7.487132260652225,3.7015517124965447,364.0740029373178,-0.12961408991356335,0.1458980608174967,0.007856949020702338,364.1697931588655,-7,8,0
15:00:48:280,7.597723381036021,3.757466446624712,365.76291387700275,0.03220538548289938,-0.12829991218627063,0.005055132630468053,365.8611117930792,2,-7,0
15:00:48:398,err,err,err,err,err,err,err,err,err,err
15:00:48:525,7.436328586270237,3.68583517789012,362.5919871121466,-0.11447565710136005,0.21147866578075095,0.003282413687061977,362.6869634846787,-7,12,-1
15:00:48:645,7.56044245454065,3.7732386976037913,365.0934922917694,0.11205161316374633,-0.1556967122719472,0.0031829584788360217,365.1912591152447,6,-9,0
15:00:48:769,7.530001041328607,3.7494567529624994,364.7779024416668,-0.10847907772800947,0.15488202224781825,0.0022981815387455714,364.8748791728021,-6,9,0
15:00:48:896,7.548775960659167,3.7928733889407082,364.4150738054449,0.08794519965888357,-0.16386117540537273,0.004747142281200893,364.5129845748661,5,-9,0
15:00:49:057,7.586680152174856,3.7939356880018513,365.0397329627318,0.06589974899266293,-0.14080031342893629,0.002196316089760328,365.1382728573364,4,-8,0
15:00:49:220,7.586680152174856,3.7939356880018513,365.0397329627318,0.06589974899266293,-0.14080031342893629,0.002196316089760328,365.1382728573364,4,-8,0
15:00:49:342,7.5724620207627185,3.825114011702586,365.8836677679947,0.1306689957746343,-0.14311055067030384,0.0015565143320005771,365.9820105109249,8,-8,0
15:00:49:462,7.6219026020956,3.7628378059384007,367.3803362194384,0.10351122502934261,-0.09572239432227145,0.0015660317751828106,367.4786575956993,6,-5,0
15:00:49:592,7.6219026020956,3.7628378059384007,367.3803362194384,0.10351122502934261,-0.09572239432227145,0.0015660317751828106,367.4786575956993,6,-5,0
15:00:49:711,7.5727880543531025,3.720854469366224,364.1654035018119,0.0958811649274805,-0.15420972251235257,-0.0006215807830868918,364.2631370102331,6,-9,0
15:00:49:833,7.523554533719552,3.7770387165014805,365.5746885337924,0.10539479151084319,-0.1292455185237853,0.0007145341099784013,365.6716051197675,6,-7,0
15:00:49:959,7.52104182622984,3.7379165135676766,362.77044696119543,0.09157394713457878,-0.18448259572788187,0.003503034293236144,362.8676553213855,5,-11,0
15:00:50:077,7.4511514494248265,3.68179041859922,364.9610011401698,-0.09959760225422092,0.20468788371678992,0.00432952611929282,365.0556225999591,-6,12,0
15:00:50:208,7.56044245454065,3.7732386976037913,365.0934922917694,0.11205161316374633,-0.1556967122719472,0.0031829584788360217,365.1912591152447,6,-9,0
15:00:50:328,err,err,err,err,err,err,err,err,err,err
15:00:50:447,err,err,err,err,err,err,err,err,err,err
15:00:50:575,err,err,err,err,err,err,err,err,err,err
15:00:50:735,7.548579091120359,3.7476927300333966,367.256575472698,-0.0891493766465331,0.14277337515915672,0.003324196450104589,367.35326114657965,-5,8,0
15:00:50:857,7.45841694992777,3.7042369856390325,363.74946543743744,-0.09094413064038254,0.20311032515399843,0.00032564335982520584,363.8447786640153,-5,12,-1
15:00:50:987,7.4511514494248265,3.68179041859922,364.9610011401698,-0.09959760225422092,0.20468788371678992,0.00432952611929282,365.0556225999591,-6,12,0
15:00:51:103,7.548775960659167,3.7928733889407082,364.4150738054449,0.08794519965888357,-0.16386117540537273,0.004747142281200893,364.5129845748661,5,-9,0
15:00:51:232,7.4296076330881515,3.631311156387248,364.0655807519019,-0.12453069852102491,0.21704571939539022,0.0019152386398511765,364.1594878326195,-7,12,-1
15:00:51:353,err,err,err,err,err,err,err,err,err,err
15:00:51:473,err,err,err,err,err,err,err,err,err,err
15:00:51:598,err,err,err,err,err,err,err,err,err,err
15:00:51:719,7.5135008197734345,3.796705202102798,364.971863845511,0.07799044872388007,-0.13732467915643726,0.0023173812318150943,365.0689374129585,4,-8,0
15:00:51:844,7.578776148380606,3.7826410890940845,366.37193690947396,0.09193650231913827,-0.1291636208421704,0.005791313490642084,366.4698382900232,5,-7,0
15:00:52:006,7.54524992086494,3.7647553420514313,367.18415446675414,0.11675487736629897,-0.09181836331832059,0.0016519366425173424,367.2809652985286,7,-5,0
15:00:52:130,7.578776148380606,3.7826410890940845,366.37193690947396,0.09193650231913827,-0.1291636208421704,0.005791313490642084,366.4698382900232,5,-7,0
15:00:52:258,7.523554533719552,3.7770387165014805,365.5746885337924,0.10539479151084319,-0.1292455185237853,0.0007145341099784013,365.6716051197675,6,-7,0
15:00:52:406,7.56044245454065,3.7732386976037913,365.0934922917694,0.11205161316374633,-0.1556967122719472,0.0031829584788360217,365.1912591152447,6,-9,0
15:00:52:547,err,err,err,err,err,err,err,err,err,err
15:00:52:669,7.586400326701072,3.761189989431178,366.8112976562456,0.11991464484235217,-0.12394995226519696,0.004207947047559237,366.90901884297193,7,-7,0
15:00:52:791,7.52104182622984,3.7379165135676766,362.77044696119543,0.09157394713457878,-0.18448259572788187,0.003503034293236144,362.8676553213855,5,-11,0
15:00:52:921,7.52104182622984,3.7379165135676766,362.77044696119543,0.09157394713457878,-0.18448259572788187,0.003503034293236144,362.8676553213855,5,-11,0
15:00:53:035,err,err,err,err,err,err,err,err,err,err
15:00:53:211,7.548775960659167,3.7928733889407082,364.4150738054449,0.08794519965888357,-0.16386117540537273,0.004747142281200893,364.5129845748661,5,-9,0
15:00:53:375,7.56044245454065,3.7732386976037913,365.0934922917694,0.11205161316374633,-0.1556967122719472,0.0031829584788360217,365.1912591152447,6,-9,0
15:00:53:540,7.52104182622984,3.7379165135676766,362.77044696119543,0.09157394713457878,-0.18448259572788187,0.003503034293236144,362.8676553213855,5,-11,0
15:00:53:693,7.572391347056983,3.718514618311229,365.89676905110304,0.13308411146864535,-0.14187794775734042,0.001512228715672968,365.9940082347194,8,-8,0
15:00:53:814,err,err,err,err,err,err,err,err,err,err
15:00:53:933,7.56044245454065,3.7732386976037913,365.0934922917694,0.11205161316374633,-0.1556967122719472,0.0031829584788360217,365.1912591152447,6,-9,0
15:00:54:057,7.533317564754157,3.721985298480042,366.2981620988058,0.1287353951920078,-0.11430066413094345,-0.0010038464458910128,366.39452452930647,7,-7,0
15:00:54:176,7.468195553567317,3.7150882413920923,365.5740886068018,-0.17269582981759404,0.19158900200481027,-0.0001210289918285938,365.66923590337956,-10,11,-1
15:00:54:305,7.500195870444728,3.7555573561839264,364.12439575204496,0.09440918569037665,-0.15285948201420502,-0.0004173888441784197,364.2209943577422,5,-9,0
15:00:54:433,7.553688553387175,3.7174824996947775,363.0799567429998,0.1254735750062246,-0.15208145715820173,0.0017682863480861408,363.17755007075493,7,-9,0
15:00:54:551,7.423101951945538,3.679353447651803,365.24551707628706,-0.13829974106680204,0.2139979421729578,0.005990481008983922,365.3394693004111,-8,12,-1
15:00:54:682,7.580921193297281,3.782956358486434,366.4101562527837,0.09223044389785544,-0.14469592489933286,0.0010502637617468978,366.5080950403941,5,-8,0
15:00:54:797,err,err,err,err,err,err,err,err,err,err
15:00:54:919,err,err,err,err,err,err,err,err,err,err
15:00:55:051,7.56044245454065,3.7732386976037913,365.0934922917694,0.11205161316374633,-0.1556967122719472,0.0031829584788360217,365.1912591152447,6,-9,0
15:00:55:163,7.56044245454065,3.7732386976037913,365.0934922917694,0.11205161316374633,-0.1556967122719472,0.0031829584788360217,365.1912591152447,6,-9,0
15:00:55:287,7.4723786411558795,3.6870302855871366,365.76391356669757,-0.12886143528133878,0.1901993976595947,0.0034305356754778253,365.8588130720787,-7,11,-1
15:00:55:409,7.495808554724098,3.7491007743656652,362.9460679353475,0.11961531731481594,-0.1964541238472934,0.0045927221332943,363.04282272513706,7,-11,0
15:00:55:532,7.545851949936956,3.731200236245073,364.2058284290952,0.1261417142939947,-0.16987755630054058,0.00046748597089797266,364.30309798103127,7,-10,-1
15:00:55:658,7.497550651010289,3.7195505642711195,365.7481767648931,0.14145818342370084,-0.13980189444208854,0.0016522387370872366,365.84392454844476,8,-8,0
15:00:55:778,7.509830732130325,3.734928017413048,364.687254048149,0.11949151316396817,-0.1460665456079379,-0.0019903020348069613,364.78369002752805,7,-8,-1
15:00:55:904,err,err,err,err,err,err,err,err,err,err
15:00:56:026,7.537732344577505,3.7820822508797405,366.0140264394313,0.10412029910068174,-0.13291795075656232,0.006117781382741045,366.1111704188437,6,-8,0
15:00:56:150,7.486556085144592,3.7747584904555245,364.98542479910526,0.1208064100690493,-0.15325302237548877,0.003323614080201831,365.0817136470418,7,-9,0
15:00:56:267,err,err,err,err,err,err,err,err,err,err
15:00:56:390,err,err,err,err,err,err,err,err,err,err
15:00:56:519,7.509830732130325,3.734928017413048,364.687254048149,0.11949151316396817,-0.1460665456079379,-0.0019903020348069613,364.78369002752805,7,-8,-1
15:00:56:681,err,err,err,err,err,err,err,err,err,err
15:00:56:802,7.4435239701268205,3.6876825117826053,364.1331725293381,0.10605072504890553,-0.19010038981689453,0.002171619212539617,364.22791269709444,6,-11,0
15:00:56:927,7.472189344677569,3.73233022789678,364.0923967393309,0.13370713436603354,-0.16805268085466532,0.0006195306352690861,364.18818935534296,8,-10,-1
15:00:57:051,7.485131677823239,3.728325764076939,367.2213401180344,0.11501371534071313,-0.13085004754304977,-0.0005505001625382968,367.31653957768157,7,-7,0
15:00:57:217,7.490584767450641,3.7420880778972987,365.34298763266656,0.11680956442938382,-0.1443503838835191,0.0032068557863371054,365.43892881807744,7,-8,0
15:00:57:378,7.490584767450641,3.7420880778972987,365.34298763266656,0.11680956442938382,-0.1443503838835191,0.0032068557863371054,365.43892881807744,7,-8,0
15:00:57:500,7.31553070745917,3.645797772502726,362.2983505956387,-0.12170871536439608,0.24007535089250848,0.0006173301386157049,362.39054026733385,-7,14,-1
15:00:57:626,7.352667110980157,3.7652904771037714,365.58816847886186,-0.07665823487904978,0.20670698863198086,0.0019047650100077335,365.6814844338588,-4,12,0
15:00:57:750,7.423204695458553,3.7502851893632894,362.86913635675563,0.1261670415175368,-0.19480634245385148,0.004752080051452033,362.96443176604777,7,-11,0
15:00:57:870,7.266533617802506,3.6174269596752113,363.17847975168587,-0.14722787751570227,0.2281131725527971,-0.0001123601883647032,363.26917904409805,-9,13,-1
15:00:57:996,7.448920041863783,3.7397132774113326,362.72103524774764,0.09933210504783642,-0.1822310283942239,0.0036543591162207685,362.8167874787289,6,-10,0
15:00:58:114,7.471503611815837,3.8056092704522393,364.0594115088971,0.14052570043046353,-0.16655990947105484,0.000580009214845361,364.1559571616881,8,-10,-1
15:00:58:243,7.523554533719552,3.7770387165014805,365.5746885337924,0.10539479151084319,-0.1292455185237853,0.0007145341099784013,365.6716051197675,6,-7,0
15:00:58:457,7.523554533719552,3.7770387165014805,365.5746885337924,0.10539479151084319,-0.1292455185237853,0.0007145341099784013,365.6716051197675,6,-7,0
15:00:58:578,7.496279215388274,3.682236223259747,363.79107266243574,0.10115285774168362,-0.16049978962950665,-0.0003529230425552821,363.8869297110911,6,-9,0
15:00:58:733,7.536898700312171,3.7746248064928665,364.883710071401,0.1229421499374601,-0.10152311096171113,0.00043914929114171355,364.9810604811143,7,-6,0
15:00:58:865,7.509830732130325,3.734928017413048,364.687254048149,0.11949151316396817,-0.1460665456079379,-0.0019903020348069613,364.78369002752805,7,-8,-1
15:00:58:976,7.509830732130325,3.734928017413048,364.687254048149,0.11949151316396817,-0.1460665456079379,-0.0019903020348069613,364.78369002752805,7,-8,-1
15:00:59:103,7.545851949936956,3.731200236245073,364.2058284290952,0.1261417142939947,-0.16987755630054058,0.00046748597089797266,364.30309798103127,7,-10,-1
15:00:59:222,7.545851949936956,3.731200236245073,364.2058284290952,0.1261417142939947,-0.16987755630054058,0.00046748597089797266,364.30309798103127,7,-10,-1
15:00:59:402,7.509830732130325,3.734928017413048,364.687254048149,0.11949151316396817,-0.1460665456079379,-0.0019903020348069613,364.78369002752805,7,-8,-1
15:00:59:552,err,err,err,err,err,err,err,err,err,err
15:00:59:676,7.524249347732927,3.7319575106507807,363.98628244563076,0.13507473130952638,-0.12247661203104561,-0.0022053808661296756,364.0831713272376,8,-7,-1
15:00:59:796,7.498924054753408,3.673915981357629,364.9075659749935,-0.14617942030587025,0.13434739669211437,-0.0035258485114233015,365.0031002969855,-8,8,-1
15:00:59:926,err,err,err,err,err,err,err,err,err,err
15:01:00:046,7.48216954050882,3.629167114735197,361.2627621677297,-0.14795144121849438,0.2018798859008895,0.0008585069134298861,361.35846059562135,-9,12,-1
15:01:00:167,7.530435118870507,3.635683841864958,361.718667230307,-0.1407890308897253,0.17706886876742114,-0.0016349589412320668,361.81531182766037,-8,10,-1
15:01:00:289,err,err,err,err,err,err,err,err,err,err
15:01:00:411,7.723698917636103,3.75012301097923,370.5262562099174,-0.09988165639795323,0.13607685589197485,-0.0014812792994878404,370.6257215689503,-6,8,0
15:01:00:540,7.659088706903045,3.852398403639392,372.6607523326878,-0.08229022355751878,0.13687726810629078,-0.0002447664254857473,372.75935795422424,-5,8,0
15:01:00:676,7.612702148913582,3.927501173288151,372.68876589774266,0.07346292344295026,-0.07759645232437345,-0.0004295905667390898,372.7871976421088,4,-4,0
15:01:00:877,7.524249347732927,3.7319575106507807,363.98628244563076,0.13507473130952638,-0.12247661203104561,-0.0022053808661296756,364.0831713272376,8,-7,-1
15:01:01:082,7.572094549043674,3.7174445045945976,365.6627519079212,0.1366644741982322,-0.06097208467589835,-0.003968757883542379,365.76003628387053,8,-3,0
15:01:01:290,7.551093036950983,3.6776687542618705,362.83712695183726,0.12174055580468067,-0.16001038231088452,0.001897984574826613,362.934325943665,7,-9,0
15:01:01:456,7.546711477426333,3.736778749617784,365.2845851238503,0.10253314210174716,-0.12137614806090859,-0.004594148345674639,365.38164225731236,6,-7,-1
15:01:01:618,7.562533620310931,3.7284764485343547,363.5798200934034,0.13965604580151858,-0.1485655980743283,0.0002907118473622695,363.6775756498291,8,-8,-1
15:01:01:771,7.562533620310931,3.7284764485343547,363.5798200934034,0.13965604580151858,-0.1485655980743283,0.0002907118473622695,363.6775756498291,8,-8,-1
15:01:01:932,7.489634273432069,3.756069668023869,365.890945543345,0.13729724092434728,-0.10304743107333941,0.004075912787161774,365.9868668565908,8,-6,0
15:01:02:050,7.523554533719552,3.7770387165014805,365.5746885337924,0.10539479151084319,-0.1292455185237853,0.0007145341099784013,365.6716051197675,6,-7,0
15:01:02:175,7.523554533719552,3.7770387165014805,365.5746885337924,0.10539479151084319,-0.1292455185237853,0.0007145341099784013,365.6716051197675,6,-7,0
15:01:02:300,7.580921193297281,3.782956358486434,366.4101562527837,0.09223044389785544,-0.14469592489933286,0.0010502637617468978,366.5080950403941,5,-8,0
15:01:02:423,7.559345437549156,3.778275634038151,366.15488862202966,0.08659425465633196,-0.10178681935951454,-0.0018840960277112186,366.25240140103097,5,-6,0
15:01:02:546,7.509830732130325,3.734928017413048,364.687254048149,0.11949151316396817,-0.1460665456079379,-0.0019903020348069613,364.78369002752805,7,-8,-1
15:01:02:665,7.56044245454065,3.7732386976037913,365.0934922917694,0.11205161316374633,-0.1556967122719472,0.0031829584788360217,365.1912591152447,6,-9,0
15:01:02:833,7.598102802692277,3.7749727931073167,365.70183397440957,0.09395389784065068,-0.13241275892031254,0.0005944729793615252,365.80023641057915,5,-8,0
15:01:02:966,7.5336593182150375,3.8286796741080926,366.2942779583254,0.12590970838111673,-0.11576343674590076,-0.0009561581848464815,366.39174782707755,7,-7,0
15:01:03:119,7.582954916630042,3.8071256887881306,364.759771827124,0.1188628566623761,-0.14689498991672154,-0.0021765570393574595,364.85844728422205,7,-8,-1
15:01:03:239,err,err,err,err,err,err,err,err,err,err
15:01:03:366,7.5724620207627185,3.825114011702586,365.8836677679947,0.1306689957746343,-0.14311055067030384,0.0015565143320005771,365.9820105109249,8,-8,0
15:01:03:491,7.489634273432069,3.756069668023869,365.890945543345,0.13729724092434728,-0.10304743107333941,0.004075912787161774,365.9868668565908,8,-6,0
15:01:03:611,7.43928267308369,3.610301921412526,362.6977366125844,-0.15639768700121126,0.20928136964064475,-0.00019550079725836234,362.79198633727486,-9,12,-1
15:01:03:735,err,err,err,err,err,err,err,err,err,err
15:01:03:856,7.523554533719552,3.7770387165014805,365.5746885337924,0.10539479151084319,-0.1292455185237853,0.0007145341099784013,365.6716051197675,6,-7,0
15:01:03:985,7.499126845014178,3.705739696660941,364.9008354781631,-0.1786314079926249,0.1356493584399613,-0.004459576640881121,364.99669744094734,-10,8,-1
15:01:04:104,7.523554533719552,3.7770387165014805,365.5746885337924,0.10539479151084319,-0.1292455185237853,0.0007145341099784013,365.6716051197675,6,-7,0
15:01:04:226,7.56044245454065,3.7732386976037913,365.0934922917694,0.11205161316374633,-0.1556967122719472,0.0031829584788360217,365.1912591152447,6,-9,0
15:01:04:348,7.460642635159958,3.722928000447842,366.3667124448337,-0.1883718510363387,0.16534444620307706,0.00684108576482169,366.4615796629458,-11,9,-1
15:01:04:476,7.523554533719552,3.7770387165014805,365.5746885337924,0.10539479151084319,-0.1292455185237853,0.0007145341099784013,365.6716051197675,6,-7,0
15:01:04:595,7.56044245454065,3.7732386976037913,365.0934922917694,0.11205161316374633,-0.1556967122719472,0.0031829584788360217,365.1912591152447,6,-9,0
15:01:04:712,err,err,err,err,err,err,err,err,err,err
15:01:04:843,7.489634273432069,3.756069668023869,365.890945543345,0.13729724092434728,-0.10304743107333941,0.004075912787161774,365.9868668565908,8,-6,0
15:01:04:969,7.523554533719552,3.7770387165014805,365.5746885337924,0.10539479151084319,-0.1292455185237853,0.0007145341099784013,365.6716051197675,6,-7,0
15:01:05:129,7.523554533719552,3.7770387165014805,365.5746885337924,0.10539479151084319,-0.1292455185237853,0.0007145341099784013,365.6716051197675,6,-7,0
15:01:05:302,7.580921193297281,3.782956358486434,366.4101562527837,0.09223044389785544,-0.14469592489933286,0.0010502637617468978,366.5080950403941,5,-8,0
15:01:05:420,7.472189344677569,3.73233022789678,364.0923967393309,0.13370713436603354,-0.16805268085466532,0.0006195306352690861,364.18818935534296,8,-10,-1
15:01:05:539,7.590010650845543,3.7722621552150803,368.6968537821632,0.08381526677200779,-0.13899113856542605,0.002313885063725181,368.79426271610225,5,-8,0
15:01:05:662,7.641888548026678,3.769821401674689,368.0440280540773,0.10062344960687794,-0.11395014655627253,0.002244201297181892,368.14265794695865,6,-7,0
15:01:05:786,7.586699753418949,3.762390128684931,366.84946086061996,0.12199533702909512,-0.12107153297869361,0.004630977556625571,366.9471903780658,7,-7,0
15:01:05:912,7.513775130875827,3.7746572480726557,364.9072775171971,0.12392338529913297,-0.21723778083771633,0.01407112231474074,365.0041452354623,7,-12,0
15:01:06:029,err,err,err,err,err,err,err,err,err,err
15:01:06:151,err,err,err,err,err,err,err,err,err,err
15:01:06:276,7.480353728307888,3.9165034297110166,368.5869679940753,0.08758988048451272,-0.1410483860607433,0.0024367902076130672,368.6836688356036,5,-8,0
15:01:06:397,7.314762758937747,3.9527735184104626,369.1229122221064,-0.08396803199023763,0.19808217931530211,-0.0033598276560615433,369.2165414767278,-5,11,-1
15:01:06:548,err,err,err,err,err,err,err,err,err,err
15:01:06:694,7.352667110980157,3.7652904771037714,365.58816847886186,-0.07665823487904978,0.20670698863198086,0.0019047650100077335,365.6814844338588,-4,12,0
15:01:06:817,7.282322340343636,3.7722246743021715,365.69030055678286,-0.04851047555379487,0.19424599625254704,-0.0008691984981466091,365.78225465291814,-3,11,0
15:01:06:938,7.282322340343636,3.7722246743021715,365.69030055678286,-0.04851047555379487,0.19424599625254704,-0.0008691984981466091,365.78225465291814,-3,11,0
15:01:07:059,7.359753324518529,3.8234320513145184,367.3300040138548,-0.07379630862613744,0.1799924806698158,0.003219483576081725,367.42361988645666,-4,10,0
15:01:07:180,7.321847041477601,3.8551641732728594,365.74891054527524,-0.003347733530033594,0.17530587620842242,-0.0011119685034926695,365.8425034081707,0,10,0
15:01:07:299,err,err,err,err,err,err,err,err,err,err
15:01:07:439,7.361778123004583,3.849084393586813,365.91191428211175,-0.03769615460492761,0.18684049003224798,0.0015806918357374037,366.00620246301946,-2,11,0
15:01:07:589,7.363989869994514,3.8875427308531756,366.02104275431714,-0.03213241979170705,0.1854615068472338,0.0014718870427774158,366.1157536548342,-2,11,0
15:01:07:714,7.361778123004583,3.849084393586813,365.91191428211175,-0.03769615460492761,0.18684049003224798,0.0015806918357374037,366.00620246301946,-2,11,0
15:01:07:834,7.361778123004583,3.849084393586813,365.91191428211175,-0.03769615460492761,0.18684049003224798,0.0015806918357374037,366.00620246301946,-2,11,0
15:01:07:961,7.321847041477601,3.8551641732728594,365.74891054527524,-0.003347733530033594,0.17530587620842242,-0.0011119685034926695,365.8425034081707,0,10,0
15:01:08:086,err,err,err,err,err,err,err,err,err,err
15:01:08:216,7.4316823869804844,3.9173431214999312,368.0481764155584,-0.014956471313699978,-0.15952835108353008,0.0024490665253774713,368.144041976847,-1,-9,0
15:01:08:369,err,err,err,err,err,err,err,err,err,err
15:01:08:487,err,err,err,err,err,err,err,err,err,err
15:01:08:687,err,err,err,err,err,err,err,err,err,err
15:01:08:824,err,err,err,err,err,err,err,err,err,err
15:01:08:944,err,err,err,err,err,err,err,err,err,err
15:01:09:057,err,err,err,err,err,err,err,err,err,err
15:01:09:182,err,err,err,err,err,err,err,err,err,err
