timestamp,tx,ty,tz,rx,ry,rz,Distance,Angle X,Angle Y,Angle Z
12:45:19:997,err,err,err,err,err,err,err,err,err,err
12:45:20:196,err,err,err,err,err,err,err,err,err,err
12:45:20:358,err,err,err,err,err,err,err,err,err,err
12:45:20:537,10.018894867128392,4.702788964537716,509.62882055424166,-0.17163415309591445,0.0026368117673180452,0.0019613815507631433,509.74898648051374,-10,0,0
12:45:20:676,err,err,err,err,err,err,err,err,err,err
12:45:20:795,err,err,err,err,err,err,err,err,err,err
12:45:20:909,err,err,err,err,err,err,err,err,err,err
12:45:21:028,err,err,err,err,err,err,err,err,err,err
12:45:21:151,err,err,err,err,err,err,err,err,err,err
12:45:21:275,err,err,err,err,err,err,err,err,err,err
12:45:21:397,err,err,err,err,err,err,err,err,err,err
12:45:21:524,err,err,err,err,err,err,err,err,err,err
12:45:21:642,err,err,err,err,err,err,err,err,err,err
12:45:21:766,err,err,err,err,err,err,err,err,err,err
12:45:21:889,err,err,err,err,err,err,err,err,err,err
12:45:22:010,err,err,err,err,err,err,err,err,err,err
12:45:22:179,err,err,err,err,err,err,err,err,err,err
12:45:22:304,err,err,err,err,err,err,err,err,err,err
12:45:22:425,err,err,err,err,err,err,err,err,err,err
12:45:22:547,err,err,err,err,err,err,err,err,err,err
12:45:22:668,err,err,err,err,err,err,err,err,err,err
12:45:22:793,err,err,err,err,err,err,err,err,err,err
12:45:22:917,9.927876924886128,4.683418664975326,507.91070157885343,-0.19707299302370104,0.09302566791210283,0.008559887389699063,508.02930813974723,-11,5,0
12:45:23:036,err,err,err,err,err,err,err,err,err,err
12:45:23:173,err,err,err,err,err,err,err,err,err,err
12:45:23:284,10.037539853642306,4.769710373763895,513.942812801266,0.0021012733198865832,-0.14142369395622098,0.004419533278227714,514.06295059403,0,-8,0
12:45:23:451,err,err,err,err,err,err,err,err,err,err
12:45:23:569,err,err,err,err,err,err,err,err,err,err
12:45:23:695,err,err,err,err,err,err,err,err,err,err
12:45:23:815,err,err,err,err,err,err,err,err,err,err
12:45:23:936,err,err,err,err,err,err,err,err,err,err
12:45:24:063,err,err,err,err,err,err,err,err,err,err
12:45:24:182,err,err,err,err,err,err,err,err,err,err
12:45:24:311,err,err,err,err,err,err,err,err,err,err
12:45:24:427,err,err,err,err,err,err,err,err,err,err
12:45:24:560,err,err,err,err,err,err,err,err,err,err
12:45:24:679,err,err,err,err,err,err,err,err,err,err
12:45:24:799,err,err,err,err,err,err,err,err,err,err
12:45:24:964,err,err,err,err,err,err,err,err,err,err
12:45:25:085,err,err,err,err,err,err,err,err,err,err
12:45:25:251,9.935556147827636,4.717650446739557,510.9734234284464,-0.16676713679667282,0.10000896647965749,0.00798273571606315,511.09178329522246,-10,6,0
12:45:25:458,err,err,err,err,err,err,err,err,err,err
12:45:25:579,err,err,err,err,err,err,err,err,err,err
12:45:25:700,9.57437504398447,4.637775380168023,492.06676961764884,0.03656990166247374,-0.16346874523375696,0.0069360510622500475,492.18175847943417,2,-9,0
12:45:25:824,err,err,err,err,err,err,err,err,err,err
12:45:25:946,8.983257655040259,4.775127078549993,465.27786226141177,-0.11176958116687694,-0.08111895450925,0.003243641130553191,465.3890736440451,-6,-5,0
12:45:26:073,err,err,err,err,err,err,err,err,err,err
12:45:26:192,8.409419847786857,4.303904192603196,433.73099246431156,-0.20458227813856147,-0.049676926559872714,0.0025541571444220646,433.8338573204633,-12,-3,0
12:45:26:314,err,err,err,err,err,err,err,err,err,err
12:45:26:440,err,err,err,err,err,err,err,err,err,err
12:45:26:562,err,err,err,err,err,err,err,err,err,err
12:45:26:689,8.204774845629723,4.282302318054735,427.97918430925216,-0.14292701518382078,0.005841527502133821,0.0013593501079604505,428.0792434181124,-8,0,0
12:45:26:808,8.214992016950916,4.195110680062898,424.59596852717493,-0.21616224725499866,0.05698607681743908,0.003212815215993058,424.69615201575147,-12,3,0
12:45:26:932,8.197586666191466,4.2728159151777945,424.03235181140536,-0.19220685903117254,0.08430467347830556,0.001346675476123791,424.1331073680834,-11,5,0
12:45:27:055,err,err,err,err,err,err,err,err,err,err
12:45:27:177,8.236155638392361,4.225306363148855,423.4099619623409,-0.17080055451154164,0.02749979891716985,-9.150284549227296e-05,423.511137235508,-10,2,0
12:45:27:304,8.215280317342934,4.172650387818081,418.5761955409403,-0.12424958747141485,0.08469162922946086,0.0037037179434064094,418.67760068515605,-7,5,0
12:45:27:463,8.201537797655057,4.221753186010408,422.34389962792295,-0.09275156446047678,0.08857544977947715,-0.0009911877460545557,422.44462119327665,-5,5,0
12:45:27:586,8.178333715956253,4.266836417832189,419.3333615288592,-0.10227612282753898,0.11047906944751329,-0.0023946695354379877,419.43480914974026,-6,6,0
12:45:27:753,8.23387461418941,4.242246291206887,420.65528570467893,-0.09702678437581862,-0.033505887521876054,-0.0050446858814620675,420.7572491782435,-6,-2,0
12:45:27:872,7.618146646356347,4.142325387871221,411.1311569212997,0.2533811499554068,-0.31866142255889823,0.03800971803766867,411.222595694097,15,-18,0
12:45:28:041,8.21767363739884,4.295801318788449,421.0058468215145,-0.048281920626888526,-0.0846815664386918,0.0008277282111495873,421.10795186849873,-3,-5,0
12:45:28:161,8.224861387535205,4.152616898652536,420.5243799566552,-0.14095804293688002,0.022997768624608058,0.0031177382287298134,420.62530440985176,-8,1,0
12:45:28:286,8.189705404105178,4.326780919520563,420.9541910279259,0.08661500452562597,-0.11966207813598956,-0.0016617796816199109,421.05608088674734,5,-7,0
12:45:28:405,8.135508795546254,4.16530791609941,418.3772672273496,-0.17099570218739357,0.042070627423770164,-2.3306679443090555e-05,418.4770890096893,-10,2,0
12:45:28:531,8.083161678440238,4.2037138399477465,418.176224641114,-0.17347566559142238,0.0669670352699967,-0.003443835299001341,418.27546374113723,-10,4,-1
12:45:28:654,8.030332049503645,4.172176327004791,410.4476871567982,0.12370015280254094,-0.099512098249685,0.007597905787864684,410.54743596872436,7,-6,0
12:45:28:777,8.08639832920499,4.1828240311837375,414.05639579847616,0.005753329182264194,-0.08265228311570022,0.002844760165305055,414.15647375893906,0,-5,0
12:45:28:901,7.974647780290474,4.232141962542262,409.3337440835429,0.10192998752430818,-0.14063628813729184,0.0009104126300811711,409.43329136534834,6,-8,0
12:45:29:023,7.976115100429028,4.15457113050415,413.54906198642783,-0.11377327552822682,-0.027431918600704687,0.0007219757939424543,413.6468367378482,-7,-2,0
12:45:29:146,7.961852956707968,4.253433394213091,408.5845054650974,0.06815347257007258,-0.14918792944566397,0.0026659529473868045,408.6842068202556,4,-9,0
12:45:29:274,7.808043946401743,4.1309765976182335,402.2168417174157,-0.16449399807244988,0.11831660182707852,0.00341654342841541,402.31383058385114,-9,7,0
12:45:29:392,7.678445829728567,4.260996338995696,396.8270780432944,-0.14401273707250942,0.06312538365079394,0.007584656027112324,396.92423016054323,-8,4,0
12:45:29:519,err,err,err,err,err,err,err,err,err,err
12:45:29:637,7.494594772676991,4.080893294707451,385.4782264305577,-0.12282389959091149,0.06788072560505046,0.007294440786053029,385.5726723886662,-7,4,0
12:45:29:761,7.940042577464847,5.31780115995853,348.9810829769303,0.7376759981478553,-0.050897927762478805,0.12735252285675097,349.1119012022648,42,-5,6
12:45:29:884,err,err,err,err,err,err,err,err,err,err
12:45:30:006,7.944358176224345,5.407172606787188,345.9991163104914,0.7400020978252994,-0.05310252160420518,0.13041043555664336,346.1325451760823,42,-5,6
12:45:30:129,err,err,err,err,err,err,err,err,err,err
12:45:30:249,err,err,err,err,err,err,err,err,err,err
12:45:30:375,err,err,err,err,err,err,err,err,err,err
12:45:30:497,err,err,err,err,err,err,err,err,err,err
12:45:30:622,err,err,err,err,err,err,err,err,err,err
12:45:30:743,err,err,err,err,err,err,err,err,err,err
12:45:30:866,7.706552861858845,5.223681875185064,338.8410252571221,0.7418529570453573,-0.03569680677390729,0.12899094815055884,338.9689044833514,42,-4,6
12:45:30:993,err,err,err,err,err,err,err,err,err,err
12:45:31:113,7.243356385059726,3.8717296378382464,368.6410623991818,0.16541194236156292,-0.07298877317443525,-0.0004588433207645883,368.73254452096705,9,-4,0
12:45:31:236,7.220298548575786,3.7865308505885014,368.16632226119873,0.1460529936423715,-0.1256083592004687,0.006249720515468664,368.2565836130426,8,-7,0
12:45:31:361,7.691540213162279,5.231135413193499,339.3533821485294,0.7401915045795704,-0.04901877858457178,0.12923376905564668,339.48084267629554,42,-5,6
12:45:31:483,7.67638896212222,5.157973272294722,338.92198077599437,0.7413074553112824,-0.04188303018095914,0.12623826191634782,339.04813919102844,42,-5,6
12:45:31:607,7.764787122826019,5.226013101927473,341.0827440878072,0.7405974790161888,-0.05223919341716258,0.1286054709311136,341.2111391008109,42,-5,6
12:45:31:774,err,err,err,err,err,err,err,err,err,err
12:45:31:889,7.814448617771729,5.231175576223557,341.66596151608894,0.7315246066678293,-0.04970500907281665,0.13516339039653658,341.79534821852485,42,-5,6
12:45:32:019,err,err,err,err,err,err,err,err,err,err
12:45:32:136,7.709602289380313,5.157719821708125,338.90435334804886,0.7413068207194238,-0.04246503166097628,0.12636175492090668,339.0312681147254,42,-5,6
12:45:32:261,7.779780346729394,5.21981859868113,340.87730565649775,0.7369932729167465,-0.036676873391567735,0.11908239480518902,341.00602487357884,42,-4,5
12:45:32:384,7.234409032276127,3.8127272444853006,370.64087964597934,0.13407539091591103,-0.0417049717065881,2.462817653802565e-05,370.73108209028345,8,-2,0
12:45:32:507,7.289237821103225,3.786000412481657,368.44496847282477,0.1343882411849635,-0.10714066795156896,0.00378511923335781,368.5365132250491,8,-6,0
12:45:32:631,7.36668840311316,3.7814552967743484,371.3261242547653,0.12518148818388736,-0.07682973763524036,-0.00248564828768982,371.41844065185495,7,-4,0
12:45:32:754,err,err,err,err,err,err,err,err,err,err
12:45:32:878,err,err,err,err,err,err,err,err,err,err
12:45:33:003,7.814448617771729,5.231175576223557,341.66596151608894,0.7315246066678293,-0.04970500907281665,0.13516339039653658,341.79534821852485,42,-5,6
12:45:33:123,7.322526679742719,3.88632417973119,370.91268483505314,0.12709407036831283,-0.06579814931062762,0.002705794094207278,371.0053135524517,7,-4,0
12:45:33:246,7.659555960544629,5.165252627718385,339.42577911865357,0.7393626989083092,-0.04862267429961562,0.12912485461465906,339.5514808722322,42,-5,6
12:45:33:410,7.763545945194317,5.158643495564486,341.0229765623459,0.7415938497942669,-0.0524682629966179,0.12871190643476235,341.1503404538823,42,-5,6
12:45:33:533,7.286414423846437,3.876472444439614,370.3161279198213,0.12013800282398045,-0.09249301152166839,0.006904059918715504,370.4080904506515,7,-5,0
12:45:33:657,7.728739057652818,5.166915353521479,339.54781691223576,0.7387052406378566,-0.0485192260161651,0.1289537177714376,339.67506589615454,42,-5,6
12:45:33:820,7.222007826353712,3.8294345508127194,369.0067658862348,0.13549819446686734,-0.08343715495421954,0.006566834785807286,369.0972977899478,8,-5,0
12:45:33:982,err,err,err,err,err,err,err,err,err,err
12:45:34:110,7.243627327503509,3.787478380373123,368.552265693876,0.134672709838662,-0.07865436019289605,0.0012213491327217913,368.64289994170633,8,-4,0
12:45:34:228,7.659555960544629,5.165252627718385,339.42577911865357,0.7393626989083092,-0.04862267429961562,0.12912485461465906,339.5514808722322,42,-5,6
12:45:34:350,err,err,err,err,err,err,err,err,err,err
12:45:34:475,err,err,err,err,err,err,err,err,err,err
12:45:34:599,7.288020023020572,3.9377349067717153,373.0778004395012,0.09078196188536934,-0.05072715587577254,0.005884423817204498,373.16975516891534,5,-3,0
12:45:34:723,7.763545945194317,5.158643495564486,341.0229765623459,0.7415938497942669,-0.0524682629966179,0.12871190643476235,341.1503404538823,42,-5,6
12:45:34:844,7.744282226051079,5.248034391313529,340.51059420683146,0.7366142913660007,-0.035530591463134274,0.1294133387656323,340.63907664749587,42,-4,6
12:45:34:967,err,err,err,err,err,err,err,err,err,err
12:45:35:090,7.692129544521113,5.198007032045095,339.37703206035474,0.7397818456084805,-0.04916669418154377,0.1292626846369502,339.50398823007947,42,-5,6
12:45:35:212,err,err,err,err,err,err,err,err,err,err
12:45:35:338,err,err,err,err,err,err,err,err,err,err
12:45:35:460,7.744810941471496,5.173657204285034,340.01508199972056,0.736798836024203,-0.05589707158321078,0.13196816496826644,340.14262422205087,42,-6,6
12:45:35:583,err,err,err,err,err,err,err,err,err,err
12:45:35:704,err,err,err,err,err,err,err,err,err,err
12:45:35:870,err,err,err,err,err,err,err,err,err,err
12:45:35:993,err,err,err,err,err,err,err,err,err,err
12:45:36:115,7.776632293543858,5.284645869686432,340.49073709980655,0.7428153247602866,-0.032316041022908464,0.13108867669348817,340.62053012489804,42,-4,6
12:45:36:240,err,err,err,err,err,err,err,err,err,err
12:45:36:405,7.276417556966142,3.7961948982154907,369.50652134066735,0.12686376060325266,-0.11500034924389754,0.004238625155648796,369.59765510815896,7,-7,0
12:45:36:525,err,err,err,err,err,err,err,err,err,err
12:45:36:652,7.658900457793342,5.198285152056046,339.3961088559032,0.7397807651207097,-0.04858350430252378,0.12913924509134647,339.52231094770866,42,-5,6
12:45:36:772,err,err,err,err,err,err,err,err,err,err
12:45:36:894,7.161312273594731,3.756049609836011,371.33782300629326,-0.12314540501109995,0.14029563334719636,0.002513969306274511,371.4258621814112,-7,8,0
12:45:37:019,7.781437082129051,5.214440060955024,340.5176408825733,0.7368201923940331,-0.049573151360295616,0.12425673153240765,340.6464514719705,42,-5,6
12:45:37:141,err,err,err,err,err,err,err,err,err,err
12:45:37:265,err,err,err,err,err,err,err,err,err,err
12:45:37:386,err,err,err,err,err,err,err,err,err,err
12:45:37:512,7.212348321341685,3.786963092083268,368.2172172430853,0.14531908651208109,-0.10465824940369374,0.0039062153868713134,368.30731479568885,8,-6,0
12:45:37:636,7.689122514436406,5.268053323978683,339.3594008900718,0.7459932712813239,-0.03859143332826484,0.1334370671459816,339.4873752635505,43,-5,6
12:45:37:756,7.336605176818855,3.846565777654047,370.4385670137022,0.13461253554811864,-0.12254031110270455,0.008007857495820453,370.5311778716705,8,-7,0
12:45:37:879,err,err,err,err,err,err,err,err,err,err
12:45:38:001,7.763896341174575,5.188781143071351,341.06131321142686,0.7340947298189174,-0.04978543829389825,0.1297976685917592,341.18912776589207,42,-5,6
12:45:38:127,7.692787783449043,5.164976085295421,339.4066851193291,0.7393638070077159,-0.04920650984493387,0.12924826995844413,339.53314104154,42,-5,6
12:45:38:247,err,err,err,err,err,err,err,err,err,err
12:45:38:371,7.780728513825799,5.181489278737192,340.5563683530653,0.7360599682155147,-0.04296563902108402,0.12689966945103529,340.68464537337195,42,-5,6
12:45:38:496,7.7083769727923785,5.22783328991702,338.90211231085135,0.7478017232302729,-0.03827295568473729,0.1277921098828044,339.03007395394695,43,-5,6
12:45:38:616,7.7604534886900085,5.172034806329781,339.89263579299006,0.738896525735577,-0.036265979441196194,0.12391775513665128,340.0205559208063,42,-4,6
12:45:38:740,err,err,err,err,err,err,err,err,err,err
12:45:38:863,7.692129544521113,5.198007032045095,339.37703206035474,0.7397818456084805,-0.04916669418154377,0.1292626846369502,339.50398823007947,42,-5,6
12:45:38:990,err,err,err,err,err,err,err,err,err,err
12:45:39:109,7.692787783449043,5.164976085295421,339.4066851193291,0.7393638070077159,-0.04920650984493387,0.12924826995844413,339.53314104154,42,-5,6
12:45:39:232,7.186929007504246,3.9136387663327556,369.1580427368625,0.16377349306435904,-0.07874630294045354,0.0048113640673638205,369.2487359954851,9,-5,0
12:45:39:356,err,err,err,err,err,err,err,err,err,err
12:45:39:479,7.780728513825799,5.181489278737192,340.5563683530653,0.7360599682155147,-0.04296563902108402,0.12689966945103529,340.68464537337195,42,-5,6
12:45:39:605,7.659555960544629,5.165252627718385,339.42577911865357,0.7393626989083092,-0.04862267429961562,0.12912485461465906,339.5514808722322,42,-5,6
12:45:39:724,7.247176091485133,3.901486729733002,367.5378196697555,0.18461443789871584,-0.036200055009565614,0.0018732578696524118,367.6299661991674,11,-2,0
12:45:39:846,7.761313891389669,5.19968112445925,339.49898795958075,0.7391255293304382,-0.049063980658273804,0.12909168194112933,339.6274981545168,42,-5,6
12:45:39:971,err,err,err,err,err,err,err,err,err,err
12:45:40:094,err,err,err,err,err,err,err,err,err,err
12:45:40:218,7.759680478986501,5.175189910452887,339.83334600035175,0.7467031298927406,-0.039008619606446714,0.1228416906357778,339.96131880780206,43,-5,6
12:45:40:338,err,err,err,err,err,err,err,err,err,err
12:45:40:462,7.692466398911439,5.134978456469648,339.3695693838289,0.7467801221489225,-0.05186843742250045,0.12816718070855368,339.49557680007,43,-5,6
12:45:40:585,7.230578702756665,3.8189935330448055,367.59200460933005,0.15550598801291174,-0.09846621096118395,-0.0015012223173102837,367.68294471281627,9,-6,-1
12:45:40:707,err,err,err,err,err,err,err,err,err,err
12:45:40:835,7.709602289380313,5.157719821708125,338.90435334804886,0.7413068207194238,-0.04246503166097628,0.12636175492090668,339.0312681147254,42,-5,6
12:45:40:955,7.780728513825799,5.181489278737192,340.5563683530653,0.7360599682155147,-0.04296563902108402,0.12689966945103529,340.68464537337195,42,-5,6
12:45:41:076,err,err,err,err,err,err,err,err,err,err
12:45:41:200,err,err,err,err,err,err,err,err,err,err
12:45:41:323,err,err,err,err,err,err,err,err,err,err
12:45:41:488,7.721852989920109,5.141692023373909,337.7851640768388,0.7445255934723646,-0.048043788233752806,0.12851795102145097,337.91253466078774,42,-5,6
12:45:41:609,7.730508380743074,5.18906361487355,341.0808003679992,0.7340933952209587,-0.049192415107182405,0.12967332757982208,341.20785383794856,42,-5,6
12:45:41:735,err,err,err,err,err,err,err,err,err,err
12:45:41:856,err,err,err,err,err,err,err,err,err,err
12:45:41:978,7.692615174644814,5.230686911637565,339.32887648159107,0.7405752148570753,-0.055713310648724895,0.12662411179260577,339.4563636582052,42,-5,5
12:45:42:199,err,err,err,err,err,err,err,err,err,err
12:45:42:315,7.757789095418727,5.204948576483664,339.84773280915385,0.7390782937126676,-0.02947920589036827,0.12653791471201145,339.9761113326271,42,-4,6
12:45:42:443,7.692787783449043,5.164976085295421,339.4066851193291,0.7393638070077159,-0.04920650984493387,0.12924826995844413,339.53314104154,42,-5,6
12:45:42:561,err,err,err,err,err,err,err,err,err,err
12:45:42:675,err,err,err,err,err,err,err,err,err,err
12:45:42:840,err,err,err,err,err,err,err,err,err,err
12:45:42:962,7.726826775992539,5.292673526000064,341.0338927878705,0.7407884413656581,-0.03846275995245379,0.133875992409354,341.1624719618613,42,-5,6
12:45:43:087,7.692129544521113,5.198007032045095,339.37703206035474,0.7397818456084805,-0.04916669418154377,0.1292626846369502,339.50398823007947,42,-5,6
12:45:43:211,7.813762907654522,5.307658528890679,342.0501283400914,0.7386182745367724,-0.03921015671840811,0.12880777291054057,342.18053192329535,42,-5,6
12:45:43:330,err,err,err,err,err,err,err,err,err,err
12:45:43:460,7.484564733475656,3.9519670459022436,378.939522062248,-0.20034606748330938,0.030750344134937994,0.0039008803259105674,379.03403294895094,-11,2,0
12:45:43:579,err,err,err,err,err,err,err,err,err,err
12:45:43:742,err,err,err,err,err,err,err,err,err,err
12:45:43:862,err,err,err,err,err,err,err,err,err,err
12:45:43:988,8.007305519455725,4.320420154640774,405.6115330692892,0.005620674250081721,-0.11703222102497536,-0.0025670209517749095,405.7135673487067,0,-7,0
12:45:44:112,err,err,err,err,err,err,err,err,err,err
12:45:44:231,7.492146281937315,4.1644734394737375,403.4304342049522,0.2367699871323711,-0.36104924644419906,0.041011196000250515,403.5214868352543,14,-21,0
12:45:44:358,8.160635161851367,4.2244045052952925,419.35354865601624,-0.11235474456062719,0.025082305688239832,0.003282469260613721,419.45421720381233,-6,1,0
12:45:44:483,7.359758835894738,4.2941650821282975,403.67441550765875,0.2617268431127618,-0.40814649392713537,0.04909527698193424,403.76433676010197,15,-23,0
12:45:44:607,8.104398266984374,4.12332467944696,418.0298938369287,-0.13911960669374002,-0.022163874088918727,0.004378713914597471,418.1287782717137,-8,-1,0
12:45:44:769,8.118041618752155,4.20166584424199,417.7780320360221,-0.1448456646569383,0.06288155921450474,-0.00195504737405012,417.87802125438714,-8,4,0
12:45:44:888,8.116204100570316,4.310361954447219,420.0077152783976,-0.14864322083020387,0.07665807521388414,-0.0037545806858100906,420.10823948425474,-9,4,-1
12:45:45:016,8.10713017652705,4.164068711110075,421.3402114514137,-0.12489214255000494,0.06509574966114982,0.0019742100451823645,421.4387723191259,-7,4,0
12:45:45:136,8.14732079398525,4.17638377395602,422.49994226062194,-0.13616937148448957,-0.0016339328311248723,0.007095774009453623,422.59912710247795,-8,0,0
12:45:45:261,8.206846728770163,4.247342147974532,424.4679789849321,-0.08942795700137748,0.07867872838301627,0.003385475601949584,424.568554455113,-5,5,0
12:45:45:384,8.17090774924703,4.1844751371593905,423.0860889885826,-0.1275360331084401,0.11535784673513126,0.0005213591121975216,423.1856711436188,-7,7,0
12:45:45:504,8.220612480372157,4.323351740795296,424.5194922039122,-0.15215542939437302,0.028693582281697966,0.005784878450447788,424.6210888555755,-9,2,0
12:45:45:632,8.22025120511684,4.183029381277918,423.0460290371506,-0.13540129261298492,0.06376701501384482,-0.0020975403659795958,423.1465620193334,-8,4,0
12:45:45:752,8.225103698465013,4.368972139725838,425.03042211335725,-0.17702480039669413,0.05178528670272495,0.0044312532883514786,425.13244991445526,-10,3,0
12:45:45:872,8.163010069781443,4.113495670875857,424.33388769650503,-0.1499294657072851,0.0774710654706869,0.0023041815241187555,424.4323312704439,-9,4,0
12:45:46:000,8.228190183113082,4.357845245057563,427.3124580932673,-0.14485888340729175,0.04459558212005804,0.003900430898864208,427.41388696505834,-8,3,0
12:45:46:122,err,err,err,err,err,err,err,err,err,err
12:45:46:243,err,err,err,err,err,err,err,err,err,err
12:45:46:366,8.216018244417532,4.208830181222067,424.656009823028,0.10081648461021342,-0.10654128895352882,-0.002060751984810945,424.7563347215702,6,-6,0
12:45:46:490,8.150454231674221,4.267073733466189,423.57746137377245,-0.19483995359216716,0.05543741005908651,-0.0011907597411815638,423.67735791080355,-11,3,0
12:45:46:615,err,err,err,err,err,err,err,err,err,err
12:45:46:742,8.219542409353805,4.267907635508616,426.8761923975804,-0.15573651152890183,0.04626761582341439,0.004016599783355551,426.97664988715775,-9,3,0
12:45:46:864,8.196663527590426,4.154938311481163,423.9424454023434,-0.11161441387197865,0.08118992791422111,0.003656041317498178,424.0420330805375,-6,5,0
12:45:46:982,8.182184128325273,4.2097726043990304,425.33680536974595,-0.13798671653960415,0.06805975098006876,-0.00017312617670307026,425.4363269922207,-8,4,0
12:45:47:106,8.217627820217956,4.280620531498297,424.64763238977815,-0.18430067473864062,0.05248577124557678,0.004511360912413071,424.74870784190796,-11,3,0
12:45:47:228,8.17090774924703,4.1844751371593905,423.0860889885826,-0.1275360331084401,0.11535784673513126,0.0005213591121975216,423.1856711436188,-7,7,0
12:45:47:349,8.197586666191466,4.2728159151777945,424.03235181140536,-0.19220685903117254,0.08430467347830556,0.001346675476123791,424.1331073680834,-11,5,0
12:45:47:475,8.186478561596426,4.292171810708325,425.54498929119757,-0.17484105955436188,0.06392358753380073,-0.001423888767950146,425.6453677428401,-10,4,0
12:45:47:597,8.236657087989348,4.221165409898089,423.25492376402804,-0.2058831409489755,0.015469466152439737,0.0018996620035468333,423.3561045359994,-12,1,0
12:45:47:725,8.20578355380443,4.231853748319322,424.04934473169004,0.05934091678958073,-0.11414572623785085,-0.00017272571727919498,424.14984408491154,3,-7,0
12:45:47:842,8.21413880135728,4.236700871239414,424.46849020791547,-0.18747161538978732,0.052764471500339284,0.004551317418959488,424.56910025331274,-11,3,0
12:45:47:967,8.230572250243805,4.283208311649666,424.8486407172662,-0.18174006075846602,0.017023329572070953,0.00775634785151527,424.94994494918603,-10,1,0
12:45:48:134,err,err,err,err,err,err,err,err,err,err
12:45:48:252,8.222025157921694,4.200032977592627,424.61799278206803,-0.1492571643661049,0.030907903578088085,0.005763595706615747,424.7183558182796,-9,2,0
12:45:48:414,err,err,err,err,err,err,err,err,err,err
12:45:48:542,8.17090774924703,4.1844751371593905,423.0860889885826,-0.1275360331084401,0.11535784673513126,0.0005213591121975216,423.1856711436188,-7,7,0
12:45:48:662,8.21413880135728,4.236700871239414,424.46849020791547,-0.18747161538978732,0.052764471500339284,0.004551317418959488,424.56910025331274,-11,3,0
12:45:48:786,8.222025157921694,4.200032977592627,424.61799278206803,-0.1492571643661049,0.030907903578088085,0.005763595706615747,424.7183558182796,-9,2,0
12:45:48:911,8.197586666191466,4.2728159151777945,424.03235181140536,-0.19220685903117254,0.08430467347830556,0.001346675476123791,424.1331073680834,-11,5,0
12:45:49:032,8.222025157921694,4.200032977592627,424.61799278206803,-0.1492571643661049,0.030907903578088085,0.005763595706615747,424.7183558182796,-9,2,0
12:45:49:160,8.20578355380443,4.231853748319322,424.04934473169004,0.05934091678958073,-0.11414572623785085,-0.00017272571727919498,424.14984408491154,3,-7,0
12:45:49:277,8.213797721538048,4.350076418165159,424.44459683224625,0.013703019651811577,-0.11543313048694391,0.0033344276193011907,424.5463524963349,1,-7,0
12:45:49:400,8.163129853338148,4.273775585893157,423.3156710149478,0.09137852448848181,-0.01808556623081027,-0.0036559011999298652,423.415941095274,5,-1,0
12:45:49:525,8.18975229620461,4.347826076520219,420.9387841702706,0.00781490047183303,0.024143982825305683,-0.00020276121060966153,421.04089546386166,0,1,0
12:45:49:646,8.15366939816692,4.285470764022077,420.5223625943381,-0.07460819504526994,0.13435717602311373,-0.003043564038062637,420.6232340542399,-4,8,0
12:45:49:772,8.222096593117183,4.237932209373674,420.4077289425167,0.08630043254321847,-0.11061412474812421,0.004016657736620113,420.50947848580347,5,-6,0
12:45:49:892,8.12783346911309,4.205600573394463,421.285381780736,-0.11985458063134467,0.14661234229468514,-0.0012876608510064423,421.38476675744346,-7,8,-1
12:45:50:020,8.124655981332644,4.276649891196209,420.16065807797247,-0.10242390993899876,0.05215662288799203,-0.002626320317260918,420.2609645989284,-6,3,0
12:45:50:137,8.261104468471618,4.324564433250225,420.9806454277128,0.07664364087943322,-0.07328685646384439,0.0009480474978894748,421.0839008194328,4,-4,0
12:45:50:262,8.20358879387193,4.235092420586423,420.0370287351626,-0.09528839323242035,0.06917326445393135,0.0008901002313083528,420.1384776303804,-5,4,0
12:45:50:388,8.1573587348032,4.22290869151704,422.4458841561065,-0.09293874331330038,0.11939433292688453,0.0016472432909943214,422.54573776075375,-5,7,0
12:45:50:509,8.131784274181417,4.249802434773864,421.48509445560717,-0.11535765872305782,0.14508498139879913,-0.001369604746393989,421.5849518003086,-7,8,-1
12:45:50:635,8.225103698465013,4.368972139725838,425.03042211335725,-0.17702480039669413,0.05178528670272495,0.0044312532883514786,425.13244991445526,-10,3,0
12:45:50:753,8.153216977122332,4.178133610855961,422.23736897335783,-0.09957845650067387,0.12112731410329966,0.0017496378430623077,422.3367465720805,-6,7,0
12:45:50:876,8.24659504472949,4.362962903514367,422.3666090335007,0.14871804456786192,-0.05844590692165823,0.003082298851665762,422.46963701736865,9,-3,0
12:45:51:004,8.248886316365917,4.245896315404873,420.49859445977216,-0.06314029656401077,-0.06785377104452976,0.006603651852405941,420.60092689344543,-4,-4,1
12:45:51:123,8.219375616004873,4.287726531705322,423.0218265682296,-0.003319857279785517,-0.07987858954933531,0.004965483749881234,423.1233962893673,0,-5,0
12:45:51:248,8.156626149705433,4.137617712096545,419.3928250668151,-0.15660060319377353,0.042876102923463874,0.00208506690903415,419.4925412304749,-9,2,0
12:45:51:368,8.187818732107619,4.212250970382903,421.82070438409664,-0.11691238259788403,0.0962103113900065,-0.004011033275400611,421.9211894192122,-7,5,-1
12:45:51:494,8.295892093519175,4.2342045412974825,425.80383582480937,-0.018485882654226446,-0.020936431656005672,0.0003159449331994821,425.9056901672553,-1,-1,0
12:45:51:616,8.204487057170045,4.237075607338025,424.2687527029332,-0.15366185500030263,0.07292820610725496,0.002507864731610505,424.36922713325515,-9,4,0
12:45:51:782,8.17090774924703,4.1844751371593905,423.0860889885826,-0.1275360331084401,0.11535784673513126,0.0005213591121975216,423.1856711436188,-7,7,0
12:45:51:909,8.17166576352811,4.22212629570095,423.1077855954321,-0.16831775813909966,0.11640033894679958,-0.0005587130266686488,423.2077512325097,-10,7,-1
12:45:52:027,8.158957620931846,4.152626988218523,423.71546954616446,-0.108505154023035,0.03372389686888937,0.0011875409121728726,423.81436034316965,-6,2,0
12:45:52:151,8.230572250243805,4.283208311649666,424.8486407172662,-0.18174006075846602,0.017023329572070953,0.00775634785151527,424.94994494918603,-10,1,0
12:45:52:270,8.17090774924703,4.1844751371593905,423.0860889885826,-0.1275360331084401,0.11535784673513126,0.0005213591121975216,423.1856711436188,-7,7,0
12:45:52:391,err,err,err,err,err,err,err,err,err,err
12:45:52:516,8.214992016950916,4.195110680062898,424.59596852717493,-0.21616224725499866,0.05698607681743908,0.003212815215993058,424.69615201575147,-12,3,0
12:45:52:640,8.199811653764138,4.149551985125368,424.13908599812385,-0.190529656174807,0.08283711923363961,0.0013303960980948998,424.23863563348203,-11,5,0
12:45:52:765,8.197586666191466,4.2728159151777945,424.03235181140536,-0.19220685903117254,0.08430467347830556,0.001346675476123791,424.1331073680834,-11,5,0
12:45:52:888,8.201553984579542,4.178915421476459,426.4509157930934,-0.16061965666887276,0.08405436112510384,0.0007658779401100007,426.55024604685184,-9,5,0
12:45:53:012,8.186478561596426,4.292171810708325,425.54498929119757,-0.17484105955436188,0.06392358753380073,-0.001423888767950146,425.6453677428401,-10,4,0
12:45:53:174,8.233743543916475,4.23283833294763,426.9131712080919,-0.1017186782983328,-0.012809466731448936,0.005195466975136112,427.0135445206035,-6,-1,0
12:45:53:295,8.198779262215327,4.302498569506605,426.3218441628668,-0.162979500297279,0.0862163727217745,0.0007888138788037486,426.4223801417543,-9,5,0
12:45:53:423,err,err,err,err,err,err,err,err,err,err
12:45:53:584,8.20236838280615,4.279549454242926,424.2973589347045,-0.14798587029204463,0.08620701962750948,0.0024658441459521688,424.39821181242513,-8,5,0
12:45:53:705,8.153216977122332,4.178133610855961,422.23736897335783,-0.09957845650067387,0.12112731410329966,0.0017496378430623077,422.3367465720805,-6,7,0
12:45:53:833,8.207437162410631,4.114224899396105,424.40336188392627,-0.15073394690448047,0.0705501189610811,0.0024784463215738483,424.5026530537549,-9,4,0
12:45:53:952,8.24291452655383,4.1695574817319265,421.67649067494006,-0.11318889880678776,0.051651636668607,0.005112004897718708,421.7776590069919,-6,3,0
12:45:54:074,8.222025157921694,4.200032977592627,424.61799278206803,-0.1492571643661049,0.030907903578088085,0.005763595706615747,424.7183558182796,-9,2,0
12:45:54:202,8.238504179879282,4.185610454709586,423.50677720408834,0.06481551383023805,-0.10311480168839626,0.00552539312185549,423.607580932865,4,-6,0
12:45:54:322,8.196663527590426,4.154938311481163,423.9424454023434,-0.11161441387197865,0.08118992791422111,0.003656041317498178,424.0420330805375,-6,5,0
12:45:54:447,8.21413880135728,4.236700871239414,424.46849020791547,-0.18747161538978732,0.052764471500339284,0.004551317418959488,424.56910025331274,-11,3,0
12:45:54:567,8.248886316365917,4.245896315404873,420.49859445977216,-0.06314029656401077,-0.06785377104452976,0.006603651852405941,420.60092689344543,-4,-4,1
12:45:54:689,8.153216977122332,4.178133610855961,422.23736897335783,-0.09957845650067387,0.12112731410329966,0.0017496378430623077,422.3367465720805,-6,7,0
12:45:54:816,8.291815661190324,4.184226483777436,425.6485314121067,-0.05182079519239846,-0.019020018937630886,0.000565405366696755,425.7498493851876,-3,-1,0
12:45:54:937,8.131784274181417,4.249802434773864,421.48509445560717,-0.11535765872305782,0.14508498139879913,-0.001369604746393989,421.5849518003086,-7,8,-1
12:45:55:064,8.196663527590426,4.154938311481163,423.9424454023434,-0.11161441387197865,0.08118992791422111,0.003656041317498178,424.0420330805375,-6,5,0
12:45:55:183,8.196663527590426,4.154938311481163,423.9424454023434,-0.11161441387197865,0.08118992791422111,0.003656041317498178,424.0420330805375,-6,5,0
12:45:55:309,8.175189352087358,4.229209843141559,423.3052898705788,-0.1216497686373056,0.11405833676250592,0.00042820155066770427,423.40534759170737,-7,7,0
12:45:55:430,8.194272886051316,4.190620089180417,423.88077621361475,-0.15758695087927285,0.08759658997055074,0.0025867311213135426,423.98068334338,-9,5,0
12:45:55:553,8.240209196060787,4.187819689855514,423.39924715894944,-0.12933140735131549,0.012644773900568236,0.0011697272872802807,423.5001314948022,-7,1,0
12:45:55:674,8.194272886051316,4.190620089180417,423.88077621361475,-0.15758695087927285,0.08759658997055074,0.0025867311213135426,423.98068334338,-9,5,0
12:45:55:799,8.17090774924703,4.1844751371593905,423.0860889885826,-0.1275360331084401,0.11535784673513126,0.0005213591121975216,423.1856711436188,-7,7,0
12:45:55:924,8.241952279968093,4.180427947535598,422.854354598167,-0.13837236893344407,-0.035458052943331125,0.004570886133226661,422.9553297428017,-8,-2,0
12:45:56:085,8.22025120511684,4.183029381277918,423.0460290371506,-0.13540129261298492,0.06376701501384482,-0.0020975403659795958,423.1465620193334,-8,4,0
12:45:56:211,8.290215969425361,4.180547052653986,422.8041091924473,-0.1328496156962237,-0.08361655503352348,0.001805663825970429,422.90604087018914,-8,-5,0
12:45:56:330,8.21179038885731,4.207172310419914,420.77060122695383,-0.06734105499241251,-0.08283819219302634,0.0009196944781802594,420.87175321840294,-4,-5,0
12:45:56:451,8.228001552619546,4.178701830596809,422.42307325509665,-0.11077508984306439,-0.012230881457887786,0.0026936991179856676,422.5238624939658,-6,-1,0
12:45:56:578,8.222701163494907,4.251901486104737,421.67898303547565,-0.11647681167461425,-0.055649908441821945,0.002780882635785499,421.7805782803478,-7,-3,0
12:45:56:704,8.245244240173072,4.233449819883422,423.65660634304726,-0.12025758703788686,0.01273705611087033,0.0010838205839049616,423.75798074852264,-7,1,0
12:45:56:824,8.229692297227023,4.210351006710212,424.8282550924205,-0.08716718644477574,0.01940240626401289,0.006821019693171215,424.9288189988735,-5,1,0
12:45:56:945,8.224831417023628,4.228061863687537,423.28016765956284,-0.12821988596858128,0.0630625762050433,-0.0021884392590542953,423.3811813163987,-7,4,0
12:45:57:071,8.194272886051316,4.190620089180417,423.88077621361475,-0.15758695087927285,0.08759658997055074,0.0025867311213135426,423.98068334338,-9,5,0
12:45:57:196,8.228001552619546,4.178701830596809,422.42307325509665,-0.11077508984306439,-0.012230881457887786,0.0026936991179856676,422.5238624939658,-6,-1,0
12:45:57:314,8.201305838196667,4.20057973161727,424.1847412230602,-0.10220873183884824,0.08032156231711668,0.0035322231880610447,424.2848111516695,-6,5,0
12:45:57:441,8.196663527590426,4.154938311481163,423.9424454023434,-0.11161441387197865,0.08118992791422111,0.003656041317498178,424.0420330805375,-6,5,0
12:45:57:562,8.207437162410631,4.114224899396105,424.40336188392627,-0.15073394690448047,0.0705501189610811,0.0024784463215738483,424.5026530537549,-9,4,0
12:45:57:684,8.17090774924703,4.1844751371593905,423.0860889885826,-0.1275360331084401,0.11535784673513126,0.0005213591121975216,423.1856711436188,-7,7,0
12:45:57:852,8.232162651962023,4.224070345736575,422.65875164873046,-0.10199001405629252,-0.00966773359781511,0.002618071553676907,422.76001657852805,-6,-1,0
12:45:57:972,8.224784700804168,4.208219339531336,421.5327961077725,-0.12159557868897984,-0.06755778901945758,0.006134520335797104,421.6340289727824,-7,-4,1
12:45:58:098,8.162662730944504,4.210384293894881,424.7025731183086,-0.07779327441023683,-0.07155075152467552,0.0043108564751382,424.8018738330537,-4,-4,0
12:45:58:217,8.201305838196667,4.20057973161727,424.1847412230602,-0.10220873183884824,0.08032156231711668,0.0035322231880610447,424.2848111516695,-6,5,0
12:45:58:358,8.21413880135728,4.236700871239414,424.46849020791547,-0.18747161538978732,0.052764471500339284,0.004551317418959488,424.56910025331274,-11,3,0
12:45:58:463,8.175189352087358,4.229209843141559,423.3052898705788,-0.1216497686373056,0.11405833676250592,0.00042820155066770427,423.40534759170737,-7,7,0
12:45:58:584,8.169381029024864,4.231466778425329,423.81570427874897,-0.15482512893347425,-0.001491003545801364,0.003292696702358111,423.91555207468656,-9,0,0
12:45:58:713,8.158957620931846,4.152626988218523,423.71546954616446,-0.108505154023035,0.03372389686888937,0.0011875409121728726,423.81436034316965,-6,2,0
12:45:58:876,8.153216977122332,4.178133610855961,422.23736897335783,-0.09957845650067387,0.12112731410329966,0.0017496378430623077,422.3367465720805,-6,7,0
12:45:58:996,8.234265037263103,4.3273728241281795,425.03868553613984,-0.17802182418549892,0.01707321057808501,0.007721101978559099,425.14046323368524,-10,1,0
12:45:59:124,8.307295509295361,4.209959095241556,424.7860815543515,-0.08675760401121302,-0.0008178612683658449,-0.005263033340055674,424.8881617514926,-5,0,0
12:45:59:248,8.234944735885358,4.242910074280084,424.68077673742454,-0.14446728694255326,-0.014658382783923986,0.009033013435669963,424.7818013180458,-8,-1,1
12:45:59:365,8.131784274181417,4.249802434773864,421.48509445560717,-0.11535765872305782,0.14508498139879913,-0.001369604746393989,421.5849518003086,-7,8,-1
12:45:59:493,8.17090774924703,4.1844751371593905,423.0860889885826,-0.1275360331084401,0.11535784673513126,0.0005213591121975216,423.1856711436188,-7,7,0
12:45:59:613,8.228001552619546,4.178701830596809,422.42307325509665,-0.11077508984306439,-0.012230881457887786,0.0026936991179856676,422.5238624939658,-6,-1,0
12:45:59:735,8.17090774924703,4.1844751371593905,423.0860889885826,-0.1275360331084401,0.11535784673513126,0.0005213591121975216,423.1856711436188,-7,7,0
12:45:59:855,8.170130644611763,4.158674547930418,420.89082500719184,-0.12673423263618078,0.12782511942492147,0.004625471529061048,420.9906556967508,-7,7,0
12:45:59:980,8.228001552619546,4.178701830596809,422.42307325509665,-0.11077508984306439,-0.012230881457887786,0.0026936991179856676,422.5238624939658,-6,-1,0
12:46:00:106,8.232162651962023,4.224070345736575,422.65875164873046,-0.10199001405629252,-0.00966773359781511,0.002618071553676907,422.76001657852805,-6,-1,0
12:46:00:224,8.228882312644972,4.252816188390568,421.7476598279791,-0.11564876049991617,-0.066003404017572,0.0061068919334671245,421.8493682821208,-7,-4,1
12:46:00:353,8.151502232530275,4.264395171776739,422.2880463075423,0.10064373736470979,-0.030413406080432505,0.002070364248104576,422.3882409692166,6,-2,0
12:46:00:471,8.196663527590426,4.154938311481163,423.9424454023434,-0.11161441387197865,0.08118992791422111,0.003656041317498178,424.0420330805375,-6,5,0
12:46:00:593,8.235704275137003,4.142842890364915,423.1690026490213,-0.13655924712551756,0.012566137541243404,0.0012384644496193182,423.2694115750501,-8,1,0
12:46:00:760,8.182479897819405,4.162856875032687,421.5006655920042,-0.1546812064211145,0.12627354386322387,0.0034157394995244137,421.60063264793945,-9,7,0
12:46:00:881,8.175006762126477,4.26679558918823,423.1206062049693,-0.1359818144858971,0.09990665211471898,0.0006061057207513282,423.22108132206915,-8,6,0
12:46:01:008,8.201537797655057,4.221753186010408,422.34389962792295,-0.09275156446047678,0.08857544977947715,-0.0009911877460545557,422.44462119327665,-5,5,0
12:46:01:127,8.17166576352811,4.22212629570095,423.1077855954321,-0.16831775813909966,0.11640033894679958,-0.0005587130266686488,423.2077512325097,-10,7,-1
12:46:01:250,8.22025120511684,4.183029381277918,423.0460290371506,-0.13540129261298492,0.06376701501384482,-0.0020975403659795958,423.1465620193334,-8,4,0
12:46:01:420,8.198099899474009,4.234901667517314,424.0793586759738,-0.15312215869902732,0.08707722769421067,0.0025212159673101047,424.1797327656291,-9,5,0
12:46:01:536,8.226429807905511,4.24488363183489,424.84114358198553,-0.14318267614431776,0.030423872220865903,0.005700310278629457,424.94198482202427,-8,2,0
12:46:01:661,8.253178811512381,4.217951256825318,425.15945548754775,-0.06480665135543631,0.09321166598781129,-0.0030367774310641293,425.26047155098706,-4,5,0
12:46:01:788,8.196663527590426,4.154938311481163,423.9424454023434,-0.11161441387197865,0.08118992791422111,0.003656041317498178,424.0420330805375,-6,5,0
12:46:01:946,8.232274324677505,4.321831626300275,424.3308928905462,0.07171373938074077,-0.031195429817207576,0.0024492161558569412,424.4327452382191,4,-2,0
12:46:02:071,8.224831417023628,4.228061863687537,423.28016765956284,-0.12821988596858128,0.0630625762050433,-0.0021884392590542953,423.3811813163987,-7,4,0
12:46:02:194,8.23996510555736,4.303368583641811,422.7731096897432,-0.14162116569155883,-0.0335006348658355,0.004601330428067798,422.87529873810684,-8,-2,0
12:46:02:317,8.153216977122332,4.178133610855961,422.23736897335783,-0.09957845650067387,0.12112731410329966,0.0017496378430623077,422.3367465720805,-6,7,0
12:46:02:439,8.24731458096718,4.326029903014897,422.92189218066443,-0.012121719790886724,-0.0541125838648671,-0.0011870266996885104,423.0244196476047,-1,-3,0
12:46:02:561,8.12783346911309,4.205600573394463,421.285381780736,-0.11985458063134467,0.14661234229468514,-0.0012876608510064423,421.38476675744346,-7,8,-1
12:46:02:690,8.196663527590426,4.154938311481163,423.9424454023434,-0.11161441387197865,0.08118992791422111,0.003656041317498178,424.0420330805375,-6,5,0
12:46:02:811,8.196663527590426,4.154938311481163,423.9424454023434,-0.11161441387197865,0.08118992791422111,0.003656041317498178,424.0420330805375,-6,5,0
12:46:02:935,8.222025157921694,4.200032977592627,424.61799278206803,-0.1492571643661049,0.030907903578088085,0.005763595706615747,424.7183558182796,-9,2,0
12:46:03:057,8.175189352087358,4.229209843141559,423.3052898705788,-0.1216497686373056,0.11405833676250592,0.00042820155066770427,423.40534759170737,-7,7,0
12:46:03:178,8.196663527590426,4.154938311481163,423.9424454023434,-0.11161441387197865,0.08118992791422111,0.003656041317498178,424.0420330805375,-6,5,0
12:46:03:302,8.245244240173072,4.233449819883422,423.65660634304726,-0.12025758703788686,0.01273705611087033,0.0010838205839049616,423.75798074852264,-7,1,0
12:46:03:426,8.20578355380443,4.231853748319322,424.04934473169004,0.05934091678958073,-0.11414572623785085,-0.00017272571727919498,424.14984408491154,3,-7,0
12:46:03:551,8.22168337917599,4.181287445152151,422.6015408823794,-0.1071674531430216,0.020719889421715525,-0.000716221487024931,422.7021901983095,-6,1,0
12:46:03:693,8.307295509295361,4.209959095241556,424.7860815543515,-0.08675760401121302,-0.0008178612683658449,-0.005263033340055674,424.8881617514926,-5,0,0
12:46:03:836,8.17090774924703,4.1844751371593905,423.0860889885826,-0.1275360331084401,0.11535784673513126,0.0005213591121975216,423.1856711436188,-7,7,0
12:46:03:957,8.201305838196667,4.20057973161727,424.1847412230602,-0.10220873183884824,0.08032156231711668,0.0035322231880610447,424.2848111516695,-6,5,0
12:46:04:082,8.12783346911309,4.205600573394463,421.285381780736,-0.11985458063134467,0.14661234229468514,-0.0012876608510064423,421.38476675744346,-7,8,-1
12:46:04:209,8.153216977122332,4.178133610855961,422.23736897335783,-0.09957845650067387,0.12112731410329966,0.0017496378430623077,422.3367465720805,-6,7,0
12:46:04:326,8.17090774924703,4.1844751371593905,423.0860889885826,-0.1275360331084401,0.11535784673513126,0.0005213591121975216,423.1856711436188,-7,7,0
12:46:04:452,8.22025120511684,4.183029381277918,423.0460290371506,-0.13540129261298492,0.06376701501384482,-0.0020975403659795958,423.1465620193334,-8,4,0
12:46:04:574,8.204487057170045,4.237075607338025,424.2687527029332,-0.15366185500030263,0.07292820610725496,0.002507864731610505,424.36922713325515,-9,4,0
12:46:04:696,8.196663527590426,4.154938311481163,423.9424454023434,-0.11161441387197865,0.08118992791422111,0.003656041317498178,424.0420330805375,-6,5,0
12:46:04:862,8.130640332131374,4.270169088485055,422.9447766628293,0.09440991979994906,0.08269400794186875,0.001853975393310322,423.0444725588851,5,5,0
12:46:04:982,8.196663527590426,4.154938311481163,423.9424454023434,-0.11161441387197865,0.08118992791422111,0.003656041317498178,424.0420330805375,-6,5,0
12:46:05:103,8.204487057170045,4.237075607338025,424.2687527029332,-0.15366185500030263,0.07292820610725496,0.002507864731610505,424.36922713325515,-9,4,0
12:46:05:232,8.232274324677505,4.321831626300275,424.3308928905462,0.07171373938074077,-0.031195429817207576,0.0024492161558569412,424.4327452382191,4,-2,0
12:46:05:351,8.22432638216995,4.221277200342225,422.8558245115186,-0.14381588883230387,0.03915668036273713,0.0013286431857638282,422.956861924427,-8,2,0
12:46:05:478,8.131784274181417,4.249802434773864,421.48509445560717,-0.11535765872305782,0.14508498139879913,-0.001369604746393989,421.5849518003086,-7,8,-1
12:46:05:600,8.233743543916475,4.23283833294763,426.9131712080919,-0.1017186782983328,-0.012809466731448936,0.005195466975136112,427.0135445206035,-6,-1,0
12:46:05:724,8.167278940626314,4.181212926979477,425.370778581949,-0.05037161589808948,-0.04369228139063728,0.0007265181321081751,425.46972425573153,-3,-3,0
12:46:05:846,8.153216977122332,4.178133610855961,422.23736897335783,-0.09957845650067387,0.12112731410329966,0.0017496378430623077,422.3367465720805,-6,7,0
12:46:05:966,8.17328045681467,4.21487018862887,421.1075610475846,0.11919207186563514,-0.02550672246724362,0.007662668914135803,421.2079600572358,7,-1,0
12:46:06:095,8.236114480395395,4.262591410132725,425.23399925043987,-0.05226778151815955,0.02538122730864282,0.006458611395742835,425.33511186567586,-3,1,0
12:46:06:212,8.128621578807675,4.129562592346998,422.14261973871555,-0.14779091678617937,0.043899182185732834,0.00390676955004188,422.2410676092999,-8,3,0
12:46:06:339,8.235704275137003,4.142842890364915,423.1690026490213,-0.13655924712551756,0.012566137541243404,0.0012384644496193182,423.2694115750501,-8,1,0
12:46:06:457,8.235704275137003,4.142842890364915,423.1690026490213,-0.13655924712551756,0.012566137541243404,0.0012384644496193182,423.2694115750501,-8,1,0
12:46:06:583,8.303439895561533,4.3245246572685865,424.2272993449933,-0.11146434030432897,-0.02219073034025313,-0.0016727179357509266,424.33059062146,-6,-1,0
12:46:06:710,8.236508176001594,4.270467904740672,422.9344326838086,-0.09033810425164138,-0.004429557230110987,0.002504823774250774,423.0361820372269,-5,0,0
12:46:06:828,8.222025157921694,4.200032977592627,424.61799278206803,-0.1492571643661049,0.030907903578088085,0.005763595706615747,424.7183558182796,-9,2,0
12:46:06:952,8.239710413291377,4.280852160565568,424.5662758812093,0.06423207941524314,0.10388810504140503,0.0018097697612527303,424.66780092038374,4,6,0
12:46:07:073,8.17090774924703,4.1844751371593905,423.0860889885826,-0.1275360331084401,0.11535784673513126,0.0005213591121975216,423.1856711436188,-7,7,0
12:46:07:198,8.232162651962023,4.224070345736575,422.65875164873046,-0.10199001405629252,-0.00966773359781511,0.002618071553676907,422.76001657852805,-6,-1,0
12:46:07:321,8.196663527590426,4.154938311481163,423.9424454023434,-0.11161441387197865,0.08118992791422111,0.003656041317498178,424.0420330805375,-6,5,0
12:46:07:443,8.204487057170045,4.237075607338025,424.2687527029332,-0.15366185500030263,0.07292820610725496,0.002507864731610505,424.36922713325515,-9,4,0
12:46:07:565,8.149113275556902,4.1925799006767654,419.94903548275465,-0.09738078196828445,-0.07245095364368079,-0.0014300225457718678,420.0490187779247,-6,-4,0
12:46:07:689,8.196663527590426,4.154938311481163,423.9424454023434,-0.11161441387197865,0.08118992791422111,0.003656041317498178,424.0420330805375,-6,5,0
12:46:07:815,8.17090774924703,4.1844751371593905,423.0860889885826,-0.1275360331084401,0.11535784673513126,0.0005213591121975216,423.1856711436188,-7,7,0
12:46:07:934,8.222025157921694,4.200032977592627,424.61799278206803,-0.1492571643661049,0.030907903578088085,0.005763595706615747,424.7183558182796,-9,2,0
12:46:08:057,8.248132269754475,4.118875058664896,421.38065125916927,-0.16790638198823435,-0.030153658217134182,-0.0012454818870276897,421.4814943426222,-10,-2,0
12:46:08:277,8.17166576352811,4.22212629570095,423.1077855954321,-0.16831775813909966,0.11640033894679958,-0.0005587130266686488,423.2077512325097,-10,7,-1
12:46:08:396,8.12783346911309,4.205600573394463,421.285381780736,-0.11985458063134467,0.14661234229468514,-0.0012876608510064423,421.38476675744346,-7,8,-1
12:46:08:522,8.175189352087358,4.229209843141559,423.3052898705788,-0.1216497686373056,0.11405833676250592,0.00042820155066770427,423.40534759170737,-7,7,0
12:46:08:671,8.12783346911309,4.205600573394463,421.285381780736,-0.11985458063134467,0.14661234229468514,-0.0012876608510064423,421.38476675744346,-7,8,-1
12:46:08:793,8.206846728770163,4.247342147974532,424.4679789849321,-0.08942795700137748,0.07867872838301627,0.003385475601949584,424.568554455113,-5,5,0
12:46:08:922,8.172749525848719,4.240289609959025,423.45571125096666,-0.05999100950364814,0.12169477617792737,-0.0017185550087393548,423.55579712931643,-3,7,0
12:46:09:041,8.12783346911309,4.205600573394463,421.285381780736,-0.11985458063134467,0.14661234229468514,-0.0012876608510064423,421.38476675744346,-7,8,-1
12:46:09:162,8.250319677105644,4.128474277911955,422.06234585057257,-0.14988718051197653,0.04834823928913142,0.0038710479379517482,422.1631626036622,-9,3,0
12:46:09:289,8.196663527590426,4.154938311481163,423.9424454023434,-0.11161441387197865,0.08118992791422111,0.003656041317498178,424.0420330805375,-6,5,0
12:46:09:410,8.207505830244328,4.288882474579365,422.1502410160036,0.04563538447203458,-0.09975383203846791,0.0015702779243512977,422.2518012450677,3,-6,0
12:46:09:548,8.243033801218125,4.194054006042481,423.6809919863749,-0.10616353336553014,0.055763894564127066,0.009435886135461377,423.78192583664105,-6,3,0
12:46:09:699,8.222025157921694,4.200032977592627,424.61799278206803,-0.1492571643661049,0.030907903578088085,0.005763595706615747,424.7183558182796,-9,2,0
12:46:09:823,8.224784700804168,4.208219339531336,421.5327961077725,-0.12159557868897984,-0.06755778901945758,0.006134520335797104,421.6340289727824,-7,-4,1
12:46:09:947,8.175274503944712,4.2660581500014425,423.29359099063845,-0.16495039281730947,0.11564877227010106,-0.0006184154443725614,423.3940227956743,-9,7,-1
12:46:10:067,8.182479897819405,4.162856875032687,421.5006655920042,-0.1546812064211145,0.12627354386322387,0.0034157394995244137,421.60063264793945,-9,7,0
12:46:10:228,8.257656418300591,4.253571551235746,420.7156674659743,-0.034848650589548655,-0.11924782396588196,-0.005086948176587964,420.81819662629186,-2,-7,0
12:46:10:356,8.201305838196667,4.20057973161727,424.1847412230602,-0.10220873183884824,0.08032156231711668,0.0035322231880610447,424.2848111516695,-6,5,0
12:46:10:480,8.12783346911309,4.205600573394463,421.285381780736,-0.11985458063134467,0.14661234229468514,-0.0012876608510064423,421.38476675744346,-7,8,-1
12:46:10:600,8.204487057170045,4.237075607338025,424.2687527029332,-0.15366185500030263,0.07292820610725496,0.002507864731610505,424.36922713325515,-9,4,0
12:46:10:730,8.22168337917599,4.181287445152151,422.6015408823794,-0.1071674531430216,0.020719889421715525,-0.000716221487024931,422.7021901983095,-6,1,0
12:46:10:847,8.204487057170045,4.237075607338025,424.2687527029332,-0.15366185500030263,0.07292820610725496,0.002507864731610505,424.36922713325515,-9,4,0
12:46:10:973,8.17090774924703,4.1844751371593905,423.0860889885826,-0.1275360331084401,0.11535784673513126,0.0005213591121975216,423.1856711436188,-7,7,0
12:46:11:093,8.22168337917599,4.181287445152151,422.6015408823794,-0.1071674531430216,0.020719889421715525,-0.000716221487024931,422.7021901983095,-6,1,0
12:46:11:216,8.196663527590426,4.154938311481163,423.9424454023434,-0.11161441387197865,0.08118992791422111,0.003656041317498178,424.0420330805375,-6,5,0
12:46:11:339,8.187818732107619,4.212250970382903,421.82070438409664,-0.11691238259788403,0.0962103113900065,-0.004011033275400611,421.9211894192122,-7,5,-1
12:46:11:464,8.17166576352811,4.22212629570095,423.1077855954321,-0.16831775813909966,0.11640033894679958,-0.0005587130266686488,423.2077512325097,-10,7,-1
12:46:11:588,8.167353038771017,4.291749876065894,425.2027493071858,-0.13683741928419463,0.12513083157407467,-0.0012113623822853563,425.30283656595583,-8,7,-1
12:46:11:751,8.153216977122332,4.178133610855961,422.23736897335783,-0.09957845650067387,0.12112731410329966,0.0017496378430623077,422.3367465720805,-6,7,0
12:46:11:870,7.778568275962008,4.269037051050056,416.4396998666107,0.20611483136475978,-0.2893597351716986,0.032972723748699674,416.5342175941369,12,-17,0
12:46:11:994,8.196663527590426,4.154938311481163,423.9424454023434,-0.11161441387197865,0.08118992791422111,0.003656041317498178,424.0420330805375,-6,5,0
12:46:12:115,8.17166576352811,4.22212629570095,423.1077855954321,-0.16831775813909966,0.11640033894679958,-0.0005587130266686488,423.2077512325097,-10,7,-1
12:46:12:246,8.247356953401372,4.215113595883898,421.91732720841463,-0.10289223173444093,0.05228432064669939,0.004991021504495876,422.0189771539136,-6,3,0
12:46:12:366,8.172192627680532,4.290699712094857,422.06274398308113,-0.18689703827352244,-0.002643940419036192,-0.0024827830547827744,422.1636586620066,-11,0,0
12:46:12:487,8.12783346911309,4.205600573394463,421.285381780736,-0.11985458063134467,0.14661234229468514,-0.0012876608510064423,421.38476675744346,-7,8,-1
12:46:12:611,8.196663527590426,4.154938311481163,423.9424454023434,-0.11161441387197865,0.08118992791422111,0.003656041317498178,424.0420330805375,-6,5,0
12:46:12:733,8.291815661190324,4.184226483777436,425.6485314121067,-0.05182079519239846,-0.019020018937630886,0.000565405366696755,425.7498493851876,-3,-1,0
12:46:12:858,8.153216977122332,4.178133610855961,422.23736897335783,-0.09957845650067387,0.12112731410329966,0.0017496378430623077,422.3367465720805,-6,7,0
12:46:12:976,8.172414464728627,4.212668099446513,421.7437257756402,-0.10540904190475829,-0.027937209538400953,-0.0031295221406257576,421.8439346035662,-6,-2,0
12:46:13:136,8.201305838196667,4.20057973161727,424.1847412230602,-0.10220873183884824,0.08032156231711668,0.0035322231880610447,424.2848111516695,-6,5,0
12:46:13:269,8.12783346911309,4.205600573394463,421.285381780736,-0.11985458063134467,0.14661234229468514,-0.0012876608510064423,421.38476675744346,-7,8,-1
12:46:13:388,8.229373875460569,4.284625114139569,424.2317953206259,-0.10021274647453898,-0.03173183370354506,0.007020720815041179,424.33323787762873,-6,-2,0
12:46:13:514,8.236155638392361,4.225306363148855,423.4099619623409,-0.17080055451154164,0.02749979891716985,-9.150284549227296e-05,423.511137235508,-10,2,0
12:46:13:637,8.201305838196667,4.20057973161727,424.1847412230602,-0.10220873183884824,0.08032156231711668,0.0035322231880610447,424.2848111516695,-6,5,0
12:46:13:760,8.224823387938576,4.288598208206037,423.4039515601132,-0.02039189087033435,-0.09408698512006944,-0.001068744573118393,423.5055442270773,-1,-5,0
12:46:13:906,8.17090774924703,4.1844751371593905,423.0860889885826,-0.1275360331084401,0.11535784673513126,0.0005213591121975216,423.1856711436188,-7,7,0
12:46:14:075,8.201537797655057,4.221753186010408,422.34389962792295,-0.09275156446047678,0.08857544977947715,-0.0009911877460545557,422.44462119327665,-5,5,0
12:46:14:211,8.203273105215224,4.193351920427598,424.316398992586,-0.18764383381646213,0.08231093615226226,0.001285511254397585,424.41640442377195,-11,5,0
12:46:14:334,8.153216977122332,4.178133610855961,422.23736897335783,-0.09957845650067387,0.12112731410329966,0.0017496378430623077,422.3367465720805,-6,7,0
12:46:14:455,8.12783346911309,4.205600573394463,421.285381780736,-0.11985458063134467,0.14661234229468514,-0.0012876608510064423,421.38476675744346,-7,8,-1
12:46:14:579,8.181586065810887,4.200743666383141,421.4481871885514,-0.19037889300541816,0.12847618137908232,0.0022946079699335646,421.5485251811696,-11,7,-1
12:46:14:703,8.182479897819405,4.162856875032687,421.5006655920042,-0.1546812064211145,0.12627354386322387,0.0034157394995244137,421.60063264793945,-9,7,0
12:46:14:823,8.236958619161765,4.303698624675236,423.0762862383099,-0.1776179485062061,0.0029067424130928784,0.003284725092238207,423.1783469015707,-10,0,0
12:46:14:951,8.196663527590426,4.154938311481163,423.9424454023434,-0.11161441387197865,0.08118992791422111,0.003656041317498178,424.0420330805375,-6,5,0
12:46:15:072,8.17090774924703,4.1844751371593905,423.0860889885826,-0.1275360331084401,0.11535784673513126,0.0005213591121975216,423.1856711436188,-7,7,0
12:46:15:192,err,err,err,err,err,err,err,err,err,err
12:46:15:317,8.222025157921694,4.200032977592627,424.61799278206803,-0.1492571643661049,0.030907903578088085,0.005763595706615747,424.7183558182796,-9,2,0
12:46:15:437,8.17090774924703,4.1844751371593905,423.0860889885826,-0.1275360331084401,0.11535784673513126,0.0005213591121975216,423.1856711436188,-7,7,0
12:46:15:562,8.21179038885731,4.207172310419914,420.77060122695383,-0.06734105499241251,-0.08283819219302634,0.0009196944781802594,420.87175321840294,-4,-5,0
12:46:15:689,8.229692297227023,4.210351006710212,424.8282550924205,-0.08716718644477574,0.01940240626401289,0.006821019693171215,424.9288189988735,-5,1,0
12:46:15:806,8.12783346911309,4.205600573394463,421.285381780736,-0.11985458063134467,0.14661234229468514,-0.0012876608510064423,421.38476675744346,-7,8,-1
12:46:15:936,8.196663527590426,4.154938311481163,423.9424454023434,-0.11161441387197865,0.08118992791422111,0.003656041317498178,424.0420330805375,-6,5,0
12:46:16:060,8.235458949798842,4.149980410887247,420.3567454157505,-0.14824956654492455,-0.05776335454825641,0.0002728300513172725,420.45789151595983,-9,-3,0
12:46:16:183,8.263724967552381,4.218301496475432,422.0836105782501,-0.0947234461312356,-0.007037206119305505,0.005008452229219561,422.1855723927884,-5,0,0
12:46:16:300,8.131784274181417,4.249802434773864,421.48509445560717,-0.11535765872305782,0.14508498139879913,-0.001369604746393989,421.5849518003086,-7,8,-1
12:46:16:426,8.196663527590426,4.154938311481163,423.9424454023434,-0.11161441387197865,0.08118992791422111,0.003656041317498178,424.0420330805375,-6,5,0
12:46:16:647,8.232162651962023,4.224070345736575,422.65875164873046,-0.10199001405629252,-0.00966773359781511,0.002618071553676907,422.76001657852805,-6,-1,0
12:46:16:802,8.207437162410631,4.114224899396105,424.40336188392627,-0.15073394690448047,0.0705501189610811,0.0024784463215738483,424.5026530537549,-9,4,0
12:46:16:917,8.153216977122332,4.178133610855961,422.23736897335783,-0.09957845650067387,0.12112731410329966,0.0017496378430623077,422.3367465720805,-6,7,0
12:46:17:042,8.228001552619546,4.178701830596809,422.42307325509665,-0.11077508984306439,-0.012230881457887786,0.0026936991179856676,422.5238624939658,-6,-1,0
12:46:17:211,8.12783346911309,4.205600573394463,421.285381780736,-0.11985458063134467,0.14661234229468514,-0.0012876608510064423,421.38476675744346,-7,8,-1
12:46:17:331,8.153216977122332,4.178133610855961,422.23736897335783,-0.09957845650067387,0.12112731410329966,0.0017496378430623077,422.3367465720805,-6,7,0
12:46:17:452,8.17090774924703,4.1844751371593905,423.0860889885826,-0.1275360331084401,0.11535784673513126,0.0005213591121975216,423.1856711436188,-7,7,0
12:46:17:571,8.196663527590426,4.154938311481163,423.9424454023434,-0.11161441387197865,0.08118992791422111,0.003656041317498178,424.0420330805375,-6,5,0
12:46:17:694,8.234622112606989,4.167548514832629,425.2320433123137,-0.13094974013235605,0.026924480750414127,0.00558263112561144,425.33218561675574,-8,2,0
12:46:17:817,8.12783346911309,4.205600573394463,421.285381780736,-0.11985458063134467,0.14661234229468514,-0.0012876608510064423,421.38476675744346,-7,8,-1
12:46:17:944,8.17090774924703,4.1844751371593905,423.0860889885826,-0.1275360331084401,0.11535784673513126,0.0005213591121975216,423.1856711436188,-7,7,0
12:46:18:064,8.201305838196667,4.20057973161727,424.1847412230602,-0.10220873183884824,0.08032156231711668,0.0035322231880610447,424.2848111516695,-6,5,0
12:46:18:188,8.128621578807675,4.129562592346998,422.14261973871555,-0.14779091678617937,0.043899182185732834,0.00390676955004188,422.2410676092999,-8,3,0
12:46:18:311,8.153216977122332,4.178133610855961,422.23736897335783,-0.09957845650067387,0.12112731410329966,0.0017496378430623077,422.3367465720805,-6,7,0
12:46:18:432,8.22168337917599,4.181287445152151,422.6015408823794,-0.1071674531430216,0.020719889421715525,-0.000716221487024931,422.7021901983095,-6,1,0
12:46:18:556,8.22263268432594,4.213742455313583,425.2472442551311,-0.09807411359830628,0.05420292052211173,-0.002708497337978755,425.3476061532781,-6,3,0
12:46:18:678,8.17166576352811,4.22212629570095,423.1077855954321,-0.16831775813909966,0.11640033894679958,-0.0005587130266686488,423.2077512325097,-10,7,-1
12:46:18:803,8.201537797655057,4.221753186010408,422.34389962792295,-0.09275156446047678,0.08857544977947715,-0.0009911877460545557,422.44462119327665,-5,5,0
12:46:18:922,8.175189352087358,4.229209843141559,423.3052898705788,-0.1216497686373056,0.11405833676250592,0.00042820155066770427,423.40534759170737,-7,7,0
12:46:19:042,8.161853476659132,4.218846673646808,422.605516110451,-0.14006254818557598,0.11666881569276193,0.0006758206051078026,422.7053782085234,-8,7,0
12:46:19:171,8.17090774924703,4.1844751371593905,423.0860889885826,-0.1275360331084401,0.11535784673513126,0.0005213591121975216,423.1856711436188,-7,7,0
12:46:19:294,8.196663527590426,4.154938311481163,423.9424454023434,-0.11161441387197865,0.08118992791422111,0.003656041317498178,424.0420330805375,-6,5,0
12:46:19:418,8.170130644611763,4.158674547930418,420.89082500719184,-0.12673423263618078,0.12782511942492147,0.004625471529061048,420.9906556967508,-7,7,0
12:46:19:539,8.139559979719868,4.189393053585731,423.34373687438176,-0.11170287022292162,0.07881163640354012,-0.002148697433259538,423.44270332783714,-6,4,0
12:46:19:662,8.22168337917599,4.181287445152151,422.6015408823794,-0.1071674531430216,0.020719889421715525,-0.000716221487024931,422.7021901983095,-6,1,0
12:46:19:795,8.164971365731667,4.200820399115611,424.0607666751583,-0.09008826070890628,0.036121297384234294,0.0009878396214848774,424.1601672511834,-5,2,0
12:46:19:950,8.130640332131374,4.270169088485055,422.9447766628293,0.09440991979994906,0.08269400794186875,0.001853975393310322,423.0444725588851,5,5,0
12:46:20:079,8.23586635742985,4.2588281839093,422.5577544648579,-0.1469281681257242,-0.03464327686630212,0.004646304906749125,422.6594645462712,-8,-2,0
12:46:20:200,8.158957620931846,4.152626988218523,423.71546954616446,-0.108505154023035,0.03372389686888937,0.0011875409121728726,423.81436034316965,-6,2,0
12:46:20:323,8.229692297227023,4.210351006710212,424.8282550924205,-0.08716718644477574,0.01940240626401289,0.006821019693171215,424.9288189988735,-5,1,0
12:46:20:443,8.196663527590426,4.154938311481163,423.9424454023434,-0.11161441387197865,0.08118992791422111,0.003656041317498178,424.0420330805375,-6,5,0
12:46:20:565,8.196663527590426,4.154938311481163,423.9424454023434,-0.11161441387197865,0.08118992791422111,0.003656041317498178,424.0420330805375,-6,5,0
12:46:20:693,8.206846728770163,4.247342147974532,424.4679789849321,-0.08942795700137748,0.07867872838301627,0.003385475601949584,424.568554455113,-5,5,0
12:46:20:810,8.196663527590426,4.154938311481163,423.9424454023434,-0.11161441387197865,0.08118992791422111,0.003656041317498178,424.0420330805375,-6,5,0
12:46:20:931,8.22263268432594,4.213742455313583,425.2472442551311,-0.09807411359830628,0.05420292052211173,-0.002708497337978755,425.3476061532781,-6,3,0
12:46:21:080,8.253178811512381,4.217951256825318,425.15945548754775,-0.06480665135543631,0.09321166598781129,-0.0030367774310641293,425.26047155098706,-4,5,0
12:46:21:220,8.24291452655383,4.1695574817319265,421.67649067494006,-0.11318889880678776,0.051651636668607,0.005112004897718708,421.7776590069919,-6,3,0
12:46:21:455,8.21535885425615,4.328538765631651,424.48476279102954,-0.10452273514804346,0.042718557513021845,0.0036052731302034674,424.58631891607905,-6,2,0
12:46:21:641,8.169014346534349,4.285462276661761,421.09709294802263,-0.12332974941240755,0.12025650804724941,-0.003943448792903125,421.19812401243456,-7,7,-1
12:46:21:757,8.22025120511684,4.183029381277918,423.0460290371506,-0.13540129261298492,0.06376701501384482,-0.0020975403659795958,423.1465620193334,-8,4,0
12:46:21:922,8.196663527590426,4.154938311481163,423.9424454023434,-0.11161441387197865,0.08118992791422111,0.003656041317498178,424.0420330805375,-6,5,0
12:46:22:048,8.196663527590426,4.154938311481163,423.9424454023434,-0.11161441387197865,0.08118992791422111,0.003656041317498178,424.0420330805375,-6,5,0
12:46:22:163,8.175189352087358,4.229209843141559,423.3052898705788,-0.1216497686373056,0.11405833676250592,0.00042820155066770427,423.40534759170737,-7,7,0
12:46:22:286,8.196663527590426,4.154938311481163,423.9424454023434,-0.11161441387197865,0.08118992791422111,0.003656041317498178,424.0420330805375,-6,5,0
12:46:22:409,8.261104468471618,4.324564433250225,420.9806454277128,0.07664364087943322,-0.07328685646384439,0.0009480474978894748,421.0839008194328,4,-4,0
12:46:22:536,8.232162651962023,4.224070345736575,422.65875164873046,-0.10199001405629252,-0.00966773359781511,0.002618071553676907,422.76001657852805,-6,-1,0
12:46:22:695,8.230572250243805,4.283208311649666,424.8486407172662,-0.18174006075846602,0.017023329572070953,0.00775634785151527,424.94994494918603,-10,1,0
12:46:22:814,8.238497596865011,4.102294630777814,423.5149345516733,-0.1683019107780582,0.025562634492326826,-0.00011862925145969716,423.61492118691876,-10,1,0
12:46:22:944,8.224784700804168,4.208219339531336,421.5327961077725,-0.12159557868897984,-0.06755778901945758,0.006134520335797104,421.6340289727824,-7,-4,1
12:46:23:064,8.201537797655057,4.221753186010408,422.34389962792295,-0.09275156446047678,0.08857544977947715,-0.0009911877460545557,422.44462119327665,-5,5,0
12:46:23:199,8.243033801218125,4.194054006042481,423.6809919863749,-0.10616353336553014,0.055763894564127066,0.009435886135461377,423.78192583664105,-6,3,0
12:46:23:313,8.22025120511684,4.183029381277918,423.0460290371506,-0.13540129261298492,0.06376701501384482,-0.0020975403659795958,423.1465620193334,-8,4,0
12:46:23:436,8.23628315945459,4.170620521795855,426.01524581601035,0.055998733075343775,-0.0845692582445349,0.00123901965005936,426.1152662173643,3,-5,0
12:46:23:560,8.220214749253183,4.188953950644162,425.10051828537127,0.003012902060932811,-0.0938462785427726,0.003210415251626938,425.2006231324405,0,-5,0
12:46:23:679,8.201305838196667,4.20057973161727,424.1847412230602,-0.10220873183884824,0.08032156231711668,0.0035322231880610447,424.2848111516695,-6,5,0
12:46:23:806,8.196663527590426,4.154938311481163,423.9424454023434,-0.11161441387197865,0.08118992791422111,0.003656041317498178,424.0420330805375,-6,5,0
12:46:23:925,8.269367622261772,4.175396867574865,422.44322082915204,-0.1395036596140886,0.003529485050406399,0.00706381808024098,422.5447801173049,-8,0,0
12:46:24:053,8.22025120511684,4.183029381277918,423.0460290371506,-0.13540129261298492,0.06376701501384482,-0.0020975403659795958,423.1465620193334,-8,4,0
12:46:24:173,err,err,err,err,err,err,err,err,err,err
12:46:24:293,8.153216977122332,4.178133610855961,422.23736897335783,-0.09957845650067387,0.12112731410329966,0.0017496378430623077,422.3367465720805,-6,7,0
12:46:24:420,8.175189352087358,4.229209843141559,423.3052898705788,-0.1216497686373056,0.11405833676250592,0.00042820155066770427,423.40534759170737,-7,7,0
12:46:24:567,8.17090774924703,4.1844751371593905,423.0860889885826,-0.1275360331084401,0.11535784673513126,0.0005213591121975216,423.1856711436188,-7,7,0
12:46:24:705,8.17090774924703,4.1844751371593905,423.0860889885826,-0.1275360331084401,0.11535784673513126,0.0005213591121975216,423.1856711436188,-7,7,0
12:46:24:830,8.240077189073283,4.269505814508515,423.60864724958384,-0.16646759238496825,0.02722499706625923,-0.00013782609082939987,423.71029439536204,-10,2,0
12:46:24:954,8.240077189073283,4.269505814508515,423.60864724958384,-0.16646759238496825,0.02722499706625923,-0.00013782609082939987,423.71029439536204,-10,2,0
12:46:25:079,8.162846065839531,4.158747046705431,420.95465349583185,-0.1316306082364273,-0.045497349452253484,0.00039494591924848864,421.0543284811224,-8,-3,0
12:46:25:199,8.196663527590426,4.154938311481163,423.9424454023434,-0.11161441387197865,0.08118992791422111,0.003656041317498178,424.0420330805375,-6,5,0
12:46:25:323,err,err,err,err,err,err,err,err,err,err
12:46:25:445,8.1365868266369,4.247431249061726,421.6527158588286,-0.15529223389600197,0.1422445901081643,-0.002401594570152829,421.75260225460255,-9,8,-1
12:46:25:564,8.196663527590426,4.154938311481163,423.9424454023434,-0.11161441387197865,0.08118992791422111,0.003656041317498178,424.0420330805375,-6,5,0
12:46:25:733,8.12783346911309,4.205600573394463,421.285381780736,-0.11985458063134467,0.14661234229468514,-0.0012876608510064423,421.38476675744346,-7,8,-1
12:46:25:854,8.167058597977963,4.203392668357146,421.1813848784247,-0.12543584892160642,-0.043715381200519626,0.00035642808659621793,421.28153095545844,-7,-2,0
12:46:25:979,8.196663527590426,4.154938311481163,423.9424454023434,-0.11161441387197865,0.08118992791422111,0.003656041317498178,424.0420330805375,-6,5,0
12:46:26:110,8.196663527590426,4.154938311481163,423.9424454023434,-0.11161441387197865,0.08118992791422111,0.003656041317498178,424.0420330805375,-6,5,0
12:46:26:339,8.12783346911309,4.205600573394463,421.285381780736,-0.11985458063134467,0.14661234229468514,-0.0012876608510064423,421.38476675744346,-7,8,-1
12:46:26:473,8.196663527590426,4.154938311481163,423.9424454023434,-0.11161441387197865,0.08118992791422111,0.003656041317498178,424.0420330805375,-6,5,0
12:46:26:602,8.139559979719868,4.189393053585731,423.34373687438176,-0.11170287022292162,0.07881163640354012,-0.002148697433259538,423.44270332783714,-6,4,0
12:46:26:724,8.208045280899452,4.134022039987958,422.42928364251816,-0.13818902042246772,0.09785553001031932,0.006481857157931119,422.5292437504077,-8,6,0
12:46:26:840,8.153216977122332,4.178133610855961,422.23736897335783,-0.09957845650067387,0.12112731410329966,0.0017496378430623077,422.3367465720805,-6,7,0
12:46:27:167,8.161853476659132,4.218846673646808,422.605516110451,-0.14006254818557598,0.11666881569276193,0.0006758206051078026,422.7053782085234,-8,7,0
12:46:27:350,8.236508176001594,4.270467904740672,422.9344326838086,-0.09033810425164138,-0.004429557230110987,0.002504823774250774,423.0361820372269,-5,0,0
12:46:27:496,8.228001552619546,4.178701830596809,422.42307325509665,-0.11077508984306439,-0.012230881457887786,0.0026936991179856676,422.5238624939658,-6,-1,0
12:46:27:620,8.229121444152089,4.180815903958548,423.17710440313743,-0.17453194913433712,0.04117636412894117,-9.196192487593528e-06,423.27775674182226,-10,2,0
12:46:27:741,8.207565302431986,4.194936311718995,424.45216622355974,-0.18758393188883643,0.07268498657605331,0.0012462999399066993,424.55223828255276,-11,4,0
12:46:27:864,8.150180782319982,4.1936450464754005,420.4862717970321,-0.1380611216721178,-0.02008611301404906,0.0027406703239050284,420.58615868253185,-8,-1,0
12:46:27:986,8.128621578807675,4.129562592346998,422.14261973871555,-0.14779091678617937,0.043899182185732834,0.00390676955004188,422.2410676092999,-8,3,0
12:46:28:111,8.228001552619546,4.178701830596809,422.42307325509665,-0.11077508984306439,-0.012230881457887786,0.0026936991179856676,422.5238624939658,-6,-1,0
12:46:28:238,8.194272886051316,4.190620089180417,423.88077621361475,-0.15758695087927285,0.08759658997055074,0.0025867311213135426,423.98068334338,-9,5,0
12:46:28:386,8.196663527590426,4.154938311481163,423.9424454023434,-0.11161441387197865,0.08118992791422111,0.003656041317498178,424.0420330805375,-6,5,0
12:46:28:518,8.153216977122332,4.178133610855961,422.23736897335783,-0.09957845650067387,0.12112731410329966,0.0017496378430623077,422.3367465720805,-6,7,0
12:46:28:645,8.201305838196667,4.20057973161727,424.1847412230602,-0.10220873183884824,0.08032156231711668,0.0035322231880610447,424.2848111516695,-6,5,0
12:46:28:767,8.196663527590426,4.154938311481163,423.9424454023434,-0.11161441387197865,0.08118992791422111,0.003656041317498178,424.0420330805375,-6,5,0
12:46:28:946,8.250319677105644,4.128474277911955,422.06234585057257,-0.14988718051197653,0.04834823928913142,0.0038710479379517482,422.1631626036622,-9,3,0
12:46:29:092,8.232162651962023,4.224070345736575,422.65875164873046,-0.10199001405629252,-0.00966773359781511,0.002618071553676907,422.76001657852805,-6,-1,0
12:46:29:223,8.201537797655057,4.221753186010408,422.34389962792295,-0.09275156446047678,0.08857544977947715,-0.0009911877460545557,422.44462119327665,-5,5,0
12:46:29:344,8.23586635742985,4.2588281839093,422.5577544648579,-0.1469281681257242,-0.03464327686630212,0.004646304906749125,422.6594645462712,-8,-2,0
12:46:29:461,8.201305838196667,4.20057973161727,424.1847412230602,-0.10220873183884824,0.08032156231711668,0.0035322231880610447,424.2848111516695,-6,5,0
12:46:29:585,8.199144254292923,4.125802271291572,421.8214160969079,-0.14855620286974983,0.07585490155833408,0.0042895055551571675,421.9212666942557,-9,4,0
12:46:29:711,err,err,err,err,err,err,err,err,err,err
12:46:29:833,8.139559979719868,4.189393053585731,423.34373687438176,-0.11170287022292162,0.07881163640354012,-0.002148697433259538,423.44270332783714,-6,4,0
12:46:29:956,8.170130644611763,4.158674547930418,420.89082500719184,-0.12673423263618078,0.12782511942492147,0.004625471529061048,420.9906556967508,-7,7,0
12:46:30:079,8.153216977122332,4.178133610855961,422.23736897335783,-0.09957845650067387,0.12112731410329966,0.0017496378430623077,422.3367465720805,-6,7,0
12:46:30:204,8.184132547540061,4.145833118705892,423.6402600581911,-0.16303642795162004,0.10333156808853441,-0.0006572269655249796,423.73958736466386,-9,6,-1
12:46:30:332,8.196663527590426,4.154938311481163,423.9424454023434,-0.11161441387197865,0.08118992791422111,0.003656041317498178,424.0420330805375,-6,5,0
12:46:30:450,8.228001552619546,4.178701830596809,422.42307325509665,-0.11077508984306439,-0.012230881457887786,0.0026936991179856676,422.5238624939658,-6,-1,0
12:46:30:570,7.923334403993635,4.227187709548867,420.68426492413175,0.1765798127419496,-0.25767226430224094,0.028700868718338053,420.78010777455523,10,-15,0
12:46:30:693,8.22432638216995,4.221277200342225,422.8558245115186,-0.14381588883230387,0.03915668036273713,0.0013286431857638282,422.956861924427,-8,2,0
12:46:30:813,8.182479897819405,4.162856875032687,421.5006655920042,-0.1546812064211145,0.12627354386322387,0.0034157394995244137,421.60063264793945,-9,7,0
12:46:30:936,8.236657087989348,4.221165409898089,423.25492376402804,-0.2058831409489755,0.015469466152439737,0.0018996620035468333,423.3561045359994,-12,1,0
12:46:31:100,8.17090774924703,4.1844751371593905,423.0860889885826,-0.1275360331084401,0.11535784673513126,0.0005213591121975216,423.1856711436188,-7,7,0
12:46:31:226,8.20236838280615,4.279549454242926,424.2973589347045,-0.14798587029204463,0.08620701962750948,0.0024658441459521688,424.39821181242513,-8,5,0
12:46:31:444,8.196663527590426,4.154938311481163,423.9424454023434,-0.11161441387197865,0.08118992791422111,0.003656041317498178,424.0420330805375,-6,5,0
12:46:31:562,8.206846728770163,4.247342147974532,424.4679789849321,-0.08942795700137748,0.07867872838301627,0.003385475601949584,424.568554455113,-5,5,0
12:46:31:689,8.153216977122332,4.178133610855961,422.23736897335783,-0.09957845650067387,0.12112731410329966,0.0017496378430623077,422.3367465720805,-6,7,0
12:46:31:814,8.1365868266369,4.247431249061726,421.6527158588286,-0.15529223389600197,0.1422445901081643,-0.002401594570152829,421.75260225460255,-9,8,-1
12:46:31:963,8.196663527590426,4.154938311481163,423.9424454023434,-0.11161441387197865,0.08118992791422111,0.003656041317498178,424.0420330805375,-6,5,0
12:46:32:084,8.226429807905511,4.24488363183489,424.84114358198553,-0.14318267614431776,0.030423872220865903,0.005700310278629457,424.94198482202427,-8,2,0
12:46:32:209,8.222025157921694,4.200032977592627,424.61799278206803,-0.1492571643661049,0.030907903578088085,0.005763595706615747,424.7183558182796,-9,2,0
12:46:32:337,8.196663527590426,4.154938311481163,423.9424454023434,-0.11161441387197865,0.08118992791422111,0.003656041317498178,424.0420330805375,-6,5,0
12:46:32:457,8.218112090945052,4.242755669609473,423.00956708657696,-0.019296698015393285,-0.07852209320498245,0.005026963682641603,423.1106618708451,-1,-4,0
12:46:32:574,8.234944735885358,4.242910074280084,424.68077673742454,-0.14446728694255326,-0.014658382783923986,0.009033013435669963,424.7818013180458,-8,-1,1
12:46:32:702,8.196663527590426,4.154938311481163,423.9424454023434,-0.11161441387197865,0.08118992791422111,0.003656041317498178,424.0420330805375,-6,5,0
12:46:32:823,8.228001552619546,4.178701830596809,422.42307325509665,-0.11077508984306439,-0.012230881457887786,0.0026936991179856676,422.5238624939658,-6,-1,0
12:46:32:948,8.17090774924703,4.1844751371593905,423.0860889885826,-0.1275360331084401,0.11535784673513126,0.0005213591121975216,423.1856711436188,-7,7,0
12:46:33:077,8.278994228202066,4.218566812180721,422.15740603495135,-0.09942071030187594,-0.08837221415161141,2.2000989241789222e-05,422.2596517802029,-6,-5,0
12:46:33:196,8.236155638392361,4.225306363148855,423.4099619623409,-0.17080055451154164,0.02749979891716985,-9.150284549227296e-05,423.511137235508,-10,2,0
12:46:33:324,8.17090774924703,4.1844751371593905,423.0860889885826,-0.1275360331084401,0.11535784673513126,0.0005213591121975216,423.1856711436188,-7,7,0
12:46:33:447,8.196663527590426,4.154938311481163,423.9424454023434,-0.11161441387197865,0.08118992791422111,0.003656041317498178,424.0420330805375,-6,5,0
12:46:33:561,8.250319677105644,4.128474277911955,422.06234585057257,-0.14988718051197653,0.04834823928913142,0.0038710479379517482,422.1631626036622,-9,3,0
12:46:33:682,8.226586883261598,4.2962730952451675,421.8620958730804,-0.10986469429860832,-0.0560407716529479,0.002747000142178717,421.96417220978,-6,-3,0
12:46:33:810,8.243033801218125,4.194054006042481,423.6809919863749,-0.10616353336553014,0.055763894564127066,0.009435886135461377,423.78192583664105,-6,3,0
12:46:33:979,8.12937068681985,4.086935885332603,422.2919961642873,-0.18235497403765566,0.05025560315998344,0.0026287494633868745,422.39000904035714,-10,3,0
12:46:34:095,8.24291452655383,4.1695574817319265,421.67649067494006,-0.11318889880678776,0.051651636668607,0.005112004897718708,421.7776590069919,-6,3,0
12:46:34:218,8.239977667652797,4.179819663969411,423.0977745449013,-0.17522240089733157,-0.011603232811963488,0.003213119244372575,423.19864714958015,-10,-1,0
12:46:34:346,8.22025120511684,4.183029381277918,423.0460290371506,-0.13540129261298492,0.06376701501384482,-0.0020975403659795958,423.1465620193334,-8,4,0
12:46:34:464,8.170130644611763,4.158674547930418,420.89082500719184,-0.12673423263618078,0.12782511942492147,0.004625471529061048,420.9906556967508,-7,7,0
12:46:34:592,8.222025157921694,4.200032977592627,424.61799278206803,-0.1492571643661049,0.030907903578088085,0.005763595706615747,424.7183558182796,-9,2,0
12:46:34:708,8.1365868266369,4.247431249061726,421.6527158588286,-0.15529223389600197,0.1422445901081643,-0.002401594570152829,421.75260225460255,-9,8,-1
12:46:34:836,8.207437162410631,4.114224899396105,424.40336188392627,-0.15073394690448047,0.0705501189610811,0.0024784463215738483,424.5026530537549,-9,4,0
12:46:34:957,8.235704275137003,4.142842890364915,423.1690026490213,-0.13655924712551756,0.012566137541243404,0.0012384644496193182,423.2694115750501,-8,1,0
12:46:35:079,8.228001552619546,4.178701830596809,422.42307325509665,-0.11077508984306439,-0.012230881457887786,0.0026936991179856676,422.5238624939658,-6,-1,0
12:46:35:208,8.196663527590426,4.154938311481163,423.9424454023434,-0.11161441387197865,0.08118992791422111,0.003656041317498178,424.0420330805375,-6,5,0
12:46:35:325,8.236508176001594,4.270467904740672,422.9344326838086,-0.09033810425164138,-0.004429557230110987,0.002504823774250774,423.0361820372269,-5,0,0
12:46:35:448,8.175006762126477,4.26679558918823,423.1206062049693,-0.1359818144858971,0.09990665211471898,0.0006061057207513282,423.22108132206915,-8,6,0
12:46:35:572,8.220214749253183,4.188953950644162,425.10051828537127,0.003012902060932811,-0.0938462785427726,0.003210415251626938,425.2006231324405,0,-5,0
12:46:35:695,8.227425823181685,4.26056511763544,422.9493858327201,-0.18023552919966926,0.026449387198619598,-4.072857109654076e-06,423.0508550128137,-10,2,0
12:46:35:818,8.196663527590426,4.154938311481163,423.9424454023434,-0.11161441387197865,0.08118992791422111,0.003656041317498178,424.0420330805375,-6,5,0
12:46:35:941,8.227823472672625,4.227072559183473,422.84212029244094,-0.09622896074385873,0.014254375018077518,-0.0008106615569192797,422.943286877715,-6,1,0
12:46:36:092,8.224831417023628,4.228061863687537,423.28016765956284,-0.12821988596858128,0.0630625762050433,-0.0021884392590542953,423.3811813163987,-7,4,0
12:46:36:226,8.299314528179899,4.151504354210846,423.69604724016926,-0.11613586082398808,-0.05273282541347592,-0.0016238033485790595,423.797656974392,-7,-3,0
12:46:36:348,8.201305838196667,4.20057973161727,424.1847412230602,-0.10220873183884824,0.08032156231711668,0.0035322231880610447,424.2848111516695,-6,5,0
12:46:36:477,8.252545471929311,4.247738493139765,421.9370683668711,-0.18945582842649367,0.03299567683586043,0.005943155649081507,422.0391420841223,-11,2,0
12:46:36:606,8.233520769213705,4.220542129666903,422.7884106939188,-0.14321540310124595,-0.013557676276268613,0.0012774977512068615,422.889635788364,-8,-1,0
12:46:36:816,8.223346384802236,4.158110649177685,424.8301292326002,-0.1820450242099198,0.03968257911015552,0.004445552371328363,424.93005543703663,-10,2,0
12:46:36:967,8.252545471929311,4.247738493139765,421.9370683668711,-0.18945582842649367,0.03299567683586043,0.005943155649081507,422.0391420841223,-11,2,0
12:46:37:090,8.235704275137003,4.142842890364915,423.1690026490213,-0.13655924712551756,0.012566137541243404,0.0012384644496193182,423.2694115750501,-8,1,0
12:46:37:217,8.153216977122332,4.178133610855961,422.23736897335783,-0.09957845650067387,0.12112731410329966,0.0017496378430623077,422.3367465720805,-6,7,0
12:46:37:333,8.213419755776913,4.215988117849549,422.65645460049586,-0.17564315478628964,0.09307836471778555,0.005309625107324976,422.7572748461645,-10,5,0
12:46:37:458,8.17090774924703,4.1844751371593905,423.0860889885826,-0.1275360331084401,0.11535784673513126,0.0005213591121975216,423.1856711436188,-7,7,0
12:46:37:580,8.232274324677505,4.321831626300275,424.3308928905462,0.07171373938074077,-0.031195429817207576,0.0024492161558569412,424.4327452382191,4,-2,0
12:46:37:706,8.22727078847824,4.241966358777408,421.4660046261425,-0.19285679918014637,0.09402192617127995,-0.0005034914347841912,421.5676402651649,-11,5,-1
12:46:37:825,8.196663527590426,4.154938311481163,423.9424454023434,-0.11161441387197865,0.08118992791422111,0.003656041317498178,424.0420330805375,-6,5,0
12:46:37:946,8.222025157921694,4.200032977592627,424.61799278206803,-0.1492571643661049,0.030907903578088085,0.005763595706615747,424.7183558182796,-9,2,0
12:46:38:075,8.18443628246783,4.244796497214458,421.4915498675438,-0.1602954124358296,0.11620606488254683,0.003443744623450516,421.5923741059707,-9,7,0
12:46:38:196,8.196663527590426,4.154938311481163,423.9424454023434,-0.11161441387197865,0.08118992791422111,0.003656041317498178,424.0420330805375,-6,5,0
12:46:38:316,7.7776267480990375,4.299136918105488,418.25057681575436,0.23164495494902812,-0.30528672728530787,0.03300330764911586,418.3449761414431,13,-18,0
12:46:38:443,8.26815552083633,4.148923703394953,420.25698214290026,-0.1463971383294864,-0.015132645901573386,0.002744804580756537,420.3587836639926,-8,-1,0
12:46:38:566,8.224784700804168,4.208219339531336,421.5327961077725,-0.12159557868897984,-0.06755778901945758,0.006134520335797104,421.6340289727824,-7,-4,1
12:46:38:689,8.228001552619546,4.178701830596809,422.42307325509665,-0.11077508984306439,-0.012230881457887786,0.0026936991179856676,422.5238624939658,-6,-1,0
12:46:38:810,8.196663527590426,4.154938311481163,423.9424454023434,-0.11161441387197865,0.08118992791422111,0.003656041317498178,424.0420330805375,-6,5,0
12:46:38:935,8.21413880135728,4.236700871239414,424.46849020791547,-0.18747161538978732,0.052764471500339284,0.004551317418959488,424.56910025331274,-11,3,0
12:46:39:054,8.240209196060787,4.187819689855514,423.39924715894944,-0.12933140735131549,0.012644773900568236,0.0011697272872802807,423.5001314948022,-7,1,0
12:46:39:219,8.240209196060787,4.187819689855514,423.39924715894944,-0.12933140735131549,0.012644773900568236,0.0011697272872802807,423.5001314948022,-7,1,0
12:46:39:345,8.228001552619546,4.178701830596809,422.42307325509665,-0.11077508984306439,-0.012230881457887786,0.0026936991179856676,422.5238624939658,-6,-1,0
12:46:39:467,8.153216977122332,4.178133610855961,422.23736897335783,-0.09957845650067387,0.12112731410329966,0.0017496378430623077,422.3367465720805,-6,7,0
12:46:39:591,8.196663527590426,4.154938311481163,423.9424454023434,-0.11161441387197865,0.08118992791422111,0.003656041317498178,424.0420330805375,-6,5,0
12:46:39:711,8.236155638392361,4.225306363148855,423.4099619623409,-0.17080055451154164,0.02749979891716985,-9.150284549227296e-05,423.511137235508,-10,2,0
12:46:39:836,8.21730699567743,4.262221016941146,423.03877130615996,-0.1733888707995619,0.07619942118882568,-0.003296704234856565,423.1400391011042,-10,4,-1
12:46:39:960,8.127094932358316,4.210572037673692,418.4183821450841,-0.13403169667039655,0.08677553676720892,0.0001969137811363774,418.51848358923604,-8,5,0
12:46:40:081,8.16821212282933,4.206839996694335,421.77302308631965,-0.15874811097814628,-0.0023842651594846325,-0.0010273717421103077,421.87308541244306,-9,0,0
12:46:40:209,8.189705514533719,4.2182509227636436,425.93511971349477,-0.12570727291744244,0.09486792729805144,0.0019930060748798357,426.03472994887557,-7,5,0
12:46:40:327,8.218112090945052,4.242755669609473,423.00956708657696,-0.019296698015393285,-0.07852209320498245,0.005026963682641603,423.1106618708451,-1,-4,0
12:46:40:453,8.205307456924158,4.190101752034231,417.62728547717103,0.028907799963512427,0.1508120260753737,-0.011551697030412783,417.72889964447705,2,9,-1
12:46:40:574,err,err,err,err,err,err,err,err,err,err
12:46:40:696,err,err,err,err,err,err,err,err,err,err
12:46:40:821,err,err,err,err,err,err,err,err,err,err
12:46:40:942,8.139559979719868,4.189393053585731,423.34373687438176,-0.11170287022292162,0.07881163640354012,-0.002148697433259538,423.44270332783714,-6,4,0
12:46:41:065,err,err,err,err,err,err,err,err,err,err
12:46:41:186,8.11340518472529,4.153350981532053,423.7127274762502,-0.10298495751201542,0.051157010159964864,0.000937652662145484,423.8107515075926,-6,3,0
12:46:41:306,8.229692297227023,4.210351006710212,424.8282550924205,-0.08716718644477574,0.01940240626401289,0.006821019693171215,424.9288189988735,-5,1,0
12:46:41:436,8.22025120511684,4.183029381277918,423.0460290371506,-0.13540129261298492,0.06376701501384482,-0.0020975403659795958,423.1465620193334,-8,4,0
12:46:41:582,8.14756051944189,4.212085998275727,421.64967970474385,-0.1026208884668394,0.07738537437347326,-0.0033151969952657633,421.7494241916495,-6,4,0
12:46:41:725,8.235704275137003,4.142842890364915,423.1690026490213,-0.13655924712551756,0.012566137541243404,0.0012384644496193182,423.2694115750501,-8,1,0
12:46:41:845,8.097860120059803,4.389023694014731,426.2027769051468,-0.12217106021867688,0.148352375742165,-0.001252585587888676,426.3022940463363,-7,8,-1
12:46:41:966,8.053368159781309,4.363821495556612,424.79012612016646,-0.21402187830259164,0.0491869227791381,0.003004100913702659,424.88886891274166,-12,3,0
12:46:42:093,8.081451427068917,4.426924555260631,425.958488355423,-0.12642147431383854,0.004192492538051982,-0.0008152271465549724,426.05814312159686,-7,0,0
12:46:42:216,8.076804037499452,4.30013661661634,423.0179596046739,-0.23475252765100427,-0.027847399377564,0.0068513154541444445,423.1169106600246,-13,-2,1
12:46:42:337,8.208029379840971,4.271080700092034,423.4992856791515,-0.13772193128140212,-0.033097987443537744,-0.0012324446964142178,423.60035274701863,-8,-2,0
12:46:42:457,8.210143883318793,4.289446228557002,421.80074838719054,-0.1628650376979741,-0.002019123097625267,-0.0008302355790314931,421.90244980507816,-9,0,0
12:46:42:584,8.098696928530416,4.184294023195428,423.14033299886756,-0.1334278825290592,0.058536300401383946,-0.0020567440092970424,423.23851268381196,-8,3,0
12:46:42:707,8.199144254292923,4.125802271291572,421.8214160969079,-0.14855620286974983,0.07585490155833408,0.0042895055551571675,421.9212666942557,-9,4,0
12:46:42:826,8.162059273863113,4.23687919113634,422.95841509253137,-0.046493429833204085,0.11619075581286963,-0.004215415516306398,423.05837806909864,-3,7,0
12:46:42:953,8.224861387535205,4.152616898652536,420.5243799566552,-0.14095804293688002,0.022997768624608058,0.0031177382287298134,420.62530440985176,-8,1,0
12:46:43:073,8.195132389085684,4.2101697934028195,421.6615249645303,-0.11757908793311368,0.05152805314251942,-0.0029319807662465964,421.76216919014576,-7,3,0
12:46:43:198,8.228001552619546,4.178701830596809,422.42307325509665,-0.11077508984306439,-0.012230881457887786,0.0026936991179856676,422.5238624939658,-6,-1,0
12:46:43:318,8.08576559700052,4.218259860501281,419.47997901321065,-0.18717747597932408,-0.021815644483642028,-0.0010172127172431728,419.5791059078896,-11,-1,0
12:46:43:441,8.233057752421837,4.265554686204559,423.0624664276582,-0.14003492215236504,0.015633849086226462,0.0012715902139293102,423.16406829572514,-8,1,0
12:46:43:566,8.17090774924703,4.1844751371593905,423.0860889885826,-0.1275360331084401,0.11535784673513126,0.0005213591121975216,423.1856711436188,-7,7,0
12:46:43:686,8.154515955812158,4.204807565662158,424.4742318815385,-0.09743647761056105,0.10838935982526601,-0.0024017645768544408,424.5733741870302,-6,6,0
12:46:43:815,8.235704275137003,4.142842890364915,423.1690026490213,-0.13655924712551756,0.012566137541243404,0.0012384644496193182,423.2694115750501,-8,1,0
12:46:43:934,8.195010204626806,4.213631327418078,422.2960946331724,-0.15510420647471676,-0.07474601010902827,0.0021938700144836874,422.3966198061327,-9,-4,0
12:46:44:056,8.197725667314428,4.181942493091186,423.2672772558553,-0.1731496043458165,0.012241437202674281,0.0036558818126837104,423.367310198505,-10,1,0
12:46:44:182,8.17090774924703,4.1844751371593905,423.0860889885826,-0.1275360331084401,0.11535784673513126,0.0005213591121975216,423.1856711436188,-7,7,0
12:46:44:305,8.154515955812158,4.204807565662158,424.4742318815385,-0.09743647761056105,0.10838935982526601,-0.0024017645768544408,424.5733741870302,-6,6,0
12:46:44:426,8.181772015324471,4.172962432515096,425.22600844110747,-0.0901906129259424,0.06129331940034156,0.0009329837412646561,425.3251853153429,-5,4,0
12:46:44:548,8.106408588163834,4.194833129655796,421.03176800506503,-0.20081663254758927,0.034478573381477924,0.00047752499289638106,421.13069248708865,-12,2,0
12:46:44:674,8.1476311794915,4.22858833379393,419.96148984246173,-0.13969081453534973,0.13134413111116783,-0.0008045076219953521,420.0618023622641,-8,7,-1
12:46:44:797,8.113551092864904,4.143669398268128,423.21812852525164,-0.13381124457117002,0.006101215694560574,0.0012762959200295157,423.31617500378496,-8,0,0
12:46:44:920,8.227233170786942,4.234978343960586,420.77803142145325,-0.1732369310254541,0.030131147655982453,0.0017930738715552824,420.8797620866722,-10,2,0
12:46:45:045,8.1935756089333,4.25608668137952,425.6963691997821,-0.13413751006858562,0.04556838690855128,-0.00023038611763392158,425.7964862525006,-8,3,0
12:46:45:169,8.202844638095728,4.21085434901954,425.4552016167071,-0.1404514017897052,-0.010316884398485214,0.003174873607067443,425.555103996202,-8,-1,0
12:46:45:293,8.19924286132636,4.157016781048114,420.9216893063932,-0.14392091172337232,-0.0253825556934713,0.0006652987958757882,421.0220622491947,-8,-1,0
12:46:45:409,8.204487057170045,4.237075607338025,424.2687527029332,-0.15366185500030263,0.07292820610725496,0.002507864731610505,424.36922713325515,-9,4,0
12:46:45:534,8.245244240173072,4.233449819883422,423.65660634304726,-0.12025758703788686,0.01273705611087033,0.0010838205839049616,423.75798074852264,-7,1,0
12:46:45:700,8.159923574610701,4.3067877591249335,420.85645788722604,0.013445742693930585,0.1289039857980169,-0.000994356626046588,420.95758802868505,1,7,0
12:46:45:821,err,err,err,err,err,err,err,err,err,err
12:46:45:943,err,err,err,err,err,err,err,err,err,err
12:46:46:066,8.575996575642852,5.944522542266785,393.0662975302095,0.7249997389784519,-0.042332770039499014,0.12769660223309842,393.2047803875585,41,-5,6
12:46:46:190,err,err,err,err,err,err,err,err,err,err
12:46:46:313,8.11061365033872,4.526916186333685,422.3906300393423,-0.008566199468944597,-0.23242291948091437,-0.0063821396146674925,422.49274475306163,0,-13,0
12:46:46:432,err,err,err,err,err,err,err,err,err,err
12:46:46:554,err,err,err,err,err,err,err,err,err,err
12:46:46:683,err,err,err,err,err,err,err,err,err,err
12:46:46:836,8.205801092244366,4.522488035511325,424.04326808978396,0.05866745428283811,-0.1141727111328937,-0.00012668859762815602,424.14676856232353,3,-7,0
12:46:46:970,8.238080595665863,4.485076971921066,426.3425362976487,0.12033156460343894,-0.06506855647756242,-0.0009552616548950671,426.4457059744612,7,-4,0
12:46:47:098,8.205801092244366,4.522488035511325,424.04326808978396,0.05866745428283811,-0.1141727111328937,-0.00012668859762815602,424.14676856232353,3,-7,0
12:46:47:218,8.130329305798373,4.467304934906301,425.26956799726713,-0.07612559932640384,0.11432571841843969,0.002741735309788119,425.3707377483604,-4,7,0
12:46:47:342,7.710143910512712,4.169642925599714,414.4365839360432,0.22337867895617017,-0.31424130554404217,0.032824818348865845,414.52926838261345,13,-18,0
12:46:47:463,7.994530108999411,4.079655135014483,418.2385678770656,-0.20653195157219725,0.13372045908767566,0.0009343811415248916,418.3348607963997,-12,8,-1
12:46:47:584,8.126166869399421,4.153019147497503,424.23796319060875,-0.15935209660551788,0.043257330502575776,0.0021842170364336604,424.3361068400203,-9,2,0
12:46:47:792,err,err,err,err,err,err,err,err,err,err
12:46:47:954,8.654941895158547,5.738418063721576,389.37861494428336,0.7354431578902875,-0.05599940734682377,0.1264818038110035,389.51706411531075,42,-5,5
12:46:48:076,err,err,err,err,err,err,err,err,err,err
12:46:48:199,err,err,err,err,err,err,err,err,err,err
12:46:48:323,err,err,err,err,err,err,err,err,err,err
12:46:48:447,err,err,err,err,err,err,err,err,err,err
12:46:48:567,err,err,err,err,err,err,err,err,err,err
12:46:48:696,err,err,err,err,err,err,err,err,err,err
12:46:48:889,err,err,err,err,err,err,err,err,err,err
12:46:49:032,8.090533562093121,4.500263327308382,425.2172886297877,-0.13516507710518524,0.08327850823433605,-0.0039342837337986904,425.31805940143505,-8,5,-1
12:46:49:150,err,err,err,err,err,err,err,err,err,err
12:46:49:271,err,err,err,err,err,err,err,err,err,err
12:46:49:386,err,err,err,err,err,err,err,err,err,err
12:46:49:519,err,err,err,err,err,err,err,err,err,err
12:46:49:631,err,err,err,err,err,err,err,err,err,err
12:46:49:763,8.565709340855923,5.719360538687155,390.75831463869025,0.7318417021195845,-0.04978813100990113,0.12419005526925705,390.8940302956201,42,-5,6
12:46:49:878,err,err,err,err,err,err,err,err,err,err
12:46:50:024,8.537252306106788,5.6653740030207755,389.3038879703095,0.7436491497385885,-0.05067342192976484,0.12816945666653648,389.4386964957791,42,-5,6
12:46:50:169,8.00435722297709,4.303067453701541,426.3331886860621,-0.15548355790599833,0.013891138210849082,0.0013668572805266767,426.4300340024018,-9,1,0
12:46:50:292,7.847228904670362,4.577323264772631,428.1174890350262,0.07510656949703942,-0.05854927017541679,-0.003010373472361787,428.2138663184651,4,-3,0
12:46:50:414,7.940397400515263,4.611084370007499,425.1785269491538,0.16726205909695557,0.0006178191208683327,-0.008912021559141996,425.27766434248315,10,0,-1
12:46:50:541,err,err,err,err,err,err,err,err,err,err
12:46:50:655,err,err,err,err,err,err,err,err,err,err
12:46:50:781,err,err,err,err,err,err,err,err,err,err
12:46:50:907,err,err,err,err,err,err,err,err,err,err
12:46:51:029,err,err,err,err,err,err,err,err,err,err
12:46:51:157,err,err,err,err,err,err,err,err,err,err
12:46:51:273,err,err,err,err,err,err,err,err,err,err
12:46:51:399,err,err,err,err,err,err,err,err,err,err
12:46:51:524,8.555089646674691,5.656004336641686,388.6332105472151,0.7458887558293017,-0.04293394236150661,0.12485553586000701,388.7685073204294,43,-5,6
12:46:51:682,err,err,err,err,err,err,err,err,err,err
12:46:51:808,err,err,err,err,err,err,err,err,err,err
12:46:51:926,err,err,err,err,err,err,err,err,err,err
12:46:52:052,err,err,err,err,err,err,err,err,err,err
12:46:52:203,err,err,err,err,err,err,err,err,err,err
12:46:52:334,err,err,err,err,err,err,err,err,err,err
12:46:52:461,err,err,err,err,err,err,err,err,err,err
12:46:52:582,8.556443176614001,5.689723981286554,388.63772497332997,0.7378515260804859,-0.047760916935561455,0.12322032381588041,388.7735419897598,42,-5,5
12:46:52:706,err,err,err,err,err,err,err,err,err,err
12:46:52:829,err,err,err,err,err,err,err,err,err,err
12:46:52:951,err,err,err,err,err,err,err,err,err,err
12:46:53:078,err,err,err,err,err,err,err,err,err,err
12:46:53:200,err,err,err,err,err,err,err,err,err,err
12:46:53:319,err,err,err,err,err,err,err,err,err,err
12:46:53:443,err,err,err,err,err,err,err,err,err,err
12:46:53:565,err,err,err,err,err,err,err,err,err,err
12:46:53:691,err,err,err,err,err,err,err,err,err,err
12:46:53:812,err,err,err,err,err,err,err,err,err,err
12:46:53:935,err,err,err,err,err,err,err,err,err,err
12:46:54:062,8.555089646674691,5.656004336641686,388.6332105472151,0.7458887558293017,-0.04293394236150661,0.12485553586000701,388.7685073204294,43,-5,6
12:46:54:182,err,err,err,err,err,err,err,err,err,err
12:46:54:315,8.593106061603773,5.655688704974718,388.61036266171004,0.7458929432473239,-0.043567182097645665,0.1250015560896613,388.74650127631935,43,-5,6
12:46:54:470,8.583785498099296,5.6260689560601636,386.4815351081884,0.7516590978211334,-0.0424709170783487,0.12448663283382436,386.61778412918045,43,-5,6
12:46:54:594,err,err,err,err,err,err,err,err,err,err
12:46:54:718,8.654644398427859,5.70427713941941,389.3531891420915,0.7439574870565726,-0.058621903675446396,0.1250799863211578,389.4911392348532,42,-6,5
12:46:54:838,err,err,err,err,err,err,err,err,err,err
12:46:54:964,8.555089646674691,5.656004336641686,388.6332105472151,0.7458887558293017,-0.04293394236150661,0.12485553586000701,388.7685073204294,43,-5,6
12:46:55:083,err,err,err,err,err,err,err,err,err,err
12:46:55:204,err,err,err,err,err,err,err,err,err,err
12:46:55:332,8.555089646674691,5.656004336641686,388.6332105472151,0.7458887558293017,-0.04293394236150661,0.12485553586000701,388.7685073204294,43,-5,6
12:46:55:453,err,err,err,err,err,err,err,err,err,err
12:46:55:581,8.603888494015791,5.635448592570246,387.1514019832534,0.7495104805424648,-0.04994283233265544,0.127477129049841,387.287997794478,43,-5,6
12:46:55:698,err,err,err,err,err,err,err,err,err,err
12:46:55:822,err,err,err,err,err,err,err,err,err,err
12:46:55:948,err,err,err,err,err,err,err,err,err,err
12:46:56:066,err,err,err,err,err,err,err,err,err,err
12:46:56:196,8.546355726834193,5.6177924910881485,386.48514670495234,0.7363507454768219,-0.043697539950377964,0.12407203523814941,386.62044489684075,42,-5,6
12:46:56:315,err,err,err,err,err,err,err,err,err,err
12:46:56:440,err,err,err,err,err,err,err,err,err,err
12:46:56:563,8.583785498099296,5.6260689560601636,386.4815351081884,0.7516590978211334,-0.0424709170783487,0.12448663283382436,386.61778412918045,43,-5,6
12:46:56:681,err,err,err,err,err,err,err,err,err,err
12:46:56:811,err,err,err,err,err,err,err,err,err,err
12:46:56:930,err,err,err,err,err,err,err,err,err,err
12:46:57:053,err,err,err,err,err,err,err,err,err,err
12:46:57:174,8.090919567555954,4.587878600906286,425.41806481492597,-0.12031862438101022,0.09822702071174885,-0.004130421833917848,425.519731011832,-7,6,-1
12:46:57:299,8.116718999120158,4.6356956812708425,426.2187852014195,-0.1567689330009366,0.05699823017061086,-0.002016377105117562,426.3212681304251,-9,3,0
12:46:57:465,8.061987194530461,4.622101963868783,424.28539107153125,-0.07235318763293776,0.12869352285495264,-0.003205278227508257,424.3871493587092,-4,7,0
12:46:57:584,8.093158207480942,4.645248570660392,425.38658767185075,-0.02241271410011575,0.08891314677669275,-0.0003826610675679879,425.4889264307071,-1,5,0
12:46:57:712,8.034826729762186,4.559594377295052,423.101743583819,-0.11394662670906161,0.14759783285060996,-0.0059430750418986815,423.2025918695802,-7,8,-1
12:46:57:833,8.057255436619133,4.470358874797099,422.2269852693274,-0.08198319051861354,0.1555655383376584,-0.0046106504344329,422.32751575437896,-5,9,-1
12:46:57:951,8.009729875776557,4.468042202653472,422.00701117845097,-0.07935044267150466,0.1630742150851556,-0.0048404567058883885,422.1066650238738,-5,9,-1
12:46:58:079,8.132156030039667,4.543554663809632,425.29388732886997,-0.129460313251248,0.09087223948280697,-0.003825207231674907,425.3958937859902,-7,5,-1
12:46:58:201,7.986334732850658,4.571750013359221,426.9113188986961,-0.0730489689524421,0.12434630146889226,-0.004773729390964874,427.01048774529414,-4,7,-1
12:46:58:325,7.902868607154023,4.729772942755605,425.41736373796147,-0.019060414719438052,0.16707719090879164,-0.006698461889957961,425.5170495456897,-1,10,0
12:46:58:445,7.824210867277447,4.711511472467512,423.46382836512566,0.16132152069558517,-0.12330776056205552,-0.006673218970099434,423.56231011469777,9,-7,-1
12:46:58:570,7.945391899863702,4.718946551777639,427.34569052422944,0.00971727639559763,0.14046538417800117,-0.005302629477556606,427.4455952734002,1,8,0
12:46:58:693,err,err,err,err,err,err,err,err,err,err
12:46:58:813,err,err,err,err,err,err,err,err,err,err
12:46:58:942,err,err,err,err,err,err,err,err,err,err
12:46:59:066,err,err,err,err,err,err,err,err,err,err
12:46:59:186,err,err,err,err,err,err,err,err,err,err
12:46:59:314,err,err,err,err,err,err,err,err,err,err
12:46:59:431,err,err,err,err,err,err,err,err,err,err
12:46:59:557,err,err,err,err,err,err,err,err,err,err
12:46:59:674,8.123090139549515,4.558022450942951,426.2575460379716,-0.10948810768691293,0.03290101198292645,-0.0008338311996071279,426.35930354149895,-6,2,0
12:46:59:802,7.957269379447097,4.706359482768374,429.6318427311113,0.01062119945317255,0.09188847706334091,-0.006800462205281992,429.7312977246229,1,5,0
12:46:59:927,7.91535477585753,4.694610855482015,427.3733604497906,-0.13552621314378469,0.11271599743409627,-0.005351839873646556,427.47243353748405,-8,6,-1
12:47:00:049,8.02016843424024,4.617721052830107,427.77805668466976,-0.11965701990847936,0.04789682385725522,-0.0046991285206302155,427.87815114860433,-7,3,0
12:47:00:174,8.040568819968685,4.523424911586197,423.91601902965505,-0.15343276471563302,0.01452081822801634,-0.0005689341570566451,424.01639509555554,-9,1,0
12:47:00:292,err,err,err,err,err,err,err,err,err,err
12:47:00:414,8.024415572496883,4.526030773614184,421.217661709619,-0.2237130512532244,0.04495272934581889,-0.0012668267402167783,421.31840066149834,-13,3,0
12:47:00:583,err,err,err,err,err,err,err,err,err,err
12:47:00:746,8.032089384613966,4.488913102348627,421.41789759327264,-0.19071728665261048,0.028399728323748655,-5.421013281074692e-06,421.5183379316455,-11,2,0
12:47:00:870,err,err,err,err,err,err,err,err,err,err
12:47:00:987,8.123090139549515,4.558022450942951,426.2575460379716,-0.10948810768691293,0.03290101198292645,-0.0008338311996071279,426.35930354149895,-6,2,0
12:47:01:204,8.123090139549515,4.558022450942951,426.2575460379716,-0.10948810768691293,0.03290101198292645,-0.0008338311996071279,426.35930354149895,-6,2,0
12:47:01:314,err,err,err,err,err,err,err,err,err,err
12:47:01:443,8.084141389469366,4.4985772059433655,422.1471498269671,-0.18495324410054528,0.05660309231116227,0.0024756909541256704,422.24851289958923,-11,3,0
12:47:01:562,8.040568819968685,4.523424911586197,423.91601902965505,-0.15343276471563302,0.01452081822801634,-0.0005689341570566451,424.01639509555554,-9,1,0
12:47:01:689,8.080431344251904,4.566961593174801,424.3019253955953,-0.19097117924048496,0.06849249605359543,0.0007254553263438159,424.4034335432644,-11,4,0
12:47:01:812,8.123090139549515,4.558022450942951,426.2575460379716,-0.10948810768691293,0.03290101198292645,-0.0008338311996071279,426.35930354149895,-6,2,0
12:47:01:931,8.154454233153208,4.59390685067938,426.24703042318595,-0.16269325040174726,0.09197922912604675,0.0005864078842004199,426.34977430342065,-9,5,0
12:47:02:056,8.01699302399069,4.596419349200053,423.39309044886954,-0.19867545972336897,0.06978606086906958,-0.00500539474921666,423.4939294580562,-11,4,-1
12:47:02:177,8.086056015074352,4.4765962293975665,423.5131245519277,-0.16326246938561467,0.15633277339676924,-0.004340690712845932,423.61396445751956,-9,9,-1
12:47:02:304,err,err,err,err,err,err,err,err,err,err
12:47:02:466,8.11264502090492,4.5907938620343804,426.0050590681813,-0.16184082734757338,0.05734683196017748,-0.0019531187103897214,426.10702968761683,-9,3,0
12:47:02:589,8.040568819968685,4.523424911586197,423.91601902965505,-0.15343276471563302,0.01452081822801634,-0.0005689341570566451,424.01639509555554,-9,1,0
12:47:02:716,8.083126957671915,4.526699304553632,421.232590891803,0.18456608977735353,-0.018607927155484944,-0.004481823870221414,421.33445572066466,11,-1,0
12:47:02:835,8.055575689918529,4.399038956168133,420.96206123931347,-0.2276412157846357,0.06127224898315031,-0.0043293840722424485,421.0621104377422,-13,3,-1
12:47:02:957,8.541596690594544,5.759659604894453,385.8059426136869,0.7371393404891137,-0.057720904686038806,0.12937482069251222,385.9434646535999,42,-6,6
12:47:03:083,err,err,err,err,err,err,err,err,err,err
12:47:03:202,err,err,err,err,err,err,err,err,err,err
12:47:03:328,err,err,err,err,err,err,err,err,err,err
12:47:03:448,err,err,err,err,err,err,err,err,err,err
12:47:03:572,8.616834790497292,5.81129493841248,389.42689228268915,0.7273053783919647,-0.05212381429690907,0.12755873132293705,389.56555985305107,41,-5,6
12:47:03:695,8.616834790497292,5.81129493841248,389.42689228268915,0.7273053783919647,-0.05212381429690907,0.12755873132293705,389.56555985305107,41,-5,6
12:47:03:819,err,err,err,err,err,err,err,err,err,err
12:47:03:943,8.65373727524461,5.891476560223302,389.39561051146575,0.7348727162146138,-0.04820440590717942,0.1294818366347112,389.5363117226503,42,-5,6
12:47:04:105,8.644109017273662,5.95550308594038,390.8995147087128,0.7386113764362691,-0.04462529235744924,0.12563929315744626,391.0404317167425,42,-5,6
12:47:04:230,8.142361316825397,4.497801816763333,422.0672885368886,0.059366905488551426,-0.17664924163702747,-0.0013443858282750991,422.16978139355,3,-10,0
12:47:04:352,err,err,err,err,err,err,err,err,err,err
12:47:04:474,err,err,err,err,err,err,err,err,err,err
12:47:04:601,8.400778227879327,5.974611505441126,392.2181475958463,0.7359257584674088,-0.04638252408689798,0.12049398012938518,392.3535960852048,42,-5,5
12:47:04:720,err,err,err,err,err,err,err,err,err,err
12:47:04:842,8.080729387619986,4.50635088010793,424.9595090987295,-0.0686035326198316,0.10202531943593658,-0.0031456800686430197,425.0602189797626,-4,6,0
12:47:04:964,err,err,err,err,err,err,err,err,err,err
12:47:05:087,err,err,err,err,err,err,err,err,err,err
12:47:05:215,8.148282462615196,4.560125161419373,426.45745929571035,-0.11484233906162589,0.11828411869707812,-0.004083988223873588,426.5596720712482,-7,7,-1
12:47:05:334,8.062177957506357,4.506037241965057,425.09274387616745,-0.08333037754235878,0.18871242413563954,-0.006571018147746545,425.1930667134794,-5,11,-1
12:47:05:458,8.062755573432243,4.568468262490482,426.9679002522113,-0.10124625853641983,0.18020112673917385,-0.0018317159757755181,427.0684567788688,-6,10,-1
12:47:05:585,8.008862328587528,4.539706411961208,424.60327458376224,-0.09552535985102956,0.21487704076268188,-0.0036707916123836304,424.703062853753,-6,12,-1
12:47:05:702,err,err,err,err,err,err,err,err,err,err
12:47:05:872,8.093209704035512,4.597185205473027,426.0896382573315,-0.11555099459630688,0.15933664705107925,-0.0013863436103220264,426.1912880214594,-7,9,-1
12:47:05:991,8.163476573170085,4.538598929291916,424.99786960124135,-0.14172957729776658,0.12633904062679382,-0.001174786905018322,425.10049446642074,-8,7,-1
12:47:06:112,8.089515143311072,4.552550726721523,425.8974414401812,-0.11962579765353312,0.16064184202894372,-0.00130728324967682,425.99858755477794,-7,9,-1
12:47:06:237,8.128890833659797,4.514618710864508,425.6520557452299,-0.07151508331926398,0.1327765418825882,-0.0030693558787109553,425.7536062189378,-4,8,0
12:47:06:359,8.153321151350829,4.460278760119189,420.4527240141761,-0.01353206859872204,-0.2352166392425913,-0.010620903311530613,420.55542305783666,-1,-13,-1
12:47:06:485,err,err,err,err,err,err,err,err,err,err
12:47:06:605,err,err,err,err,err,err,err,err,err,err
12:47:06:730,8.65373727524461,5.891476560223302,389.39561051146575,0.7348727162146138,-0.04820440590717942,0.1294818366347112,389.5363117226503,42,-5,6
12:47:06:852,err,err,err,err,err,err,err,err,err,err
12:47:06:973,err,err,err,err,err,err,err,err,err,err
12:47:07:094,err,err,err,err,err,err,err,err,err,err
12:47:07:219,err,err,err,err,err,err,err,err,err,err
12:47:07:344,err,err,err,err,err,err,err,err,err,err
12:47:07:468,7.982720692620412,4.490693342802706,423.44054022807853,-0.05131255889421567,0.21130398375574855,-0.005715511416508899,423.5395864202099,-3,12,-1
12:47:07:633,err,err,err,err,err,err,err,err,err,err
12:47:07:752,8.153321151350829,4.460278760119189,420.4527240141761,-0.01353206859872204,-0.2352166392425913,-0.010620903311530613,420.55542305783666,-1,-13,-1
12:47:07:916,err,err,err,err,err,err,err,err,err,err
12:47:08:043,err,err,err,err,err,err,err,err,err,err
12:47:08:162,err,err,err,err,err,err,err,err,err,err
12:47:08:316,8.214806428969167,4.600796251277082,423.5753912279078,0.06562127747519933,-0.20487504157843595,-0.008825747842270243,423.6800236318516,4,-12,-1
12:47:08:453,8.77092802227403,5.904497807647252,393.5659667482819,0.709054608467422,-0.03658195397368426,0.11798459042908842,393.7079659534998,40,-4,6
12:47:08:576,8.77092802227403,5.904497807647252,393.5659667482819,0.709054608467422,-0.03658195397368426,0.11798459042908842,393.7079659534998,40,-4,6
12:47:08:696,err,err,err,err,err,err,err,err,err,err
12:47:08:823,8.782070263507153,5.917913690806337,392.13193318203025,0.70410977395703,-0.04008572870364368,0.12175629830536315,392.274902946443,40,-4,6
12:47:08:941,err,err,err,err,err,err,err,err,err,err
12:47:09:067,8.783136926523401,5.960853434248175,392.1593372492056,0.7118094556280224,-0.043093545750752395,0.12038281080794329,392.30297100540906,41,-5,5
12:47:09:190,err,err,err,err,err,err,err,err,err,err
12:47:09:309,8.770374555615994,5.977362440493893,393.56798411673356,0.7006831157534761,-0.03316518945819283,0.11927075444433492,393.7110697622055,40,-4,6
12:47:09:434,8.70691369873606,5.9662409727565615,392.21366574087233,0.7199236345005995,-0.039365719547990695,0.12256096294817019,392.355662596317,41,-4,6
12:47:09:581,err,err,err,err,err,err,err,err,err,err
12:47:09:681,err,err,err,err,err,err,err,err,err,err
12:47:09:802,err,err,err,err,err,err,err,err,err,err
12:47:09:931,8.205801092244366,4.522488035511325,424.04326808978396,0.05866745428283811,-0.1141727111328937,-0.00012668859762815602,424.14676856232353,3,-7,0
12:47:10:093,8.19884683139877,4.59473876124271,426.31886926261967,-0.16359310888357928,0.08621851537271573,0.0007649690117061773,426.42245602572035,-9,5,0
12:47:10:218,8.666326260517563,6.007204640062893,392.10136029608975,0.7282398793643436,-0.04238775499184303,0.12108020773504942,392.2431241774485,42,-5,6
12:47:10:339,8.21283618683865,4.7247559801508245,425.1984039791157,-0.029361097208418993,-0.08821642812661894,-0.005199064886174245,425.30395806257326,-2,-5,0
12:47:10:461,8.145202294423635,4.587685663106872,420.68391872674823,-0.010708750502368865,-0.16054925979859838,-0.004791192807025399,420.78777389018074,-1,-9,0
12:47:10:582,err,err,err,err,err,err,err,err,err,err
12:47:10:705,err,err,err,err,err,err,err,err,err,err
12:47:10:828,err,err,err,err,err,err,err,err,err,err
12:47:10:954,err,err,err,err,err,err,err,err,err,err
12:47:11:074,err,err,err,err,err,err,err,err,err,err
12:47:11:197,err,err,err,err,err,err,err,err,err,err
12:47:11:321,err,err,err,err,err,err,err,err,err,err
12:47:11:443,err,err,err,err,err,err,err,err,err,err
12:47:11:570,err,err,err,err,err,err,err,err,err,err
12:47:11:689,err,err,err,err,err,err,err,err,err,err
12:47:11:815,err,err,err,err,err,err,err,err,err,err
12:47:11:937,8.220838386409543,4.765900297043488,435.2857060885426,-0.05155080204269015,0.1623133572301261,-0.00393511368915683,435.38941410468163,-3,9,0
12:47:12:100,8.353508118685953,4.938386821356977,442.45069482995785,-0.08455856581442227,-0.007521718685580742,-0.0013802351274425436,442.5570992739793,-5,0,0
12:47:12:224,8.382035879181434,4.6435462170406305,443.1937315602695,-0.08907632282724667,-0.0853704638926448,-0.0035686773410944696,443.29730964812535,-5,-5,0
12:47:12:349,8.406187233061578,5.006578653315473,444.63509821085063,-0.11241141504733727,-0.06860824289089587,-0.001744646531982844,444.7427350441847,-6,-4,0
12:47:12:472,8.371399786685297,4.673001581355252,442.2582158867281,-0.10752793484931597,-0.11089025857682713,3.4423490560275804e-05,442.3621217933105,-6,-6,0
12:47:12:593,8.332368048443282,4.90980106260056,443.2917532465525,-0.06127019176723025,0.13779491218718584,-0.008114105510931576,443.39724063211247,-4,8,-1
12:47:12:713,8.375140826133054,4.719352170640728,442.45734023256745,-0.10307423978672142,-0.10946296225082272,2.6890220270885243e-05,442.56176201118643,-6,-6,0
12:47:12:837,8.329713248027065,4.86318730119861,443.13589436984955,-0.06885621215070394,0.13817615730622868,-0.007987085276743761,443.2408550579328,-4,8,-1
12:47:12:962,8.332368048443282,4.90980106260056,443.2917532465525,-0.06127019176723025,0.13779491218718584,-0.008114105510931576,443.39724063211247,-4,8,-1
12:47:13:084,8.441231758045381,4.735056453159248,443.35960288665785,-0.07245905100903113,-0.11831798986011416,0.002571539812151295,443.46523271280535,-4,-7,0
12:47:13:250,8.385580882941277,4.690070635691795,443.3733737876146,-0.08277505773750637,-0.0846623915449778,-0.003592274765848048,443.4774665223972,-5,-5,0
12:47:13:369,8.35175980936509,4.863858743757506,443.07637084514215,-0.058575378648831854,-0.14935960346008684,-0.0035780813539131465,443.18176791819235,-3,-9,0
12:47:13:493,8.316964205704046,4.667969324284263,440.75824321057024,-0.023605124933599744,0.20105135568646673,-0.001188581952174651,440.8614190301524,-1,12,0
12:47:13:615,8.354773465738885,4.8423918533164265,441.00020601584737,-0.030053084039135182,-0.13911093296015212,-0.0052328411814013005,441.105920051573,-2,-8,0
12:47:13:741,8.316370009425617,4.6623200686035435,440.809351299586,-0.05814125737856667,-0.17582689300356588,-0.0017695450536259062,440.9124441787934,-3,-10,0
12:47:13:865,8.329713248027065,4.86318730119861,443.13589436984955,-0.06885621215070394,0.13817615730622868,-0.007987085276743761,443.2408550579328,-4,8,-1
12:47:13:984,8.376790315578303,4.6923075147633755,443.3150635912797,-0.06493227750170241,0.15760831332641323,-0.002030560499796802,443.41902752672286,-4,9,0
12:47:14:108,8.354773465738885,4.8423918533164265,441.00020601584737,-0.030053084039135182,-0.13911093296015212,-0.0052328411814013005,441.105920051573,-2,-8,0
12:47:14:232,8.40424569769595,4.734258406179061,443.096931651299,-0.05745976804344886,-0.16787373913373335,0.002567869637573217,443.20191266193746,-3,-10,0
12:47:14:357,8.351993306976686,4.796344089800224,440.85695641522244,-0.03571208143294374,-0.1405259601803006,-0.005226526275126952,440.9621488614651,-2,-8,0
12:47:14:481,8.343993036214002,4.723073352356074,442.5611966612444,-0.08604990672939021,-0.15570768402451887,-7.916666263487536e-05,442.6650454146033,-5,-9,0
12:47:14:602,8.302927459478488,4.851466497696103,442.7106004638095,-0.1111917336568636,0.026554948007845934,-0.007299814682160974,442.81503033953396,-6,1,-1
12:47:14:720,8.441231758045381,4.735056453159248,443.35960288665785,-0.07245905100903113,-0.11831798986011416,0.002571539812151295,443.46523271280535,-4,-7,0
12:47:14:892,8.375140826133054,4.719352170640728,442.45734023256745,-0.10307423978672142,-0.10946296225082272,2.6890220270885243e-05,442.56176201118643,-6,-6,0
12:47:15:013,8.318606509628106,4.812336059598777,443.32064661060815,-0.14199647431943788,0.011967692028459539,-0.005263642872327409,443.42480028056644,-8,1,0
12:47:15:135,8.261558638670786,4.669262295233672,440.25525699166013,0.012656806003921824,0.19244007018633816,-0.004372152057325296,440.35752141903356,1,11,0
12:47:15:260,8.29057606960703,4.78676094599812,440.30920337273125,-0.050488138207990765,-0.11020686758340473,-0.005497538552267093,440.41326195591483,-3,-6,0
12:47:15:384,8.385580882941277,4.690070635691795,443.3733737876146,-0.08277505773750637,-0.0846623915449778,-0.003592274765848048,443.4774665223972,-5,-5,0
12:47:15:508,8.351993306976686,4.796344089800224,440.85695641522244,-0.03571208143294374,-0.1405259601803006,-0.005226526275126952,440.9621488614651,-2,-8,0
12:47:15:626,8.375140826133054,4.719352170640728,442.45734023256745,-0.10307423978672142,-0.10946296225082272,2.6890220270885243e-05,442.56176201118643,-6,-6,0
12:47:15:749,8.302927459478488,4.851466497696103,442.7106004638095,-0.1111917336568636,0.026554948007845934,-0.007299814682160974,442.81503033953396,-6,1,-1
12:47:15:873,8.385580882941277,4.690070635691795,443.3733737876146,-0.08277505773750637,-0.0846623915449778,-0.003592274765848048,443.4774665223972,-5,-5,0
12:47:16:033,8.351993306976686,4.796344089800224,440.85695641522244,-0.03571208143294374,-0.1405259601803006,-0.005226526275126952,440.9621488614651,-2,-8,0
12:47:16:159,8.424398605035694,4.729635500358586,443.05142873371443,-0.08197873620847475,-0.06909633704860382,0.0024324818442874054,443.1567538093134,-5,-4,0
12:47:16:281,8.342278779605152,4.739448509890813,440.26167942061807,-0.07311815191509263,-0.14719188419858242,-0.0016629048147657987,440.3662139102836,-4,-8,0
12:47:16:407,8.445250441166875,4.723813040075662,445.6550375228732,-0.04866123926006579,-0.1387804487555337,0.000665369405215845,445.76008023842286,-3,-8,0
12:47:16:527,8.55658562702917,4.719951193184723,451.5874380774374,0.010567228145469492,-0.11240274783639609,0.003416043489171548,451.6931561648926,1,-6,0
12:47:16:651,8.726036475335915,4.806907831390895,460.6441164729543,-0.1375489411990446,0.10622500123961051,0.006603120177301914,460.75183354666865,-8,6,0
12:47:16:781,8.970974300390507,4.885177624499717,467.26167110056093,-0.17008935155486513,-0.05225459654516011,0.007068589231562887,467.37331183970053,-10,-3,1
12:47:16:895,err,err,err,err,err,err,err,err,err,err
12:47:17:061,err,err,err,err,err,err,err,err,err,err
12:47:17:187,9.131156808973655,4.901866087891871,476.0907461643607,-0.13776229364690196,0.018477150439575856,0.010201515233504726,476.20353306034116,-8,1,1
12:47:17:309,9.26345623369153,4.763565484415275,480.543921923163,-0.19097765557574636,0.006331560950053266,0.008417003875561912,480.65680487725626,-11,0,0
12:47:17:430,9.156958515376665,4.826775698794714,477.7430737998604,-0.15367348943590425,0.05642629102008195,0.01115081056892171,477.85520005189613,-9,3,0
12:47:17:552,err,err,err,err,err,err,err,err,err,err
12:47:17:675,9.305235643514706,4.863878203586571,480.58180574612805,-0.11361948979637708,0.05391980185559823,0.010469538007604128,480.69649128714246,-7,3,0
12:47:17:798,9.311411541785622,4.883503679314191,481.586246332105,-0.053664010523418126,0.10360960448305259,0.006976461129636738,481.7010106376499,-3,6,0
12:47:17:924,9.238076257664225,4.816059208540391,476.86882808300476,-0.1595165758587663,0.01697167250637953,0.008283122198993199,476.9826156963175,-9,1,0
12:47:18:044,9.238076257664225,4.816059208540391,476.86882808300476,-0.1595165758587663,0.01697167250637953,0.008283122198993199,476.9826156963175,-9,1,0
12:47:18:169,err,err,err,err,err,err,err,err,err,err
12:47:18:292,9.238076257664225,4.816059208540391,476.86882808300476,-0.1595165758587663,0.01697167250637953,0.008283122198993199,476.9826156963175,-9,1,0
12:47:18:417,err,err,err,err,err,err,err,err,err,err
12:47:18:533,err,err,err,err,err,err,err,err,err,err
12:47:18:663,9.24471100920605,4.77421431937519,485.2880100582106,-0.14034481941316004,0.08020070903951874,0.004490898817553597,485.3995369901675,-8,5,0
12:47:18:826,9.24471100920605,4.77421431937519,485.2880100582106,-0.14034481941316004,0.08020070903951874,0.004490898817553597,485.3995369901675,-8,5,0
12:47:18:952,err,err,err,err,err,err,err,err,err,err
12:47:19:113,9.22633590044298,4.771825337872593,481.2581495807861,-0.19306396921477822,0.047879311648972064,0.011670146816147064,481.37023394589454,-11,3,0
12:47:19:235,err,err,err,err,err,err,err,err,err,err
12:47:19:355,9.251273888473404,4.852800113817434,479.6446905974457,-0.11409566137820307,-0.01891295817369033,0.007717967490344525,479.75844438198646,-7,-1,1
12:47:19:480,9.217466423969,4.779875515487287,477.9067512842606,-0.18998316794419823,-0.0288706369014489,0.00756385195165416,478.0195307937707,-11,-2,1
12:47:19:605,err,err,err,err,err,err,err,err,err,err
12:47:19:730,9.191732344675874,4.742600092332561,482.6876397875191,-0.16526526672560762,0.12268691501393174,0.00818423727866495,482.7984442837174,-9,7,0
12:47:19:845,err,err,err,err,err,err,err,err,err,err
12:47:19:972,9.258314475814254,4.70841764729958,479.8540003575678,-0.198237277287779,-0.02995266498995005,0.012144870784283227,479.9664022021075,-11,-2,1
12:47:20:095,err,err,err,err,err,err,err,err,err,err
12:47:20:226,9.207447190537254,4.748138946600337,483.1509927902013,-0.1596025442629879,0.06154495040495759,0.004707931971507631,483.2620445900753,-9,4,0
12:47:20:342,err,err,err,err,err,err,err,err,err,err
12:47:20:464,err,err,err,err,err,err,err,err,err,err
12:47:20:584,err,err,err,err,err,err,err,err,err,err
12:47:20:709,9.222448455003036,4.81042536330295,480.3642068045775,-0.15844439567159635,-0.05521045965831316,0.007121010112609621,480.4768099780384,-9,-3,1
12:47:20:832,err,err,err,err,err,err,err,err,err,err
12:47:20:958,9.251273888473404,4.852800113817434,479.6446905974457,-0.11409566137820307,-0.01891295817369033,0.007717967490344525,479.75844438198646,-7,-1,1
12:47:21:077,9.251273888473404,4.852800113817434,479.6446905974457,-0.11409566137820307,-0.01891295817369033,0.007717967490344525,479.75844438198646,-7,-1,1
12:47:21:241,9.251273888473404,4.852800113817434,479.6446905974457,-0.11409566137820307,-0.01891295817369033,0.007717967490344525,479.75844438198646,-7,-1,1
12:47:21:367,9.305235643514706,4.863878203586571,480.58180574612805,-0.11361948979637708,0.05391980185559823,0.010469538007604128,480.69649128714246,-7,3,0
12:47:21:490,9.251273888473404,4.852800113817434,479.6446905974457,-0.11409566137820307,-0.01891295817369033,0.007717967490344525,479.75844438198646,-7,-1,1
12:47:21:610,9.251273888473404,4.852800113817434,479.6446905974457,-0.11409566137820307,-0.01891295817369033,0.007717967490344525,479.75844438198646,-7,-1,1
12:47:21:735,9.241115130233405,4.872361775942538,480.79763300312106,-0.0657761859830953,0.15733026225496705,0.010078648785823324,480.9111165480891,-4,9,0
12:47:21:857,9.288595262986714,4.872183378289384,480.9643890980613,-0.08310017112539178,-0.07714779452783195,0.0076572557381387905,481.07874589645155,-5,-4,1
12:47:21:984,9.311411541785622,4.883503679314191,481.586246332105,-0.053664010523418126,0.10360960448305259,0.006976461129636738,481.7010106376499,-3,6,0
12:47:22:104,9.258745950116207,4.806632935890039,480.0456016309583,-0.15823201705910708,-0.013010443737428911,0.00998096423601876,480.15894008336227,-9,-1,1
12:47:22:229,9.242105150112778,4.832807353546828,482.01369305650906,-0.11978584487996388,0.04385305546287606,0.01275737948772836,482.1265112275996,-7,3,1
12:47:22:346,err,err,err,err,err,err,err,err,err,err
12:47:22:470,9.251273888473404,4.852800113817434,479.6446905974457,-0.11409566137820307,-0.01891295817369033,0.007717967490344525,479.75844438198646,-7,-1,1
12:47:22:595,9.205116143802003,4.866317375469141,480.58606453927655,-0.09207677641978573,0.08429342140953479,0.010441875847904418,480.6988460953171,-5,5,0
12:47:22:717,9.205116143802003,4.866317375469141,480.58606453927655,-0.09207677641978573,0.08429342140953479,0.010441875847904418,480.6988460953171,-5,5,0
12:47:22:844,9.251273888473404,4.852800113817434,479.6446905974457,-0.11409566137820307,-0.01891295817369033,0.007717967490344525,479.75844438198646,-7,-1,1
12:47:22:963,9.203331909895873,4.881478648127895,481.4442892850663,-0.056575705345187875,-0.07034802635405082,0.007761522187469916,481.55698918948156,-3,-4,1
12:47:23:090,err,err,err,err,err,err,err,err,err,err
12:47:23:210,err,err,err,err,err,err,err,err,err,err
12:47:23:334,9.146827661445654,4.789656344052228,474.7702488550334,-0.1886342954308443,0.05917635640116708,0.011715787171268506,474.88250595492843,-11,3,0
12:47:23:458,9.209404466766165,4.850840949779126,479.50512225986785,-0.11798816346191042,-0.07470191846724845,0.004988001267088546,479.6180835435663,-7,-4,1
12:47:23:583,9.217466423969,4.779875515487287,477.9067512842606,-0.18998316794419823,-0.0288706369014489,0.00756385195165416,478.0195307937707,-11,-2,1
12:47:23:706,9.211716981471426,4.825821835005906,477.6589263255682,-0.153905159964506,-0.02703109362890597,0.005395014366718289,477.7721153276157,-9,-2,0
12:47:23:868,err,err,err,err,err,err,err,err,err,err
12:47:23:988,err,err,err,err,err,err,err,err,err,err
12:47:24:116,9.209404466766165,4.850840949779126,479.50512225986785,-0.11798816346191042,-0.07470191846724845,0.004988001267088546,479.6180835435663,-7,-4,1
12:47:24:234,err,err,err,err,err,err,err,err,err,err
12:47:24:359,9.24684312079696,4.758771702850268,479.99190029679295,-0.16067909550792467,0.03531822842659975,0.0062882739265197884,480.1045452464983,-9,2,0
12:47:24:483,err,err,err,err,err,err,err,err,err,err
12:47:24:601,err,err,err,err,err,err,err,err,err,err
12:47:24:728,9.217466423969,4.779875515487287,477.9067512842606,-0.18998316794419823,-0.0288706369014489,0.00756385195165416,478.0195307937707,-11,-2,1
12:47:24:852,9.209404466766165,4.850840949779126,479.50512225986785,-0.11798816346191042,-0.07470191846724845,0.004988001267088546,479.6180835435663,-7,-4,1
12:47:24:976,err,err,err,err,err,err,err,err,err,err
12:47:25:122,9.251273888473404,4.852800113817434,479.6446905974457,-0.11409566137820307,-0.01891295817369033,0.007717967490344525,479.75844438198646,-7,-1,1
12:47:25:298,err,err,err,err,err,err,err,err,err,err
12:47:25:424,err,err,err,err,err,err,err,err,err,err
12:47:25:547,9.16110325441866,4.74813869427558,475.270630938256,-0.21631140763190487,0.04038216500475227,0.01388606092424294,475.3826282757355,-12,2,1
12:47:25:668,err,err,err,err,err,err,err,err,err,err
12:47:25:792,err,err,err,err,err,err,err,err,err,err
12:47:25:914,err,err,err,err,err,err,err,err,err,err
12:47:26:041,err,err,err,err,err,err,err,err,err,err
12:47:26:162,err,err,err,err,err,err,err,err,err,err
12:47:26:323,err,err,err,err,err,err,err,err,err,err
12:47:26:450,err,err,err,err,err,err,err,err,err,err
12:47:26:613,err,err,err,err,err,err,err,err,err,err
12:47:26:737,err,err,err,err,err,err,err,err,err,err
12:47:26:859,err,err,err,err,err,err,err,err,err,err
12:47:26:979,err,err,err,err,err,err,err,err,err,err
12:47:27:101,err,err,err,err,err,err,err,err,err,err
12:47:27:227,err,err,err,err,err,err,err,err,err,err
12:47:27:354,err,err,err,err,err,err,err,err,err,err
12:47:27:477,err,err,err,err,err,err,err,err,err,err
12:47:27:596,err,err,err,err,err,err,err,err,err,err
12:47:27:721,err,err,err,err,err,err,err,err,err,err
12:47:27:843,err,err,err,err,err,err,err,err,err,err
12:47:27:961,err,err,err,err,err,err,err,err,err,err
12:47:28:091,err,err,err,err,err,err,err,err,err,err
12:47:28:211,err,err,err,err,err,err,err,err,err,err
12:47:28:373,err,err,err,err,err,err,err,err,err,err
12:47:28:500,err,err,err,err,err,err,err,err,err,err
12:47:28:711,err,err,err,err,err,err,err,err,err,err
12:47:28:955,err,err,err,err,err,err,err,err,err,err
12:47:29:086,err,err,err,err,err,err,err,err,err,err
12:47:29:205,err,err,err,err,err,err,err,err,err,err
12:47:29:335,err,err,err,err,err,err,err,err,err,err
12:47:29:456,err,err,err,err,err,err,err,err,err,err
12:47:29:569,err,err,err,err,err,err,err,err,err,err
12:47:29:686,err,err,err,err,err,err,err,err,err,err
12:47:29:810,err,err,err,err,err,err,err,err,err,err
12:47:29:935,err,err,err,err,err,err,err,err,err,err
12:47:30:058,err,err,err,err,err,err,err,err,err,err
12:47:30:184,9.84228967756603,4.802140149435568,518.915521582085,-0.22844763662105372,0.043286423806449995,0.005462753148981725,519.0310681981564,-13,2,0
12:47:30:305,9.855317182248788,5.037517438468091,521.5910230857554,-0.15106121424542587,-0.07647329569177755,-7.914803562345176e-05,521.7084427363147,-9,-4,0
12:47:30:425,err,err,err,err,err,err,err,err,err,err
12:47:30:551,10.017867440246684,5.044400037484684,522.1836253096873,-0.14740166202435126,-0.05680537101199681,0.0005586522607927039,522.3040706153422,-8,-3,0
12:47:30:712,9.987123563925799,5.065691981247476,528.2875386005541,-0.0912069087802437,-0.10505516387812272,-0.0024251689522849563,528.4062143019912,-5,-6,0
12:47:30:840,10.004054433666386,4.706694021939973,523.8330880409693,-0.10885213452857467,-0.07414844435114862,0.002972484167099505,523.9497477814698,-6,-4,0
12:47:30:960,10.050323622117576,5.0936750558461705,525.9494787953746,-0.07170187410882163,-0.09785890668944097,0.002893467187651897,526.0701557545439,-4,-6,0
12:47:31:083,9.959690729424253,4.912771557326812,524.3786713597018,-0.20863077902215546,-0.055181193815292115,0.007501074651762974,524.4962552209181,-12,-3,1
12:47:31:208,10.006703759631181,4.961906774312022,524.0677436807983,-0.16599293299735196,-0.06618975374964309,0.0053539368388446865,524.1867554656956,-10,-4,1
12:47:31:330,10.015818475195603,4.959511905636361,519.2857988421976,-0.18045043568269184,-0.0265763005242016,0.01082831906946571,519.4060591264309,-10,-1,1
12:47:31:452,10.048461477786777,5.064981189341347,523.7369779006523,-0.1070931603999049,-0.027469723038602956,0.006012990373814608,523.8578505978767,-6,-2,0
12:47:31:571,err,err,err,err,err,err,err,err,err,err
12:47:31:698,10.006703759631181,4.961906774312022,524.0677436807983,-0.16599293299735196,-0.06618975374964309,0.0053539368388446865,524.1867554656956,-10,-4,1
12:47:31:823,9.924691829912511,4.992453318974097,522.0789122154079,-0.14469882074607535,-0.09792504925701721,0.0070679987881308234,522.1971032838887,-8,-6,1
12:47:31:945,9.971879381207728,5.028903428308919,525.4348044845148,-0.1533658059665558,-0.021388869759234957,0.0010055363026565598,525.5534815903752,-9,-1,0
12:47:32:067,9.85483914031154,4.933455473799608,521.5772156576354,-0.19491575826257934,-0.07808110205106793,0.0021632728393511007,521.6936349339187,-11,-4,1
12:47:32:190,9.974850325965768,4.9914810892094685,521.9735456942236,-0.14235327247148263,-0.10277033436025636,0.007261981891259573,522.0927072150014,-8,-6,1
12:47:32:314,9.924691829912511,4.992453318974097,522.0789122154079,-0.14469882074607535,-0.09792504925701721,0.0070679987881308234,522.1971032838887,-8,-6,1
12:47:32:435,9.971879381207728,5.028903428308919,525.4348044845148,-0.1533658059665558,-0.021388869759234957,0.0010055363026565598,525.5534815903752,-9,-1,0
12:47:32:558,err,err,err,err,err,err,err,err,err,err
12:47:32:682,9.974850325965768,4.9914810892094685,521.9735456942236,-0.14235327247148263,-0.10277033436025636,0.007261981891259573,522.0927072150014,-8,-6,1
12:47:32:802,9.959690729424253,4.912771557326812,524.3786713597018,-0.20863077902215546,-0.055181193815292115,0.007501074651762974,524.4962552209181,-12,-3,1
12:47:32:931,9.955350912694598,4.962287583937169,524.1138933941944,-0.16796266823054534,-0.06162617118409487,0.005164482367305064,524.2319205835157,-10,-3,1
12:47:33:052,9.959690729424253,4.912771557326812,524.3786713597018,-0.20863077902215546,-0.055181193815292115,0.007501074651762974,524.4962552209181,-12,-3,1
12:47:33:173,10.006703759631181,4.961906774312022,524.0677436807983,-0.16599293299735196,-0.06618975374964309,0.0053539368388446865,524.1867554656956,-10,-4,1
12:47:33:295,err,err,err,err,err,err,err,err,err,err
12:47:33:420,9.85483914031154,4.933455473799608,521.5772156576354,-0.19491575826257934,-0.07808110205106793,0.0021632728393511007,521.6936349339187,-11,-4,1
12:47:33:544,9.955350912694598,4.962287583937169,524.1138933941944,-0.16796266823054534,-0.06162617118409487,0.005164482367305064,524.2319205835157,-10,-3,1
12:47:33:666,9.868264352379953,4.992115632879061,522.1118540546522,-0.1540591493965022,-0.04251336108052356,0.0105339181903589,522.2289651141604,-9,-2,1
12:47:33:785,9.955350912694598,4.962287583937169,524.1138933941944,-0.16796266823054534,-0.06162617118409487,0.005164482367305064,524.2319205835157,-10,-3,1
12:47:33:915,err,err,err,err,err,err,err,err,err,err
12:47:34:032,err,err,err,err,err,err,err,err,err,err
12:47:34:160,err,err,err,err,err,err,err,err,err,err
12:47:34:279,err,err,err,err,err,err,err,err,err,err
12:47:34:405,9.953498085122238,5.066880530878872,523.9657598422698,-0.11428286767152089,-0.06475988899059647,0.00281686026413777,524.0847859741131,-7,-4,0
12:47:34:569,err,err,err,err,err,err,err,err,err,err
12:47:34:689,err,err,err,err,err,err,err,err,err,err
12:47:34:854,err,err,err,err,err,err,err,err,err,err
12:47:34:977,err,err,err,err,err,err,err,err,err,err
12:47:35:099,err,err,err,err,err,err,err,err,err,err
12:47:35:223,err,err,err,err,err,err,err,err,err,err
12:47:35:344,err,err,err,err,err,err,err,err,err,err
12:47:35:470,err,err,err,err,err,err,err,err,err,err
12:47:35:588,err,err,err,err,err,err,err,err,err,err
12:47:35:737,err,err,err,err,err,err,err,err,err,err
12:47:35:838,err,err,err,err,err,err,err,err,err,err
12:47:35:963,err,err,err,err,err,err,err,err,err,err
12:47:36:083,err,err,err,err,err,err,err,err,err,err
12:47:36:207,9.955350912694598,4.962287583937169,524.1138933941944,-0.16796266823054534,-0.06162617118409487,0.005164482367305064,524.2319205835157,-10,-3,1
12:47:36:374,err,err,err,err,err,err,err,err,err,err
12:47:36:492,err,err,err,err,err,err,err,err,err,err
12:47:36:615,err,err,err,err,err,err,err,err,err,err
12:47:36:744,err,err,err,err,err,err,err,err,err,err
12:47:36:864,9.959690729424253,4.912771557326812,524.3786713597018,-0.20863077902215546,-0.055181193815292115,0.007501074651762974,524.4962552209181,-12,-3,1
12:47:37:011,9.906321129502649,4.831427769654744,521.6025728053274,-0.23103096078658197,-0.07616144175067978,0.0046214466605489085,521.7190066019746,-13,-4,1
12:47:37:153,9.85483914031154,4.933455473799608,521.5772156576354,-0.19491575826257934,-0.07808110205106793,0.0021632728393511007,521.6936349339187,-11,-4,1
12:47:37:273,10.037554513598941,4.800793480999668,523.5290120048645,-0.21567211685955545,0.010529417029046402,0.0069875426177407225,523.647234815052,-12,1,0
12:47:37:400,10.045530861017017,4.851812629376148,523.0653421771254,-0.11596296450113303,-0.12247019537410064,-0.0003508529818196948,523.1842934979447,-7,-7,0
12:47:37:520,9.906321129502649,4.831427769654744,521.6025728053274,-0.23103096078658197,-0.07616144175067978,0.0046214466605489085,521.7190066019746,-13,-4,1
12:47:37:644,10.060284411527,4.8885654482414775,526.8168558858508,-0.1758745949160401,-0.04997762317940356,0.010422063159901213,526.93558148984,-10,-3,1
12:47:37:767,10.055013992275905,4.9384854545525725,526.2991003781344,-0.11370078248293528,-0.07641523957241848,0.007962210413207497,526.4183080059083,-7,-4,1
12:47:37:886,9.953705199616866,4.989422021743595,526.3420552150095,-0.12672683897553325,-0.10347359044235743,0.004741865931094222,526.4598082164223,-7,-6,1
12:47:38:010,10.00905326813579,4.994172950597735,526.6666153568432,-0.111976449681339,-0.06848919660474359,0.007752330619919002,526.78538954893,-6,-4,1
12:47:38:131,err,err,err,err,err,err,err,err,err,err
12:47:38:260,10.045832846543767,4.903886197756473,523.5713650280475,-0.21354141661401815,-0.02472676511626022,0.010947142466997172,523.6906922361272,-12,-1,1
12:47:38:379,err,err,err,err,err,err,err,err,err,err
12:47:38:505,10.092563750442086,5.020815674557426,527.5442593603709,0.009604784907398724,-0.10714715748930903,0.010520002266714191,527.6646795240107,1,-6,1
12:47:38:623,10.10835527496436,4.96928306684999,529.370684155769,-0.14887346529394727,-0.024326842039822903,0.013227175897483085,529.4905040358234,-9,-1,1
12:47:38:750,10.07531256794721,4.947514169037285,527.4394679315233,-0.16384343905494558,-0.09043512708597341,0.0066669366203541604,527.5588897475646,-9,-5,1
12:47:38:874,10.012884209770183,4.9430050170174376,527.0772926363312,-0.17449878657959528,-0.04542173553603123,0.010221606784028354,527.195564815981,-10,-3,1
12:47:38:992,10.012884209770183,4.9430050170174376,527.0772926363312,-0.17449878657959528,-0.04542173553603123,0.010221606784028354,527.195564815981,-10,-3,1
12:47:39:122,10.02054777523503,4.899818154805092,527.4328465130709,-0.10504054861444073,-0.04856482040678073,0.007705587396245273,527.5507816092651,-6,-3,1
12:47:39:242,10.012884209770183,4.9430050170174376,527.0772926363312,-0.17449878657959528,-0.04542173553603123,0.010221606784028354,527.195564815981,-10,-3,1
12:47:39:365,9.900595235750806,4.9065876509023045,523.683707961618,-0.16343510443245032,-0.1127684487696227,0.0019374143872678737,523.8002695425303,-9,-6,1
12:47:39:489,9.980980394941728,4.890669884730589,522.2672363706464,-0.17945946337566956,-0.13312577161815012,0.005763055162021895,522.3854944461975,-10,-8,1
12:47:39:609,10.0119681817268,4.960389960783113,523.510004103474,-0.10483209316619836,-0.13929420920415336,0.0071579066719768695,523.6292289128389,-6,-8,1
12:47:39:733,10.077619786444139,4.868933209111698,524.3267895066814,-0.08144267294479499,-0.15704962080644874,-0.0004001276335063571,524.4462290126021,-5,-9,0
12:47:39:854,10.053163529197809,4.875693415519455,520.4151375416523,-0.10097380361583343,-0.14997404140704723,0.0019029176516193755,520.5350649723069,-6,-9,1
12:47:39:985,10.073737547488246,4.937097865847377,521.6597897952487,-0.1406439999973496,-0.13662650430984177,0.0040402034937130375,521.7804053552946,-8,-8,1
12:47:40:103,10.09703392695083,4.903729298331488,523.1078845806696,-0.11374480486683078,-0.11625702734903896,-0.00013416144621018874,523.2283015717102,-7,-7,0
12:47:40:226,10.09703392695083,4.903729298331488,523.1078845806696,-0.11374480486683078,-0.11625702734903896,-0.00013416144621018874,523.2283015717102,-7,-7,0
12:47:40:351,10.09703392695083,4.903729298331488,523.1078845806696,-0.11374480486683078,-0.11625702734903896,-0.00013416144621018874,523.2283015717102,-7,-7,0
12:47:40:472,10.09703392695083,4.903729298331488,523.1078845806696,-0.11374480486683078,-0.11625702734903896,-0.00013416144621018874,523.2283015717102,-7,-7,0
12:47:40:636,10.01910319804632,4.953333307934012,518.4680084689646,-0.1357076878391002,-0.16870321028692653,0.006068968273564669,518.588462796394,-8,-10,1
12:47:40:800,10.073737547488246,4.937097865847377,521.6597897952487,-0.1406439999973496,-0.13662650430984177,0.0040402034937130375,521.7804053552946,-8,-8,1
12:47:40:923,10.053163529197809,4.875693415519455,520.4151375416523,-0.10097380361583343,-0.14997404140704723,0.0019029176516193755,520.5350649723069,-6,-9,1
12:47:41:042,10.073737547488246,4.937097865847377,521.6597897952487,-0.1406439999973496,-0.13662650430984177,0.0040402034937130375,521.7804053552946,-8,-8,1
12:47:41:169,10.073737547488246,4.937097865847377,521.6597897952487,-0.1406439999973496,-0.13662650430984177,0.0040402034937130375,521.7804053552946,-8,-8,1
12:47:41:294,10.073737547488246,4.937097865847377,521.6597897952487,-0.1406439999973496,-0.13662650430984177,0.0040402034937130375,521.7804053552946,-8,-8,1
12:47:41:416,10.073737547488246,4.937097865847377,521.6597897952487,-0.1406439999973496,-0.13662650430984177,0.0040402034937130375,521.7804053552946,-8,-8,1
12:47:41:535,10.017947639946435,4.888318322596993,521.3873363569134,-0.08155182850918051,-0.11007565856874668,0.005168033064874545,521.5064807308696,-5,-6,1
12:47:41:660,10.073737547488246,4.937097865847377,521.6597897952487,-0.1406439999973496,-0.13662650430984177,0.0040402034937130375,521.7804053552946,-8,-8,1
12:47:41:793,10.073737547488246,4.937097865847377,521.6597897952487,-0.1406439999973496,-0.13662650430984177,0.0040402034937130375,521.7804053552946,-8,-8,1
12:47:41:905,10.033580394175837,4.9456107190688625,522.4000194148194,-0.13370912054841957,-0.09457034080583784,0.007424911045925217,522.5197719565401,-8,-5,1
12:47:42:031,10.073737547488246,4.937097865847377,521.6597897952487,-0.1406439999973496,-0.13662650430984177,0.0040402034937130375,521.7804053552946,-8,-8,1
12:47:42:152,10.09703392695083,4.903729298331488,523.1078845806696,-0.11374480486683078,-0.11625702734903896,-0.00013416144621018874,523.2283015717102,-7,-7,0
12:47:42:271,9.985565069658596,4.965245811415492,519.4648688528433,-0.12315697117641293,-0.13280210429908476,0.009424364875493117,519.5845601516945,-7,-8,1
12:47:42:397,10.09703392695083,4.903729298331488,523.1078845806696,-0.11374480486683078,-0.11625702734903896,-0.00013416144621018874,523.2283015717102,-7,-7,0
12:47:42:522,9.985565069658596,4.965245811415492,519.4648688528433,-0.12315697117641293,-0.13280210429908476,0.009424364875493117,519.5845601516945,-7,-8,1
12:47:42:647,10.073737547488246,4.937097865847377,521.6597897952487,-0.1406439999973496,-0.13662650430984177,0.0040402034937130375,521.7804053552946,-8,-8,1
12:47:42:765,10.051809221411643,4.910606041614265,523.7376493678516,-0.11261708821726232,-0.06228623037565722,0.0032127191800778864,523.8571162880985,-6,-4,0
12:47:42:895,10.083604906580472,4.947139327921824,521.7501518299497,-0.05348293264469638,-0.1293787374327532,0.00825169755516537,521.8710321621784,-3,-7,1
12:47:43:014,10.107362002473831,4.974456587396226,520.1276025765826,-0.10455125250300185,-0.17137577989259192,0.00914670905072136,520.2495814001703,-6,-10,1
12:47:43:137,10.051809221411643,4.910606041614265,523.7376493678516,-0.11261708821726232,-0.06228623037565722,0.0032127191800778864,523.8571162880985,-6,-4,0
12:47:43:261,10.09703392695083,4.903729298331488,523.1078845806696,-0.11374480486683078,-0.11625702734903896,-0.00013416144621018874,523.2283015717102,-7,-7,0
12:47:43:382,10.00602961822138,4.931208873405285,520.780860279384,-0.09593968346388647,-0.11271007124376967,0.005246466260522547,520.9003185668148,-6,-6,1
12:47:43:509,10.04136270972957,4.919188366713133,519.8042449090208,-0.10974556008147095,-0.15333288657007513,0.001955074503735738,519.9244949073786,-6,-9,1
12:47:43:628,10.09703392695083,4.903729298331488,523.1078845806696,-0.11374480486683078,-0.11625702734903896,-0.00013416144621018874,523.2283015717102,-7,-7,0
12:47:43:752,10.09703392695083,4.903729298331488,523.1078845806696,-0.11374480486683078,-0.11625702734903896,-0.00013416144621018874,523.2283015717102,-7,-7,0
12:47:43:875,10.00602961822138,4.931208873405285,520.780860279384,-0.09593968346388647,-0.11271007124376967,0.005246466260522547,520.9003185668148,-6,-6,1
12:47:43:994,10.07011957273385,4.839605841686337,521.4569857229544,-0.06770761360035465,-0.13666360087722262,-0.0022780795210661847,521.5766645970481,-4,-8,0
12:47:44:122,10.00602961822138,4.931208873405285,520.780860279384,-0.09593968346388647,-0.11271007124376967,0.005246466260522547,520.9003185668148,-6,-6,1
12:47:44:241,10.04136270972957,4.919188366713133,519.8042449090208,-0.10974556008147095,-0.15333288657007513,0.001955074503735738,519.9244949073786,-6,-9,1
12:47:44:365,10.01910319804632,4.953333307934012,518.4680084689646,-0.1357076878391002,-0.16870321028692653,0.006068968273564669,518.588462796394,-8,-10,1
12:47:44:487,10.00748159488751,4.850175612656444,517.8118109188492,-0.07558126506142941,-0.17291167289002693,-0.00010197423378370548,517.9312168796198,-4,-10,0
12:47:44:610,9.991464299311074,4.8874306646196946,516.8528266652327,-0.10385649559237856,-0.18322245239141408,0.003994794690353642,516.972495176665,-6,-10,1
12:47:44:735,10.01910319804632,4.953333307934012,518.4680084689646,-0.1357076878391002,-0.16870321028692653,0.006068968273564669,518.588462796394,-8,-10,1
12:47:44:860,9.985565069658596,4.965245811415492,519.4648688528433,-0.12315697117641293,-0.13280210429908476,0.009424364875493117,519.5845601516945,-7,-8,1
12:47:44:983,10.033580394175837,4.9456107190688625,522.4000194148194,-0.13370912054841957,-0.09457034080583784,0.007424911045925217,522.5197719565401,-8,-5,1
12:47:45:104,10.00602961822138,4.931208873405285,520.780860279384,-0.09593968346388647,-0.11271007124376967,0.005246466260522547,520.9003185668148,-6,-6,1
12:47:45:226,10.00602961822138,4.931208873405285,520.780860279384,-0.09593968346388647,-0.11271007124376967,0.005246466260522547,520.9003185668148,-6,-6,1
12:47:45:353,9.985565069658596,4.965245811415492,519.4648688528433,-0.12315697117641293,-0.13280210429908476,0.009424364875493117,519.5845601516945,-7,-8,1
12:47:45:473,10.04136270972957,4.919188366713133,519.8042449090208,-0.10974556008147095,-0.15333288657007513,0.001955074503735738,519.9244949073786,-6,-9,1
12:47:45:597,10.07011957273385,4.839605841686337,521.4569857229544,-0.06770761360035465,-0.13666360087722262,-0.0022780795210661847,521.5766645970481,-4,-8,0
12:47:45:719,9.985565069658596,4.965245811415492,519.4648688528433,-0.12315697117641293,-0.13280210429908476,0.009424364875493117,519.5845601516945,-7,-8,1
12:47:45:844,10.01910319804632,4.953333307934012,518.4680084689646,-0.1357076878391002,-0.16870321028692653,0.006068968273564669,518.588462796394,-8,-10,1
12:47:45:967,9.97379178766213,4.907961782029557,518.9311622092658,-0.12998950820251068,-0.18067864122033156,-0.0010782321089598155,519.0502053976444,-8,-10,1
12:47:46:089,9.985565069658596,4.965245811415492,519.4648688528433,-0.12315697117641293,-0.13280210429908476,0.009424364875493117,519.5845601516945,-7,-8,1
12:47:46:214,10.072544537739214,4.986424143150194,521.0514763497415,-0.08729750454685023,-0.1374415331345836,0.012446266860178934,521.1726792392761,-5,-8,1
12:47:46:332,10.072544537739214,4.986424143150194,521.0514763497415,-0.08729750454685023,-0.1374415331345836,0.012446266860178934,521.1726792392761,-5,-8,1
12:47:46:458,10.031677774341413,4.86784542038815,518.6414647411694,-0.016370371981319926,-0.1649119630270455,0.006261891453380254,518.7613125772494,-1,-9,0
12:47:46:583,10.072544537739214,4.986424143150194,521.0514763497415,-0.08729750454685023,-0.1374415331345836,0.012446266860178934,521.1726792392761,-5,-8,1
12:47:46:745,9.985565069658596,4.965245811415492,519.4648688528433,-0.12315697117641293,-0.13280210429908476,0.009424364875493117,519.5845601516945,-7,-8,1
12:47:46:908,10.00602961822138,4.931208873405285,520.780860279384,-0.09593968346388647,-0.11271007124376967,0.005246466260522547,520.9003185668148,-6,-6,1
12:47:47:033,10.00602961822138,4.931208873405285,520.780860279384,-0.09593968346388647,-0.11271007124376967,0.005246466260522547,520.9003185668148,-6,-6,1
12:47:47:153,10.01910319804632,4.953333307934012,518.4680084689646,-0.1357076878391002,-0.16870321028692653,0.006068968273564669,518.588462796394,-8,-10,1
12:47:47:282,10.01910319804632,4.953333307934012,518.4680084689646,-0.1357076878391002,-0.16870321028692653,0.006068968273564669,518.588462796394,-8,-10,1
12:47:47:401,10.033580394175837,4.9456107190688625,522.4000194148194,-0.13370912054841957,-0.09457034080583784,0.007424911045925217,522.5197719565401,-8,-5,1
12:47:47:522,9.985565069658596,4.965245811415492,519.4648688528433,-0.12315697117641293,-0.13280210429908476,0.009424364875493117,519.5845601516945,-7,-8,1
12:47:47:649,9.980980394941728,4.890669884730589,522.2672363706464,-0.17945946337566956,-0.13312577161815012,0.005763055162021895,522.3854944461975,-10,-8,1
12:47:47:768,9.980980394941728,4.890669884730589,522.2672363706464,-0.17945946337566956,-0.13312577161815012,0.005763055162021895,522.3854944461975,-10,-8,1
12:47:47:896,10.081036532624205,5.076646760643388,524.5091018258234,-0.07963455559098476,-0.15510755572440316,-0.0003684461984306958,524.6305343172817,-5,-9,0
12:47:48:015,10.219124420074921,4.823533194124482,529.0961432529311,-0.03017552222937947,-0.12458513912749382,0.00043844797637492927,529.2168041375047,-2,-7,0
12:47:48:138,10.048728382333909,4.944427071586016,531.5041531154844,-0.09817087882297494,-0.14244180322060726,-0.008142660920079446,531.62212997596,-6,-8,0
12:47:48:262,err,err,err,err,err,err,err,err,err,err
12:47:48:384,10.313280824605245,5.129349491050844,549.1131135680182,-0.18993188593755753,-0.13418967364363152,-0.01461791209539559,549.2339078024332,-11,-8,0
12:47:48:593,err,err,err,err,err,err,err,err,err,err
12:47:48:711,10.623079441309633,5.194532622232372,560.2346743294985,-0.21113090806576096,-0.06043833582189076,-0.013196221787313481,560.359459014532,-12,-4,0
12:47:48:832,err,err,err,err,err,err,err,err,err,err
12:47:48:958,10.62055831214938,5.33754835389559,563.3344334441822,0.16204656013775687,0.008772358206663458,-0.017092675616698156,563.4598207371753,9,1,-1
12:47:49:080,err,err,err,err,err,err,err,err,err,err
12:47:49:245,err,err,err,err,err,err,err,err,err,err
12:47:49:367,err,err,err,err,err,err,err,err,err,err
12:47:49:491,10.522463638422378,5.510723997952613,559.581897326059,0.14016486544498127,0.11101757103151977,-0.019776373365549143,559.7079507520289,8,6,-1
12:47:49:617,10.629490253479034,5.369438451823118,560.8401087234417,-0.1153139641563532,0.033786623221880356,-0.00677960222340478,560.9665270631205,-7,2,0
12:47:49:738,10.362127627047155,5.759124980361801,558.1237581789793,0.10668442066138072,0.21070710504477966,-0.021787819194719605,558.2496490400387,6,12,-1
12:47:49:862,10.411303235302821,5.503671767991355,559.9842798462126,0.09711231670529515,0.18850051382772054,-0.009945319410708224,560.1080960965201,6,11,0
12:47:49:984,10.299469029197585,5.465942167019429,557.6204098845153,0.04360755298826575,0.2321176566392827,-0.019278310729083946,557.7423034931378,2,13,-1
12:47:50:107,10.478696291504415,5.672942062127706,563.4432570512856,-0.13061288751482292,-0.1407552013763212,-0.01160116054362267,563.5692408783245,-7,-8,0
12:47:50:230,10.483697252110986,5.551228675598569,557.6761412517252,-0.14738908454697935,-0.1578759805270479,-0.009617692678279837,557.8022970276269,-8,-9,0
12:47:50:350,10.498962518107852,5.713994667024605,564.1211325574928,0.08930572841606413,0.138482219682833,-0.011575423620171756,564.2477559963884,5,8,0
12:47:50:475,10.217007552301506,5.582619330219874,556.3006126536985,0.140337682295559,0.22272540940972488,-0.01774947080064984,556.4224335168292,8,13,0
12:47:50:598,10.478696291504415,5.672942062127706,563.4432570512856,-0.13061288751482292,-0.1407552013763212,-0.01160116054362267,563.5692408783245,-7,-8,0
12:47:50:722,10.322579644350773,5.489997569339031,552.44321193998,-0.20722496191086107,-0.14086259968794745,-0.012690542510494666,552.5669173433992,-12,-8,0
12:47:50:843,10.538366497847967,5.643445291110858,561.0078736663806,-0.16052613331918,-0.11742601401858357,-0.011778568440323595,561.1352243077157,-9,-7,0
12:47:50:971,10.483697252110986,5.551228675598569,557.6761412517252,-0.14738908454697935,-0.1578759805270479,-0.009617692678279837,557.8022970276269,-8,-9,0
12:47:51:090,10.535907633236109,5.366978957721675,560.9204476939832,-0.20620487882009803,-0.14635412983962498,-0.012715713404365189,561.045059201137,-12,-8,0
12:47:51:210,err,err,err,err,err,err,err,err,err,err
12:47:51:335,err,err,err,err,err,err,err,err,err,err
12:47:51:501,10.702407979717492,5.5240469342578065,569.6147242295398,-0.08686728913992356,-0.10029485270717524,-0.01054326216471475,569.7420387247117,-5,-6,0
12:47:51:623,err,err,err,err,err,err,err,err,err,err
12:47:51:747,err,err,err,err,err,err,err,err,err,err
12:47:51:869,10.575024353305393,5.447931342928537,563.2575439630933,-0.18378875317973098,-0.12035436530537925,-0.01714799014581906,563.3831484232788,-11,-7,0
12:47:51:994,err,err,err,err,err,err,err,err,err,err
12:47:52:114,10.575024353305393,5.447931342928537,563.2575439630933,-0.18378875317973098,-0.12035436530537925,-0.01714799014581906,563.3831484232788,-11,-7,0
12:47:52:260,err,err,err,err,err,err,err,err,err,err
12:47:52:364,10.575024353305393,5.447931342928537,563.2575439630933,-0.18378875317973098,-0.12035436530537925,-0.01714799014581906,563.3831484232788,-11,-7,0
12:47:52:484,err,err,err,err,err,err,err,err,err,err
12:47:52:609,10.561813325717905,5.4706234223318875,565.2314091478606,-0.15844429076555797,-0.15242013091378606,-0.017570933057549917,565.356547241325,-9,-9,0
12:47:52:731,10.490720256963101,5.659153039091152,567.0944297906049,-0.13418336867265096,-0.1778073715541999,-0.017332754002663226,567.2196871796332,-8,-10,0
12:47:52:855,10.575024353305393,5.447931342928537,563.2575439630933,-0.18378875317973098,-0.12035436530537925,-0.01714799014581906,563.3831484232788,-11,-7,0
12:47:53:016,10.609790339482766,5.52781851210488,565.483875034433,-0.20591442535049978,-0.08387295638066175,-0.019228285442675387,565.6104112836935,-12,-5,-1
12:47:53:140,err,err,err,err,err,err,err,err,err,err
12:47:53:261,10.72596176913666,5.563292047570614,568.621889569506,-0.1775155438131431,-0.06443164674343181,-0.016020426658492695,568.7502525466473,-10,-4,-1
12:47:53:383,err,err,err,err,err,err,err,err,err,err
12:47:53:508,err,err,err,err,err,err,err,err,err,err
12:47:53:628,err,err,err,err,err,err,err,err,err,err
12:47:53:750,err,err,err,err,err,err,err,err,err,err
12:47:53:878,err,err,err,err,err,err,err,err,err,err
12:47:54:040,err,err,err,err,err,err,err,err,err,err
12:47:54:163,err,err,err,err,err,err,err,err,err,err
12:47:54:288,err,err,err,err,err,err,err,err,err,err
12:47:54:409,err,err,err,err,err,err,err,err,err,err
12:47:54:535,err,err,err,err,err,err,err,err,err,err
12:47:54:656,err,err,err,err,err,err,err,err,err,err
12:47:54:778,err,err,err,err,err,err,err,err,err,err
12:47:54:904,err,err,err,err,err,err,err,err,err,err
12:47:55:023,err,err,err,err,err,err,err,err,err,err
12:47:55:151,err,err,err,err,err,err,err,err,err,err
12:47:55:273,10.699680427507664,5.297983120952783,565.9898704633314,0.11685129847999039,-0.11595160267878707,-0.016663552297238628,566.1157878504179,7,-7,-1
12:47:55:391,err,err,err,err,err,err,err,err,err,err
12:47:55:519,10.696278720099253,5.318269137371632,569.1922482875557,0.056410103611923834,-0.1069527391290667,-0.019969770939162385,569.3175826159929,3,-6,-1
12:47:55:642,err,err,err,err,err,err,err,err,err,err
12:47:55:767,10.699680427507664,5.297983120952783,565.9898704633314,0.11685129847999039,-0.11595160267878707,-0.016663552297238628,566.1157878504179,7,-7,-1
12:47:55:885,10.696431683714065,5.376344888067259,569.2001239843046,0.066933947343894,-0.10434475616925852,-0.020021293968153258,569.3260049206144,4,-6,-1
12:47:56:010,10.699680427507664,5.297983120952783,565.9898704633314,0.11685129847999039,-0.11595160267878707,-0.016663552297238628,566.1157878504179,7,-7,-1
12:47:56:173,10.696431683714065,5.376344888067259,569.2001239843046,0.066933947343894,-0.10434475616925852,-0.020021293968153258,569.3260049206144,4,-6,-1
12:47:56:295,10.696278720099253,5.318269137371632,569.1922482875557,0.056410103611923834,-0.1069527391290667,-0.019969770939162385,569.3175826159929,3,-6,-1
12:47:56:422,10.696431683714065,5.376344888067259,569.2001239843046,0.066933947343894,-0.10434475616925852,-0.020021293968153258,569.3260049206144,4,-6,-1
12:47:56:543,10.696278720099253,5.318269137371632,569.1922482875557,0.056410103611923834,-0.1069527391290667,-0.019969770939162385,569.3175826159929,3,-6,-1
12:47:56:669,10.696431683714065,5.376344888067259,569.2001239843046,0.066933947343894,-0.10434475616925852,-0.020021293968153258,569.3260049206144,4,-6,-1
12:47:56:795,10.696431683714065,5.376344888067259,569.2001239843046,0.066933947343894,-0.10434475616925852,-0.020021293968153258,569.3260049206144,4,-6,-1
12:47:56:914,10.696431683714065,5.376344888067259,569.2001239843046,0.066933947343894,-0.10434475616925852,-0.020021293968153258,569.3260049206144,4,-6,-1
12:47:57:037,10.696278720099253,5.318269137371632,569.1922482875557,0.056410103611923834,-0.1069527391290667,-0.019969770939162385,569.3175826159929,3,-6,-1
12:47:57:160,10.696431683714065,5.376344888067259,569.2001239843046,0.066933947343894,-0.10434475616925852,-0.020021293968153258,569.3260049206144,4,-6,-1
12:47:57:285,10.783355531572797,5.328816612950358,570.5202848095419,0.03910802253309667,-0.14104149917576958,-0.019511284319163102,570.6470646749841,2,-8,-1
12:47:57:405,10.696431683714065,5.376344888067259,569.2001239843046,0.066933947343894,-0.10434475616925852,-0.020021293968153258,569.3260049206144,4,-6,-1
12:47:57:524,10.698915272107962,5.354732771826545,565.9543701249161,0.12346456900122482,-0.11395529631552366,-0.016697238021171627,566.0808149147504,7,-6,-1
12:47:57:652,10.696431683714065,5.376344888067259,569.2001239843046,0.066933947343894,-0.10434475616925852,-0.020021293968153258,569.3260049206144,4,-6,-1
12:47:57:771,10.696278720099253,5.318269137371632,569.1922482875557,0.056410103611923834,-0.1069527391290667,-0.019969770939162385,569.3175826159929,3,-6,-1
12:47:57:989,10.696431683714065,5.376344888067259,569.2001239843046,0.066933947343894,-0.10434475616925852,-0.020021293968153258,569.3260049206144,4,-6,-1
12:47:58:154,10.696431683714065,5.376344888067259,569.2001239843046,0.066933947343894,-0.10434475616925852,-0.020021293968153258,569.3260049206144,4,-6,-1
12:47:58:277,10.78591178219864,5.387497349763979,570.6572412897468,0.045808052037049934,-0.13864348899059312,-0.019534355910836267,570.7845898910476,3,-8,-1
12:47:58:396,10.696431683714065,5.376344888067259,569.2001239843046,0.066933947343894,-0.10434475616925852,-0.020021293968153258,569.3260049206144,4,-6,-1
12:47:58:525,10.698915272107962,5.354732771826545,565.9543701249161,0.12346456900122482,-0.11395529631552366,-0.016697238021171627,566.0808149147504,7,-6,-1
12:47:58:645,10.696431683714065,5.376344888067259,569.2001239843046,0.066933947343894,-0.10434475616925852,-0.020021293968153258,569.3260049206144,4,-6,-1
12:47:58:773,10.783355531572797,5.328816612950358,570.5202848095419,0.03910802253309667,-0.14104149917576958,-0.019511284319163102,570.6470646749841,2,-8,-1
12:47:58:920,10.696278720099253,5.318269137371632,569.1922482875557,0.056410103611923834,-0.1069527391290667,-0.019969770939162385,569.3175826159929,3,-6,-1
12:47:59:047,10.696278720099253,5.318269137371632,569.1922482875557,0.056410103611923834,-0.1069527391290667,-0.019969770939162385,569.3175826159929,3,-6,-1
12:47:59:166,10.78591178219864,5.387497349763979,570.6572412897468,0.045808052037049934,-0.13864348899059312,-0.019534355910836267,570.7845898910476,3,-8,-1
12:47:59:332,10.696278720099253,5.318269137371632,569.1922482875557,0.056410103611923834,-0.1069527391290667,-0.019969770939162385,569.3175826159929,3,-6,-1
12:47:59:457,10.696431683714065,5.376344888067259,569.2001239843046,0.066933947343894,-0.10434475616925852,-0.020021293968153258,569.3260049206144,4,-6,-1
12:47:59:576,10.696278720099253,5.318269137371632,569.1922482875557,0.056410103611923834,-0.1069527391290667,-0.019969770939162385,569.3175826159929,3,-6,-1
12:47:59:702,10.78591178219864,5.387497349763979,570.6572412897468,0.045808052037049934,-0.13864348899059312,-0.019534355910836267,570.7845898910476,3,-8,-1
12:47:59:823,10.696278720099253,5.318269137371632,569.1922482875557,0.056410103611923834,-0.1069527391290667,-0.019969770939162385,569.3175826159929,3,-6,-1
12:47:59:943,10.696431683714065,5.376344888067259,569.2001239843046,0.066933947343894,-0.10434475616925852,-0.020021293968153258,569.3260049206144,4,-6,-1
12:48:00:072,10.696431683714065,5.376344888067259,569.2001239843046,0.066933947343894,-0.10434475616925852,-0.020021293968153258,569.3260049206144,4,-6,-1
12:48:00:193,10.696431683714065,5.376344888067259,569.2001239843046,0.066933947343894,-0.10434475616925852,-0.020021293968153258,569.3260049206144,4,-6,-1
12:48:00:317,10.696431683714065,5.376344888067259,569.2001239843046,0.066933947343894,-0.10434475616925852,-0.020021293968153258,569.3260049206144,4,-6,-1
12:48:00:441,10.699680427507664,5.297983120952783,565.9898704633314,0.11685129847999039,-0.11595160267878707,-0.016663552297238628,566.1157878504179,7,-7,-1
12:48:00:563,10.696278720099253,5.318269137371632,569.1922482875557,0.056410103611923834,-0.1069527391290667,-0.019969770939162385,569.3175826159929,3,-6,-1
12:48:00:684,10.696431683714065,5.376344888067259,569.2001239843046,0.066933947343894,-0.10434475616925852,-0.020021293968153258,569.3260049206144,4,-6,-1
12:48:00:807,10.696431683714065,5.376344888067259,569.2001239843046,0.066933947343894,-0.10434475616925852,-0.020021293968153258,569.3260049206144,4,-6,-1
12:48:00:934,10.696431683714065,5.376344888067259,569.2001239843046,0.066933947343894,-0.10434475616925852,-0.020021293968153258,569.3260049206144,4,-6,-1
12:48:01:053,10.749242535618109,5.363388241310362,570.0155654250216,-0.06515305788861703,-0.0529099557060712,-0.02336298321157556,570.1421375195168,-4,-3,-1
12:48:01:177,10.696431683714065,5.376344888067259,569.2001239843046,0.066933947343894,-0.10434475616925852,-0.020021293968153258,569.3260049206144,4,-6,-1
12:48:01:300,10.78591178219864,5.387497349763979,570.6572412897468,0.045808052037049934,-0.13864348899059312,-0.019534355910836267,570.7845898910476,3,-8,-1
12:48:01:422,10.78591178219864,5.387497349763979,570.6572412897468,0.045808052037049934,-0.13864348899059312,-0.019534355910836267,570.7845898910476,3,-8,-1
12:48:01:548,10.749242535618109,5.363388241310362,570.0155654250216,-0.06515305788861703,-0.0529099557060712,-0.02336298321157556,570.1421375195168,-4,-3,-1
12:48:01:664,10.696431683714065,5.376344888067259,569.2001239843046,0.066933947343894,-0.10434475616925852,-0.020021293968153258,569.3260049206144,4,-6,-1
12:48:01:799,10.696278720099253,5.318269137371632,569.1922482875557,0.056410103611923834,-0.1069527391290667,-0.019969770939162385,569.3175826159929,3,-6,-1
12:48:01:913,10.696278720099253,5.318269137371632,569.1922482875557,0.056410103611923834,-0.1069527391290667,-0.019969770939162385,569.3175826159929,3,-6,-1
12:48:02:036,10.696278720099253,5.318269137371632,569.1922482875557,0.056410103611923834,-0.1069527391290667,-0.019969770939162385,569.3175826159929,3,-6,-1
12:48:02:163,10.696431683714065,5.376344888067259,569.2001239843046,0.066933947343894,-0.10434475616925852,-0.020021293968153258,569.3260049206144,4,-6,-1
12:48:02:377,10.749242535618109,5.363388241310362,570.0155654250216,-0.06515305788861703,-0.0529099557060712,-0.02336298321157556,570.1421375195168,-4,-3,-1
12:48:02:497,10.696431683714065,5.376344888067259,569.2001239843046,0.066933947343894,-0.10434475616925852,-0.020021293968153258,569.3260049206144,4,-6,-1
12:48:02:632,10.800860136548987,5.371762365117673,568.1548601046078,0.09719081020792822,-0.1403664675038093,-0.016208393685082385,568.2829044332435,6,-8,-1
12:48:02:786,10.696431683714065,5.376344888067259,569.2001239843046,0.066933947343894,-0.10434475616925852,-0.020021293968153258,569.3260049206144,4,-6,-1
12:48:02:899,10.749242535618109,5.363388241310362,570.0155654250216,-0.06515305788861703,-0.0529099557060712,-0.02336298321157556,570.1421375195168,-4,-3,-1
12:48:03:022,10.729815590497651,5.400105071906769,568.6649811883125,-0.10958285307558478,-0.07978389193534045,-0.01860118209427812,568.7918344238932,-6,-5,-1
12:48:03:171,10.696431683714065,5.376344888067259,569.2001239843046,0.066933947343894,-0.10434475616925852,-0.020021293968153258,569.3260049206144,4,-6,-1
12:48:03:307,10.720888060712255,5.37919766481624,570.6761862732727,-0.0019001986614424638,-0.08856005853989748,-0.01543211229439895,570.8022273850502,0,-5,-1
12:48:03:433,10.749242535618109,5.363388241310362,570.0155654250216,-0.06515305788861703,-0.0529099557060712,-0.02336298321157556,570.1421375195168,-4,-3,-1
12:48:03:555,err,err,err,err,err,err,err,err,err,err
12:48:03:720,err,err,err,err,err,err,err,err,err,err
12:48:03:842,err,err,err,err,err,err,err,err,err,err
12:48:03:964,err,err,err,err,err,err,err,err,err,err
12:48:04:088,err,err,err,err,err,err,err,err,err,err
12:48:04:212,err,err,err,err,err,err,err,err,err,err
12:48:04:333,10.759299106499236,5.302641650395819,566.95087336555,0.09268361802212792,-0.07284938589056547,-0.020676601229272062,567.0777489336851,5,-4,-1
12:48:04:456,10.749242535618109,5.363388241310362,570.0155654250216,-0.06515305788861703,-0.0529099557060712,-0.02336298321157556,570.1421375195168,-4,-3,-1
12:48:04:579,10.78591178219864,5.387497349763979,570.6572412897468,0.045808052037049934,-0.13864348899059312,-0.019534355910836267,570.7845898910476,3,-8,-1
12:48:04:704,10.783355531572797,5.328816612950358,570.5202848095419,0.03910802253309667,-0.14104149917576958,-0.019511284319163102,570.6470646749841,2,-8,-1
12:48:04:825,10.696431683714065,5.376344888067259,569.2001239843046,0.066933947343894,-0.10434475616925852,-0.020021293968153258,569.3260049206144,4,-6,-1
12:48:04:951,10.625222764005807,5.364295771860034,567.049069554806,0.1164960606747461,-0.17388373933346335,-0.011853918550054162,567.1739753469687,7,-10,-1
12:48:05:072,10.614809744092696,5.344377595447932,566.3716132808153,0.061047011900492935,-0.18050074464650775,-0.005071850575419702,566.496284972902,4,-10,-1
12:48:05:192,10.573877207649646,5.203009218372918,565.6572371752374,-0.09636790850080984,0.2608518016367818,-0.009876119901092313,565.7799821068713,-6,15,-1
12:48:05:312,err,err,err,err,err,err,err,err,err,err
12:48:05:439,err,err,err,err,err,err,err,err,err,err
12:48:05:563,err,err,err,err,err,err,err,err,err,err
12:48:05:683,err,err,err,err,err,err,err,err,err,err
12:48:05:810,err,err,err,err,err,err,err,err,err,err
12:48:05:930,err,err,err,err,err,err,err,err,err,err
12:48:06:056,err,err,err,err,err,err,err,err,err,err
12:48:06:176,err,err,err,err,err,err,err,err,err,err
12:48:06:297,err,err,err,err,err,err,err,err,err,err
12:48:06:427,10.71190080028134,5.256799964313571,567.393595493532,0.11801010289233528,-0.24358388526929803,0.0006112020950433608,567.5190489945669,7,-14,-1
12:48:06:547,10.669691387569753,5.266452766427328,568.6402596339781,0.1031463057052031,-0.2173737921314334,-0.003105972825386147,568.7647340646614,6,-12,-1
12:48:06:671,10.71190080028134,5.256799964313571,567.393595493532,0.11801010289233528,-0.24358388526929803,0.0006112020950433608,567.5190489945669,7,-14,-1
12:48:06:799,10.53174637120963,5.264683564096243,566.1871996021573,-0.08675588437852072,0.274741314108422,-0.0019153901859786172,566.30961458198,-5,16,-1
12:48:06:916,err,err,err,err,err,err,err,err,err,err
12:48:07:047,err,err,err,err,err,err,err,err,err,err
12:48:07:161,10.731423447298761,5.284968390847044,565.8576369409998,0.06911623875049744,-0.23769284963449822,-0.001007925952835112,565.9840630482008,4,-14,-1
12:48:07:283,10.69473156725906,5.271358364391485,571.6821712570694,-0.04901675592325523,0.21592494377909513,-0.0040010014868189295,571.8064964964099,-3,12,-1
12:48:07:406,10.782678804151843,5.265928986708843,568.7518905443607,0.09553795897909809,-0.21870931998341359,-0.003400517387156447,568.8784660787144,6,-13,-1
12:48:07:529,10.685054783077884,5.248625745575121,566.1786442700326,0.1356469181551795,-0.21770974786561956,0.0003292319132676747,566.3037839317221,8,-12,-1
12:48:07:658,err,err,err,err,err,err,err,err,err,err
12:48:07:776,10.822807848605992,5.271563866781924,574.9068267067892,0.08101660620841705,-0.1397392138007543,-0.0053722876133219626,575.0328529305083,5,-8,-1
12:48:07:899,err,err,err,err,err,err,err,err,err,err
12:48:08:023,10.603636181326902,5.277542623130199,567.1531876405978,-0.06265393984511262,0.24996102255059569,-0.0060776561956097505,567.2768528745872,-4,14,-1
12:48:08:144,10.448761308276424,5.241891835043822,564.3273547779344,-0.12258033476995234,0.27164365395305407,0.002528653657908643,564.4484187182636,-7,16,-1
12:48:08:270,10.603636181326902,5.277542623130199,567.1531876405978,-0.06265393984511262,0.24996102255059569,-0.0060776561956097505,567.2768528745872,-4,14,-1
12:48:08:432,10.603636181326902,5.277542623130199,567.1531876405978,-0.06265393984511262,0.24996102255059569,-0.0060776561956097505,567.2768528745872,-4,14,-1
12:48:08:555,10.714397771495909,5.2748074891773715,564.3770838193761,0.09490812073338241,-0.26268171654124023,0.003201115251026299,564.5034230667843,6,-15,-1
12:48:08:677,10.603636181326902,5.277542623130199,567.1531876405978,-0.06265393984511262,0.24996102255059569,-0.0060776561956097505,567.2768528745872,-4,14,-1
12:48:08:801,err,err,err,err,err,err,err,err,err,err
12:48:08:928,10.603636181326902,5.277542623130199,567.1531876405978,-0.06265393984511262,0.24996102255059569,-0.0060776561956097505,567.2768528745872,-4,14,-1
12:48:09:073,err,err,err,err,err,err,err,err,err,err
12:48:09:168,err,err,err,err,err,err,err,err,err,err
12:48:09:293,err,err,err,err,err,err,err,err,err,err
12:48:09:415,10.663737174455873,5.277625482995788,564.6738043477409,0.09347006379917458,-0.2600103302005685,0.0029572686798953786,564.7991447743307,5,-15,-1
12:48:09:539,err,err,err,err,err,err,err,err,err,err
12:48:09:661,10.731423447298761,5.284968390847044,565.8576369409998,0.06911623875049744,-0.23769284963449822,-0.001007925952835112,565.9840630482008,4,-14,-1
12:48:09:784,10.52578641205978,5.256495096676909,565.5610067427414,-0.10307012991616159,0.2446115959001211,-0.0015690332152800267,565.6833701534426,-6,14,-1
12:48:09:910,10.699544908328864,5.270608357614609,563.8450386857871,0.10022136310013796,-0.23681563673447595,0.0029841888476094783,563.9711758807196,6,-14,-1
12:48:10:033,10.731423447298761,5.284968390847044,565.8576369409998,0.06911623875049744,-0.23769284963449822,-0.001007925952835112,565.9840630482008,4,-14,-1
12:48:10:157,10.731423447298761,5.284968390847044,565.8576369409998,0.06911623875049744,-0.23769284963449822,-0.001007925952835112,565.9840630482008,4,-14,-1
12:48:10:275,err,err,err,err,err,err,err,err,err,err
12:48:10:399,10.486123885082984,5.229374304263094,563.2472991034393,-0.14175603369948436,0.29335311700144384,0.006309495367581976,563.3691730091971,-8,17,-1
12:48:10:522,10.731423447298761,5.284968390847044,565.8576369409998,0.06911623875049744,-0.23769284963449822,-0.001007925952835112,565.9840630482008,4,-14,-1
12:48:10:647,10.603636181326902,5.277542623130199,567.1531876405978,-0.06265393984511262,0.24996102255059569,-0.0060776561956097505,567.2768528745872,-4,14,-1
12:48:10:862,10.603636181326902,5.277542623130199,567.1531876405978,-0.06265393984511262,0.24996102255059569,-0.0060776561956097505,567.2768528745872,-4,14,-1
12:48:10:981,10.603636181326902,5.277542623130199,567.1531876405978,-0.06265393984511262,0.24996102255059569,-0.0060776561956097505,567.2768528745872,-4,14,-1
12:48:11:106,10.603636181326902,5.277542623130199,567.1531876405978,-0.06265393984511262,0.24996102255059569,-0.0060776561956097505,567.2768528745872,-4,14,-1
12:48:11:230,10.603636181326902,5.277542623130199,567.1531876405978,-0.06265393984511262,0.24996102255059569,-0.0060776561956097505,567.2768528745872,-4,14,-1
12:48:11:347,10.731423447298761,5.284968390847044,565.8576369409998,0.06911623875049744,-0.23769284963449822,-0.001007925952835112,565.9840630482008,4,-14,-1
12:48:11:559,10.689422288647659,5.350172744745477,567.0971165104174,0.051791147124325164,-0.21053744122704432,-0.004635518278341498,567.2230845546518,3,-12,-1
12:48:11:684,10.731423447298761,5.284968390847044,565.8576369409998,0.06911623875049744,-0.23769284963449822,-0.001007925952835112,565.9840630482008,4,-14,-1
12:48:11:812,10.603636181326902,5.277542623130199,567.1531876405978,-0.06265393984511262,0.24996102255059569,-0.0060776561956097505,567.2768528745872,-4,14,-1
12:48:12:012,10.603636181326902,5.277542623130199,567.1531876405978,-0.06265393984511262,0.24996102255059569,-0.0060776561956097505,567.2768528745872,-4,14,-1
12:48:12:137,10.603636181326902,5.277542623130199,567.1531876405978,-0.06265393984511262,0.24996102255059569,-0.0060776561956097505,567.2768528745872,-4,14,-1
12:48:12:286,10.798558504293782,5.278435594248677,570.0988156314488,0.08651721706744328,-0.16294671366243318,0.000495967996201387,570.225508314451,5,-9,0
12:48:12:412,10.603636181326902,5.277542623130199,567.1531876405978,-0.06265393984511262,0.24996102255059569,-0.0060776561956097505,567.2768528745872,-4,14,-1
12:48:12:531,10.781961212938521,5.282000643789419,565.5444072439635,0.0707915846400441,-0.24086904679726573,-0.0007613006566633078,565.6718366538362,4,-14,-1
12:48:12:659,10.603636181326902,5.277542623130199,567.1531876405978,-0.06265393984511262,0.24996102255059569,-0.0060776561956097505,567.2768528745872,-4,14,-1
12:48:12:779,10.603636181326902,5.277542623130199,567.1531876405978,-0.06265393984511262,0.24996102255059569,-0.0060776561956097505,567.2768528745872,-4,14,-1
12:48:12:900,10.603636181326902,5.277542623130199,567.1531876405978,-0.06265393984511262,0.24996102255059569,-0.0060776561956097505,567.2768528745872,-4,14,-1
12:48:13:025,10.731423447298761,5.284968390847044,565.8576369409998,0.06911623875049744,-0.23769284963449822,-0.001007925952835112,565.9840630482008,4,-14,-1
12:48:13:147,10.69473156725906,5.271358364391485,571.6821712570694,-0.04901675592325523,0.21592494377909513,-0.0040010014868189295,571.8064964964099,-3,12,-1
12:48:13:271,10.603636181326902,5.277542623130199,567.1531876405978,-0.06265393984511262,0.24996102255059569,-0.0060776561956097505,567.2768528745872,-4,14,-1
12:48:13:436,10.603636181326902,5.277542623130199,567.1531876405978,-0.06265393984511262,0.24996102255059569,-0.0060776561956097505,567.2768528745872,-4,14,-1
12:48:13:555,10.798558504293782,5.278435594248677,570.0988156314488,0.08651721706744328,-0.16294671366243318,0.000495967996201387,570.225508314451,5,-9,0
12:48:13:681,10.603636181326902,5.277542623130199,567.1531876405978,-0.06265393984511262,0.24996102255059569,-0.0060776561956097505,567.2768528745872,-4,14,-1
12:48:13:798,err,err,err,err,err,err,err,err,err,err
12:48:13:924,10.611806828315101,5.2862467513402445,566.2074953849622,0.05673102223023492,-0.18260151627910798,-0.005070246518329502,566.3316013423491,3,-10,-1
12:48:14:050,10.731423447298761,5.284968390847044,565.8576369409998,0.06911623875049744,-0.23769284963449822,-0.001007925952835112,565.9840630482008,4,-14,-1
12:48:14:173,10.603636181326902,5.277542623130199,567.1531876405978,-0.06265393984511262,0.24996102255059569,-0.0060776561956097505,567.2768528745872,-4,14,-1
12:48:14:299,10.573877207649646,5.203009218372918,565.6572371752374,-0.09636790850080984,0.2608518016367818,-0.009876119901092313,565.7799821068713,-6,15,-1
12:48:14:422,10.611806828315101,5.2862467513402445,566.2074953849622,0.05673102223023492,-0.18260151627910798,-0.005070246518329502,566.3316013423491,3,-10,-1
12:48:14:650,10.603636181326902,5.277542623130199,567.1531876405978,-0.06265393984511262,0.24996102255059569,-0.0060776561956097505,567.2768528745872,-4,14,-1
12:48:14:828,10.603636181326902,5.277542623130199,567.1531876405978,-0.06265393984511262,0.24996102255059569,-0.0060776561956097505,567.2768528745872,-4,14,-1
12:48:14:953,10.603636181326902,5.277542623130199,567.1531876405978,-0.06265393984511262,0.24996102255059569,-0.0060776561956097505,567.2768528745872,-4,14,-1
12:48:15:074,10.603636181326902,5.277542623130199,567.1531876405978,-0.06265393984511262,0.24996102255059569,-0.0060776561956097505,567.2768528745872,-4,14,-1
12:48:15:203,10.656826932263709,5.2787061303185885,565.0897084228943,0.07744478269057607,-0.2115790384508564,-0.0014295313123154141,565.2148363800673,5,-12,-1
12:48:15:323,10.714320270314381,5.28146869718984,565.2027139495275,0.08442697859177982,-0.20753170430679097,-0.0012803050762799793,565.3289294086812,5,-12,-1
12:48:15:445,10.603636181326902,5.277542623130199,567.1531876405978,-0.06265393984511262,0.24996102255059569,-0.0060776561956097505,567.2768528745872,-4,14,-1
12:48:15:570,10.69473156725906,5.271358364391485,571.6821712570694,-0.04901675592325523,0.21592494377909513,-0.0040010014868189295,571.8064964964099,-3,12,-1
12:48:15:692,10.635011498274526,5.330179165532827,564.1958709032883,0.10176840081280479,-0.17855402303100879,-0.0017379253695395482,564.3212693349641,6,-10,-1
12:48:15:814,10.611806828315101,5.2862467513402445,566.2074953849622,0.05673102223023492,-0.18260151627910798,-0.005070246518329502,566.3316013423491,3,-10,-1
12:48:15:938,10.689422288647659,5.350172744745477,567.0971165104174,0.051791147124325164,-0.21053744122704432,-0.004635518278341498,567.2230845546518,3,-12,-1
12:48:16:062,10.689422288647659,5.350172744745477,567.0971165104174,0.051791147124325164,-0.21053744122704432,-0.004635518278341498,567.2230845546518,3,-12,-1
12:48:16:184,10.660877231350351,5.3795526823543325,569.1471282931634,0.08507429670538623,-0.15407014537813693,-0.007600341260081251,569.2723843071599,5,-9,-1
12:48:16:305,10.611806828315101,5.2862467513402445,566.2074953849622,0.05673102223023492,-0.18260151627910798,-0.005070246518329502,566.3316013423491,3,-10,-1
12:48:16:430,10.660877231350351,5.3795526823543325,569.1471282931634,0.08507429670538623,-0.15407014537813693,-0.007600341260081251,569.2723843071599,5,-9,-1
12:48:16:598,10.625222764005807,5.364295771860034,567.049069554806,0.1164960606747461,-0.17388373933346335,-0.011853918550054162,567.1739753469687,7,-10,-1
12:48:16:721,10.645580662871858,5.3467738926355795,568.9199720300234,-0.12248179880193173,0.16663982046010445,-0.015524835722228385,569.0446827388437,-7,9,-1
12:48:16:878,10.645580662871858,5.3467738926355795,568.9199720300234,-0.12248179880193173,0.16663982046010445,-0.015524835722228385,569.0446827388437,-7,9,-1
12:48:17:005,10.696431683714065,5.376344888067259,569.2001239843046,0.066933947343894,-0.10434475616925852,-0.020021293968153258,569.3260049206144,4,-6,-1
12:48:17:126,err,err,err,err,err,err,err,err,err,err
12:48:17:279,err,err,err,err,err,err,err,err,err,err
12:48:17:456,err,err,err,err,err,err,err,err,err,err
12:48:17:577,err,err,err,err,err,err,err,err,err,err
12:48:17:741,err,err,err,err,err,err,err,err,err,err
12:48:17:864,err,err,err,err,err,err,err,err,err,err
12:48:17:989,err,err,err,err,err,err,err,err,err,err
12:48:18:114,err,err,err,err,err,err,err,err,err,err
12:48:18:276,err,err,err,err,err,err,err,err,err,err
12:48:18:397,err,err,err,err,err,err,err,err,err,err
12:48:18:520,err,err,err,err,err,err,err,err,err,err
12:48:18:643,err,err,err,err,err,err,err,err,err,err
12:48:18:769,err,err,err,err,err,err,err,err,err,err
12:48:18:888,err,err,err,err,err,err,err,err,err,err
12:48:19:010,err,err,err,err,err,err,err,err,err,err
12:48:19:134,err,err,err,err,err,err,err,err,err,err
12:48:19:258,err,err,err,err,err,err,err,err,err,err
12:48:19:378,err,err,err,err,err,err,err,err,err,err
12:48:19:504,err,err,err,err,err,err,err,err,err,err
12:48:19:627,err,err,err,err,err,err,err,err,err,err
12:48:19:751,err,err,err,err,err,err,err,err,err,err
12:48:19:874,err,err,err,err,err,err,err,err,err,err
12:48:19:996,err,err,err,err,err,err,err,err,err,err
12:48:20:122,err,err,err,err,err,err,err,err,err,err
12:48:20:243,err,err,err,err,err,err,err,err,err,err
12:48:20:367,err,err,err,err,err,err,err,err,err,err
12:48:20:533,err,err,err,err,err,err,err,err,err,err
12:48:20:652,err,err,err,err,err,err,err,err,err,err
12:48:20:778,err,err,err,err,err,err,err,err,err,err
12:48:20:898,err,err,err,err,err,err,err,err,err,err
12:48:21:017,err,err,err,err,err,err,err,err,err,err
12:48:21:142,err,err,err,err,err,err,err,err,err,err
12:48:21:303,err,err,err,err,err,err,err,err,err,err
12:48:21:427,err,err,err,err,err,err,err,err,err,err
12:48:21:553,err,err,err,err,err,err,err,err,err,err
12:48:21:675,err,err,err,err,err,err,err,err,err,err
12:48:21:806,err,err,err,err,err,err,err,err,err,err
12:48:21:918,err,err,err,err,err,err,err,err,err,err
12:48:22:087,err,err,err,err,err,err,err,err,err,err
12:48:22:211,err,err,err,err,err,err,err,err,err,err
12:48:22:331,err,err,err,err,err,err,err,err,err,err
12:48:22:456,err,err,err,err,err,err,err,err,err,err
12:48:22:577,err,err,err,err,err,err,err,err,err,err
12:48:22:700,err,err,err,err,err,err,err,err,err,err
12:48:22:830,err,err,err,err,err,err,err,err,err,err
12:48:22:987,err,err,err,err,err,err,err,err,err,err
12:48:23:111,err,err,err,err,err,err,err,err,err,err
12:48:23:283,err,err,err,err,err,err,err,err,err,err
12:48:23:399,err,err,err,err,err,err,err,err,err,err
12:48:23:523,err,err,err,err,err,err,err,err,err,err
12:48:23:644,err,err,err,err,err,err,err,err,err,err
12:48:23:767,err,err,err,err,err,err,err,err,err,err
12:48:23:890,err,err,err,err,err,err,err,err,err,err
12:48:24:010,err,err,err,err,err,err,err,err,err,err
12:48:24:133,err,err,err,err,err,err,err,err,err,err
12:48:24:260,err,err,err,err,err,err,err,err,err,err
12:48:24:385,err,err,err,err,err,err,err,err,err,err
12:48:24:512,err,err,err,err,err,err,err,err,err,err
12:48:24:634,err,err,err,err,err,err,err,err,err,err
12:48:24:755,err,err,err,err,err,err,err,err,err,err
12:48:24:875,err,err,err,err,err,err,err,err,err,err
12:48:24:999,err,err,err,err,err,err,err,err,err,err
12:48:25:123,err,err,err,err,err,err,err,err,err,err
12:48:25:243,err,err,err,err,err,err,err,err,err,err
12:48:25:368,err,err,err,err,err,err,err,err,err,err
12:48:25:487,err,err,err,err,err,err,err,err,err,err
12:48:25:613,err,err,err,err,err,err,err,err,err,err
12:48:25:794,err,err,err,err,err,err,err,err,err,err
12:48:25:909,err,err,err,err,err,err,err,err,err,err
12:48:26:043,err,err,err,err,err,err,err,err,err,err
12:48:26:168,err,err,err,err,err,err,err,err,err,err
12:48:26:299,err,err,err,err,err,err,err,err,err,err
12:48:26:439,err,err,err,err,err,err,err,err,err,err
12:48:26:638,err,err,err,err,err,err,err,err,err,err
12:48:26:781,err,err,err,err,err,err,err,err,err,err
12:48:26:903,err,err,err,err,err,err,err,err,err,err
12:48:27:075,err,err,err,err,err,err,err,err,err,err
12:48:27:210,err,err,err,err,err,err,err,err,err,err
12:48:27:334,err,err,err,err,err,err,err,err,err,err
12:48:27:459,err,err,err,err,err,err,err,err,err,err
12:48:27:580,err,err,err,err,err,err,err,err,err,err
12:48:27:704,err,err,err,err,err,err,err,err,err,err
12:48:27:826,err,err,err,err,err,err,err,err,err,err
12:48:27:950,err,err,err,err,err,err,err,err,err,err
12:48:28:073,err,err,err,err,err,err,err,err,err,err
12:48:28:261,err,err,err,err,err,err,err,err,err,err
12:48:28:359,err,err,err,err,err,err,err,err,err,err
12:48:28:522,err,err,err,err,err,err,err,err,err,err
12:48:28:641,err,err,err,err,err,err,err,err,err,err
12:48:28:771,err,err,err,err,err,err,err,err,err,err
12:48:28:893,err,err,err,err,err,err,err,err,err,err
12:48:29:012,err,err,err,err,err,err,err,err,err,err
12:48:29:134,err,err,err,err,err,err,err,err,err,err
12:48:29:263,err,err,err,err,err,err,err,err,err,err
12:48:29:385,err,err,err,err,err,err,err,err,err,err
12:48:29:504,err,err,err,err,err,err,err,err,err,err
12:48:29:629,err,err,err,err,err,err,err,err,err,err
12:48:29:752,10.729815590497651,5.400105071906769,568.6649811883125,-0.10958285307558478,-0.07978389193534045,-0.01860118209427812,568.7918344238932,-6,-5,-1
12:48:29:872,err,err,err,err,err,err,err,err,err,err
12:48:30:001,err,err,err,err,err,err,err,err,err,err
12:48:30:122,err,err,err,err,err,err,err,err,err,err
12:48:30:244,err,err,err,err,err,err,err,err,err,err
12:48:30:364,err,err,err,err,err,err,err,err,err,err
12:48:30:496,err,err,err,err,err,err,err,err,err,err
12:48:30:612,err,err,err,err,err,err,err,err,err,err
12:48:30:736,err,err,err,err,err,err,err,err,err,err
12:48:30:861,err,err,err,err,err,err,err,err,err,err
12:48:30:978,10.707318571103194,5.451373474650712,566.4433625817417,0.03584878890399871,-0.10793678120406772,-0.009775880433210205,566.5707785940374,2,-6,-1
12:48:31:108,err,err,err,err,err,err,err,err,err,err
12:48:31:232,err,err,err,err,err,err,err,err,err,err
12:48:31:351,err,err,err,err,err,err,err,err,err,err
12:48:31:473,err,err,err,err,err,err,err,err,err,err
12:48:31:597,err,err,err,err,err,err,err,err,err,err
12:48:31:721,err,err,err,err,err,err,err,err,err,err
12:48:31:844,err,err,err,err,err,err,err,err,err,err
12:48:31:964,err,err,err,err,err,err,err,err,err,err
12:48:32:090,err,err,err,err,err,err,err,err,err,err
12:48:32:211,err,err,err,err,err,err,err,err,err,err
12:48:32:383,err,err,err,err,err,err,err,err,err,err
12:48:32:502,err,err,err,err,err,err,err,err,err,err
12:48:32:625,err,err,err,err,err,err,err,err,err,err
12:48:32:748,err,err,err,err,err,err,err,err,err,err
12:48:32:878,err,err,err,err,err,err,err,err,err,err
12:48:32:993,err,err,err,err,err,err,err,err,err,err
12:48:33:198,err,err,err,err,err,err,err,err,err,err
12:48:33:322,err,err,err,err,err,err,err,err,err,err
12:48:33:523,err,err,err,err,err,err,err,err,err,err
12:48:33:653,err,err,err,err,err,err,err,err,err,err
12:48:33:781,err,err,err,err,err,err,err,err,err,err
12:48:33:892,err,err,err,err,err,err,err,err,err,err
12:48:34:026,err,err,err,err,err,err,err,err,err,err
12:48:34:386,err,err,err,err,err,err,err,err,err,err
12:48:34:537,err,err,err,err,err,err,err,err,err,err
12:48:34:709,err,err,err,err,err,err,err,err,err,err
12:48:34:845,err,err,err,err,err,err,err,err,err,err
12:48:34:959,err,err,err,err,err,err,err,err,err,err
12:48:35:081,err,err,err,err,err,err,err,err,err,err
12:48:35:209,err,err,err,err,err,err,err,err,err,err
12:48:35:328,err,err,err,err,err,err,err,err,err,err
12:48:35:450,err,err,err,err,err,err,err,err,err,err
12:48:35:577,err,err,err,err,err,err,err,err,err,err
12:48:35:706,err,err,err,err,err,err,err,err,err,err
12:48:35:822,err,err,err,err,err,err,err,err,err,err
12:48:35:943,err,err,err,err,err,err,err,err,err,err
12:48:36:068,err,err,err,err,err,err,err,err,err,err
12:48:36:190,err,err,err,err,err,err,err,err,err,err
12:48:36:315,10.736445854434333,5.349785883351238,563.4045692764737,0.20080503752342627,-0.012090129785411616,-0.019686035291413353,563.5322529901831,12,-1,-1
12:48:36:438,10.611611958005755,5.272983226360777,560.761554561707,0.22117644685376012,0.05967655459753977,-0.019866137482961458,560.8867369932321,13,4,-1
12:48:36:562,10.639499305173324,5.309158603198891,565.1536689676121,0.18758491838067992,0.06056686282126218,-0.01977889093864092,565.2787415586155,11,4,-1
12:48:36:682,10.624070685374624,5.3312796784330745,561.0669898023605,0.22119144168171717,0.024865686534512158,-0.02373228046337889,561.1928906060906,13,2,-1
12:48:36:814,10.795063746990108,5.404771621161562,570.043805922494,0.1445287405313148,0.021435075657978572,-0.023179924902871595,570.171628220995,8,1,-1
12:48:36:934,10.624070685374624,5.3312796784330745,561.0669898023605,0.22119144168171717,0.024865686534512158,-0.02373228046337889,561.1928906060906,13,2,-1
12:48:37:053,err,err,err,err,err,err,err,err,err,err
12:48:37:174,err,err,err,err,err,err,err,err,err,err
12:48:37:295,err,err,err,err,err,err,err,err,err,err
12:48:37:421,err,err,err,err,err,err,err,err,err,err
12:48:37:542,err,err,err,err,err,err,err,err,err,err
12:48:37:661,err,err,err,err,err,err,err,err,err,err
12:48:37:794,err,err,err,err,err,err,err,err,err,err
12:48:37:909,err,err,err,err,err,err,err,err,err,err
12:48:38:031,err,err,err,err,err,err,err,err,err,err
12:48:38:158,err,err,err,err,err,err,err,err,err,err
12:48:38:284,err,err,err,err,err,err,err,err,err,err
12:48:38:409,err,err,err,err,err,err,err,err,err,err
12:48:38:527,err,err,err,err,err,err,err,err,err,err
12:48:38:646,err,err,err,err,err,err,err,err,err,err
12:48:38:819,err,err,err,err,err,err,err,err,err,err
12:48:38:940,err,err,err,err,err,err,err,err,err,err
12:48:39:058,err,err,err,err,err,err,err,err,err,err
12:48:39:184,err,err,err,err,err,err,err,err,err,err
12:48:39:342,err,err,err,err,err,err,err,err,err,err
12:48:39:473,err,err,err,err,err,err,err,err,err,err
12:48:39:593,err,err,err,err,err,err,err,err,err,err
12:48:39:725,err,err,err,err,err,err,err,err,err,err
12:48:39:851,err,err,err,err,err,err,err,err,err,err
12:48:39:961,err,err,err,err,err,err,err,err,err,err
12:48:40:093,err,err,err,err,err,err,err,err,err,err
12:48:40:208,err,err,err,err,err,err,err,err,err,err
12:48:40:337,err,err,err,err,err,err,err,err,err,err
12:48:40:455,err,err,err,err,err,err,err,err,err,err
12:48:40:579,err,err,err,err,err,err,err,err,err,err
12:48:40:702,err,err,err,err,err,err,err,err,err,err
12:48:40:823,err,err,err,err,err,err,err,err,err,err
12:48:40:990,err,err,err,err,err,err,err,err,err,err
12:48:41:154,err,err,err,err,err,err,err,err,err,err
12:48:41:273,err,err,err,err,err,err,err,err,err,err
12:48:41:439,err,err,err,err,err,err,err,err,err,err
12:48:41:658,err,err,err,err,err,err,err,err,err,err
12:48:41:784,err,err,err,err,err,err,err,err,err,err
12:48:41:893,err,err,err,err,err,err,err,err,err,err
12:48:42:022,err,err,err,err,err,err,err,err,err,err
12:48:42:143,err,err,err,err,err,err,err,err,err,err
12:48:42:266,err,err,err,err,err,err,err,err,err,err
12:48:42:390,err,err,err,err,err,err,err,err,err,err
12:48:42:610,err,err,err,err,err,err,err,err,err,err
12:48:42:718,err,err,err,err,err,err,err,err,err,err
12:48:42:850,err,err,err,err,err,err,err,err,err,err
12:48:42:959,err,err,err,err,err,err,err,err,err,err
12:48:43:088,err,err,err,err,err,err,err,err,err,err
12:48:43:206,err,err,err,err,err,err,err,err,err,err
12:48:43:369,err,err,err,err,err,err,err,err,err,err
12:48:43:575,err,err,err,err,err,err,err,err,err,err
12:48:43:693,err,err,err,err,err,err,err,err,err,err
12:48:43:822,err,err,err,err,err,err,err,err,err,err
12:48:43:968,err,err,err,err,err,err,err,err,err,err
12:48:44:100,err,err,err,err,err,err,err,err,err,err
12:48:44:229,err,err,err,err,err,err,err,err,err,err
12:48:44:348,err,err,err,err,err,err,err,err,err,err
12:48:44:470,err,err,err,err,err,err,err,err,err,err
12:48:44:598,err,err,err,err,err,err,err,err,err,err
12:48:44:719,err,err,err,err,err,err,err,err,err,err
12:48:44:840,err,err,err,err,err,err,err,err,err,err
12:48:44:970,err,err,err,err,err,err,err,err,err,err
12:48:45:088,err,err,err,err,err,err,err,err,err,err
12:48:45:214,err,err,err,err,err,err,err,err,err,err
12:48:45:329,err,err,err,err,err,err,err,err,err,err
12:48:45:458,err,err,err,err,err,err,err,err,err,err
12:48:45:661,err,err,err,err,err,err,err,err,err,err
12:48:45:783,err,err,err,err,err,err,err,err,err,err
12:48:45:948,err,err,err,err,err,err,err,err,err,err
12:48:46:068,err,err,err,err,err,err,err,err,err,err
12:48:46:192,err,err,err,err,err,err,err,err,err,err
12:48:46:319,err,err,err,err,err,err,err,err,err,err
12:48:46:438,err,err,err,err,err,err,err,err,err,err
12:48:46:606,err,err,err,err,err,err,err,err,err,err
12:48:46:724,err,err,err,err,err,err,err,err,err,err
12:48:46:852,err,err,err,err,err,err,err,err,err,err
12:48:46:972,err,err,err,err,err,err,err,err,err,err
12:48:47:092,err,err,err,err,err,err,err,err,err,err
12:48:47:220,err,err,err,err,err,err,err,err,err,err
12:48:47:341,err,err,err,err,err,err,err,err,err,err
12:48:47:464,err,err,err,err,err,err,err,err,err,err
12:48:47:589,err,err,err,err,err,err,err,err,err,err
12:48:47:709,err,err,err,err,err,err,err,err,err,err
12:48:47:860,err,err,err,err,err,err,err,err,err,err
12:48:48:002,err,err,err,err,err,err,err,err,err,err
12:48:48:118,err,err,err,err,err,err,err,err,err,err
12:48:48:244,err,err,err,err,err,err,err,err,err,err
12:48:48:365,err,err,err,err,err,err,err,err,err,err
12:48:48:493,err,err,err,err,err,err,err,err,err,err
12:48:48:612,err,err,err,err,err,err,err,err,err,err
12:48:48:736,err,err,err,err,err,err,err,err,err,err
12:48:48:860,err,err,err,err,err,err,err,err,err,err
12:48:49:009,err,err,err,err,err,err,err,err,err,err
12:48:49:146,err,err,err,err,err,err,err,err,err,err
12:48:49:270,err,err,err,err,err,err,err,err,err,err
12:48:49:388,err,err,err,err,err,err,err,err,err,err
12:48:49:545,err,err,err,err,err,err,err,err,err,err
12:48:49:754,err,err,err,err,err,err,err,err,err,err
12:48:49:881,err,err,err,err,err,err,err,err,err,err
12:48:50:005,err,err,err,err,err,err,err,err,err,err
12:48:50:131,err,err,err,err,err,err,err,err,err,err
12:48:50:253,err,err,err,err,err,err,err,err,err,err
12:48:50:378,err,err,err,err,err,err,err,err,err,err
12:48:50:499,err,err,err,err,err,err,err,err,err,err
12:48:50:623,err,err,err,err,err,err,err,err,err,err
12:48:50:742,err,err,err,err,err,err,err,err,err,err
12:48:50:865,err,err,err,err,err,err,err,err,err,err
12:48:50:995,err,err,err,err,err,err,err,err,err,err
12:48:51:112,err,err,err,err,err,err,err,err,err,err
12:48:51:241,err,err,err,err,err,err,err,err,err,err
12:48:51:401,err,err,err,err,err,err,err,err,err,err
12:48:51:518,err,err,err,err,err,err,err,err,err,err
12:48:51:649,err,err,err,err,err,err,err,err,err,err
12:48:51:775,err,err,err,err,err,err,err,err,err,err
12:48:51:894,err,err,err,err,err,err,err,err,err,err
12:48:52:021,err,err,err,err,err,err,err,err,err,err
12:48:52:143,err,err,err,err,err,err,err,err,err,err
12:48:52:264,err,err,err,err,err,err,err,err,err,err
12:48:52:384,err,err,err,err,err,err,err,err,err,err
12:48:52:512,err,err,err,err,err,err,err,err,err,err
12:48:52:630,err,err,err,err,err,err,err,err,err,err
12:48:52:754,err,err,err,err,err,err,err,err,err,err
12:48:52:875,err,err,err,err,err,err,err,err,err,err
12:48:52:998,err,err,err,err,err,err,err,err,err,err
12:48:53:125,err,err,err,err,err,err,err,err,err,err
12:48:53:249,err,err,err,err,err,err,err,err,err,err
12:48:53:368,11.019347668792717,5.377146171094774,574.4112956942868,0.07089484549008652,0.18758892517529915,-0.012133925460845086,574.5421449686527,4,11,0
12:48:53:586,err,err,err,err,err,err,err,err,err,err
12:48:53:711,err,err,err,err,err,err,err,err,err,err
12:48:53:834,err,err,err,err,err,err,err,err,err,err
12:48:53:996,err,err,err,err,err,err,err,err,err,err
12:48:54:118,err,err,err,err,err,err,err,err,err,err
12:48:54:308,err,err,err,err,err,err,err,err,err,err
12:48:54:451,10.847312199604936,5.433462156166939,568.446976622753,0.10737124631821658,-0.05938547378709856,-0.012417235661990511,568.5764257551547,6,-3,-1
12:48:54:656,10.919598902845696,5.332735605480429,572.7785831142495,-0.10898673082375325,-0.04961191336385545,-0.012920419137787709,572.9074802999208,-6,-3,-1
12:48:54:818,10.874627149758215,5.29112367394225,570.252581358417,0.12972097997615917,-0.021731881529919783,-0.010792985521232699,570.3808026672333,7,-1,-1
12:48:54:981,10.970746219948639,5.308225335449266,574.837732128028,-0.022054384843582617,-0.10076130787258149,-0.013282923409098635,574.9669145324181,-1,-6,-1
12:48:55:109,10.869818467574795,5.346943197758885,570.0098743580754,0.1393396445214893,-0.020273372440811788,-0.010881235798302125,570.1385793127729,8,-1,-1
12:48:55:266,10.893031834215343,5.3117969907761955,573.6560072179878,0.06629125056321293,-0.07196946163052093,-0.010122881659947208,573.7840080963364,4,-4,-1
12:48:55:379,err,err,err,err,err,err,err,err,err,err
12:48:55:501,10.890656711883974,5.387830908422585,569.8758252725593,0.08434350351960102,0.1121824429841753,-0.013206382539827958,570.0053432693367,5,6,0
12:48:55:623,err,err,err,err,err,err,err,err,err,err
12:48:55:754,10.748857278914837,5.252530776790094,565.1981360265138,0.18166448300135826,0.0709099718316027,-0.019473412137243844,565.3247385177914,10,4,-1
12:48:55:876,10.8817655600025,5.3306387852377695,568.0711872048294,0.15464967530015877,-0.016755408952780715,-0.019165420615947976,568.2004067790393,9,-1,-1
12:48:55:992,err,err,err,err,err,err,err,err,err,err
12:48:56:119,err,err,err,err,err,err,err,err,err,err
12:48:56:241,10.748857278914837,5.252530776790094,565.1981360265138,0.18166448300135826,0.0709099718316027,-0.019473412137243844,565.3247385177914,10,4,-1
12:48:56:364,10.835840240249617,5.401581765144917,569.3737599823465,0.15909256311705555,0.03127951179393867,-0.023245179825412417,569.5024767950641,9,2,-1
12:48:56:497,10.709621761835185,5.351667869338865,563.491222354076,0.20434601545065237,0.10572005034365017,-0.015829280820885822,563.6183939664816,12,6,0
12:48:56:611,10.902878835878829,5.33426561539701,575.9952614257323,0.05462341204826653,0.0737459192808745,-0.014481522179452715,576.1231364400003,3,4,-1
12:48:56:735,10.977113432361683,5.371225041431695,575.1843635773661,-0.0027461171536474894,-0.0941785659707864,-0.01338444221184629,575.3141743270821,0,-5,-1
12:48:56:865,10.85568980264472,5.387540277547992,571.3712236100097,0.003254947030034711,-0.10543456498340818,-0.0073128275573086775,571.4997346989176,0,-6,0
12:48:56:978,10.851483362763592,5.32728827858894,571.1466619916205,-0.008314526287228008,-0.1090699276632974,-0.007261131527680722,571.2745786360057,0,-6,0
12:48:57:104,11.06123959197533,5.319533755305913,569.156063461948,0.06454288963820794,-0.18114584617216556,-0.0004687287350240904,569.2883917982043,4,-10,0
12:48:57:222,err,err,err,err,err,err,err,err,err,err
12:48:57:347,err,err,err,err,err,err,err,err,err,err
12:48:57:470,err,err,err,err,err,err,err,err,err,err
12:48:57:589,err,err,err,err,err,err,err,err,err,err
12:48:57:712,err,err,err,err,err,err,err,err,err,err
12:48:57:878,10.899334979243626,3.2293095659038253,526.9329888569205,-0.8495358777134808,-0.010222019033774267,-0.1618413871679174,527.055593546781,-48,-4,-8
12:48:58:001,err,err,err,err,err,err,err,err,err,err
